family,cluster_config,load,policy,n_runs,n_seed_blocks,mean_throughput_horizon,sd_throughput_horizon,ci95_low_throughput_horizon,ci95_high_throughput_horizon,mean_p95_wait_time,sd_p95_wait_time,ci95_low_p95_wait_time,ci95_high_p95_wait_time,mean_mean_wait_time,sd_mean_wait_time,ci95_low_mean_wait_time,ci95_high_mean_wait_time,mean_queued_at_horizon,sd_queued_at_horizon,ci95_low_queued_at_horizon,ci95_high_queued_at_horizon,mean_completion_ratio_horizon,sd_completion_ratio_horizon,ci95_low_completion_ratio_horizon,ci95_high_completion_ratio_horizon,mean_time_weighted_cpu_utilization,sd_time_weighted_cpu_utilization,ci95_low_time_weighted_cpu_utilization,ci95_high_time_weighted_cpu_utilization,mean_time_weighted_ram_utilization,sd_time_weighted_ram_utilization,ci95_low_time_weighted_ram_utilization,ci95_high_time_weighted_ram_utilization,mean_time_weighted_queue_length,sd_time_weighted_queue_length,ci95_low_time_weighted_queue_length,ci95_high_time_weighted_queue_length,mean_time_weighted_active_nodes,sd_time_weighted_active_nodes,ci95_low_time_weighted_active_nodes,ci95_high_time_weighted_active_nodes,mean_drained_throughput,sd_drained_throughput,ci95_low_drained_throughput,ci95_high_drained_throughput
adversarial,hetero,high,binpack,10,10,16.612000000,0.551780955,16.217279683,17.006720317,27.213491423,1.706360180,25.992834884,28.434147961,9.996186002,0.993705136,9.285332171,10.707039833,322.000000000,37.007506746,295.526424477,348.473575523,0.559299262,0.023961720,0.542158081,0.576440444,0.904622629,0.004131201,0.901667346,0.907577912,0.639675661,0.041853961,0.609735141,0.669616182,249.009615221,27.437420846,229.382066737,268.637163705,28.832069178,0.114685952,28.750027790,28.914110566,19.350383826,0.782934844,18.790305978,19.910461673
adversarial,hetero,high,hybrid,10,10,17.084000000,0.469590838,16.748074951,17.419925049,27.619399124,2.375327686,25.920192060,29.318606189,9.432146422,0.944266888,8.756658583,10.107634261,314.800000000,34.560092592,290.077199094,339.522800906,0.575118083,0.020038414,0.560783465,0.589452700,0.905760561,0.004640318,0.902441077,0.909080044,0.644454833,0.041418769,0.614825630,0.674084036,234.904787823,27.613270476,215.151444092,254.658131553,29.135021898,0.087478728,29.072443386,29.197600411,19.399803394,0.791552229,18.833561040,19.966045747
adversarial,hetero,high,spread,10,10,17.438000000,0.532703795,17.056926661,17.819073339,28.417184658,2.867809221,26.365677527,30.468691789,8.775515260,0.799458701,8.203616957,9.347413562,307.500000000,30.273751006,285.843463148,329.156536852,0.586803120,0.013654159,0.577035523,0.596570717,0.906309485,0.005385074,0.902457235,0.910161735,0.649958874,0.041384970,0.620353850,0.679563898,217.758277045,25.674398351,199.391918878,236.124635211,29.694830660,0.052694072,29.657135591,29.732525728,19.347968630,0.794916617,18.779319538,19.916617722
adversarial,hetero,high,tetris,10,10,17.528000000,0.611097374,17.090847274,17.965152726,28.173617590,3.099897894,25.956084224,30.391150957,8.675860357,0.674488936,8.193360038,9.158360675,304.800000000,27.780088793,284.927321634,324.672678366,0.589731991,0.012488812,0.580798033,0.598665949,0.908000696,0.004318207,0.904911637,0.911089755,0.651505296,0.041153387,0.622065936,0.680944655,215.124594629,20.891763088,200.179527626,230.069661632,29.380337278,0.063359428,29.335012674,29.425661883,19.371075476,0.781625662,18.811934161,19.930216792
adversarial,hetero,low,binpack,10,10,12.806000000,0.606340572,12.372250085,13.239749915,1.779476482,0.452062760,1.456090265,2.102862699,0.238184091,0.090057309,0.173760973,0.302607209,0.000000000,0.000000000,0.000000000,0.000000000,0.794963250,0.015570026,0.783825124,0.806101376,0.675835351,0.025279234,0.657751676,0.693919025,0.389071292,0.025869813,0.370565142,0.407577441,3.849783020,1.497316557,2.778667280,4.920898759,24.495820402,0.590176451,24.073633602,24.918007202,13.107579215,0.621880722,12.662712545,13.552445884
adversarial,hetero,low,hybrid,10,10,12.806000000,0.606340572,12.372250085,13.239749915,1.880725648,0.462441868,1.549914665,2.211536632,0.220955027,0.074144434,0.167915294,0.273994760,0.000000000,0.000000000,0.000000000,0.000000000,0.794963250,0.015570026,0.783825124,0.806101376,0.675835351,0.025279234,0.657751676,0.693919025,0.389071292,0.025869813,0.370565142,0.407577441,3.571921151,1.237856791,2.686411747,4.457430555,26.688553003,0.858428626,26.074470157,27.302635849,13.107579215,0.621880722,12.662712545,13.552445884
adversarial,hetero,low,spread,10,10,12.806000000,0.606340572,12.372250085,13.239749915,1.975793564,0.486827000,1.627538507,2.324048620,0.231492616,0.073825082,0.178681334,0.284303899,0.000000000,0.000000000,0.000000000,0.000000000,0.794963250,0.015570026,0.783825124,0.806101376,0.675835351,0.025279234,0.657751676,0.693919025,0.389071292,0.025869813,0.370565142,0.407577441,3.735277761,1.215671762,2.865638571,4.604916951,29.433256940,0.097860420,29.363251812,29.503262067,13.107579215,0.621880722,12.662712545,13.552445884
adversarial,hetero,low,tetris,10,10,12.806000000,0.606340572,12.372250085,13.239749915,1.942740444,0.463552430,1.611135013,2.274345876,0.235948001,0.083043282,0.176542416,0.295353587,0.000000000,0.000000000,0.000000000,0.000000000,0.794963250,0.015570026,0.783825124,0.806101376,0.675835351,0.025279234,0.657751676,0.693919025,0.389071292,0.025869813,0.370565142,0.407577441,3.822150916,1.405571098,2.816665924,4.827635908,28.524990946,0.361103961,28.266672733,28.783309158,13.107579215,0.621880722,12.662712545,13.552445884
adversarial,hetero,med,binpack,10,10,15.914000000,0.671849851,15.433387569,16.394612431,10.947958904,2.054018654,9.478602475,12.417315333,3.932280073,0.722371057,3.415526948,4.449033197,57.300000000,47.109918748,23.599594285,91.000405715,0.692258640,0.024106526,0.675013870,0.709503409,0.887173399,0.004125028,0.884222532,0.890124266,0.534651717,0.036020016,0.508884549,0.560418884,89.338596180,17.486901605,76.829220353,101.847972008,28.480538787,0.148503583,28.374305723,28.586771851,18.275091472,0.735905910,17.748656097,18.801526847
adversarial,hetero,med,hybrid,10,10,15.946000000,0.680656546,15.459087639,16.432912361,10.762997352,1.991290125,9.338514209,12.187480495,3.713476737,0.690699733,3.219379913,4.207573561,53.200000000,45.805870560,20.432454162,85.967545838,0.693628281,0.023899841,0.676531365,0.710725197,0.889397383,0.005633652,0.885367312,0.893427455,0.534273003,0.035974685,0.508538263,0.560007742,84.421380656,16.901580377,72.330718412,96.512042900,28.875528468,0.113722347,28.794176402,28.956880534,18.298053687,0.717149750,17.785035660,18.811071713
adversarial,hetero,med,spread,10,10,15.894000000,0.682742834,15.405595198,16.382404802,11.000810772,1.736185843,9.758818239,12.242803305,3.632556449,0.596217866,3.206047881,4.059065017,58.900000000,47.115578929,25.195545235,92.604454765,0.691303962,0.021961390,0.675593730,0.707014194,0.886580127,0.006849253,0.881680467,0.891479787,0.533665855,0.036516550,0.507543489,0.559788221,82.316825403,14.381275980,72.029080314,92.604570492,29.603279858,0.068502294,29.554276269,29.652283447,18.259368838,0.757503732,17.717483312,18.801254364
adversarial,hetero,med,tetris,10,10,15.918000000,0.710896148,15.409455531,16.426544469,10.849566033,1.904331128,9.487289610,12.211842457,3.597376954,0.622936009,3.151755378,4.042998530,56.200000000,46.846795218,22.687821519,89.712178481,0.692353126,0.023728237,0.675378968,0.709327284,0.887202129,0.004611355,0.883903365,0.890500894,0.532870800,0.036210472,0.506967388,0.558774211,81.646684901,15.077604702,70.860816253,92.432553550,29.194438462,0.082367257,29.135516476,29.253360448,18.284249247,0.716603820,17.771621755,18.796876739
adversarial,homog,high,binpack,10,10,17.444000000,0.200842669,17.300325810,17.587674190,26.412897723,1.917879629,25.040929285,27.784866160,8.999323898,0.903389324,8.353078106,9.645569689,302.200000000,30.385669137,280.463401741,323.936598259,0.582805728,0.018011308,0.569921214,0.595690242,0.931109150,0.004129675,0.928154958,0.934063341,0.670996615,0.013894832,0.661056851,0.680936379,229.118854656,24.429433553,211.643090656,246.594618656,28.569803197,0.107230805,28.493094900,28.646511494,19.776750210,0.161384247,19.661302875,19.892197546
adversarial,homog,high,hybrid,10,10,17.494000000,0.209348195,17.344241323,17.643758677,26.389807230,2.162332151,24.842967993,27.936646466,8.970032890,0.878248902,8.341771473,9.598294307,301.000000000,29.495762408,279.900002665,322.099997335,0.584441730,0.016902800,0.572350196,0.596533265,0.930742138,0.003786588,0.928033376,0.933450900,0.671228396,0.014024034,0.661196206,0.681260586,228.498599465,23.964399244,211.355500970,245.641697961,29.176989606,0.075897640,29.122695705,29.231283507,19.771577414,0.162843091,19.655086484,19.888068344
adversarial,homog,high,spread,10,10,17.008000000,0.355052422,16.754010798,17.261989202,26.508009313,1.466502632,25.458936528,27.557082099,9.483960805,1.056965977,8.727852894,10.240068715,308.800000000,36.325075514,282.814606372,334.785393628,0.568358445,0.023508246,0.551541659,0.585175231,0.923655448,0.004229315,0.920629979,0.926680918,0.668334177,0.012790446,0.659184443,0.677483911,241.194534383,27.573383062,221.469724390,260.919344377,29.701083374,0.051207753,29.664451555,29.737715194,19.722251953,0.155350966,19.611120567,19.833383339
adversarial,homog,high,tetris,10,10,17.788000000,0.409465777,17.495085829,18.080914171,26.885127006,3.005168206,24.735359176,29.034894836,8.039444488,0.519795192,7.667605408,8.411283568,309.500000000,22.618822054,293.319469439,325.680530561,0.593980648,0.008112217,0.588177518,0.599783778,0.913952709,0.004924865,0.910429673,0.917475746,0.677981156,0.016385093,0.666259966,0.689702345,196.310510405,15.198225502,185.438354834,207.182665976,29.377291773,0.067779271,29.328805403,29.425778143,19.605855739,0.202530466,19.460974172,19.750737307
adversarial,homog,low,binpack,10,10,12.936000000,0.445201577,12.617521977,13.254478023,1.284855972,0.424498989,0.981187688,1.588524255,0.142531630,0.059621252,0.099881156,0.185182105,0.000000000,0.000000000,0.000000000,0.000000000,0.796472851,0.015816056,0.785158726,0.807786977,0.677147353,0.024357268,0.659723213,0.694571493,0.405189272,0.014484670,0.394827563,0.415550981,2.320314003,0.965114484,1.629912692,3.010715314,23.869936020,0.676568304,23.385948211,24.353923828,13.219980722,0.441108453,12.904430744,13.535530700
adversarial,homog,low,hybrid,10,10,12.936000000,0.445201577,12.617521977,13.254478023,1.373589869,0.442466252,1.057068581,1.690111158,0.155365371,0.062102578,0.110939862,0.199790879,0.000000000,0.000000000,0.000000000,0.000000000,0.796472851,0.015816056,0.785158726,0.807786977,0.677147353,0.024357268,0.659723213,0.694571493,0.405189272,0.014484670,0.394827563,0.415550981,2.528154970,1.005348413,1.808972040,3.247337901,28.285158524,0.152077426,28.176368886,28.393948161,13.219980722,0.441108453,12.904430744,13.535530700
adversarial,homog,low,spread,10,10,12.936000000,0.445201577,12.617521977,13.254478023,1.581065311,0.431198652,1.272604378,1.889526244,0.197117306,0.072902985,0.144965652,0.249268960,0.000000000,0.000000000,0.000000000,0.000000000,0.796472851,0.015816056,0.785158726,0.807786977,0.677147353,0.024357268,0.659723213,0.694571493,0.405189272,0.014484670,0.394827563,0.415550981,3.206279677,1.186512490,2.357499773,4.055059580,29.444758204,0.095059195,29.376756952,29.512759455,13.219980722,0.441108453,12.904430744,13.535530700
adversarial,homog,low,tetris,10,10,12.936000000,0.445201577,12.617521977,13.254478023,2.251640165,0.563151369,1.848785944,2.654494385,0.284732471,0.093748215,0.217669037,0.351795904,0.000000000,0.000000000,0.000000000,0.000000000,0.796472851,0.015816056,0.785158726,0.807786977,0.677147353,0.024357268,0.659723213,0.694571493,0.405189272,0.014484670,0.394827563,0.415550981,4.645335502,1.565462801,3.525470876,5.765200128,28.829802180,0.122452417,28.742204998,28.917399362,13.219980722,0.441108453,12.904430744,13.535530700
adversarial,homog,med,binpack,10,10,16.330000000,0.253552537,16.148619442,16.511380558,9.664350263,1.966014426,8.257948266,11.070752260,3.298196204,0.665657338,2.822013630,3.774378777,29.400000000,35.569025226,3.955452166,54.844547834,0.708036668,0.023684776,0.691093599,0.724979736,0.904010804,0.007664732,0.898527785,0.909493823,0.558944518,0.012200482,0.550216819,0.567672217,75.995099356,16.829122417,63.956270414,88.033928298,28.134037083,0.136247347,28.036571603,28.231502564,18.535879488,0.375916863,18.266964764,18.804794212
adversarial,homog,med,hybrid,10,10,16.326000000,0.247125699,16.149216925,16.502783075,9.701143310,1.888744314,8.350017021,11.052269599,3.291823309,0.643510406,2.831483696,3.752162921,29.800000000,36.416723875,3.749045084,55.850954916,0.707828078,0.022345723,0.691842911,0.723813245,0.904243313,0.008047932,0.898486169,0.910000456,0.559293285,0.012592050,0.550285475,0.568301095,75.864252633,16.398501814,64.133471114,87.595034153,28.930086488,0.098666932,28.859504417,29.000668559,18.561253001,0.398177278,18.276414135,18.846091867
adversarial,homog,med,spread,10,10,16.194000000,0.236276674,16.024977850,16.363022150,10.238192275,2.168888694,8.686662769,11.789721780,3.612220072,0.704556416,3.108210775,4.116229370,39.500000000,43.159265775,8.625721172,70.374278828,0.702178789,0.024464742,0.684677767,0.719679812,0.897951695,0.005854968,0.893763303,0.902140087,0.558300503,0.011981426,0.549729507,0.566871499,82.929901008,17.555378070,70.371540069,95.488261947,29.611408387,0.066570079,29.563787021,29.659029752,18.481351259,0.353421786,18.228528544,18.734173974
adversarial,homog,med,tetris,10,10,15.962000000,0.190076008,15.826027815,16.097972185,11.088716295,1.998313461,9.659208961,12.518223630,3.627118380,0.620887099,3.182962506,4.071274254,53.600000000,47.479118217,19.635484895,87.564515105,0.692077753,0.021976860,0.676356454,0.707799051,0.883641911,0.004388868,0.880502303,0.886781518,0.551850032,0.010358961,0.544439678,0.559260386,82.800731535,15.418563231,71.770955848,93.830507222,29.190479305,0.088113053,29.127447024,29.253511586,18.333335775,0.308108577,18.112928176,18.553743373
balanced,hetero,high,binpack,10,10,18.700000000,0.828063336,18.107639174,19.292360826,18.813473761,1.696229900,17.600063988,20.026883534,6.805543535,1.228269227,5.926892662,7.684194409,321.600000000,51.262288500,284.929167907,358.270832093,0.629243086,0.023867197,0.612169522,0.646316650,0.880187011,0.011290152,0.872110523,0.888263499,0.507425801,0.034474738,0.482764059,0.532087543,150.299411622,28.169691086,130.148028565,170.450794679,28.077966057,0.204012094,27.932024597,28.223907518,18.709673131,0.751022080,18.172424300,19.246921963
balanced,hetero,high,hybrid,10,10,18.798000000,0.788666948,18.233821652,19.362178348,19.077277954,1.761082931,17.817475118,20.337080791,6.653842573,1.161998948,5.822598600,7.485086545,315.900000000,47.631572162,281.826425912,349.973574088,0.632529248,0.022001280,0.616790481,0.648268015,0.879352402,0.011544048,0.871094287,0.887610517,0.506932750,0.034266116,0.482420247,0.531445252,146.268073244,26.342204030,127.423995673,165.112150815,28.223357592,0.220999305,28.065264213,28.381450972,18.686379949,0.734564618,18.160904076,19.211855821
balanced,hetero,high,spread,10,10,18.810000000,0.839589847,18.209393605,19.410606395,19.144462301,1.866667722,17.809128655,20.479795947,6.637885654,1.190069156,5.786561465,7.489209844,314.800000000,48.361600929,280.204194792,349.395805208,0.632888093,0.022664442,0.616674928,0.649101258,0.879636601,0.011941391,0.871094245,0.888178958,0.507111161,0.034566918,0.482383478,0.531838845,145.935492643,26.636508078,126.880882639,164.990102647,29.672496521,0.057745290,29.631188029,29.713805013,18.689121189,0.752065661,18.151125825,19.227116553
balanced,hetero,high,tetris,10,10,18.826000000,0.871221365,18.202765780,19.449234220,18.578293118,1.918062351,17.206193969,19.950392267,6.676096286,1.115759220,5.877930222,7.474262350,314.600000000,45.360776007,282.150855624,347.049144376,0.633367759,0.022139788,0.617529908,0.649205609,0.878913001,0.010242494,0.871585962,0.886240040,0.506732851,0.034966556,0.481719284,0.531746419,146.137356756,24.778330464,128.412006941,163.862706571,28.606707822,0.212987014,28.454346091,28.759069553,18.672952394,0.760565662,18.128876495,19.217028293
balanced,hetero,low,binpack,10,10,12.806000000,0.606340572,12.372250085,13.239749915,0.000000000,0.000000000,0.000000000,0.000000000,0.000416492,0.001317062,-0.000525678,0.001358661,0.000000000,0.000000000,0.000000000,0.000000000,0.794963250,0.015570026,0.783825124,0.806101376,0.632377511,0.023470193,0.615587946,0.649167075,0.364407907,0.025439075,0.346209889,0.382605925,0.007321924,0.023153955,-0.009241418,0.023885265,22.744617624,0.845306517,22.139921769,23.349313479,13.107579215,0.621880722,12.662712545,13.552445884
balanced,hetero,low,hybrid,10,10,12.806000000,0.606340572,12.372250085,13.239749915,0.000000000,0.000000000,0.000000000,0.000000000,0.000904912,0.002861582,-0.001142141,0.002951964,0.000000000,0.000000000,0.000000000,0.000000000,0.794963250,0.015570026,0.783825124,0.806101376,0.632335909,0.023393073,0.615601513,0.649070305,0.364386128,0.025451323,0.346179348,0.382592907,0.015908349,0.050306616,-0.020078836,0.051895534,25.786853491,0.737393696,25.259353818,26.314353164,13.107579215,0.621880722,12.662712545,13.552445884
balanced,hetero,low,spread,10,10,12.806000000,0.606340572,12.372250085,13.239749915,0.000000000,0.000000000,0.000000000,0.000000000,0.000305424,0.000965836,-0.000385493,0.000996341,0.000000000,0.000000000,0.000000000,0.000000000,0.794963250,0.015570026,0.783825124,0.806101376,0.632388204,0.023490094,0.615584403,0.649192005,0.364413505,0.025435956,0.346217719,0.382609292,0.005369356,0.016979394,-0.006776971,0.017515683,29.379080628,0.106033775,29.303228635,29.454932621,13.107579215,0.621880722,12.662712545,13.552445884
balanced,hetero,low,tetris,10,10,12.806000000,0.606340572,12.372250085,13.239749915,0.000000000,0.000000000,0.000000000,0.000000000,0.000303368,0.000959335,-0.000382899,0.000989635,0.000000000,0.000000000,0.000000000,0.000000000,0.794963250,0.015570026,0.783825124,0.806101376,0.632385182,0.023484466,0.615585407,0.649184957,0.364411923,0.025436836,0.346215507,0.382608340,0.005333217,0.016865113,-0.006731358,0.017397792,27.249981734,0.391130669,26.970183708,27.529779759,13.107579215,0.621880722,12.662712545,13.552445884
balanced,hetero,med,binpack,10,10,17.486000000,0.794763417,16.917460501,18.054539499,4.316345662,1.731406026,3.077772404,5.554918920,1.177006901,0.454198816,0.852092641,1.501921160,58.700000000,27.337601293,39.143858123,78.256141877,0.760327617,0.018154463,0.747340697,0.773314538,0.849437346,0.011921719,0.840909062,0.857965630,0.489851591,0.035948596,0.464135514,0.515567667,24.966820323,9.594396386,18.103402610,31.830238037,27.370235329,0.377436006,27.100233875,27.640236782,17.664945213,0.629312499,17.214762171,18.115128256
balanced,hetero,med,hybrid,10,10,17.450000000,0.752196783,16.911910837,17.988089163,4.521127007,2.023855909,3.073347706,5.968906309,1.250403426,0.457406127,0.923194794,1.577612058,59.900000000,24.428808130,42.424683400,77.375316600,0.758789551,0.015948715,0.747380527,0.770198574,0.846737447,0.012136565,0.838055471,0.855419423,0.488272627,0.035523779,0.462860446,0.513684808,26.523451931,9.634793652,19.631135755,33.415768108,27.631029368,0.273025618,27.435718607,27.826340129,17.647776194,0.617044729,17.206368986,18.089183402
balanced,hetero,med,spread,10,10,17.460000000,0.767390962,16.911041576,18.008958424,4.420826682,1.823845184,3.116126434,5.725526929,1.241846713,0.437779656,0.928678013,1.555015413,60.700000000,24.908945292,42.881213965,78.518786035,0.759215975,0.016903495,0.747123944,0.771308007,0.846909685,0.011665473,0.838564709,0.855254662,0.488357856,0.035282508,0.463118270,0.513597441,26.336085747,9.288289802,19.691643492,32.980528001,29.573535987,0.070858326,29.522846995,29.624224980,17.631002838,0.622660943,17.185578032,18.076427644
balanced,hetero,med,tetris,10,10,17.454000000,0.774140383,16.900213331,18.007786669,4.510745001,1.901256674,3.150667910,5.870822093,1.249623243,0.444648068,0.931541177,1.567705309,60.100000000,24.496938584,42.575945809,77.624054191,0.758930850,0.016257487,0.747300944,0.770560755,0.846719983,0.011961582,0.838163183,0.855276783,0.488248952,0.035332435,0.462973651,0.513524253,26.497158966,9.402661424,19.770900182,33.223417750,28.149708801,0.273408355,27.954124246,28.345293355,17.624897546,0.647626998,17.161613101,18.088181992
balanced,homog,high,binpack,10,10,19.318000000,0.258792066,19.132871309,19.503128691,15.978591551,1.778590209,14.706264762,17.250918340,6.032479613,0.997219946,5.319111438,6.745847789,294.400000000,43.135960765,263.542392572,325.257607428,0.645398814,0.020027930,0.631071696,0.659725932,0.905176138,0.005427216,0.901293742,0.909058535,0.543105683,0.003256330,0.540776245,0.545435121,137.245594239,23.182500024,120.661832750,153.829355729,27.793348299,0.169185766,27.672320094,27.914376505,19.389425214,0.212954789,19.237086535,19.541763893
balanced,homog,high,hybrid,10,10,19.354000000,0.232484169,19.187690844,19.520309156,16.145203408,1.407250856,15.138516790,17.151890026,6.010953254,0.939126019,5.339142971,6.682763537,291.200000000,42.294733058,260.944170622,321.455829378,0.646577616,0.018807469,0.633123563,0.660031669,0.901610367,0.006096820,0.897248965,0.905971769,0.540966220,0.003658092,0.538349379,0.543583061,135.440350669,20.909936451,120.482283226,150.398418113,28.594353904,0.142161151,28.492657943,28.696049866,19.320435872,0.168866072,19.199636361,19.441235383
balanced,homog,high,spread,10,10,19.372000000,0.177438565,19.245068097,19.498931903,16.501811776,1.412865882,15.491108411,17.512515142,5.967473412,0.959205740,5.281298961,6.653647863,289.700000000,39.177799836,261.673890327,317.726109673,0.647159714,0.017368696,0.634734897,0.659584530,0.900886409,0.006032797,0.896570806,0.905202012,0.540531845,0.003619678,0.537942483,0.543121207,134.463738056,21.608431366,119.005997452,149.921478661,29.701083374,0.051207753,29.664451555,29.737715194,19.274617521,0.165578013,19.156170145,19.393064896
balanced,homog,high,tetris,10,10,19.372000000,0.177438565,19.245068097,19.498931903,16.501811776,1.412865882,15.491108411,17.512515142,5.967473412,0.959205740,5.281298961,6.653647863,289.700000000,39.177799836,261.673890327,317.726109673,0.647159714,0.017368696,0.634734897,0.659584530,0.900886409,0.006032797,0.896570806,0.905202012,0.540531845,0.003619678,0.537942483,0.543121207,134.463738056,21.608431366,119.005997452,149.921478661,29.701083374,0.051207753,29.664451555,29.737715194,19.274617521,0.165578013,19.156170145,19.393064896
balanced,homog,low,binpack,10,10,12.936000000,0.445201577,12.617521977,13.254478023,0.000000000,0.000000000,0.000000000,0.000000000,0.000163029,0.000515544,-0.000205769,0.000531828,0.000000000,0.000000000,0.000000000,0.000000000,0.796472851,0.015816056,0.785158726,0.807786977,0.631743697,0.024196235,0.614434754,0.649052641,0.379046218,0.014517741,0.368660852,0.389431584,0.002849754,0.009011713,-0.003596837,0.009296345,21.229636257,0.659070928,20.758165317,21.701107197,13.219980722,0.441108453,12.904430744,13.535530700
balanced,homog,low,hybrid,10,10,12.936000000,0.445201577,12.617521977,13.254478023,0.000000000,0.000000000,0.000000000,0.000000000,0.000364645,0.001153110,-0.000460240,0.001189530,0.000000000,0.000000000,0.000000000,0.000000000,0.796472851,0.015816056,0.785158726,0.807786977,0.631725336,0.024163253,0.614439986,0.649010686,0.379035202,0.014497952,0.368663992,0.389406412,0.006374000,0.020156358,-0.008044990,0.020792990,27.331367321,0.241104235,27.158891741,27.503842900,13.219980722,0.441108453,12.904430744,13.535530700
balanced,homog,low,spread,10,10,12.936000000,0.445201577,12.617521977,13.254478023,0.000000000,0.000000000,0.000000000,0.000000000,0.001051808,0.003326109,-0.001327547,0.003431163,0.000000000,0.000000000,0.000000000,0.000000000,0.796472851,0.015816056,0.785158726,0.807786977,0.631660728,0.024047955,0.614457857,0.648863598,0.378996437,0.014428773,0.368674714,0.389318159,0.018385605,0.058140386,-0.023205522,0.059976731,29.444869124,0.095100113,29.376838602,29.512899646,13.219980722,0.441108453,12.904430744,13.535530700
balanced,homog,low,tetris,10,10,12.936000000,0.445201577,12.617521977,13.254478023,0.000000000,0.000000000,0.000000000,0.000000000,0.001051808,0.003326109,-0.001327547,0.003431163,0.000000000,0.000000000,0.000000000,0.000000000,0.796472851,0.015816056,0.785158726,0.807786977,0.631660728,0.024047955,0.614457857,0.648863598,0.378996437,0.014428773,0.368674714,0.389318159,0.018385605,0.058140386,-0.023205522,0.059976731,29.444869124,0.095100113,29.376838602,29.512899646,13.219980722,0.441108453,12.904430744,13.535530700
balanced,homog,med,binpack,10,10,17.992000000,0.295176030,17.780843788,18.203156212,2.492054844,1.514876527,1.408377459,3.575732230,0.634408936,0.420026555,0.333940039,0.934877833,30.600000000,28.975852015,9.871924155,51.328075845,0.779891199,0.018568018,0.766608439,0.793173959,0.872933847,0.014272875,0.862723647,0.883144047,0.523760308,0.008563725,0.517634188,0.529886428,14.002426507,9.245735895,7.388425484,20.616427530,27.039265097,0.284775738,26.835548806,27.242981388,18.258645089,0.298668532,18.044990493,18.472299686
balanced,homog,med,hybrid,10,10,17.878000000,0.316992814,17.651237001,18.104762999,3.217071325,1.877070783,1.874295778,4.559846873,0.809037414,0.436951458,0.496461171,1.121613657,36.700000000,27.848997588,16.778027251,56.621972749,0.774927780,0.018169248,0.761930283,0.787925277,0.864397276,0.014304540,0.854164425,0.874630128,0.518638366,0.008582724,0.512498655,0.524778077,17.682682840,9.505171228,10.883092960,24.482272720,28.178362020,0.156733089,28.066241923,28.290482117,18.079945961,0.282099574,17.878144082,18.281747839
balanced,homog,med,spread,10,10,17.878000000,0.318391792,17.650236233,18.105763767,3.048683672,1.574291638,1.922503277,4.174864067,0.802445145,0.442228238,0.486094122,1.118796169,35.800000000,27.647784721,16.021966265,55.578033735,0.774915972,0.017650918,0.762289266,0.787542679,0.864882860,0.013593223,0.855158854,0.874606866,0.518929716,0.008155934,0.513095313,0.524764119,17.514075067,9.513493021,10.708532135,24.319617999,29.611408387,0.066570079,29.563787021,29.659029752,18.084981245,0.278337347,17.885870701,18.284091788
balanced,homog,med,tetris,10,10,17.878000000,0.318391792,17.650236233,18.105763767,3.048683672,1.574291638,1.922503277,4.174864067,0.802445145,0.442228238,0.486094122,1.118796169,35.800000000,27.647784721,16.021966265,55.578033735,0.774915972,0.017650918,0.762289266,0.787542679,0.864882860,0.013593223,0.855158854,0.874606866,0.518929716,0.008155934,0.513095313,0.524764119,17.514075067,9.513493021,10.708532135,24.319617999,29.611408387,0.066570079,29.563787021,29.659029752,18.084981245,0.278337347,17.885870701,18.284091788
bimodal,hetero,high,binpack,10,10,20.464000000,0.879888882,19.834565412,21.093434588,16.650693990,2.562290072,14.817742091,18.483645888,4.417091986,0.631078814,3.965645398,4.868538574,203.500000000,24.636242498,185.876293792,221.123706208,0.688278926,0.012501080,0.679336192,0.697221660,0.906273168,0.008788913,0.899985959,0.912560378,0.603530946,0.040616775,0.574475456,0.632586437,102.484634442,15.885247710,91.121012790,113.848256094,28.109841141,0.254199748,27.927997596,28.291684686,19.092755664,0.708782565,18.585723161,19.599788167
bimodal,hetero,high,hybrid,10,10,20.594000000,0.910972618,19.942329446,21.245670554,16.608326290,2.728472368,14.656494738,18.560157841,4.171474134,0.620515218,3.727584287,4.615363980,196.700000000,26.662708040,177.626647673,215.773352327,0.692635174,0.013686425,0.682844495,0.702425853,0.909059446,0.009654474,0.902153051,0.915965840,0.607304938,0.038411052,0.579827327,0.634782549,96.013987905,15.158887174,85.169973279,106.858002531,28.682320844,0.200588849,28.538828225,28.825813462,19.039110691,0.809224970,18.460226020,19.617995362
bimodal,hetero,high,spread,10,10,20.640000000,0.948730145,19.961319339,21.318680661,16.618150219,2.627414581,14.738611054,18.497689385,4.192418795,0.617927362,3.750380189,4.634457401,194.200000000,24.507595195,176.668322529,211.731677471,0.694135141,0.013722119,0.684318928,0.703951354,0.909058486,0.009128766,0.902528160,0.915588812,0.609519148,0.039906835,0.580971519,0.638066778,96.549892516,14.826275115,85.943814223,107.155970810,29.678798466,0.057835350,29.637425548,29.720171383,19.071009639,0.721012970,18.555228031,19.586791246
bimodal,hetero,high,tetris,10,10,20.656000000,0.948627078,19.977393068,21.334606932,17.143070225,2.852987852,15.102165663,19.183974788,4.088180588,0.557273177,3.689531372,4.486829804,194.600000000,23.721532647,177.630637801,211.569362199,0.694673000,0.013425213,0.685069181,0.704276819,0.908771383,0.010725236,0.901099011,0.916443755,0.610391341,0.038629730,0.582757297,0.638025385,93.729872855,13.413283352,84.134587978,103.325157733,29.114325069,0.142685419,29.012254069,29.216396069,19.073988276,0.811347546,18.493585206,19.654391346
bimodal,hetero,low,binpack,10,10,12.806000000,0.606340572,12.372250085,13.239749915,0.000000000,0.000000000,0.000000000,0.000000000,0.000667317,0.002110240,-0.000842258,0.002176892,0.200000000,0.632455532,-0.252431433,0.652431433,0.794963250,0.015570026,0.783825124,0.806101376,0.633410152,0.022095344,0.617604095,0.649216209,0.363740603,0.027340958,0.344182060,0.383299146,0.011258251,0.035601714,-0.014209682,0.036726183,22.799261443,0.832208646,22.203935241,23.394587645,13.103292863,0.613378208,12.664508526,13.542077201
bimodal,hetero,low,hybrid,10,10,12.806000000,0.606340572,12.372250085,13.239749915,0.000000000,0.000000000,0.000000000,0.000000000,0.000838669,0.002652105,-0.001058533,0.002735871,0.200000000,0.632455532,-0.252431433,0.652431433,0.794963250,0.015570026,0.783825124,0.806101376,0.633379200,0.022038284,0.617613962,0.649144439,0.363738692,0.027341855,0.344179508,0.383297877,0.014270633,0.045127703,-0.018011781,0.046553046,27.193630463,0.423197393,26.890893285,27.496367640,13.107579215,0.621880722,12.662712545,13.552445884
bimodal,hetero,low,spread,10,10,12.806000000,0.606340572,12.372250085,13.239749915,0.000000000,0.000000000,0.000000000,0.000000000,0.000492343,0.001556925,-0.000621414,0.001606100,0.000000000,0.000000000,0.000000000,0.000000000,0.794963250,0.015570026,0.783825124,0.806101376,0.633426128,0.022124907,0.617598923,0.649253333,0.363746140,0.027338366,0.344189451,0.383302829,0.008655389,0.027370743,-0.010924461,0.028235239,29.395031802,0.109230865,29.316892748,29.473170855,13.107579215,0.621880722,12.662712545,13.552445884
bimodal,hetero,low,tetris,10,10,12.806000000,0.606340572,12.372250085,13.239749915,0.000000000,0.000000000,0.000000000,0.000000000,0.000907229,0.002868911,-0.001145066,0.002959525,0.200000000,0.632455532,-0.252431433,0.652431433,0.794963250,0.015570026,0.783825124,0.806101376,0.633374207,0.022029107,0.617615534,0.649132881,0.363738039,0.027342162,0.344178634,0.383297443,0.015475916,0.048939143,-0.019533038,0.050484870,28.294171335,0.188533474,28.159302612,28.429040058,13.103292863,0.613378208,12.664508526,13.542077201
bimodal,hetero,med,binpack,10,10,17.878000000,0.819563569,17.291719541,18.464280459,3.520574770,1.782157868,2.245695832,4.795453708,0.576642081,0.272080856,0.382007162,0.771277000,30.200000000,21.698950307,14.677506046,45.722493954,0.777282709,0.014822608,0.766679255,0.787886164,0.860664171,0.016072220,0.849166798,0.872161544,0.512527918,0.034756316,0.487664748,0.537391089,12.102848441,5.545746671,8.135660261,16.070036621,27.375500699,0.359570941,27.118279144,27.632722255,17.859750362,0.819566934,17.273467496,18.446033228
bimodal,hetero,med,hybrid,10,10,17.888000000,0.830913821,17.293600060,18.482399940,3.306860953,1.452386056,2.267886558,4.345835348,0.576290714,0.240183946,0.404473469,0.748107959,29.000000000,19.327585352,15.173878343,42.826121657,0.777685594,0.014028564,0.767650164,0.787721025,0.859756472,0.016409718,0.848017667,0.871495277,0.512591707,0.034841325,0.487667725,0.537515689,12.141832311,4.881981995,8.649472776,15.634191845,28.302040103,0.250207152,28.123052689,28.481027517,17.843251651,0.723273759,17.325852773,18.360650530
bimodal,hetero,med,spread,10,10,17.868000000,0.858691511,17.253729098,18.482270902,3.610545643,1.665275414,2.419279376,4.801811910,0.623129424,0.264524949,0.433899675,0.812359173,30.600000000,20.331693923,16.055582342,45.144417658,0.776780044,0.015067903,0.766001115,0.787558972,0.857124709,0.017268170,0.844771804,0.869477614,0.512042230,0.035336726,0.486763859,0.537320601,13.023909047,5.321728071,9.216974119,16.830843974,29.580320920,0.067963840,29.531702518,29.628939322,17.724782865,0.785789901,17.162662633,18.286903097
bimodal,hetero,med,tetris,10,10,17.840000000,0.846850374,17.234199737,18.445800263,3.652105362,1.639738647,2.479106996,4.825103727,0.634002490,0.260931663,0.447343223,0.820661757,31.800000000,20.568584459,17.086121061,46.513878939,0.775585610,0.015297884,0.764642163,0.786529058,0.856938210,0.017257306,0.844593077,0.869283342,0.511662176,0.035307963,0.486404381,0.536919971,13.291091742,5.267228365,9.523143556,17.059039927,28.846480407,0.136186901,28.749058167,28.943902648,17.786866151,0.828668871,17.194072151,18.379660150
bimodal,homog,high,binpack,10,10,20.878000000,0.384412972,20.603007525,21.152992475,16.731171286,2.839196926,14.700132158,18.762210414,4.023267305,0.683823630,3.534089349,4.512445262,189.400000000,29.029486925,168.633556052,210.166443948,0.697276644,0.013017280,0.687964643,0.706588645,0.912483801,0.009592697,0.905621599,0.919346003,0.640386409,0.020390763,0.625799736,0.654973083,93.613303774,16.827277572,81.575794554,105.650812994,27.775040692,0.230611833,27.610070924,27.940010459,19.457612928,0.129156556,19.365219894,19.550005962
bimodal,homog,high,hybrid,10,10,20.886000000,0.399560870,20.600171372,21.171828628,17.255075080,3.106170081,15.033054862,19.477095299,3.990431433,0.647031299,3.527573125,4.453289741,188.900000000,27.973995861,168.888608874,208.911391126,0.697516181,0.011861995,0.689030621,0.706001742,0.910616174,0.009280326,0.903977428,0.917254919,0.641669355,0.019060444,0.628034335,0.655304376,92.374620067,15.788567963,81.080158939,103.669081194,29.070877575,0.241904584,28.897829461,29.243925690,19.389828093,0.098663626,19.319248386,19.460407799
bimodal,homog,high,spread,10,10,20.802000000,0.385336794,20.526346664,21.077653336,17.030972979,3.007487673,14.879545902,19.182400055,4.088214310,0.675957206,3.604663654,4.571764965,193.800000000,28.432375912,173.460703539,214.139296461,0.694734624,0.012751962,0.685612420,0.703856827,0.911296129,0.008174871,0.905448179,0.917144080,0.638276455,0.019044637,0.624652743,0.651900168,95.383441809,16.802473006,83.363676707,107.403206911,29.701083374,0.051207753,29.664451555,29.737715194,19.390855081,0.099075700,19.319980595,19.461729567
bimodal,homog,high,tetris,10,10,20.942000000,0.414777049,20.645286374,21.238713626,17.475703541,3.348091239,15.080623352,19.870783731,3.923456224,0.606931808,3.489283363,4.357629084,187.300000000,24.476973306,169.790228109,204.809771891,0.699361068,0.010615245,0.691767379,0.706954756,0.910041480,0.009138116,0.903504465,0.916578494,0.642791479,0.018921309,0.629255990,0.656326968,90.487291340,14.869365028,79.850388380,101.124194300,29.335200213,0.194400849,29.196134224,29.474266203,19.379271848,0.140294367,19.278911303,19.479632392
bimodal,homog,low,binpack,10,10,12.936000000,0.445201577,12.617521977,13.254478023,0.000000000,0.000000000,0.000000000,0.000000000,0.000234254,0.000740777,-0.000295666,0.000764175,0.000000000,0.000000000,0.000000000,0.000000000,0.796472851,0.015816056,0.785158726,0.807786977,0.631742558,0.020117149,0.617351617,0.646133500,0.379389258,0.017014665,0.367217700,0.391560816,0.004094767,0.012948790,-0.005168240,0.013357774,21.441226356,0.652885312,20.974180339,21.908272373,13.219980722,0.441108453,12.904430744,13.535530700
bimodal,homog,low,hybrid,10,10,12.936000000,0.445201577,12.617521977,13.254478023,0.000000000,0.000000000,0.000000000,0.000000000,0.000785081,0.002482644,-0.000990895,0.002561057,0.100000000,0.316227766,-0.126215716,0.326215716,0.796472851,0.015816056,0.785158726,0.807786977,0.631666165,0.019991357,0.617365210,0.645967121,0.379376316,0.016990651,0.367221936,0.391530695,0.013470051,0.042596043,-0.017001322,0.043941425,28.272166199,0.283287760,28.069514344,28.474818055,13.219980722,0.441108453,12.904430744,13.535530700
bimodal,homog,low,spread,10,10,12.936000000,0.445201577,12.617521977,13.254478023,0.000000000,0.000000000,0.000000000,0.000000000,0.000900197,0.002846672,-0.001136190,0.002936583,0.000000000,0.000000000,0.000000000,0.000000000,0.796472851,0.015816056,0.785158726,0.807786977,0.631649864,0.019964792,0.617367913,0.645931816,0.379369466,0.016977968,0.367224160,0.391514773,0.015735437,0.049759820,-0.019860594,0.051331467,29.444869124,0.095100113,29.376838602,29.512899646,13.219980722,0.441108453,12.904430744,13.535530700
bimodal,homog,low,tetris,10,10,12.936000000,0.445201577,12.617521977,13.254478023,0.000000000,0.000000000,0.000000000,0.000000000,0.000733513,0.002238335,-0.000867695,0.002334721,0.100000000,0.316227766,-0.126215716,0.326215716,0.796472851,0.015816056,0.785158726,0.807786977,0.631668994,0.019995978,0.617364733,0.645973255,0.379376393,0.016990795,0.367221911,0.391530876,0.012538139,0.038333570,-0.014884045,0.039960323,28.890080442,0.224580905,28.729424941,29.050735944,13.219980722,0.441108453,12.904430744,13.535530700
bimodal,homog,med,binpack,10,10,18.126000000,0.397777157,17.841447364,18.410552636,2.837101350,1.534044715,1.739711869,3.934490831,0.509941214,0.292858955,0.300442538,0.719439890,21.200000000,20.922077653,6.233247264,36.166752736,0.785547086,0.014739345,0.775003194,0.796090979,0.866279570,0.014905630,0.855616724,0.876942416,0.535054330,0.015927602,0.523660410,0.546448250,11.032159656,6.079849922,6.682897028,15.381422285,27.071054199,0.356854390,26.815775947,27.326332451,18.058235538,0.215992205,17.903724022,18.212747053
bimodal,homog,med,hybrid,10,10,18.092000000,0.402127675,17.804335191,18.379664809,3.002657330,1.362860844,2.027725414,3.977589246,0.537377322,0.274657877,0.340898913,0.733855731,22.600000000,19.973315532,8.311950800,36.888049200,0.784056604,0.013924801,0.774095402,0.794017807,0.864530323,0.014627189,0.854066663,0.874993984,0.534766338,0.016109742,0.523242122,0.546290553,11.605514255,5.655628606,7.559721274,15.651307236,28.880953965,0.318967577,28.652778306,29.109129624,18.042500641,0.208182545,17.893575820,18.191425462
bimodal,homog,med,spread,10,10,18.100000000,0.399110121,17.814493819,18.385506181,3.307413727,1.744596936,2.059404261,4.555423193,0.542286615,0.279293483,0.342492093,0.742081137,23.900000000,21.496511345,8.522322156,39.277677844,0.784427055,0.015175794,0.773570946,0.795283164,0.863557679,0.015578579,0.852413435,0.874701923,0.534963124,0.015808255,0.523654579,0.546271668,11.689331609,5.703227106,7.609488712,15.769174506,29.611408387,0.066570079,29.563787021,29.659029752,18.024196779,0.285668996,17.819841490,18.228552068
bimodal,homog,med,tetris,10,10,18.056000000,0.393480199,17.774521223,18.337478777,3.474433860,1.534280397,2.376875782,4.571991938,0.594735568,0.275838157,0.397412838,0.792058298,24.700000000,20.976441812,9.694357487,39.705642513,0.782509915,0.014307256,0.772275121,0.792744709,0.860836002,0.015028603,0.850085187,0.871586816,0.534352695,0.016079291,0.522850263,0.545855127,12.822386503,5.652517906,8.778818783,16.865954224,29.217662734,0.200530462,29.074211884,29.361113585,17.978535882,0.258918583,17.793316686,18.163755079
cpu_heavy,hetero,high,binpack,10,10,13.090000000,0.590235358,12.667771061,13.512228939,18.415046579,3.028987198,16.248239668,20.581853489,5.793981940,1.020650631,5.063852462,6.524111417,191.100000000,31.295899625,168.712262075,213.487737925,0.649114028,0.020787861,0.634243288,0.663984768,0.900103966,0.008575797,0.893969211,0.906238722,0.189591968,0.014675606,0.179093672,0.200090264,87.922169332,15.205772097,77.044615252,98.799723412,28.016227345,0.203318579,27.870781995,28.161672694,12.899153894,0.573027450,12.489234750,13.309073037
cpu_heavy,hetero,high,hybrid,10,10,13.092000000,0.596597761,12.665219671,13.518780329,18.973304696,2.883687916,16.910438631,21.036170761,5.848487833,1.004176235,5.130143428,6.566832237,190.800000000,30.261086123,169.152523060,212.447476940,0.649162131,0.019395966,0.635287094,0.663037169,0.894237422,0.009536286,0.887415574,0.901059270,0.188888987,0.014998750,0.178159527,0.199618446,88.018653363,14.500573232,77.645568161,98.391738564,28.996297498,0.140159110,28.896033710,29.096561285,12.875444779,0.600803693,12.445655709,13.305233850
cpu_heavy,hetero,high,spread,10,10,13.132000000,0.552022544,12.737106861,13.526893139,19.156205368,2.742572235,17.194287379,21.118123356,5.740878073,0.970967419,5.046289825,6.435466322,188.700000000,31.432644036,166.214441016,211.185558984,0.651241870,0.019377628,0.637379950,0.665103790,0.896811574,0.008519449,0.890717127,0.902906021,0.189716369,0.015212716,0.178833848,0.200598890,86.691802356,14.567799652,76.270626270,97.112978442,29.516280515,0.080041815,29.459022050,29.573538980,12.876278811,0.556258215,12.478355655,13.274201967
cpu_heavy,hetero,high,tetris,10,10,13.106000000,0.578277135,12.692325458,13.519674542,19.456483352,2.836960798,17.427043853,21.485922851,5.823273075,0.985880410,5.118016715,6.528529434,190.000000000,29.884964633,168.621584166,211.378415834,0.649869296,0.018153602,0.636882991,0.662855600,0.894426480,0.008518686,0.888332580,0.900520381,0.189007607,0.015705932,0.177772260,0.200242954,87.853297376,14.279782073,77.638156655,98.068438097,29.157315165,0.141068572,29.056400788,29.258229542,12.852372631,0.563699790,12.449126094,13.255619169
cpu_heavy,hetero,low,binpack,10,10,8.522000000,0.469084214,8.186437368,8.857562632,0.000000000,0.000000000,0.000000000,0.000000000,0.000028353,0.000089659,-0.000035785,0.000092491,0.000000000,0.000000000,0.000000000,0.000000000,0.791771656,0.015626580,0.780593075,0.802950238,0.627209156,0.027281193,0.607693366,0.646724946,0.127262716,0.010035987,0.120083403,0.134442028,0.000317549,0.001004178,-0.000400797,0.001035895,22.523520095,0.770636347,21.972240063,23.074800128,8.804312808,0.518869691,8.433135791,9.175489824
cpu_heavy,hetero,low,hybrid,10,10,8.522000000,0.469084214,8.186437368,8.857562632,0.000000000,0.000000000,0.000000000,0.000000000,0.001371006,0.003173139,-0.000898921,0.003640933,0.000000000,0.000000000,0.000000000,0.000000000,0.791771656,0.015626580,0.780593075,0.802950238,0.627208762,0.027281089,0.607693047,0.646724477,0.127262664,0.010036042,0.120083313,0.134442016,0.015102709,0.035363981,-0.010195159,0.040400576,28.088213625,0.242736494,27.914570398,28.261856852,8.804312808,0.518869691,8.433135791,9.175489824
cpu_heavy,hetero,low,spread,10,10,8.522000000,0.469084214,8.186437368,8.857562632,0.000000000,0.000000000,0.000000000,0.000000000,0.000699068,0.002124693,-0.000820845,0.002218982,0.000000000,0.000000000,0.000000000,0.000000000,0.791771656,0.015626580,0.780593075,0.802950238,0.627209156,0.027281193,0.607693366,0.646724946,0.127262716,0.010035987,0.120083403,0.134442028,0.007814641,0.023800119,-0.009210939,0.024840220,29.109675575,0.142876443,29.007467925,29.211883225,8.804312808,0.518869691,8.433135791,9.175489824
cpu_heavy,hetero,low,tetris,10,10,8.522000000,0.469084214,8.186437368,8.857562632,0.000000000,0.000000000,0.000000000,0.000000000,0.001202348,0.003178824,-0.001071645,0.003476341,0.000000000,0.000000000,0.000000000,0.000000000,0.791771656,0.015626580,0.780593075,0.802950238,0.627203458,0.027279686,0.607688746,0.646718169,0.127261970,0.010036782,0.120082089,0.134441851,0.013305301,0.035620967,-0.012176403,0.038787006,28.387688356,0.222988470,28.228172014,28.547204698,8.804312808,0.518869691,8.433135791,9.175489824
cpu_heavy,hetero,med,binpack,10,10,11.950000000,0.563973995,11.546557308,12.353442692,4.045223223,2.098153354,2.544294731,5.546151714,0.884523381,0.493117892,0.531768091,1.237278670,30.400000000,23.022694118,13.930556769,46.869443231,0.767626283,0.024925014,0.749796002,0.785456563,0.856210455,0.018870644,0.842711210,0.869709701,0.175469265,0.015034788,0.164714025,0.186224504,12.617569653,6.624567264,7.878639712,17.356499594,27.325457506,0.276945652,27.127342521,27.523572490,12.044183052,0.561896294,11.642226658,12.446139446
cpu_heavy,hetero,med,hybrid,10,10,11.874000000,0.541114077,11.486910308,12.261089692,4.601122958,2.089291651,3.106533747,6.095712169,1.063506217,0.551913371,0.668691175,1.458321258,34.500000000,22.984294154,18.058026448,50.941973552,0.762809525,0.025223599,0.744765650,0.780853401,0.850072575,0.016784647,0.838065562,0.862079589,0.174349721,0.014866399,0.163714939,0.184984502,15.196247571,7.634124692,9.735123752,20.657371391,28.675856241,0.162571099,28.559559882,28.792152599,11.967083113,0.561266860,11.565576988,12.368589237
cpu_heavy,hetero,med,spread,10,10,11.938000000,0.557251190,11.539366513,12.336633487,4.420961112,2.230804795,2.825139496,6.016782728,0.936151554,0.484963625,0.589229477,1.283073632,31.000000000,22.231109334,15.096822411,46.903177589,0.766873238,0.024960280,0.749017729,0.784728746,0.853881041,0.020165458,0.839455541,0.868306541,0.175242821,0.015021555,0.164497048,0.185988594,13.341924986,6.570511206,8.641664419,18.042185553,29.382131505,0.106138616,29.306204513,29.458058497,11.985192092,0.577070210,11.572380932,12.398003252
cpu_heavy,hetero,med,tetris,10,10,11.882000000,0.564619833,11.478095303,12.285904697,4.847323193,2.356968974,3.161249161,6.533397226,1.054423743,0.537181824,0.670147016,1.438700471,34.500000000,23.777907580,17.490309603,51.509690397,0.763261994,0.025253565,0.745196681,0.781327306,0.849182048,0.018467684,0.835971063,0.862393033,0.174377999,0.015119064,0.163562473,0.185193526,14.944450444,7.262033151,9.749504878,20.139396010,28.873237352,0.146906996,28.768146418,28.978328286,11.943021982,0.583640153,11.525510968,12.360532996
cpu_heavy,homog,high,binpack,10,10,13.192000000,0.189314553,13.056572527,13.327427473,17.997044135,2.432855051,16.256684473,19.737403797,5.838586381,1.044147937,5.091647944,6.585524819,194.900000000,31.128586362,172.631950773,217.168049227,0.648877545,0.020843372,0.633967095,0.663787995,0.897837709,0.006007405,0.893540271,0.902135148,0.196454626,0.003089067,0.194244841,0.198664412,88.756815498,16.680426978,76.824356865,100.689274130,27.810203248,0.192118668,27.672769831,27.947636664,13.011432792,0.097646782,12.941580492,13.081285092
cpu_heavy,homog,high,hybrid,10,10,13.198000000,0.170346053,13.076141775,13.319858225,18.628223155,3.015448806,16.471101027,20.785345283,5.811854438,1.001390749,5.095502649,6.528206226,193.400000000,29.402191906,172.366938970,214.433061030,0.649121795,0.018536833,0.635861344,0.662382246,0.892547747,0.006427139,0.887950049,0.897145445,0.196434626,0.002661168,0.194530941,0.198338311,87.536869059,15.213033489,76.654120492,98.419617625,29.467630341,0.086026976,29.406090350,29.529170332,12.956779974,0.129037203,12.864472319,13.049087628
cpu_heavy,homog,high,spread,10,10,13.230000000,0.132077418,13.135517507,13.324482493,18.578874267,2.786055970,16.585849889,20.571898646,5.801112053,0.992712592,5.090968244,6.511255861,191.700000000,31.159268284,169.410002249,213.989997751,0.650764195,0.020458296,0.636129211,0.665399178,0.894369243,0.006555819,0.889679493,0.899058993,0.196047027,0.003072426,0.193849146,0.198244908,87.632830554,15.210149399,76.752145141,98.513515967,29.557603394,0.075787474,29.503388301,29.611818487,12.940048830,0.105015535,12.864925242,13.015172418
cpu_heavy,homog,high,tetris,10,10,13.220000000,0.144837073,13.116389799,13.323610201,18.914447598,3.023978967,16.751223360,21.077671835,5.808836352,0.984698251,5.104425658,6.513247046,192.800000000,29.264312738,171.865571785,213.734428215,0.650215445,0.018523315,0.636964664,0.663466226,0.891421878,0.007078360,0.886358324,0.896485431,0.196640175,0.002321119,0.194979746,0.198300603,87.404994540,14.756235121,76.849019841,97.960969240,29.557603394,0.075787474,29.503388301,29.611818487,12.933419851,0.114864173,12.851250972,13.015588730
cpu_heavy,homog,low,binpack,10,10,8.620000000,0.407376430,8.328580458,8.911419542,0.000000000,0.000000000,0.000000000,0.000000000,0.000000000,0.000000000,0.000000000,0.000000000,0.000000000,0.000000000,0.000000000,0.000000000,0.794219418,0.017900868,0.781413908,0.807024927,0.627735353,0.026498957,0.608779141,0.646691565,0.132490615,0.005490180,0.128563177,0.136418053,0.000000000,0.000000000,0.000000000,0.000000000,21.549191647,0.862346362,20.932306222,22.166077073,8.883818407,0.371984765,8.617716536,9.149920278
cpu_heavy,homog,low,hybrid,10,10,8.620000000,0.407376430,8.328580458,8.911419542,0.000000000,0.000000000,0.000000000,0.000000000,0.001330135,0.001988731,-0.000092518,0.002752787,0.000000000,0.000000000,0.000000000,0.000000000,0.794219418,0.017900868,0.781413908,0.807024927,0.627679523,0.026483103,0.608734652,0.646624393,0.132482240,0.005488675,0.128555879,0.136408602,0.014700826,0.022071609,-0.001088252,0.030489904,29.012430157,0.175193148,28.887104529,29.137755785,8.883818407,0.371984765,8.617716536,9.149920278
cpu_heavy,homog,low,spread,10,10,8.620000000,0.407376430,8.328580458,8.911419542,0.000000000,0.000000000,0.000000000,0.000000000,0.001016106,0.002441242,-0.000730254,0.002762465,0.000000000,0.000000000,0.000000000,0.000000000,0.794219418,0.017900868,0.781413908,0.807024927,0.627735353,0.026498957,0.608779141,0.646691565,0.132490615,0.005490180,0.128563177,0.136418053,0.011244142,0.027149960,-0.008177769,0.030666053,29.177853894,0.140108817,29.077626084,29.278081703,8.883818407,0.371984765,8.617716536,9.149920278
cpu_heavy,homog,low,tetris,10,10,8.620000000,0.407376430,8.328580458,8.911419542,0.000000000,0.000000000,0.000000000,0.000000000,0.001673757,0.002179897,0.000114352,0.003233161,0.000000000,0.000000000,0.000000000,0.000000000,0.794219418,0.017900868,0.781413908,0.807024927,0.627685241,0.026489519,0.608735781,0.646634701,0.132483098,0.005490386,0.128555513,0.136410683,0.018467840,0.024212578,0.001147206,0.035788475,29.177648384,0.140174038,29.077373917,29.277922850,8.883818407,0.371984765,8.617716536,9.149920278
cpu_heavy,homog,med,binpack,10,10,12.048000000,0.276196387,11.850421007,12.245578993,3.748457790,1.960801602,2.345784823,5.151130757,0.897617954,0.519041035,0.526318365,1.268917543,28.200000000,25.257782079,10.131671161,46.268328839,0.769944949,0.027147214,0.750525002,0.789364896,0.858499289,0.016907079,0.846404693,0.870593885,0.182453920,0.004914862,0.178938040,0.185969801,13.136227808,7.135675610,8.031672982,18.240782634,27.068799273,0.266132008,26.878419903,27.259178642,12.180718551,0.251966390,12.000472653,12.360964448
cpu_heavy,homog,med,hybrid,10,10,11.974000000,0.276172249,11.776438274,12.171561726,5.196208605,2.707858333,3.259123445,7.133293764,1.099811647,0.522125578,0.726305509,1.473317786,32.000000000,21.540659229,16.590740662,47.409259338,0.765099839,0.023418733,0.748347087,0.781852591,0.849858527,0.014661209,0.839370530,0.860346524,0.181358614,0.004616340,0.178056284,0.184660945,16.034737802,7.327827408,10.792725860,21.276749744,29.304998050,0.105078893,29.229829139,29.380166962,12.051223521,0.240924528,11.878876497,12.223570546
cpu_heavy,homog,med,spread,10,10,11.998000000,0.301175475,11.782552044,12.213447956,4.536661998,2.156398840,2.994067196,6.079256800,1.007048078,0.526333894,0.630531492,1.383564663,30.100000000,25.744255023,11.683669381,48.516330619,0.766726650,0.027332145,0.747174411,0.786278889,0.853801493,0.016340141,0.842112461,0.865490526,0.181920216,0.005047793,0.178309243,0.185531190,14.693875748,7.224641089,9.525678852,19.862072645,29.424884412,0.098523717,29.354404791,29.495364034,12.055346520,0.250176096,11.876381322,12.234311718
cpu_heavy,homog,med,tetris,10,10,11.966000000,0.263994949,11.777149390,12.154850610,5.317603145,2.843375989,3.283574495,7.351631796,1.093982876,0.514561006,0.725888107,1.462077646,32.200000000,21.358318702,16.921179217,47.478820783,0.764613332,0.023660408,0.747687696,0.781538969,0.849449530,0.014983936,0.838730668,0.860168392,0.181307906,0.004622344,0.178001280,0.184614532,15.921654196,7.108519800,10.836525466,21.006782925,29.424884412,0.098523717,29.354404791,29.495364034,12.025753833,0.243181249,11.851792447,12.199715219
drift,hetero,high,binpack,10,10,14.950000000,0.557394733,14.551263828,15.348736172,21.756627211,1.580963896,20.625673770,22.887580652,12.225452523,0.864782136,11.606824650,12.844080396,491.300000000,49.186832023,456.113860031,526.486139969,0.503127506,0.017255636,0.490783568,0.515471444,0.929104323,0.005341052,0.925283565,0.932925082,0.285100368,0.026310449,0.266279007,0.303921729,271.562146567,22.774520389,255.270236127,287.854057007,28.644401711,0.124593312,28.555273025,28.733530397,18.019737255,0.652477210,17.552983177,18.486491333
drift,hetero,high,hybrid,10,10,15.386000000,0.698445894,14.886361906,15.885638094,21.914005291,1.509126369,20.834441321,22.993569261,11.630824465,1.001509327,10.914387852,12.347261078,468.500000000,55.857457475,428.541982046,508.458017954,0.517808399,0.022812507,0.501489315,0.534127484,0.928198274,0.004751131,0.924799520,0.931597028,0.300952098,0.018574168,0.287664939,0.314239257,258.784574512,23.743135341,241.799758677,275.769390348,29.308256904,0.075193230,29.254466907,29.362046900,18.123202632,0.730712571,17.600482347,18.645922916
drift,hetero,high,spread,10,10,15.276000000,0.514742654,14.907775288,15.644224712,21.628507184,1.858890216,20.298737231,22.958277137,11.767299892,1.117564028,10.967842747,12.566757037,478.500000000,61.275788222,434.665941728,522.334058272,0.514298994,0.021757500,0.498734616,0.529863373,0.928683360,0.005432800,0.924796969,0.932569751,0.298404641,0.023648298,0.281487668,0.315321614,262.554930279,27.039460477,243.212065493,281.897795064,29.675686806,0.056357176,29.635371311,29.716002301,18.161747204,0.639240425,17.704462151,18.619032256
drift,hetero,high,tetris,10,10,15.590000000,0.614509741,15.150406213,16.029593787,21.543714598,1.461262714,20.498390224,22.589038972,11.383542287,1.028783424,10.647594959,12.119489614,456.900000000,57.287675619,415.918865620,497.881134380,0.524791690,0.022853469,0.508443303,0.541140077,0.927765927,0.005049930,0.924153424,0.931378429,0.307991042,0.021192687,0.292830707,0.323151378,255.123112498,25.996129977,236.526601391,273.719623605,29.408551337,0.059424679,29.366041483,29.451061191,18.247606935,0.740872987,17.717618327,18.777595543
drift,hetero,low,binpack,10,10,12.806000000,0.606340572,12.372250085,13.239749915,1.914991586,1.061321518,1.155767909,2.674215263,0.298344490,0.142015176,0.196752953,0.399936027,0.000000000,0.000000000,0.000000000,0.000000000,0.794963250,0.015570026,0.783825124,0.806101376,0.667666639,0.025890590,0.649145626,0.686187652,0.342687427,0.025439525,0.324489088,0.360885767,4.839461128,2.384031991,3.134027380,6.544894877,25.302603644,0.407815219,25.010870211,25.594337077,13.107579215,0.621880722,12.662712545,13.552445884
drift,hetero,low,hybrid,10,10,12.806000000,0.606340572,12.372250085,13.239749915,2.385664302,1.399028599,1.384859531,3.386469072,0.355304173,0.156338203,0.243466560,0.467141786,0.000000000,0.000000000,0.000000000,0.000000000,0.794963250,0.015570026,0.783825124,0.806101376,0.667666639,0.025890590,0.649145626,0.686187652,0.342687427,0.025439525,0.324489088,0.360885767,5.767738036,2.649846499,3.872152043,7.663324028,27.138426753,0.639437837,26.681000481,27.595853025,13.107579215,0.621880722,12.662712545,13.552445884
drift,hetero,low,spread,10,10,12.806000000,0.606340572,12.372250085,13.239749915,2.236087984,1.333677607,1.282032498,3.190143471,0.327517229,0.146679172,0.222589270,0.432445188,0.000000000,0.000000000,0.000000000,0.000000000,0.794963250,0.015570026,0.783825124,0.806101376,0.667666639,0.025890590,0.649145626,0.686187652,0.342687427,0.025439525,0.324489088,0.360885767,5.312010660,2.473308864,3.542712083,7.081309236,29.405516070,0.112800808,29.324823233,29.486208908,13.107579215,0.621880722,12.662712545,13.552445884
drift,hetero,low,tetris,10,10,12.806000000,0.606340572,12.372250085,13.239749915,2.447701615,1.293394621,1.522462840,3.372940389,0.355192289,0.150686796,0.247397449,0.462987129,0.000000000,0.000000000,0.000000000,0.000000000,0.794963250,0.015570026,0.783825124,0.806101376,0.667666639,0.025890590,0.649145626,0.686187652,0.342687427,0.025439525,0.324489088,0.360885767,5.755083902,2.515920068,3.955303107,7.554864698,28.314963574,0.474970590,27.975190082,28.654737066,13.107579215,0.621880722,12.662712545,13.552445884
drift,hetero,med,binpack,10,10,15.220000000,0.811801837,14.639271950,15.800728050,10.468685882,1.681940282,9.265498286,11.671873479,4.867811750,0.934167944,4.199548260,5.536075240,120.000000000,44.664179035,88.049171078,151.950828922,0.662257112,0.035974737,0.636522335,0.687991888,0.879752553,0.011404858,0.871594009,0.887911097,0.371207700,0.032187226,0.348182345,0.394233055,104.825054956,20.538080170,90.132997472,119.517112441,28.256921882,0.146840302,28.151878658,28.361965107,17.122352305,0.538824497,16.736900480,17.507804130
drift,hetero,med,hybrid,10,10,15.462000000,0.838488057,14.862181778,16.061818222,10.761252481,1.723641832,9.528233393,11.994271569,4.553881717,0.907709757,3.904545274,5.203218160,111.200000000,43.317432980,80.212575169,142.187424831,0.672705044,0.035157135,0.647555145,0.697854944,0.882212931,0.009965228,0.875084236,0.889341625,0.378465062,0.034723857,0.353625111,0.403305013,98.204595536,20.099507838,83.826273797,112.582917274,29.115184008,0.128688568,29.023125752,29.207242264,17.199797905,0.601001375,16.769867421,17.629728389
drift,hetero,med,spread,10,10,15.260000000,0.785309564,14.698223380,15.821776620,10.797515249,1.622948320,9.636527961,11.958502538,4.695872292,0.963516197,4.006614326,5.385130257,117.200000000,45.759759129,84.465440292,149.934559708,0.664136891,0.037494709,0.637314792,0.690958990,0.881633161,0.011338908,0.873521795,0.889744527,0.375493459,0.030460628,0.353703239,0.397283680,101.336583338,21.692855102,85.818449631,116.854717045,29.583725441,0.068645100,29.534619695,29.632831188,17.169791814,0.550523634,16.775970930,17.563612698
drift,hetero,med,tetris,10,10,15.428000000,0.844601155,14.823808731,16.032191269,10.898521498,1.689709670,9.689776016,12.107266979,4.607712016,0.917831280,3.951135072,5.264288961,111.400000000,41.336559014,81.829607041,140.970392959,0.671166287,0.034144273,0.646740946,0.695591629,0.882202739,0.010450999,0.874726544,0.889678933,0.377147158,0.033899663,0.352896800,0.401397516,99.374234195,20.235006532,84.898982530,113.849485859,29.254038849,0.118807266,29.169049251,29.339028448,17.194932265,0.615600260,16.754558367,17.635306162
drift,homog,high,binpack,10,10,15.348000000,0.543175846,14.959435407,15.736564593,21.832043005,1.918776024,20.459433326,23.204652685,11.888669862,1.170680288,11.051215633,12.726124091,467.300000000,55.174571438,427.830489289,506.769510711,0.512721027,0.021959207,0.497012356,0.528429697,0.931192456,0.004297635,0.928118113,0.934266799,0.307923073,0.024827581,0.290162492,0.325683655,268.148262274,23.975497740,250.997224392,285.299300157,28.498396973,0.116611022,28.414978474,28.581815473,18.141310368,0.240107772,17.969547615,18.313073121
drift,homog,high,hybrid,10,10,16.206000000,0.495136345,15.851800796,16.560199204,21.807510650,1.898445836,20.449444311,23.165576989,10.730151035,1.306662927,9.795420686,11.664881383,428.800000000,60.755978215,385.337791406,472.262208594,0.541582041,0.025891298,0.523060522,0.560103560,0.929749262,0.004896024,0.926246857,0.933251667,0.345974400,0.025118350,0.328005814,0.363942985,244.781630027,27.608760687,225.031512404,264.531747649,29.630122902,0.058068714,29.588583047,29.671662757,18.542536723,0.243099062,18.368634130,18.716439315
drift,homog,high,spread,10,10,15.890000000,0.617683846,15.448135595,16.331864405,21.854611948,1.726748657,20.619370371,23.089853525,11.129369841,1.177473391,10.287056119,11.971683563,441.900000000,58.409379003,400.116447358,483.683552642,0.530777414,0.023085818,0.514262814,0.547292013,0.930272585,0.004373031,0.927144306,0.933400863,0.333524678,0.029239747,0.312607823,0.354441533,252.719869400,23.831559198,235.671798948,269.767939852,29.701083374,0.051207753,29.664451555,29.737715194,18.402950858,0.327157853,18.168916229,18.636985487
drift,homog,high,tetris,10,10,16.328000000,0.600459084,15.898457448,16.757542552,22.385734514,2.242590563,20.781481867,23.989987160,10.657623964,1.196815010,9.801474082,11.513773846,420.900000000,59.208576706,378.544735762,463.255264238,0.545488621,0.024605752,0.527886726,0.563090516,0.927728476,0.004557784,0.924468034,0.930988918,0.351270622,0.029024625,0.330507656,0.372033588,243.284534398,25.474105474,225.061457124,261.507611672,29.701083374,0.051207753,29.664451555,29.737715194,18.575183179,0.276905447,18.377096955,18.773269403
drift,homog,low,binpack,10,10,12.936000000,0.445201577,12.617521977,13.254478023,1.855449704,1.107530242,1.063170297,2.647729111,0.284106725,0.146269561,0.179471784,0.388741665,0.000000000,0.000000000,0.000000000,0.000000000,0.796472851,0.015816056,0.785158726,0.807786977,0.666849349,0.024665354,0.649204818,0.684493881,0.356740202,0.013839333,0.346840139,0.366640265,4.675926032,2.494093555,2.891758984,6.460093080,24.752173925,0.537448511,24.367706421,25.136641430,13.219980722,0.441108453,12.904430744,13.535530700
drift,homog,low,hybrid,10,10,12.936000000,0.445201577,12.617521977,13.254478023,2.194966544,1.244719096,1.304548142,3.085384945,0.337755841,0.148038999,0.231855121,0.443656561,0.000000000,0.000000000,0.000000000,0.000000000,0.796472851,0.015816056,0.785158726,0.807786977,0.666849349,0.024665354,0.649204818,0.684493881,0.356740202,0.013839333,0.346840139,0.366640265,5.544250748,2.512280159,3.747073787,7.341427709,29.052223916,0.150975971,28.944222213,29.160225620,13.219980722,0.441108453,12.904430744,13.535530700
drift,homog,low,spread,10,10,12.936000000,0.445201577,12.617521977,13.254478023,1.929220015,1.118473213,1.129112479,2.729327552,0.298363517,0.140321513,0.197983554,0.398743480,0.000000000,0.000000000,0.000000000,0.000000000,0.796472851,0.015816056,0.785158726,0.807786977,0.666849349,0.024665354,0.649204818,0.684493881,0.356740202,0.013839333,0.346840139,0.366640265,4.903764895,2.396232214,3.189603632,6.617926158,29.444869124,0.095100113,29.376838602,29.512899646,13.219980722,0.441108453,12.904430744,13.535530700
drift,homog,low,tetris,10,10,12.936000000,0.445201577,12.617521977,13.254478023,2.220225333,1.528584358,1.126741956,3.313708710,0.348594719,0.157194405,0.236144615,0.461044822,0.000000000,0.000000000,0.000000000,0.000000000,0.796472851,0.015816056,0.785158726,0.807786977,0.666849349,0.024665354,0.649204818,0.684493881,0.356740202,0.013839333,0.346840139,0.366640265,5.717953561,2.638994677,3.830130494,7.605776628,29.434676544,0.087879123,29.371811606,29.497541482,13.219980722,0.441108453,12.904430744,13.535530700
drift,homog,med,binpack,10,10,15.650000000,0.458136321,15.322269019,15.977730981,10.624730906,1.654787184,9.440967465,11.808494346,4.573207413,1.001975216,3.856437522,5.289977303,109.900000000,48.651710030,75.096663243,144.703336757,0.679110804,0.040221063,0.650338388,0.707883219,0.882789721,0.010248424,0.875458440,0.890121001,0.401531596,0.022170063,0.385672089,0.417391104,99.791955559,22.214270663,83.900823630,115.683087489,28.045193887,0.154356479,27.934773914,28.155613860,17.244876321,0.174037428,17.120377445,17.369375196
drift,homog,med,hybrid,10,10,15.984000000,0.477195511,15.642634896,16.325365104,11.651801732,2.329030915,9.985713383,13.317890081,4.164875267,0.918933592,3.507509776,4.822240758,91.000000000,46.420780787,57.792573884,124.207426116,0.693482042,0.039132402,0.665488408,0.721475676,0.885261127,0.010930679,0.877441790,0.893080463,0.414127354,0.024180583,0.396829607,0.431425101,91.514264714,20.405817667,76.916822124,106.111707304,29.513871664,0.094201173,29.446484205,29.581259124,17.391294499,0.262981276,17.203169027,17.579419971
drift,homog,med,spread,10,10,15.884000000,0.471385664,15.546791010,16.221208990,11.163889846,1.916583793,9.792848394,12.534931298,4.266073868,0.964204392,3.576323597,4.955824138,95.400000000,50.645170879,59.170627259,131.629372741,0.689256430,0.040935777,0.659972739,0.718540120,0.885445630,0.011062154,0.877532242,0.893359018,0.412113959,0.023302803,0.395444138,0.428783780,93.748313842,21.249890654,78.547057812,108.949569872,29.611408387,0.066570079,29.563787021,29.659029752,17.370242854,0.264593264,17.180964235,17.559521473
drift,homog,med,tetris,10,10,16.006000000,0.553859188,15.609793005,16.402206995,12.233803111,2.725281953,10.284253845,14.183352377,4.110330214,1.015816390,3.383658944,4.837001484,88.000000000,52.385324493,50.525796353,125.474203647,0.694546456,0.042921514,0.663842254,0.725250657,0.885185790,0.009698217,0.878248104,0.892123477,0.418888189,0.027942547,0.398899295,0.438877082,90.624800614,22.388962388,74.608701753,106.640899476,29.611408387,0.066570079,29.563787021,29.659029752,17.480505637,0.288600738,17.274053106,17.686958168
pred_error,hetero,high,binpack,10,10,13.762000000,0.687892110,13.269911628,14.254088372,18.357530641,3.265011289,16.021882268,20.693179015,5.651847826,1.051392005,4.899727295,6.403968358,192.100000000,32.875015843,168.582630384,215.617369616,0.654560148,0.023941852,0.637433178,0.671687117,0.903605773,0.006437698,0.899000521,0.908211025,0.222982818,0.019783437,0.208830599,0.237135036,89.467538915,16.987194967,77.315631682,101.619446148,28.073815511,0.141572847,27.972540398,28.175090625,13.419628242,0.465206924,13.086839256,13.752417227
pred_error,hetero,high,hybrid,10,10,13.782000000,0.640725283,13.323652744,14.240347256,18.991403979,3.015056550,16.834562454,21.148245504,5.608415847,1.034546291,4.868346013,6.348485681,192.400000000,34.016989219,168.065711842,216.734288158,0.655616821,0.024091192,0.638383020,0.672850622,0.900405115,0.006030444,0.896091195,0.904719035,0.223126530,0.019064274,0.209488770,0.236764290,88.572839647,16.357477221,76.871405354,100.274273941,28.983673529,0.107156712,28.907018235,29.060328823,13.348265872,0.495221491,12.994005759,13.702525986
pred_error,hetero,high,spread,10,10,13.752000000,0.659103769,13.280505567,14.223494433,18.525807503,3.323746964,16.148142159,20.903472847,5.638498835,1.043034172,4.892357137,6.384640533,193.000000000,32.561053764,169.707225325,216.292774675,0.654111966,0.023020666,0.637643973,0.670579958,0.901478731,0.005848019,0.897295310,0.905662151,0.222457092,0.019440223,0.208550394,0.236363790,89.054835892,16.806884580,77.031914940,101.077756844,29.543617935,0.084153562,29.483418103,29.603817766,13.415391238,0.550095017,13.021876969,13.808905508
pred_error,hetero,high,tetris,10,10,13.774000000,0.645190756,13.312458337,14.235541663,19.072515656,3.031594673,16.903843471,21.241187841,5.634065741,1.048253469,4.884190383,6.383941100,192.600000000,35.446987021,167.242753039,217.957246961,0.655237722,0.024392553,0.637788340,0.672687103,0.899589318,0.006056063,0.895257072,0.903921565,0.222303423,0.019368370,0.208448126,0.236158721,88.972772827,16.779570091,76.969391483,100.976154170,29.144565372,0.113137470,29.063631701,29.225499043,13.329976226,0.508786370,12.966012383,13.693940069
pred_error,hetero,low,binpack,10,10,8.908000000,0.486913180,8.559683294,9.256316706,0.000000000,0.000000000,0.000000000,0.000000000,0.000000000,0.000000000,0.000000000,0.000000000,0.000000000,0.000000000,0.000000000,0.000000000,0.792356305,0.013353556,0.782803747,0.801908864,0.627974955,0.026683331,0.608886850,0.647063060,0.148563870,0.012264460,0.139790404,0.157337336,0.000000000,0.000000000,0.000000000,0.000000000,22.574703470,0.865548483,21.955527385,23.193879555,9.196099364,0.487288943,8.847513854,9.544684874
pred_error,hetero,low,hybrid,10,10,8.908000000,0.486913180,8.559683294,9.256316706,0.000000000,0.000000000,0.000000000,0.000000000,0.000290810,0.000724129,-0.000227200,0.000808821,0.000000000,0.000000000,0.000000000,0.000000000,0.792356305,0.013353556,0.782803747,0.801908864,0.627974955,0.026683331,0.608886850,0.647063060,0.148563870,0.012264460,0.139790404,0.157337336,0.003239657,0.007988044,-0.002474646,0.008953959,28.000431093,0.270284000,27.807081567,28.193780619,9.196099364,0.487288943,8.847513854,9.544684874
pred_error,hetero,low,spread,10,10,8.908000000,0.486913180,8.559683294,9.256316706,0.000000000,0.000000000,0.000000000,0.000000000,0.000000000,0.000000000,0.000000000,0.000000000,0.000000000,0.000000000,0.000000000,0.000000000,0.792356305,0.013353556,0.782803747,0.801908864,0.627974955,0.026683331,0.608886850,0.647063060,0.148563870,0.012264460,0.139790404,0.157337336,0.000000000,0.000000000,0.000000000,0.000000000,29.155039881,0.159407690,29.041006489,29.269073273,9.196099364,0.487288943,8.847513854,9.544684874
pred_error,hetero,low,tetris,10,10,8.908000000,0.486913180,8.559683294,9.256316706,0.000000000,0.000000000,0.000000000,0.000000000,0.000453870,0.001303231,-0.000478405,0.001386146,0.000000000,0.000000000,0.000000000,0.000000000,0.792356305,0.013353556,0.782803747,0.801908864,0.627974955,0.026683331,0.608886850,0.647063060,0.148563870,0.012264460,0.139790404,0.157337336,0.005017689,0.014334446,-0.005236556,0.015271933,28.326410595,0.240746737,28.154190755,28.498630436,9.196099364,0.487288943,8.847513854,9.544684874
pred_error,hetero,med,binpack,10,10,12.456000000,0.570753887,12.047707265,12.864292735,3.697865818,1.336358767,2.741892345,4.653839291,0.850753407,0.499983365,0.493086854,1.208419960,29.500000000,21.603754818,14.045604797,44.954395203,0.768351181,0.023675065,0.751415060,0.785287303,0.860945912,0.020509320,0.846274429,0.875617396,0.204917529,0.017244185,0.192581782,0.217253276,12.941753888,7.555867599,7.536611820,18.346895956,27.354819400,0.271820712,27.160370576,27.549268224,12.627378031,0.544384064,12.237949131,13.016806931
pred_error,hetero,med,hybrid,10,10,12.396000000,0.585665813,11.977039916,12.814960084,4.200399434,1.709731260,2.977331370,5.423467498,0.981929454,0.576960903,0.569196488,1.394662420,31.900000000,24.149764204,14.624299400,49.175700600,0.764673833,0.025694167,0.746293334,0.783054333,0.855969945,0.018983697,0.842389827,0.869550064,0.204057433,0.017467394,0.191562012,0.216552853,14.828539127,8.577892148,8.692284741,20.964793514,28.608343314,0.185208238,28.475853321,28.740833306,12.550949187,0.518254775,12.180212055,12.921686319
pred_error,hetero,med,spread,10,10,12.424000000,0.607201230,11.989634407,12.858365593,3.895381388,1.376331329,2.910813266,4.879949509,0.913803780,0.511222875,0.548096965,1.279510594,31.100000000,21.512012148,15.711233549,46.488766451,0.766280788,0.023669469,0.749348670,0.783212906,0.858787874,0.020675993,0.843997160,0.873578589,0.204538434,0.017334585,0.192138019,0.216938849,13.823920958,7.630217908,8.365591884,19.282250032,29.403152596,0.094152094,29.335800245,29.470504947,12.579434527,0.502977503,12.219626097,12.939242957
pred_error,hetero,med,tetris,10,10,12.412000000,0.595703133,11.985859650,12.838140350,4.508714078,1.756051933,3.252510201,5.764917956,1.006418011,0.550394655,0.612689393,1.400146628,31.700000000,22.963981459,15.272557275,48.127442725,0.765631296,0.025622273,0.747302226,0.783960366,0.854013819,0.017342534,0.841607718,0.866419921,0.203936176,0.017310789,0.191552783,0.216319568,15.193038807,8.217023735,9.314934132,21.071143482,28.806112587,0.152538264,28.696993287,28.915231888,12.539186498,0.505085164,12.177870338,12.900502658
pred_error,homog,high,binpack,10,10,13.836000000,0.167809416,13.715956376,13.956043624,19.249058452,2.632736786,17.365712010,21.132404893,5.724656480,1.096256767,4.940441631,6.508871329,198.300000000,34.348055096,173.728881581,222.871118419,0.652251798,0.022457978,0.636186328,0.668317268,0.898332662,0.005086015,0.894694346,0.901970979,0.230225812,0.004784232,0.226803379,0.233648245,91.258903507,17.917057176,78.441812922,104.075994092,27.818183123,0.175011935,27.692987127,27.943379120,13.585929990,0.110805783,13.506664308,13.665195672
pred_error,homog,high,hybrid,10,10,13.824000000,0.171477242,13.701332571,13.946667429,19.835631626,3.042507058,17.659153191,22.012110061,5.753193354,1.077136281,4.982656477,6.523730232,199.400000000,33.599603172,175.364291833,223.435708167,0.651661042,0.021697852,0.636139334,0.667182751,0.893707503,0.005177774,0.890003547,0.897411460,0.230133241,0.004707729,0.226765535,0.233500947,91.122031093,17.288125710,78.754850976,103.489211211,29.420301579,0.079025678,29.363770014,29.476833144,13.531396076,0.153778425,13.421389617,13.641402534
pred_error,homog,high,spread,10,10,13.778000000,0.178748737,13.650130856,13.905869144,19.653504439,2.951977256,17.541787123,21.765221755,5.726376685,1.050369956,4.974987283,6.477766087,200.900000000,34.764125826,176.031242511,225.768757489,0.649514750,0.022400807,0.633490179,0.665539322,0.896498755,0.005073484,0.892869403,0.900128106,0.229972402,0.004663817,0.226636108,0.233308696,91.135985922,17.192319712,78.837341287,103.434630558,29.575538392,0.072715009,29.523521208,29.627555576,13.540297373,0.097704938,13.470403471,13.610191274
pred_error,homog,high,tetris,10,10,13.816000000,0.208443971,13.666888166,13.965111834,20.117017139,2.673099220,18.204797152,22.029237126,5.761333930,1.085116327,4.985088472,6.537579388,198.100000000,34.993491458,173.067164222,223.132835778,0.651280107,0.022177293,0.635415427,0.667144788,0.892986694,0.005498607,0.889053227,0.896920161,0.230574640,0.004174383,0.227588466,0.233560814,91.112987821,17.532032076,78.571327600,103.654648041,29.575538392,0.072715009,29.523521208,29.627555576,13.522626608,0.125048965,13.433171967,13.612081248
pred_error,homog,low,binpack,10,10,8.986000000,0.398335425,8.701048003,9.270951997,0.000000000,0.000000000,0.000000000,0.000000000,0.000000000,0.000000000,0.000000000,0.000000000,0.000000000,0.000000000,0.000000000,0.000000000,0.793400608,0.014361145,0.783127264,0.803673953,0.626643955,0.027136802,0.607231456,0.646056453,0.154198880,0.006351706,0.149655143,0.158742617,0.000000000,0.000000000,0.000000000,0.000000000,21.463745800,0.928682405,20.799406429,22.128085172,9.243581460,0.395202970,8.960870286,9.526292635
pred_error,homog,low,hybrid,10,10,8.986000000,0.398335425,8.701048003,9.270951997,0.000000000,0.000000000,0.000000000,0.000000000,0.000828342,0.002098862,-0.000673093,0.002329777,0.000000000,0.000000000,0.000000000,0.000000000,0.793400608,0.014361145,0.783127264,0.803673953,0.626635259,0.027134039,0.607224737,0.646045781,0.154197576,0.006351190,0.149654208,0.158740943,0.009578623,0.024352098,-0.007841818,0.026999064,28.916100460,0.143769825,28.813253722,29.018947197,9.243581460,0.395202970,8.960870286,9.526292635
pred_error,homog,low,spread,10,10,8.986000000,0.398335425,8.701048003,9.270951997,0.000000000,0.000000000,0.000000000,0.000000000,0.000019612,0.000062017,-0.000024753,0.000063976,0.000000000,0.000000000,0.000000000,0.000000000,0.793400608,0.014361145,0.783127264,0.803673953,0.626643955,0.027136802,0.607231456,0.646056453,0.154198880,0.006351706,0.149655143,0.158742617,0.000227494,0.000719399,-0.000287133,0.000742121,29.211479619,0.134979237,29.114921290,29.308037948,9.243581460,0.395202970,8.960870286,9.526292635
pred_error,homog,low,tetris,10,10,8.986000000,0.398335425,8.701048003,9.270951997,0.000000000,0.000000000,0.000000000,0.000000000,0.001049743,0.001591979,-0.000089090,0.002188577,0.000000000,0.000000000,0.000000000,0.000000000,0.793400608,0.014361145,0.783127264,0.803673953,0.626607483,0.027134176,0.607196862,0.646018103,0.154193409,0.006351631,0.149649726,0.158737092,0.012053569,0.018372365,-0.001089230,0.025196367,29.210754403,0.133942283,29.114937865,29.306570940,9.243581460,0.395202970,8.960870286,9.526292635
pred_error,homog,med,binpack,10,10,12.552000000,0.333493295,12.313433268,12.790566732,3.923928330,1.703440579,2.705360348,5.142496312,0.892486504,0.484818151,0.545668492,1.239304516,30.100000000,23.081738814,13.588318738,46.611681262,0.768798418,0.023919036,0.751687771,0.785909066,0.857194109,0.020019167,0.842873259,0.871514958,0.212353060,0.004883265,0.208859783,0.215846337,13.610995132,7.206939802,8.455460974,18.766529289,27.011628190,0.364071531,26.751187106,27.272069273,12.652894280,0.211792900,12.501386766,12.804401794
pred_error,homog,med,hybrid,10,10,12.484000000,0.292088267,12.275052641,12.692947359,5.170979193,2.172859079,3.616609446,6.725348941,1.066888071,0.478080421,0.724889941,1.408886202,33.100000000,19.197511413,19.366927634,46.833072366,0.764569842,0.019389261,0.750699601,0.778440084,0.848454375,0.018957164,0.834893236,0.862015513,0.211276530,0.004554458,0.208018467,0.214534593,16.132619692,7.178741577,10.997257329,21.267982055,29.218643381,0.136365755,29.121093197,29.316193566,12.504979998,0.194149071,12.366094119,12.643865877
pred_error,homog,med,spread,10,10,12.508000000,0.297126984,12.295448160,12.720551840,4.710903071,2.006243211,3.275723135,6.146083007,0.984021941,0.501405235,0.625338243,1.342705639,32.700000000,22.588345077,16.541271355,48.858728645,0.766141243,0.023422359,0.749385896,0.782896589,0.852605320,0.019300405,0.838798642,0.866411998,0.211675478,0.004858546,0.208199884,0.215151073,14.890083466,7.495142309,9.528381654,20.251785279,29.448199909,0.094529512,29.380577570,29.515822248,12.539808689,0.234899543,12.371771679,12.707845699
pred_error,homog,med,tetris,10,10,12.454000000,0.288297686,12.247764260,12.660235740,5.436912571,2.424848693,3.702280312,7.171544829,1.080808419,0.467288736,0.746530195,1.415086644,35.400000000,20.397167559,20.808745325,49.991254675,0.762787960,0.021348296,0.747516309,0.778059610,0.847586689,0.018940316,0.834037603,0.861135774,0.211086590,0.004683949,0.207735895,0.214437286,16.275478214,6.954413432,11.300590539,21.250365890,29.448199909,0.094529512,29.380577570,29.515822248,12.480250760,0.215856520,12.325836308,12.634665212
ram_heavy,hetero,high,binpack,10,10,22.908000000,1.355685968,21.938200680,23.877799320,16.851299449,1.812951549,15.554392038,18.148206860,5.635533665,0.730360945,5.113064919,6.158002411,323.500000000,48.751638149,288.625178974,358.374821026,0.653827857,0.015140257,0.642997169,0.664658544,0.576305869,0.042931231,0.545594717,0.607017021,0.907045786,0.005855236,0.902857203,0.911234369,151.543600478,26.841011006,132.342697892,170.744503064,28.178828349,0.126373710,28.088426043,28.269230656,22.711628132,1.376350977,21.727045955,23.696210309
ram_heavy,hetero,high,hybrid,10,10,23.060000000,1.428036725,22.038444067,24.081555933,17.245176251,1.984621225,15.825463752,18.664888750,5.462507450,0.744012477,4.930272987,5.994741914,316.000000000,49.080432851,280.889973413,351.110026587,0.658096433,0.016528671,0.646272534,0.669920332,0.577228075,0.043393714,0.546186082,0.608270068,0.909495290,0.005223233,0.905758814,0.913231765,146.944346958,26.595654115,127.918962118,165.969731798,27.991152553,0.099336866,27.920091239,28.062213866,22.713530839,1.374360886,21.730372288,23.696689390
ram_heavy,hetero,high,spread,10,10,23.006000000,1.383266665,22.016470638,23.995529362,17.016555152,2.130843215,15.492241742,18.540868561,5.508204113,0.666048602,5.031741646,5.984666580,318.600000000,48.305049195,284.044649466,353.155350534,0.656588126,0.014980787,0.645871516,0.667304735,0.577653757,0.043236195,0.546724446,0.608583067,0.909061606,0.005716181,0.904972496,0.913150716,148.224495704,25.441727301,130.024580380,166.424411029,29.714044803,0.044641587,29.682110136,29.745979471,22.704084437,1.390662693,21.709264276,23.698904598
ram_heavy,hetero,high,tetris,10,10,23.102000000,1.467770797,22.052020024,24.151979976,17.357779006,1.851791511,16.033087160,18.682470852,5.425046829,0.719311571,4.910482329,5.939611329,314.900000000,48.254993985,280.380456806,349.419543194,0.659226921,0.016165190,0.647663041,0.670790802,0.578549393,0.044153888,0.546963604,0.610135181,0.909068045,0.004922544,0.905546669,0.912589421,145.414122559,25.261708256,127.342985102,163.485260017,28.711719391,0.144750334,28.608171241,28.815267542,22.674809337,1.370304925,21.694552245,23.655066428
ram_heavy,hetero,low,binpack,10,10,15.144000000,1.244750756,14.253558951,16.034441049,0.000000000,0.000000000,0.000000000,0.000000000,0.000109115,0.000345051,-0.000137720,0.000355950,0.000000000,0.000000000,0.000000000,0.000000000,0.802480135,0.007833062,0.796876700,0.808083570,0.388449928,0.036486901,0.362348772,0.414551085,0.632919909,0.021210798,0.617746618,0.648093199,0.002407074,0.007611836,-0.003038105,0.007852253,22.903692920,0.423383324,22.600822735,23.206563104,15.359358889,1.291080566,14.435775491,16.282942288
ram_heavy,hetero,low,hybrid,10,10,15.144000000,1.244750756,14.253558951,16.034441049,0.000000000,0.000000000,0.000000000,0.000000000,0.000552513,0.001747199,-0.000697358,0.001802384,0.000000000,0.000000000,0.000000000,0.000000000,0.802480135,0.007833062,0.796876700,0.808083570,0.388449928,0.036486901,0.362348772,0.414551085,0.632919909,0.021210798,0.617746618,0.648093199,0.012188434,0.038543212,-0.015383719,0.039760587,23.925471519,0.916830921,23.269610189,24.581332850,15.359358889,1.291080566,14.435775491,16.282942288
ram_heavy,hetero,low,spread,10,10,15.144000000,1.244750756,14.253558951,16.034441049,0.000000000,0.000000000,0.000000000,0.000000000,0.000224494,0.000709912,-0.000283347,0.000732334,0.000000000,0.000000000,0.000000000,0.000000000,0.802480135,0.007833062,0.796876700,0.808083570,0.388449928,0.036486901,0.362348772,0.414551085,0.632919909,0.021210798,0.617746618,0.648093199,0.004952336,0.015660661,-0.006250626,0.016155298,29.459205389,0.104739940,29.384278949,29.534131828,15.359358889,1.291080566,14.435775491,16.282942288
ram_heavy,hetero,low,tetris,10,10,15.144000000,1.244750756,14.253558951,16.034441049,0.000000000,0.000000000,0.000000000,0.000000000,0.000267791,0.000846830,-0.000337995,0.000873577,0.000000000,0.000000000,0.000000000,0.000000000,0.802480135,0.007833062,0.796876700,0.808083570,0.388449928,0.036486901,0.362348772,0.414551085,0.632919909,0.021210798,0.617746618,0.648093199,0.005907473,0.018681070,-0.007456159,0.019271105,26.619590002,0.549673193,26.226377487,27.012802516,15.359358889,1.291080566,14.435775491,16.282942288
ram_heavy,hetero,med,binpack,10,10,21.052000000,1.306095113,20.117675841,21.986324159,2.537280117,1.996242931,1.109253950,3.965306283,0.601988896,0.381505781,0.329076101,0.874901691,28.900000000,22.761810121,12.617181938,45.182818062,0.783075499,0.014256628,0.772876921,0.793274076,0.537413268,0.041163428,0.507966725,0.566859810,0.872677595,0.013258031,0.863193370,0.882161819,16.053710657,11.227259105,8.022213322,24.085207992,27.630141307,0.209147528,27.480526179,27.779756436,21.293071138,1.201649632,20.433462775,22.152679501
ram_heavy,hetero,med,hybrid,10,10,21.068000000,1.318591841,20.124736220,22.011263780,2.584203730,1.917484135,1.212518212,3.955889248,0.583553933,0.358650984,0.326990474,0.840117391,29.200000000,23.049704746,12.711234530,45.688765470,0.783644260,0.014179391,0.773500935,0.793787586,0.537208098,0.041625007,0.507431361,0.566984834,0.872207956,0.013280595,0.862707591,0.881708322,15.504295012,10.507851933,7.987430564,23.021159459,27.440309064,0.219538939,27.283260368,27.597357761,21.328639269,1.249864931,20.434539759,22.222738779
ram_heavy,hetero,med,spread,10,10,21.058000000,1.298321994,20.129236395,21.986763605,2.643829412,1.864969877,1.309710330,3.977948493,0.596988102,0.373900302,0.329515939,0.864460265,29.000000000,23.366642891,12.284510639,45.715489361,0.783317670,0.014631425,0.772850979,0.793784360,0.537052680,0.041387181,0.507446074,0.566659285,0.872031913,0.013088268,0.862669130,0.881394696,15.863121574,10.945088427,8.033476982,23.692766167,29.620555028,0.069841529,29.570593408,29.670516648,21.288713212,1.236630242,20.404081228,22.173345195
ram_heavy,hetero,med,tetris,10,10,21.034000000,1.339056052,20.076097006,21.991902994,2.797120610,2.005727024,1.362309933,4.231931288,0.604122381,0.350198529,0.353605444,0.854639317,30.400000000,20.961340076,15.405160619,45.394839381,0.782330425,0.013798027,0.772459911,0.792200938,0.536855201,0.041614988,0.507085633,0.566624770,0.871210170,0.013106834,0.861834106,0.880586234,16.002324233,10.306983956,8.629152080,23.375496386,28.346741763,0.209838399,28.196632415,28.496851111,21.264337201,1.282811272,20.346669299,22.182005103
ram_heavy,homog,high,binpack,10,10,22.162000000,0.233323809,21.995090202,22.328909798,16.296026513,2.366195871,14.603351956,17.988701070,5.525886359,0.826631474,4.934549826,6.117222893,308.000000000,37.727090178,281.011665499,334.988334501,0.656181839,0.015892468,0.644813052,0.667550626,0.551816901,0.005454944,0.547914670,0.555719133,0.911104434,0.004768375,0.907693344,0.914515524,142.962929638,23.575129158,126.098298186,159.827561089,27.796254514,0.142974639,27.693976619,27.898532410,21.924334391,0.181694492,21.794357981,22.054310801
ram_heavy,homog,high,hybrid,10,10,22.222000000,0.275108060,22.025199550,22.418800450,16.687974328,2.223751068,15.097198644,18.278750011,5.447188595,0.780773333,4.888656999,6.005720191,306.900000000,35.685197678,281.372347401,332.427652599,0.657914294,0.014386830,0.647622576,0.668206013,0.551914447,0.006309957,0.547400575,0.556428319,0.910790526,0.005150879,0.907105808,0.914475243,140.549495087,21.825098871,124.936759886,156.162230287,29.254217588,0.138878834,29.154869656,29.353565521,21.947748143,0.190599268,21.811401640,22.084094646
ram_heavy,homog,high,spread,10,10,22.180000000,0.256645021,21.996407212,22.363592788,16.666745541,2.152795196,15.126728630,18.206762451,5.477463688,0.799803892,4.905318450,6.049608926,306.100000000,36.734633976,279.821625898,332.378374102,0.656686044,0.014853116,0.646060766,0.667311323,0.552897599,0.005643345,0.548860593,0.556934606,0.910220353,0.005078371,0.906587506,0.913853201,141.455670925,22.380325242,125.445750705,157.465591144,29.734562037,0.045472485,29.702032981,29.767091092,21.932006196,0.202101377,21.787431579,22.076580812
ram_heavy,homog,high,tetris,10,10,22.196000000,0.255395119,22.013301338,22.378698662,16.512802227,2.142221381,14.980349369,18.045255086,5.451477932,0.806301425,4.874684640,6.028271225,307.800000000,39.888177029,279.265717097,336.334282903,0.657191950,0.016331970,0.645508762,0.668875138,0.552156875,0.006409121,0.547572066,0.556741684,0.911094099,0.004708824,0.907725610,0.914462589,140.683187614,22.472119478,124.607601754,156.758773474,29.629860801,0.110161041,29.551056339,29.708665262,21.952218063,0.180639165,21.822996589,22.081439537
ram_heavy,homog,low,binpack,10,10,14.564000000,0.565669711,14.159344266,14.968655734,0.000000000,0.000000000,0.000000000,0.000000000,0.000000000,0.000000000,0.000000000,0.000000000,0.000000000,0.000000000,0.000000000,0.000000000,0.799480841,0.010959928,0.791640580,0.807321101,0.370445063,0.012414854,0.361564011,0.379326114,0.632944580,0.023740541,0.615961620,0.649927540,0.000000000,0.000000000,0.000000000,0.000000000,21.091926396,0.761039521,20.547511518,21.636341273,14.834965939,0.454875824,14.509567377,15.160364501
ram_heavy,homog,low,hybrid,10,10,14.564000000,0.565669711,14.159344266,14.968655734,0.000000000,0.000000000,0.000000000,0.000000000,0.000016428,0.000051950,-0.000020735,0.000053590,0.000000000,0.000000000,0.000000000,0.000000000,0.799480841,0.010959928,0.791640580,0.807321101,0.370444182,0.012412894,0.361564532,0.379323832,0.632942466,0.023735931,0.615962804,0.649922128,0.000317059,0.001002628,-0.000400178,0.001034295,28.564822479,0.250655708,28.385514188,28.744130771,14.834965939,0.454875824,14.509567377,15.160364501
ram_heavy,homog,low,spread,10,10,14.564000000,0.565669711,14.159344266,14.968655734,0.000000000,0.000000000,0.000000000,0.000000000,0.000020194,0.000063857,-0.000025487,0.000065874,0.000000000,0.000000000,0.000000000,0.000000000,0.799480841,0.010959928,0.791640580,0.807321101,0.370443980,0.012412445,0.361564652,0.379323308,0.632941982,0.023734874,0.615963075,0.649920888,0.000389735,0.001232449,-0.000491906,0.001271376,29.507043782,0.084448900,29.446632678,29.567454886,14.834965939,0.454875824,14.509567377,15.160364501
ram_heavy,homog,low,tetris,10,10,14.564000000,0.565669711,14.159344266,14.968655734,0.000000000,0.000000000,0.000000000,0.000000000,0.000064926,0.000205313,-0.000081946,0.000211797,0.000000000,0.000000000,0.000000000,0.000000000,0.799480841,0.010959928,0.791640580,0.807321101,0.370441582,0.012407111,0.361566069,0.379317094,0.632936226,0.023722328,0.615966295,0.649906157,0.001253064,0.003962535,-0.001581563,0.004087690,29.347749793,0.131179278,29.253909791,29.441589795,14.834965939,0.454875824,14.509567377,15.160364501
ram_heavy,homog,med,binpack,10,10,20.342000000,0.388895873,20.063800652,20.620199348,2.632953948,2.389439185,0.923652126,4.342255771,0.557577949,0.381514909,0.284658624,0.830497274,31.200000000,24.710771381,13.522979042,48.877020958,0.781012350,0.014506108,0.770635305,0.791389395,0.515381933,0.010204695,0.508081934,0.522681932,0.874593853,0.014487212,0.864230326,0.884957380,13.898583134,9.326810692,7.226584695,20.570581573,27.019300538,0.332613018,26.781363519,27.257237558,20.644561435,0.351395317,20.393188369,20.895934502
ram_heavy,homog,med,hybrid,10,10,20.284000000,0.385146437,20.008482837,20.559517163,2.861108166,2.310430089,1.208326046,4.513890286,0.625347224,0.373935271,0.357850046,0.892844402,34.000000000,22.720524251,17.746716070,50.253283930,0.778774427,0.013664806,0.768999213,0.788549640,0.513980761,0.010119420,0.506741764,0.521219758,0.871753804,0.014362536,0.861479465,0.882028143,15.546855954,9.137195010,9.010500403,22.083211505,29.025674209,0.113096461,28.944769875,29.106578544,20.560227993,0.369497149,20.295905655,20.824550331
ram_heavy,homog,med,spread,10,10,20.282000000,0.387636714,20.004701399,20.559298601,2.878076914,2.403093648,1.159007277,4.597146551,0.615065837,0.389796881,0.336221947,0.893909727,33.800000000,24.854241757,16.020346517,51.579653483,0.778709491,0.014493363,0.768341564,0.789077418,0.514319863,0.010045960,0.507133416,0.521506310,0.872365397,0.014278151,0.862151423,0.882579371,15.333140153,9.567184956,8.489188324,22.177091982,29.654930647,0.059114230,29.612642875,29.697218420,20.554625652,0.331330493,20.317606096,20.791645208
ram_heavy,homog,med,tetris,10,10,20.268000000,0.386114548,19.991790291,20.544209709,2.952573796,2.400277076,1.235519014,4.669628579,0.636070398,0.391033827,0.356341649,0.915799146,34.700000000,23.673942544,17.764681710,51.635318290,0.778169351,0.014313042,0.767930417,0.788408284,0.513843738,0.009983344,0.506702084,0.520985392,0.871247743,0.014075924,0.861178433,0.881317053,15.821631392,9.566887974,8.977892011,22.665370773,29.541754278,0.076704751,29.486883005,29.596625552,20.534890247,0.332209370,20.297241980,20.772538515
tiny_large,hetero,high,binpack,10,10,26.906000000,1.193391060,26.052299464,27.759700536,14.224924594,2.063136452,12.749045685,15.700803502,4.219949517,0.873531277,3.595062886,4.844836149,269.400000000,61.299265901,225.549146808,313.250853192,0.686591790,0.021756205,0.671028338,0.702155241,0.910119813,0.004669756,0.906779271,0.913460356,0.567263681,0.039934041,0.538696589,0.595830773,133.373110895,29.630672253,112.176604871,154.569616919,28.091441644,0.163140980,27.974737617,28.208145671,25.175667797,1.022310439,24.444350964,25.906984629
tiny_large,hetero,high,hybrid,10,10,27.074000000,1.272374857,26.163797859,27.984202141,14.624741998,2.301183988,12.978574140,16.270909855,4.012233016,0.800090912,3.439882457,4.584583575,261.500000000,56.625965775,220.992224326,302.007775674,0.690776392,0.020945699,0.675792741,0.705760043,0.912856587,0.004880733,0.909365121,0.916348053,0.569894604,0.041231905,0.540399076,0.599390132,126.018657669,26.968990803,106.726203852,145.311111487,28.473924374,0.140510984,28.373408871,28.574439876,25.215312144,1.000129841,24.499862356,25.930761932
tiny_large,hetero,high,spread,10,10,27.188000000,1.220498987,26.314907621,28.061092379,14.564585894,2.457902566,12.806308320,16.322863469,3.928610919,0.797975326,3.357773759,4.499448079,255.200000000,60.976862643,211.579780205,298.820219795,0.693776516,0.021987053,0.678047925,0.709505106,0.912869392,0.005412784,0.908997319,0.916741464,0.571398827,0.040388159,0.542506878,0.600290775,123.443908576,27.284783075,103.925550576,142.962266577,29.740462141,0.041454390,29.710807457,29.770116824,25.191585517,0.959735958,24.505031772,25.878139262
tiny_large,hetero,high,tetris,10,10,27.234000000,1.143485898,26.415999466,28.052000534,14.296450232,1.778112366,13.024465271,15.568435192,3.868584252,0.771665307,3.316568145,4.420600359,253.300000000,53.576632551,214.973585907,291.626414093,0.694944767,0.019005820,0.681348823,0.708540712,0.913203598,0.004450697,0.910019762,0.916387435,0.572418623,0.040906754,0.543155694,0.601681553,121.439661927,26.744046624,102.308123482,140.571200372,28.890914124,0.158883718,28.777255559,29.004572689,25.174273670,0.977629718,24.474919499,25.873627840
tiny_large,hetero,low,binpack,10,10,16.952000000,0.760362487,16.408069444,17.495930556,0.000000000,0.000000000,0.000000000,0.000000000,0.000053898,0.000170442,-0.000068028,0.000175825,0.000000000,0.000000000,0.000000000,0.000000000,0.801667148,0.013532961,0.791986251,0.811348046,0.632705342,0.023161658,0.616136490,0.649274194,0.364527870,0.022574506,0.348379041,0.380676699,0.001207326,0.003817900,-0.001523835,0.003938487,22.604735713,0.656401350,22.135174474,23.074296951,17.230109664,0.793204521,16.662685332,17.797533996
tiny_large,hetero,low,hybrid,10,10,16.952000000,0.760362487,16.408069444,17.495930556,0.000000000,0.000000000,0.000000000,0.000000000,0.000219123,0.000692928,-0.000276568,0.000714814,0.000000000,0.000000000,0.000000000,0.000000000,0.801667148,0.013532961,0.791986251,0.811348046,0.632705342,0.023161658,0.616136490,0.649274194,0.364527870,0.022574506,0.348379041,0.380676699,0.004908358,0.015521591,-0.006195119,0.016011835,26.190437875,0.759210234,25.647331591,26.733544159,17.230109664,0.793204521,16.662685332,17.797533996
tiny_large,hetero,low,spread,10,10,16.952000000,0.760362487,16.408069444,17.495930556,0.000000000,0.000000000,0.000000000,0.000000000,0.000194091,0.000613770,-0.000244973,0.000633156,0.000000000,0.000000000,0.000000000,0.000000000,0.801667148,0.013532961,0.791986251,0.811348046,0.632705342,0.023161658,0.616136490,0.649274194,0.364527870,0.022574506,0.348379041,0.380676699,0.004347641,0.013748448,-0.005487406,0.014182688,29.536131644,0.075712721,29.481970026,29.590293262,17.230109664,0.793204521,16.662685332,17.797533996
tiny_large,hetero,low,tetris,10,10,16.952000000,0.760362487,16.408069444,17.495930556,0.000000000,0.000000000,0.000000000,0.000000000,0.000030764,0.000097286,-0.000038830,0.000100358,0.000000000,0.000000000,0.000000000,0.000000000,0.801667148,0.013532961,0.791986251,0.811348046,0.632705342,0.023161658,0.616136490,0.649274194,0.364527870,0.022574506,0.348379041,0.380676699,0.000689124,0.002179200,-0.000869782,0.002248030,27.793823973,0.287171416,27.588393917,27.999254029,17.230109664,0.793204521,16.662685332,17.797533996
tiny_large,hetero,med,binpack,10,10,23.790000000,1.034483231,23.049975276,24.530024724,2.324217726,1.239199690,1.437747670,3.210687782,0.395463784,0.227492903,0.232725165,0.558202403,17.400000000,13.500617270,7.742240201,27.057759799,0.790618805,0.010725750,0.782946066,0.798291544,0.870769881,0.016770983,0.858772642,0.882767120,0.509794428,0.038078390,0.482554789,0.537034067,11.513414028,6.817468711,6.636490704,16.390337351,27.509165250,0.317043388,27.282366073,27.735964427,23.800971664,1.047577630,23.051579772,24.550363556
tiny_large,hetero,med,hybrid,10,10,23.732000000,1.050680203,22.980388661,24.483611339,2.747549114,1.376548934,1.762825328,3.732272901,0.425248002,0.229025049,0.261413352,0.589082653,21.200000000,13.652838533,11.433347670,30.966652330,0.788678144,0.011602679,0.780378088,0.796978200,0.867798535,0.017239053,0.855466460,0.880130611,0.507980076,0.038492950,0.480443879,0.535516274,12.300066864,6.786680232,7.445168291,17.154965436,28.087928209,0.270514452,27.894413828,28.281442591,23.712052216,1.125294480,22.907065039,24.517039393
tiny_large,hetero,med,spread,10,10,23.760000000,1.036832784,23.018294508,24.501705492,2.564169070,1.324765025,1.616489261,3.511848879,0.409112649,0.217387163,0.253603241,0.564622058,19.100000000,12.395787815,10.232587582,27.967412418,0.789609998,0.010200484,0.782313011,0.796906985,0.868831106,0.017095165,0.856601961,0.881060250,0.508988527,0.038055768,0.481765070,0.536211983,11.851023969,6.484019503,7.212635840,16.489412099,29.666923615,0.063175592,29.621730519,29.712116711,23.696265189,1.087652440,22.918205505,24.474324873
tiny_large,hetero,med,tetris,10,10,23.722000000,1.056385872,22.966307071,24.477692929,2.482110386,1.157626360,1.653994375,3.310226397,0.425285192,0.214551403,0.271804364,0.578766019,22.600000000,12.112436217,13.935285104,31.264714896,0.788333228,0.011249514,0.780285811,0.796380646,0.866705736,0.017022320,0.854528702,0.878882770,0.509139461,0.037663705,0.482196470,0.536082453,12.284620289,6.376959765,7.722818082,16.846422497,28.610766915,0.230199447,28.446092151,28.775441679,23.641615551,1.078245555,22.870285147,24.412945955
tiny_large,homog,high,binpack,10,10,27.436000000,0.372117066,27.169803487,27.702196513,13.849684793,2.462505575,12.088114425,15.611255162,3.913400770,0.857882809,3.299708377,4.527093162,252.500000000,44.774124472,220.470520851,284.529479149,0.695220193,0.016790828,0.683208758,0.707231628,0.916713634,0.009959298,0.909589181,0.923838086,0.598945556,0.011254998,0.590894216,0.606996897,125.704184295,30.918065126,103.586732889,147.821635701,27.755774391,0.266621191,27.565045081,27.946503702,25.635634349,0.320492247,25.406368007,25.864900691
tiny_large,homog,high,hybrid,10,10,27.540000000,0.456459807,27.213468325,27.866531675,13.859745098,2.331757922,12.191705966,15.527784231,3.812828585,0.884410262,3.180159597,4.445497574,249.500000000,52.988992568,211.593958227,287.406041773,0.697886580,0.019347791,0.684046005,0.711727156,0.915767262,0.010253400,0.908432421,0.923102103,0.600134451,0.012486732,0.591201981,0.609066921,121.736096203,31.191940746,99.422725980,144.049466425,29.139222540,0.140730518,29.038549992,29.239895088,25.602640794,0.298633921,25.389010956,25.816270632
tiny_large,homog,high,spread,10,10,27.340000000,0.505964426,26.978054854,27.701945146,14.006803381,2.609696371,12.139939060,15.873667703,3.988068394,0.876068138,3.361367002,4.614769787,259.600000000,47.051272270,225.941547448,293.258452552,0.692776525,0.018366186,0.679638148,0.705914903,0.914923665,0.009973578,0.907788997,0.922058333,0.597218604,0.012291072,0.588426101,0.606011107,127.887438666,31.457545941,105.384065933,150.390811399,29.772823365,0.038917892,29.744983182,29.800663548,25.597433136,0.325973773,25.364245547,25.830620726
tiny_large,homog,high,tetris,10,10,27.630000000,0.570555285,27.221849337,28.038150663,14.674563069,2.327013911,13.009917597,16.339208541,3.708979030,0.943241137,3.034224969,4.383733091,243.200000000,59.381628285,200.720942120,285.679057880,0.700170745,0.021349643,0.684898131,0.715443360,0.914445073,0.011211208,0.906425058,0.922465089,0.601600897,0.015482788,0.590525178,0.612676617,117.630508733,33.080452967,93.966178251,141.294839215,29.656903209,0.079776412,29.599834602,29.713971816,25.510855333,0.344420029,25.264472087,25.757238579
tiny_large,homog,low,binpack,10,10,17.050000000,0.552509427,16.654758566,17.445241434,0.000000000,0.000000000,0.000000000,0.000000000,0.000023426,0.000074080,-0.000029567,0.000076420,0.000000000,0.000000000,0.000000000,0.000000000,0.798360906,0.015276413,0.787432818,0.809288993,0.634966474,0.021061549,0.619899950,0.650032998,0.379740557,0.012957744,0.370471145,0.389009968,0.000522403,0.001651985,-0.000659355,0.001704162,21.242038516,0.636510164,20.786706574,21.697370457,17.387322157,0.601269392,16.957199945,17.817444369
tiny_large,homog,low,hybrid,10,10,17.050000000,0.552509427,16.654758566,17.445241434,0.000000000,0.000000000,0.000000000,0.000000000,0.000411474,0.001301195,-0.000519345,0.001342293,0.000000000,0.000000000,0.000000000,0.000000000,0.798360906,0.015276413,0.787432818,0.809288993,0.634966474,0.021061549,0.619899950,0.650032998,0.379740557,0.012957744,0.370471145,0.389009968,0.009175873,0.029016657,-0.011581393,0.029933139,28.326455207,0.287990882,28.120438941,28.532471473,17.387322157,0.601269392,16.957199945,17.817444369
tiny_large,homog,low,spread,10,10,17.050000000,0.552509427,16.654758566,17.445241434,0.000000000,0.000000000,0.000000000,0.000000000,0.000331690,0.001048897,-0.000418645,0.001082026,0.000000000,0.000000000,0.000000000,0.000000000,0.798360906,0.015276413,0.787432818,0.809288993,0.634966474,0.021061549,0.619899950,0.650032998,0.379740557,0.012957744,0.370471145,0.389009968,0.007396693,0.023390396,-0.009335788,0.024129174,29.578100534,0.072276086,29.526397337,29.629803731,17.387322157,0.601269392,16.957199945,17.817444369
tiny_large,homog,low,tetris,10,10,17.050000000,0.552509427,16.654758566,17.445241434,0.000000000,0.000000000,0.000000000,0.000000000,0.000552873,0.001748339,-0.000697813,0.001803560,0.000000000,0.000000000,0.000000000,0.000000000,0.798360906,0.015276413,0.787432818,0.809288993,0.634966474,0.021061549,0.619899950,0.650032998,0.379740557,0.012957744,0.370471145,0.389009968,0.012329075,0.038987960,-0.015561231,0.040219382,29.431577112,0.107943885,29.354358709,29.508795515,17.387322157,0.601269392,16.957199945,17.817444369
tiny_large,homog,med,binpack,10,10,23.878000000,0.583129488,23.460854294,24.295145706,2.092881775,1.322686243,1.146689036,3.039074513,0.372731308,0.269247254,0.180123425,0.565339190,17.800000000,14.428367121,7.478567938,28.121432062,0.787857290,0.012371931,0.779006944,0.796707636,0.874218066,0.016528406,0.862394356,0.886041775,0.530403549,0.009519224,0.523593906,0.537213191,11.042267987,8.248550444,5.141610463,16.942925511,27.070137556,0.380900879,26.797657482,27.342617630,23.868783538,0.529926643,23.489696854,24.247870222
tiny_large,homog,med,hybrid,10,10,23.842000000,0.585942735,23.422841818,24.261158182,2.567695487,1.197079381,1.711356485,3.424034489,0.441161151,0.240126688,0.269384867,0.612937435,20.300000000,11.304374768,12.213337442,28.386662558,0.786648515,0.010944445,0.778819331,0.794477699,0.866086128,0.016523495,0.854265932,0.877906325,0.528932252,0.010259862,0.521592788,0.536271715,12.903084160,7.368183946,7.632202890,18.173965430,28.965533196,0.248072588,28.788072757,29.142993636,23.671146195,0.557734257,23.272167143,24.070125248
tiny_large,homog,med,spread,10,10,23.844000000,0.573162765,23.433984058,24.254015942,2.235675803,1.206480435,1.372611692,3.098739915,0.401662842,0.258757147,0.216559130,0.586766555,19.000000000,12.901334987,9.770940921,28.229059079,0.786746804,0.012607966,0.777727609,0.795766000,0.871047456,0.016455942,0.859275584,0.882819328,0.530384672,0.009558031,0.523547268,0.537222075,11.844194461,7.984247710,6.132607723,17.555781199,29.704670374,0.050593260,29.668478136,29.740862612,23.767020894,0.597588873,23.339531567,24.194510222
tiny_large,homog,med,tetris,10,10,23.810000000,0.580440446,23.394777919,24.225222081,2.823141674,1.231462410,1.942206534,3.704076813,0.476047797,0.253061419,0.295018563,0.657077031,22.800000000,13.822686666,12.911845635,32.688154365,0.785607730,0.011771557,0.777186865,0.794028595,0.862865162,0.015288382,0.851928513,0.873801812,0.528064609,0.009852929,0.521016249,0.535112970,13.821943501,7.720014519,8.299377800,19.344509201,29.551195230,0.160829363,29.436144835,29.666245625,23.526581519,0.581435294,23.110647765,23.942515272
