split,family,cluster_config,load,policy,seed,target_rho,realized_rho_cpu,realized_rho_ram,realized_rho,arrival_rate,observation_horizon,duration_min,duration_max,submitted,feasible_jobs,permanently_infeasible,started_by_horizon,completed_by_horizon,running_at_horizon,queued_at_horizon,admission_ratio_horizon,completion_ratio_horizon,throughput_horizon,mean_wait_time,p95_wait_time,mean_turnaround_time,p95_turnaround_time,mean_slowdown,p95_slowdown,time_weighted_cpu_utilization,time_weighted_ram_utilization,time_weighted_queue_length,time_weighted_active_nodes,horizon_active_nodes,horizon_cpu_utilization,horizon_ram_utilization,horizon_free_imbalance,makespan,drained_throughput,params
tune,balanced,homog,low,binpack,0,0.7,0.6781364867457462,0.4068818920474478,0.6781364867457462,16.128,50.0,8.0,12.0,777,777,0,777,629,148,0,1.0,0.8095238095238095,12.58,0.0,0.0,10.069739682008287,11.841006392266266,1.0,1.0000000000000004,0.6147456838339287,0.36884741030035734,0.0,20.6969722243432,21,0.6293402777777778,0.3776041666666667,0.2517361111111111,61.22151904347892,12.691615826261714,{}
tune,balanced,homog,low,binpack,1,0.7,0.744437779663352,0.4466626677980112,0.744437779663352,16.128,50.0,8.0,12.0,860,860,0,860,685,175,0,1.0,0.7965116279069767,13.7,0.0,0.0,9.963272479293444,11.755197770319896,1.0,1.0000000000000004,0.6673193746875742,0.4003916248125442,0.0,22.362846594799905,25,0.751736111111111,0.4510416666666667,0.3006944444444445,61.218386369469634,14.048067108624291,{}
tune,balanced,homog,low,binpack,2,0.7,0.6951739922715086,0.4171043953629051,0.6951739922715086,16.128,50.0,8.0,12.0,801,801,0,801,627,174,0,1.0,0.7827715355805244,12.54,0.0,0.0,9.984937097701621,11.75441557136871,1.0,1.0000000000000004,0.6193791316394072,0.3716274789836443,0.0,20.938708653267486,24,0.75,0.45,0.3,61.19119820020023,13.090117918256075,{}
tune,balanced,homog,low,binpack,3,0.7,0.6946973506031504,0.4168184103618902,0.6946973506031504,16.128,50.0,8.0,12.0,798,798,0,798,644,154,0,1.0,0.8070175438596491,12.88,0.0,0.0,10.019659712022875,11.83551436194297,1.0,1.0000000000000002,0.6246596530065552,0.37479579180393346,0.0,21.254113310021012,21,0.634548611111111,0.3807291666666667,0.25381944444444443,61.2302161421334,13.032781039799149,{}
tune,balanced,homog,low,binpack,4,0.7,0.6989281305470866,0.4193568783282519,0.6989281305470866,16.128,50.0,8.0,12.0,805,805,0,805,658,147,0,1.0,0.8173913043478261,13.16,0.0,0.0,9.988578199132247,11.813511295519264,1.0,1.0000000000000004,0.6382149680401097,0.3829289808240667,0.0,21.649789081378767,23,0.6223958333333334,0.3734375,0.24895833333333334,60.82125416360061,13.235504776581282,{}
tune,balanced,homog,low,binpack,5,0.7,0.7426922277684548,0.44561533666107284,0.7426922277684548,16.128,50.0,8.0,12.0,849,849,0,849,656,193,0,1.0,0.7726737338044759,13.12,0.0,0.0,10.079362385220529,11.836420916917064,1.0,1.0000000000000004,0.6567235288708713,0.394034117322523,0.0,21.238452373388892,27,0.8272569444444444,0.49635416666666665,0.3309027777777778,61.38054721681969,13.83174374449621,{}
tune,balanced,homog,low,binpack,6,0.7,0.686663577393827,0.41199814643629623,0.686663577393827,16.128,50.0,8.0,12.0,794,794,0,794,648,146,0,1.0,0.8161209068010076,12.96,0.0,0.0,9.940081302942259,11.810687061642074,1.0,1.0000000000000004,0.62323327667136,0.3739399660028158,0.0,21.32597307998458,21,0.607638888888889,0.3645833333333333,0.24305555555555555,61.220644067933776,12.969481325922253,{}
tune,balanced,homog,low,binpack,7,0.7,0.7089694750330311,0.42538168501981866,0.7089694750330311,16.128,50.0,8.0,12.0,815,815,0,815,642,173,0,1.0,0.7877300613496933,12.84,0.0,0.0,10.012689936717218,11.812167550430807,1.0,1.0000000000000002,0.6327695129249487,0.379661707754969,0.0,21.320993001752434,23,0.724826388888889,0.4348958333333333,0.2899305555555555,61.41478295434365,13.27042058596672,{}
tune,balanced,homog,low,binpack,8,0.7,0.7138293849664169,0.42829763097985013,0.7138293849664169,16.128,50.0,8.0,12.0,822,822,0,822,646,176,0,1.0,0.7858880778588808,12.92,0.0,0.0,10.00654726967646,11.800302663922999,1.0,1.0000000000000004,0.6369817118485507,0.38218902710913033,0.0,21.077321698468012,24,0.7456597222222222,0.4473958333333333,0.29826388888888894,61.06273026183202,13.461566432999815,{}
tune,balanced,homog,low,binpack,9,0.7,0.7591212830553442,0.4554727698332065,0.7591212830553442,16.128,50.0,8.0,12.0,874,874,0,874,699,175,0,1.0,0.799771167048055,13.98,0.0,0.0,10.018494447428187,11.84256633935601,1.0,1.0000000000000002,0.6882131352242036,0.41292788113452256,0.0,22.82118259276467,25,0.7309027777777778,0.43854166666666666,0.2923611111111111,60.890236006421425,14.353697034575935,{}
tune,balanced,homog,med,binpack,0,1.0,0.9795941437938344,0.5877564862763006,0.9795941437938344,23.04,50.0,8.0,12.0,1121,1121,0,1111,886,225,10,0.9910793933987511,0.7903657448706513,17.72,0.24821640574752005,1.056989334624955,10.317552267181144,12.076517878169522,1.0250192439743018,1.1072182029509097,0.8688579399383226,0.5213147639629939,5.51479920097104,26.943515762978503,30,0.9791666666666666,0.5875,0.39166666666666666,61.84355573938514,18.126383365212778,{}
tune,balanced,homog,med,binpack,1,1.0,1.017138481645064,0.6102830889870383,1.017138481645064,23.04,50.0,8.0,12.0,1175,1175,0,1154,934,220,21,0.9821276595744681,0.7948936170212766,18.68,0.672873094900159,2.7688737473436973,10.656067001657723,13.261028786664653,1.0677108721217288,1.2793236277988398,0.8949725809327604,0.5369835485596564,15.440694897352568,27.55662731184879,30,0.9809027777777779,0.5885416666666666,0.3923611111111111,62.758207635553816,18.722650698111053,{}
tune,balanced,homog,med,binpack,2,1.0,0.9918033896379667,0.59508203378278,0.9918033896379667,23.04,50.0,8.0,12.0,1143,1143,0,1131,904,227,12,0.989501312335958,0.7909011373578303,18.08,0.3119048583239429,1.3165219407867,10.310220007698828,12.240677694904196,1.0315753988229546,1.134009771822153,0.8789189065071885,0.5273513439043149,6.920170669640245,27.179281429696765,30,0.951388888888889,0.5708333333333333,0.3805555555555556,63.47017740521094,18.00845762101429,{}
tune,balanced,homog,med,binpack,3,1.0,0.9681803630878479,0.5809082178527087,0.9681803630878479,23.04,50.0,8.0,12.0,1112,1112,0,1112,897,215,0,1.0,0.8066546762589928,17.94,0.20266797568830533,1.0601489784297193,10.229692554263682,12.04095727692307,1.0206736855264678,1.109757730889514,0.8760298547589846,0.5256179128553914,4.507335779307909,27.387489650297777,30,0.9019097222222222,0.5411458333333333,0.36076388888888894,61.433330596423545,18.100923215527846,{}
tune,balanced,homog,med,binpack,4,1.0,1.0157890091273427,0.6094734054764056,1.0157890091273427,23.04,50.0,8.0,12.0,1172,1172,0,1129,900,229,43,0.9633105802047781,0.7679180887372014,18.0,0.6750634953922703,2.463626298042854,10.664445096326734,12.865982758873137,1.068912043565768,1.2544599614106835,0.8819425360263472,0.5291655216158101,14.847687865874457,27.244741900164048,30,0.9835069444444445,0.5901041666666667,0.3934027777777778,63.39923287316492,18.48602809350512,{}
tune,balanced,homog,med,binpack,5,1.0,1.0406899918764465,0.6244139951258679,1.0406899918764465,23.04,50.0,8.0,12.0,1193,1193,0,1143,913,230,50,0.9580888516345348,0.7652975691533948,18.26,0.8145228428642902,3.7670042878621786,10.871770757339615,14.069585027083555,1.0822857652810738,1.3696603225669628,0.8821085484634438,0.5292651290780662,17.791542320712587,27.22080863315328,30,0.9852430555555556,0.5911458333333334,0.39409722222222227,64.91816997893056,18.376981365728465,{}
tune,balanced,homog,med,binpack,6,1.0,0.9495965037325823,0.5697579022395494,0.9495965037325823,23.04,50.0,8.0,12.0,1104,1104,0,1104,911,193,0,1.0,0.8251811594202898,18.22,0.20899757519756212,1.2441417420134435,10.133134896412992,11.999779113561747,1.021508004882694,1.122950848270739,0.8662960043093474,0.5197776025856081,4.614666460362175,27.22394837593276,30,0.845486111111111,0.5072916666666667,0.33819444444444446,61.02529139496214,18.090859949439572,{}
tune,balanced,homog,med,binpack,7,1.0,1.0283638056021505,0.6170182833612903,1.0283638056021505,23.04,50.0,8.0,12.0,1185,1185,0,1154,923,231,31,0.9738396624472574,0.7789029535864979,18.46,0.5344347979286507,2.493928483895992,10.541765953259336,12.742471580548056,1.054452696930003,1.2599219300520332,0.8927083549761745,0.5356250129857034,11.943741320490894,27.490467265878227,30,0.9713541666666666,0.5828125,0.3885416666666667,63.36812011865194,18.700254919684827,{}
tune,balanced,homog,med,binpack,8,1.0,1.0364824073047763,0.6218894443828658,1.0364824073047763,23.04,50.0,8.0,12.0,1193,1193,0,1146,911,235,47,0.9606035205364627,0.7636211232187762,18.22,0.7200825985241219,2.7103532395266683,10.729630351024054,13.320692197275285,1.0727872165890382,1.2757319162336802,0.8882421717669005,0.5329453030601399,15.83770196770173,27.41145472906433,30,0.9809027777777778,0.5885416666666666,0.3923611111111111,64.53168454227033,18.487042581672366,{}
tune,balanced,homog,med,binpack,9,1.0,1.0334701007742013,0.6200820604645209,1.0334701007742013,23.04,50.0,8.0,12.0,1192,1192,0,1151,923,228,41,0.9656040268456376,0.7743288590604027,18.46,1.6103804009094054,4.091849909532748,11.618121395289496,14.736131521726286,1.1636353605661351,1.430098910739091,0.8872023029383921,0.5323213817630357,37.35548622488661,27.37649667807118,30,0.9791666666666666,0.5875,0.39166666666666666,64.48092164783692,18.48608812557174,{}
tune,balanced,homog,high,binpack,0,1.3,1.2743643961933528,0.7646186377160117,1.2743643961933528,29.952,50.0,8.0,12.0,1460,1460,0,1189,953,236,271,0.8143835616438356,0.6527397260273973,19.06,5.614886953436001,13.973548064723857,15.682764237948106,24.491526277822345,1.5655208923431607,2.478691110463793,0.9015393313285928,0.5409235987971561,126.21621554214619,27.74477890966426,30,0.9774305555555556,0.5864583333333333,0.3909722222222222,75.93346307393702,19.227359597419998,{}
tune,balanced,homog,high,binpack,1,1.3,1.314361319544492,0.7886167917266953,1.314361319544492,29.952,50.0,8.0,12.0,1514,1514,0,1237,990,247,277,0.8170409511228534,0.6538969616908851,19.8,5.890432254012967,20.222654588215654,15.890177724114132,30.194755387562648,1.5952926337777784,3.054224903694315,0.9093819514744265,0.5456291708846552,138.21448132010528,28.02754999819526,30,0.9756944444444444,0.5854166666666667,0.3902777777777778,77.54001780537043,19.525401758356836,{}
tune,balanced,homog,high,binpack,2,1.3,1.2838476993084824,0.7703086195850894,1.2838476993084824,29.952,50.0,8.0,12.0,1480,1480,0,1227,985,242,253,0.8290540540540541,0.6655405405405406,19.7,5.2143944787086225,19.527379794128954,15.201986533951027,29.071632582874223,1.527388432670743,2.8543892539734097,0.9085065379599202,0.5451039227759515,120.33825901779566,27.943177483105853,30,0.9774305555555556,0.5864583333333333,0.3909722222222222,76.19231146715885,19.424532101745253,{}
tune,balanced,homog,high,binpack,3,1.3,1.2657659261131957,0.7594595556679175,1.2657659261131957,29.952,50.0,8.0,12.0,1456,1456,0,1178,941,237,278,0.8090659340659341,0.6462912087912088,18.82,5.641018744261558,14.09741229922497,15.658345649301102,23.637591614059424,1.5721050425541252,2.3532474773787584,0.9148772339688845,0.54892634038133,131.98466963768317,28.06879722400755,30,0.9791666666666666,0.5875,0.39166666666666666,75.35925102471916,19.320786502010304,{}
tune,balanced,homog,high,binpack,4,1.3,1.3354451540585348,0.8012670924351208,1.3354451540585348,29.952,50.0,8.0,12.0,1536,1536,0,1194,958,236,342,0.77734375,0.6236979166666666,19.16,6.491781609483084,20.59237634701119,16.488197654664177,30.637579163300288,1.6577405595051953,3.083435969789313,0.9055692230494046,0.5433415338296423,148.56200397403322,27.864549433469957,30,0.9774305555555556,0.5864583333333333,0.3909722222222222,79.45844511290163,19.33085901463985,{}
tune,balanced,homog,high,binpack,5,1.3,1.312455432302758,0.7874732593816547,1.312455432302758,29.952,50.0,8.0,12.0,1506,1506,0,1211,971,240,295,0.8041168658698539,0.6447543160690571,19.42,6.461062502914559,16.41915530987999,16.513141884953768,26.69225289883233,1.652489250324143,2.7286373396188357,0.9051804263592621,0.5431082558155579,148.7992239637517,27.8130133080623,30,0.9791666666666666,0.5875,0.39166666666666666,77.93447832871647,19.323924818588093,{}
tune,balanced,homog,high,binpack,6,1.3,1.251321189207243,0.7507927135243457,1.251321189207243,29.952,50.0,8.0,12.0,1447,1447,0,1211,976,235,236,0.8369039391845197,0.6744989633724948,19.52,5.045672428374917,13.224155654756835,14.99272841113829,23.038587365205082,1.5130896581270774,2.3177450979232406,0.9098034899439318,0.5458820939663592,118.01484997680134,27.900777791753494,30,0.9809027777777778,0.5885416666666666,0.3923611111111111,75.05465297850193,19.279284395791787,{}
tune,balanced,homog,high,binpack,7,1.3,1.3394827708473074,0.8036896625083845,1.3394827708473074,29.952,50.0,8.0,12.0,1542,1542,0,1180,943,237,362,0.7652399481193255,0.6115434500648509,18.86,6.832248683272837,18.322448220614092,16.832104385292336,28.317345094916327,1.6921382357866197,2.871515289885241,0.9172991590328706,0.5503794954197215,157.50714736446076,28.133677969022102,30,0.9791666666666666,0.5875,0.39166666666666666,78.17178333878027,19.725787670946335,{}
tune,balanced,homog,high,binpack,8,1.3,1.3264243610855624,0.7958546166513375,1.3264243610855624,29.952,50.0,8.0,12.0,1526,1526,0,1195,959,236,331,0.7830930537352556,0.6284403669724771,19.18,6.404155657744953,17.723635432716257,16.421934113510044,27.524321126800743,1.6490279507786643,2.766332513616228,0.9139927599272759,0.5483956559563665,148.3284673468678,27.987746030534964,30,0.982638888888889,0.5895833333333333,0.3930555555555556,78.44555019207192,19.45298358241644,{}
tune,balanced,homog,high,binpack,9,1.3,1.3305797071652783,0.798347824299167,1.3305797071652783,29.952,50.0,8.0,12.0,1531,1531,0,1237,993,244,294,0.8079686479425212,0.6485956890920966,19.86,6.642292896462569,22.79048241002866,16.64107109046827,32.135950703188854,1.6728211012400762,3.2204334701593593,0.9160560277303962,0.5496336166382388,159.55463685864999,28.13807321531506,30,0.978298611111111,0.5869791666666667,0.39131944444444444,77.32113746282846,19.800536441099517,{}
tune,balanced,hetero,low,binpack,0,0.7,0.6876152894455293,0.36771815682419445,0.6876152894455293,14.628927030062037,50.0,8.0,12.0,714,714,0,714,576,138,0,1.0,0.8067226890756303,11.52,0.0,0.0,10.056270978908607,11.834518215568707,1.0,1.0000000000000004,0.6185835114047898,0.3308018191960615,0.0,22.292271727367325,24,0.6974453702186066,0.4515600765773011,0.24862592848489656,61.6610548502255,11.579432134826492,{}
tune,balanced,hetero,low,binpack,1,0.7,0.7401432502786636,0.46960593521795074,0.7401432502786636,16.73017658030946,50.0,8.0,12.0,884,884,0,884,716,168,0,1.0,0.8099547511312217,14.32,0.0,0.0,9.959895064320898,11.752548636707637,1.0,1.0000000000000002,0.6691347050497175,0.4245524482366796,0.0,24.00566636753212,27,0.7021761447582863,0.5202822722629569,0.2341831672138353,61.26054393850447,14.430168966298943,{}
tune,balanced,hetero,low,binpack,2,0.7,0.6939547275227238,0.41430249479351794,0.6939547275227238,16.0017997263536,50.0,8.0,12.0,794,794,0,794,625,169,0,1.0,0.7871536523929471,12.5,0.0,0.0,9.986418157875383,11.766920806068676,1.0,1.0000000000000004,0.6178721117346223,0.3688799098880849,0.0,22.191537935933123,25,0.7552457353540503,0.5274552326583749,0.26055145363768983,61.35620664959349,12.940826093349443,{}
tune,balanced,hetero,low,binpack,3,0.7,0.6927578948116985,0.4554445410617372,0.6927578948116985,16.637353299637304,50.0,8.0,12.0,824,824,0,824,664,160,0,1.0,0.8058252427184466,13.28,0.0,0.0,10.021642056827474,11.832393573383754,1.0,1.0000000000000002,0.6220980756460376,0.4089901748936589,0.0,23.39700892578383,23,0.6322440987176666,0.5186274392048916,0.19265391701439402,61.16415395616082,13.471943069638451,{}
tune,balanced,hetero,low,binpack,4,0.7,0.7107959010908558,0.40868497949618365,0.7107959010908558,15.196413400692828,50.0,8.0,12.0,770,770,0,770,612,158,0,1.0,0.7948051948051948,12.24,0.0,0.0,9.995328775283067,11.815079033059947,1.0,1.0000000000000002,0.6419392782217781,0.3690946168305607,0.0,22.739991426339984,25,0.7232738927877442,0.5036881031713648,0.2459617962246982,60.98647879801561,12.625749431283028,{}
tune,balanced,hetero,low,binpack,5,0.7,0.738666781374561,0.4869003464071354,0.738666781374561,16.752966566668146,50.0,8.0,12.0,879,879,0,879,676,203,0,1.0,0.7690557451649602,13.52,0.0,0.0,10.071402319317848,11.82790212605713,1.0,1.0000000000000004,0.659145468141945,0.4344829967496067,0.0,23.685133794294625,29,0.8432558874735643,0.6351034759828621,0.2976349993206084,61.41720951024191,14.31194948467039,{}
tune,balanced,hetero,low,binpack,6,0.7,0.6832079446283014,0.39846848808864466,0.6832079446283014,16.41537915959306,50.0,8.0,12.0,807,807,0,807,657,150,0,1.0,0.8141263940520446,13.14,0.0,0.0,9.941947973920836,11.7990060524183,1.0,1.0000000000000002,0.6214047791040227,0.36242292667622705,0.0,22.419020635162695,22,0.6038034358377354,0.4484914916153998,0.1966466598242672,61.44732066676537,13.13320078472481,{}
tune,balanced,hetero,low,binpack,7,0.7,0.702570918072425,0.39076392838895213,0.702570918072425,15.693874783361823,50.0,8.0,12.0,788,788,0,788,628,160,0,1.0,0.7969543147208121,12.56,0.0,0.0,10.017743545111824,11.809790203446951,1.0,1.0000000000000002,0.6303897744197006,0.3506173943896067,0.0,22.195585228296284,24,0.6861045493786693,0.46337760004352335,0.25894539086534996,61.62737608312217,12.786525243864938,{}
tune,balanced,hetero,low,binpack,8,0.7,0.7098976300588902,0.3560938600177351,0.7098976300588902,14.444332262630176,50.0,8.0,12.0,729,729,0,729,582,147,0,1.0,0.7983539094650206,11.64,0.0,0.0,10.03981263368978,11.805323338452794,1.0,1.0000000000000004,0.6357372674745143,0.3188940601384275,0.0,23.219831547509493,26,0.6945979875332227,0.4305024001923704,0.2918535408939849,61.34966758677841,11.882704970957468,{}
tune,balanced,hetero,low,binpack,9,0.7,0.7575365580975546,0.45438324790328427,0.7575365580975546,16.2148517174765,50.0,8.0,12.0,877,877,0,877,702,175,0,1.0,0.8004561003420753,14.04,0.0,0.0,10.018511728789717,11.842566339356008,1.0,1.0000000000000002,0.6888404342829192,0.4131781502435083,0.0,23.96673550246097,27,0.7398652806114181,0.5042485545004128,0.2580096100506864,60.77942874996445,14.429224131207599,{}
tune,balanced,hetero,med,binpack,0,1.0,0.9844874956393914,0.5264774254872961,0.9844874956393914,20.89846718580291,50.0,8.0,12.0,1019,1019,0,1006,802,204,13,0.9872423945044161,0.7870461236506379,16.04,0.43197968476499976,1.9754163508257854,10.506999075509908,12.70103012132386,1.0431326164473402,1.20122937561418,0.859983693453331,0.4598961417953937,8.628769420894583,27.142960161263535,30,0.9743185956899361,0.5788237658489513,0.3983369696787828,62.856750924250036,16.211464719645114,{}
tune,balanced,hetero,med,binpack,1,1.0,1.015089347121277,0.6440536774539145,1.015089347121277,23.900252257584945,50.0,8.0,12.0,1215,1215,0,1170,945,225,45,0.9629629629629629,0.7777777777777778,18.9,1.3958024362213994,4.770085437656768,11.379757398249861,15.418397946172348,1.1408326236638986,1.493004251748712,0.8616820753745275,0.5467198636405154,32.167459925663366,27.744082431564294,30,0.950320740988541,0.6553855321592023,0.35302390066676564,65.41636620906873,18.573333714637965,{}
tune,balanced,hetero,med,binpack,2,1.0,0.9953171511556602,0.5942208655406329,0.9953171511556602,22.859713894790858,50.0,8.0,12.0,1137,1137,0,1098,874,224,39,0.9656992084432717,0.7686895338610378,17.48,0.847095209832148,2.3716880773296296,10.84305893887593,13.233783313842284,1.0858216345408354,1.2429399655033007,0.8600896652187641,0.5134878111116945,18.42354337803362,27.497581921582913,30,0.9494329106622956,0.6236445917845559,0.357541930907524,63.26974705964141,17.970674024162033,{}
tune,balanced,hetero,med,binpack,3,1.0,0.9711848662093369,0.6384926811942652,0.9711848662093369,23.767647570910434,50.0,8.0,12.0,1151,1151,0,1106,882,224,45,0.9609035621198957,0.7662901824500434,17.64,1.1756781087411214,3.035078784409265,11.20030436173048,13.877730303783991,1.1190311452866448,1.308115017570604,0.833425767327192,0.5479247785585085,25.8794563935861,27.74184207015588,30,0.9286446026785814,0.6829478528070634,0.3474002138104367,64.31098898124296,17.897407865018256,{}
tune,balanced,hetero,med,binpack,4,1.0,1.0171185501587006,0.5848107356540075,1.0171185501587006,21.709162000989757,50.0,8.0,12.0,1100,1100,0,1059,850,209,41,0.9627272727272728,0.7727272727272727,17.0,0.869229907824339,3.0237532779072787,10.876543350424498,13.67763664579251,1.0873798649945245,1.2946678471719841,0.8655178244767076,0.49764515215546956,17.77510705849211,27.46887572975558,30,0.961168232511892,0.627176300297958,0.36186765626697776,65.1188744604906,16.89218385780608,{}
tune,balanced,hetero,med,binpack,5,1.0,1.0390124830586076,0.6848765244068094,1.0390124830586076,23.932809380954495,50.0,8.0,12.0,1236,1236,0,1137,915,222,99,0.9199029126213593,0.7402912621359223,18.3,1.8502079788989625,7.494706702944086,11.914666016142993,17.477569384542093,1.1865767209152323,1.7184327121896976,0.8340389404542665,0.5497659557243614,39.630501150541996,27.58151861374358,30,0.9310567203517804,0.6861593539727588,0.3435682481368692,68.27285462098192,18.103827749135114,{}
tune,balanced,hetero,med,binpack,6,1.0,0.9530903658747867,0.5558724544817705,0.9530903658747867,23.450541656561516,50.0,8.0,12.0,1126,1126,0,1121,907,214,5,0.9955595026642984,0.80550621669627,18.14,0.49819505937572395,1.8642760312314337,10.425706449412854,12.655900974983588,1.0511331468402891,1.1916127405221142,0.8549828085252765,0.4986530231878371,11.17661994590089,27.546611290432587,30,0.9425798744209646,0.6036677139194414,0.38134647103772856,62.08474382217464,18.136500703379397,{}
tune,balanced,hetero,med,binpack,7,1.0,1.0431932715703305,0.5802151645931397,1.0431932715703305,22.41982111908832,50.0,8.0,12.0,1165,1165,0,1087,869,218,78,0.9330472103004291,0.7459227467811159,17.38,1.0947256287873341,3.3979781980190182,11.107412947781476,14.117813706755634,1.1106454299314947,1.3516651088149507,0.8718273760846609,0.48490292096143195,22.666817016297472,27.70370812252681,30,0.9555886842367395,0.5857838980193422,0.4062215424546897,66.2082964200319,17.595982119961615,{}
tune,balanced,hetero,med,binpack,8,1.0,1.0278974382368082,0.5156066888879771,1.0278974382368082,20.634760375185966,50.0,8.0,12.0,1061,1061,0,1002,804,198,59,0.944392082940622,0.7577756833176249,16.08,1.2889405097557214,4.661703091577593,11.292588242390572,14.775707944577732,1.131092940947347,1.478123957184903,0.8505039835007868,0.4266238308474584,23.91563478460313,27.57545697954117,30,0.9458225192877728,0.5257854548550227,0.4476125799632834,66.03834391636963,16.066423490928862,{}
tune,balanced,hetero,med,binpack,9,1.0,1.039566072180092,0.6235493234458792,1.039566072180092,23.16407388210929,50.0,8.0,12.0,1202,1202,0,1147,923,224,55,0.9542429284525791,0.7678868552412645,18.46,1.7200155889642543,5.600405016446487,11.720467635785203,15.903322652740705,1.1743099486544588,1.5676499969147555,0.87975785599452,0.5276936508240982,39.55296463045212,27.781764875847667,30,0.9649767735899615,0.6269920537384238,0.3631808930787263,65.34427635144992,18.394878130337254,{}
tune,balanced,hetero,high,binpack,0,1.3,1.2841502072987236,0.6867289813960724,1.2841502072987236,27.168007341543785,50.0,8.0,12.0,1335,1335,0,1071,857,214,264,0.802247191011236,0.6419475655430712,17.14,5.860535797109272,14.593304810971212,15.923911794207497,24.852359418499333,1.5911304652072693,2.5039004652132872,0.8943655494308916,0.4782826333442648,118.296457075243,27.946821518200586,30,0.9705647473686771,0.5778078805288983,0.3955990066775769,76.35465519678371,17.484199182870963,{}
tune,balanced,hetero,high,binpack,1,1.3,1.303923765121386,0.8273132788040666,1.303923765121386,31.07032793486043,50.0,8.0,12.0,1559,1559,0,1196,958,238,363,0.7671584348941629,0.6144964720974984,19.16,7.531231024684429,17.107375330209443,17.528802785627725,27.23500341703189,1.7606923202041118,2.7576069194569275,0.8849092876418458,0.5614570604401812,179.2703443064389,28.254221578047837,30,0.950795381365102,0.6567829362398193,0.35299721215388424,78.84203348921808,19.773716265362417,{}
tune,balanced,hetero,high,binpack,2,1.3,1.2853351281221008,0.7673664132640338,1.2853351281221008,29.717628063228116,50.0,8.0,12.0,1471,1471,0,1175,944,231,296,0.7987763426240653,0.6417403127124405,18.88,6.077964846830844,19.365430401957603,16.063072580419004,28.981190976317862,1.617516685557633,2.947590088664924,0.884717044716401,0.5281907655861476,135.11073067133094,28.086182772351766,30,0.9551843797492547,0.6294882723081361,0.35863949334643114,78.02138938294928,18.853804214892268,{}
tune,balanced,hetero,high,binpack,3,1.3,1.2669292457734498,0.8329259229240873,1.2669292457734498,30.897941842183567,50.0,8.0,12.0,1505,1505,0,1174,939,235,331,0.7800664451827243,0.6239202657807309,18.78,7.0113388925100075,17.90407824443976,17.034924784222916,27.615530107644318,1.7127421083061722,2.835826657012329,0.8579309121592074,0.5640353628264838,156.46790702570237,28.277235989807387,30,0.9251584666930537,0.680396342788109,0.34677295212771797,78.75716719178445,19.109371929733324,{}
tune,balanced,hetero,high,binpack,4,1.3,1.341426467785681,0.7712774477754819,1.341426467785681,28.221910601286684,50.0,8.0,12.0,1452,1452,0,1115,897,218,337,0.7679063360881543,0.6177685950413223,17.94,6.9646632154612815,17.974879878800273,16.961799317286665,28.41985028573928,1.7034378729492008,2.880417913773111,0.8923982957835668,0.5131005660767278,143.65770998148605,28.091652166886142,30,0.963247688486677,0.6281902404498039,0.3625702268235962,80.09099010667688,18.1293800721656,{}
tune,balanced,hetero,high,binpack,5,1.3,1.325978365181295,0.8740332469448913,1.325978365181295,31.112652195240848,50.0,8.0,12.0,1577,1577,0,1209,973,236,368,0.7666455294863666,0.6169942929613189,19.46,7.880252887890931,20.471990990883768,17.938536326537523,30.741825519895677,1.7932207708195698,3.183123061798065,0.8567696724619848,0.5647491681385562,174.8764723180937,28.2173668286714,30,0.9272996420329093,0.6820121292131736,0.3439058704517473,82.80715796497562,19.044247366477823,{}
tune,balanced,hetero,high,binpack,6,1.3,1.2520123289804452,0.7302132004167486,1.2520123289804452,30.485704153529973,50.0,8.0,12.0,1476,1476,0,1201,967,234,275,0.8136856368563685,0.6551490514905149,19.34,5.889916134380381,16.70978234429574,15.839328042071951,26.72671431711138,1.6003979609310293,2.675024145369538,0.8830351285715932,0.5150140237355044,137.64335597377723,28.185400419960107,30,0.9486940727873733,0.6070106922595504,0.38438722276403936,76.28003510246029,19.349755122915433,{}
tune,balanced,hetero,high,binpack,7,1.3,1.3438996716715783,0.7474654893256965,1.3438996716715783,29.145767454814816,50.0,8.0,12.0,1506,1506,0,1110,891,219,396,0.7370517928286853,0.5916334661354582,17.82,8.103159771088421,17.43042639762782,18.105757413388222,27.66147479987783,1.8215721871062753,2.790983732517916,0.895414310264413,0.49802177177299245,175.02238876833934,28.30306622426891,30,0.9576888693455037,0.5860609413859567,0.4075797493038893,80.33112679489489,18.747402907034882,{}
tune,balanced,hetero,high,binpack,8,1.3,1.3369519006058967,0.670632416261634,1.3369519006058967,26.82518848774176,50.0,8.0,12.0,1379,1379,0,1022,822,200,357,0.7411167512690355,0.5960841189267585,16.44,7.938208184296935,17.866972538053474,17.943558277874736,27.778000751876753,1.8051660308045192,2.8380460209214875,0.8940466169800598,0.44846538063497576,156.4685330547877,28.344940806553687,30,0.9573694779650967,0.5330440181304865,0.45134058629190416,80.7256638836976,17.082547651596165,{}
tune,balanced,hetero,high,binpack,9,1.3,1.324602536907867,0.7945190188743572,1.324602536907867,30.113296046742075,50.0,8.0,12.0,1535,1535,0,1205,971,234,330,0.7850162866449512,0.6325732899022801,19.42,7.396854836171989,17.798157551145934,17.396049010167246,28.233699137699674,1.7508450360210244,2.909543526770364,0.8968769349356388,0.5379619640919256,170.34015279307215,28.220208911904425,30,0.9631377722920644,0.6264484677883229,0.36240129108065006,79.72448845799072,19.253808079418892,{}
tune,cpu_heavy,homog,low,binpack,0,0.7,0.6995028547486436,0.14787823521544957,0.6995028547486436,10.897297297297298,50.0,8.0,12.0,541,541,0,541,435,106,0,1.0,0.8040665434380776,8.7,0.0,0.0,10.071218702157347,11.841006392266262,1.0,1.0000000000000002,0.629591051055322,0.13286008699212726,0.0,21.833702084538253,24,0.712673611111111,0.15260416666666668,0.5600694444444444,61.59862824168718,8.782663111869033,{}
tune,cpu_heavy,homog,low,binpack,1,0.7,0.7344918024173998,0.15545877238483596,0.7344918024173998,10.897297297297298,50.0,8.0,12.0,577,577,0,577,454,123,0,1.0,0.7868284228769498,9.08,0.0,0.0,9.912618313184883,11.755197770319896,1.0,1.0000000000000004,0.6534981487564933,0.13601286862284653,0.0,22.406710082875566,29,0.8338541666666667,0.18718749999999998,0.6466666666666666,60.680492023633,9.508822040785002,{}
tune,cpu_heavy,homog,low,binpack,2,0.7,0.7054114968535343,0.14905440295689518,0.7054114968535343,10.897297297297298,50.0,8.0,12.0,548,548,0,548,455,93,0,1.0,0.8302919708029197,9.1,0.0,0.0,9.998995107031561,11.73715690360676,1.0,1.0000000000000004,0.6387876126313358,0.13438523429242916,0.0,21.763408443304456,23,0.6020833333333333,0.129375,0.47270833333333334,60.94134697256438,8.992252833641961,{}
tune,cpu_heavy,homog,low,binpack,3,0.7,0.6883192115863708,0.14519268650147138,0.6883192115863708,10.897297297297298,50.0,8.0,12.0,535,535,0,535,439,96,0,1.0,0.8205607476635514,8.78,0.0,0.0,10.013151037027981,11.837054377292192,1.0,1.0000000000000004,0.6326861077300359,0.1342214593484762,0.0,21.548296094421854,26,0.6796875,0.1359375,0.54375,60.063059323095196,8.907305189402566,{}
tune,cpu_heavy,homog,low,binpack,4,0.7,0.7286626763624982,0.15334968712952948,0.7286626763624982,10.897297297297298,50.0,8.0,12.0,566,566,0,566,451,115,0,1.0,0.7968197879858657,9.02,0.0,0.0,10.006046753156589,11.824477091913316,1.0,1.0000000000000002,0.6588443988830748,0.13942856219032843,0.0,22.345031462405288,27,0.7559027777777777,0.15479166666666666,0.601111111111111,61.74354374091269,9.166950351522427,{}
tune,cpu_heavy,homog,low,binpack,5,0.7,0.7087860554159907,0.1493337674743015,0.7087860554159907,10.897297297297298,50.0,8.0,12.0,548,548,0,548,443,105,0,1.0,0.8083941605839416,8.86,0.0,0.0,10.061384392596493,11.874527602653451,1.0,1.0000000000000002,0.6270916139642075,0.1318020455855268,0.0,21.49684533604823,23,0.675,0.14812499999999998,0.526875,61.316505846488646,8.937234639103002,{}
tune,cpu_heavy,homog,low,binpack,6,0.7,0.7037148739539488,0.14840373679597285,0.7037148739539488,10.897297297297298,50.0,8.0,12.0,551,551,0,551,454,97,0,1.0,0.8239564428312159,9.08,0.0,0.0,9.974692154392159,11.810687061642074,1.0,1.0000000000000002,0.6463649186573304,0.13629361048604063,0.0,21.867098781716685,27,0.6371527777777778,0.13229166666666667,0.5048611111111111,61.40310380551873,8.973487753081265,{}
tune,cpu_heavy,homog,low,binpack,7,0.7,0.6994570995168509,0.1463782919910216,0.6994570995168509,10.897297297297298,50.0,8.0,12.0,544,544,0,544,446,98,0,1.0,0.8198529411764706,8.92,0.0,0.0,10.023521485041748,11.80565051104034,1.0,1.0000000000000004,0.6399527478073135,0.13470899181832974,0.0,21.95944941175293,24,0.6440972222222222,0.12708333333333333,0.5170138888888889,60.85130086186749,8.939825316715586,{}
tune,cpu_heavy,homog,low,binpack,8,0.7,0.6867825709555687,0.1457071972394285,0.6867825709555687,10.897297297297298,50.0,8.0,12.0,536,536,0,536,429,107,0,1.0,0.8003731343283582,8.58,0.0,0.0,10.008359911222612,11.807833141422982,1.0,1.0000000000000004,0.6101299712561233,0.1303419374024099,0.0,20.956468600880157,25,0.7269097222222223,0.14302083333333335,0.5838888888888889,61.51918211230133,8.712729616943685,{}
tune,cpu_heavy,homog,low,binpack,9,0.7,0.7641230745019497,0.1619967141332676,0.7641230745019497,10.897297297297298,50.0,8.0,12.0,597,597,0,597,478,119,0,1.0,0.8006700167504187,9.56,0.0014527526758833522,0.0,9.998965955823202,11.849833249834003,1.0001465971893149,1.0000000000000004,0.6914971429824418,0.14632872775915537,0.017345866950047223,23.802686380587392,28,0.7315972222222222,0.15583333333333332,0.5757638888888889,61.3049401325037,9.738203784387554,{}
tune,cpu_heavy,homog,med,binpack,0,1.0,0.9658305749346099,0.20452532506472434,0.9658305749346099,15.567567567567568,50.0,8.0,12.0,749,749,0,738,588,150,11,0.9853137516688919,0.7850467289719626,11.76,0.8646203078832688,4.355983187056793,10.930377705979847,13.981458644803919,1.088046818074007,1.4370306963291446,0.8594124887048643,0.1826573777748137,12.823695577697281,26.925218313310086,30,0.9552083333333333,0.20500000000000002,0.7502083333333334,63.089751332242706,11.871975783445755,{}
tune,cpu_heavy,homog,med,binpack,1,1.0,1.0606310951112434,0.2238492894898164,1.0606310951112434,15.567567567567568,50.0,8.0,12.0,829,829,0,782,632,150,47,0.9433051869722557,0.7623642943305187,12.64,1.212799640289089,4.753908397869225,11.170742267885407,15.055333479747901,1.1221470964327684,1.4560090503023435,0.8812262860731382,0.18606896680127832,17.644780896797496,27.56948348866174,30,0.965625,0.20500000000000002,0.760625,64.85670678138867,12.782024267656626,{}
tune,cpu_heavy,homog,med,binpack,2,1.0,0.9906546833739113,0.20981482968545337,0.9906546833739113,15.567567567567568,50.0,8.0,12.0,770,770,0,756,606,150,14,0.9818181818181818,0.787012987012987,12.12,0.8757957919458509,3.4664354461434534,10.862823325779374,14.103157460373406,1.0890206458121947,1.3513010423721723,0.8634833471301896,0.1841294181425306,13.144544043914541,27.12094746815361,30,0.9515625,0.20093750000000002,0.750625,64.37201875273652,11.961719003371577,{}
tune,cpu_heavy,homog,med,binpack,3,1.0,0.9970131988562302,0.21004047244845647,0.9970131988562302,15.567567567567568,50.0,8.0,12.0,774,774,0,758,603,155,16,0.979328165374677,0.7790697674418605,12.06,0.742647328309664,2.7648290852984125,10.75627485329738,13.470628959066886,1.0754212583372167,1.2781271734234634,0.8741481676377839,0.18544045384297417,11.124770446952816,27.400739908267994,30,0.9482638888888889,0.20708333333333334,0.7411805555555555,63.48195068362717,12.192441972323085,{}
tune,cpu_heavy,homog,med,binpack,4,1.0,1.0088968737428659,0.21237920891431394,1.0088968737428659,15.567567567567568,50.0,8.0,12.0,786,786,0,757,601,156,29,0.9631043256997456,0.7646310432569975,12.02,1.3498877868339325,4.591006628453716,11.338543212740065,15.007419369741303,1.1372747799856573,1.4696471765961239,0.8707701707211984,0.18336611124266156,20.565017393339208,27.247288247148507,30,0.971875,0.198125,0.7737499999999999,63.00127317471088,12.475938348425402,{}
tune,cpu_heavy,homog,med,binpack,5,1.0,1.058991921727206,0.2221550612960042,1.058991921727206,15.567567567567568,50.0,8.0,12.0,820,820,0,766,607,159,54,0.9341463414634147,0.7402439024390244,12.14,0.9164667936705655,3.544361379777932,10.98983806445324,14.032322048911254,1.091722471287881,1.3517673780930843,0.8687451095737029,0.18370448853803317,12.451724653264511,27.377633986521033,30,0.9666666666666667,0.204375,0.7622916666666666,67.2492135103047,12.193451152768503,{}
tune,cpu_heavy,homog,med,binpack,6,1.0,0.978949113668062,0.20605701331303666,0.978949113668062,15.567567567567568,50.0,8.0,12.0,768,768,0,763,611,152,5,0.9934895833333334,0.7955729166666666,12.22,0.7054783015459369,2.749648974112887,10.64881735914742,13.300304331811159,1.0726445698082114,1.3008635492421032,0.8693745327738686,0.1833740587799673,10.738969234382768,27.350321654826313,30,0.9565972222222222,0.20520833333333333,0.7513888888888889,62.10303448712716,12.36654547305885,{}
tune,cpu_heavy,homog,med,binpack,7,1.0,1.0097959709352755,0.2118726266740579,1.0097959709352755,15.567567567567568,50.0,8.0,12.0,783,783,0,764,601,163,19,0.9757343550446999,0.7675606641123882,12.02,0.983434577185311,3.239976034198005,10.997935395409478,13.781266209594541,1.0991930459074117,1.3257811772624744,0.873021996578831,0.18178686540295289,14.795826761337763,27.402598846530147,30,0.9616319444444444,0.21885416666666666,0.7427777777777778,63.87855067739065,12.257635649162234,{}
tune,cpu_heavy,homog,med,binpack,8,1.0,1.0144688419303813,0.21276879995689962,1.0144688419303813,15.567567567567568,50.0,8.0,12.0,788,788,0,762,602,160,26,0.9670050761421319,0.7639593908629442,12.04,0.5944719310264955,2.3067191749388485,10.621218587964556,13.13070568357238,1.059818422843301,1.2361088923843213,0.8691228454709597,0.18498020313529268,8.563760782980708,27.481331324135308,30,0.9647569444444444,0.19822916666666668,0.7665277777777778,64.2095483796739,12.272318056817983,{}
tune,cpu_heavy,homog,med,binpack,9,1.0,1.0933024635216286,0.2295928734243509,1.0933024635216286,15.567567567567568,50.0,8.0,12.0,847,847,0,777,621,156,70,0.9173553719008265,0.7331759149940968,12.42,1.9029931681095196,7.890884953715897,11.92538132600861,18.097850687867158,1.1917065019501951,1.791396628439894,0.8828000883675878,0.1883896203565796,28.053847781944377,27.488149806504325,30,0.975,0.20875000000000002,0.76625,67.31770059498278,12.582129105923848,{}
tune,cpu_heavy,homog,high,binpack,0,1.3,1.2739275662453466,0.26764891315492984,1.2739275662453466,20.23783783783784,50.0,8.0,12.0,983,983,0,818,659,159,165,0.832146490335707,0.6703967446592065,13.18,4.982537395274017,19.351159416975754,15.062666819018569,29.535157576624812,1.4987761100366919,2.837150389543501,0.891177233681355,0.195148895848252,75.18418900244974,27.665897135748292,30,0.9739583333333334,0.203125,0.7708333333333334,76.92570261889387,12.778563815919746,{}
tune,cpu_heavy,homog,high,binpack,1,1.3,1.3319447003489464,0.28101055159035904,1.3319447003489464,20.23783783783784,50.0,8.0,12.0,1041,1041,0,835,671,164,206,0.8021133525456292,0.6445725264169068,13.42,6.868738701655267,17.746950874381305,16.838836160964778,28.422972968200902,1.6950273543986494,2.8888341430747326,0.9079530258299806,0.1963465181391113,107.72986947528669,28.018385121477582,30,0.9758680555555556,0.21239583333333334,0.7634722222222222,78.82089827187355,13.207157274576133,{}
tune,cpu_heavy,homog,high,binpack,2,1.3,1.2887645038752968,0.27186131158432697,1.2887645038752968,20.23783783783784,50.0,8.0,12.0,1001,1001,0,817,652,165,184,0.8161838161838162,0.6513486513486514,13.04,5.717532217148572,16.32391264404334,15.721637146175999,26.489663665412955,1.5771811430633473,2.6432210175703417,0.9044518651877641,0.19690450875716864,89.18065863472344,28.006274788542655,30,0.9791666666666666,0.21875,0.7604166666666666,76.04012135693002,13.164103135781918,{}
tune,cpu_heavy,homog,high,binpack,3,1.3,1.2630583458244335,0.26514799074185375,1.2630583458244335,20.23783783783784,50.0,8.0,12.0,981,981,0,821,657,164,160,0.836901121304791,0.6697247706422018,13.14,5.296846828059555,17.01966553205348,15.319561322603844,27.384018107861124,1.5359782613648245,2.711526177694462,0.9020170013834086,0.19521368307488352,82.84348704761157,27.96819654021827,30,0.9732638888888889,0.21395833333333333,0.7593055555555555,76.14646450943985,12.883066946310892,{}
tune,cpu_heavy,homog,high,binpack,4,1.3,1.3054635116337323,0.2748086439405051,1.3054635116337323,20.23783783783784,50.0,8.0,12.0,1015,1015,0,839,675,164,176,0.8266009852216749,0.6650246305418719,13.5,5.636945291480432,21.792578362765042,15.634100050148094,31.940443545479074,1.5676812559148114,3.1556756154938244,0.9025888837590825,0.1984194172672536,88.3293722991889,27.874857543907225,30,0.9717013888888889,0.21177083333333335,0.7599305555555556,77.81882665720835,13.043116217506997,{}
tune,cpu_heavy,homog,high,binpack,5,1.3,1.3501881830242288,0.28485709419853794,1.3501881830242288,20.23783783783784,50.0,8.0,12.0,1046,1046,0,827,663,164,219,0.7906309751434034,0.6338432122370937,13.26,6.304813485219173,21.887988687469836,16.355299283056386,32.16916234112415,1.637329079926619,3.2106394390629287,0.9018058939490403,0.1956504438650299,95.36399735452537,27.9431136325568,30,0.9800347222222222,0.21614583333333334,0.7638888888888888,80.17889940758826,13.045826367392177,{}
tune,cpu_heavy,homog,high,binpack,6,1.3,1.2781807533203053,0.2698694425355761,1.2781807533203053,20.23783783783784,50.0,8.0,12.0,998,998,0,825,665,160,173,0.8266533066132264,0.6663326653306614,13.3,5.2065749383529525,18.99013245228292,15.141743766019164,28.6996648205117,1.529470722357809,2.861356929282403,0.8994963000926103,0.19505557127540105,80.78690609064637,27.870791464906702,30,0.9772569444444444,0.22197916666666667,0.7552777777777777,77.23430707863697,12.921718828704906,{}
tune,cpu_heavy,homog,high,binpack,7,1.3,1.3367763195982023,0.2822812123635597,1.3367763195982023,20.23783783783784,50.0,8.0,12.0,1039,1039,0,839,674,165,200,0.8075072184793071,0.6487006737247353,13.48,5.675547597181958,17.93718367511302,15.692078833760544,27.75449659930033,1.5742051314611452,2.8001901668319706,0.9051965842514149,0.20262604000493586,84.7393787134641,28.055049403092625,30,0.9760416666666667,0.21437499999999998,0.7616666666666666,78.18401554113055,13.28916138175852,{}
tune,cpu_heavy,homog,high,binpack,8,1.3,1.3522970037766453,0.28554234884147217,1.3522970037766453,20.23783783783784,50.0,8.0,12.0,1052,1052,0,844,678,166,208,0.8022813688212928,0.6444866920152091,13.56,5.441805802786249,20.92715723734738,15.450408858706973,31.02153400128958,1.553147262477071,3.121703090185615,0.9052206958354172,0.20095967052843286,78.26567092384605,28.064550458675722,30,0.9725694444444444,0.21541666666666665,0.7571527777777778,80.42340802633954,13.080768719170152,{}
tune,cpu_heavy,homog,high,binpack,9,1.3,1.3498568209341717,0.28447614945501565,1.3498568209341717,20.23783783783784,50.0,8.0,12.0,1050,1050,0,843,685,158,207,0.8028571428571428,0.6523809523809524,13.7,6.63546828711818,23.10187446570508,16.64682984609438,32.48934708132555,1.6730990502070588,3.329327058449297,0.9067776958108641,0.20261726895564425,103.9351871518205,28.12940125278405,30,0.9644097222222222,0.21302083333333333,0.7513888888888889,80.79761081034647,12.995433769256246,{}
tune,cpu_heavy,hetero,low,binpack,0,0.7,0.7026779509694663,0.13206610073090227,0.7026779509694663,9.884410155447322,50.0,8.0,12.0,492,492,0,492,400,92,0,1.0,0.8130081300813008,8.0,0.0,0.0,10.057443906383014,11.83451821556871,1.0,1.0000000000000002,0.6402208095540429,0.11920068962724331,0.0,23.007406620580902,24,0.614033438763314,0.16969986071263798,0.4443335780506759,61.649207652812706,7.980637849731599,{}
tune,cpu_heavy,hetero,low,binpack,1,0.7,0.74217155148969,0.16620962218488616,0.74217155148969,11.304173365073959,50.0,8.0,12.0,606,606,0,606,475,131,0,1.0,0.7838283828382838,9.5,0.0,0.0,9.900814204050384,11.755197770319896,1.0,1.0000000000000004,0.6587685557778289,0.1450221651820368,0.0,23.376139953250387,27,0.8139927808946646,0.23189020117260234,0.5821025797220621,61.06075011473693,9.924542342851806,{}
tune,cpu_heavy,hetero,low,binpack,2,0.7,0.7053680560288927,0.1479866419191558,0.7053680560288927,10.812026842130809,50.0,8.0,12.0,544,544,0,544,449,95,0,1.0,0.8253676470588235,8.98,0.0,0.0,9.9926053400072,11.73715690360676,1.0,1.0000000000000004,0.6417778019510091,0.13362410243324424,0.0,22.99042527203899,22,0.6103555907256365,0.18070186986828424,0.4296537208573523,61.0820826740339,8.90604865101064,{}
tune,cpu_heavy,hetero,low,binpack,3,0.7,0.6877999924869502,0.1601246310965609,0.6877999924869502,11.241454932187366,50.0,8.0,12.0,554,554,0,554,455,99,0,1.0,0.8212996389891697,9.1,0.0,0.0,10.006869878859952,11.83705437729219,1.0,1.0000000000000004,0.6272216007428817,0.14706095250097798,0.0,22.199090244799613,24,0.6705223663904705,0.19816244106905934,0.47707529840192625,60.58966862368413,9.14347301420039,{}
tune,cpu_heavy,hetero,low,binpack,4,0.7,0.7418059920896152,0.1501250559025932,0.7418059920896152,10.26784689236002,50.0,8.0,12.0,545,545,0,545,425,120,0,1.0,0.7798165137614679,8.5,0.0,0.0,9.994906328538157,11.830839324784105,1.0,1.0000000000000004,0.6520235588503112,0.1344270416377976,0.0,23.291948774983457,28,0.8419244181272968,0.19537675268901566,0.6465476654382811,60.812929670628506,8.96190995815853,{}
tune,cpu_heavy,hetero,low,binpack,5,0.7,0.7170998811425235,0.1658670811709365,0.7170998811425235,11.319572004505504,50.0,8.0,12.0,575,575,0,575,459,116,0,1.0,0.7982608695652174,9.18,0.0,0.0,10.068145466874872,11.874527602653451,1.0,1.0000000000000004,0.6245698652065959,0.14510747141994565,0.0,21.863028252042923,26,0.7795978559749701,0.2475926753496931,0.532005180625277,61.65477592021273,9.326122614476871,{}
tune,cpu_heavy,hetero,low,binpack,6,0.7,0.7068829099073349,0.1445802961792456,0.7068829099073349,11.091472405130446,50.0,8.0,12.0,561,561,0,561,465,96,0,1.0,0.8288770053475936,9.3,0.0,0.0,9.978932076030695,11.796546371545741,1.0,1.0000000000000004,0.6467113038407222,0.13264571267105774,0.0,23.294293390354348,25,0.6148430837788615,0.15786767998323922,0.45697540379562235,61.74347086042573,9.085980949599824,{}
tune,cpu_heavy,hetero,low,binpack,7,0.7,0.7073845368309569,0.13799166049879727,0.7073845368309569,10.603969448217446,50.0,8.0,12.0,536,536,0,536,428,108,0,1.0,0.7985074626865671,8.56,0.0,0.0,10.022382407168374,11.814406607877125,1.0,1.0000000000000004,0.6397907517803494,0.12603109312451743,0.0,22.436525615351748,25,0.746162568593568,0.16766388437785398,0.5784986842157139,60.49179723524625,8.860705492276121,{}
tune,cpu_heavy,hetero,low,binpack,8,0.7,0.6796167553848399,0.12062371255334742,0.6796167553848399,9.759683961236606,50.0,8.0,12.0,472,472,0,472,386,86,0,1.0,0.8177966101694916,7.72,0.0,0.0,10.029342514911084,11.791263860430098,1.0,1.0000000000000004,0.6199475877313659,0.1104373968087072,0.0,23.27717229350128,26,0.6445464951489484,0.1364846612882877,0.5080618338606606,61.01959703681449,7.735219878873206,{}
tune,cpu_heavy,hetero,low,binpack,9,0.7,0.7655340955751686,0.1614988629258815,0.7655340955751686,10.955980890186826,50.0,8.0,12.0,600,600,0,600,481,119,0,1.0,0.8016666666666666,9.62,0.0,0.0,9.998068420279715,11.842566339356011,1.0,1.0000000000000004,0.6909796443347169,0.14576705168444926,0.0,24.32122660398164,27,0.7318134409559249,0.18662276645688444,0.5451906744990404,61.32828681760047,9.783413676375634,{}
tune,cpu_heavy,hetero,med,binpack,0,1.0,0.9855647901140423,0.18481606724048488,0.9855647901140423,14.120585936353319,50.0,8.0,12.0,691,691,0,674,546,128,17,0.975397973950796,0.7901591895803184,10.92,0.8178778251100007,3.2908779846240783,10.886297955906766,13.676278686310358,1.0825975005936963,1.3383946059837326,0.861582503992143,0.16304400517518416,10.902270653210044,27.41974171253829,30,0.9317514548263814,0.19525066243280922,0.7365007923935722,63.547460541983675,10.873762603676028,{}
tune,cpu_heavy,hetero,med,binpack,1,1.0,1.0607935764585747,0.236680407125553,1.0607935764585747,16.1488190929628,50.0,8.0,12.0,862,862,0,822,658,164,40,0.9535962877030162,0.7633410672853829,13.16,1.2021104784426697,5.4645352335004205,11.161011887634066,15.374740052322146,1.1221377733779474,1.581815863710938,0.8879425112031831,0.1979019881931103,18.968354301230853,27.759533370446874,30,0.9764509027310507,0.2643014886276353,0.7121494141034154,65.72011137189057,13.116228533487996,{}
tune,cpu_heavy,hetero,med,binpack,2,1.0,0.9907778633881629,0.20809317751577683,0.9907778633881629,15.445752631615443,50.0,8.0,12.0,766,766,0,748,598,150,18,0.9765013054830287,0.7806788511749347,11.96,0.7761755734537666,3.404655285668877,10.764591583831036,14.04971580638222,1.0787681897676527,1.3386678453985583,0.862327765317774,0.18240572763304008,11.461295117049453,27.39910882084043,30,0.9539138809448267,0.22389715371798033,0.7300167272268463,63.789252434518,12.008292475073713,{}
tune,cpu_heavy,hetero,med,binpack,3,1.0,0.9939323112772905,0.2304669573826083,0.9939323112772905,16.05922133169624,50.0,8.0,12.0,796,796,0,778,615,163,18,0.9773869346733668,0.7726130653266332,12.3,0.8826689027716127,2.81729840149562,10.902881885868036,13.674070698074793,1.089612377787078,1.3020982918802229,0.8635182298338003,0.20004949387364235,13.768029242347804,27.490994047854624,30,0.9633436707969408,0.2807005078533406,0.6826431629436002,63.21769767403899,12.591410780321501,{}
tune,cpu_heavy,hetero,med,binpack,4,1.0,1.0171838358686969,0.2043065229757236,1.0171838358686969,14.668352703371458,50.0,8.0,12.0,744,744,0,715,574,141,29,0.9610215053763441,0.771505376344086,11.48,1.4255090849717165,3.7875393897920553,11.424543101707547,14.586878184932605,1.1437972729628958,1.3974615884560673,0.8713512230233689,0.1765083764276136,20.212132520053434,27.602186902114223,30,0.9592203453356709,0.20726949626336186,0.751950849072309,64.85190941687361,11.47229135872476,{}
tune,cpu_heavy,hetero,med,binpack,5,1.0,1.0625444972200309,0.24605484845482473,1.0625444972200309,16.17081714929358,50.0,8.0,12.0,852,852,0,801,631,170,51,0.9401408450704225,0.7406103286384976,12.62,1.0160836911251203,3.8352430640170425,11.094149656990997,14.721272701127358,1.1015293600350675,1.4071111852778486,0.8748135620527294,0.20251788785984623,14.64842193404831,27.605983701733557,30,0.979347465129635,0.28194730325917655,0.6974001618704584,67.62524539356096,12.598845224761646,{}
tune,cpu_heavy,hetero,med,binpack,6,1.0,0.9879922634913568,0.20244736107108977,0.9879922634913568,15.84496057875778,50.0,8.0,12.0,785,785,0,776,622,154,9,0.9885350318471338,0.7923566878980892,12.44,0.8502763185083932,5.123943363581567,10.787349163689305,15.498759122433505,1.0855194017913141,1.4999125263128004,0.8647462852837711,0.17779289945448795,13.231455698929562,27.637281750455646,30,0.9701904340856731,0.22575052093213505,0.7444399131535381,62.00159059435775,12.660965508704809,{}
tune,cpu_heavy,hetero,med,binpack,7,1.0,0.9964873369482116,0.19432788719677876,0.9964873369482116,15.148527783167783,50.0,8.0,12.0,757,757,0,743,592,151,14,0.9815059445178336,0.7820343461030383,11.84,0.7701331598587935,3.5246803236499886,10.781073877176501,13.736233352133247,1.0783752832346503,1.3334021902927713,0.8726745648490518,0.16945932008130135,11.36276872251928,27.69764311955422,30,0.9566039366542871,0.22835886164142224,0.7282450750128647,63.21293761382954,11.975396628844312,{}
tune,cpu_heavy,hetero,med,binpack,8,1.0,1.0087540228321585,0.17848578928474823,1.0087540228321585,13.942405658909436,50.0,8.0,12.0,705,705,0,676,534,142,29,0.9588652482269504,0.7574468085106383,10.68,0.6663755362143077,3.3395204493655335,10.684139703223018,13.793111712872651,1.0675034145316362,1.3447601095973076,0.8543303201263497,0.15364979150085775,8.324130680526626,27.67609275974995,30,0.9651666059798684,0.19510536263515682,0.7700612433447115,65.17854292300098,10.816443086689674,{}
tune,cpu_heavy,hetero,med,binpack,9,1.0,1.0890858343132792,0.23053646233391267,1.0890858343132792,15.651401271695468,50.0,8.0,12.0,852,852,0,782,623,159,70,0.9178403755868545,0.7312206572769953,12.46,1.7386894675410984,7.049166857993356,11.760461553338901,17.574048472141087,1.1755659583229348,1.7308181848003026,0.8858517503036765,0.1902415339639478,26.01086475699989,27.779146696989002,30,0.9822054920609936,0.23472329541187278,0.7474821966491209,66.98240186142438,12.719758866853542,{}
tune,cpu_heavy,hetero,high,binpack,0,1.3,1.27735010950685,0.2408534286110771,1.27735010950685,18.356761717259314,50.0,8.0,12.0,894,894,0,728,585,143,166,0.814317673378076,0.6543624161073825,11.7,5.374729235507593,17.446026942386645,15.448193108106539,27.680266008979125,1.5406176640855007,2.703088902583106,0.8951029021705582,0.17593420769587365,74.54092963134036,28.03116752222529,30,0.9768014108001803,0.21166323376397156,0.7651381770362088,76.87044087501384,11.629958015377898,{}
tune,cpu_heavy,hetero,high,binpack,1,1.3,1.3307357440245755,0.2968352650516245,1.3307357440245755,20.99346482085164,50.0,8.0,12.0,1079,1079,0,872,701,171,207,0.8081556997219648,0.6496756255792401,14.02,6.567730073320528,17.116352784300673,16.54630319297035,27.61989390641206,1.665402307406433,2.7956026121035227,0.9107315035003577,0.20783137424522993,107.31185548801757,28.28500540196417,30,0.9791115494468952,0.24740953587189432,0.7317020135750009,79.51385019255461,13.56996293585383,{}
tune,cpu_heavy,hetero,high,binpack,2,1.3,1.2855545244151556,0.26852676337480025,1.2855545244151556,20.079478421100077,50.0,8.0,12.0,992,992,0,817,657,160,175,0.8235887096774194,0.6622983870967742,13.14,5.452334241588964,17.02429959155033,15.454246494801696,27.539547411399145,1.5497192892838194,2.7543812108389045,0.9052697159720728,0.19596347306799458,84.69657973734364,28.148654945826717,30,0.9803318724540417,0.22860277224755085,0.751729100206491,76.64010692597184,12.943614509282876,{}
tune,cpu_heavy,hetero,high,binpack,3,1.3,1.272520539648042,0.2937051223042436,1.272520539648042,20.876987731205112,50.0,8.0,12.0,1015,1015,0,839,673,166,176,0.8266009852216749,0.6630541871921182,13.46,5.579464697455852,14.061003518414907,15.611432033534504,24.417392894266087,1.5614640543529168,2.430810775540379,0.9119967777412538,0.21213969674815714,90.23605530620608,28.265472759519344,30,0.9793540621492939,0.26369333583334115,0.7156607263159527,75.768459514876,13.396075444832292,{}
tune,cpu_heavy,hetero,high,binpack,4,1.3,1.296392747643629,0.2622051171956848,1.296392747643629,19.068858514382896,50.0,8.0,12.0,951,951,0,785,631,154,166,0.825446898002103,0.6635120925341745,12.62,5.783257728230922,23.222083333018393,15.784515323361385,32.96127154330136,1.5853583249177634,3.2546824667811185,0.8936026860044466,0.19051044771726006,84.94639201799751,27.907217989774413,30,0.977151139436937,0.21950428666122476,0.7576468527757122,79.19968317774584,12.007623791444908,{}
tune,cpu_heavy,hetero,high,binpack,5,1.3,1.3444489088680036,0.3116148669398259,1.3444489088680036,21.022062294081653,50.0,8.0,12.0,1082,1082,0,865,692,173,217,0.7994454713493531,0.6395563770794824,13.84,6.095265539592802,24.073485188986837,16.143573984671505,33.8757448025412,1.6157782378010397,3.301107578360684,0.8979602672825289,0.2176349935203146,95.73220805678733,27.83094412191112,30,0.9802782528185675,0.2785636742875866,0.701714578530981,80.78570246920992,13.393459076652649,{}
tune,cpu_heavy,hetero,high,binpack,6,1.3,1.272964774851299,0.2615000262210153,1.272964774851299,20.598448752385117,50.0,8.0,12.0,1016,1016,0,848,685,163,168,0.8346456692913385,0.6742125984251969,13.7,4.905747060935681,19.464442617309675,14.83066004729309,29.311358146753832,1.501482924288026,2.9293739890507995,0.9057147105083283,0.1926796261648686,78.1902113389734,28.223011911205504,30,0.9722840998432385,0.24168615661438025,0.7305979432288583,75.73101928959893,13.41590288273777,{}
tune,cpu_heavy,hetero,high,binpack,7,1.3,1.3263662342745188,0.2583886580060356,1.3263662342745188,19.693086118118117,50.0,8.0,12.0,1002,1002,0,824,663,161,178,0.8223552894211577,0.6616766467065869,13.26,5.40211115875685,18.29758358755288,15.429369150821888,27.99204236064321,1.5438878868191517,2.768132825974235,0.9104360249196053,0.18574872739251824,78.90359449056359,28.355475125946533,30,0.9756870113979801,0.21074580550826852,0.7649412058897115,79.31924111212705,12.632496049521649,{}
tune,cpu_heavy,hetero,high,binpack,8,1.3,1.3343018759811818,0.23602526649631453,1.3343018759811818,18.12512735658227,50.0,8.0,12.0,928,928,0,750,598,152,178,0.8081896551724138,0.6443965517241379,11.96,5.448137982191593,20.51951132415239,15.475563208201747,30.513046812905266,1.549969355346788,2.9688661853756764,0.8988983709317396,0.17113512155727034,69.70775652041515,28.275115006313754,30,0.9754040892264404,0.20846187429632895,0.7669422149301114,81.24039325890405,11.422889067542641,{}
tune,cpu_heavy,hetero,high,binpack,9,1.3,1.3464490307720822,0.28439168503701695,1.3464490307720822,20.346821653204106,50.0,8.0,12.0,1055,1055,0,854,696,158,201,0.809478672985782,0.6597156398104266,13.92,6.546590920278301,22.510940048216177,16.55686222602986,32.50396904849575,1.6681267051531983,3.321765534324274,0.9116089527971027,0.20262366536874246,102.87420237911167,28.23053446593353,30,0.9738846238334176,0.24999783673737971,0.7238867870960379,80.46485718759587,13.111313893720977,{}
tune,ram_heavy,homog,low,binpack,0,0.7,0.4018118584673218,0.6900911332469346,0.6900911332469346,18.16216216216216,50.0,8.0,12.0,889,889,0,889,709,180,0,1.0,0.7975253093363329,14.18,0.0,0.0,10.070522410179992,11.833518608784171,1.0,1.0000000000000004,0.35696214568152823,0.6156075759353165,0.0,20.612254307017277,22,0.40677083333333336,0.6840625,0.27729166666666666,61.3357929225119,14.493983979682325,{}
tune,ram_heavy,homog,low,binpack,1,0.7,0.4278417351499442,0.7304215863451637,0.7304215863451637,18.16216216216216,50.0,8.0,12.0,951,951,0,951,776,175,0,1.0,0.8159831756046267,15.52,0.0,0.0,9.96659778971211,11.73618313494076,1.0,1.0000000000000004,0.3864436771229856,0.6645348144254699,0.0,22.27070349880687,26,0.4022569444444445,0.6669791666666666,0.2654166666666667,61.17905932956448,15.544534525728379,{}
tune,ram_heavy,homog,low,binpack,2,0.7,0.4040919054939343,0.689320276244021,0.689320276244021,18.16216216216216,50.0,8.0,12.0,897,897,0,897,723,174,0,1.0,0.8060200668896321,14.46,0.0,0.0,9.988910515765745,11.766920806068676,1.0,1.0000000000000004,0.3640730651089186,0.6214979190356683,0.0,20.930923288413886,23,0.38697916666666665,0.6584375,0.27145833333333336,61.907488017513934,14.489361928984007,{}
tune,ram_heavy,homog,low,binpack,3,0.7,0.3989934160635319,0.6842403565364338,0.6842403565364338,18.16216216216216,50.0,8.0,12.0,884,884,0,884,713,171,0,1.0,0.8065610859728507,14.26,0.0,0.0,10.024945989307215,11.828020503027044,1.0,1.0000000000000004,0.3645177195887827,0.6238352556711135,0.0,21.17820470535865,22,0.38229166666666664,0.63625,0.25437499999999996,61.35576430367247,14.407774233318252,{}
tune,ram_heavy,homog,low,binpack,4,0.7,0.4086821783587726,0.695091882841857,0.695091882841857,18.16216216216216,50.0,8.0,12.0,905,905,0,905,736,169,0,1.0,0.8132596685082873,14.72,0.0,0.0,9.986437021975132,11.808124913668685,1.0,1.0000000000000004,0.37090670919335866,0.6347015622779386,0.0,21.32107245813974,22,0.37256944444444445,0.6222916666666667,0.2501388888888889,61.85193994497297,14.631715687578108,{}
tune,ram_heavy,homog,low,binpack,5,0.7,0.43791802788279616,0.747436094588278,0.747436094588278,18.16216216216216,50.0,8.0,12.0,962,962,0,962,759,203,0,1.0,0.7889812889812889,15.18,0.0,0.0,10.05846955510796,11.807746685621375,1.0,1.0000000000000004,0.38994567408235115,0.6678435932035031,0.0,22.146513279862546,26,0.4774305555555555,0.7802083333333333,0.3027777777777778,61.39651648115895,15.668641400774158,{}
tune,ram_heavy,homog,low,binpack,6,0.7,0.40667320297472215,0.692032807583325,0.692032807583325,18.16216216216216,50.0,8.0,12.0,905,905,0,905,715,190,0,1.0,0.7900552486187845,14.3,0.0,0.0,9.931495033534773,11.794688068094478,1.0,1.0000000000000004,0.3619524838239871,0.6209874000140904,0.0,21.181386996355275,23,0.4329861111111111,0.7079166666666666,0.27631944444444445,61.73739119094719,14.658863656887139,{}
tune,ram_heavy,homog,low,binpack,7,0.7,0.41976665734246427,0.7174663534981262,0.7174663534981262,18.16216216216216,50.0,8.0,12.0,929,929,0,929,724,205,0,1.0,0.7793326157158235,14.48,0.0,0.0,10.016157314856196,11.796043490885609,1.0,1.0000000000000002,0.3695181531482122,0.6376860752490967,0.0,21.171742386268647,25,0.4782986111111111,0.7932291666666667,0.3153472222222222,61.61778889853793,15.076814936182226,{}
tune,ram_heavy,homog,low,binpack,8,0.7,0.42141180058896227,0.717005194766479,0.717005194766479,18.16216216216216,50.0,8.0,12.0,928,928,0,928,735,193,0,1.0,0.7920258620689655,14.7,0.0,0.0,10.027425226010154,11.810343196076417,1.0,1.0000000000000004,0.38001363549693745,0.6416913892829299,0.0,21.201786710901988,26,0.40694444444444444,0.7422916666666667,0.33534722222222224,61.61122017704017,15.062191551041954,{}
tune,ram_heavy,homog,low,binpack,9,0.7,0.43312277960388196,0.7391096119678915,0.7391096119678915,18.16216216216216,50.0,8.0,12.0,958,958,0,958,785,173,0,1.0,0.8194154488517745,15.7,0.0,0.0,10.01446778575499,11.854547013006986,1.0,1.0000000000000004,0.4019778230773789,0.6827039439345002,0.0,22.77080592112038,25,0.3810763888888889,0.6442708333333333,0.26319444444444445,60.55637757788324,15.819968735215207,{}
tune,ram_heavy,homog,med,binpack,0,1.0,0.5819897073108172,0.9961069281296301,0.9961069281296301,25.945945945945944,50.0,8.0,12.0,1283,1283,0,1262,1000,262,21,0.9836321122369447,0.779423226812159,20.0,0.26194516407518414,1.1785096024240822,10.337733645018224,12.121183546330911,1.0264610864874282,1.115207967289055,0.511155222995215,0.8731658070420161,6.444932681228579,27.01719432358834,30,0.5887152777777778,0.9863541666666666,0.39763888888888893,63.16476109870461,20.311958403438208,{}
tune,ram_heavy,homog,med,binpack,1,1.0,0.5944422380873249,1.0115145939691166,1.0115145939691166,25.945945945945944,50.0,8.0,12.0,1313,1313,0,1292,1045,247,21,0.984006092916984,0.7958872810357959,20.9,0.6686065161095293,2.2952623443150415,10.663482916208313,13.0630066957347,1.0676173700429334,1.233569123815695,0.5229786527949026,0.8897776571740198,17.30493866508102,27.40050010203503,30,0.5673611111111111,0.9804166666666667,0.4130555555555555,62.526961862314195,20.998941270987324,{}
tune,ram_heavy,homog,med,binpack,2,1.0,0.5867582478290431,0.9993966564795281,0.9993966564795281,25.945945945945944,50.0,8.0,12.0,1297,1297,0,1273,1012,261,24,0.9814957594448728,0.7802621434078643,20.24,0.2795635748616943,1.272477377607654,10.277353812018877,12.24568259870491,1.0282517360357988,1.1285871458280095,0.5159338937846099,0.8734475767544135,6.893499227275105,27.210901217960988,30,0.5901041666666667,0.9803125,0.3902083333333333,63.16054040641013,20.53497312806982,{}
tune,ram_heavy,homog,med,binpack,3,1.0,0.5723258902674732,0.9735435993954246,0.9735435993954246,25.945945945945944,50.0,8.0,12.0,1261,1261,0,1261,1006,255,0,1.0,0.7977795400475813,20.12,0.16933634960487406,0.9885448521891416,10.18690712681431,11.97382517718982,1.0171853261403112,1.0988164189483798,0.5121574484321825,0.8727910370553335,4.270662737034924,27.44034860636737,30,0.5776041666666667,0.9534374999999999,0.37625,61.245315839966395,20.5893296933105,{}
tune,ram_heavy,homog,med,binpack,4,1.0,0.5986480394984117,1.0263917814012893,1.0263917814012893,25.945945945945944,50.0,8.0,12.0,1328,1328,0,1283,1017,266,45,0.9661144578313253,0.7658132530120482,20.34,0.7033798523547542,2.30040596092611,10.694158040801106,13.108558447391452,1.0712612118184508,1.2274775456088611,0.5207254658547595,0.8888919416690658,17.83586345359386,27.329067919671367,30,0.5878472222222223,0.9858333333333333,0.3984027777777778,63.119927616336525,21.03931436791272,{}
tune,ram_heavy,homog,med,binpack,5,1.0,0.6051927940981161,1.0318866477901751,1.0318866477901751,25.945945945945944,50.0,8.0,12.0,1330,1330,0,1286,1030,256,44,0.9669172932330827,0.7744360902255639,20.6,0.7807013630361418,3.720575452346651,10.84140799402911,14.059597053793127,1.0785127732812183,1.3793905765747272,0.5236041630209587,0.880111797706213,19.341241788114047,27.168169412020863,30,0.5835069444444444,0.9832291666666666,0.39972222222222226,64.52988904006679,20.61060416784847,{}
tune,ram_heavy,homog,med,binpack,6,1.0,0.558586040526127,0.9598080475435985,0.9598080475435985,25.945945945945944,50.0,8.0,12.0,1251,1251,0,1251,1008,243,0,1.0,0.8057553956834532,20.16,0.19799888688844305,1.0217027739665987,10.130126869607532,11.988714507676647,1.020268128137689,1.110933785742418,0.5006912648279076,0.862640399748067,4.95393214994885,27.06348299768329,29,0.5677083333333334,0.925,0.36395833333333333,61.13811194347578,20.461868386720727,{}
tune,ram_heavy,homog,med,binpack,7,1.0,0.6059610930222875,1.0365620750710454,1.0365620750710454,25.945945945945944,50.0,8.0,12.0,1340,1340,0,1295,1031,264,45,0.9664179104477612,0.7694029850746269,20.62,0.6773572852090177,2.623738949393079,10.690952358228333,13.269462777797802,1.0683178949468515,1.264438414161254,0.5180395458498109,0.8893406962710855,16.846600153186138,27.331499023345515,30,0.5989583333333334,0.984375,0.3854166666666667,64.3833066487536,20.81284838802142,{}
tune,ram_heavy,homog,med,binpack,8,1.0,0.606527012717466,1.0351736186595233,1.0351736186595233,25.945945945945944,50.0,8.0,12.0,1342,1342,0,1296,1025,271,46,0.9657228017883756,0.763785394932936,20.5,0.8514049362707005,3.030184363456577,10.854253640945453,13.631179535405117,1.0867831141238224,1.3118448336105406,0.5264668956372871,0.8906330370157264,21.924060245497024,27.43020951408026,30,0.5835069444444444,0.9894791666666667,0.4059722222222222,63.703682396850496,21.066286115766964,{}
tune,ram_heavy,homog,med,binpack,9,1.0,0.6036395147115824,1.0289345087253343,1.0289345087253343,25.945945945945944,50.0,8.0,12.0,1334,1334,0,1293,1040,253,41,0.9692653673163418,0.7796101949025487,20.8,1.2107474013107797,5.215037734028179,11.223517123356256,15.289031864415566,1.1228205367463557,1.529948487457441,0.5295653396128042,0.8900957780140049,31.319655693890017,27.317290074665245,30,0.5710069444444444,0.9876041666666667,0.41659722222222223,64.37277782361784,20.723045440965365,{}
tune,ram_heavy,homog,high,binpack,0,1.3,0.7481651362465974,1.2763906127848175,1.2763906127848175,33.729729729729726,50.0,8.0,12.0,1645,1645,0,1350,1081,269,295,0.8206686930091185,0.6571428571428571,21.62,5.407870009545006,13.340056541463184,15.475890152968486,24.012509699884646,1.5445332115398847,2.4278400278880725,0.5437397661319163,0.9103166151986024,139.36999778165537,27.73874733989989,30,0.5831597222222222,0.9886458333333333,0.4054861111111111,75.2520430334266,21.859871621947843,{}
tune,ram_heavy,homog,high,binpack,1,1.3,0.7594422857057119,1.29834376604955,1.29834376604955,33.729729729729726,50.0,8.0,12.0,1682,1682,0,1406,1133,273,276,0.835909631391201,0.6736028537455411,22.66,5.236828594871529,20.132971790648092,15.231871821426635,30.45498760116498,1.5274107236681393,3.0061887666285196,0.5568769854211476,0.9165941460805435,140.42325663122324,27.965354850068852,30,0.6078125,0.9853124999999999,0.3775,76.66185619185175,21.94050709900208,{}
tune,ram_heavy,homog,high,binpack,2,1.3,0.7575199768858646,1.290653216238931,1.290653216238931,33.729729729729726,50.0,8.0,12.0,1673,1673,0,1372,1096,276,301,0.8200836820083682,0.6551105797967722,21.92,5.421910512124711,16.61539226015924,15.434165536738902,26.648763246941066,1.5493192237024749,2.7097762902404177,0.5454332834970098,0.9171488858244946,143.57342637808327,27.875878336598298,30,0.6140625,0.9909374999999999,0.376875,76.51582783688323,21.864757231229447,{}
tune,ram_heavy,homog,high,binpack,3,1.3,0.7501696410809614,1.2797907310646486,1.2797907310646486,33.729729729729726,50.0,8.0,12.0,1656,1656,0,1368,1091,277,288,0.8260869565217391,0.658816425120773,21.82,4.948638655935313,15.959333957567871,14.969803872839144,26.026412564521117,1.5004237134023635,2.6074165277615786,0.5531097492782915,0.9145053348964169,128.27630608226494,27.918038571054204,30,0.5772569444444444,0.9901041666666667,0.4128472222222222,76.02491582846157,21.782332567608584,{}
tune,ram_heavy,homog,high,binpack,4,1.3,0.771496522652378,1.3154369416357548,1.3154369416357548,33.729729729729726,50.0,8.0,12.0,1708,1708,0,1408,1125,283,300,0.8243559718969555,0.6586651053864169,22.5,5.479488054463113,20.635316259186084,15.47937025795921,30.61191064609915,1.5554424549611103,3.055944353297354,0.5546641141218935,0.9164786962305362,145.56442996728256,27.917856498626097,30,0.6059027777777778,0.9885416666666667,0.38263888888888886,77.73466932626803,21.972178113103958,{}
tune,ram_heavy,homog,high,binpack,5,1.3,0.7755645176274047,1.3235451131234484,1.3235451131234484,33.729729729729726,50.0,8.0,12.0,1709,1709,0,1384,1106,278,325,0.8098303101228789,0.647162083089526,22.12,6.107807765732474,18.235036421422834,16.158828678166223,27.973716929928976,1.6156217698140802,2.7491305129452837,0.5502706250573507,0.9130642737247325,162.0526191455543,27.858073496962916,30,0.6118055555555556,0.9870833333333333,0.37527777777777777,77.80251778577465,21.965870111114477,{}
tune,ram_heavy,homog,high,binpack,6,1.3,0.735140392347102,1.2526729304288482,1.2526729304288482,33.729729729729726,50.0,8.0,12.0,1634,1634,0,1369,1104,265,265,0.8378212974296205,0.6756425948592412,22.08,4.673612541421905,12.561004702502046,14.631075894754636,22.67734313854382,1.4752112931599741,2.2911150093003654,0.5461118592447022,0.912614096375341,122.68118074841537,27.886448036640196,30,0.6006944444444444,0.9885416666666667,0.3878472222222222,74.13887800432522,22.03971848487744,{}
tune,ram_heavy,homog,high,binpack,7,1.3,0.7906198536351986,1.3465752445903294,1.3465752445903294,33.729729729729726,50.0,8.0,12.0,1747,1747,0,1395,1114,281,352,0.7985117344018318,0.6376645678305667,22.28,6.062429813273385,18.59747994541823,16.053713948347944,28.259014034446075,1.6157461543812583,2.7901285393180566,0.5538471462371907,0.9205088454393229,157.84124820870662,28.07803232343908,30,0.5789930555555556,0.9880208333333333,0.4090277777777777,78.64500894879365,22.2137427835692,{}
tune,ram_heavy,homog,high,binpack,8,1.3,0.7694220807328546,1.3170577668481505,1.3170577668481505,33.729729729729726,50.0,8.0,12.0,1705,1705,0,1393,1118,275,312,0.817008797653959,0.6557184750733138,22.36,5.718956738790613,17.77128129977973,15.740515840159384,27.81346645122509,1.5784990347856138,2.737557506201446,0.5642443919671439,0.9174947815075782,150.89322192819733,28.006444505705144,30,0.5946180555555556,0.9880208333333333,0.39381944444444444,77.72119082703239,21.937389042255642,{}
tune,ram_heavy,homog,high,binpack,9,1.3,0.7688288270925067,1.3158699435687582,1.3158699435687582,33.729729729729726,50.0,8.0,12.0,1708,1708,0,1394,1114,280,314,0.8161592505854801,0.6522248243559718,22.28,6.439247442248833,16.05506866540656,16.449764454867303,26.292009784636498,1.6537956605191697,2.7014183340045426,0.5569230665446255,0.9182543783406006,171.7860187887318,27.956324759600246,30,0.6256944444444444,0.9860416666666667,0.3603472222222222,77.06076891576836,22.164325947317465,{}
tune,ram_heavy,hetero,low,binpack,0,0.7,0.4509494965818211,0.6831088334088429,0.6831088334088429,18.48337218030199,50.0,8.0,12.0,896,896,0,896,716,180,0,1.0,0.7991071428571429,14.32,0.0,0.0,10.072107271995302,11.833518608784171,1.0,1.0000000000000004,0.4033834828427296,0.6155477073307409,0.0,21.944365672482544,25,0.48750741860661084,0.7199628171690311,0.2398966961008067,61.16688938615644,14.64844802460703,{}
tune,ram_heavy,hetero,low,binpack,1,0.7,0.4032514238388483,0.7277037314972225,0.7277037314972225,17.816443508654192,50.0,8.0,12.0,930,930,0,930,753,177,0,1.0,0.8096774193548387,15.06,0.0,0.0,9.960657700673982,11.73836955975937,1.0,1.0000000000000004,0.36546219510845285,0.6653485592723021,0.0,23.82408790172748,27,0.4294506829043761,0.7132174962662678,0.2868782956977313,61.04535549691721,15.234574234676462,{}
tune,ram_heavy,hetero,low,binpack,2,0.7,0.4067279840437698,0.6890624029732949,0.6890624029732949,18.110094038749807,50.0,8.0,12.0,895,895,0,895,720,175,0,1.0,0.8044692737430168,14.4,0.0,0.0,9.988623226810704,11.754877125323034,1.0,1.0000000000000004,0.3658599221169249,0.6209681671684761,0.0,22.3182118144304,23,0.4451085960779512,0.6500889987156608,0.21884858767218737,61.34996325337425,14.588435795856405,{}
tune,ram_heavy,hetero,low,binpack,3,0.7,0.37083283944177436,0.6919231522863255,0.6919231522863255,17.098913152605043,50.0,8.0,12.0,844,844,0,844,678,166,0,1.0,0.8033175355450237,13.56,0.0,0.0,10.022615028392421,11.832393573383762,1.0,1.0000000000000004,0.33315813364208036,0.6225378797878491,0.0,22.52534124467081,20,0.40586328718799985,0.616336374749247,0.21448986964562705,60.933598876040236,13.851143138894265,{}
tune,ram_heavy,hetero,low,binpack,4,0.7,0.42946026767792755,0.7032377408865653,0.7032377408865653,17.8581152973011,50.0,8.0,12.0,896,896,0,896,724,172,0,1.0,0.8080357142857143,14.48,0.0,0.0,9.984130539478084,11.808124913668685,1.0,1.0000000000000004,0.3879013690681487,0.6388029651525536,0.0,23.291235328745078,25,0.44540057652316883,0.6466830695589153,0.22196198534208364,61.37593441888388,14.598555744746799,{}
tune,ram_heavy,hetero,low,binpack,5,0.7,0.39503879009503196,0.744355991545585,0.744355991545585,17.17269638603637,50.0,8.0,12.0,903,903,0,903,695,208,0,1.0,0.769656699889258,13.9,0.0,0.0,10.065892793571946,11.822534851921485,1.0,1.0000000000000004,0.35311145024983015,0.6671827656598542,0.0,24.355601229855612,29,0.5005877711362038,0.8361248687701683,0.33898930712956005,61.09381347896577,14.78054730223867,{}
tune,ram_heavy,hetero,low,binpack,6,0.7,0.4119137817779034,0.6873543270851058,0.6873543270851058,19.01726809354349,50.0,8.0,12.0,940,940,0,940,749,191,0,1.0,0.7968085106382978,14.98,0.0,0.0,9.934591169005287,11.793836073435482,1.0,1.0000000000000004,0.3711405904349606,0.6199035243799981,0.0,22.57014687994116,24,0.46008835133183257,0.7090038816613403,0.24959674542108748,61.753933038825664,15.22170254984419,{}
tune,ram_heavy,hetero,low,binpack,7,0.7,0.4475330881405777,0.7091073371992844,0.7091073371992844,19.065323099706838,50.0,8.0,12.0,966,966,0,966,762,204,0,1.0,0.7888198757763976,15.24,0.0,0.0,10.01718305952295,11.791573442469051,1.0,1.0000000000000002,0.4010324109056612,0.6381054586546127,0.0,23.07621113289932,27,0.513739313090968,0.7644533912480633,0.2570744408027392,61.7170083482259,15.652087258499922,{}
tune,ram_heavy,hetero,low,binpack,8,0.7,0.5070124558224236,0.7206647860114438,0.7206647860114438,19.456602014594026,50.0,8.0,12.0,1001,1001,0,1001,803,198,0,1.0,0.8021978021978022,16.06,0.0,0.0,10.017126743947975,11.810033811128605,1.0,1.0000000000000004,0.4555718059336564,0.6414601949952857,0.0,23.408386774259963,27,0.5118725607879212,0.7269815054357242,0.2340934337470961,61.05620676623805,16.394729594526957,{}
tune,ram_heavy,hetero,low,binpack,9,0.7,0.4343010396350529,0.7388437049718539,0.7388437049718539,18.26554146182184,50.0,8.0,12.0,961,961,0,961,792,169,0,1.0,0.8241415192507804,15.84,0.0,0.0,10.011881754077555,11.849833249834003,1.0,1.0000000000000002,0.4032910772082665,0.6842364863013808,0.0,24.22221742442741,26,0.3955567815712292,0.6361945540895074,0.245909638792032,61.1244186351414,15.722030924111003,{}
tune,ram_heavy,hetero,med,binpack,0,1.0,0.6549175933992897,1.0002181990645396,1.0002181990645396,26.404817400431416,50.0,8.0,12.0,1309,1309,0,1279,1011,268,30,0.9770817417876242,0.7723453017570665,20.22,0.38495646450348703,1.4196805743874137,10.461216458384651,12.44319821036198,1.038787373590297,1.14662917446179,0.5712731802293001,0.8715368026049118,9.719349458449619,27.54729501776168,30,0.6889079022915484,0.9810367473272892,0.29308803139055783,62.89406750201515,20.81277379552625,{}
tune,ram_heavy,hetero,med,binpack,1,1.0,0.5589011689852285,1.0124639868127805,1.0124639868127805,25.452062155220272,50.0,8.0,12.0,1288,1288,0,1264,1021,243,24,0.9813664596273292,0.7927018633540373,20.42,0.7612292110089542,2.5495589078858814,10.75189534501469,13.402589531454737,1.076932356567903,1.258021662526332,0.49244965162353205,0.8891598327328927,19.219387641607636,27.856881022273473,30,0.5535786524854582,0.9853185088319968,0.4317398563465386,63.25497038780369,20.3620362495394,{}
tune,ram_heavy,hetero,med,binpack,2,1.0,0.589382592104564,1.0005707396470562,1.0005707396470562,25.871562912499726,50.0,8.0,12.0,1294,1294,0,1266,1009,257,28,0.9783616692426584,0.7797527047913446,20.18,0.34451191594951436,1.3237570325868688,10.340569249046645,12.350597588006792,1.0347924772388537,1.1343372385272479,0.5151625012248712,0.8705484320248401,8.46112607915654,27.77882015407148,30,0.5956673632625497,0.9678381055232445,0.37217074226069485,62.529907331910444,20.694097516111977,{}
tune,ram_heavy,hetero,med,binpack,3,1.0,0.5184905304343405,0.9693673044100264,0.9693673044100264,24.427018789435774,50.0,8.0,12.0,1178,1178,0,1178,949,229,0,1.0,0.8056027164685908,18.98,0.15516880711802514,0.8236294829188289,10.178904350011141,11.948919755712703,1.015664474110047,1.085211375223039,0.46845993084813253,0.8712534592909614,3.6557770957006723,27.789849739184838,30,0.5142053923157593,0.9238660792565245,0.41150430199264615,61.545356435040965,19.140355474963233,{}
tune,ram_heavy,hetero,med,binpack,4,1.0,0.6240722845585314,1.020666548671518,1.020666548671518,25.511593281858715,50.0,8.0,12.0,1306,1306,0,1265,1001,264,41,0.9686064318529862,0.7664624808575804,20.02,0.7686450296675593,2.4714222772252157,10.760427054109162,13.058354699708445,1.0782893352354508,1.2586873265303027,0.5418056773170049,0.8809460812426851,19.11011294900313,27.915037898238925,30,0.6442711903001483,0.9768286193084116,0.33286748661064974,63.31617524128491,20.62664074421904,{}
tune,ram_heavy,hetero,med,binpack,5,1.0,0.5527969402400463,1.0353629700823412,1.0353629700823412,24.532423408623387,50.0,8.0,12.0,1258,1258,0,1201,960,241,57,0.9546899841017488,0.7631160572337043,19.2,1.1004367801764845,4.144778245877852,11.163466450298348,14.688787590659729,1.1103796944744726,1.4103683864427987,0.46818487086930427,0.8730831418849124,25.85289837598636,27.883696078332395,30,0.5936204729788283,0.9742068766556555,0.38112390396522117,64.02611799558794,19.64823168080703,{}
tune,ram_heavy,hetero,med,binpack,6,1.0,0.5772819813878798,0.9594764888953814,0.9594764888953814,27.16752584791927,50.0,8.0,12.0,1311,1311,0,1310,1049,261,1,0.9992372234935164,0.8001525553012967,20.98,0.24840938615761904,1.1134245196048127,10.180654387217514,12.043473996829249,1.0254171432393682,1.1166301282129585,0.5183826745904367,0.8587855789546065,6.512165252896664,27.683905498663506,30,0.5969888600807386,0.943973352051711,0.3469844919709724,61.57074987485491,21.292578093732196,{}
tune,ram_heavy,hetero,med,binpack,7,1.0,0.6517940335226335,1.030449891505059,1.030449891505059,27.236175856724056,50.0,8.0,12.0,1403,1403,0,1355,1080,275,48,0.9657875980042766,0.7697790449037776,21.6,1.0029878716141178,2.980649893533844,11.012881900097652,13.613762878161772,1.102082207613989,1.3148470321588486,0.5557046986187306,0.8823508367670321,26.906659359163285,27.712432126161843,30,0.6826608622884979,0.9724099709901333,0.29041087703152685,64.48777227377273,21.75606243682575,{}
tune,ram_heavy,hetero,med,binpack,8,1.0,0.7229115876435983,1.031599589030327,1.031599589030327,27.795145735134327,50.0,8.0,12.0,1432,1432,0,1374,1095,279,58,0.9594972067039106,0.7646648044692738,21.9,0.9384632620200173,3.8701454673013203,10.959393345793577,14.134819986087962,1.0953309841853014,1.378563748431306,0.6237021685724735,0.8797543858171473,25.37345221718739,27.882594638973124,30,0.6828813996110198,0.9795272184717764,0.298302693761844,64.98052868770905,22.03737071580429,{}
tune,ram_heavy,hetero,med,binpack,9,1.0,0.60621234990861,1.037944766497329,1.037944766497329,26.093630659745486,50.0,8.0,12.0,1348,1348,0,1305,1048,257,43,0.9681008902077152,0.7774480712166172,20.96,1.3140294552132292,5.479777930072878,11.326940934807824,15.553050875506827,1.1320688382322153,1.5355058866069262,0.5264835966841211,0.8892693424341893,34.22475998405018,27.81067938325118,30,0.584621505183016,0.977968983305539,0.3933474781225231,64.56534235211987,20.87807407027156,{}
tune,ram_heavy,hetero,high,binpack,0,1.3,0.8420750574524541,1.2805098580584706,1.2805098580584706,34.32626262056084,50.0,8.0,12.0,1677,1677,0,1384,1109,275,293,0.8252832438878951,0.6612999403697079,22.18,5.227936535574026,14.152787438674565,15.296978680509854,24.606880355227588,1.5258661526004658,2.4818876015238245,0.6160663683230407,0.9070899470848081,135.15327928097415,28.315629499839584,30,0.6550711723540392,0.9845087125807387,0.32943754022669947,76.41243547575951,21.946689561177493,{}
tune,ram_heavy,hetero,high,binpack,1,1.3,0.717667786258751,1.295166229759346,1.295166229759346,33.087680801786355,50.0,8.0,12.0,1650,1650,0,1374,1108,266,276,0.8327272727272728,0.6715151515151515,22.16,5.4838314453154275,15.85815836910664,15.476685743587344,25.571560193533855,1.5541428976189122,2.553279187813927,0.5293478103859712,0.9178753401238563,142.38600272984306,28.356173368856904,30,0.5930838724017286,0.9801795033364411,0.3870956309347125,75.73245771990655,21.78722373044407,{}
tune,ram_heavy,hetero,high,binpack,2,1.3,0.7625813391761431,1.293355172131997,1.293355172131997,33.633031786249646,50.0,8.0,12.0,1672,1672,0,1352,1082,270,320,0.8086124401913876,0.6471291866028708,21.64,5.580190767688485,16.677654555615284,15.591422539676167,26.779833972120805,1.5653158294586742,2.710111769063656,0.5470809136401966,0.9140166258347711,146.69848800373785,28.277454487988674,30,0.626198379842725,0.989333152961584,0.363134773118859,76.7238968690416,21.79242802087988,{}
tune,ram_heavy,hetero,high,binpack,3,1.3,0.6798037465999837,1.2752751861152192,1.2752751861152192,31.75512442626651,50.0,8.0,12.0,1554,1554,0,1289,1028,261,265,0.8294723294723295,0.6615186615186616,20.56,5.105465735410451,13.720474400187598,15.132114890204262,24.170672649140755,1.5157711846134558,2.422972643314747,0.5044062403837466,0.9147851775138371,122.8791843761157,28.50171405530088,30,0.569393991776693,0.9823249842622943,0.4135355894344145,75.78755627428703,20.50468541795741,{}
tune,ram_heavy,hetero,high,binpack,4,1.3,0.8046947054189417,1.3184449860520129,1.3184449860520129,33.165071266416334,50.0,8.0,12.0,1680,1680,0,1347,1080,267,333,0.8017857142857143,0.6428571428571429,21.6,6.218398742549317,18.12406929981767,16.217076352092892,28.31171454215,1.6285644201519371,2.722498257904592,0.5708492753654505,0.9086369463418262,160.82945115867346,28.30766803719618,30,0.6223527276232026,0.9877784403559459,0.36545170739150606,78.05195465230906,21.524124635747345,{}
tune,ram_heavy,hetero,high,binpack,5,1.3,0.7094480743467048,1.3355925133904545,1.3355925133904545,31.892150431210403,50.0,8.0,12.0,1623,1623,0,1309,1058,251,314,0.8065311152187308,0.651879235982748,21.16,5.999899697813448,18.044014315171886,16.05665451629379,28.367517179446374,1.6029691156890087,2.7425492251032315,0.5020778248132733,0.9100699452553639,145.98273859446462,28.354970125637678,30,0.558496548333851,0.9835256092481214,0.42523565556329973,78.84949103950026,20.583519038657403,{}
tune,ram_heavy,hetero,high,binpack,6,1.3,0.7592491848996599,1.2604395539219324,1.2604395539219324,35.31778360229505,50.0,8.0,12.0,1717,1717,0,1431,1159,272,286,0.8334304018637158,0.6750145602795574,23.18,4.891977869128564,12.920389281432413,14.851451619268216,23.34950101755092,1.4962170046708947,2.3390168588348494,0.5594624962694309,0.9043975531569975,132.05581945852688,28.313674177731627,30,0.6456785683025431,0.9871873188198367,0.3417075395676771,74.80177738239266,22.954000026263532,{}
tune,ram_heavy,hetero,high,binpack,7,1.3,0.8543624623292353,1.3518601268086272,1.3518601268086272,35.407028613741275,50.0,8.0,12.0,1844,1844,0,1462,1170,292,382,0.7928416485900217,0.6344902386117137,23.4,6.205963862561059,17.032075152544685,16.20016930111479,27.15043573873823,1.630748627899313,2.8128428259730436,0.5957134199565263,0.9130889406330647,165.18924587094784,28.331045072046535,30,0.6348073999519827,0.9895200102627003,0.35519307263461264,78.83355994819465,23.391053267311303,{}
tune,ram_heavy,hetero,high,binpack,8,1.3,0.9202763032823987,1.3109408376799925,1.3109408376799925,36.13368945567463,50.0,8.0,12.0,1822,1822,0,1471,1181,290,351,0.8073545554335895,0.6481888035126235,23.62,6.034751306713374,17.169832160600222,16.04546966681916,26.797159001502628,1.6131269414786824,2.6872322899991583,0.6679872292600615,0.9084979372619952,168.99102923953996,28.277784461765286,30,0.7415301766796479,0.9892042319409116,0.24933093016235114,77.45684563690432,23.522775618065037,{}
tune,ram_heavy,hetero,high,binpack,9,1.3,0.7743000965744649,1.3229747675797658,1.3229747675797658,33.92171985766913,50.0,8.0,12.0,1721,1721,0,1404,1132,272,317,0.8158047646717025,0.6577571179546775,22.64,6.278132663212698,16.2705303230965,16.28852504367962,26.751124513792718,1.6327409295214639,2.7063026557416205,0.5628850649443237,0.9176756753947152,165.8637295604155,28.412137389018138,30,0.6250040116974176,0.9841630278866419,0.3591590161892243,77.73659648099652,22.138864806368456,{}
tune,bimodal,homog,low,binpack,0,0.7,0.6777815697011081,0.40709484227423065,0.6777815697011081,16.128,50.0,8.0,12.0,777,777,0,777,629,148,0,1.0,0.8095238095238095,12.58,0.0,0.0,10.069739682008287,11.841006392266266,1.0,1.0000000000000004,0.6091740425675365,0.37219039506019386,0.0,20.662168871889854,24,0.6934027777777777,0.33916666666666667,0.35618055555555556,61.22151904347892,12.691615826261714,{}
tune,bimodal,homog,low,binpack,1,0.7,0.7458279256629818,0.4465529130100658,0.7458279256629818,16.128,50.0,8.0,12.0,860,860,0,860,685,175,0,1.0,0.7965116279069767,13.7,0.0,0.0,9.963272479293444,11.755197770319896,1.0,1.0000000000000004,0.6671820267143496,0.40089663846183987,0.0,22.821117272300384,27,0.7522569444444444,0.45385416666666667,0.3013194444444444,61.218386369469634,14.048067108624291,{}
tune,bimodal,homog,low,binpack,2,0.7,0.6945787194651458,0.4174615590467228,0.6945787194651458,16.128,50.0,8.0,12.0,801,801,0,801,627,174,0,1.0,0.7827715355805244,12.54,0.0,0.0,9.984937097701621,11.75441557136871,1.0,1.0000000000000004,0.6205502673292921,0.3709247975697133,0.0,21.26648882862659,24,0.7421875,0.4546875,0.3136111111111111,61.19119820020023,13.090117918256075,{}
tune,bimodal,homog,low,binpack,3,0.7,0.6950359147128905,0.41594221444898666,0.6950359147128905,16.128,50.0,8.0,12.0,798,798,0,798,644,154,0,1.0,0.8070175438596491,12.88,0.0,0.0,10.019659712022875,11.83551436194297,1.0,1.0000000000000002,0.6189183248529262,0.37756753124905096,0.0,21.43011303665125,23,0.6595486111111111,0.3657291666666667,0.31493055555555555,61.2302161421334,13.032781039799149,{}
tune,bimodal,homog,low,binpack,4,0.7,0.6977538067551218,0.42069919260510913,0.6977538067551218,16.128,50.0,8.0,12.0,805,805,0,805,658,147,0,1.0,0.8173913043478261,13.16,0.0,0.0,9.988578199132247,11.813511295519264,1.0,1.0000000000000004,0.6316543782736902,0.3875030546855956,0.0,21.53531596448173,24,0.6479166666666667,0.358125,0.2907638888888889,60.82125416360061,13.235504776581282,{}
tune,bimodal,homog,low,binpack,5,0.7,0.7428975717445356,0.446164683850865,0.7428975717445356,16.128,50.0,8.0,12.0,849,849,0,849,656,193,0,1.0,0.7726737338044759,13.12,0.0,0.0,10.079362385220529,11.836420916917064,1.0,1.0000000000000004,0.6477051085939869,0.4001177230640951,0.0,21.71371216646595,30,0.9048611111111111,0.4497916666666667,0.4560416666666667,61.38054721681969,13.83174374449621,{}
tune,bimodal,homog,low,binpack,6,0.7,0.6861374046675628,0.411725319614404,0.6861374046675628,16.128,50.0,8.0,12.0,794,794,0,794,648,146,0,1.0,0.8161209068010076,12.96,0.0,0.0,9.940081302942259,11.810687061642074,1.0,1.0000000000000004,0.6191217471926367,0.3758183532323971,0.0,21.486128091325128,23,0.6305555555555556,0.35083333333333333,0.31069444444444444,61.220644067933776,12.969481325922253,{}
tune,bimodal,homog,low,binpack,7,0.7,0.7094432798810255,0.42509740211102204,0.7094432798810255,16.128,50.0,8.0,12.0,815,815,0,815,642,173,0,1.0,0.7877300613496933,12.84,0.0,0.0,10.012689936717218,11.812167550430807,1.0,1.0000000000000002,0.6314995708983584,0.3804236729709234,0.0,21.23736503556228,24,0.7206597222222223,0.4373958333333333,0.29993055555555553,61.41478295434365,13.27042058596672,{}
tune,bimodal,homog,low,binpack,8,0.7,0.7168925303827436,0.4264597437300542,0.7168925303827436,16.128,50.0,8.0,12.0,822,822,0,822,646,176,0,1.0,0.7858880778588808,12.92,0.0,0.0,10.00654726967646,11.800302663922999,1.0,1.0000000000000004,0.6390767028307331,0.38093203251982044,0.0,21.7952318942724,24,0.7243055555555556,0.46020833333333333,0.26506944444444447,61.06273026183202,13.461566432999815,{}
tune,bimodal,homog,low,binpack,9,0.7,0.7567635451739863,0.4561465033737083,0.7567635451739863,16.128,50.0,8.0,12.0,874,874,0,874,699,175,0,1.0,0.799771167048055,13.98,0.0,0.0,10.018494447428187,11.84256633935601,1.0,1.0000000000000002,0.6928258897768386,0.40941931921462926,0.0,23.452976602844004,24,0.6715277777777777,0.4741666666666667,0.2361111111111111,60.890236006421425,14.353697034575935,{}
tune,bimodal,homog,med,binpack,0,1.0,0.9769217007103563,0.5893599521263875,0.9769217007103563,23.04,50.0,8.0,12.0,1121,1121,0,1116,888,228,5,0.9955396966993756,0.792149866190901,17.76,0.2134400189716176,1.2161643115911787,10.282775880405241,12.10321017690621,1.0216256573050102,1.117954952621458,0.8685123672949789,0.5236657912508144,4.6521056741872515,27.21201158308898,30,0.9411458333333333,0.6165625,0.33111111111111113,63.01511257073504,17.789383439435536,{}
tune,bimodal,homog,med,binpack,1,1.0,1.022263147274998,0.6078954994839838,1.022263147274998,23.04,50.0,8.0,12.0,1175,1175,0,1159,944,215,16,0.9863829787234043,0.8034042553191489,18.88,0.5567277025380032,2.597424762510755,10.539921609295567,13.2260019122931,1.055879725575206,1.2585611631394578,0.8911422513537971,0.546271627241852,12.663395238045052,27.736927724927508,30,0.9680555555555556,0.5389583333333333,0.429375,63.83504866841683,18.406816075341155,{}
tune,bimodal,homog,med,binpack,2,1.0,0.9897230051890817,0.5963302644521109,0.9897230051890817,23.04,50.0,8.0,12.0,1143,1143,0,1134,899,235,9,0.9921259842519685,0.7865266841644795,17.98,0.33618920500372634,1.74364962007364,10.334504354378609,12.503500367295594,1.0340055035787485,1.1793645876684,0.8730678210296161,0.5302106423144548,7.476435365802222,27.14587944298858,30,0.961111111111111,0.6285416666666667,0.34020833333333333,62.742176971334885,18.21741060279442,{}
tune,bimodal,homog,med,binpack,3,1.0,0.9691980236527196,0.5802976215137858,0.9691980236527196,23.04,50.0,8.0,12.0,1112,1112,0,1111,889,222,1,0.9991007194244604,0.7994604316546763,17.78,0.20582535361915918,1.0570156791537713,10.232849932194535,12.006903083981971,1.0207201755729929,1.1077775170540567,0.8775450025405148,0.5214411390136047,4.574454284663388,27.54324716260146,30,0.9229166666666667,0.574375,0.3617361111111111,61.433330596423545,18.100923215527846,{}
tune,bimodal,homog,med,binpack,4,1.0,1.01324499973705,0.6109998111105812,1.01324499973705,23.04,50.0,8.0,12.0,1172,1172,0,1146,905,241,26,0.9778156996587031,0.7721843003412969,18.1,0.4638862663114614,2.619707295924634,10.453267867245925,12.88630794145034,1.0472896886776575,1.265021847446272,0.8784481283463137,0.5423117014547622,10.0787319879199,27.22610559241458,30,0.976736111111111,0.6285416666666667,0.3518055555555556,63.71898316114728,18.393262758697446,{}
tune,bimodal,homog,med,binpack,5,1.0,1.0425518866087982,0.6232968582864571,1.0425518866087982,23.04,50.0,8.0,12.0,1193,1193,0,1150,927,223,43,0.9639564124057,0.7770326906957251,18.54,0.5701305750681747,3.576675383885515,10.6273784895435,13.857599616987876,1.0575088340485606,1.3711040342763658,0.88038964722981,0.542716486539017,12.288491703627223,27.438811719115087,30,0.9819444444444444,0.5722916666666666,0.4099305555555555,65.60561892239579,18.184418036070774,{}
tune,bimodal,homog,med,binpack,6,1.0,0.946710224397321,0.571489669840706,0.946710224397321,23.04,50.0,8.0,12.0,1104,1104,0,1104,907,197,0,1.0,0.8215579710144928,18.14,0.267592841787207,1.662088756780463,10.191730163002635,12.01186448071073,1.0278184175647915,1.1750799310309328,0.8587229521612578,0.5214711425402994,5.908449946661509,27.00460618971706,30,0.898263888888889,0.5058333333333334,0.4010416666666667,61.02529139496214,18.090859949439572,{}
tune,bimodal,homog,med,binpack,7,1.0,1.0297523405862932,0.6161851623708047,1.0297523405862932,23.04,50.0,8.0,12.0,1185,1185,0,1153,921,232,32,0.9729957805907173,0.7772151898734178,18.42,0.6629030847779789,2.745902168977274,10.670234240108664,13.373492796055231,1.0669789067290858,1.2839660912720952,0.8912279157683604,0.5465492344228473,14.845411517912142,27.500127407093075,30,0.9512152777777777,0.6001041666666667,0.3511111111111111,64.6443517118186,18.331067891015024,{}
tune,bimodal,homog,med,binpack,8,1.0,1.0383412914690116,0.6207741138843247,1.0383412914690116,23.04,50.0,8.0,12.0,1193,1193,0,1160,911,249,33,0.972338642078793,0.7636211232187762,18.22,0.69379157395711,3.6393642018012144,10.703339326457042,13.946776883751085,1.0702365697728715,1.3681735128928036,0.8930269752811424,0.539031699181522,15.602346124016133,27.578295698006436,30,0.9859375,0.6678125,0.318125,64.0654407472749,18.62158421271371,{}
tune,bimodal,homog,med,binpack,9,1.0,1.031952853542013,0.6209924088038339,1.031952853542013,23.04,50.0,8.0,12.0,1192,1192,0,1161,942,219,31,0.9739932885906041,0.790268456375839,18.84,0.8634122017085909,4.4088457476716485,10.871153196088683,14.69493836349558,1.08826682906009,1.4531870782775318,0.8820628144191932,0.5589554279063522,19.510204802015394,27.456093190187257,30,0.9770833333333333,0.541875,0.4407638888888889,65.48729230820175,18.202004663593517,{}
tune,bimodal,homog,high,binpack,0,1.3,1.2778005828231631,0.763299124073658,1.2778005828231631,29.952,50.0,8.0,12.0,1460,1460,0,1283,1017,266,177,0.8787671232876713,0.6965753424657535,20.34,3.8552578483806816,14.844240578608655,13.923135132892787,25.326316645469802,1.3874061364472423,2.5449566367483887,0.9085459948532966,0.6367693459555848,88.02864403595062,27.67265886774392,30,0.9888888888888889,0.7108333333333333,0.28,76.11946716762819,19.1803759843041,{}
tune,bimodal,homog,high,binpack,1,1.3,1.3143435872847198,0.78807237024854,1.3143435872847198,29.952,50.0,8.0,12.0,1514,1514,0,1337,1081,256,177,0.8830911492734478,0.7140026420079261,21.62,3.7050984298566756,17.771006514271804,13.70484389995784,28.0391166149686,1.374580541480189,2.7477541032952,0.9143730896379342,0.6592442122032415,83.84413865030554,27.983607838980493,30,0.9866319444444444,0.7257291666666668,0.26381944444444444,77.88222914562516,19.439607938918954,{}
tune,bimodal,homog,high,binpack,2,1.3,1.2875173803296693,0.7693351558640666,1.2875173803296693,29.952,50.0,8.0,12.0,1480,1480,0,1326,1057,269,154,0.8959459459459459,0.7141891891891892,21.14,3.2957399360448556,20.174262731587508,13.283331991287262,29.98725427393752,1.3330903695778094,2.9632190426293072,0.9160166289495631,0.6459211779873393,76.07088297953757,28.001182068182526,30,0.9873263888888889,0.7148958333333333,0.274375,76.06732954815106,19.456447449797107,{}
tune,bimodal,homog,high,binpack,3,1.3,1.2680328927978128,0.7580993756571471,1.2680328927978128,29.952,50.0,8.0,12.0,1456,1456,0,1284,1014,270,172,0.8818681318681318,0.6964285714285714,20.28,3.927209223343034,12.877910711194936,13.944536128382577,23.519856617741738,1.3977844212888746,2.3894477580425697,0.924519970706269,0.6245121464041719,94.2644841134582,28.14704844848979,30,0.9927083333333333,0.7043750000000001,0.28833333333333333,75.16867726961934,19.369770134141586,{}
tune,bimodal,homog,high,binpack,4,1.3,1.3393428842442765,0.7989284543236759,1.3393428842442765,29.952,50.0,8.0,12.0,1536,1536,0,1332,1059,273,204,0.8671875,0.689453125,21.18,3.9388154994773736,21.39498987208818,13.935231544658466,31.829478866808625,1.397238902162208,3.1784039689904198,0.921686306566365,0.6616012953400942,90.80446498003111,28.0190680135597,30,0.9859375,0.7303125,0.255625,78.75934371465107,19.502447932590737,{}
tune,bimodal,homog,high,binpack,5,1.3,1.3117281830135756,0.7879096089551642,1.3117281830135756,29.952,50.0,8.0,12.0,1506,1506,0,1323,1055,268,183,0.8784860557768924,0.700531208499336,21.1,4.411651856083886,16.38990821164991,14.463731238123092,26.85589033041544,1.4445837641924197,2.7051381334629845,0.9191799982704127,0.6556239975089914,104.94975660621739,27.94725794129754,30,0.9824652777777777,0.7532291666666667,0.23173611111111111,77.98943495170506,19.310307876093603,{}
tune,bimodal,homog,high,binpack,6,1.3,1.2533153485188149,0.7495962179374026,1.2533153485188149,29.952,50.0,8.0,12.0,1447,1447,0,1304,1047,257,143,0.9011748445058743,0.72356599861783,20.94,3.0824823609401557,12.653412435906919,13.029538343703528,23.24759721913495,1.3136258058347878,2.3770965367721995,0.9194726710976202,0.6389099608386352,71.73600841537231,28.029768134210222,30,0.9862847222222223,0.6686458333333333,0.3176388888888889,75.47174814578017,19.172737289786838,{}
tune,bimodal,homog,high,binpack,7,1.3,1.3428989443297474,0.8016399584189204,1.3428989443297474,29.952,50.0,8.0,12.0,1542,1542,0,1316,1053,263,226,0.8534370946822308,0.6828793774319066,21.06,4.692546105008181,17.180272494948973,14.69240180702768,27.672143804314796,1.474318420172661,2.799142274842477,0.9249231508837745,0.6467313286328568,109.76481283934403,28.11784394008734,30,0.9914930555555556,0.7092708333333333,0.2822222222222222,78.90782506968817,19.541788138732358,{}
tune,bimodal,homog,high,binpack,8,1.3,1.33039564448718,0.7928065255761599,1.33039564448718,29.952,50.0,8.0,12.0,1526,1526,0,1291,1028,263,235,0.846002621231979,0.6736566186107471,20.56,4.8495101445537045,18.72932278496959,14.8672886003188,28.528585348969347,1.4892781033407725,2.756915572067756,0.9140308813372745,0.6271024642579888,116.16122058252677,27.840789902873457,30,0.9961805555555556,0.6939583333333333,0.3022222222222222,78.07456757991515,19.545417250476923,{}
tune,bimodal,homog,high,binpack,9,1.3,1.3267345093467815,0.8006381534604847,1.3267345093467815,29.952,50.0,8.0,12.0,1531,1531,0,1335,1062,273,196,0.8719790986283474,0.6936642717178315,21.24,4.518720231880554,20.127644934984566,14.517498425886256,30.266702813034435,1.4586192488576553,3.019989989143578,0.9185669893169138,0.6629493669934564,108.62556266210342,28.003370847295056,30,0.9916666666666667,0.7331249999999999,0.25854166666666667,78.62724403286191,19.471622321648784,{}
tune,bimodal,hetero,low,binpack,0,0.7,0.68303090338833,0.36948132722960136,0.68303090338833,14.628927030062037,50.0,8.0,12.0,714,714,0,714,576,138,0,1.0,0.8067226890756303,11.52,0.0,0.0,10.056270978908607,11.834518215568707,1.0,1.0000000000000004,0.6152876341346001,0.33187592976890845,0.0,22.193396472839524,25,0.7143179773032972,0.44526898321026126,0.27867180643070033,61.6610548502255,11.579432134826492,{}
tune,bimodal,hetero,low,binpack,1,0.7,0.7436578869472148,0.4684916921948927,0.7436578869472148,16.73017658030946,50.0,8.0,12.0,884,884,0,884,716,168,0,1.0,0.8099547511312217,14.32,0.0,0.0,9.959895064320898,11.752548636707637,1.0,1.0000000000000002,0.6731704211587635,0.42279814187637077,0.0,23.97203490440013,26,0.6801329301958848,0.5637608600535255,0.1826437579976898,61.26054393850447,14.430168966298943,{}
tune,bimodal,hetero,low,binpack,2,0.7,0.6924368000129628,0.4146451751366015,0.6924368000129628,16.0017997263536,50.0,8.0,12.0,794,794,0,794,625,169,0,1.0,0.7871536523929471,12.5,0.0,0.0,9.986418157875383,11.766920806068676,1.0,1.0000000000000004,0.6167132649849245,0.36900821305521453,0.0,22.046594800888606,24,0.7199893543415586,0.5351872659567142,0.21166103216925836,61.35620664959349,12.940826093349443,{}
tune,bimodal,hetero,low,binpack,3,0.7,0.6927148728861962,0.45621971252842675,0.6927148728861962,16.637353299637304,50.0,8.0,12.0,824,824,0,824,664,160,0,1.0,0.8058252427184466,13.28,0.0,0.0,10.021642056827474,11.832393573383754,1.0,1.0000000000000002,0.6142888757848552,0.4148711176149382,0.0,22.72509457340003,25,0.7068268505060338,0.49844354392848256,0.22477664652775015,61.16415395616082,13.471943069638451,{}
tune,bimodal,hetero,low,binpack,4,0.7,0.710688807707881,0.40813675769927416,0.710688807707881,15.196413400692828,50.0,8.0,12.0,770,770,0,770,612,158,0,1.0,0.7948051948051948,12.24,0.0,0.0,9.995328775283067,11.815079033059947,1.0,1.0000000000000002,0.6379481301529917,0.3707796026354363,0.0,23.41252603582331,26,0.7642971984699005,0.489028367648929,0.3107741857455445,60.98647879801561,12.625749431283028,{}
tune,bimodal,hetero,low,binpack,5,0.7,0.7410885506190374,0.4853040105304097,0.7410885506190374,16.752966566668146,50.0,8.0,12.0,879,879,0,879,676,203,0,1.0,0.7690557451649602,13.52,0.0,0.0,10.071402319317848,11.82790212605713,1.0,1.0000000000000004,0.6530895239695548,0.43847483906566836,0.0,22.824457079730756,29,0.8979031741395729,0.5743635996082153,0.34057867854955576,61.41720951024191,14.31194948467039,{}
tune,bimodal,hetero,low,binpack,6,0.7,0.6845525807374461,0.3976842537692797,0.6845525807374461,16.41537915959306,50.0,8.0,12.0,807,807,0,807,657,150,0,1.0,0.8141263940520446,13.14,0.0,0.0,9.941947973920836,11.7990060524183,1.0,1.0000000000000002,0.6202933192498835,0.36307116522662947,0.0,22.334820939752714,23,0.6455057164473673,0.4410979648097692,0.2199596714570708,61.44732066676537,13.13320078472481,{}
tune,bimodal,hetero,low,binpack,7,0.7,0.7025044027016862,0.3912897574939963,0.7025044027016862,15.693874783361823,50.0,8.0,12.0,788,788,0,788,628,160,0,1.0,0.7969543147208121,12.56,0.0,0.0,10.017743545111824,11.809790203446951,1.0,1.0000000000000002,0.6279931389103638,0.3524392163624948,0.0,22.263928239970195,25,0.7050064457201157,0.4741351752594415,0.2533024665410591,61.62737608312217,12.786525243864938,{}
tune,bimodal,hetero,low,binpack,8,0.7,0.7090761563713937,0.3565059218755262,0.7090761563713937,14.444332262630176,50.0,8.0,12.0,729,729,0,729,582,147,0,1.0,0.7983539094650206,11.64,0.0,0.0,10.03981263368978,11.805323338452794,1.0,1.0000000000000004,0.636514293547157,0.31850429378082157,0.0,22.611434561347654,24,0.6920845618020784,0.4273977169615098,0.28086912758558136,61.34966758677841,11.882704970957468,{}
tune,bimodal,hetero,low,binpack,9,0.7,0.7569879655133316,0.4552424412110923,0.7569879655133316,16.2148517174765,50.0,8.0,12.0,877,877,0,877,702,175,0,1.0,0.8004561003420753,14.04,0.0,0.0,10.018511728789717,11.842566339356008,1.0,1.0000000000000002,0.6957011570683155,0.4095931107992481,0.0,24.74678550698086,26,0.6589698752138856,0.5468413675742442,0.17104317661170312,60.77942874996445,14.429224131207599,{}
tune,bimodal,hetero,med,binpack,0,1.0,0.9819258228316605,0.5278473391842488,0.9819258228316605,20.89846718580291,50.0,8.0,12.0,1019,1019,0,1010,802,208,9,0.9911678115799804,0.7870461236506379,16.04,0.3895557696218223,2.072962263691551,10.464575160366731,12.739640604874246,1.0389337653893842,1.206794745141758,0.8610555282742773,0.46711291318824233,7.845929157892326,27.147494162003525,30,0.9588791213284679,0.6120351660054121,0.3468439553230558,62.07051998014271,16.41681107756135,{}
tune,bimodal,hetero,med,binpack,1,1.0,1.0177817593717393,0.6423453962902416,1.0177817593717393,23.900252257584945,50.0,8.0,12.0,1215,1215,0,1201,980,221,14,0.988477366255144,0.8065843621399177,19.6,0.5855165520941651,2.4672158322488684,10.569471514122625,13.22639284910062,1.0594397774032829,1.2440113438310718,0.8899412023556447,0.5754682231753485,13.928148523730906,27.867870111802144,30,0.9736581292962602,0.6345607272109522,0.3434108341347082,64.14845119487285,18.94044169997218,{}
tune,bimodal,hetero,med,binpack,2,1.0,0.992696629909221,0.595785360236036,0.992696629909221,22.859713894790858,50.0,8.0,12.0,1137,1137,0,1123,889,234,14,0.9876868953386104,0.781882145998241,17.78,0.4232594909916913,1.9592839478896948,10.419223220035473,12.685384761091196,1.0429996205647738,1.2023694060613812,0.8751983387631944,0.5271539140702305,9.394996012008312,27.542237478703168,30,0.9587720626590024,0.6851243636197987,0.28007974953124404,62.99492711872094,18.049072393673814,{}
tune,bimodal,hetero,med,binpack,3,1.0,0.9720898755097557,0.6385905506607433,0.9720898755097557,23.767647570910434,50.0,8.0,12.0,1151,1151,0,1151,918,233,0,1.0,0.7975673327541268,18.36,0.23929959384777733,1.2513193134155571,10.263925846837136,12.13146164057851,1.024263146450623,1.1297072303654927,0.8736525877609183,0.5722809622719023,5.5086766503758335,27.762987752883713,30,0.9545196026825591,0.7040566554499611,0.2568341004060238,61.65858201098088,18.66731219662198,{}
tune,bimodal,hetero,med,binpack,4,1.0,1.0200568540183936,0.5837862097901608,1.0200568540183936,21.709162000989757,50.0,8.0,12.0,1100,1100,0,1063,854,209,37,0.9663636363636363,0.7763636363636364,17.08,0.7373778111333321,4.038626807897408,10.744691253733492,14.577986458556985,1.0744051784408752,1.4105238372969267,0.8629484721331128,0.5099523395779231,14.920893718808452,27.51535568369495,30,0.9759416341573328,0.6074750933749402,0.3686735265596182,65.44796720459364,16.807244701143194,{}
tune,bimodal,hetero,med,binpack,5,1.0,1.0412622063086192,0.6833935945426661,1.0412622063086192,23.932809380954495,50.0,8.0,12.0,1236,1236,0,1195,962,233,41,0.9668284789644013,0.7783171521035599,19.24,0.7824561538938638,4.677011587858374,10.846914191137895,14.68241478118366,1.0788433652812985,1.4522100451576112,0.8719337829068377,0.5951468506275794,17.4565667363364,27.6658279697766,30,0.9713594334299512,0.7028741922202107,0.27998260887886117,66.06140368393866,18.709865838053716,{}
tune,bimodal,hetero,med,binpack,6,1.0,0.955720331227397,0.553826064075769,0.955720331227397,23.450541656561516,50.0,8.0,12.0,1126,1126,0,1125,917,208,1,0.9991119005328597,0.8143872113676732,18.34,0.24257249832422578,1.2495411272385368,10.170083888361356,12.074912056427856,1.0247694757693488,1.1231062006468644,0.8604027668553619,0.5025569852287185,5.45353038755299,27.72679721382168,30,0.9291068966180652,0.5983037701342874,0.3391106340538966,61.88045672801276,18.196375067966642,{}
tune,bimodal,hetero,med,binpack,7,1.0,1.0419056368321753,0.5809313360082506,1.0419056368321753,22.41982111908832,50.0,8.0,12.0,1165,1165,0,1136,893,243,29,0.975107296137339,0.7665236051502146,17.86,0.7350755638231719,2.7453568595962388,10.747762882817316,13.59442873812749,1.0744202928912934,1.2852848826535594,0.8959299669442955,0.5096936232632765,16.225056764711994,28.02297284750521,30,0.9766693192781054,0.6585640866945918,0.31990368390232404,65.26701300626328,17.849752062166566,{}
tune,bimodal,hetero,med,binpack,8,1.0,1.0282213572719157,0.5154442068980949,1.0282213572719157,20.634760375185966,50.0,8.0,12.0,1061,1061,0,1025,809,216,36,0.9660697455230914,0.76248821866164,16.18,0.7964598665570065,5.330953339975956,10.800107599191856,15.45970815520392,1.0810723003624614,1.5240706083733322,0.8610405759434815,0.4441512418365381,15.087867533504468,27.608644392143788,30,0.960444721582231,0.6448213071247599,0.33188180716308063,65.32019977859227,16.243061160197602,{}
tune,bimodal,hetero,med,binpack,9,1.0,1.0397085008064437,0.622882778197093,1.0397085008064437,23.16407388210929,50.0,8.0,12.0,1202,1202,0,1166,944,222,36,0.9700499168053245,0.7853577371048253,18.88,0.8806826714669942,4.471432885012572,10.881134718287942,14.88503681164589,1.088816882347808,1.4391338987791924,0.8822377275892355,0.5587569888465531,19.94872933244771,27.75863578836079,30,0.9797619756161116,0.6303246547092242,0.35363316831258196,64.63815829490636,18.595826856884944,{}
tune,bimodal,hetero,high,binpack,0,1.3,1.285989695678058,0.6864275437974483,1.285989695678058,27.168007341543785,50.0,8.0,12.0,1335,1335,0,1154,918,236,181,0.8644194756554308,0.6876404494382022,18.36,4.098927309207757,15.526896372378971,14.16230330630598,25.77619540210291,1.4139062050620017,2.5671068799521324,0.9099178083249203,0.5489277452442397,85.71053690261837,28.09620893292789,30,0.9897566071396465,0.6543724186117997,0.3371075845189356,76.31681829482636,17.492867625097283,{}
tune,bimodal,hetero,high,binpack,1,1.3,1.3051089625831551,0.8270817124148668,1.3051089625831551,31.07032793486043,50.0,8.0,12.0,1559,1559,0,1364,1092,272,195,0.8749198203976908,0.7004490057729313,21.84,4.5549593727617514,16.671537850698805,14.552531133705049,26.65215802020029,1.4596724227629634,2.6865361978682807,0.9137634558405765,0.6703298755630946,114.10702867654769,28.262201337891955,30,0.9858086344677431,0.8276451734550324,0.16021661313451005,77.41128944817491,20.139181392188473,{}
tune,bimodal,hetero,high,binpack,2,1.3,1.289867077718784,0.7653926377461149,1.289867077718784,29.717628063228116,50.0,8.0,12.0,1471,1471,0,1290,1023,267,181,0.8769544527532291,0.6954452753229096,20.46,4.059532912744007,17.401316479943745,14.044640646332166,27.102913486958037,1.4121518148537304,2.734536321564704,0.9109800025269592,0.6285819477650639,94.29797495818445,28.150033723261473,30,0.9872652229303077,0.7121172280065265,0.2759501013650266,77.21539052387897,19.0506062330293,{}
tune,bimodal,hetero,high,binpack,3,1.3,1.2644101380393105,0.8345820770790277,1.2644101380393105,30.897941842183567,50.0,8.0,12.0,1505,1505,0,1287,1022,265,218,0.8551495016611296,0.6790697674418604,20.44,4.3043170669003015,13.938737066306327,14.32790295861321,23.078482964568984,1.4381140590005055,2.2886880768653337,0.9111633355044794,0.6642732054812863,106.62809269808217,28.25679952243198,30,0.9893816314233188,0.7877676680596207,0.2071342858198375,75.24063258953028,20.00248998716447,{}
tune,bimodal,hetero,high,binpack,4,1.3,1.340581843187741,0.7724520038235264,1.340581843187741,28.221910601286684,50.0,8.0,12.0,1452,1452,0,1217,965,252,235,0.8381542699724518,0.6646005509641874,19.3,4.924537912135079,16.883226439242534,14.921674013960464,27.434887128720213,1.4987112686677797,2.745014305676067,0.9098019348295564,0.6127516571270604,108.06107704566273,28.188268638565347,30,0.9876369169765211,0.7294774627751589,0.26034100562302515,79.68699854490437,18.221291132979296,{}
tune,bimodal,hetero,high,binpack,5,1.3,1.3246063113986812,0.8749376513108231,1.3246063113986812,31.112652195240848,50.0,8.0,12.0,1577,1577,0,1362,1083,279,215,0.8636651870640456,0.6867469879518072,21.66,4.553831266917816,16.745862844543424,14.612114705564409,27.19696393593867,1.4588574473107243,2.7427023781472393,0.9110631492899812,0.7168541412360961,110.122650543718,28.20946889788105,30,0.9812770907976721,0.8612707508571198,0.1296960831637998,78.37231702536647,20.121900944814204,{}
tune,bimodal,hetero,high,binpack,6,1.3,1.2515697058396646,0.7304713522358055,1.2515697058396646,30.485704153529973,50.0,8.0,12.0,1476,1476,0,1317,1056,261,159,0.8922764227642277,0.7154471544715447,21.12,3.328447832532311,15.210816404039651,13.277859740223882,25.404304212541156,1.3393573236158076,2.520705990102416,0.9072457482292552,0.6156138455785414,79.37715901501225,28.10023034622814,30,0.9891188545973844,0.6941913910446369,0.29569350477480294,76.00382074307161,19.42007632734108,{}
tune,bimodal,hetero,high,binpack,7,1.3,1.343070594466005,0.747926614967897,1.343070594466005,29.145767454814816,50.0,8.0,12.0,1506,1506,0,1267,1019,248,239,0.8413014608233732,0.6766268260292164,20.38,4.777760866058118,17.597991038677286,14.78035850835792,27.901080240533567,1.4834853070603746,2.825569963172706,0.9164039963917283,0.597599002805013,106.8449031321478,28.137601890561154,30,0.9830530458935568,0.6682119703359551,0.3154062557689549,79.45365262085627,18.95444640143178,{}
tune,bimodal,hetero,high,binpack,8,1.3,1.3391511251392492,0.6695292567074006,1.3391511251392492,26.82518848774176,50.0,8.0,12.0,1379,1379,0,1135,898,237,244,0.823060188542422,0.6511965192168238,17.96,5.223037587647846,18.92633789050961,15.228387681225644,29.240026670095986,1.5282200137331434,2.725301300369195,0.9187869694778585,0.5131168051128734,112.28152620466113,28.39228759616321,30,0.988975550460701,0.6206623348525825,0.36831321560811847,80.29346523653896,17.174498521611465,{}
tune,bimodal,hetero,high,binpack,9,1.3,1.32409728129212,0.7948220797434999,1.32409728129212,30.113296046742075,50.0,8.0,12.0,1535,1535,0,1312,1047,265,223,0.8547231270358306,0.6820846905537459,20.94,5.022240714956095,19.91036854100612,15.021434888951353,29.98334926117355,1.510641586271957,2.8923566030812577,0.9164925726282788,0.6429713855367666,123.70354626512723,28.164960403755437,30,0.9881324859395473,0.7578763053490533,0.2311578429399774,78.25437517645867,19.615516660105868,{}
tune,tiny_large,homog,low,binpack,0,0.7,0.6873257346693561,0.41122219165467494,0.6873257346693561,21.221052631578946,50.0,8.0,12.0,1030,1030,0,1030,826,204,0,1.0,0.8019417475728156,16.52,0.0,0.0,10.07799453248035,11.833518608784171,1.0,1.0000000000000002,0.6137661619431983,0.36689826638107,0.0,20.48947274155379,25,0.6927083333333334,0.434375,0.25833333333333336,61.22084520161689,16.824334858624216,{}
tune,tiny_large,homog,low,binpack,1,0.7,0.7149777822711931,0.43330725955108723,0.7149777822711931,21.221052631578946,50.0,8.0,12.0,1090,1090,0,1090,898,192,0,1.0,0.8238532110091743,17.96,0.0,0.0,9.974007192124736,11.735534414854879,1.0,1.0000000000000002,0.644898979664205,0.3876921146434827,0.0,21.469551334767836,23,0.6822916666666666,0.446875,0.23930555555555555,61.543408537867435,17.71107622889179,{}
tune,tiny_large,homog,low,binpack,2,0.7,0.698179306094794,0.41826093504702483,0.698179306094794,21.221052631578946,50.0,8.0,12.0,1052,1052,0,1052,841,211,0,1.0,0.7994296577946768,16.82,0.0,0.0,10.001943468701032,11.782195808080079,1.0,1.0000000000000004,0.6271838303684926,0.37764271223477247,0.0,21.649439299181815,21,0.6392361111111111,0.38104166666666667,0.26013888888888886,61.65888217020912,17.06161323353151,{}
tune,tiny_large,homog,low,binpack,3,0.7,0.6789582677339052,0.4088789911174774,0.6789582677339052,21.221052631578946,50.0,8.0,12.0,1025,1025,0,1025,835,190,0,1.0,0.8146341463414634,16.7,0.0,0.0,10.026031623976204,11.828020503027041,1.0,1.0000000000000004,0.6203936519835792,0.3732063654887358,0.0,21.00589910526911,21,0.595486111111111,0.3697916666666667,0.22569444444444445,60.84913818819231,16.844938655168985,{}
tune,tiny_large,homog,low,binpack,4,0.7,0.7056978295429757,0.4223797189439904,0.7056978295429757,21.221052631578946,50.0,8.0,12.0,1069,1069,0,1069,852,217,0,1.0,0.7970065481758652,17.04,0.0,0.0,9.998565457528171,11.80644337104619,1.0,1.0000000000000004,0.6382142230216531,0.37618762482948875,0.0,21.28561552975759,23,0.6611111111111111,0.43666666666666665,0.22833333333333333,61.49062928967036,17.384762724807214,{}
tune,tiny_large,homog,low,binpack,5,0.7,0.7255140839482459,0.43648153663345546,0.7255140839482459,21.221052631578946,50.0,8.0,12.0,1091,1091,0,1091,900,191,0,1.0,0.8249312557286893,18.0,0.0,0.0,10.047910738955837,11.806075694352389,1.0,1.0000000000000004,0.6475610037065607,0.39623946689809825,0.0,21.692416640587417,25,0.7201388888888889,0.39708333333333334,0.32305555555555554,61.19324405895146,17.828765524327626,{}
tune,tiny_large,homog,low,binpack,6,0.7,0.6750908878905466,0.40531585361387007,0.6750908878905466,21.221052631578946,50.0,8.0,12.0,1029,1029,0,1029,840,189,0,1.0,0.8163265306122449,16.8,0.0,0.0,9.932451049470734,11.793836073435482,1.0,1.0000000000000004,0.6200328887378954,0.37079081118531493,0.0,20.78201251050076,23,0.6375,0.38625000000000004,0.25319444444444444,61.168130817249846,16.822485602417895,{}
tune,tiny_large,homog,low,binpack,7,0.7,0.72342729428201,0.4317731887388591,0.72342729428201,21.221052631578946,50.0,8.0,12.0,1093,1093,0,1093,859,234,0,1.0,0.7859103385178408,17.18,0.0,0.0,10.024365306865807,11.796043490885602,1.0,1.0000000000000002,0.640283550248117,0.38063611464843894,0.0,21.297542901214467,26,0.8177083333333334,0.490625,0.33263888888888893,61.57813366868701,17.74980719423459,{}
tune,tiny_large,homog,low,binpack,8,0.7,0.7251837111504883,0.4338033757367372,0.7251837111504883,21.221052631578946,50.0,8.0,12.0,1093,1093,0,1093,868,225,0,1.0,0.7941445562671546,17.36,0.0,0.0,10.013446281439576,11.807833141422977,1.0,1.0000000000000004,0.6461383735114312,0.38951407186164133,0.0,21.574502253691836,25,0.7583333333333333,0.43875,0.31958333333333333,61.577810582118765,17.74990032395517,{}
tune,tiny_large,homog,low,binpack,9,0.7,0.7281449651981579,0.4396929537132209,0.7281449651981579,21.221052631578946,50.0,8.0,12.0,1107,1107,0,1107,910,197,0,1.0,0.8220415537488708,18.2,0.0,0.0,10.013137235488964,11.84256633935601,1.0,1.0000000000000004,0.6614265892597326,0.40126552901877593,0.0,22.359486244335876,21,0.6461805555555556,0.3852083333333333,0.2609722222222222,61.42281182931451,18.022620049961237,{}
tune,tiny_large,homog,med,binpack,0,1.0,0.9862533612521499,0.5910400658933657,0.9862533612521499,30.31578947368421,50.0,8.0,12.0,1478,1478,0,1472,1173,299,6,0.9959404600811907,0.793640054127199,23.46,0.20855714995385766,1.4571435098786338,10.281226751357755,12.024029783522632,1.0209401510067029,1.1405246286888076,0.8743859790257764,0.5287617964261153,6.062183542699825,26.995362004351023,30,0.9690972222222223,0.5727083333333333,0.4002777777777778,62.69121357183218,23.57587157419586,{}
tune,tiny_large,homog,med,binpack,1,1.0,1.0105304633511722,0.6072057158762654,1.0105304633511722,30.31578947368421,50.0,8.0,12.0,1529,1529,0,1504,1214,290,25,0.9836494440810988,0.7939829954218444,24.28,0.26391421325603787,1.8690981283936878,10.263098607433866,12.173795338312539,1.0264879114975431,1.191748926791905,0.8770705899509675,0.5428011165293407,7.593811840839615,27.275117560654408,30,0.9815972222222222,0.5277083333333333,0.45583333333333337,62.62261411518267,24.41609986430283,{}
tune,tiny_large,homog,med,binpack,2,1.0,0.9875891504754885,0.5932738161177261,0.9875891504754885,30.31578947368421,50.0,8.0,12.0,1498,1498,0,1490,1194,296,8,0.9946595460614153,0.7970627503337784,23.88,0.13920632958266196,0.8614601836637092,10.135628491961189,11.954106038139084,1.0142665350984936,1.089297551108852,0.876047474620314,0.5334663624749364,4.013005292892557,27.280024750415237,30,0.9576388888888889,0.5733333333333334,0.38430555555555557,63.13194914081887,23.728080954044973,{}
tune,tiny_large,homog,med,binpack,3,1.0,0.9754827579256873,0.5838093145375655,0.9754827579256873,30.31578947368421,50.0,8.0,12.0,1475,1475,0,1474,1170,304,1,0.9993220338983051,0.7932203389830509,23.4,0.07174984950727603,0.58665636541037,10.088711676644584,11.857564438286275,1.007321105241261,1.059909730086522,0.8784222042106458,0.5258856848302851,2.112279939915808,27.580887232088045,30,0.9506944444444444,0.5629166666666666,0.39166666666666666,61.497211821837766,23.98482721904841,{}
tune,tiny_large,homog,med,binpack,4,1.0,1.0219182243779348,0.6134165333221832,1.0219182243779348,30.31578947368421,50.0,8.0,12.0,1553,1553,0,1521,1207,314,32,0.9793947198969736,0.7772054088860271,24.14,0.38299881266633057,2.3926460274283308,10.378536066806635,12.776613356533609,1.038851909635289,1.2434105256798567,0.8834782684751957,0.5380353254605971,11.266603358391286,27.121103157665825,30,0.9940972222222223,0.6014583333333333,0.39263888888888887,63.60674083561787,24.415651228122137,{}
tune,tiny_large,homog,med,binpack,5,1.0,1.0157397249623088,0.6089564253495804,1.0157397249623088,30.31578947368421,50.0,8.0,12.0,1531,1531,0,1506,1222,284,25,0.983670803396473,0.798171129980405,24.44,0.34759162997959003,1.7218940996854997,10.401852450763432,12.671661826879394,1.0348192239929406,1.1724794400961307,0.8765366608302061,0.5428730680207137,9.891594144565522,27.145074393545936,30,0.9576388888888889,0.5295833333333333,0.43388888888888894,64.25466568901284,23.82706350710641,{}
tune,tiny_large,homog,med,binpack,6,1.0,0.9631100100015823,0.5762393098578729,0.9631100100015823,30.31578947368421,50.0,8.0,12.0,1467,1467,0,1467,1166,301,0,1.0,0.7948193592365371,23.32,0.10915235807442529,0.7413378648548097,10.058498470758696,11.893857690311002,1.0111163779154677,1.0774702013478816,0.8642022393371295,0.5130604078239354,3.2025301859036417,27.203528781041005,30,0.9402777777777778,0.6004166666666666,0.3498611111111111,61.54520319068685,23.836138706939707,{}
tune,tiny_large,homog,med,binpack,7,1.0,1.0300607203508068,0.6179127937815403,1.0300607203508068,30.31578947368421,50.0,8.0,12.0,1561,1561,0,1545,1218,327,16,0.9897501601537476,0.7802690582959642,24.36,0.6183964222479177,2.6222409291205864,10.611728900453688,13.29982824266417,1.0628435830781773,1.273000109413581,0.8987069223753481,0.5415727297589732,18.712991823185554,27.488827845981305,30,0.9635416666666666,0.690625,0.2748611111111111,64.2564725642109,24.293272532819277,{}
tune,tiny_large,homog,med,binpack,8,1.0,1.0293454995938354,0.6160009402180631,1.0293454995938354,30.31578947368421,50.0,8.0,12.0,1550,1550,0,1529,1233,296,21,0.9864516129032258,0.795483870967742,24.66,0.4630317801625439,2.2888643773733293,10.479142334585974,12.948023195997536,1.0463854337294065,1.2370065285405825,0.8884638936827599,0.5532221905640143,13.481308640250882,27.287266594841775,30,0.9347222222222222,0.5808333333333333,0.3538888888888889,64.6774925176248,23.965060172634562,{}
tune,tiny_large,homog,med,binpack,9,1.0,1.0190202456256083,0.6129442006539574,1.0190202456256083,30.31578947368421,50.0,8.0,12.0,1545,1545,0,1530,1232,298,15,0.9902912621359223,0.7974110032362459,24.64,0.592283887664056,3.4458297483563562,10.590143987598843,14.2124597985181,1.0598960823951564,1.3544281292069542,0.8943060006172446,0.5508660786492492,17.708381733303856,27.483536649645703,30,0.939236111111111,0.6010416666666667,0.34013888888888894,64.00907034434888,24.13720417572667,{}
tune,tiny_large,homog,high,binpack,0,1.3,1.2974117181467626,0.780685238220589,1.2974117181467626,39.410526315789475,50.0,8.0,12.0,1962,1962,0,1717,1368,349,245,0.8751274209989807,0.6972477064220184,27.36,3.6332096831742553,10.027475781946599,13.684767166822404,20.786482139484654,1.3677644420517585,2.0923582087534163,0.9260998820406114,0.5935730107354751,114.45243399154484,27.97576912125774,30,0.9965277777777778,0.7104166666666667,0.28611111111111115,76.85474783449119,25.528676565632885,{}
tune,tiny_large,homog,high,binpack,1,1.3,1.3092574176235405,0.7845816076569297,1.3092574176235405,39.410526315789475,50.0,8.0,12.0,1982,1982,0,1768,1415,353,214,0.8920282542885973,0.713925327951564,28.3,3.1922443719302063,16.148478629708848,13.2068667877628,26.282314723774405,1.3218727869939824,2.67999239850526,0.9127921611384648,0.5999535745860987,98.2598819868206,27.69924107053284,30,0.9961805555555556,0.7252083333333333,0.2709722222222222,78.44058752786731,25.267531292978422,{}
tune,tiny_large,homog,high,binpack,2,1.3,1.2686476798684228,0.7614486991035325,1.2686476798684228,39.410526315789475,50.0,8.0,12.0,1928,1928,0,1715,1372,343,213,0.8895228215767634,0.7116182572614108,27.44,3.3855957720692675,11.976652832242763,13.389394986123506,22.720245187352617,1.3450629588315346,2.3107787709823753,0.9144857582258611,0.6013015722796802,108.75427515447845,27.682457488832934,30,0.9954861111111111,0.7172916666666667,0.27819444444444447,74.98759313181998,25.710919893252036,{}
tune,tiny_large,homog,high,binpack,3,1.3,1.2693024172590253,0.7617076436012784,1.2693024172590253,39.410526315789475,50.0,8.0,12.0,1927,1927,0,1707,1361,346,220,0.8858329008822003,0.706279190451479,27.22,3.3922973075264897,11.12762155236127,13.382786833469483,21.395555597936365,1.3464129658791881,2.1269419705789,0.9286487986332489,0.6025125088294017,108.62882255070672,28.065315835310717,30,0.992361111111111,0.6191666666666666,0.37319444444444444,75.8018192138645,25.421553466457475,{}
tune,tiny_large,homog,high,binpack,4,1.3,1.305639632359421,0.7825984276839723,1.305639632359421,39.410526315789475,50.0,8.0,12.0,1982,1982,0,1715,1378,337,267,0.8652875882946519,0.6952573158425832,27.56,4.1899406342344125,15.352169694370914,14.189156381875774,25.19898205771853,1.425744880677146,2.58357121062209,0.9150865857125463,0.5859522424450547,133.83751554795174,27.71431775286632,30,0.9954861111111111,0.6297916666666666,0.36569444444444443,77.10003955963505,25.7068609992991,{}
tune,tiny_large,homog,high,binpack,5,1.3,1.3152826524644645,0.7898396438760802,1.3152826524644645,39.410526315789475,50.0,8.0,12.0,1987,1987,0,1703,1352,351,284,0.8570709612481128,0.6804227478610971,27.04,4.7513290751362725,13.019072132638975,14.803751609268398,23.317020949157595,1.4797609736239161,2.3296514709459504,0.9275036336003847,0.5987533463074101,157.26948376540662,28.025450837328126,30,0.9979166666666667,0.6825,0.3154166666666667,77.83226469351558,25.529258435744094,{}
tune,tiny_large,homog,high,binpack,6,1.3,1.2829241486404688,0.7684611131124771,1.2829241486404688,39.410526315789475,50.0,8.0,12.0,1945,1945,0,1734,1392,342,211,0.8915167095115681,0.715681233933162,27.84,2.9509553648402096,11.912377022090133,12.924817361448353,22.12427321166213,1.298283750787302,2.2310169653421816,0.925308671735484,0.5903285046048556,92.56671988460518,27.936191609470356,30,0.9958333333333333,0.68375,0.31402777777777774,76.16832204307441,25.53555005321072,{}
tune,tiny_large,homog,high,binpack,7,1.3,1.3438136300971844,0.8064025589900515,1.3438136300971844,39.410526315789475,50.0,8.0,12.0,2038,2038,0,1735,1388,347,303,0.8513248282630029,0.6810598626104023,27.76,4.280460609387133,12.527622317458516,14.272995031120393,23.37236484632468,1.4335753854561584,2.3614299521103836,0.9219290542524196,0.6045812984979805,137.54102756584723,27.87421630961249,30,0.9972222222222222,0.6120833333333333,0.3851388888888889,78.58355744755562,25.93417842352202,{}
tune,tiny_large,homog,high,binpack,8,1.3,1.3017742097711238,0.7776931438524447,1.3017742097711238,39.410526315789475,50.0,8.0,12.0,1969,1969,0,1746,1400,346,223,0.8867445403758253,0.7110208227526663,28.0,3.6585958430011907,12.989102935226413,13.664211265346168,24.18850166745238,1.3698238144404151,2.443497608647253,0.9142130988093943,0.6074889787498607,117.39140606308439,27.644298803420476,30,0.9944444444444444,0.6741666666666667,0.32027777777777783,77.17084106642545,25.51481845720933,{}
tune,tiny_large,homog,high,binpack,9,1.3,1.30911394668011,0.7842245701263431,1.30911394668011,39.410526315789475,50.0,8.0,12.0,1987,1987,0,1771,1420,351,216,0.8912934071464519,0.7146451937594364,28.4,3.809064790629588,15.948586481815028,13.81435570082247,25.890150940616593,1.3862992782580124,2.6457892635224547,0.9334063389196839,0.6061820744432691,126.19136717080679,28.196615258996236,30,0.9979166666666667,0.65125,0.3466666666666667,76.37487345338997,26.016409718997778,{}
tune,tiny_large,hetero,low,binpack,0,0.7,0.6813263178827708,0.36247174856459496,0.6813263178827708,19.248588197450047,50.0,8.0,12.0,926,926,0,926,742,184,0,1.0,0.8012958963282938,14.84,0.0,0.0,10.074156292159945,11.833409249862445,1.0,1.0000000000000002,0.615221043144773,0.32840941228303433,0.0,22.28263031466914,25,0.7291188138819801,0.4518377387876295,0.2858609940457158,61.061392741726806,15.165065165099161,{}
tune,tiny_large,hetero,low,binpack,1,0.7,0.7144886095649159,0.4545683546366486,0.7144886095649159,22.013390237249286,50.0,8.0,12.0,1127,1127,0,1127,918,209,0,1.0,0.8145519077196096,18.36,0.0,0.0,9.976175696640741,11.736183134940756,1.0,1.0000000000000004,0.6469681818097679,0.41094869194539896,0.0,22.845258294297487,23,0.6941719351517524,0.5537548771868901,0.16208333964976865,61.623274328123486,18.288544584617476,{}
tune,tiny_large,hetero,low,binpack,2,0.7,0.693370866422193,0.41560632114747587,0.693370866422193,21.05499963993895,50.0,8.0,12.0,1044,1044,0,1044,836,208,0,1.0,0.8007662835249042,16.72,0.0,0.0,10.004347006336161,11.773500126090774,1.0,1.0000000000000002,0.623954009552362,0.3762565972648493,0.0,22.472704227287423,22,0.6501672552967226,0.491647750241054,0.17003771494103073,61.427373623203486,16.99568023864919,{}
tune,tiny_large,hetero,low,binpack,3,0.7,0.6720960675919253,0.4413456868563857,0.6720960675919253,21.89125434162803,50.0,8.0,12.0,1053,1053,0,1053,857,196,0,1.0,0.8138651471984806,17.14,0.0,0.0,10.01966929630407,11.828708595263947,1.0,1.0000000000000004,0.6092381294629581,0.40460209408738196,0.0,22.109577856365487,22,0.6356525647864562,0.5076743667995367,0.14539984349970575,61.28103176680841,17.183131054433968,{}
tune,tiny_large,hetero,low,binpack,4,0.7,0.7066944826735629,0.4055026687089726,0.7066944826735629,19.9952807903853,50.0,8.0,12.0,1007,1007,0,1007,804,203,0,1.0,0.7984111221449851,16.08,0.0,0.0,10.001999239217657,11.808124913668685,1.0,1.0000000000000002,0.635336792721575,0.3621334612759142,0.0,22.450283530659636,22,0.696764583239218,0.49650461549744285,0.205849802915504,61.33257514375273,16.418681225103786,{}
tune,tiny_large,hetero,low,binpack,5,0.7,0.7234982020092838,0.47855199634373036,0.7234982020092838,22.04337706140546,50.0,8.0,12.0,1135,1135,0,1135,930,205,0,1.0,0.8193832599118943,18.6,0.0,0.0,10.048255287037625,11.806800979571449,1.0,1.0000000000000004,0.6423841945225081,0.4285638543234288,0.0,23.050577693029712,25,0.6868432189750376,0.5794258577047144,0.13853518487949854,61.6663423148657,18.405502213910122,{}
tune,tiny_large,hetero,low,binpack,6,0.7,0.6730162291495568,0.3929469608500445,0.6730162291495568,21.59918310472771,50.0,8.0,12.0,1044,1044,0,1044,856,188,0,1.0,0.8199233716475096,17.12,0.0,0.0,9.93433502853761,11.791636047695597,1.0,1.0000000000000004,0.613208990408718,0.35728126470934457,0.0,21.631060414419753,23,0.6369404694071363,0.4680525458554189,0.18667001034153238,60.92893188153407,17.13471691953964,{}
tune,tiny_large,hetero,low,binpack,7,0.7,0.7239745843429196,0.40164523617997683,0.7239745843429196,20.649835241265553,50.0,8.0,12.0,1065,1065,0,1065,832,233,0,1.0,0.7812206572769953,16.64,0.0,0.0,10.018400531968746,11.796043490885609,1.0,1.0000000000000004,0.6359526855937875,0.35523373340751085,0.0,22.498265655495793,28,0.8444310318899378,0.5264967151071432,0.3372142781743569,61.41678220668919,17.34053725602065,{}
tune,tiny_large,hetero,low,binpack,8,0.7,0.726105289148048,0.3616861096870677,0.726105289148048,19.00570034556602,50.0,8.0,12.0,978,978,0,978,772,206,0,1.0,0.7893660531697342,15.44,0.0,0.0,10.023078142548915,11.810343196076413,1.0,1.0000000000000004,0.6478623983641475,0.32497711182162237,0.0,23.281123644708643,27,0.7480596114130489,0.4659530816147813,0.30746080897841144,61.48881854072057,15.905330809898809,{}
tune,tiny_large,hetero,low,binpack,9,0.7,0.725849850974342,0.4365287036788414,0.725849850974342,21.335331207205922,50.0,8.0,12.0,1112,1112,0,1112,913,199,0,1.0,0.8210431654676259,18.26,0.0,0.0,10.013461590456128,11.84256633935601,1.0,1.0000000000000002,0.6597349670796636,0.3990677630604672,0.0,23.312278892916588,22,0.668857341330468,0.45775391500052043,0.2119973435928274,61.44176720290669,18.098437766734573,{}
tune,tiny_large,hetero,med,binpack,0,1.0,0.985605527234129,0.5253069339764352,0.985605527234129,27.497983139214355,50.0,8.0,12.0,1345,1345,0,1337,1065,272,8,0.9940520446096655,0.79182156133829,21.3,0.21826893523135713,1.2932835362691986,10.278614973397243,12.046284047624795,1.022152225970324,1.1302185079116485,0.8783072657319052,0.47182999891732974,5.78318078732218,27.657988179506546,30,0.9292961493198019,0.5643848314337715,0.36565891782868204,62.139552807758484,21.644829085929132,{}
tune,tiny_large,hetero,med,binpack,1,1.0,0.9942285570270084,0.6326726884016405,0.9942285570270084,31.447700338927557,50.0,8.0,12.0,1571,1571,0,1558,1260,298,13,0.991725015913431,0.8020369191597708,25.2,0.26269915747259204,1.4934359647056006,10.26017197692735,12.224931554743122,1.0267489771064042,1.1457257015765423,0.874081038829522,0.5683817411605033,8.005601545952748,27.5968924798183,30,0.9677163319095778,0.6219465419621611,0.35052208799597473,62.886832964442746,24.98138204683116,{}
tune,tiny_large,hetero,med,binpack,2,1.0,0.9923053881787506,0.5903175800337289,0.9923053881787506,30.078570914198497,50.0,8.0,12.0,1488,1488,0,1474,1176,298,14,0.9905913978494624,0.7903225806451613,23.52,0.2705255813329831,1.5634876560976991,10.264548825408271,12.22208669116609,1.0271021014169819,1.1570964098188132,0.8711166690182531,0.5278058850079096,7.7547797576061335,27.66684108032124,30,0.96565111255118,0.6639298805603874,0.31293520583583406,62.865761468508936,23.669481848961254,{}
tune,tiny_large,hetero,med,binpack,3,1.0,0.9782540457735602,0.6432949637264525,0.9782540457735602,31.273220488040046,50.0,8.0,12.0,1525,1525,0,1521,1202,319,4,0.9973770491803279,0.7881967213114754,24.04,0.20399087192756196,1.1181982751028272,10.227855148460513,12.0978823330695,1.0205789502753282,1.1177206041518235,0.8726679486662928,0.5766514556323732,6.197475971888857,27.82257626623604,30,0.970851213161025,0.7009869218080926,0.2780998617573559,61.697608900149476,24.717327416497422,{}
tune,tiny_large,hetero,med,binpack,4,1.0,1.0248179595104536,0.5895594487760046,1.0248179595104536,28.564686843407575,50.0,8.0,12.0,1467,1467,0,1426,1134,292,41,0.9720518064076347,0.7730061349693251,22.68,0.6034430575504675,2.8173910568207248,10.601354154259242,13.272368548985774,1.061610729249818,1.2919175466363717,0.880782433427411,0.5074938418666207,16.976871630542743,27.738629079502577,30,0.9898249721426401,0.6375097652051154,0.3525221927147502,63.7382598566097,23.016003312614302,{}
tune,tiny_large,hetero,med,binpack,5,1.0,1.0194816981240007,0.67241647606578,1.0194816981240007,31.49053865915066,50.0,8.0,12.0,1595,1595,0,1563,1271,292,32,0.9799373040752352,0.7968652037617555,25.42,0.521943908009317,2.9592217757519634,10.578167941548621,13.66741533962196,1.052352039463345,1.3014985363990588,0.8716170001941675,0.5952938746027173,15.652665845179868,27.37363040949684,30,0.9274750052893402,0.6597529193320549,0.2809281564578635,65.26929945434702,24.437216475957914,{}
tune,tiny_large,hetero,med,binpack,6,1.0,0.9592357037277439,0.5598553321084853,0.9592357037277439,30.85597586389673,50.0,8.0,12.0,1489,1489,0,1489,1185,304,0,1.0,0.7958361316319678,23.7,0.16619736699835888,1.147406624207921,10.11864889789073,11.988714507676647,1.0169884139662748,1.117350277835745,0.8624203387987461,0.5009801594289053,4.949357589211132,27.576958388837753,30,0.9375874094071721,0.6349759781600871,0.30530333402537485,61.68623022625,24.138288148565934,{}
tune,tiny_large,hetero,med,binpack,7,1.0,1.0285251333000278,0.5741938179770821,1.0285251333000278,29.499764630379364,50.0,8.0,12.0,1517,1517,0,1502,1186,316,15,0.990112063282795,0.7818061964403428,23.72,0.6156326249504156,2.2766464077496273,10.617759242306365,12.909132307583832,1.0626291316698864,1.241382263917281,0.9038089188555731,0.5022283314763629,18.33628102686283,27.877833417713415,30,0.9558512778757035,0.6682367927781002,0.3058525083122145,63.775976174293945,23.786386206840284,{}
tune,tiny_large,hetero,med,binpack,8,1.0,1.0324986107767353,0.5180918734836374,1.0324986107767353,27.151000493665745,50.0,8.0,12.0,1398,1398,0,1373,1093,280,25,0.9821173104434907,0.7818311874105865,21.86,0.5162007553780303,2.510535167438615,10.527356406805916,13.550014054674506,1.0525927471747818,1.2370731471302732,0.8803302196804705,0.4596763887820849,13.240362885495545,27.76578474099118,30,0.9457229493435192,0.5842132279848304,0.37138076096120437,65.3384305965239,21.39628985937681,{}
tune,tiny_large,hetero,med,binpack,9,1.0,1.0153377517735074,0.610567446920592,1.0153377517735074,30.479044581722746,50.0,8.0,12.0,1550,1550,0,1534,1236,298,16,0.9896774193548387,0.7974193548387096,24.72,0.548392785252137,3.2286497823559337,10.54600769008147,13.740309582634808,1.0562358172768047,1.3482118295716685,0.8914175993914393,0.5510380193001418,16.4074529885427,27.776716458099113,30,0.9341488739431135,0.6310392630367047,0.30670182368324544,64.45683982456386,24.047098868308318,{}
tune,tiny_large,hetero,high,binpack,0,1.3,1.2832336345355868,0.6863233607432055,1.2832336345355868,35.74737808097866,50.0,8.0,12.0,1755,1755,0,1524,1202,322,231,0.8683760683760684,0.6849002849002849,24.04,4.095535121255657,9.810358679422876,14.159521738878782,20.499583409473487,1.4134004443893782,2.0270362769266046,0.915982451344798,0.5191238846617634,119.49535563688906,28.12365843996257,30,0.9907120433608056,0.6794826307757361,0.3112294125850695,76.9411855447005,22.80963033745299,{}
tune,tiny_large,hetero,high,binpack,1,1.3,1.3143020253308193,0.8333940035736372,1.3143020253308193,40.882010440605825,50.0,8.0,12.0,2062,2062,0,1763,1421,342,299,0.8549951503394763,0.6891367604267701,28.42,4.055506524657277,14.600061521767614,14.072779340532636,24.642650966127114,1.408265394092786,2.537824946161354,0.9086106951091155,0.6207772939204658,132.18976662722397,28.142808704937455,30,0.991971515562046,0.7157978192092891,0.2764073216829905,78.45791821799904,26.281604799538975,{}
tune,tiny_large,hetero,high,binpack,2,1.3,1.2757839645612408,0.7623147210324667,1.2757839645612408,39.102142188458046,50.0,8.0,12.0,1915,1915,0,1682,1344,338,233,0.8783289817232376,0.7018276762402089,26.88,3.652423129028934,13.720308577841209,13.655387408578465,24.605333522497062,1.3704809784806038,2.4714839016744548,0.9025434835374126,0.5897652876795305,114.99452141280216,27.98105681242896,30,0.9890074980752844,0.7216196888216205,0.26738780925366396,77.2807672018292,24.77977470123605,{}
tune,tiny_large,hetero,high,binpack,3,1.3,1.2667605493135472,0.8364124519485523,1.2667605493135472,40.655186634452065,50.0,8.0,12.0,1983,1983,0,1725,1371,354,258,0.869894099848714,0.6913767019667171,27.42,4.0149251373447,11.146406263448625,14.004183628358199,21.969671341118875,1.4084903776148057,2.182936882916785,0.9030935142939185,0.6536219075202842,132.9326475958961,28.245585329964428,30,0.9894824442529956,0.7349481866404041,0.2546733148835261,75.27582087554741,26.343120233500603,{}
tune,tiny_large,hetero,high,binpack,4,1.3,1.3119269091353307,0.7525110023143194,1.3119269091353307,37.13409289642985,50.0,8.0,12.0,1868,1868,0,1572,1253,319,296,0.841541755888651,0.6707708779443254,25.06,5.098515696047102,16.94263026997379,15.101899932099236,27.329587067834673,1.5165293897500058,2.696315921142105,0.9125521006429408,0.544771739612801,153.74781578253953,28.14041608410666,30,0.9891652822806807,0.639971153192551,0.3494011148653554,77.72491554956653,24.03347738356491,{}
tune,tiny_large,hetero,high,binpack,5,1.3,1.3196063122084514,0.8640534774650844,1.3196063122084514,40.93770025689586,50.0,8.0,12.0,2059,2059,0,1748,1389,359,311,0.8489558037882468,0.6745993200582807,27.78,5.370624517413159,12.711531254031769,15.420566737450123,23.195653818477574,1.540503541637218,2.293004191124143,0.9125988873232269,0.6474917081620059,183.00085975991485,28.24332586231385,30,0.9839155606928803,0.8015624735892329,0.18235308710364728,78.75063626511071,26.145820499385717,{}
tune,tiny_large,hetero,high,binpack,6,1.3,1.2782878950602234,0.7407850836206227,1.2782878950602234,40.112768623065755,50.0,8.0,12.0,1978,1978,0,1778,1419,359,200,0.8988877654196158,0.717391304347826,28.38,2.832108267453544,13.71071107486663,12.800595930918805,23.77477430210149,1.2884430890329746,2.3968339096634956,0.9119087588102647,0.5722865173353674,87.93575067582117,28.195907637595642,30,0.9860614284165095,0.7077851567047271,0.27827627171178243,77.20737207119595,25.619315188917565,{}
tune,tiny_large,hetero,high,binpack,7,1.3,1.351645850903689,0.754153221201611,1.351645850903689,38.34969401949318,50.0,8.0,12.0,1997,1997,0,1672,1338,334,325,0.8372558838257386,0.6700050075112669,26.76,4.865703494108192,14.835904872715382,14.857026897956477,25.352360663991497,1.4948715826214691,2.6102632687854452,0.9086610194354112,0.545087536317278,147.6618918149263,28.067546444838822,30,0.991918804361013,0.6302950655268956,0.36162373883411736,80.75504768591259,24.729104337441548,{}
tune,tiny_large,hetero,high,binpack,8,1.3,1.3207142066494146,0.6614465333455813,1.3207142066494146,35.29630064176547,50.0,8.0,12.0,1780,1780,0,1508,1206,302,272,0.8471910112359551,0.6775280898876405,24.12,4.791709223153343,12.297082079361935,14.807353438401712,23.39993766640207,1.4839133501089514,2.377799031622468,0.9113929270338781,0.4995720315145299,136.99183676211294,28.21787557064967,30,0.9885742323883193,0.6020404041484447,0.3869494184779081,78.86435040889674,22.57040083093358,{}
tune,tiny_large,hetero,high,binpack,9,1.3,1.3109624795445887,0.7867040535128995,1.3109624795445887,39.622757956239575,50.0,8.0,12.0,1996,1996,0,1750,1401,349,246,0.8767535070140281,0.7019038076152304,28.02,4.458349979453647,16.460375564397957,14.462637024890405,26.571498929580606,1.4526154235607296,2.7464303838953184,0.9203713274485235,0.5984606788067114,147.9019353530435,28.180099588942785,30,0.9897195697556397,0.6812637201592218,0.3090206941164593,77.93132289966675,25.612294591351475,{}
tune,drift,homog,low,binpack,0,0.7,0.6787143143720489,0.4080079793463605,0.6787143143720489,16.128,50.0,8.0,12.0,777,777,0,777,629,148,0,1.0,0.8095238095238095,12.58,0.3294790458951035,1.5906604033868312,10.39921872790339,12.740657527900247,1.0332639192417465,1.1633388715693613,0.6476026271756536,0.35350477333121466,5.1201043732099105,24.183809337272134,21,0.32569444444444445,0.5597916666666667,0.2340972222222222,61.22151904347892,12.691615826261714,{}
tune,drift,homog,low,binpack,1,0.7,0.741440095587452,0.4485002139548251,0.741440095587452,16.128,50.0,8.0,12.0,860,860,0,860,685,175,0,1.0,0.7965116279069767,13.7,0.39512642597835823,2.1047125881662296,10.358398905271802,12.776890117365301,1.0405753182648025,1.2269700079910935,0.6973571940865209,0.37804341506429523,6.796174526827769,25.695456553987857,23,0.42673611111111115,0.6991666666666667,0.27284722222222224,61.218386369469634,14.048067108624291,{}
tune,drift,homog,low,binpack,2,0.7,0.6924022249432547,0.41722840567263897,0.6924022249432547,16.128,50.0,8.0,12.0,801,801,0,801,627,174,0,1.0,0.7827715355805244,12.54,0.31905305944414836,1.881972301292084,10.303990157145769,12.481432932544234,1.0325474533583379,1.1916323286531083,0.6525239660634365,0.3511502139891626,5.11123001229526,24.217886904118235,22,0.3984375,0.6703125,0.27229166666666665,61.19119820020023,13.090117918256075,{}
tune,drift,homog,low,binpack,3,0.7,0.6955961625276308,0.41651092387988503,0.6955961625276308,16.128,50.0,8.0,12.0,798,798,0,798,644,154,0,1.0,0.8070175438596491,12.88,0.269218463841371,1.6362481722623077,10.288878175864246,12.138238614973437,1.0273276918733947,1.166857303500611,0.6554419285624961,0.3514801773714427,4.2967266829082815,24.39667877273692,20,0.3736111111111111,0.5904166666666666,0.21680555555555556,61.2302161421334,13.032781039799149,{}
tune,drift,homog,low,binpack,4,0.7,0.6998707431007775,0.41997053216099356,0.6998707431007775,16.128,50.0,8.0,12.0,805,805,0,805,658,147,0,1.0,0.8173913043478261,13.16,0.3949393998217399,2.3775322835763966,10.383517598953986,13.139852102074281,1.039786900191436,1.239959540055812,0.6646434363595916,0.3638612996697582,6.358524337130009,24.876399663403546,22,0.3421875,0.5728125,0.23104166666666667,60.82125416360061,13.235504776581282,{}
tune,drift,homog,low,binpack,5,0.7,0.7377683972120598,0.44656048113152846,0.7377683972120598,16.128,50.0,8.0,12.0,849,849,0,849,656,193,0,1.0,0.7726737338044759,13.12,0.20142497764962974,1.1198174078665772,10.280787362870159,12.047790762544631,1.020665628957707,1.1135432412331197,0.6921120688556135,0.3676647144592634,3.4201961204907163,25.22878277188173,25,0.44288194444444445,0.7676041666666666,0.32472222222222225,61.38054721681969,13.83174374449621,{}
tune,drift,homog,low,binpack,6,0.7,0.6890642990663293,0.41165937552924325,0.6890642990663293,16.128,50.0,8.0,12.0,794,794,0,794,648,146,0,1.0,0.8161209068010076,12.96,0.18085052083539133,1.0486781667632599,10.120931823777651,11.989006672304818,1.0186769534916993,1.1071235686605776,0.6556989595427523,0.35402524356313925,2.8719062708660164,24.509213010203553,19,0.32013888888888886,0.5527083333333334,0.23256944444444444,61.220644067933776,12.969481325922253,{}
tune,drift,homog,low,binpack,7,0.7,0.7085669601855472,0.42426818577336606,0.7085669601855472,16.128,50.0,8.0,12.0,815,815,0,815,642,173,0,1.0,0.7877300613496933,12.84,0.362976756050055,2.2763162405750563,10.375666692767272,12.869869472660785,1.0368255559350588,1.2289819004678935,0.667383953399209,0.3569242799330994,5.916521123615895,24.61044571130003,21,0.3868055555555555,0.6470833333333333,0.2602777777777778,61.41478295434365,13.27042058596672,{}
tune,drift,homog,low,binpack,8,0.7,0.7149403578560279,0.4272498757243457,0.7149403578560279,16.128,50.0,8.0,12.0,822,822,0,822,646,176,0,1.0,0.7858880778588808,12.92,0.07323950778879913,0.5635737576411604,10.079786777465259,11.828353628836453,1.0074647425579015,1.055628747284793,0.6736907037812057,0.3581122834178767,1.2040575080478568,24.783610587366894,22,0.40086805555555555,0.6855208333333334,0.28465277777777775,61.06273026183202,13.461566432999815,{}
tune,drift,homog,low,binpack,9,0.7,0.760692707268014,0.45594265605344875,0.760692707268014,16.128,50.0,8.0,12.0,874,874,0,874,699,175,0,1.0,0.799771167048055,13.98,0.47725103113294187,2.3582994133975426,10.495745478561128,12.996043492653115,1.0483934736646643,1.2420327201430854,0.718757754308481,0.38868566436197227,8.34234802420382,25.97968473537982,24,0.4288194444444445,0.6854166666666667,0.25659722222222225,60.890236006421425,14.353697034575935,{}
tune,drift,homog,med,binpack,0,1.0,0.979796501798858,0.5879161712988135,0.979796501798858,23.04,50.0,8.0,12.0,1121,1121,0,1051,781,270,70,0.9375557537912578,0.6966993755575379,15.62,3.8035928771466097,9.60074399250618,13.872928738580233,20.522223881037963,1.3817585015010052,2.0050781565723756,0.8838242718535436,0.4269364653297607,82.75477325359172,28.049902767236418,30,0.7317708333333334,0.9828125,0.2590972222222222,64.99792327220031,17.246704872484028,{}
tune,drift,homog,med,binpack,1,1.0,1.0155435842251705,0.614170200558571,1.0155435842251705,23.04,50.0,8.0,12.0,1175,1175,0,1051,793,258,124,0.894468085106383,0.6748936170212766,15.86,5.393125603625285,10.977056369717662,15.376319510382848,21.628658848240352,1.5448168930794826,2.1782737174024525,0.8898968753566381,0.39450433965597653,119.04270161644072,28.229733972443444,30,0.6755208333333333,0.9696874999999999,0.29416666666666663,67.76328409175483,17.339773532950264,{}
tune,drift,homog,med,binpack,2,1.0,0.9897844260394999,0.5950435330376928,0.9897844260394999,23.04,50.0,8.0,12.0,1143,1143,0,1052,790,262,91,0.9203849518810149,0.6911636045494314,15.8,4.431732582325191,9.684547761107304,14.430047731700075,20.358003085980148,1.4501317683536514,2.016303329073842,0.8805844384823349,0.4080884876519758,96.4179384525983,28.149520127837988,30,0.6928819444444444,0.9801041666666667,0.2872222222222222,66.5023098849262,17.18737291949432,{}
tune,drift,homog,med,binpack,3,1.0,0.9676696524125622,0.5826753926645247,0.9676696524125622,23.04,50.0,8.0,12.0,1112,1112,0,1042,786,256,70,0.9370503597122302,0.7068345323741008,15.72,3.986959928221902,10.773223757967397,14.013984506797279,20.673953339166882,1.4045672563296563,2.0966297941400485,0.8755014109508188,0.4205905883860063,86.3237173574819,28.236285813178082,30,0.6350694444444444,0.9741666666666667,0.3395138888888889,64.56698377753017,17.222424448871113,{}
tune,drift,homog,med,binpack,4,1.0,1.017467090332007,0.6095362832440405,1.017467090332007,23.04,50.0,8.0,12.0,1172,1172,0,1055,780,275,117,0.9001706484641638,0.6655290102389079,15.6,4.768170407330733,11.338594690759027,14.757552008265197,21.875207873244065,1.483440629457667,2.1821250114396737,0.890515671933821,0.3968073796195397,105.3192509960963,28.037963250926023,30,0.781076388888889,0.9667708333333334,0.20708333333333334,67.80738925166837,17.28425195151078,{}
tune,drift,homog,med,binpack,5,1.0,1.0441679801699455,0.6249715638959191,1.0441679801699455,23.04,50.0,8.0,12.0,1193,1193,0,1031,771,260,162,0.8642078792958927,0.6462699077954736,15.42,5.39486647120777,10.824333284242684,15.452114385683096,21.570252742896233,1.5414859833275922,2.157561976162425,0.8985792171843332,0.37845660501789646,117.22584404733514,28.277046593764357,30,0.740451388888889,0.9536458333333333,0.2627777777777778,68.86056188915751,17.32486589232791,{}
tune,drift,homog,med,binpack,6,1.0,0.9504310138888893,0.5684052077003725,0.9504310138888893,23.04,50.0,8.0,12.0,1104,1104,0,1058,812,246,46,0.9583333333333334,0.7355072463768116,16.24,3.615431565415903,12.290097786188156,13.539568886631331,21.584522759864594,1.3698585895787905,2.175033886282563,0.8704503741839679,0.430311692619891,78.72061596604644,28.135161549202444,30,0.5963541666666666,0.9828125,0.38645833333333335,63.618616309602785,17.353411061745444,{}
tune,drift,homog,med,binpack,7,1.0,1.0291126461950018,0.6169531457905651,1.0291126461950018,23.04,50.0,8.0,12.0,1185,1185,0,1033,761,272,152,0.8717299578059071,0.6421940928270042,15.22,5.1768405679951,10.633139437604889,15.184171723325786,20.851475701289083,1.5263151978628997,2.0985568111222195,0.8921643777096685,0.3837031241698792,112.1867839859761,28.260547446095412,30,0.6784722222222223,0.9845833333333334,0.3065277777777778,69.266942214529,17.107727901859683,{}
tune,drift,homog,med,binpack,8,1.0,1.0397119552793495,0.6224572350051966,1.0397119552793495,23.04,50.0,8.0,12.0,1193,1193,0,1072,797,275,121,0.8985750209555742,0.6680637049455155,15.94,4.656951920519295,9.013748808407549,14.666499673019228,20.132467550131793,1.4715127801605317,2.0022445222170457,0.8987582743919349,0.4029994224066757,103.34821540961522,28.391937005858637,30,0.8409722222222222,0.9652083333333333,0.14520833333333333,68.3651916261309,17.450400878332438,{}
tune,drift,homog,med,binpack,9,1.0,1.0332310243974214,0.6221804603407363,1.0332310243974214,23.04,50.0,8.0,12.0,1192,1192,0,1063,804,259,129,0.8917785234899329,0.674496644295302,16.08,5.622362013106945,12.085644095336576,15.630103007487037,22.30982452991884,1.5705873681992715,2.297206343886806,0.898471424207967,0.39881939087749857,125.56939203856342,28.3361098668005,30,0.7460069444444444,0.9732291666666666,0.2338888888888889,67.91162076742297,17.552224295783546,{}
tune,drift,homog,high,binpack,0,1.3,1.279018125151221,0.7671656227949359,1.279018125151221,29.952,50.0,8.0,12.0,1460,1460,0,1014,742,272,446,0.6945205479452055,0.5082191780821917,14.84,11.812433499722372,20.918509208891756,21.880310784234478,32.01660410559843,2.1889507273617554,3.3451704429961326,0.9311092804467317,0.2972973416643252,262.36811514847295,28.457588337619416,30,0.9883680555555556,0.7548958333333334,0.2456944444444444,82.31907534068228,17.735864912934275,{}
tune,drift,homog,high,binpack,1,1.3,1.30920419487622,0.7909589165365974,1.30920419487622,29.952,50.0,8.0,12.0,1514,1514,0,1066,806,260,448,0.7040951122853368,0.5323645970937912,16.12,11.851874008907096,21.118608387652657,21.851619479008264,32.1064394263759,2.195285843848402,3.3747649749974653,0.9387505515506114,0.3166566725949245,273.8555628621169,28.771648607001776,30,0.9644097222222222,0.7067708333333333,0.295,81.92282692361192,18.480807570418847,{}
tune,drift,homog,high,binpack,2,1.3,1.2845432815337605,0.7723812992609516,1.2845432815337605,29.952,50.0,8.0,12.0,1480,1480,0,1056,798,258,424,0.7135135135135136,0.5391891891891892,15.96,10.80884987670788,21.559015209976355,20.796441931950287,32.194200759519966,2.0977053295538997,3.3279496621264713,0.9315348222177353,0.34834549857096236,246.819247750328,28.565619989387145,30,0.9854166666666667,0.699375,0.28631944444444446,80.87912002040393,18.2989132377631,{}
tune,drift,homog,high,binpack,3,1.3,1.2612811403620612,0.7587984797763927,1.2612811403620612,29.952,50.0,8.0,12.0,1456,1456,0,1053,770,283,403,0.7232142857142857,0.5288461538461539,15.4,11.174867813762502,19.52375496206793,21.192194718802043,30.38190427486925,2.135489224561633,3.206640996929258,0.936519038515035,0.30517329312064656,252.71377500730094,28.7117233582641,30,0.9413194444444444,0.8060416666666667,0.23402777777777778,81.05592898120587,17.96290559247797,{}
tune,drift,homog,high,binpack,4,1.3,1.3340320276238362,0.801274172231092,1.3340320276238362,29.952,50.0,8.0,12.0,1536,1536,0,970,729,241,566,0.6315104166666666,0.474609375,14.58,13.479629107091654,23.93757147547779,23.476045152272746,34.842476295563785,2.367340997678092,3.6976260656591364,0.9373219599299694,0.26629452811967047,294.6945051492354,28.595701495144603,30,0.9840277777777777,0.6241666666666668,0.3834722222222222,85.58730868630118,17.946586048520615,{}
tune,drift,homog,high,binpack,5,1.3,1.3109197670709916,0.7884315284399408,1.3109197670709916,29.952,50.0,8.0,12.0,1506,1506,0,1035,788,247,471,0.6872509960159362,0.5232403718459495,15.76,11.885492137171543,21.592156262896623,21.93757151921075,32.551898575576544,2.19878836056351,3.4483233674901235,0.9362521553865308,0.3183296427401731,270.5170736034016,28.66982901240704,30,0.968923611111111,0.6769791666666667,0.3269444444444444,82.27230177298665,18.305067046203405,{}
tune,drift,homog,high,binpack,6,1.3,1.2473152937065017,0.7503606320691727,1.2473152937065017,29.952,50.0,8.0,12.0,1447,1447,0,1080,770,310,367,0.7463718037318591,0.5321354526606773,15.4,10.294872204580473,19.26557383311606,20.241928187343845,29.722135516621222,2.0513112448115667,3.058998253409765,0.9282665738665815,0.33643108824491746,242.20088512733938,28.588280128582515,30,0.9085069444444444,0.9538541666666667,0.10673611111111113,77.98554036637556,18.554721724078636,{}
tune,drift,homog,high,binpack,7,1.3,1.341509066688548,0.8043706297994268,1.341509066688548,29.952,50.0,8.0,12.0,1542,1542,0,981,762,219,561,0.6361867704280155,0.49416342412451364,15.24,12.878795877087553,23.332673890159775,22.878651579107053,34.1967419617152,2.301554532810259,3.6059133021997223,0.9377830746470237,0.295323304728901,284.74387989551064,28.643619699477284,30,0.9895833333333334,0.56875,0.4284722222222222,83.89236508759612,18.380695291996147,{}
tune,drift,homog,high,binpack,8,1.3,1.3313036443023993,0.7965630054072097,1.3313036443023993,29.952,50.0,8.0,12.0,1526,1526,0,1004,763,241,522,0.6579292267365662,0.5,15.26,12.79159993932966,23.967775146243326,22.809378395094754,34.57288106820219,2.2928611468019,3.6350327158289906,0.9360941561632617,0.2902772814785136,283.35880584306636,28.680409610512328,30,0.986111111111111,0.5947916666666667,0.4060416666666667,84.52817344863905,18.053152431209543,{}
tune,drift,homog,high,binpack,9,1.3,1.3306921533504872,0.7982404332923834,1.3306921533504872,29.952,50.0,8.0,12.0,1531,1531,0,1012,762,250,519,0.6610058785107773,0.4977139124755062,15.24,13.636694295319858,23.980928965591204,23.635472489325558,34.55501083634258,2.381513311901439,3.693277307736856,0.9424641838901899,0.2848279561304856,310.2719863391939,28.81477918356453,30,0.986111111111111,0.6229166666666667,0.37319444444444444,84.04302613430082,18.21685951138243,{}
tune,drift,hetero,low,binpack,0,0.7,0.687766952754715,0.36761114301207637,0.687766952754715,14.628927030062037,50.0,8.0,12.0,714,714,0,714,576,138,0,1.0,0.8067226890756303,11.52,0.3262215126347561,1.178375534391403,10.382492491543363,12.425083944734899,1.0319889041017913,1.1260948874240733,0.6537272484209568,0.31582531861286267,4.65844320042432,24.472791374022435,18,0.3297381975830303,0.5146416949604334,0.18674230066250042,61.6610548502255,11.579432134826492,{}
tune,drift,hetero,low,binpack,1,0.7,0.7334478092984363,0.46963988681110463,0.7334478092984363,16.73017658030946,50.0,8.0,12.0,884,884,0,884,716,168,0,1.0,0.8099547511312217,14.32,0.32503465321757635,2.3338104861167395,10.284929717538477,12.477562496690524,1.0335366133485424,1.2263137154858308,0.6940700575584081,0.4018118359773475,5.746612668886751,26.579199949957214,26,0.4060409313531847,0.6688712838266064,0.2968587671077801,61.26054393850447,14.430168966298943,{}
tune,drift,hetero,low,binpack,2,0.7,0.6920409119931975,0.41409178866890056,0.6920409119931975,16.0017997263536,50.0,8.0,12.0,794,794,0,794,625,169,0,1.0,0.7871536523929471,12.5,0.31994163332646053,2.039856453647104,10.306359791201844,12.476343746383495,1.0325992124524908,1.216862636161296,0.6528091956185083,0.3494032017907616,5.080673137224192,25.595621746570632,24,0.41354614250503074,0.6946035195561013,0.2862060200030282,61.35620664959349,12.940826093349443,{}
tune,drift,hetero,low,binpack,3,0.7,0.6952334378097634,0.45576915080828545,0.6952334378097634,16.637353299637304,50.0,8.0,12.0,824,824,0,824,664,160,0,1.0,0.8058252427184466,13.28,0.26604474422632984,1.5881306545232672,10.287686801053804,11.980443081950185,1.0273149420650012,1.1667784955577067,0.6539673955851429,0.3848789230273906,4.384417384849918,25.969766846515974,24,0.3911400610690888,0.6826683896009551,0.2915283285318662,61.16415395616082,13.471943069638451,{}
tune,drift,hetero,low,binpack,4,0.7,0.7080278477248332,0.40564837408978466,0.7080278477248332,15.196413400692828,50.0,8.0,12.0,770,770,0,770,612,158,0,1.0,0.7948051948051948,12.24,0.3826481960914171,2.3038238751680336,10.377976971374483,12.920617163815734,1.0389336720549462,1.259678336651919,0.6673806272440577,0.3422852596784992,5.892782219807822,25.459877125443704,21,0.3950721676870417,0.6223348342226515,0.2407757988053359,60.98647879801561,12.625749431283028,{}
tune,drift,hetero,low,binpack,5,0.7,0.7343904482625403,0.49060090878685536,0.7343904482625403,16.752966566668146,50.0,8.0,12.0,879,879,0,879,676,203,0,1.0,0.7690557451649602,13.52,0.17298162278609547,0.9897144111126757,10.244383942103942,11.986374545316423,1.017846293960962,1.1043408905458125,0.6913309756794205,0.4115159895564032,3.041016928579554,26.701387001235773,28,0.46934865245276,0.8527281267407603,0.3904605007694832,61.41720951024191,14.31194948467039,{}
tune,drift,hetero,low,binpack,6,0.7,0.6850163873971452,0.3981728233289048,0.6850163873971452,16.41537915959306,50.0,8.0,12.0,807,807,0,807,657,150,0,1.0,0.8141263940520446,13.14,0.21553553781181098,1.131945704109219,10.157483511732647,12.05771032482799,1.0217566307792083,1.1186932785410029,0.6531393100583222,0.3423964879631405,3.4787435802826296,25.515716725352362,21,0.3325008999022256,0.6066773604876323,0.27825080315398043,61.44732066676537,13.13320078472481,{}
tune,drift,hetero,low,binpack,7,0.7,0.7020125850176322,0.39111843629009846,0.7020125850176322,15.693874783361823,50.0,8.0,12.0,788,788,0,788,628,160,0,1.0,0.7969543147208121,12.56,0.3650911017951539,2.618501642997799,10.382834646906979,12.926515113421736,1.037120992954385,1.2760849742977185,0.6618620244669243,0.3284339393443965,5.753835764291617,25.240122857939454,22,0.3764398668896344,0.6053692580795009,0.23516017346786455,61.62737608312217,12.786525243864938,{}
tune,drift,hetero,low,binpack,8,0.7,0.7080522732373221,0.3552177642927235,0.7080522732373221,14.444332262630176,50.0,8.0,12.0,729,729,0,729,582,147,0,1.0,0.7983539094650206,11.64,0.06650276749294708,0.5399418500649134,10.106315401182727,11.851795206213891,1.0067816903973443,1.0552020924789192,0.6649664454563358,0.2990266005282226,0.9696103500471687,25.010654337094905,20,0.407883376937508,0.5602415076270799,0.15870190600403536,61.34966758677841,11.882704970957468,{}
tune,drift,hetero,low,binpack,9,0.7,0.7590882490721704,0.4562115602135573,0.7590882490721704,16.2148517174765,50.0,8.0,12.0,877,877,0,877,702,175,0,1.0,0.8004561003420753,14.04,0.43504106550458377,2.5202223562183033,10.453552794294302,12.94134814906218,1.0441609036811732,1.2632156044491762,0.7177769871847489,0.3901089055096435,7.630620288950402,26.567822300980925,25,0.4326092105376291,0.6763040858320131,0.24773821228456722,60.77942874996445,14.429224131207599,{}
tune,drift,hetero,med,binpack,0,1.0,0.9840249731741577,0.526033901669007,0.9840249731741577,20.89846718580291,50.0,8.0,12.0,1019,1019,0,947,693,254,72,0.929342492639843,0.6800785083415113,13.86,4.277251927734038,10.80249393843992,14.352271318478946,20.85206130321298,1.430010414875913,2.098484084520839,0.8808400315739822,0.36664359893012766,84.69949038311006,28.187844330193947,30,0.7272067359036887,0.9577280036313718,0.27484920994353906,64.6905324092603,15.75191858915869,{}
tune,drift,hetero,med,binpack,1,1.0,1.008907419823319,0.6459556643659574,1.008907419823319,23.900252257584945,50.0,8.0,12.0,1215,1215,0,1067,802,265,148,0.8781893004115227,0.660082304526749,16.04,5.599726127229021,11.322067525291185,15.583681089257482,22.035374269430463,1.5666451786494742,2.218923427129915,0.8836124085537296,0.40671733956522405,126.0741314726759,28.461884891654407,30,0.6429837182995987,0.9619737518016384,0.3189900335020397,68.81693562743638,17.655537680111347,{}
tune,drift,hetero,med,binpack,2,1.0,0.9928818305164541,0.5934031692935594,0.9928818305164541,22.859713894790858,50.0,8.0,12.0,1137,1137,0,1047,790,257,90,0.920844327176781,0.6948109058927001,15.8,4.060380461807819,10.329435337891915,14.0563441908516,21.045264013806445,1.4121474012044621,2.155566489412989,0.8820838284807246,0.4122232503014557,87.9418933802456,28.391043516773053,30,0.6850054974580254,0.9477786134841563,0.3173243881182825,65.2984041493507,17.41237040647196,{}
tune,drift,hetero,med,binpack,3,1.0,0.9686652589754432,0.6401404487069561,0.9686652589754432,23.767647570910434,50.0,8.0,12.0,1151,1151,0,1046,797,249,105,0.9087749782797567,0.6924413553431799,15.94,4.279964539873979,10.53868511495774,14.304590792863335,20.71556417118879,1.4346072692445686,2.0943948584424286,0.8618043514941633,0.4324211085286956,93.0967536911542,28.464664820910446,30,0.5579857023613335,0.9697835712859627,0.4145110666841069,67.24147551647016,17.117411406566674,{}
tune,drift,hetero,med,binpack,4,1.0,1.0111739438554483,0.5837079858110227,1.0111739438554483,21.709162000989757,50.0,8.0,12.0,1100,1100,0,988,732,256,112,0.8981818181818182,0.6654545454545454,14.64,4.870789981397028,10.992969308636436,14.878103423997189,20.948865311530486,1.4943336240492568,2.0947682479233976,0.8870161818603942,0.38040017659486386,101.17910199196267,28.394760498564942,30,0.7159545713641745,0.9564416963005636,0.2582693610777378,66.65305113532767,16.50337053238024,{}
tune,drift,hetero,med,binpack,5,1.0,1.0428893982372933,0.6872109818310488,1.0428893982372933,23.932809380954495,50.0,8.0,12.0,1236,1236,0,1040,775,265,196,0.8414239482200647,0.6270226537216829,15.5,6.379343675881266,12.10262136576737,16.443801713125296,22.675640983834654,1.6407093651111706,2.311199537553086,0.8863239984706646,0.3852618031873433,137.10853017481256,28.437260552165768,30,0.6676949734627253,0.9490485083523047,0.308357477826881,72.28885605089776,17.09807109313981,{}
tune,drift,hetero,med,binpack,6,1.0,0.957076854736576,0.5555091191283839,0.957076854736576,23.450541656561516,50.0,8.0,12.0,1126,1126,0,1094,840,254,32,0.9715808170515098,0.7460035523978685,16.8,3.455735146949693,9.84008724841853,13.383246536986823,20.529613337506245,1.3523571823746567,2.0847927304007676,0.8797356579478894,0.42225072465504554,77.01480064216143,28.411852960252276,30,0.673570411223911,0.960676530826706,0.287106119602795,63.36322404417334,17.77056039975199,{}
tune,drift,hetero,med,binpack,7,1.0,1.0428818868173577,0.5784271647246712,1.0428818868173577,22.41982111908832,50.0,8.0,12.0,1165,1165,0,1012,738,274,153,0.8686695278969957,0.6334763948497855,14.76,5.011247629631668,10.760814412007996,15.02393494862581,21.376929757943117,1.508186860398382,2.1561171669666104,0.9016613927611009,0.35362923127358525,107.20311041583768,28.494834675403713,30,0.7545692611206067,0.9548419546116917,0.2474305813196706,67.95593716022789,17.143461611796173,{}
tune,drift,hetero,med,binpack,8,1.0,1.0313696887506758,0.5166317220838015,1.0313696887506758,20.634760375185966,50.0,8.0,12.0,1061,1061,0,947,691,256,114,0.8925541941564562,0.651272384542884,13.82,4.584445664997852,10.014556436759559,14.588093397632703,20.48213137256406,1.464259614868128,2.0655772769334764,0.8984284738413661,0.3250219540534793,91.34678573462499,28.4037151294822,30,0.8146409696355141,0.9073495434319452,0.22170246925055712,65.65231729240912,16.16089185815647,{}
tune,drift,hetero,med,binpack,9,1.0,1.0389219623060253,0.6222034204396972,1.0389219623060253,23.16407388210929,50.0,8.0,12.0,1202,1202,0,1045,779,266,157,0.8693843594009983,0.6480865224625624,15.58,5.9207346166872235,12.381393690651002,15.92118666350817,22.64762890609508,1.5995543685657814,2.3054228289013095,0.8967271467478609,0.38378884083043696,131.70365425661979,28.471608452146512,30,0.6997987042282947,0.9633769581260416,0.28511266273201924,69.1323760413939,17.38693313940616,{}
tune,drift,hetero,high,binpack,0,1.3,1.2877845312111722,0.6888404400601519,1.2877845312111722,27.168007341543785,50.0,8.0,12.0,1335,1335,0,858,650,208,477,0.6426966292134831,0.4868913857677903,13.0,12.580938726480905,20.962609819951588,22.64431472357913,31.954918102747975,2.26517458394071,3.372758609660071,0.9250817022528333,0.24942897953421816,249.68270209425893,28.557587066455405,30,0.968037405700804,0.6187560369408664,0.38255772419839057,81.18019448123897,16.44489777994463,{}
tune,drift,hetero,high,binpack,1,1.3,1.2952402546524129,0.8308655695053435,1.2952402546524129,31.07032793486043,50.0,8.0,12.0,1559,1559,0,1089,817,272,470,0.6985246953175113,0.5240538806927517,16.34,11.966923714944643,21.334943928225,21.96449547588794,32.17987327654451,2.2102197320116312,3.4065791537635928,0.9408551065756725,0.33987857540552624,283.6186794535322,28.85209264788727,30,0.9653313976753776,0.8299129498365356,0.18424446023600086,83.16630089830538,18.745573425302684,{}
tune,drift,hetero,high,binpack,2,1.3,1.2882140922702343,0.7662640494911068,1.2882140922702343,29.717628063228116,50.0,8.0,12.0,1471,1471,0,993,763,230,478,0.6750509857239972,0.5186947654656696,15.26,11.643498173934503,21.314985315187734,21.628605907522665,31.858258634428726,2.1814712100590787,3.355696286370384,0.9350959204437307,0.3172371397411808,256.6561338074891,28.746788048896725,30,0.986951786882395,0.6553593654757416,0.3381709469902879,81.74155542415711,17.995742708429976,{}
tune,drift,hetero,high,binpack,3,1.3,1.269026510677763,0.8378211482433146,1.269026510677763,30.897941842183567,50.0,8.0,12.0,1505,1505,0,997,751,246,508,0.6624584717607973,0.49900332225913624,15.02,12.492256748281871,22.52677124376615,22.51584263999478,33.438007759248535,2.263754533650876,3.4902515008704156,0.9364752842814399,0.3144119063117563,274.3133668902939,28.76681517638282,30,0.9847641597930463,0.6862578306260878,0.30430431871247926,84.98791903771196,17.708399229450265,{}
tune,drift,hetero,high,binpack,4,1.3,1.3365680751126352,0.7668160406418995,1.3365680751126352,28.221910601286684,50.0,8.0,12.0,1452,1452,0,885,679,206,567,0.609504132231405,0.46763085399449034,13.58,14.049712182154002,24.41623754495624,24.046848283979386,35.22106274953903,2.4234433995716373,3.7184535459302257,0.9316244032167539,0.24701467064483743,287.24358466396626,28.71752551130216,30,0.9686207796795665,0.5854950392762196,0.4147143945733722,85.80794362469732,16.921510278240536,{}
tune,drift,hetero,high,binpack,5,1.3,1.3258777848084975,0.8716182964838384,1.3258777848084975,31.112652195240848,50.0,8.0,12.0,1577,1577,0,1050,805,245,527,0.6658211794546608,0.5104629042485732,16.1,12.81521575248327,24.23054574222784,22.873499191129863,34.992719425955364,2.289687720800325,3.6891923193041944,0.9370418204539304,0.33936485728753396,287.3758785707293,28.700615745435744,30,0.9813183174609544,0.7540428419050779,0.24214093275251863,85.71894575953861,18.397333121943056,{}
tune,drift,hetero,high,binpack,6,1.3,1.2518292088895178,0.7308926059160591,1.2518292088895178,30.485704153529973,50.0,8.0,12.0,1476,1476,0,1061,757,304,415,0.7188346883468835,0.5128726287262872,15.14,10.634934998635782,20.046897378243777,20.58434690632735,30.446650577758817,2.0874752640618275,3.210009527968772,0.9243836482353156,0.32198535701827635,256.228205269274,28.71502382912904,30,0.8809263561231204,0.9339546786058611,0.15925061412856714,77.54243078805735,19.034739883693785,{}
tune,drift,hetero,high,binpack,7,1.3,1.3426633648512667,0.7462245808217085,1.3426633648512667,29.145767454814816,50.0,8.0,12.0,1506,1506,0,1001,744,257,505,0.6646746347941567,0.4940239043824701,14.88,11.830517138969652,20.645685908895928,21.83311478126945,31.945043695104268,2.2026569676718744,3.415821514780382,0.9367971674217906,0.2937288461924783,265.90646183280097,28.844475842840687,30,0.9452543610999151,0.7564937607402963,0.2729080535131362,82.07524968704594,18.349015150637968,{}
tune,drift,hetero,high,binpack,8,1.3,1.3344629778051733,0.6672204003660442,1.3344629778051733,26.82518848774176,50.0,8.0,12.0,1379,1379,0,927,679,248,452,0.6722262509064539,0.49238578680203043,13.58,12.133834825706577,21.342291592123424,22.139184919284375,32.333556133402816,2.2359706471262473,3.468898045918091,0.9315478733475071,0.24340052171849147,252.53900244832354,28.77003313022267,30,0.9628529761660636,0.6926968110836096,0.31104609664855,81.51356864966395,16.917428875268424,{}
tune,drift,hetero,high,binpack,9,1.3,1.3300357344478375,0.7917480619041374,1.3300357344478375,30.113296046742075,50.0,8.0,12.0,1535,1535,0,971,748,223,564,0.6325732899022801,0.48729641693811077,14.96,14.10568253976675,24.572477866972804,24.104876713762007,35.253051631497385,2.431492472121047,3.7350251052287415,0.9418737030032268,0.2809075803765837,317.26191114833387,28.88011072980424,30,0.9812355701796684,0.5939699637426767,0.40082544182028385,85.11470400901632,18.034486730252805,{}
tune,pred_error,homog,low,binpack,0,0.7,0.6937212739970942,0.16996871003876138,0.6937212739970942,11.357746478873239,50.0,8.0,12.0,561,561,0,561,456,105,0,1.0,0.8128342245989305,9.12,0.0,0.0,10.074022732354436,11.844567700236219,1.0,1.0000000000000002,0.6289150431881988,0.1525029637353737,0.0,21.554247107021535,23,0.6619791666666667,0.17781249999999998,0.4841666666666667,61.49610395339101,9.122529134938238,{}
tune,pred_error,homog,low,binpack,1,0.7,0.739198333661379,0.18102069857575118,0.739198333661379,11.357746478873239,50.0,8.0,12.0,607,607,0,607,478,129,0,1.0,0.7874794069192751,9.56,0.0,0.0,9.900223504446695,11.755197770319896,1.0,1.0000000000000004,0.6597222573564975,0.1595509520149992,0.0,22.736188827837637,26,0.7822916666666667,0.199375,0.5829166666666666,60.828411346289144,9.9788895775104,{}
tune,pred_error,homog,low,binpack,2,0.7,0.6934703098993187,0.17062495216052828,0.6934703098993187,11.357746478873239,50.0,8.0,12.0,564,564,0,564,470,94,0,1.0,0.8333333333333334,9.4,0.0,0.0,9.99325226517548,11.728684049365711,1.0,1.0000000000000004,0.6341461926174048,0.15481886061784847,0.0,22.437128803976293,21,0.5657986111111111,0.15010416666666665,0.4156944444444444,61.39877036370875,9.185851714277426,{}
tune,pred_error,homog,low,binpack,3,0.7,0.6906928038812686,0.16954838646188194,0.6906928038812686,11.357746478873239,50.0,8.0,12.0,560,560,0,560,463,97,0,1.0,0.8267857142857142,9.26,0.0,0.0,10.00560794729274,11.836369497896262,1.0,1.0000000000000004,0.6298934911524767,0.15506266968385726,0.0,21.409073069677287,24,0.6361111111111111,0.15479166666666666,0.48131944444444447,60.94546996715343,9.1885418276668,{}
tune,pred_error,homog,low,binpack,4,0.7,0.712333570824434,0.17486711923602746,0.712333570824434,11.357746478873239,50.0,8.0,12.0,579,579,0,579,471,108,0,1.0,0.8134715025906736,9.42,0.0,0.0,9.999461500900336,11.830839324784103,1.0,1.0000000000000002,0.6568391081363357,0.16119410294482062,0.0,22.731484450479865,26,0.646875,0.168125,0.47875,60.80944160044448,9.521547719585833,{}
tune,pred_error,homog,low,binpack,5,0.7,0.7164162374126304,0.1754569112484733,0.7164162374126304,11.357746478873239,50.0,8.0,12.0,577,577,0,577,461,116,0,1.0,0.7989601386481803,9.22,0.0,0.0,10.07228442452332,11.874527602653451,1.0,1.0000000000000004,0.6229805154230882,0.15343898691753105,0.0,21.66182577613465,25,0.7612847222222222,0.18802083333333333,0.5732638888888889,61.48766961167367,9.383995257001159,{}
tune,pred_error,homog,low,binpack,6,0.7,0.7045042069237616,0.17184085895685486,0.7045042069237616,11.357746478873239,50.0,8.0,12.0,573,573,0,573,478,95,0,1.0,0.8342059336823735,9.56,0.0,0.0,9.973708330402129,11.796546371545741,1.0,1.0000000000000004,0.6434396670789408,0.1576797433314908,0.0,22.094706625111684,25,0.6206597222222222,0.14427083333333332,0.47638888888888886,61.639956763998626,9.295918266033986,{}
tune,pred_error,homog,low,binpack,7,0.7,0.6959890253660589,0.17057134788498574,0.6959890253660589,11.357746478873239,50.0,8.0,12.0,562,562,0,562,466,96,0,1.0,0.8291814946619217,9.32,0.0,0.0,10.02886911207363,11.80452608463061,1.0,1.0000000000000002,0.6356652852401793,0.15568302790558225,0.0,22.133714550276494,23,0.6364583333333333,0.15875,0.47770833333333335,61.17524171591456,9.186722998330179,{}
tune,pred_error,homog,low,binpack,8,0.7,0.6967609147067836,0.1698419841333432,0.6967609147067836,11.357746478873239,50.0,8.0,12.0,562,562,0,562,446,116,0,1.0,0.7935943060498221,8.92,0.0,0.0,10.019196941123646,11.791263860430098,1.0,1.0000000000000002,0.6129818307258891,0.15168811429498802,0.0,20.967435698705923,25,0.763888888888889,0.17708333333333334,0.5868055555555556,61.33143532006076,9.163327045375322,{}
tune,pred_error,homog,low,binpack,9,0.7,0.757273839075889,0.1859288989593039,0.757273839075889,11.357746478873239,50.0,8.0,12.0,617,617,0,617,494,123,0,1.0,0.8006482982171799,9.88,0.0,0.0,9.98991252179921,11.854547013006986,1.0,1.0000000000000004,0.6919674804005446,0.16872620178315345,0.0,23.913387285830723,26,0.6947916666666667,0.176875,0.5179166666666667,61.766826158268245,9.989180898157692,{}
tune,pred_error,homog,med,binpack,0,1.0,0.9692838810503466,0.2379416015805939,0.9692838810503466,16.225352112676056,50.0,8.0,12.0,779,779,0,772,613,159,7,0.9910141206675225,0.7869062901155327,12.26,0.7916387022243334,4.471866737473643,10.860062447952485,14.38932296288251,1.0790755682585045,1.4295354792977666,0.8619534618356245,0.21190870736947354,12.256063317974922,26.96309291706614,30,0.9614583333333333,0.24812499999999998,0.7133333333333333,62.485157437309965,12.466960666323907,{}
tune,pred_error,homog,med,binpack,1,1.0,1.0615730401330792,0.26150645287603685,1.0615730401330792,16.225352112676056,50.0,8.0,12.0,864,864,0,814,651,163,50,0.9421296296296297,0.7534722222222222,13.02,1.329221504034915,7.339029889900587,11.286505660129691,17.192305625464748,1.1342139624135767,1.7528159383138464,0.8799252257452868,0.21927406739144778,20.656626014676775,27.50754638132644,30,0.9694444444444444,0.25479166666666664,0.7146527777777777,67.06172381267325,12.883653310395852,{}
tune,pred_error,homog,med,binpack,2,1.0,0.9916348507046174,0.24377864715841224,0.9916348507046174,16.225352112676056,50.0,8.0,12.0,806,806,0,793,623,170,13,0.9838709677419355,0.7729528535980149,12.46,0.7021100520447396,2.6206049604858066,10.684174959331258,13.112443914151257,1.0714176835031304,1.2558258519505932,0.8692724954642689,0.21364361104154853,11.003961922209205,27.31904589205439,30,0.9690972222222223,0.25708333333333333,0.7120138888888888,62.71712254247405,12.851354898403557,{}
tune,pred_error,homog,med,binpack,3,1.0,0.9937301733322129,0.24344506764583293,0.9937301733322129,16.225352112676056,50.0,8.0,12.0,803,803,0,793,628,165,10,0.987546699875467,0.7820672478206725,12.56,0.8702468890337252,3.210226310451098,10.89108919469704,13.702175191637593,1.0882213267364524,1.323965830699388,0.8688245644818595,0.2123230358433605,13.840348387710362,27.232513879548886,30,0.9583333333333334,0.25,0.7083333333333334,63.290682394467865,12.687491580438213,{}
tune,pred_error,homog,med,binpack,4,1.0,1.004063523349771,0.24445953049970506,1.004063523349771,16.225352112676056,50.0,8.0,12.0,811,811,0,796,632,164,15,0.9815043156596794,0.7792848335388409,12.64,1.30772406124387,5.415573239505569,11.298227646932668,15.544634672481475,1.131227953709386,1.5326079861282313,0.8754109030294789,0.2138504402142808,20.996594414585942,27.220816101588515,30,0.9743055555555556,0.23833333333333334,0.7359722222222221,62.824080454219,12.909062801022449,{}
tune,pred_error,homog,med,binpack,5,1.0,1.0610802695833002,0.2599202170496295,1.0610802695833002,16.225352112676056,50.0,8.0,12.0,854,854,0,799,622,177,55,0.9355971896955504,0.7283372365339579,12.44,1.1812548908966805,4.664397838574494,11.260290057163502,15.530612539606658,1.1181434377867947,1.4798711242047824,0.866298053968734,0.21167294786328264,17.29308615392442,27.327356264394865,30,0.9755208333333333,0.2584375,0.7170833333333333,67.82346245521065,12.59151286420928,{}
tune,pred_error,homog,med,binpack,6,1.0,0.9772367769189441,0.2401347893860128,0.9772367769189441,16.225352112676056,50.0,8.0,12.0,797,797,0,795,639,156,2,0.9974905897114178,0.8017565872020075,12.78,0.6558429908861091,4.6569380867366235,10.596273175831772,14.41274961334653,1.0672395954470777,1.442066105652256,0.8703654481681454,0.21279627562305747,10.409206735186785,27.41266832292883,30,0.9645833333333333,0.24000000000000002,0.7245833333333334,62.4879147336639,12.754466257947234,{}
tune,pred_error,homog,med,binpack,7,1.0,1.0135487473298894,0.24859370174133133,1.0135487473298894,16.225352112676056,50.0,8.0,12.0,819,819,0,794,629,165,25,0.9694749694749695,0.7680097680097681,12.58,0.878857036659813,3.8318040551509256,10.891179035170268,14.13412480947094,1.0887992570287932,1.3893181875629268,0.871281568490502,0.2130915457323571,13.692196697817781,27.390348431900506,30,0.9640625,0.2559375,0.708125,64.7810526851572,12.642585540874535,{}
tune,pred_error,homog,med,binpack,8,1.0,1.021483312915781,0.2529980430059518,1.021483312915781,16.225352112676056,50.0,8.0,12.0,828,828,0,792,631,161,36,0.9565217391304348,0.7620772946859904,12.62,0.5718145839955023,2.73004525539006,10.580572685493372,13.157691955636366,1.0584841178896878,1.2959112929772958,0.8646706198383477,0.2196715443646385,8.26807584516831,27.401699345904454,30,0.9633680555555556,0.21989583333333332,0.7434722222222222,64.8426338842822,12.769376417954339,{}
tune,pred_error,homog,med,binpack,9,1.0,1.0841371114847198,0.2665286221464353,1.0841371114847198,16.225352112676056,50.0,8.0,12.0,879,879,0,808,647,161,71,0.919226393629124,0.7360637087599545,12.94,1.7253853907657875,7.108905433997897,11.743915005368846,17.348404408528445,1.175123532195509,1.7264602597634362,0.8786677200586412,0.22105156159611694,26.478927327770858,27.421568551598856,30,0.9774305555555556,0.23645833333333333,0.7409722222222223,67.5881651981294,13.005235419888681,{}
tune,pred_error,homog,high,binpack,0,1.3,1.2728502792153482,0.31111055775280577,1.2728502792153482,21.092957746478874,50.0,8.0,12.0,1025,1025,0,854,690,164,171,0.833170731707317,0.6731707317073171,13.8,4.8537179453875945,18.432416616132038,14.929989046643774,28.65333197575545,1.4903067675295634,2.8156685451751446,0.8906251765684753,0.22821231014804927,75.63766592510174,27.613762923978285,30,0.9758680555555556,0.24052083333333335,0.7353472222222222,77.00134958597565,13.311455000610595,{}
tune,pred_error,homog,high,binpack,1,1.3,1.3310194214408722,0.326949496353686,1.3310194214408722,21.092957746478874,50.0,8.0,12.0,1082,1082,0,872,700,172,210,0.8059149722735675,0.6469500924214417,14.0,6.488078958911227,18.813051187707956,16.46708430878447,28.439893772297687,1.655653354495426,2.8523979205931633,0.9070443293304077,0.2278508429644831,106.62130059785632,28.0076034319266,30,0.9715277777777778,0.24729166666666666,0.7242361111111111,79.41468230403343,13.624684612571267,{}
tune,pred_error,homog,high,binpack,2,1.3,1.2901781167211612,0.31529208764752614,1.2901781167211612,21.092957746478874,50.0,8.0,12.0,1045,1045,0,866,688,178,179,0.8287081339712918,0.6583732057416268,13.76,5.674927418115864,16.292413248248174,15.6811751344681,26.54535178905148,1.5739353106081246,2.6248956211717425,0.9046482141292015,0.231650333527556,92.135748228211,27.99745204166171,30,0.9777777777777777,0.25604166666666667,0.7217361111111111,75.83188303233797,13.780483329872833,{}
tune,pred_error,homog,high,binpack,3,1.3,1.266479747955302,0.30942097127306145,1.266479747955302,21.092957746478874,50.0,8.0,12.0,1022,1022,0,852,682,170,170,0.8336594911937377,0.6673189823874756,13.64,5.48668295586882,17.189704335753078,15.517110271501778,27.06945846699478,1.5532332049858317,2.6167173660896226,0.9056488974157512,0.22746776780137778,89.99515454887333,28.018286137774986,30,0.974826388888889,0.25677083333333334,0.7180555555555556,76.20486805133584,13.411216712710846,{}
tune,pred_error,homog,high,binpack,4,1.3,1.3044778800278585,0.3206988022985638,1.3044778800278585,21.092957746478874,50.0,8.0,12.0,1058,1058,0,880,706,174,178,0.831758034026465,0.667296786389414,14.12,5.605308396529959,23.18344318088981,15.605360439885974,33.31890341296744,1.5671163196424531,3.24148596840321,0.896785762722673,0.23854887663298802,91.05484279375432,27.86390888105232,30,0.975,0.261875,0.713125,78.18292390970473,13.532366750850976,{}
tune,pred_error,homog,high,binpack,5,1.3,1.3446340740426028,0.3301953934962425,1.3446340740426028,21.092957746478874,50.0,8.0,12.0,1086,1086,0,873,695,178,213,0.8038674033149171,0.639963167587477,13.9,6.075669007590461,23.924023782644014,16.123451783995517,33.71116137158391,1.6125590372588925,3.3509562950516667,0.8995600083014058,0.23254310928192173,97.11595696093268,27.799109416890893,30,0.9720486111111111,0.2657291666666667,0.7063194444444444,80.18949772259406,13.542920592380897,{}
tune,pred_error,homog,high,binpack,6,1.3,1.2607406205649763,0.3082467513565468,1.2607406205649763,21.092957746478874,50.0,8.0,12.0,1029,1029,0,873,701,172,156,0.8483965014577259,0.6812439261418853,14.02,4.968613588615824,17.7117986248733,14.901064638086558,27.57199381151453,1.5076680142058996,2.731350560964076,0.9000247286584336,0.23065633931941434,81.24104730612007,27.87078891601371,30,0.9809027777777778,0.25416666666666665,0.726736111111111,76.8083248303771,13.396985317313396,{}
tune,pred_error,homog,high,binpack,7,1.3,1.3429454868339843,0.32985031881871113,1.3429454868339843,21.092957746478874,50.0,8.0,12.0,1086,1086,0,859,691,168,227,0.7909760589318601,0.6362799263351749,13.82,5.99461785775879,18.650858185488104,16.019773004450283,28.198470426005905,1.6077487145444371,2.7947749508237463,0.9085241885021174,0.23223035261612238,93.91324277675545,28.105370809420783,30,0.9692708333333333,0.2434375,0.7258333333333333,79.49420857281406,13.661372564081319,{}
tune,pred_error,homog,high,binpack,8,1.3,1.3381836531499065,0.32980109694771315,1.3381836531499065,21.092957746478874,50.0,8.0,12.0,1085,1085,0,870,699,171,215,0.8018433179723502,0.6442396313364055,13.98,5.577602831375344,18.477278538998846,15.589362484172304,28.42488539794222,1.5672122138937064,2.8416631726418404,0.910033802866122,0.23592782009546945,86.72194827505692,28.158765206115685,30,0.9786458333333333,0.2471875,0.7314583333333332,79.30327311718736,13.681654707954904,{}
tune,pred_error,homog,high,binpack,9,1.3,1.3572406542127853,0.3343389594244254,1.3572406542127853,21.092957746478874,50.0,8.0,12.0,1100,1100,0,864,699,165,236,0.7854545454545454,0.6354545454545455,13.98,7.165445188851712,21.60733342034316,17.180288372330594,31.257088507500093,1.7258533503490867,3.03692095601697,0.9065581244942699,0.2292615868888999,117.67706226424147,28.093564198689396,30,0.9708333333333333,0.251875,0.7189583333333333,80.7073178321075,13.62949518763949,{}
tune,pred_error,hetero,low,binpack,0,0.7,0.7065215371937457,0.15472640118436565,0.7065215371937457,10.302061288776082,50.0,8.0,12.0,516,516,0,516,416,100,0,1.0,0.8062015503875969,8.32,0.0,0.0,10.04500352074753,11.841006392266266,1.0,1.0000000000000004,0.6375283258152422,0.13915662541270254,0.0,23.050965232977422,23,0.6724155781983365,0.20311321077768327,0.46930236742065323,61.420071448467695,8.401162483715625,{}
tune,pred_error,hetero,low,binpack,1,0.7,0.7368463651255152,0.19147912524062538,0.7368463651255152,11.781814493175675,50.0,8.0,12.0,625,625,0,625,492,133,0,1.0,0.7872,9.84,0.0,0.0,9.898299920490928,11.73836955975937,1.0,1.0000000000000004,0.664987932980139,0.17115104651558755,0.0,23.77591686503066,28,0.7707648099826948,0.25615221097301294,0.5146125990096819,61.16005559664979,10.21908815979291,{}
tune,pred_error,hetero,low,binpack,2,0.7,0.6946682197363558,0.16828495441700014,0.6946682197363558,11.268873046727887,50.0,8.0,12.0,559,559,0,559,469,90,0,1.0,0.8389982110912343,9.38,0.0,0.0,9.986739730555431,11.73715690360676,1.0,1.0000000000000004,0.6347051874581651,0.15355328541724533,0.0,22.81599958663812,22,0.5666880039151145,0.2001364173485464,0.36655158656656817,60.04942204932022,9.308998836672869,{}
tune,pred_error,hetero,low,binpack,3,0.7,0.699840666835757,0.18830334583643188,0.699840666835757,11.716445985660073,50.0,8.0,12.0,584,584,0,584,476,108,0,1.0,0.815068493150685,9.52,0.0,0.0,9.999379326012061,11.83551436194297,1.0,1.0000000000000004,0.6312586250750346,0.17047913606169296,0.0,22.847189452829628,22,0.64038363169907,0.2343464442512861,0.4084754793818965,61.30565825632847,9.52603750796061,{}
tune,pred_error,hetero,low,binpack,4,0.7,0.7345963330445168,0.17254490548923543,0.7345963330445168,10.701699577952697,50.0,8.0,12.0,561,561,0,561,444,117,0,1.0,0.7914438502673797,8.88,0.0,0.0,10.009465512699308,11.824477091913316,1.0,1.0000000000000004,0.6587099523501887,0.15459521140864074,0.0,23.424548982981765,28,0.7847635368895111,0.22612413067325193,0.5586394062162591,61.06608549641893,9.186768653001321,{}
tune,pred_error,hetero,low,binpack,5,0.7,0.7261056834792513,0.19582207617487465,0.7261056834792513,11.797863779343766,50.0,8.0,12.0,606,606,0,606,473,133,0,1.0,0.7805280528052805,9.46,0.0,0.0,10.06929519601203,11.869485710752514,1.0,1.0000000000000004,0.6275884714255204,0.16931112746848018,0.0,22.003608942777547,28,0.8627795617819931,0.3043597205485462,0.5600969302397298,61.167788299533406,9.907175277165,{}
tune,pred_error,hetero,low,binpack,6,0.7,0.7043443800039549,0.16774075053685167,0.7043443800039549,11.560126168727507,50.0,8.0,12.0,583,583,0,583,484,99,0,1.0,0.8301886792452831,9.68,0.0,0.0,9.973640400110924,11.796546371545741,1.0,1.0000000000000004,0.6437781577708728,0.15305820140074455,0.0,23.246528684523636,22,0.5921801546359382,0.2043600339464581,0.38782012068948,61.53815613997146,9.47379701585369,{}
tune,pred_error,hetero,low,binpack,7,0.7,0.7003871903749957,0.1590687950861832,0.7003871903749957,11.052024495325227,50.0,8.0,12.0,551,551,0,551,454,97,0,1.0,0.8239564428312159,9.08,0.0,0.0,10.021058242613874,11.80565051104034,1.0,1.0000000000000004,0.638071128585024,0.14509210708032205,0.0,22.612558602690555,25,0.6445890322385435,0.1894899024380246,0.45509912980051875,60.72860262939093,9.073154595085835,{}
tune,pred_error,hetero,low,binpack,8,0.7,0.6839220217242998,0.14023360513323108,0.6839220217242998,10.172064973683222,50.0,8.0,12.0,497,497,0,497,400,97,0,1.0,0.8048289738430584,8.0,0.0,0.0,10.027747958745557,11.791263860430098,1.0,1.0000000000000004,0.6160814673372174,0.12680491824870926,0.0,22.58564227097963,25,0.7084735414773725,0.1649249747077549,0.5435485667696176,61.535396465656376,8.076652277317844,{}
tune,pred_error,hetero,low,binpack,9,0.7,0.7532176482041045,0.18487657869816718,0.7532176482041045,11.41890966019472,50.0,8.0,12.0,617,617,0,617,499,118,0,1.0,0.8087520259319287,9.98,0.0,0.0,9.98991252179921,11.854547013006986,1.0,1.0000000000000004,0.6915461382256435,0.16861054477267964,0.0,24.196415700569396,25,0.6682731181837637,0.21090593060425877,0.45736718757950484,61.499601651825515,10.032585308325901,{}
tune,pred_error,hetero,med,binpack,0,1.0,0.9807901245495064,0.21427568095401928,0.9807901245495064,14.717230412537262,50.0,8.0,12.0,717,717,0,704,565,139,13,0.9818688981868898,0.7880055788005579,11.3,0.8316670298977163,3.9079198622253486,10.88982948582587,14.121132598089119,1.0846302702093555,1.3998467431866621,0.8570430761027228,0.19063202093705983,11.574311265735627,27.242200077586475,30,0.9473572090808318,0.22221985609259093,0.725137352988241,63.4436441691157,11.301368472604777,{}
tune,pred_error,hetero,med,binpack,1,1.0,1.0549162417818472,0.2742518785226438,1.0549162417818472,16.83116356167954,50.0,8.0,12.0,889,889,0,840,672,168,49,0.9448818897637795,0.7559055118110236,13.44,1.354648765751233,5.166362355141942,11.315713064164425,15.268265922560353,1.1364434297379487,1.517249562580385,0.884172180911892,0.23048380209624666,22.13779552273244,27.64063758266895,30,0.9714474451187214,0.31312698453828314,0.6583204605804381,64.81503410083346,13.715953595225654,{}
tune,pred_error,hetero,med,binpack,2,1.0,0.9944669664618245,0.24289392367889548,0.9944669664618245,16.098390066754124,50.0,8.0,12.0,801,801,0,785,623,162,16,0.9800249687890137,0.7777777777777778,12.46,0.6233511824468444,2.4218600858569204,10.608288280148466,13.104652355033096,1.0632653217760064,1.246455486640958,0.8740497900344626,0.21320195944179204,9.731184159667814,27.594218458115957,30,0.9630038589445199,0.28114367222182873,0.6818601867226911,63.218982322600205,12.67024508418336,{}
tune,pred_error,hetero,med,binpack,3,1.0,0.9915667373275816,0.26604008808418056,0.9915667373275816,16.73777997951439,50.0,8.0,12.0,830,830,0,822,651,171,8,0.9903614457831326,0.7843373493975904,13.02,0.6212288750939554,2.221189915893973,10.645515069409214,12.97159798708455,1.0636311635374371,1.2368697630521286,0.8759800497297772,0.2342912916691564,10.228498077703186,27.661070049742854,30,0.9713717006027252,0.3215594969191727,0.6498122036835524,63.34098483439913,13.103680060706047,{}
tune,pred_error,hetero,med,binpack,4,1.0,1.006555957133848,0.237599039439164,1.006555957133848,15.288142254218139,50.0,8.0,12.0,771,771,0,746,593,153,25,0.9675745784695201,0.7691309987029832,11.86,1.1522541061160918,4.3269433586884105,11.1469431398461,14.58535360532995,1.1174640340054023,1.4609595705474003,0.8714709798455818,0.20821241891360184,17.224949348151068,27.599876391858125,30,0.9742644254464368,0.2565944124510796,0.7176700129953573,63.74285485985404,12.095473315325014,{}
tune,pred_error,hetero,med,binpack,5,1.0,1.0546461080821248,0.284840325811949,1.0546461080821248,16.85409111334824,50.0,8.0,12.0,885,885,0,840,659,181,45,0.9491525423728814,0.7446327683615819,13.18,0.9753405015674025,4.735757753021765,11.046318990837968,14.87408923949966,1.098474976705539,1.4742765094896984,0.8765458495164118,0.23722710688194837,14.739941505717256,27.67826596484229,30,0.9714444005330743,0.34355356161061895,0.6278908389224553,65.53728293836929,13.503763969468288,{}
tune,pred_error,hetero,med,binpack,6,1.0,0.9786517504138091,0.2325958532125922,0.9786517504138091,16.51446595532501,50.0,8.0,12.0,810,810,0,805,644,161,5,0.9938271604938271,0.7950617283950617,12.88,0.8000569443756376,4.13529019869091,10.739732921952266,14.004803367879944,1.0815581380240278,1.4068755862166327,0.870761950962346,0.2057579137702022,12.856769521447184,27.546435216318354,30,0.9489886822164861,0.27445768948672333,0.6745309927297628,62.87535701532326,12.882630627490451,{}
tune,pred_error,hetero,med,binpack,7,1.0,1.008897028565432,0.2273188717760045,1.008897028565432,15.788606421893181,50.0,8.0,12.0,794,794,0,770,610,160,24,0.9697732997481109,0.7682619647355163,12.2,0.7752442466039072,3.37744477226704,10.792406486207957,13.6179393984023,1.0783369766457644,1.3425730014272366,0.8736123674763919,0.1970474247302008,11.723695652204604,27.569203090800585,30,0.9720577221208392,0.25978673624646315,0.712270985874376,63.32085442296452,12.539312794112277,{}
tune,pred_error,hetero,med,binpack,8,1.0,1.020112911502074,0.20762183416544572,1.020112911502074,14.531521390976033,50.0,8.0,12.0,735,735,0,698,551,147,37,0.9496598639455782,0.7496598639455783,11.02,0.7224616778823,3.438626313573252,10.760763066873746,14.26753114767093,1.0721172106152717,1.346077019895337,0.8588724170749181,0.17996651141676498,9.42175725670436,27.655621426940435,30,0.9458132205750253,0.21912778188598078,0.7266854386890444,64.15559962023718,11.456521400326094,{}
tune,pred_error,hetero,med,binpack,9,1.0,1.083389039490339,0.2653974513493251,1.083389039490339,16.312728085992457,50.0,8.0,12.0,882,882,0,821,661,160,61,0.9308390022675737,0.7494331065759637,13.22,1.714450005045502,7.538172893638851,11.735224861779292,17.496304817900068,1.1736998899527076,1.7491755378146006,0.8797106360426674,0.2211401298021375,26.515200995071776,27.6714555090574,30,0.9690114271330983,0.2670535737999149,0.7019578533331834,66.85430467083422,13.192867749393859,{}
tune,pred_error,hetero,high,binpack,0,1.3,1.2609775147483302,0.27570368768263026,1.2609775147483302,19.13239953629844,50.0,8.0,12.0,920,920,0,752,606,146,168,0.8173913043478261,0.658695652173913,12.12,5.4913602225761755,17.46127359713938,15.567116298671113,27.36464876887372,1.5510820776434573,2.662821847065743,0.8908247365565927,0.20165745072532762,80.25944025216761,27.736776595290788,30,0.9806050958952031,0.25311883364715987,0.7274862622480431,75.9244580364764,12.117307436794666,{}
tune,pred_error,hetero,high,binpack,1,1.3,1.324821341897776,0.343457799221063,1.324821341897776,21.8805126301834,50.0,8.0,12.0,1119,1119,0,909,730,179,210,0.8123324396782842,0.6523681858802503,14.6,6.290546813532097,17.385809328390977,16.266888906076723,28.007907621866806,1.6367280867356349,2.8505444783856633,0.9127620680558749,0.244722112067287,107.06257977070317,28.255567690856257,30,0.9790739616896947,0.31272286989454867,0.6663510917951461,78.74781130586138,14.209918744963396,{}
tune,pred_error,hetero,high,binpack,2,1.3,1.2826264010773818,0.31450996453770996,1.2826264010773818,20.927907086780362,50.0,8.0,12.0,1034,1034,0,856,680,176,178,0.8278529980657641,0.6576402321083172,13.6,5.616589731668187,15.663164313185796,15.623283655556055,26.331891217490636,1.5696630605063808,2.6087687604156296,0.90391116456518,0.23287517885187076,91.2469665719562,28.183075943336018,30,0.9772007749876229,0.288892244901942,0.688308530085681,75.50666889422135,13.694154637500288,{}
tune,pred_error,hetero,high,binpack,3,1.3,1.252378732175978,0.33697885131694055,1.252378732175978,21.75911397336871,50.0,8.0,12.0,1047,1047,0,887,714,173,160,0.8471824259789876,0.6819484240687679,14.28,5.028848445939989,12.849118301641553,15.054400512881484,23.38973735662779,1.5102117066851404,2.394245465377454,0.915318165316452,0.2539792996981884,85.2280597122306,28.312874665067913,30,0.9731768178275766,0.3302713436534255,0.6429054741741511,75.34077097717018,13.896858054681479,{}
tune,pred_error,hetero,high,binpack,4,1.3,1.3041406967789027,0.3064737106011822,1.3041406967789027,19.874584930483582,50.0,8.0,12.0,999,999,0,828,667,161,171,0.8288288288288288,0.6676676676676677,13.34,5.335276936632203,25.82752570518442,15.335389864361499,35.397766981830436,1.5450842491048875,3.6123426318803236,0.8960719998783466,0.22585346284063898,80.27929402660381,28.027630305699724,30,0.9720720573427093,0.2814768618331494,0.69059519550956,78.6423843456221,12.703073645498042,{}
tune,pred_error,hetero,high,binpack,5,1.3,1.342514521969136,0.36071167130280946,1.342514521969136,21.91031844735271,50.0,8.0,12.0,1127,1127,0,910,730,180,217,0.8074534161490683,0.64773735581189,14.6,5.88064500703217,23.715250734054756,15.93242596377043,33.14178000834313,1.592134563918887,3.3075572586561504,0.9042388740899372,0.2571010365133877,98.16486699704637,27.949724659157326,30,0.9816223787624604,0.3404688572341627,0.6411535215282975,80.8753419626079,13.935026086456114,{}
tune,pred_error,hetero,high,binpack,6,1.3,1.248303740215095,0.29709361058410727,1.248303740215095,21.468805741922516,50.0,8.0,12.0,1039,1039,0,893,719,174,146,0.8594802694898941,0.6920115495668913,14.38,4.718386546458641,19.292146039527054,14.649076796802996,28.667261783122505,1.483016042082264,2.885900715463202,0.9034318530056907,0.22547417015797802,79.67046925539084,28.01298196514126,30,0.9813990397420588,0.2745855874186473,0.7068134523234115,75.70838819301886,13.723710473812558,{}
tune,pred_error,hetero,high,binpack,7,1.3,1.3413317404850467,0.30551855614735357,1.3413317404850467,20.52518834846114,50.0,8.0,12.0,1058,1058,0,848,681,167,210,0.8015122873345936,0.6436672967863895,13.62,5.865037735194775,16.590901779947615,15.883179502403237,26.601559613512258,1.5928731325257564,2.646965766870027,0.9189923355807283,0.21453810845297505,91.63959346311977,28.34734069196702,30,0.9839011341232219,0.27113035612847347,0.7127707779947484,79.50898901310015,13.306671523966688,{}
tune,pred_error,hetero,high,binpack,8,1.3,1.3366695924893899,0.27281790030208636,1.3366695924893899,18.890977808268843,50.0,8.0,12.0,968,968,0,771,620,151,197,0.7964876033057852,0.640495867768595,12.4,5.740598766686843,16.394255822028086,15.76472648073101,26.801864422396932,1.5802585638307145,2.6721354822334273,0.9118831619969768,0.19740112143745644,79.6284399891024,28.354157000462937,30,0.9803938808641001,0.241183351768127,0.7392105290959731,78.59333624262406,12.316565834687369,{}
tune,pred_error,hetero,high,binpack,9,1.3,1.3576758884731965,0.3337601923568798,1.3576758884731965,21.206546511790197,50.0,8.0,12.0,1106,1106,0,867,698,169,239,0.7839059674502713,0.6311030741410488,13.96,7.288969510219697,18.957576955484026,17.301460979516747,28.950756523907422,1.7376558649528004,2.9264062832068216,0.9136248438152353,0.2292864427923833,121.59875824933727,28.2503328494977,30,0.9735041506498451,0.2793311598486629,0.6941729908011821,79.50746333630897,13.910643775939947,{}
tune,adversarial,homog,low,binpack,0,0.7,0.6826764018441531,0.4063846325238185,0.6826764018441531,16.128,50.0,8.0,12.0,777,777,0,777,629,148,0,1.0,0.8095238095238095,12.58,0.1803375504023019,1.3185797261409817,10.250077232410588,12.053065974482468,1.0179051334692832,1.1338290818037418,0.6574998613980441,0.3910900060515305,2.802445533251772,23.22107480354696,11,0.2569444444444444,0.15416666666666667,0.10277777777777779,61.22151904347892,12.691615826261714,{}
tune,adversarial,homog,low,binpack,1,0.7,0.7432017322454366,0.44301853929929613,0.7432017322454366,16.128,50.0,8.0,12.0,860,860,0,860,685,175,0,1.0,0.7965116279069767,13.7,0.2542294133594983,1.970687719443717,10.217501892652942,12.15926475787672,1.026063905887186,1.190348682101479,0.7125659670400786,0.42406748086684465,4.372745909783372,25.001948791758313,10,0.30173611111111115,0.18354166666666666,0.11819444444444445,61.218386369469634,14.048067108624291,{}
tune,adversarial,homog,low,binpack,2,0.7,0.6941823014133616,0.41709922554431245,0.6941823014133616,16.128,50.0,8.0,12.0,801,801,0,801,627,174,0,1.0,0.7827715355805244,12.54,0.18396495445627037,1.8056997979977734,10.168902052157891,11.966429292890155,1.018772892220664,1.1786344094658865,0.6650151473260354,0.39921162974109947,2.9471185703894527,23.348614845742322,13,0.30625,0.17875,0.1288888888888889,61.19119820020023,13.090117918256075,{}
tune,adversarial,homog,low,binpack,3,0.7,0.6936910464932325,0.41609256284583424,0.6936910464932325,16.128,50.0,8.0,12.0,798,798,0,798,644,154,0,1.0,0.8070175438596491,12.88,0.19743382627235292,1.8572248483053926,10.217093538295229,11.940646558926915,1.0203365332028813,1.193224835065512,0.6647445397757026,0.3984425242364146,3.1510438673067567,23.770451294666596,11,0.2694444444444445,0.15916666666666668,0.11027777777777778,61.2302161421334,13.032781039799149,{}
tune,adversarial,homog,low,binpack,4,0.7,0.6998756454564528,0.41848384956927326,0.6998756454564528,16.128,50.0,8.0,12.0,805,805,0,805,658,147,0,1.0,0.8173913043478261,13.16,0.18281912606928552,1.649709932337693,10.171397325201534,11.975863703558119,1.0187583083936658,1.1743578105572685,0.674860970969758,0.4031210818548214,2.943387929715496,23.831948488337574,13,0.2520833333333333,0.155,0.09708333333333333,60.82125416360061,13.235504776581282,{}
tune,adversarial,homog,low,binpack,5,0.7,0.7427042644851471,0.44520117014247323,0.7427042644851471,16.128,50.0,8.0,12.0,849,849,0,849,656,193,0,1.0,0.7726737338044759,13.12,0.08511796741650254,0.8914100803518039,10.164480352637032,11.90511587422148,1.0085657451377181,1.081617352110203,0.7080833559544618,0.4248801377236973,1.4453030867322143,24.335577159971503,14,0.3371527777777778,0.19979166666666667,0.13930555555555557,61.38054721681969,13.83174374449621,{}
tune,adversarial,homog,low,binpack,6,0.7,0.6841874556236293,0.4135116279532141,0.6841874556236293,16.128,50.0,8.0,12.0,794,794,0,794,648,146,0,1.0,0.8161209068010076,12.96,0.03538975984322829,0.27449017858462454,9.975471062785488,11.849593961723903,1.0036050526545675,1.0252898482459436,0.6573589056076498,0.3976984464220655,0.5619893863104651,23.179532668902826,10,0.2576388888888889,0.14958333333333332,0.10805555555555556,61.220644067933776,12.969481325922253,{}
tune,adversarial,homog,low,binpack,7,0.7,0.7110450894665779,0.42391880736963083,0.7110450894665779,16.128,50.0,8.0,12.0,815,815,0,815,642,173,0,1.0,0.7877300613496933,12.84,0.18557293757981438,1.9762116045478528,10.198262874297031,11.94450698637715,1.0190523897590626,1.1941756002688981,0.6796963155547051,0.4048563341699393,3.024838882550977,24.20558255046824,13,0.3013888888888889,0.17958333333333334,0.12180555555555556,61.41478295434365,13.27042058596672,{}
tune,adversarial,homog,low,binpack,8,0.7,0.7162861134429028,0.42854357867451437,0.7162861134429028,16.128,50.0,8.0,12.0,822,822,0,822,646,176,0,1.0,0.7858880778588808,12.92,0.0747488993550888,0.7853622334346984,10.081296169031548,11.823541396659383,1.0075788061436566,1.0744107926698292,0.6854183647802471,0.4097007341798215,1.2288719053976598,24.31874783769639,12,0.30451388888888886,0.18395833333333333,0.12055555555555554,61.06273026183202,13.461566432999815,{}
tune,adversarial,homog,low,binpack,9,0.7,0.7572369770901872,0.457008110458811,0.7572369770901872,16.128,50.0,8.0,12.0,874,874,0,874,699,175,0,1.0,0.799771167048055,13.98,0.27716385242669284,1.7723341545349864,10.29565829985488,12.427383338963974,1.0282708357297707,1.1797598499346005,0.7276320779265392,0.43933126894367186,4.844824140418587,24.981977968062953,14,0.3006944444444445,0.18416666666666667,0.12347222222222222,60.890236006421425,14.353697034575935,{}
tune,adversarial,homog,med,binpack,0,1.0,0.9841688629935955,0.5851132392399854,0.9841688629935955,23.04,50.0,8.0,12.0,1121,1121,0,1121,800,321,0,1.0,0.7136485280999108,16.0,3.0558685912997863,8.73549742936688,13.12520445273341,19.53648369657919,1.30655094095754,1.9252844115542003,0.9042005777979061,0.54676314861858,68.5125738169413,28.11003051545525,30,0.8869791666666667,0.40218750000000003,0.4847916666666666,61.84355573938514,18.126383365212778,{}
tune,adversarial,homog,med,binpack,1,1.0,1.0200178811125775,0.6067205223389277,1.0200178811125775,23.04,50.0,8.0,12.0,1175,1175,0,1147,845,302,28,0.9761702127659575,0.7191489361702128,16.9,3.7589411700715223,11.019492338915882,13.742135076829086,21.49379976669822,1.3794303557493746,2.129809433171016,0.9195184895634021,0.5656488673447947,88.194380904658,28.40823378718527,30,0.9779513888888889,0.3798958333333333,0.5980555555555556,62.031784864474695,18.94190216462588,{}
tune,adversarial,homog,med,binpack,2,1.0,0.9904509089738199,0.5952119551374478,0.9904509089738199,23.04,50.0,8.0,12.0,1143,1143,0,1143,816,327,0,1.0,0.7139107611548556,16.32,3.087879142189807,8.6331305050861,13.08619429156469,19.42030948142292,1.3127319870615106,1.9471683094702947,0.9099432282334705,0.5557440753919677,70.58891719045901,28.219141349065954,30,0.9114583333333334,0.409375,0.5020833333333333,61.59070066963878,18.557996378882624,{}
tune,adversarial,homog,med,binpack,3,1.0,0.9675626328742732,0.5810969294010463,0.9675626328742732,23.04,50.0,8.0,12.0,1112,1112,0,1112,821,291,0,1.0,0.7383093525179856,16.42,2.8778440627182778,8.194578863651213,12.904868641293653,19.074453095802962,1.2921934363011212,1.9008857965102925,0.9021825243822613,0.5480321300120624,64.00325195485452,28.291202089360635,30,0.7651041666666667,0.3565625,0.41034722222222225,61.433330596423545,18.100923215527846,{}
tune,adversarial,homog,med,binpack,4,1.0,1.018072022689239,0.6088528690397534,1.018072022689239,23.04,50.0,8.0,12.0,1172,1172,0,1141,811,330,31,0.9735494880546075,0.6919795221843004,16.22,3.5939922961490467,10.000292134419873,13.58337389708351,20.533218075859224,1.363417007365812,2.0456288155519275,0.909242827341522,0.5619166248179779,83.99335595649787,28.194002070628745,30,0.9885416666666667,0.419375,0.5691666666666666,62.30519056060708,18.810631818226163,{}
tune,adversarial,homog,med,binpack,5,1.0,1.0449657617521098,0.6228146996057593,1.0449657617521098,23.04,50.0,8.0,12.0,1193,1193,0,1125,825,300,68,0.9430008382229673,0.691533948030176,16.5,3.689264511924243,11.416209753402633,13.746512426399567,21.262669957976975,1.370619681535125,2.1602703733160866,0.920365824301226,0.5732441455403334,86.57770163904941,28.390940700454667,30,0.9838541666666667,0.4003125,0.5835416666666667,63.49634594970702,18.78848274111598,{}
tune,adversarial,homog,med,binpack,6,1.0,0.9509156236561347,0.5724075510985605,0.9509156236561347,23.04,50.0,8.0,12.0,1104,1104,0,1104,828,276,0,1.0,0.75,16.56,2.7246462091419392,8.486021833060803,12.648783530357367,18.951008262318787,1.2776867520951263,1.8879224747130667,0.8962552081710161,0.5459920313310986,60.160188297854,28.3267645020679,30,0.7307291666666667,0.32406250000000003,0.41333333333333333,61.02529139496214,18.090859949439572,{}
tune,adversarial,homog,med,binpack,7,1.0,1.031951680693209,0.6166872770031818,1.031951680693209,23.04,50.0,8.0,12.0,1185,1185,0,1153,827,326,32,0.9729957805907173,0.6978902953586498,16.54,3.486717374516635,9.484090369561386,13.49404852984732,20.160201068351864,1.350923784460115,1.986134551750526,0.9166640214062646,0.5678523018808898,82.04918474493617,28.36777960612273,30,0.9831597222222223,0.4173958333333333,0.5657638888888888,63.310904255457366,18.717154871435177,{}
tune,adversarial,homog,med,binpack,8,1.0,1.0412533929071086,0.6207241123929395,1.0412533929071086,23.04,50.0,8.0,12.0,1193,1193,0,1129,819,310,64,0.9463537300922046,0.6865046102263203,16.38,3.279682791977341,9.995662775443023,13.289230544477274,20.416933123466563,1.3294191418884727,2.0076868380974475,0.918065523820739,0.5687248873433887,77.03252420104087,28.40140495987441,30,0.9902777777777777,0.4141666666666667,0.5761111111111111,62.88913783275129,18.969889572547324,{}
tune,adversarial,homog,med,binpack,9,1.0,1.0346159669085442,0.622764956907861,1.0346159669085442,23.04,50.0,8.0,12.0,1192,1192,0,1148,852,296,44,0.9630872483221476,0.714765100671141,17.04,4.089423763647447,12.519326894174775,14.097164758027537,22.695255877059104,1.4122325174854393,2.2543855461783076,0.9198722860975779,0.5774340832344601,96.98877038667854,28.37299530648891,30,0.9815972222222222,0.38395833333333335,0.5976388888888889,62.72983711885016,19.00212171349329,{}
tune,adversarial,homog,high,binpack,0,1.3,1.281972066178026,0.763149238205877,1.281972066178026,29.952,50.0,8.0,12.0,1460,1460,0,1186,874,312,274,0.8123287671232877,0.5986301369863014,17.48,8.424713414752532,25.429639398762696,18.492590699264635,35.13446964510521,1.8452792003190872,3.5266324942990144,0.9295221073488067,0.6593378343173911,212.31788785515462,28.546177319581016,30,0.9755208333333333,0.3490625,0.6264583333333333,75.25427935100826,19.40089005689799,{}
tune,adversarial,homog,high,binpack,1,1.3,1.3144065151792934,0.7833739556718893,1.3144065151792934,29.952,50.0,8.0,12.0,1514,1514,0,1208,882,326,306,0.797886393659181,0.582562747688243,17.64,9.3345248209024,26.92342656368107,19.334270291003566,36.80454032210656,1.9405163801737169,3.706431537044176,0.9388196142065661,0.6717109591968808,242.50090406089302,28.775564451681003,30,0.9784722222222223,0.3827083333333333,0.5957638888888889,75.70748637134997,19.998022290341737,{}
tune,adversarial,homog,high,binpack,2,1.3,1.2864256287079041,0.7701816645768684,1.2864256287079041,29.952,50.0,8.0,12.0,1480,1480,0,1194,878,316,286,0.8067567567567567,0.5932432432432433,17.56,8.608644987968894,25.936850534301904,18.5962370432113,35.60881524685757,1.8708679754809117,3.58338159111502,0.930212849009904,0.6650167802279345,219.63717382856998,28.63010873005089,30,0.9772569444444444,0.3563541666666667,0.6209027777777777,74.72901788925626,19.804890279613574,{}
tune,adversarial,homog,high,binpack,3,1.3,1.2690394868523343,0.7596130513484499,1.2690394868523343,29.952,50.0,8.0,12.0,1456,1456,0,1183,872,311,273,0.8125,0.5989010989010989,17.44,8.371027469708862,24.566298390852936,18.388354374748406,33.816853042189216,1.848974384853629,3.4447375634889403,0.9342254102456091,0.6574479061353266,212.3857761410172,28.685540068738977,30,0.9701388888888889,0.35333333333333333,0.6168055555555555,73.89494547696069,19.7036480723023,{}
tune,adversarial,homog,high,binpack,4,1.3,1.332552007741556,0.799672598987691,1.332552007741556,29.952,50.0,8.0,12.0,1536,1536,0,1211,866,345,325,0.7884114583333334,0.5638020833333334,17.32,9.597098538244216,26.87095080721285,19.593514583425307,36.36137658354711,1.9757860760573038,3.6747463437462367,0.9350744522117189,0.6840006231432416,245.06149823912733,28.610770823560664,30,0.9822916666666667,0.46375,0.5185416666666667,76.69855959835856,20.02645170969902,{}
tune,adversarial,homog,high,binpack,5,1.3,1.3143306472687453,0.787842052174934,1.3143306472687453,29.952,50.0,8.0,12.0,1506,1506,0,1199,864,335,307,0.796148738379814,0.5737051792828686,17.28,9.671726123461942,27.545265169132726,19.72380550550115,36.920390384221065,1.9752948740217187,3.811272229890759,0.940763591876719,0.6801075865818236,248.37650518378388,28.762262077272837,30,0.976388888888889,0.4152083333333333,0.5611805555555556,76.2010026917915,19.76351946563334,{}
tune,adversarial,homog,high,binpack,6,1.3,1.2489101008601775,0.7502630194921043,1.2489101008601775,29.952,50.0,8.0,12.0,1447,1447,0,1207,897,310,240,0.834139599170698,0.6199032480995162,17.94,7.795917223126533,23.88644880515281,17.742973205889903,33.59248826741731,1.7951654540267545,3.4290529685535214,0.9332463565523261,0.653724833558031,199.5170144495139,28.71289577082147,30,0.9829861111111111,0.3591666666666667,0.6238194444444445,73.50572119852889,19.68554251840957,{}
tune,adversarial,homog,high,binpack,7,1.3,1.3444519879420869,0.8007867352511842,1.3444519879420869,29.952,50.0,8.0,12.0,1542,1542,0,1207,858,349,335,0.7827496757457847,0.556420233463035,17.16,9.749896552000102,27.488497109648037,19.749752254019604,37.01112508775758,1.9871783226660724,3.751888769431043,0.9402719183976522,0.6835923145327848,247.71766778341222,28.744445850863684,30,0.9840277777777777,0.48041666666666666,0.5036111111111111,77.18093689193927,19.979026714316106,{}
tune,adversarial,homog,high,binpack,8,1.3,1.33089998462824,0.7939187347551852,1.33089998462824,29.952,50.0,8.0,12.0,1526,1526,0,1203,876,327,323,0.7883355176933159,0.5740498034076016,17.52,9.264438069998844,28.22645235138836,19.28221652576394,37.62099836884647,1.9358769108360818,3.846550788679485,0.9365976539600949,0.6822981242540668,237.20349772783894,28.77031150759567,30,0.9729166666666667,0.394375,0.5785416666666666,77.0752258869263,19.798839152787277,{}
tune,adversarial,homog,high,binpack,9,1.3,1.3271459182077205,0.7990044739531903,1.3271459182077205,29.952,50.0,8.0,12.0,1531,1531,0,1208,879,329,323,0.7890267798824298,0.5741345525800131,17.58,9.87827910618285,28.01901159700929,19.87705730018855,37.7628025344914,2.0009594003791715,3.90357680220116,0.9365826931827275,0.6880543672206849,257.5221202032011,28.74845792806841,30,0.9722222222222222,0.40520833333333334,0.5670138888888889,77.0742742194856,19.863956106030237,{}
tune,adversarial,hetero,low,binpack,0,0.7,0.6916561708742984,0.36630053452183686,0.6916561708742984,14.628927030062037,50.0,8.0,12.0,714,714,0,714,576,138,0,1.0,0.8067226890756303,11.52,0.3121211152648159,1.9029144143488708,10.368392094173423,12.845097376342215,1.0309722279844231,1.1900572745634992,0.6645322490695128,0.35169059960478166,4.457089525981574,24.107033201636426,12,0.2579825757748664,0.2095290233802071,0.06973213819955833,61.6610548502255,11.579432134826492,{}
tune,adversarial,hetero,low,binpack,1,0.7,0.7380301875823823,0.4639864650134195,0.7380301875823823,16.73017658030946,50.0,8.0,12.0,884,884,0,884,716,168,0,1.0,0.8099547511312217,14.32,0.38791008419434747,2.5962735680370983,10.347805148515247,12.790280538857889,1.03987524971417,1.258061752569574,0.7093146040508251,0.44626623207326205,6.858250288556059,25.98218320076608,11,0.2612973104918166,0.20703940752130368,0.07267010405333775,61.26054393850447,14.430168966298943,{}
tune,adversarial,hetero,low,binpack,2,0.7,0.6931367374961268,0.41504845339135976,0.6931367374961268,16.0017997263536,50.0,8.0,12.0,794,794,0,794,625,169,0,1.0,0.7871536523929471,12.5,0.31003285578121764,2.4855764095613786,10.2964510136566,12.505802232648303,1.0317338861973826,1.2401679927504021,0.6636071137972731,0.39752257248799466,4.9233217498057344,23.770385340089565,12,0.27766472182520396,0.25241999572643986,0.04801422583584944,61.35620664959349,12.940826093349443,{}
tune,adversarial,hetero,low,binpack,3,0.7,0.6970043343718336,0.45584276607141416,0.6970043343718336,16.637353299637304,50.0,8.0,12.0,824,824,0,824,664,160,0,1.0,0.8058252427184466,13.28,0.31215432841653695,2.681992060906877,10.33379638524401,12.459120632372587,1.031811194352697,1.260177700119015,0.6675880343222356,0.43620563424035175,5.144303332304532,24.11971608561539,10,0.24098466961171647,0.2434557387997037,0.036574746033620396,61.16415395616082,13.471943069638451,{}
tune,adversarial,hetero,low,binpack,4,0.7,0.710878959242015,0.40639814550030817,0.710878959242015,15.196413400692828,50.0,8.0,12.0,770,770,0,770,612,158,0,1.0,0.7948051948051948,12.24,0.3662028068020019,2.4715518221292747,10.36153158208507,12.817130626752771,1.0369910920125927,1.2410752694729454,0.6811953791655132,0.3899880131907888,5.639523224750827,24.48433925199046,10,0.2671293710346669,0.21296548020341408,0.06008774250083133,60.98647879801561,12.625749431283028,{}
tune,adversarial,hetero,low,binpack,5,0.7,0.7436680817635397,0.4841544079311541,0.7436680817635397,16.752966566668146,50.0,8.0,12.0,879,879,0,879,676,203,0,1.0,0.7690557451649602,13.52,0.25550156345714153,1.8446496485713002,10.326903882774989,12.287314736841143,1.025615188249316,1.1887389683910592,0.7120475679966826,0.4633706243820152,4.491717485576552,25.802563902305593,12,0.31189936051665,0.27093073379261434,0.05012506882369732,61.41720951024191,14.31194948467039,{}
tune,adversarial,hetero,low,binpack,6,0.7,0.6828623096375879,0.40188926749833315,0.6828623096375879,16.41537915959306,50.0,8.0,12.0,807,807,0,807,657,150,0,1.0,0.8141263940520446,13.14,0.09781621955367313,0.8485398123051056,10.03976419347451,11.903162500721947,1.0098353419922659,1.088538760116319,0.6567340161629314,0.38615788339718216,1.578753783596284,23.490681828361108,9,0.25569543914654497,0.21243707767193815,0.05459830485542706,61.44732066676537,13.13320078472481,{}
tune,adversarial,hetero,low,binpack,7,0.7,0.7077832334380719,0.3905703598879301,0.7077832334380719,15.693874783361823,50.0,8.0,12.0,788,788,0,788,628,160,0,1.0,0.7969543147208121,12.56,0.30750414341562227,2.5057535077103044,10.325247688527446,12.716228381964935,1.031364488785393,1.2532287524043682,0.6773776093739383,0.37374145785828283,4.846265300230203,24.24641815860252,12,0.27188989275983144,0.22534080513119484,0.0724492859372028,61.62737608312217,12.786525243864938,{}
tune,adversarial,hetero,low,binpack,8,0.7,0.7090096952624526,0.3562593555872964,0.7090096952624526,14.444332262630176,50.0,8.0,12.0,729,729,0,729,582,147,0,1.0,0.7983539094650206,11.64,0.19989337442960456,1.953316611368626,10.239706008119384,12.200025760450632,1.0197783815784693,1.1906286772610915,0.6783658955714187,0.340407420410144,2.9144453991836325,24.773260046589225,11,0.2652626143158498,0.22816851438751212,0.06363106216466588,61.34966758677841,11.882704970957468,{}
tune,adversarial,hetero,low,binpack,9,0.7,0.7569079168402454,0.4559867349362192,0.7569079168402454,16.2148517174765,50.0,8.0,12.0,877,877,0,877,702,175,0,1.0,0.8004561003420753,14.04,0.4018413221698952,2.3934576502456544,10.420353050959612,13.135592270389202,1.0410181203226578,1.2527920631293294,0.727615011787495,0.4388121581718392,7.048296790859967,25.915890170947133,13,0.3015078675577439,0.26035342792754645,0.06541971412650334,60.77942874996445,14.429224131207599,{}
tune,adversarial,hetero,med,binpack,0,1.0,0.9839953624528615,0.5243923506796291,0.9839953624528615,20.89846718580291,50.0,8.0,12.0,1019,1019,0,1009,710,299,10,0.9901864573110893,0.6967615309126595,14.2,3.57873509285871,10.198528539842352,13.653754483603619,20.736835446161056,1.3606083657992525,2.091241242827339,0.8870377426752617,0.48626647842799364,72.91916589991662,28.404669437704037,30,0.9807656107835885,0.4218152199861478,0.5597399098531661,61.959692703918336,16.446175820616332,{}
tune,adversarial,hetero,med,binpack,1,1.0,1.0158545757028452,0.6398645306046122,1.0158545757028452,23.900252257584945,50.0,8.0,12.0,1215,1215,0,1138,851,287,77,0.9366255144032922,0.7004115226337448,17.02,4.614677990797616,13.00691426712887,14.598632952826076,23.452383776710494,1.4650638866418444,2.302194722066251,0.8942750419179536,0.5934344403961666,111.09677273832375,28.751083697206685,30,0.9820096228416328,0.43139150351488426,0.5506181193267486,63.23773817343535,19.21321089422506,{}
tune,adversarial,hetero,med,binpack,2,1.0,0.9925351565101126,0.5936398903119531,0.9925351565101126,22.859713894790858,50.0,8.0,12.0,1137,1137,0,1119,793,326,18,0.9841688654353562,0.6974494283201407,15.86,3.682049262172428,9.691549361188436,13.67801299121621,20.164079575784093,1.3733128219470567,2.0582866746837487,0.8925957654696982,0.5495484332536108,83.70150350732682,28.505014529246566,30,0.9780403084011381,0.45368545748197303,0.524354850919165,61.67390975997078,18.43567246547365,{}
tune,adversarial,hetero,med,binpack,3,1.0,0.9722861099697436,0.6384400742952328,0.9722861099697436,23.767647570910434,50.0,8.0,12.0,1151,1151,0,1151,825,326,0,1.0,0.7167680278019114,16.5,3.605497478136717,9.852349061972177,13.630123731126075,20.260807023585805,1.3667009087358568,2.0420074797623107,0.891170842902098,0.5986451453748449,82.99855194670712,28.72450625261498,30,0.8971118101858394,0.4911167863985776,0.44420820665864524,61.65858201098088,18.66731219662198,{}
tune,adversarial,hetero,med,binpack,4,1.0,1.0136226854089627,0.5825645135153759,1.0136226854089627,21.709162000989757,50.0,8.0,12.0,1100,1100,0,1047,754,293,53,0.9518181818181818,0.6854545454545454,15.08,4.310907061202024,11.39503496829348,14.318220503802184,21.8150336372891,1.438133681947905,2.2420136639380104,0.8859919515077759,0.5323444351991723,93.8938688078386,28.498178072401586,30,0.9747889512029686,0.460800948457134,0.5148631732355371,63.483129828972736,17.327438060528273,{}
tune,adversarial,hetero,med,binpack,5,1.0,1.037723813701821,0.6852114876867441,1.037723813701821,23.932809380954495,50.0,8.0,12.0,1236,1236,0,1120,832,288,116,0.9061488673139159,0.6731391585760518,16.64,4.758653456643567,12.46244577420594,14.823111493887598,23.29215995783445,1.4806654241299853,2.2931218105304665,0.8916582534220461,0.6227534439566418,114.27803599549588,28.794815353894897,30,0.9791857606138467,0.43718229973161316,0.5420034608822334,64.17610161931822,19.259505778829368,{}
tune,adversarial,hetero,med,binpack,6,1.0,0.9525032567527009,0.5576837008312437,0.9525032567527009,23.450541656561516,50.0,8.0,12.0,1126,1126,0,1126,827,299,0,1.0,0.7344582593250444,16.54,3.1826812878464463,9.474243615780697,13.110192677883576,19.84991524584549,1.3242642155621533,1.9863627307939682,0.8897746788436274,0.5296162180064298,71.67398260230202,28.650159712844957,30,0.819960080887752,0.4103696355989498,0.42912205419942784,61.764786569244116,18.230452374957185,{}
tune,adversarial,hetero,med,binpack,7,1.0,1.0380779505271163,0.579883315532958,1.0380779505271163,22.41982111908832,50.0,8.0,12.0,1165,1165,0,1078,782,296,87,0.9253218884120171,0.671244635193133,15.64,4.145888323116394,10.698509927033967,14.158575642110538,21.562647433067752,1.4207157927084475,2.1679085206559607,0.8956470593364737,0.5237048145417562,94.48630384813619,28.66815248588844,30,0.9825203266699168,0.4306978508015061,0.5522964603606773,64.19829906170236,18.14689823604662,{}
tune,adversarial,hetero,med,binpack,8,1.0,1.0260318821965804,0.5187268799191348,1.0260318821965804,20.634760375185966,50.0,8.0,12.0,1061,1061,0,983,720,263,78,0.9264844486333648,0.6786050895381716,14.4,4.037822653921734,11.65611225055926,14.041470386556584,21.971219977678487,1.4120156862496556,2.2290930477541977,0.8840119936217273,0.475171808001696,83.65969966714734,28.802223837102346,30,0.9782884401793338,0.3842083086510802,0.5944708076892216,64.40812880875794,16.473075986267897,{}
tune,adversarial,hetero,med,binpack,9,1.0,1.03701807676683,0.6242706755489847,1.03701807676683,23.16407388210929,50.0,8.0,12.0,1202,1202,0,1117,840,277,85,0.9292845257903494,0.6988352745424293,16.8,4.682331101618491,14.042187718339918,14.682783148439437,24.39046042973667,1.4729199561302238,2.406121290907745,0.8982323968839754,0.5758465168955644,110.4386320571848,28.587845108619746,30,0.9785745075834422,0.41618781116473375,0.5675076763847158,63.89750056096096,18.81137743178609,{}
tune,adversarial,hetero,high,binpack,0,1.3,1.2904872577921427,0.6868517648727882,1.2904872577921427,27.168007341543785,50.0,8.0,12.0,1335,1335,0,1055,757,298,280,0.7902621722846442,0.5670411985018726,15.14,9.34538477854581,26.7181324585235,19.408760775644033,36.37698888950793,1.9392398906926696,3.645156514926292,0.9076933507675417,0.5893315375514522,211.2163837270649,28.77282264438775,30,0.9728265974795647,0.42575713716456254,0.5470694603150021,75.93304300104651,17.581278811407582,{}
tune,adversarial,hetero,high,binpack,1,1.3,1.3060789168562112,0.822546860467546,1.3060789168562112,31.07032793486043,50.0,8.0,12.0,1559,1559,0,1220,850,370,339,0.7825529185375241,0.5452212957023733,17.0,10.798932801214015,27.974629860020407,20.79650456215731,37.56340745186593,2.0878117468573993,3.7866892304330753,0.9060649369048812,0.6969419475498279,284.9057453514921,29.039295151697452,30,0.9842518239075414,0.6182679795783835,0.3662174696593915,76.99637413526393,20.247706694099847,{}
tune,adversarial,hetero,high,binpack,2,1.3,1.2869783629440972,0.7677979848440365,1.2869783629440972,29.717628063228116,50.0,8.0,12.0,1471,1471,0,1152,817,335,319,0.7831407205982325,0.5554044867437118,16.34,9.873130724234503,26.088833807000547,19.85823845782266,35.610615508602976,2.0009576263652784,3.6125782068741774,0.9057326934307801,0.6573389903050846,245.4461198680918,28.850011176343443,30,0.983450243553392,0.5328835950112266,0.4505666485421653,75.80617705014255,19.404751132971608,{}
tune,adversarial,hetero,high,binpack,3,1.3,1.2708844268883572,0.8350773148518736,1.2708844268883572,30.897941842183567,50.0,8.0,12.0,1505,1505,0,1164,816,348,341,0.773421926910299,0.5421926910299003,16.32,10.320306115739278,21.854417937745318,20.343892007452187,32.037675781120356,2.046260364350154,3.2387572359445667,0.9110103130920476,0.6972192737374401,260.1686369958425,29.018850963550005,30,0.9833322343200546,0.7382240459985303,0.24796935980384374,74.97767919583961,20.07264049970101,{}
tune,adversarial,hetero,high,binpack,4,1.3,1.3410548013463,0.7680653242637284,1.3410548013463,28.221910601286684,50.0,8.0,12.0,1452,1452,0,1114,786,328,338,0.7672176308539945,0.5413223140495868,15.72,10.425818803410902,28.562956940769546,20.422954905236285,37.836484567540346,2.0552348357096286,3.8389050416368633,0.9062469071216371,0.6507551958124257,246.2535351802305,28.844752363385833,30,0.9762265236208252,0.5286018151268143,0.44762470849401104,79.57329278411513,18.247328333380928,{}
tune,adversarial,hetero,high,binpack,5,1.3,1.3292304517175093,0.8701224707154431,1.3292304517175093,31.112652195240848,50.0,8.0,12.0,1577,1577,0,1180,810,370,397,0.7482561826252377,0.5136334812935954,16.2,11.817099689339189,27.27488345811355,21.875383127985785,37.09533690253991,2.1890181988939457,3.687871841739809,0.9065532461548382,0.7080852607391971,305.1363117719361,29.072934887611346,30,0.9867841420196111,0.7769111100135775,0.2098730320060336,78.24435878652596,20.154807636708075,{}
tune,adversarial,hetero,high,binpack,6,1.3,1.2479291836450814,0.7324953703443002,1.2479291836450814,30.485704153529973,50.0,8.0,12.0,1476,1476,0,1214,896,318,262,0.8224932249322493,0.6070460704607046,17.92,8.48167609281923,24.272875565044743,18.4310880005108,33.91630601233214,1.8679234732074197,3.5500998344445964,0.9125869317169422,0.6348579702254247,219.2129196710608,28.96166131757302,30,0.9779534591113332,0.3839929108797039,0.5939605482316294,73.43846810114408,20.098458453234073,{}
tune,adversarial,hetero,high,binpack,7,1.3,1.3444464829434004,0.7485945114683022,1.3444464829434004,29.145767454814816,50.0,8.0,12.0,1506,1506,0,1152,816,336,354,0.7649402390438247,0.5418326693227091,16.32,10.54693460562346,27.93163486114397,20.549532247923263,37.833527338038095,2.0692696502587142,3.8400634739187183,0.913042846351397,0.6339726397197084,257.3837330412709,28.975501912221876,30,0.9815994187388657,0.5148668980020001,0.4667325207368656,78.4832420023596,19.188809758326776,{}
tune,adversarial,hetero,high,binpack,8,1.3,1.3361255113487072,0.6724071572232357,1.3361255113487072,26.82518848774176,50.0,8.0,12.0,1379,1379,0,1080,781,299,299,0.7831762146482959,0.5663524292965917,15.62,9.980557500249581,30.70781428928585,19.98590759382738,39.77405650917597,2.0144282658963486,4.027722901938995,0.9027424668607555,0.5772611967501686,227.4893952341507,29.078633720847925,30,0.9755595044394789,0.4070916784951903,0.5684678259442887,79.24107226456991,17.402591365697297,{}
tune,adversarial,hetero,high,binpack,9,1.3,1.3234814770845007,0.7965927032654323,1.3234814770845007,30.113296046742075,50.0,8.0,12.0,1535,1535,0,1192,851,341,343,0.7765472312703583,0.5543973941368078,17.02,10.860366440631768,28.59355193038565,20.859560614627025,38.15497692490112,2.1006219598672877,3.936333225258145,0.9134111295779043,0.6792366490274834,279.3453703815364,28.913727006630605,30,0.9797657384409634,0.4991078551113507,0.48065788332961273,78.42214372487432,19.573553171221477,{}
