split,family,cluster_config,load,policy,seed,target_rho,realized_rho_cpu,realized_rho_ram,realized_rho,arrival_rate,observation_horizon,duration_min,duration_max,submitted,feasible_jobs,permanently_infeasible,started_by_horizon,completed_by_horizon,running_at_horizon,queued_at_horizon,admission_ratio_horizon,completion_ratio_horizon,throughput_horizon,mean_wait_time,p95_wait_time,mean_turnaround_time,p95_turnaround_time,mean_slowdown,p95_slowdown,time_weighted_cpu_utilization,time_weighted_ram_utilization,time_weighted_queue_length,time_weighted_active_nodes,horizon_active_nodes,horizon_cpu_utilization,horizon_ram_utilization,horizon_free_imbalance,makespan,drained_throughput,params
test,ram_heavy,homog,low,binpack,1000,0.7,0.41731343763061146,0.7156385304031176,0.7156385304031176,18.16216216216216,50.0,8.0,12.0,933,933,0,933,755,178,0,1.0,0.8092175777063236,15.1,0.0,0.0,9.951157900955277,11.769708343653598,1.0,1.0000000000000002,0.3743744471904751,0.6422247859434336,0.0,21.462379604522166,24,0.38819444444444445,0.6722916666666666,0.2840972222222222,61.675278843416855,15.12761705332099,{}
test,ram_heavy,homog,low,spread,1000,0.7,0.41731343763061146,0.7156385304031176,0.7156385304031176,18.16216216216216,50.0,8.0,12.0,933,933,0,933,755,178,0,1.0,0.8092175777063236,15.1,0.0,0.0,9.951157900955277,11.769708343653598,1.0,1.0000000000000002,0.3743744471904751,0.6422247859434336,0.0,29.393496258553995,30,0.38819444444444445,0.6722916666666666,0.3236805555555556,61.675278843416855,15.12761705332099,{}
test,ram_heavy,homog,low,tetris,1000,0.7,0.41731343763061146,0.7156385304031176,0.7156385304031176,18.16216216216216,50.0,8.0,12.0,933,933,0,933,755,178,0,1.0,0.8092175777063236,15.1,0.0,0.0,9.951157900955277,11.769708343653598,1.0,1.0000000000000002,0.3743744471904751,0.6422247859434336,0.0,29.27344837235556,30,0.38819444444444445,0.6722916666666666,0.2840972222222222,61.675278843416855,15.12761705332099,{}
test,ram_heavy,homog,low,hybrid,1000,0.7,0.41731343763061146,0.7156385304031176,0.7156385304031176,18.16216216216216,50.0,8.0,12.0,933,933,0,933,755,178,0,1.0,0.8092175777063236,15.1,0.0,0.0,9.951157900955277,11.769708343653598,1.0,1.0000000000000002,0.3743744471904751,0.6422247859434336,0.0,28.512133768639195,30,0.38819444444444445,0.6722916666666666,0.2854861111111111,61.675278843416855,15.12761705332099,"{'alpha': 0.1, 'beta': 0.9, 'gamma': 0.0, 'source': 'phase3_tuning'}"
test,ram_heavy,homog,low,binpack,1001,0.7,0.40846233444297275,0.6981670812484924,0.6981670812484924,18.16216216216216,50.0,8.0,12.0,906,906,0,906,728,178,0,1.0,0.8035320088300221,14.56,0.0,0.0,9.991686860758616,11.779019480726383,1.0,1.0000000000000004,0.3685050910663734,0.6277920133134238,0.0,21.155232818225873,22,0.39913194444444444,0.6876041666666667,0.28847222222222224,61.322852450857894,14.77426381504413,{}
test,ram_heavy,homog,low,spread,1001,0.7,0.40846233444297275,0.6981670812484924,0.6981670812484924,18.16216216216216,50.0,8.0,12.0,906,906,0,906,728,178,0,1.0,0.8035320088300221,14.56,0.0,0.0,9.991686860758616,11.779019480726383,1.0,1.0000000000000004,0.3685050910663734,0.6277920133134238,0.0,29.52808979132214,30,0.39913194444444444,0.6876041666666667,0.30666666666666664,61.322852450857894,14.77426381504413,{}
test,ram_heavy,homog,low,tetris,1001,0.7,0.40846233444297275,0.6981670812484924,0.6981670812484924,18.16216216216216,50.0,8.0,12.0,906,906,0,906,728,178,0,1.0,0.8035320088300221,14.56,0.0,0.0,9.991686860758616,11.779019480726383,1.0,1.0000000000000004,0.3685050910663734,0.6277920133134238,0.0,29.253142116983568,30,0.39913194444444444,0.6876041666666667,0.2884722222222222,61.322852450857894,14.77426381504413,{}
test,ram_heavy,homog,low,hybrid,1001,0.7,0.40846233444297275,0.6981670812484924,0.6981670812484924,18.16216216216216,50.0,8.0,12.0,906,906,0,906,728,178,0,1.0,0.8035320088300221,14.56,0.0,0.0,9.991686860758616,11.779019480726383,1.0,1.0000000000000004,0.3685050910663734,0.6277920133134238,0.0,28.245255335278156,30,0.39913194444444444,0.6876041666666667,0.28847222222222224,61.322852450857894,14.77426381504413,"{'alpha': 0.1, 'beta': 0.9, 'gamma': 0.0, 'source': 'phase3_tuning'}"
test,ram_heavy,homog,low,binpack,1002,0.7,0.40546332217015046,0.6901420918649721,0.6901420918649721,18.16216216216216,50.0,8.0,12.0,898,898,0,898,713,185,0,1.0,0.7939866369710468,14.26,0.0,0.0,9.96497887953012,11.794645595876796,1.0,1.0000000000000004,0.36626713869051924,0.6208647063233078,0.0,20.584206441672023,25,0.4154513888888889,0.7298958333333334,0.31444444444444447,61.36692098819273,14.633290794771652,{}
test,ram_heavy,homog,low,spread,1002,0.7,0.40546332217015046,0.6901420918649721,0.6901420918649721,18.16216216216216,50.0,8.0,12.0,898,898,0,898,713,185,0,1.0,0.7939866369710468,14.26,0.0,0.0,9.96497887953012,11.794645595876796,1.0,1.0000000000000004,0.36626713869051924,0.6208647063233078,0.0,29.568375496006333,30,0.4154513888888889,0.7298958333333334,0.32,61.36692098819273,14.633290794771652,{}
test,ram_heavy,homog,low,tetris,1002,0.7,0.40546332217015046,0.6901420918649721,0.6901420918649721,18.16216216216216,50.0,8.0,12.0,898,898,0,898,713,185,0,1.0,0.7939866369710468,14.26,0.0,0.0,9.96497887953012,11.794645595876796,1.0,1.0000000000000004,0.36626713869051924,0.6208647063233078,0.0,29.532486344566745,30,0.4154513888888889,0.7298958333333334,0.31444444444444447,61.36692098819273,14.633290794771652,{}
test,ram_heavy,homog,low,hybrid,1002,0.7,0.40546332217015046,0.6901420918649721,0.6901420918649721,18.16216216216216,50.0,8.0,12.0,898,898,0,898,713,185,0,1.0,0.7939866369710468,14.26,0.0,0.0,9.96497887953012,11.794645595876796,1.0,1.0000000000000004,0.36626713869051924,0.6208647063233078,0.0,28.891622718684353,30,0.4154513888888889,0.7298958333333334,0.3152777777777778,61.36692098819273,14.633290794771652,"{'alpha': 0.1, 'beta': 0.9, 'gamma': 0.0, 'source': 'phase3_tuning'}"
test,ram_heavy,homog,low,binpack,1003,0.7,0.3877344172246057,0.659284327208113,0.659284327208113,18.16216216216216,50.0,8.0,12.0,857,857,0,857,664,193,0,1.0,0.7747957992998833,13.28,0.0,0.0,9.988785069534627,11.832042282236934,1.0,1.0000000000000004,0.34515113649729523,0.5875239667964789,0.0,19.521142020669018,25,0.4314236111111111,0.7307291666666667,0.2997222222222222,61.095949782260554,14.027116413678101,{}
test,ram_heavy,homog,low,spread,1003,0.7,0.3877344172246057,0.659284327208113,0.659284327208113,18.16216216216216,50.0,8.0,12.0,857,857,0,857,664,193,0,1.0,0.7747957992998833,13.28,0.0,0.0,9.988785069534627,11.832042282236934,1.0,1.0000000000000004,0.34515113649729523,0.5875239667964789,0.0,29.598978517829377,30,0.4314236111111111,0.7307291666666667,0.32069444444444445,61.095949782260554,14.027116413678101,{}
test,ram_heavy,homog,low,tetris,1003,0.7,0.3877344172246057,0.659284327208113,0.659284327208113,18.16216216216216,50.0,8.0,12.0,857,857,0,857,664,193,0,1.0,0.7747957992998833,13.28,0.0,0.0,9.988785069534627,11.832042282236934,1.0,1.0000000000000004,0.34515113649729523,0.5875239667964789,0.0,29.410652713947307,30,0.4314236111111111,0.7307291666666667,0.29930555555555555,61.095949782260554,14.027116413678101,{}
test,ram_heavy,homog,low,hybrid,1003,0.7,0.3877344172246057,0.659284327208113,0.659284327208113,18.16216216216216,50.0,8.0,12.0,857,857,0,857,664,193,0,1.0,0.7747957992998833,13.28,0.0,0.0,9.988785069534627,11.832042282236934,1.0,1.0000000000000004,0.34515113649729523,0.5875239667964789,0.0,28.81715591628475,30,0.4314236111111111,0.7307291666666667,0.3012499999999999,61.095949782260554,14.027116413678101,"{'alpha': 0.1, 'beta': 0.9, 'gamma': 0.0, 'source': 'phase3_tuning'}"
test,ram_heavy,homog,low,binpack,1004,0.7,0.40701635861390845,0.6945591567048465,0.6945591567048465,18.16216216216216,50.0,8.0,12.0,901,901,0,901,736,165,0,1.0,0.8168701442841287,14.72,0.0,0.0,10.030642464689317,11.793377922357998,1.0,1.0000000000000004,0.36896782944063294,0.6322552830961926,0.0,21.046456721216476,22,0.3859375,0.6465625,0.260625,61.437221582221284,14.665376734105624,{}
test,ram_heavy,homog,low,spread,1004,0.7,0.40701635861390845,0.6945591567048465,0.6945591567048465,18.16216216216216,50.0,8.0,12.0,901,901,0,901,736,165,0,1.0,0.8168701442841287,14.72,0.0,0.0,10.030642464689317,11.793377922357998,1.0,1.0000000000000004,0.36896782944063294,0.6322552830961926,0.0,29.37283334685156,30,0.3859375,0.6465625,0.2764583333333333,61.437221582221284,14.665376734105624,{}
test,ram_heavy,homog,low,tetris,1004,0.7,0.40701635861390845,0.6945591567048465,0.6945591567048465,18.16216216216216,50.0,8.0,12.0,901,901,0,901,736,165,0,1.0,0.8168701442841287,14.72,0.0,0.0,10.030642464689317,11.793377922357998,1.0,1.0000000000000004,0.36896782944063294,0.6322552830961926,0.0,29.254014764588987,30,0.3859375,0.6465625,0.260625,61.437221582221284,14.665376734105624,{}
test,ram_heavy,homog,low,hybrid,1004,0.7,0.40701635861390845,0.6945591567048465,0.6945591567048465,18.16216216216216,50.0,8.0,12.0,901,901,0,901,736,165,0,1.0,0.8168701442841287,14.72,0.0,0.0,10.030642464689317,11.793377922357998,1.0,1.0000000000000004,0.36896782944063294,0.6322552830961926,0.0,28.392437175868984,30,0.3859375,0.6465625,0.2621527777777778,61.437221582221284,14.665376734105624,"{'alpha': 0.1, 'beta': 0.9, 'gamma': 0.0, 'source': 'phase3_tuning'}"
test,ram_heavy,homog,low,binpack,1005,0.7,0.40928338369288614,0.7004557456689392,0.7004557456689392,18.16216216216216,50.0,8.0,12.0,907,907,0,907,726,181,0,1.0,0.8004410143329658,14.52,0.0,0.0,10.001283003365106,11.778912526711522,1.0,1.0000000000000004,0.36969686292753035,0.6309919062786709,0.0,21.23310247120519,22,0.38298611111111114,0.6754166666666667,0.2924305555555556,61.086646529936885,14.847762179177804,{}
test,ram_heavy,homog,low,spread,1005,0.7,0.40928338369288614,0.7004557456689392,0.7004557456689392,18.16216216216216,50.0,8.0,12.0,907,907,0,907,726,181,0,1.0,0.8004410143329658,14.52,0.0,0.0,10.001283003365106,11.778912526711522,1.0,1.0000000000000004,0.36969686292753035,0.6309919062786709,0.0,29.468790867738175,30,0.38298611111111114,0.6754166666666667,0.30520833333333336,61.086646529936885,14.847762179177804,{}
test,ram_heavy,homog,low,tetris,1005,0.7,0.40928338369288614,0.7004557456689392,0.7004557456689392,18.16216216216216,50.0,8.0,12.0,907,907,0,907,726,181,0,1.0,0.8004410143329658,14.52,0.0,0.0,10.001283003365106,11.778912526711522,1.0,1.0000000000000004,0.36969686292753035,0.6309919062786709,0.0,29.43905696816804,30,0.38298611111111114,0.6754166666666667,0.2924305555555556,61.086646529936885,14.847762179177804,{}
test,ram_heavy,homog,low,hybrid,1005,0.7,0.40928338369288614,0.7004557456689392,0.7004557456689392,18.16216216216216,50.0,8.0,12.0,907,907,0,907,726,181,0,1.0,0.8004410143329658,14.52,0.0,0.0,10.001283003365106,11.778912526711522,1.0,1.0000000000000004,0.36969686292753035,0.6309919062786709,0.0,28.927458876603374,30,0.38298611111111114,0.6754166666666667,0.2928472222222222,61.086646529936885,14.847762179177804,"{'alpha': 0.1, 'beta': 0.9, 'gamma': 0.0, 'source': 'phase3_tuning'}"
test,ram_heavy,homog,low,binpack,1006,0.7,0.4123706380886434,0.702431575082144,0.702431575082144,18.16216216216216,50.0,8.0,12.0,911,911,0,911,728,183,0,1.0,0.7991218441273326,14.56,0.0,0.0,10.008302534537188,11.801850658465131,1.0,1.0000000000000002,0.3697076318233469,0.6306283466730523,0.0,20.919530554648762,22,0.39010416666666664,0.6878124999999999,0.29770833333333335,61.16683416701767,14.89369218476291,{}
test,ram_heavy,homog,low,spread,1006,0.7,0.4123706380886434,0.702431575082144,0.702431575082144,18.16216216216216,50.0,8.0,12.0,911,911,0,911,728,183,0,1.0,0.7991218441273326,14.56,0.0,0.0,10.008302534537188,11.801850658465131,1.0,1.0000000000000002,0.3697076318233469,0.6306283466730523,0.0,29.601032739386554,30,0.39010416666666664,0.6878124999999999,0.30451388888888886,61.16683416701767,14.89369218476291,{}
test,ram_heavy,homog,low,tetris,1006,0.7,0.4123706380886434,0.702431575082144,0.702431575082144,18.16216216216216,50.0,8.0,12.0,911,911,0,911,728,183,0,1.0,0.7991218441273326,14.56,0.0,0.0,10.008302534537188,11.801850658465131,1.0,1.0000000000000002,0.3697076318233469,0.6306283466730523,0.0,29.44968285798148,30,0.39010416666666664,0.6878124999999999,0.2977083333333333,61.16683416701767,14.89369218476291,{}
test,ram_heavy,homog,low,hybrid,1006,0.7,0.4123706380886434,0.702431575082144,0.702431575082144,18.16216216216216,50.0,8.0,12.0,911,911,0,911,728,183,0,1.0,0.7991218441273326,14.56,0.0,0.0,10.008302534537188,11.801850658465131,1.0,1.0000000000000002,0.3697076318233469,0.6306283466730523,0.0,28.69509546868163,30,0.39010416666666664,0.6878124999999999,0.29951388888888886,61.16683416701767,14.89369218476291,"{'alpha': 0.1, 'beta': 0.9, 'gamma': 0.0, 'source': 'phase3_tuning'}"
test,ram_heavy,homog,low,binpack,1007,0.7,0.4354623750657529,0.7454426367094499,0.7454426367094499,18.16216216216216,50.0,8.0,12.0,965,965,0,965,768,197,0,1.0,0.7958549222797927,15.36,0.0,0.0,10.024224828539825,11.862743449811,1.0,1.0000000000000004,0.39530912312421007,0.6795484270916856,0.0,22.32560903118854,28,0.4618055555555555,0.7552083333333334,0.29548611111111106,61.352217601461405,15.728852806406362,{}
test,ram_heavy,homog,low,spread,1007,0.7,0.4354623750657529,0.7454426367094499,0.7454426367094499,18.16216216216216,50.0,8.0,12.0,965,965,0,965,768,197,0,1.0,0.7958549222797927,15.36,0.00020193503610660096,0.0,10.024426763575931,11.862743449811,1.0000196739798795,1.0000000000000004,0.39529829716255216,0.6795224447837066,0.0038973461968573988,29.431053351563058,30,0.4618055555555555,0.7552083333333334,0.3099305555555556,61.352217601461405,15.728852806406362,{}
test,ram_heavy,homog,low,tetris,1007,0.7,0.4354623750657529,0.7454426367094499,0.7454426367094499,18.16216216216216,50.0,8.0,12.0,965,965,0,965,768,197,0,1.0,0.7958549222797927,15.36,0.0006492557318241781,0.0,10.02487408427165,11.862743449811,1.0000668073949766,1.0000000000000004,0.39527431580303174,0.6794648895208576,0.012530635624206638,29.176283912578864,30,0.4618055555555555,0.7552083333333334,0.29340277777777773,61.352217601461405,15.728852806406362,{}
test,ram_heavy,homog,low,hybrid,1007,0.7,0.4354623750657529,0.7454426367094499,0.7454426367094499,18.16216216216216,50.0,8.0,12.0,965,965,0,965,768,197,0,1.0,0.7958549222797927,15.36,0.00016427911870470853,0.0,10.02438910765853,11.862743449811,1.0000165053807608,1.0000000000000004,0.395300315938124,0.679527289845079,0.0031705869910008742,28.361970880914868,30,0.4618055555555555,0.7552083333333334,0.2934027777777778,61.352217601461405,15.728852806406362,"{'alpha': 0.1, 'beta': 0.9, 'gamma': 0.0, 'source': 'phase3_tuning'}"
test,ram_heavy,homog,low,binpack,1008,0.7,0.4036128620513588,0.6891865472791138,0.6891865472791138,18.16216216216216,50.0,8.0,12.0,893,893,0,893,717,176,0,1.0,0.8029115341545353,14.34,0.0,0.0,9.981440821631924,11.78879446054411,1.0,1.0000000000000004,0.3671679949464719,0.6229879787507098,0.0,20.76413708730507,24,0.3815972222222222,0.6627083333333333,0.28111111111111114,61.69811887233479,14.473698976913507,{}
test,ram_heavy,homog,low,spread,1008,0.7,0.4036128620513588,0.6891865472791138,0.6891865472791138,18.16216216216216,50.0,8.0,12.0,893,893,0,893,717,176,0,1.0,0.8029115341545353,14.34,0.0,0.0,9.981440821631924,11.78879446054411,1.0,1.0000000000000004,0.3671679949464719,0.6229879787507098,0.0,29.544922369688564,30,0.3815972222222222,0.6627083333333333,0.28111111111111114,61.69811887233479,14.473698976913507,{}
test,ram_heavy,homog,low,tetris,1008,0.7,0.4036128620513588,0.6891865472791138,0.6891865472791138,18.16216216216216,50.0,8.0,12.0,893,893,0,893,717,176,0,1.0,0.8029115341545353,14.34,0.0,0.0,9.981440821631924,11.78879446054411,1.0,1.0000000000000004,0.3671679949464719,0.6229879787507098,0.0,29.193734142021494,30,0.3815972222222222,0.6627083333333333,0.28111111111111114,61.69811887233479,14.473698976913507,{}
test,ram_heavy,homog,low,hybrid,1008,0.7,0.4036128620513588,0.6891865472791138,0.6891865472791138,18.16216216216216,50.0,8.0,12.0,893,893,0,893,717,176,0,1.0,0.8029115341545353,14.34,0.0,0.0,9.981440821631924,11.78879446054411,1.0,1.0000000000000004,0.3671679949464719,0.6229879787507098,0.0,28.30747732355524,30,0.3815972222222222,0.6627083333333333,0.28111111111111114,61.69811887233479,14.473698976913507,"{'alpha': 0.1, 'beta': 0.9, 'gamma': 0.0, 'source': 'phase3_tuning'}"
test,ram_heavy,homog,low,binpack,1009,0.7,0.42291127359226677,0.72272450041129,0.72272450041129,18.16216216216216,50.0,8.0,12.0,936,936,0,936,747,189,0,1.0,0.7980769230769231,14.94,0.0,0.0,10.004427694850222,11.837471450338498,1.0,1.0000000000000004,0.379303369885792,0.6546283843986003,0.0,21.907467206420993,24,0.4192708333333333,0.6640625,0.24479166666666666,61.668250968268026,15.177988434950548,{}
test,ram_heavy,homog,low,spread,1009,0.7,0.42291127359226677,0.72272450041129,0.72272450041129,18.16216216216216,50.0,8.0,12.0,936,936,0,936,747,189,0,1.0,0.7980769230769231,14.94,0.0,0.0,10.004427694850222,11.837471450338498,1.0,1.0000000000000004,0.379303369885792,0.6546283843986003,0.0,29.5628650820713,30,0.4192708333333333,0.6640625,0.2646527777777778,61.668250968268026,15.177988434950548,{}
test,ram_heavy,homog,low,tetris,1009,0.7,0.42291127359226677,0.72272450041129,0.72272450041129,18.16216216216216,50.0,8.0,12.0,936,936,0,936,747,189,0,1.0,0.7980769230769231,14.94,0.0,0.0,10.004427694850222,11.837471450338498,1.0,1.0000000000000004,0.379303369885792,0.6546283843986003,0.0,29.494995735099383,30,0.4192708333333333,0.6640625,0.24479166666666666,61.668250968268026,15.177988434950548,{}
test,ram_heavy,homog,low,hybrid,1009,0.7,0.42291127359226677,0.72272450041129,0.72272450041129,18.16216216216216,50.0,8.0,12.0,936,936,0,936,747,189,0,1.0,0.7980769230769231,14.94,0.0,0.0,10.004427694850222,11.837471450338498,1.0,1.0000000000000004,0.379303369885792,0.6546283843986003,0.0,28.497617326574126,30,0.4192708333333333,0.6640625,0.24479166666666666,61.668250968268026,15.177988434950548,"{'alpha': 0.1, 'beta': 0.9, 'gamma': 0.0, 'source': 'phase3_tuning'}"
test,ram_heavy,homog,med,binpack,1000,1.0,0.6199978099879347,1.0572252889612088,1.0572252889612088,25.945945945945944,50.0,8.0,12.0,1375,1375,0,1289,1031,258,86,0.9374545454545454,0.7498181818181818,20.62,1.0479381850946057,4.862852546122184,11.023954642516589,14.728599158596857,1.106788074417033,1.4616164903499884,0.5179299721710804,0.8893158190022398,25.659480081349553,27.281695026481835,30,0.5786458333333333,0.9840625000000001,0.40541666666666665,64.95004351523784,21.170116686333138,{}
test,ram_heavy,homog,med,spread,1000,1.0,0.6199978099879347,1.0572252889612088,1.0572252889612088,25.945945945945944,50.0,8.0,12.0,1375,1375,0,1289,1029,260,86,0.9374545454545454,0.7483636363636363,20.58,1.075378716158483,5.154491351150149,11.051395173580469,14.83204738206787,1.1096347160692714,1.4878885985277932,0.5177295110370548,0.8880265947512593,26.50786250112376,29.57544738098777,30,0.5852430555555556,0.9873958333333334,0.40215277777777775,65.26982377399231,21.066396697517792,{}
test,ram_heavy,homog,med,tetris,1000,1.0,0.6199978099879347,1.0572252889612088,1.0572252889612088,25.945945945945944,50.0,8.0,12.0,1375,1375,0,1291,1029,262,84,0.9389090909090909,0.7483636363636363,20.58,1.1107900125981007,5.321276856500674,11.086806470020086,15.03104481140955,1.1132804727046257,1.4955460337008906,0.5168780947965818,0.8859672169162234,27.307940253872292,29.39876161113408,30,0.5736111111111111,0.9891666666666666,0.41555555555555557,65.43346444394255,21.013712351696967,{}
test,ram_heavy,homog,med,hybrid,1000,1.0,0.6199978099879347,1.0572252889612088,1.0572252889612088,25.945945945945944,50.0,8.0,12.0,1375,1375,0,1288,1029,259,87,0.9367272727272727,0.7483636363636363,20.58,1.093688335846349,4.575695842587379,11.069704793268333,14.82800549139607,1.111303611853895,1.4870584791101067,0.5170416184678323,0.8879878590343955,26.701842494225126,29.000080110621834,30,0.5762152777777777,0.9876041666666667,0.4113888888888889,65.03867254656944,21.14126789742615,"{'alpha': 0.1, 'beta': 0.9, 'gamma': 0.0, 'source': 'phase3_tuning'}"
test,ram_heavy,homog,med,binpack,1001,1.0,0.5786931544757273,0.9853462954623058,0.9853462954623058,25.945945945945944,50.0,8.0,12.0,1279,1279,0,1258,1010,248,21,0.983580922595778,0.7896794370602033,20.2,0.2909937470203667,1.2279742713098685,10.30559398436553,12.168128487812956,1.0296259772150702,1.1282429362440787,0.5124757884585588,0.8647361728568095,7.188514945230731,26.9364486291397,30,0.5565972222222223,0.9670833333333333,0.4104861111111111,62.73492712644105,20.387367270263976,{}
test,ram_heavy,homog,med,spread,1001,1.0,0.5786931544757273,0.9853462954623058,0.9853462954623058,25.945945945945944,50.0,8.0,12.0,1279,1279,0,1258,1010,248,21,0.983580922595778,0.7896794370602033,20.2,0.3374340503887676,1.5342119223268398,10.35203428773393,12.262923015170745,1.0342607943995081,1.158501893620388,0.5116912432132128,0.8629138590736889,8.347863987622347,29.66966285392546,30,0.5576388888888889,0.9695833333333332,0.4119444444444444,62.837542283286474,20.354074228969143,{}
test,ram_heavy,homog,med,tetris,1001,1.0,0.5786931544757273,0.9853462954623058,0.9853462954623058,25.945945945945944,50.0,8.0,12.0,1279,1279,0,1257,1009,248,22,0.9827990617670055,0.7888975762314308,20.18,0.3495133269339821,1.4706117063500983,10.364113564279146,12.385991116786911,1.0354905341623875,1.1522163685192361,0.5114992360972811,0.8624253482956467,8.61270710662634,29.516450824173585,30,0.5576388888888889,0.9695833333333332,0.4119444444444445,62.94794910774203,20.31837443680424,{}
test,ram_heavy,homog,med,hybrid,1001,1.0,0.5786931544757273,0.9853462954623058,0.9853462954623058,25.945945945945944,50.0,8.0,12.0,1279,1279,0,1254,1009,245,25,0.980453479280688,0.7888975762314308,20.18,0.3462501667222012,1.594540772121043,10.360850404067365,12.336986642784709,1.0352258942735681,1.1591353111596443,0.5113113753825934,0.8620499999384292,8.508486091400549,29.001441587168987,30,0.5524305555555556,0.9570833333333333,0.40465277777777775,62.885202189409306,20.338648131362778,"{'alpha': 0.1, 'beta': 0.9, 'gamma': 0.0, 'source': 'phase3_tuning'}"
test,ram_heavy,homog,med,binpack,1002,1.0,0.5845884342515016,0.9996979837360568,0.9996979837360568,25.945945945945944,50.0,8.0,12.0,1306,1306,0,1286,1032,254,20,0.9846860643185299,0.7901990811638591,20.64,0.284297836764967,1.3244996899337949,10.240203472811439,12.156714673727098,1.0292206344245056,1.1348274521290829,0.5212365592696049,0.8833392256631727,7.252643047422797,27.371529986646703,30,0.5696180555555556,0.9686458333333333,0.39902777777777776,62.660938528752936,20.842330655496355,{}
test,ram_heavy,homog,med,spread,1002,1.0,0.5845884342515016,0.9996979837360568,0.9996979837360568,25.945945945945944,50.0,8.0,12.0,1306,1306,0,1288,1030,258,18,0.9862174578866769,0.7886676875957122,20.6,0.3625688304470062,1.5534884381512555,10.318474466493479,12.256360135555001,1.0372607671327787,1.1554959676404886,0.5197347148214796,0.8807094683334946,9.2189776011,29.697862847204377,30,0.5744791666666667,0.9803125,0.4058333333333333,63.04073466996151,20.716763642386617,{}
test,ram_heavy,homog,med,tetris,1002,1.0,0.5845884342515016,0.9996979837360568,0.9996979837360568,25.945945945945944,50.0,8.0,12.0,1306,1306,0,1287,1030,257,19,0.9854517611026034,0.7886676875957122,20.6,0.35765151319915306,1.732480053597392,10.313557149245627,12.279344612524113,1.0367842114853942,1.1728729660490878,0.5200585967647369,0.8807249091943309,9.044041989456748,29.56447006660486,30,0.5706597222222223,0.9711458333333333,0.40048611111111115,63.152308010263155,20.680162628225027,{}
test,ram_heavy,homog,med,hybrid,1002,1.0,0.5845884342515016,0.9996979837360568,0.9996979837360568,25.945945945945944,50.0,8.0,12.0,1306,1306,0,1285,1028,257,21,0.9839203675344563,0.7871362940275651,20.56,0.3770291960590602,1.6725200595162804,10.332934832105533,12.338539119656769,1.038803736154677,1.1683499620525375,0.519482326508918,0.8797880097200581,9.534052782094868,29.05370695025817,30,0.5706597222222223,0.9711458333333333,0.4004861111111111,63.11544316129058,20.69224162242728,"{'alpha': 0.1, 'beta': 0.9, 'gamma': 0.0, 'source': 'phase3_tuning'}"
test,ram_heavy,homog,med,binpack,1003,1.0,0.5583700916417649,0.9557743984789168,0.9557743984789168,25.945945945945944,50.0,8.0,12.0,1238,1238,0,1228,968,260,10,0.9919224555735057,0.7819063004846527,19.36,0.26212751446267313,1.1973420192416668,10.258032503658523,12.201247444545103,1.0265036053365126,1.1253064669428394,0.48910091156347596,0.8432038045610512,6.44060197116953,26.394636603129953,30,0.6144097222222222,0.9823958333333334,0.36840277777777775,61.958929330880125,19.980977937638198,{}
test,ram_heavy,homog,med,spread,1003,1.0,0.5583700916417649,0.9557743984789168,0.9557743984789168,25.945945945945944,50.0,8.0,12.0,1238,1238,0,1225,966,259,13,0.9894991922455574,0.7802907915993538,19.32,0.28587598727203106,1.1099952225357086,10.28178097646788,12.30906305386074,1.0287874080838662,1.1193927706357802,0.4883240522535469,0.841817608325152,6.989695619302092,29.719284962480533,30,0.6079861111111111,0.9747916666666666,0.36680555555555555,62.21397975218022,19.899064566057046,{}
test,ram_heavy,homog,med,tetris,1003,1.0,0.5583700916417649,0.9557743984789168,0.9557743984789168,25.945945945945944,50.0,8.0,12.0,1238,1238,0,1223,964,259,15,0.9878836833602584,0.778675282714055,19.28,0.30529490241868384,1.4029630514303264,10.301199891614534,12.361541669647316,1.030765700759317,1.15021047463267,0.48786512975417856,0.8406971546431378,7.459452395423694,29.6366530981467,30,0.6074652777777777,0.9813541666666666,0.3738888888888889,62.19164526123765,19.906210790850576,{}
test,ram_heavy,homog,med,hybrid,1003,1.0,0.5583700916417649,0.9557743984789168,0.9557743984789168,25.945945945945944,50.0,8.0,12.0,1238,1238,0,1224,967,257,14,0.9886914378029079,0.7810985460420032,19.34,0.29810928528773184,1.530317081707416,10.294014274483581,12.364156321678955,1.0301048972781908,1.1551159045476294,0.48778045449659346,0.8405059984444503,7.27186874443434,29.09460326835806,30,0.607638888888889,0.9739583333333334,0.3663194444444444,62.349240770120815,19.855895351868952,"{'alpha': 0.1, 'beta': 0.9, 'gamma': 0.0, 'source': 'phase3_tuning'}"
test,ram_heavy,homog,med,binpack,1004,1.0,0.5773091823309087,0.9799305380436099,0.9799305380436099,25.945945945945944,50.0,8.0,12.0,1270,1270,0,1257,1014,243,13,0.989763779527559,0.7984251968503937,20.28,0.36381531555930713,1.5299950266788933,10.39941120562419,12.30441408598945,1.0374166222605217,1.1572182219691503,0.5125167227668952,0.8664600843034015,9.11757473550908,26.85657591667374,30,0.5567708333333333,0.9753124999999999,0.4189583333333333,62.11117037200584,20.44720768250734,{}
test,ram_heavy,homog,med,spread,1004,1.0,0.5773091823309087,0.9799305380436099,0.9799305380436099,25.945945945945944,50.0,8.0,12.0,1270,1270,0,1251,1008,243,19,0.9850393700787402,0.7937007874015748,20.16,0.41978216025079096,1.7625023934682176,10.455378050315675,12.472054009199738,1.0430841570035096,1.1833160249237866,0.5118021425647274,0.8645146471536258,10.468437837765592,29.560983342796156,30,0.5598958333333334,0.9828125,0.42291666666666666,62.23594418069891,20.40621407321498,{}
test,ram_heavy,homog,med,tetris,1004,1.0,0.5773091823309087,0.9799305380436099,0.9799305380436099,25.945945945945944,50.0,8.0,12.0,1270,1270,0,1251,1009,242,19,0.9850393700787402,0.794488188976378,20.18,0.43424672105729883,1.753513483727808,10.469842611122182,12.453148258639722,1.0445398746046226,1.1781736745677476,0.5112829062471761,0.8637646366618398,10.80433578766435,29.448775519023343,30,0.5581597222222222,0.9786458333333333,0.42048611111111106,62.33993172845076,20.37217502149423,{}
test,ram_heavy,homog,med,hybrid,1004,1.0,0.5773091823309087,0.9799305380436099,0.9799305380436099,25.945945945945944,50.0,8.0,12.0,1270,1270,0,1247,1008,239,23,0.9818897637795275,0.7937007874015748,20.16,0.4243203334974929,1.7604955127412438,10.459916223562375,12.461228985716861,1.0435291992549123,1.1824419125702073,0.5110519447347295,0.8632267424574548,10.513221356022159,28.96113908383008,30,0.5477430555555556,0.9661458333333334,0.41840277777777773,62.421864379762795,20.34543525123762,"{'alpha': 0.1, 'beta': 0.9, 'gamma': 0.0, 'source': 'phase3_tuning'}"
test,ram_heavy,homog,med,binpack,1005,1.0,0.5847113378754177,0.9977178200537904,0.9977178200537904,25.945945945945944,50.0,8.0,12.0,1292,1292,0,1276,1015,261,16,0.9876160990712074,0.7856037151702786,20.3,0.3843362510477573,1.5664558704618443,10.426929158260112,12.37148626000693,1.0390730994276842,1.152189485448971,0.5220450704718509,0.8876933697162959,9.76599169245375,27.30044978874364,30,0.5838541666666667,0.9809375,0.39708333333333334,61.66883072725946,20.950616134009127,{}
test,ram_heavy,homog,med,spread,1005,1.0,0.5847113378754177,0.9977178200537904,0.9977178200537904,25.945945945945944,50.0,8.0,12.0,1292,1292,0,1272,1011,261,20,0.9845201238390093,0.7825077399380805,20.22,0.43442562007966806,1.6485804391159036,10.477018527292023,12.51247343008204,1.0440978827237941,1.1660595731400696,0.5209038530346022,0.8854999609908127,11.020225255244139,29.628153607416724,30,0.5854166666666667,0.98,0.3945833333333333,61.914130876521256,20.867611023672552,{}
test,ram_heavy,homog,med,tetris,1005,1.0,0.5847113378754177,0.9977178200537904,0.9977178200537904,25.945945945945944,50.0,8.0,12.0,1292,1292,0,1270,1011,259,22,0.9829721362229102,0.7825077399380805,20.22,0.46241409864785,1.7955568603094,10.505007005860206,12.527316811310023,1.047023952932498,1.1801780977713772,0.5207340865888056,0.8847762204997791,11.698999527341952,29.598995195344504,30,0.5850694444444444,0.9791666666666666,0.3940972222222222,62.0055688326533,20.83683811508892,{}
test,ram_heavy,homog,med,hybrid,1005,1.0,0.5847113378754177,0.9977178200537904,0.9977178200537904,25.945945945945944,50.0,8.0,12.0,1292,1292,0,1272,1011,261,20,0.9845201238390093,0.7825077399380805,20.22,0.476165278743238,1.7095523767361431,10.518758185955592,12.580563825659475,1.0483609976744512,1.173317140479806,0.5197762300589974,0.8840656000855052,12.068388951192569,29.216491206981413,30,0.5885416666666666,0.9875,0.399375,61.91216987175284,20.868271983945913,"{'alpha': 0.1, 'beta': 0.9, 'gamma': 0.0, 'source': 'phase3_tuning'}"
test,ram_heavy,homog,med,binpack,1006,1.0,0.5798782975802083,0.9920660116854019,0.9920660116854019,25.945945945945944,50.0,8.0,12.0,1287,1287,0,1264,1014,250,23,0.9821289821289821,0.7878787878787878,20.28,0.3478770444959377,1.6260540279553872,10.347374630700717,12.301151827142366,1.0353147774064317,1.1640524820143696,0.5179982876668019,0.8815416912803238,8.738033719261608,27.24233738563947,30,0.5293402777777778,0.9688541666666667,0.43951388888888887,61.81922239122146,20.818767208931416,{}
test,ram_heavy,homog,med,spread,1006,1.0,0.5798782975802083,0.9920660116854019,0.9920660116854019,25.945945945945944,50.0,8.0,12.0,1287,1287,0,1264,1012,252,23,0.9821289821289821,0.7863247863247863,20.24,0.375684508713943,1.8232852373953747,10.375182094918722,12.38776885068252,1.0380826020236853,1.1830559913303582,0.5174785584435727,0.8798794524283768,9.43628606607001,29.720722917570548,30,0.5416666666666666,0.975,0.43333333333333335,62.09191197543752,20.7273372498034,{}
test,ram_heavy,homog,med,tetris,1006,1.0,0.5798782975802083,0.9920660116854019,0.9920660116854019,25.945945945945944,50.0,8.0,12.0,1287,1287,0,1266,1014,252,21,0.9836829836829837,0.7878787878787878,20.28,0.3857621997384925,1.9263886430960397,10.385259785943273,12.404072604108357,1.0391609304581495,1.1990019361952349,0.5172719608115375,0.8793990996088118,9.718102763308693,29.581889195132845,30,0.5369791666666667,0.9715625,0.4345833333333333,62.11280666488633,20.720364593145458,{}
test,ram_heavy,homog,med,hybrid,1006,1.0,0.5798782975802083,0.9920660116854019,0.9920660116854019,25.945945945945944,50.0,8.0,12.0,1287,1287,0,1264,1011,253,23,0.9821289821289821,0.7855477855477856,20.22,0.4120931307431386,1.9261903224708874,10.411590716947918,12.529135356400253,1.0418040228853855,1.193747366959093,0.5171943276616117,0.879376131798934,10.377513093966689,29.15538150949931,30,0.5428819444444444,0.9732291666666666,0.4303472222222222,61.89473862386754,20.793366748360636,"{'alpha': 0.1, 'beta': 0.9, 'gamma': 0.0, 'source': 'phase3_tuning'}"
test,ram_heavy,homog,med,binpack,1007,1.0,0.6111252331863648,1.0439087799527045,1.0439087799527045,25.945945945945944,50.0,8.0,12.0,1348,1348,0,1283,1027,256,65,0.951780415430267,0.7618694362017804,20.54,1.3915593847256338,8.69124585648072,11.418766207789119,18.820738077299772,1.1409979638158327,1.8864896585933753,0.5199270986149355,0.8646880096079066,34.19191742574749,26.545583272037728,30,0.5585069444444444,0.9857291666666667,0.42763888888888885,66.2518280510293,20.346608382816648,{}
test,ram_heavy,homog,med,spread,1007,1.0,0.6111252331863648,1.0439087799527045,1.0439087799527045,25.945945945945944,50.0,8.0,12.0,1348,1348,0,1276,1023,253,72,0.9465875370919882,0.7589020771513353,20.46,1.4763921488735625,8.84316590882922,11.503598971937048,18.92025406411694,1.1495695943085251,1.889604861629973,0.5181169561018579,0.8618979198419214,36.31272823845338,29.60173734609416,30,0.5444444444444444,0.9879166666666667,0.4434722222222222,66.39455811744266,20.30286876246058,{}
test,ram_heavy,homog,med,tetris,1007,1.0,0.6111252331863648,1.0439087799527045,1.0439087799527045,25.945945945945944,50.0,8.0,12.0,1348,1348,0,1280,1025,255,68,0.9495548961424333,0.7603857566765578,20.5,1.4678345508982447,8.949412173372352,11.49504137396173,19.052088322857657,1.1487162492182377,1.89829544273071,0.5182834991856321,0.8612864187514124,35.9709319349597,29.504136118414426,30,0.5526041666666667,0.9871875,0.4345833333333333,66.63646131801296,20.22916543492403,{}
test,ram_heavy,homog,med,hybrid,1007,1.0,0.6111252331863648,1.0439087799527045,1.0439087799527045,25.945945945945944,50.0,8.0,12.0,1348,1348,0,1287,1029,258,61,0.9547477744807121,0.7633531157270029,20.58,1.431194672877573,8.891439821141276,11.458401495941057,18.93513613459033,1.1449929180343619,1.9000512499231208,0.5193223371153504,0.8631416130274459,35.119176940093645,28.816617164610452,30,0.5552083333333333,0.9856250000000001,0.43041666666666667,66.39129735593997,20.303865923466486,"{'alpha': 0.1, 'beta': 0.9, 'gamma': 0.0, 'source': 'phase3_tuning'}"
test,ram_heavy,homog,med,binpack,1008,1.0,0.5917087235868723,1.011717280812046,1.011717280812046,25.945945945945944,50.0,8.0,12.0,1314,1314,0,1289,1024,265,25,0.9809741248097412,0.7792998477929984,20.48,0.4883032980975957,1.8954723714637325,10.483683031456772,12.660953934452074,1.0495164902616057,1.1994245113068962,0.5144233989680681,0.8809561995259605,12.368647960090437,27.11352464152472,30,0.6001736111111111,0.9763541666666666,0.3765972222222222,63.589762188226324,20.663703633779082,{}
test,ram_heavy,homog,med,spread,1008,1.0,0.5917087235868723,1.011717280812046,1.011717280812046,25.945945945945944,50.0,8.0,12.0,1314,1314,0,1282,1017,265,32,0.9756468797564688,0.773972602739726,20.34,0.5803573917122357,2.140756466109586,10.575737125071413,12.811295183894622,1.0588810387841214,1.2186265861232695,0.5127069212370065,0.8778067580246655,14.64987130015133,29.681445658782046,30,0.5949652777777777,0.9763541666666666,0.3813888888888889,64.0176141550499,20.525600920045342,{}
test,ram_heavy,homog,med,tetris,1008,1.0,0.5917087235868723,1.011717280812046,1.011717280812046,25.945945945945944,50.0,8.0,12.0,1314,1314,0,1282,1015,267,32,0.9756468797564688,0.7724505327245054,20.3,0.6146326453204365,2.3677999433299917,10.610012378679615,12.961071386303004,1.0624368654349405,1.2386874635707368,0.5118208667357755,0.876014322293113,15.574566231409484,29.539681284386894,30,0.5953125,0.9771875,0.38187499999999996,64.08512453494293,20.503978256038668,{}
test,ram_heavy,homog,med,hybrid,1008,1.0,0.5917087235868723,1.011717280812046,1.011717280812046,25.945945945945944,50.0,8.0,12.0,1314,1314,0,1284,1016,268,30,0.9771689497716894,0.7732115677321156,20.32,0.5864705511355707,2.128228514900613,10.581850284494747,12.905201450091916,1.0594606262786237,1.210719181873275,0.5125966008952899,0.8771401747274453,14.823626539923978,28.941164631044888,30,0.5986111111111111,0.9804166666666667,0.3818055555555555,64.21509520338489,20.46247842253042,"{'alpha': 0.1, 'beta': 0.9, 'gamma': 0.0, 'source': 'phase3_tuning'}"
test,ram_heavy,homog,med,binpack,1009,1.0,0.595649016798996,1.0195203629523935,1.0195203629523935,25.945945945945944,50.0,8.0,12.0,1319,1319,0,1286,1036,250,33,0.974981046247157,0.7854435178165277,20.72,0.7145309106794938,2.4076478049898355,10.73157567994278,13.35612497386336,1.0722310343330177,1.257027274164359,0.5261655216367742,0.8840041526349488,18.262425760651688,27.150224133905994,30,0.5454861111111111,0.9810416666666666,0.43555555555555553,63.29806806591068,20.837918759646165,{}
test,ram_heavy,homog,med,spread,1009,1.0,0.595649016798996,1.0195203629523935,1.0195203629523935,25.945945945945944,50.0,8.0,12.0,1319,1319,0,1285,1035,250,34,0.9742228961334344,0.7846853677028052,20.7,0.8027589567515863,3.210291763822468,10.819803726014873,13.62571436495088,1.0811366118801882,1.3016598489819526,0.5247106793973041,0.8805876996849891,20.37945312310978,29.69400555744997,30,0.5381944444444444,0.9760416666666667,0.4378472222222222,63.780427877973985,20.680325358173164,{}
test,ram_heavy,homog,med,tetris,1009,1.0,0.595649016798996,1.0195203629523935,1.0195203629523935,25.945945945945944,50.0,8.0,12.0,1319,1319,0,1274,1028,246,45,0.9658832448824868,0.7793783169067475,20.56,0.8725640057102263,2.805735188822183,10.889608774973514,13.807102515366736,1.0882756820634714,1.2913939708780529,0.5227430015366753,0.8774221006435095,22.02523593014912,29.627729869856537,30,0.534375,0.966875,0.4325,63.5114130947975,20.76792084646665,{}
test,ram_heavy,homog,med,hybrid,1009,1.0,0.595649016798996,1.0195203629523935,1.0195203629523935,25.945945945945944,50.0,8.0,12.0,1319,1319,0,1283,1034,249,36,0.9727065959059894,0.7839272175890827,20.68,0.8081512891631054,2.8221013517790148,10.825196058426393,13.607130752169248,1.0817396584969197,1.295543078088075,0.5242503948352389,0.8802559132819495,20.55038254490319,29.016116582175897,30,0.54375,0.9768749999999999,0.4331249999999999,63.41099644348854,20.80080859753535,"{'alpha': 0.1, 'beta': 0.9, 'gamma': 0.0, 'source': 'phase3_tuning'}"
test,ram_heavy,homog,high,binpack,1000,1.3,0.7887227661843687,1.3431693490002372,1.3431693490002372,33.729729729729726,50.0,8.0,12.0,1753,1753,0,1398,1121,277,355,0.7974900171135196,0.6394751853964632,22.42,6.290811677379716,18.294285339132905,16.255441523922368,28.23440849091419,1.6413013137422026,2.832151982252187,0.551727476638754,0.9149921925887248,163.29475662848319,27.83813695985099,30,0.5772569444444444,0.9901041666666667,0.4128472222222222,78.80884899831476,22.24369499467612,{}
test,ram_heavy,homog,high,spread,1000,1.3,0.7887227661843687,1.3431693490002372,1.3431693490002372,33.729729729729726,50.0,8.0,12.0,1753,1753,0,1402,1125,277,351,0.7997718197375927,0.6417569880205363,22.5,6.214955862062277,18.879380251775657,16.17958570860493,28.349825487658862,1.63373028876005,2.8804405024933106,0.5528270043222439,0.9115075841162201,159.8750266688261,29.673421062298303,30,0.5944444444444444,0.9891666666666666,0.39472222222222225,78.79914268094016,22.24643492757204,{}
test,ram_heavy,homog,high,tetris,1000,1.3,0.7887227661843687,1.3431693490002372,1.3431693490002372,33.729729729729726,50.0,8.0,12.0,1753,1753,0,1404,1131,273,349,0.8009127210496292,0.6451796919566457,22.62,6.132363778227604,17.883090125172707,16.096993624770256,28.222093732078278,1.6254490790128604,2.91798187029865,0.5561943503126062,0.9119410423706832,155.60233264013723,29.605037014296776,30,0.6072916666666667,0.98875,0.38145833333333334,78.6907668732474,22.277073532955615,{}
test,ram_heavy,homog,high,hybrid,1000,1.3,0.7887227661843687,1.3431693490002372,1.3431693490002372,33.729729729729726,50.0,8.0,12.0,1753,1753,0,1403,1130,273,350,0.8003422703936109,0.6446092413006275,22.6,6.136004890049587,18.37906338254431,16.100634736592237,28.08519747853125,1.6257279606996742,2.888636079009875,0.5561905423254033,0.9125276706357849,156.78342664821616,29.24745486109159,30,0.6026041666666667,0.9853124999999999,0.3827083333333333,78.60375240165254,22.301734286710026,"{'alpha': 0.1, 'beta': 0.9, 'gamma': 0.0, 'source': 'phase3_tuning'}"
test,ram_heavy,homog,high,binpack,1001,1.3,0.7473272728937034,1.2779278759174397,1.2779278759174397,33.729729729729726,50.0,8.0,12.0,1649,1649,0,1359,1093,266,290,0.8241358399029715,0.6628259551243177,21.86,5.37401654601767,13.093668072425189,15.412114145998432,23.146760297441645,1.5410862988281504,2.2838175234541382,0.5480924759496788,0.9089356485202241,139.58980622193425,27.688712889952804,30,0.576388888888889,0.9864583333333333,0.41006944444444443,76.07427457899686,21.676184349121193,{}
test,ram_heavy,homog,high,spread,1001,1.3,0.7473272728937034,1.2779278759174397,1.2779278759174397,33.729729729729726,50.0,8.0,12.0,1649,1649,0,1363,1088,275,286,0.8265615524560339,0.6597938144329897,21.76,5.38613789297574,13.573219258372937,15.424235492956504,23.690564503358807,1.542306915358742,2.3291247556431496,0.5504331190089338,0.906566904810922,139.81113851784576,29.745894503019617,30,0.5987847222222222,0.9855208333333334,0.3867361111111111,76.1516311284042,21.654165190756245,{}
test,ram_heavy,homog,high,tetris,1001,1.3,0.7473272728937034,1.2779278759174397,1.2779278759174397,33.729729729729726,50.0,8.0,12.0,1649,1649,0,1363,1096,267,286,0.8265615524560339,0.6646452395391146,21.92,5.307171233248335,13.85502388826486,15.345268833229099,23.689402001626966,1.5343568313402194,2.3207832447048427,0.5479483040013856,0.9094338040302202,138.09036156087745,29.48607658241045,30,0.5682291666666667,0.9871875,0.4189583333333333,75.70747288156056,21.78120517349395,{}
test,ram_heavy,homog,high,hybrid,1001,1.3,0.7473272728937034,1.2779278759174397,1.2779278759174397,33.729729729729726,50.0,8.0,12.0,1649,1649,0,1362,1095,267,287,0.8259551243177683,0.664038811400849,21.9,5.321447855594589,13.85502388826486,15.359545455575352,23.547198191649812,1.5358577877673005,2.3207832447048427,0.5482990295705928,0.9084114377220793,138.44485634910131,29.12776309008492,30,0.5770833333333333,0.988125,0.41104166666666664,75.72867501494274,21.77510698126727,"{'alpha': 0.1, 'beta': 0.9, 'gamma': 0.0, 'source': 'phase3_tuning'}"
test,ram_heavy,homog,high,binpack,1002,1.3,0.7656567941338107,1.3096736892738539,1.3096736892738539,33.729729729729726,50.0,8.0,12.0,1701,1701,0,1391,1122,269,310,0.8177542621987066,0.6596119929453262,22.44,5.3008499130399125,16.750111286972682,15.27618499962622,26.599381687388913,1.5362416317439316,2.6251257626986657,0.5505945481571451,0.9171593765204227,137.87840937478146,27.96884484712788,30,0.624826388888889,0.9886458333333333,0.3638194444444444,77.00211655062739,22.090301879970088,{}
test,ram_heavy,homog,high,spread,1002,1.3,0.7656567941338107,1.3096736892738539,1.3096736892738539,33.729729729729726,50.0,8.0,12.0,1701,1701,0,1395,1123,272,306,0.8201058201058201,0.6601998824221046,22.46,5.250854659814632,16.82076313464858,15.226189746400939,26.690735330559058,1.5310967610364037,2.618965445746583,0.5522982066537862,0.9170386557191686,136.3708791472248,29.76758680554185,30,0.6305555555555556,0.9883333333333333,0.35777777777777775,76.95852158586739,22.102815451075017,{}
test,ram_heavy,homog,high,tetris,1002,1.3,0.7656567941338107,1.3096736892738539,1.3096736892738539,33.729729729729726,50.0,8.0,12.0,1701,1701,0,1388,1122,266,313,0.8159905937683716,0.6596119929453262,22.44,5.2621821347585005,16.536854127346267,15.237517221344808,26.325653471551988,1.532166853095688,2.5837380802428784,0.5501146374753901,0.9164961607103669,136.31536899788338,29.76758680554186,30,0.623263888888889,0.9895833333333334,0.3663194444444445,76.92046352350845,22.11375129688526,{}
test,ram_heavy,homog,high,hybrid,1002,1.3,0.7656567941338107,1.3096736892738539,1.3096736892738539,33.729729729729726,50.0,8.0,12.0,1701,1701,0,1387,1121,266,314,0.8154027042915932,0.6590241034685479,22.42,5.27131244144674,16.532395612507614,15.246647528033048,26.3351818776448,1.5330699667752197,2.563297115766569,0.5452365767634084,0.9164964108529416,136.29697839766996,29.38421326813149,30,0.6003472222222223,0.9908333333333333,0.39048611111111114,76.93927163958676,22.108345500957434,"{'alpha': 0.1, 'beta': 0.9, 'gamma': 0.0, 'source': 'phase3_tuning'}"
test,ram_heavy,homog,high,binpack,1003,1.3,0.7398012768135442,1.2618133858115173,1.2618133858115173,33.729729729729726,50.0,8.0,12.0,1635,1635,0,1386,1114,272,249,0.8477064220183487,0.6813455657492354,22.28,3.861281618324025,13.156347505566991,13.853947021851504,22.7946746771418,1.3903579391009517,2.276340723912325,0.5516040301749895,0.9108130821118675,94.44388896860222,27.75959773103843,30,0.6081597222222223,0.9861458333333334,0.37798611111111113,75.00073487516633,21.799786398377925,{}
test,ram_heavy,homog,high,spread,1003,1.3,0.7398012768135442,1.2618133858115173,1.2618133858115173,33.729729729729726,50.0,8.0,12.0,1635,1635,0,1384,1110,274,251,0.8464831804281345,0.6788990825688074,22.2,3.910787383479715,14.772337288969311,13.903452787007195,24.058443466374804,1.3952353918105962,2.37751911927613,0.5492503300925069,0.9073176745291996,96.52944812820151,29.7840653557543,30,0.5949652777777777,0.9857291666666667,0.39118055555555553,75.04755427224949,21.786186316861468,{}
test,ram_heavy,homog,high,tetris,1003,1.3,0.7398012768135442,1.2618133858115173,1.2618133858115173,33.729729729729726,50.0,8.0,12.0,1635,1635,0,1384,1111,273,251,0.8464831804281345,0.6795107033639144,22.22,3.9836755857378754,13.753815159161313,13.976340989265355,23.324928745778813,1.4029475857346994,2.294503578398264,0.5480874517651774,0.9092160621851326,98.1479257473289,29.657545816697667,30,0.5890625,0.9871875,0.398125,75.13887967364,21.7597069200592,{}
test,ram_heavy,homog,high,hybrid,1003,1.3,0.7398012768135442,1.2618133858115173,1.2618133858115173,33.729729729729726,50.0,8.0,12.0,1635,1635,0,1376,1104,272,259,0.8415902140672783,0.6752293577981652,22.08,4.003989072175654,13.887395268233362,13.996654475703133,23.42113087338084,1.404999152234218,2.3012664570925945,0.5467199398429063,0.9090224538544345,98.843773956893,29.21830104581501,30,0.5894097222222222,0.9880208333333333,0.39902777777777776,75.00227248387131,21.799339484701544,"{'alpha': 0.1, 'beta': 0.9, 'gamma': 0.0, 'source': 'phase3_tuning'}"
test,ram_heavy,homog,high,binpack,1004,1.3,0.7509924718092341,1.2830178273833421,1.2830178273833421,33.729729729729726,50.0,8.0,12.0,1656,1656,0,1374,1102,272,282,0.8297101449275363,0.6654589371980676,22.04,5.15555775115872,14.807915781544558,15.201325987776906,24.993517340194188,1.519065677166439,2.4840621484063634,0.5524350240603689,0.9033259836718338,131.30858730325303,27.610307453626433,30,0.5831597222222222,0.9855208333333334,0.4023611111111111,75.87997161728447,21.82394068822747,{}
test,ram_heavy,homog,high,spread,1004,1.3,0.7509924718092341,1.2830178273833421,1.2830178273833421,33.729729729729726,50.0,8.0,12.0,1656,1656,0,1373,1102,271,283,0.8291062801932367,0.6654589371980676,22.04,5.09286726751614,14.998345093001227,15.138635504134326,25.10002071525866,1.5128623504183865,2.4900509503564656,0.5529023944022218,0.9033922648021989,129.747421272864,29.6622948790739,30,0.5809027777777778,0.9879166666666667,0.4070138888888889,76.27355047599168,21.711327054602663,{}
test,ram_heavy,homog,high,tetris,1004,1.3,0.7509924718092341,1.2830178273833421,1.2830178273833421,33.729729729729726,50.0,8.0,12.0,1656,1656,0,1382,1109,273,274,0.8345410628019324,0.6696859903381642,22.18,4.974840835364514,15.92828357892241,15.020609071982701,25.516663499959016,1.5008778795692939,2.5121969489151477,0.5540650424701363,0.9039735518948959,126.91501742888964,29.509583261580826,30,0.5770833333333333,0.9912500000000001,0.4141666666666666,76.08193486095881,21.766007962683542,{}
test,ram_heavy,homog,high,hybrid,1004,1.3,0.7509924718092341,1.2830178273833421,1.2830178273833421,33.729729729729726,50.0,8.0,12.0,1656,1656,0,1379,1108,271,277,0.8327294685990339,0.6690821256038647,22.16,5.011263405674585,16.049696235814068,15.05703164229277,25.704788204483755,1.5044803494462278,2.5115715220297696,0.5533906608881446,0.902027852251269,127.41965174361638,29.014266779150788,30,0.578298611111111,0.9894791666666667,0.4111805555555555,76.31896826140681,21.698406539353215,"{'alpha': 0.1, 'beta': 0.9, 'gamma': 0.0, 'source': 'phase3_tuning'}"
test,ram_heavy,homog,high,binpack,1005,1.3,0.7515574619146254,1.2812107075627124,1.2812107075627124,33.729729729729726,50.0,8.0,12.0,1654,1654,0,1391,1115,276,263,0.8409915356711004,0.6741233373639661,22.3,5.141856886994939,16.598131227614935,15.183312139347771,26.10066584660433,1.5169252938071107,2.5586388839639627,0.5606320723434317,0.915605379454809,134.82643465276658,27.994089342177418,30,0.5802083333333333,0.9831249999999999,0.40291666666666665,76.25346245765648,21.690818314230196,{}
test,ram_heavy,homog,high,spread,1005,1.3,0.7515574619146254,1.2812107075627124,1.2812107075627124,33.729729729729726,50.0,8.0,12.0,1654,1654,0,1392,1116,276,262,0.841596130592503,0.6747279322853688,22.32,5.1311107594333984,16.3876440629369,15.17256601178623,25.977856857279427,1.515821917930403,2.547259853904196,0.5599997979827894,0.9147040745644417,134.55357747439245,29.713964313397533,30,0.5802083333333333,0.9831249999999999,0.4029166666666667,76.01965381546023,21.757531335450828,{}
test,ram_heavy,homog,high,tetris,1005,1.3,0.7515574619146254,1.2812107075627124,1.2812107075627124,33.729729729729726,50.0,8.0,12.0,1654,1654,0,1395,1121,274,259,0.843409915356711,0.6777509068923822,22.42,4.991907890762325,16.56353639828751,15.033363143115158,26.17189883039265,1.5018592525864534,2.5607253536045578,0.5614728157018241,0.9158883255957428,130.81414135837542,29.603452998739282,30,0.5741319444444444,0.9919791666666666,0.4178472222222222,75.95001236794072,21.777481641308732,{}
test,ram_heavy,homog,high,hybrid,1005,1.3,0.7515574619146254,1.2812107075627124,1.2812107075627124,33.729729729729726,50.0,8.0,12.0,1654,1654,0,1391,1117,274,263,0.8409915356711004,0.6753325272067715,22.34,5.044866304892319,16.992877043619565,15.086321557245151,26.36733578296659,1.5072763302925511,2.57983904277446,0.5607719654693158,0.9163320007632201,132.76626903547177,29.2816836728755,30,0.578298611111111,0.9863541666666666,0.40805555555555556,75.84526756209263,21.807557058796206,"{'alpha': 0.1, 'beta': 0.9, 'gamma': 0.0, 'source': 'phase3_tuning'}"
test,ram_heavy,homog,high,binpack,1006,1.3,0.766004909396904,1.3110836723185428,1.3110836723185428,33.729729729729726,50.0,8.0,12.0,1703,1703,0,1366,1094,272,337,0.8021139166177335,0.6423957721667646,21.88,5.778138909148201,15.534162523137404,15.774827151684217,25.46571326990467,1.58691054278733,2.5511179363274814,0.548617729637799,0.911978774243105,149.14163826463556,27.869533743187695,30,0.6045138888888889,0.9852083333333332,0.3806944444444444,77.3864140742762,22.006446743551713,{}
test,ram_heavy,homog,high,spread,1006,1.3,0.766004909396904,1.3110836723185428,1.3110836723185428,33.729729729729726,50.0,8.0,12.0,1703,1703,0,1373,1102,271,330,0.806224310041104,0.6470933646506165,22.04,5.533619607433855,16.14478195837865,15.53030784996987,25.564436293884043,1.5617698305071759,2.581103525511539,0.555948891172834,0.9156467177953561,143.02036369215236,29.78517147505425,30,0.5996527777777777,0.9891666666666666,0.38993055555555556,76.97674878382632,22.12356363325414,{}
test,ram_heavy,homog,high,tetris,1006,1.3,0.766004909396904,1.3110836723185428,1.3110836723185428,33.729729729729726,50.0,8.0,12.0,1703,1703,0,1368,1099,269,335,0.8032883147386964,0.6453317674691721,21.98,5.525307469592467,15.325853044800816,15.521995712128483,25.260202682793143,1.5609903770572324,2.532204099339383,0.5522833471452363,0.9151127318037046,142.2767198394676,29.74918498125644,30,0.6034722222222223,0.9889583333333333,0.3854861111111111,77.15540344401704,22.072336142155937,{}
test,ram_heavy,homog,high,hybrid,1006,1.3,0.766004909396904,1.3110836723185428,1.3110836723185428,33.729729729729726,50.0,8.0,12.0,1703,1703,0,1365,1098,267,338,0.8015267175572519,0.6447445684086905,21.96,5.575999030554773,15.325853044800816,15.57268727309079,25.27034125864339,1.566052427300892,2.5350199983275807,0.5529494434288702,0.9161084066441292,143.69135160704116,29.43068647978948,30,0.5953125,0.9896875,0.394375,77.09683350377706,22.089104345855763,"{'alpha': 0.1, 'beta': 0.9, 'gamma': 0.0, 'source': 'phase3_tuning'}"
test,ram_heavy,homog,high,binpack,1007,1.3,0.7852911606332673,1.3431092712438177,1.3431092712438177,33.729729729729726,50.0,8.0,12.0,1744,1744,0,1381,1101,280,363,0.7918577981651376,0.6313073394495413,22.02,7.053266892490868,19.565612431759646,17.05672778432379,28.683606750854764,1.7189956455630946,2.912893140635061,0.5410428710347152,0.9035112676942824,186.66808921298176,27.56639739982201,30,0.6038194444444444,0.9897916666666667,0.3859722222222222,79.5963815541638,21.91054374517316,{}
test,ram_heavy,homog,high,spread,1007,1.3,0.7852911606332673,1.3431092712438177,1.3431092712438177,33.729729729729726,50.0,8.0,12.0,1744,1744,0,1380,1101,279,364,0.7912844036697247,0.6313073394495413,22.02,7.02238654085729,19.808245336219677,17.025847432690213,28.875845472684574,1.7158843291943657,2.933352860676973,0.5401989413838433,0.9026253268147453,185.0155139922311,29.693644112380017,30,0.6088541666666667,0.9878125,0.37895833333333334,79.7145571159822,21.87806171290062,{}
test,ram_heavy,homog,high,tetris,1007,1.3,0.7852911606332673,1.3431092712438177,1.3431092712438177,33.729729729729726,50.0,8.0,12.0,1744,1744,0,1371,1095,276,373,0.7861238532110092,0.6278669724770642,21.9,7.085840747470493,19.435546105831165,17.089301639303415,28.490944335935325,1.7221796061279604,2.872095146468273,0.5387184902057444,0.904027376162427,186.91705366009757,29.4805529666997,30,0.6067708333333334,0.9890625,0.38229166666666664,79.50289399786965,21.93630838201603,{}
test,ram_heavy,homog,high,hybrid,1007,1.3,0.7852911606332673,1.3431092712438177,1.3431092712438177,33.729729729729726,50.0,8.0,12.0,1744,1744,0,1386,1106,280,358,0.7947247706422018,0.6341743119266054,22.12,7.027072644277578,19.855742536814887,17.0305335361105,28.963152443466278,1.7163179594076547,2.9122854226773542,0.5414814971446656,0.9033756121247798,185.28353879238279,29.10049857129138,30,0.618923611111111,0.9869791666666666,0.3680555555555555,79.77331638125686,21.861946815210523,"{'alpha': 0.1, 'beta': 0.9, 'gamma': 0.0, 'source': 'phase3_tuning'}"
test,ram_heavy,homog,high,binpack,1008,1.3,0.7634263362480501,1.3075774222296708,1.3075774222296708,33.729729729729726,50.0,8.0,12.0,1697,1697,0,1374,1098,276,323,0.8096641131408367,0.6470241602828521,21.96,5.590600195125618,15.434740910949152,15.575062549403446,25.675745103095224,1.5686050822026374,2.634268092235618,0.5569024897520963,0.9106689586436596,142.66373768347364,27.78428248566667,30,0.6072916666666667,0.98875,0.38145833333333334,77.34517065872,21.94060709346535,{}
test,ram_heavy,homog,high,spread,1008,1.3,0.7634263362480501,1.3075774222296708,1.3075774222296708,33.729729729729726,50.0,8.0,12.0,1697,1697,0,1374,1098,276,323,0.8096641131408367,0.6470241602828521,21.96,5.577627475375449,15.552126260744451,15.562089829653276,25.8359809520734,1.567365390450269,2.6386037302073344,0.5564570166536442,0.9102983689129636,142.12501278832482,29.75495819906311,30,0.6052083333333333,0.99,0.38479166666666664,77.17056896175791,21.99024865089375,{}
test,ram_heavy,homog,high,tetris,1008,1.3,0.7634263362480501,1.3075774222296708,1.3075774222296708,33.729729729729726,50.0,8.0,12.0,1697,1697,0,1370,1097,273,327,0.807307012374779,0.6464348850913376,21.94,5.644092179529598,15.634444695955665,15.628554533807426,25.954726077730292,1.5739613605696297,2.642618843569083,0.554235011703198,0.9092596254031341,144.09819311550558,29.732502582089367,30,0.6083333333333333,0.988125,0.3797916666666667,77.27532122396248,21.960439285417987,{}
test,ram_heavy,homog,high,hybrid,1008,1.3,0.7634263362480501,1.3075774222296708,1.3075774222296708,33.729729729729726,50.0,8.0,12.0,1697,1697,0,1371,1098,273,326,0.8078962875662935,0.6470241602828521,21.96,5.521359261979883,15.774302437840888,15.50582161625771,25.770754956114196,1.561624172473079,2.6190368260070533,0.5545970881425499,0.9109003351094566,141.28306710671876,29.374469163830152,30,0.6114583333333333,0.989375,0.3783333333333333,76.89887767540945,22.06794235883449,"{'alpha': 0.1, 'beta': 0.9, 'gamma': 0.0, 'source': 'phase3_tuning'}"
test,ram_heavy,homog,high,binpack,1009,1.3,0.7675572186946262,1.3136339772309185,1.3136339772309185,33.729729729729726,50.0,8.0,12.0,1703,1703,0,1395,1121,274,308,0.819142689371697,0.6582501467997651,22.42,5.712483204849285,19.72529004934117,15.713261167786124,29.066977899321422,1.5791466550011557,2.8586195457652237,0.5565202970823774,0.9140536741928887,149.81394806816644,27.8826422911149,30,0.5855902777777777,0.9882291666666667,0.4026388888888889,77.19498115501936,22.06101969997395,{}
test,ram_heavy,homog,high,spread,1009,1.3,0.7675572186946262,1.3136339772309185,1.3136339772309185,33.729729729729726,50.0,8.0,12.0,1703,1703,0,1398,1125,273,305,0.8209042865531415,0.6605989430416911,22.5,5.654289429410321,19.730612761495806,15.65506739234716,29.119808648271515,1.573391404700541,2.8594756575755276,0.5586602929330244,0.9131059606521,147.50832756383724,29.764619659576873,30,0.584375,0.986875,0.40249999999999997,77.16452257648643,22.069727682329212,{}
test,ram_heavy,homog,high,tetris,1009,1.3,0.7675572186946262,1.3136339772309185,1.3136339772309185,33.729729729729726,50.0,8.0,12.0,1703,1703,0,1392,1117,275,311,0.8173810921902525,0.6559013505578392,22.34,5.60739746913017,20.211575150790885,15.608175432067007,29.92152340592674,1.5685122042059338,2.9380214651524224,0.5584492965165373,0.9155923136146731,147.65476179307498,29.707084997710826,30,0.599826388888889,0.9911458333333333,0.3917361111111111,77.1360632936904,22.0778702889716,{}
test,ram_heavy,homog,high,hybrid,1009,1.3,0.7675572186946262,1.3136339772309185,1.3136339772309185,33.729729729729726,50.0,8.0,12.0,1703,1703,0,1406,1134,272,297,0.8256018790369936,0.6658837345860247,22.68,5.558571043315925,20.2273938256805,15.559349006252763,29.641171277098124,1.5636838282916592,2.922001819592648,0.5595077267923662,0.9127030759225171,144.68203722925608,29.36283895221699,30,0.5888888888888889,0.9883333333333333,0.39944444444444444,77.52185682341383,21.967998056073974,"{'alpha': 0.1, 'beta': 0.9, 'gamma': 0.0, 'source': 'phase3_tuning'}"
test,ram_heavy,hetero,low,binpack,1000,0.7,0.43441671174337665,0.7176137438978787,0.7176137438978787,18.443315674856617,50.0,8.0,12.0,949,949,0,949,766,183,0,1.0,0.8071654373024236,15.32,0.0,0.0,9.953661460307021,11.769708343653594,1.0,1.0000000000000002,0.38944454684382074,0.6418313219322864,0.0,23.1248266424138,25,0.46350120229494624,0.6700852431850984,0.20866084628039186,61.48323609879533,15.435101666982591,{}
test,ram_heavy,hetero,low,spread,1000,0.7,0.43441671174337665,0.7176137438978787,0.7176137438978787,18.443315674856617,50.0,8.0,12.0,949,949,0,949,766,183,0,1.0,0.8071654373024236,15.32,0.0,0.0,9.953661460307021,11.769708343653594,1.0,1.0000000000000002,0.38944454684382074,0.6418313219322864,0.0,29.31701310534298,30,0.4226165812989816,0.7143976503645189,0.36146579057787864,61.48323609879533,15.435101666982591,{}
test,ram_heavy,hetero,low,tetris,1000,0.7,0.43441671174337665,0.7176137438978787,0.7176137438978787,18.443315674856617,50.0,8.0,12.0,949,949,0,949,766,183,0,1.0,0.8071654373024236,15.32,0.0,0.0,9.953661460307021,11.769708343653594,1.0,1.0000000000000002,0.38944454684382074,0.6418313219322864,0.0,26.683350626376832,28,0.4297370142690518,0.6092493380926549,0.18055563590770915,61.48323609879533,15.435101666982591,{}
test,ram_heavy,hetero,low,hybrid,1000,0.7,0.43441671174337665,0.7176137438978787,0.7176137438978787,18.443315674856617,50.0,8.0,12.0,949,949,0,949,766,183,0,1.0,0.8071654373024236,15.32,0.0,0.0,9.953661460307021,11.769708343653594,1.0,1.0000000000000002,0.38944454684382074,0.6418313219322864,0.0,24.228494553603568,26,0.44854029896470987,0.592114861571735,0.14832241809092644,61.48323609879533,15.435101666982591,"{'alpha': 0.1, 'beta': 0.9, 'gamma': 0.0, 'source': 'phase3_tuning'}"
test,ram_heavy,hetero,low,binpack,1001,0.7,0.3909731032086091,0.697408513164634,0.697408513164634,18.145850246889065,50.0,8.0,12.0,905,905,0,905,727,178,0,1.0,0.8033149171270718,14.54,0.0,0.0,9.990848466833796,11.779019480726387,1.0,1.0000000000000004,0.35334612506236174,0.6281506297805188,0.0,23.070451355367595,22,0.41110983725239875,0.6431728575502099,0.23624575271930212,61.36756271135427,14.747204549359694,{}
test,ram_heavy,hetero,low,spread,1001,0.7,0.3909731032086091,0.697408513164634,0.697408513164634,18.145850246889065,50.0,8.0,12.0,905,905,0,905,727,178,0,1.0,0.8033149171270718,14.54,0.0,0.0,9.990848466833796,11.779019480726387,1.0,1.0000000000000004,0.35334612506236174,0.6281506297805188,0.0,29.428726759057,30,0.38133114039185884,0.7245397411686395,0.3736255313131446,61.36756271135427,14.747204549359694,{}
test,ram_heavy,hetero,low,tetris,1001,0.7,0.3909731032086091,0.697408513164634,0.697408513164634,18.145850246889065,50.0,8.0,12.0,905,905,0,905,727,178,0,1.0,0.8033149171270718,14.54,0.0,0.0,9.990848466833796,11.779019480726387,1.0,1.0000000000000004,0.35334612506236174,0.6281506297805188,0.0,26.40208787067767,28,0.3981428461803661,0.6024701450274204,0.2043272988470543,61.36756271135427,14.747204549359694,{}
test,ram_heavy,hetero,low,hybrid,1001,0.7,0.3909731032086091,0.697408513164634,0.697408513164634,18.145850246889065,50.0,8.0,12.0,905,905,0,905,727,178,0,1.0,0.8033149171270718,14.54,0.0,0.0,9.990848466833796,11.779019480726387,1.0,1.0000000000000004,0.35334612506236174,0.6281506297805188,0.0,24.35058222796793,25,0.4099943401862029,0.5777254896010674,0.1677311494148645,61.36756271135427,14.747204549359694,"{'alpha': 0.1, 'beta': 0.9, 'gamma': 0.0, 'source': 'phase3_tuning'}"
test,ram_heavy,hetero,low,binpack,1002,0.7,0.3727892963160248,0.6905567199119719,0.6905567199119719,17.66405038752619,50.0,8.0,12.0,872,872,0,872,692,180,0,1.0,0.7935779816513762,13.84,0.0,0.0,9.968195127619298,11.794645595876796,1.0,1.0000000000000004,0.3378224783479347,0.6215800549603663,0.0,22.81495977772941,26,0.38713265459061014,0.7806920508388473,0.39355939624823716,61.81928512216268,14.10563060179066,{}
test,ram_heavy,hetero,low,spread,1002,0.7,0.3727892963160248,0.6905567199119719,0.6905567199119719,17.66405038752619,50.0,8.0,12.0,872,872,0,872,692,180,0,1.0,0.7935779816513762,13.84,0.0,0.0,9.968195127619298,11.794645595876796,1.0,1.0000000000000004,0.3378224783479347,0.6215800549603663,0.0,29.523960252711664,30,0.3701336218850274,0.7658431921284979,0.4127694929160764,61.81928512216268,14.10563060179066,{}
test,ram_heavy,hetero,low,tetris,1002,0.7,0.3727892963160248,0.6905567199119719,0.6905567199119719,17.66405038752619,50.0,8.0,12.0,872,872,0,872,692,180,0,1.0,0.7935779816513762,13.84,0.0,0.0,9.968195127619298,11.794645595876796,1.0,1.0000000000000004,0.3378224783479347,0.6215800549603663,0.0,27.441606911361337,30,0.38203493416694534,0.6727484754829529,0.2910858154143326,61.81928512216268,14.10563060179066,{}
test,ram_heavy,hetero,low,hybrid,1002,0.7,0.3727892963160248,0.6905567199119719,0.6905567199119719,17.66405038752619,50.0,8.0,12.0,872,872,0,872,692,180,0,1.0,0.7935779816513762,13.84,0.0,0.0,9.968195127619298,11.794645595876796,1.0,1.0000000000000004,0.3378224783479347,0.6215800549603663,0.0,25.079381465891544,30,0.38358540823875437,0.6740867993214205,0.2905013910826661,61.81928512216268,14.10563060179066,"{'alpha': 0.1, 'beta': 0.9, 'gamma': 0.0, 'source': 'phase3_tuning'}"
test,ram_heavy,hetero,low,binpack,1003,0.7,0.41261608368665975,0.6610644492472427,0.6610644492472427,19.76013236244635,50.0,8.0,12.0,932,932,0,932,739,193,0,1.0,0.7929184549356223,14.78,0.0,0.0,9.994402466980212,11.827058395755891,1.0,1.0000000000000004,0.37187838725873834,0.5922862077236437,0.0,22.464741794016714,27,0.44048320104163924,0.6938949636012753,0.2608509639708915,61.50591477899114,15.15301419951155,{}
test,ram_heavy,hetero,low,spread,1003,0.7,0.41261608368665975,0.6610644492472427,0.6610644492472427,19.76013236244635,50.0,8.0,12.0,932,932,0,932,739,193,0,1.0,0.7929184549356223,14.78,0.0,0.0,9.994402466980212,11.827058395755891,1.0,1.0000000000000004,0.37187838725873834,0.5922862077236437,0.0,29.546742847388952,30,0.40490509254497487,0.7121844494040891,0.32986244631049755,61.50591477899114,15.15301419951155,{}
test,ram_heavy,hetero,low,tetris,1003,0.7,0.41261608368665975,0.6610644492472427,0.6610644492472427,19.76013236244635,50.0,8.0,12.0,932,932,0,932,739,193,0,1.0,0.7929184549356223,14.78,0.0,0.0,9.994402466980212,11.827058395755891,1.0,1.0000000000000004,0.37187838725873834,0.5922862077236437,0.0,27.298254873628817,29,0.4155929661343123,0.6344495021567013,0.2188565360223889,61.50591477899114,15.15301419951155,{}
test,ram_heavy,hetero,low,hybrid,1003,0.7,0.41261608368665975,0.6610644492472427,0.6610644492472427,19.76013236244635,50.0,8.0,12.0,932,932,0,932,739,193,0,1.0,0.7929184549356223,14.78,0.0,0.0,9.994402466980212,11.827058395755891,1.0,1.0000000000000004,0.37187838725873834,0.5922862077236437,0.0,23.400030562609537,29,0.4206974620913785,0.621415552891311,0.20378219752117488,61.50591477899114,15.15301419951155,"{'alpha': 0.1, 'beta': 0.9, 'gamma': 0.0, 'source': 'phase3_tuning'}"
test,ram_heavy,hetero,low,binpack,1004,0.7,0.4165073430308176,0.6934762901364291,0.6934762901364291,17.774326914842412,50.0,8.0,12.0,878,878,0,878,716,162,0,1.0,0.8154897494305239,14.32,0.0,0.0,10.024582783903872,11.793377922357998,1.0,1.0000000000000004,0.3801696545133128,0.6353516982895235,0.0,23.32610443298787,24,0.431274028721953,0.6404130033815973,0.23219570563739228,61.49690246973082,14.277141851691756,{}
test,ram_heavy,hetero,low,spread,1004,0.7,0.4165073430308176,0.6934762901364291,0.6934762901364291,17.774326914842412,50.0,8.0,12.0,878,878,0,878,716,162,0,1.0,0.8154897494305239,14.32,0.0,0.0,10.024582783903872,11.793377922357998,1.0,1.0000000000000004,0.3801696545133128,0.6353516982895235,0.0,29.26465829092203,30,0.3947291831111058,0.6883548090764955,0.34460556785701424,61.49690246973082,14.277141851691756,{}
test,ram_heavy,hetero,low,tetris,1004,0.7,0.4165073430308176,0.6934762901364291,0.6934762901364291,17.774326914842412,50.0,8.0,12.0,878,878,0,878,716,162,0,1.0,0.8154897494305239,14.32,0.0,0.0,10.024582783903872,11.793377922357998,1.0,1.0000000000000004,0.3801696545133128,0.6353516982895235,0.0,26.96191485423714,29,0.4184746133826271,0.6040800656975922,0.18672426885114168,61.49690246973082,14.277141851691756,{}
test,ram_heavy,hetero,low,hybrid,1004,0.7,0.4165073430308176,0.6934762901364291,0.6934762901364291,17.774326914842412,50.0,8.0,12.0,878,878,0,878,716,162,0,1.0,0.8154897494305239,14.32,0.0,0.0,10.024582783903872,11.793377922357998,1.0,1.0000000000000004,0.3801696545133128,0.6353516982895235,0.0,24.94098867576921,26,0.4236465674069367,0.5911144246775066,0.16755140790788292,61.49690246973082,14.277141851691756,"{'alpha': 0.1, 'beta': 0.9, 'gamma': 0.0, 'source': 'phase3_tuning'}"
test,ram_heavy,hetero,low,binpack,1005,0.7,0.4103850007330011,0.7016245286443418,0.7016245286443418,18.27714921258533,50.0,8.0,12.0,915,915,0,915,730,185,0,1.0,0.7978142076502732,14.6,0.0,0.0,10.007904926915126,11.782477565714679,1.0,1.0000000000000002,0.3689506806503264,0.6306602568656012,0.0,22.220543501867187,22,0.4456673910504224,0.6795713167520115,0.2397804876234434,61.904542062558605,14.780821721858993,{}
test,ram_heavy,hetero,low,spread,1005,0.7,0.4103850007330011,0.7016245286443418,0.7016245286443418,18.27714921258533,50.0,8.0,12.0,915,915,0,915,730,185,0,1.0,0.7978142076502732,14.6,0.0,0.0,10.007904926915126,11.782477565714679,1.0,1.0000000000000002,0.3689506806503264,0.6306602568656012,0.0,29.407695670940758,30,0.40787272327274776,0.745038389285209,0.3926903537301634,61.904542062558605,14.780821721858993,{}
test,ram_heavy,hetero,low,tetris,1005,0.7,0.4103850007330011,0.7016245286443418,0.7016245286443418,18.27714921258533,50.0,8.0,12.0,915,915,0,915,730,185,0,1.0,0.7978142076502732,14.6,0.0,0.0,10.007904926915126,11.782477565714679,1.0,1.0000000000000002,0.3689506806503264,0.6306602568656012,0.0,25.58148678941823,25,0.43214853367931483,0.5951430283541261,0.16299449467481134,61.904542062558605,14.780821721858993,{}
test,ram_heavy,hetero,low,hybrid,1005,0.7,0.4103850007330011,0.7016245286443418,0.7016245286443418,18.27714921258533,50.0,8.0,12.0,915,915,0,915,730,185,0,1.0,0.7978142076502732,14.6,0.0,0.0,10.007904926915126,11.782477565714679,1.0,1.0000000000000002,0.3689506806503264,0.6306602568656012,0.0,22.209286280732204,23,0.4374649690335763,0.5748046324030123,0.13733966336943598,61.904542062558605,14.780821721858993,"{'alpha': 0.1, 'beta': 0.9, 'gamma': 0.0, 'source': 'phase3_tuning'}"
test,ram_heavy,hetero,low,binpack,1006,0.7,0.4377437196350466,0.7063370764579424,0.7063370764579424,18.586825419999876,50.0,8.0,12.0,934,934,0,934,749,185,0,1.0,0.8019271948608137,14.98,0.0,0.0,10.009187336043315,11.801850658465131,1.0,1.0000000000000004,0.39237837221148025,0.6319848427387814,0.0,22.934077672576688,25,0.45958544134503065,0.7254263477380108,0.27265751338536914,61.25241956711737,15.248377233107812,{}
test,ram_heavy,hetero,low,spread,1006,0.7,0.4377437196350466,0.7063370764579424,0.7063370764579424,18.586825419999876,50.0,8.0,12.0,934,934,0,934,749,185,0,1.0,0.8019271948608137,14.98,0.0,0.0,10.009187336043315,11.801850658465131,1.0,1.0000000000000004,0.39237837221148025,0.6319848427387814,0.0,29.528677532279552,30,0.41808297454850224,0.7162380659534963,0.323853772685948,61.25241956711737,15.248377233107812,{}
test,ram_heavy,hetero,low,tetris,1006,0.7,0.4377437196350466,0.7063370764579424,0.7063370764579424,18.586825419999876,50.0,8.0,12.0,934,934,0,934,749,185,0,1.0,0.8019271948608137,14.98,0.0,0.0,10.009187336043315,11.801850658465131,1.0,1.0000000000000004,0.39237837221148025,0.6319848427387814,0.0,26.4613044135931,28,0.4315525138939551,0.6232025319762805,0.1975800472599098,61.25241956711737,15.248377233107812,{}
test,ram_heavy,hetero,low,hybrid,1006,0.7,0.4377437196350466,0.7063370764579424,0.7063370764579424,18.586825419999876,50.0,8.0,12.0,934,934,0,934,749,185,0,1.0,0.8019271948608137,14.98,0.0,0.0,10.009187336043315,11.801850658465131,1.0,1.0000000000000004,0.39237837221148025,0.6319848427387814,0.0,23.05954469816639,26,0.4651367646358392,0.6198858619879007,0.16023084965013945,61.25241956711737,15.248377233107812,"{'alpha': 0.1, 'beta': 0.9, 'gamma': 0.0, 'source': 'phase3_tuning'}"
test,ram_heavy,hetero,low,binpack,1007,0.7,0.4947637560198117,0.7392072925519492,0.7392072925519492,20.943831712843107,50.0,8.0,12.0,1103,1103,0,1103,896,207,0,1.0,0.8123300090661831,17.92,0.0010911485951939097,0.0,10.02514052987828,11.85977559818297,1.0001092455837437,1.0000000000000004,0.4484166668984024,0.6711289858713434,0.024070738009977645,23.646302622264944,20,0.499193683106008,0.6132730566930338,0.12512396722365354,60.84182739243808,18.128975530032978,{}
test,ram_heavy,hetero,low,spread,1007,0.7,0.4947637560198117,0.7392072925519492,0.7392072925519492,20.943831712843107,50.0,8.0,12.0,1103,1103,0,1103,896,207,0,1.0,0.8123300090661831,17.92,0.002244939240087439,0.0,10.026294320523174,11.85977559818297,1.0002252754190515,1.0000000000000004,0.44841666689840226,0.6711289858713427,0.0495233596363289,29.46204424493158,30,0.4720212260548417,0.6814128052581775,0.27127683416976117,60.84182739243808,18.128975530032978,{}
test,ram_heavy,hetero,low,tetris,1007,0.7,0.4947637560198117,0.7392072925519492,0.7392072925519492,20.943831712843107,50.0,8.0,12.0,1103,1103,0,1103,896,207,0,1.0,0.8123300090661831,17.92,0.00267791156546898,0.0,10.026727292848557,11.85977559818297,1.0002853815941608,1.0000000000000004,0.44841666689840265,0.6711289858713428,0.0590747291342457,26.42033952290261,29,0.4847581311615072,0.6202740296934282,0.13699155618192804,60.84182739243808,18.128975530032978,{}
test,ram_heavy,hetero,low,hybrid,1007,0.7,0.4947637560198117,0.7392072925519492,0.7392072925519492,20.943831712843107,50.0,8.0,12.0,1103,1103,0,1103,896,207,0,1.0,0.8123300090661831,17.92,0.005525128648089427,0.0,10.029574509931177,11.85977559818297,1.000568231562615,1.0000000000000004,0.4484166668984029,0.6711289858713423,0.12188433797685277,24.480648694451762,22,0.4910618983491171,0.5711427461013077,0.08159984421876301,60.84182739243808,18.128975530032978,"{'alpha': 0.1, 'beta': 0.9, 'gamma': 0.0, 'source': 'phase3_tuning'}"
test,ram_heavy,hetero,low,binpack,1008,0.7,0.42937055890857395,0.6839888433765555,0.6839888433765555,18.26149738112808,50.0,8.0,12.0,895,895,0,895,721,174,0,1.0,0.8055865921787709,14.42,0.0,0.0,9.980516249161623,11.78879446054411,1.0,1.0000000000000002,0.3916747142635966,0.6202033593371958,0.0,22.531532092919157,25,0.4355992178705673,0.6444455694309824,0.2135903980361278,61.426141818520506,14.57034372505795,{}
test,ram_heavy,hetero,low,spread,1008,0.7,0.42937055890857395,0.6839888433765555,0.6839888433765555,18.26149738112808,50.0,8.0,12.0,895,895,0,895,721,174,0,1.0,0.8055865921787709,14.42,0.0,0.0,9.980516249161623,11.78879446054411,1.0,1.0000000000000002,0.3916747142635966,0.6202033593371958,0.0,29.528409922570486,30,0.40747102064036195,0.6897338445208173,0.3306608041801995,61.426141818520506,14.57034372505795,{}
test,ram_heavy,hetero,low,tetris,1008,0.7,0.42937055890857395,0.6839888433765555,0.6839888433765555,18.26149738112808,50.0,8.0,12.0,895,895,0,895,721,174,0,1.0,0.8055865921787709,14.42,0.0,0.0,9.980516249161623,11.78879446054411,1.0,1.0000000000000002,0.3916747142635966,0.6202033593371958,0.0,26.134481763748546,27,0.42194503752495366,0.5898223904344365,0.1684972492099931,61.426141818520506,14.57034372505795,{}
test,ram_heavy,hetero,low,hybrid,1008,0.7,0.42937055890857395,0.6839888433765555,0.6839888433765555,18.26149738112808,50.0,8.0,12.0,895,895,0,895,721,174,0,1.0,0.8055865921787709,14.42,0.0,0.0,9.980516249161623,11.78879446054411,1.0,1.0000000000000002,0.3916747142635966,0.6202033593371958,0.0,23.20933608856561,27,0.44891701884583013,0.5882587799639836,0.1481235109783597,61.426141818520506,14.57034372505795,"{'alpha': 0.1, 'beta': 0.9, 'gamma': 0.0, 'source': 'phase3_tuning'}"
test,ram_heavy,hetero,low,binpack,1009,0.7,0.4959478692826661,0.7227954476851406,0.7227954476851406,20.4123823661616,50.0,8.0,12.0,1052,1052,0,1052,836,216,0,1.0,0.7946768060836502,16.72,0.0,0.0,9.995885691923235,11.831052835986114,1.0,1.0000000000000004,0.45041765753832913,0.6560217290485505,0.0,22.903389303801905,24,0.5374956467441212,0.6786822899283244,0.16023636205671787,61.35191934798501,17.14697781552862,{}
test,ram_heavy,hetero,low,spread,1009,0.7,0.4959478692826661,0.7227954476851406,0.7227954476851406,20.4123823661616,50.0,8.0,12.0,1052,1052,0,1052,836,216,0,1.0,0.7946768060836502,16.72,0.0,0.0,9.995885691923235,11.831052835986114,1.0,1.0000000000000004,0.45041765753832913,0.6560217290485505,0.0,29.584125260832593,30,0.49505779839319003,0.72125082559087,0.2986580439797457,61.35191934798501,17.14697781552862,{}
test,ram_heavy,hetero,low,tetris,1009,0.7,0.4959478692826661,0.7227954476851406,0.7227954476851406,20.4123823661616,50.0,8.0,12.0,1052,1052,0,1052,836,216,0,1.0,0.7946768060836502,16.72,0.0,0.0,9.995885691923235,11.831052835986114,1.0,1.0000000000000004,0.45041765753832913,0.6560217290485505,0.0,26.811072389406068,28,0.5126169468304582,0.6477347846058913,0.13730508963687094,61.35191934798501,17.14697781552862,{}
test,ram_heavy,hetero,low,hybrid,1009,0.7,0.4959478692826661,0.7227954476851406,0.7227954476851406,20.4123823661616,50.0,8.0,12.0,1052,1052,0,1052,836,216,0,1.0,0.7946768060836502,16.72,0.0,0.0,9.995885691923235,11.831052835986114,1.0,1.0000000000000004,0.45041765753832913,0.6560217290485505,0.0,24.29642194705241,25,0.5407218541547657,0.6255630725496713,0.0893138394866497,61.35191934798501,17.14697781552862,"{'alpha': 0.1, 'beta': 0.9, 'gamma': 0.0, 'source': 'phase3_tuning'}"
test,ram_heavy,hetero,med,binpack,1000,1.0,0.6355336867939352,1.0507278470334176,1.0507278470334176,26.34759382122374,50.0,8.0,12.0,1387,1387,0,1304,1041,263,83,0.9401586157173756,0.7505407354001442,20.82,0.9632941744410912,4.282686229136623,10.944129273013568,14.611858596284243,1.097575862622284,1.431589075323621,0.5362772113404888,0.8907527692467037,24.389371329205073,27.749456796388493,30,0.6437298595827101,0.9873009514596883,0.3447055164272545,64.8461064251217,21.38910223702605,{}
test,ram_heavy,hetero,med,spread,1000,1.0,0.6355336867939352,1.0507278470334176,1.0507278470334176,26.34759382122374,50.0,8.0,12.0,1387,1387,0,1305,1042,263,82,0.9408795962509012,0.7512617159336697,20.84,0.9954747472766404,4.393503529095945,10.976309845849116,14.861020710881213,1.100625415206541,1.4403173756668108,0.5348741250648885,0.8889914447852644,25.0127020798763,29.54444304412971,30,0.6158607064767609,0.987246308895627,0.3713856024188661,64.76205994626149,21.41686044500299,{}
test,ram_heavy,hetero,med,tetris,1000,1.0,0.6355336867939352,1.0507278470334176,1.0507278470334176,26.34759382122374,50.0,8.0,12.0,1387,1387,0,1307,1042,265,80,0.9423215573179524,0.7512617159336697,20.84,0.9696357744013974,4.564658842727695,10.950470872973874,14.889165880308099,1.0980418531358644,1.4501322472888611,0.535657622177216,0.8888943612979391,24.511623068186353,28.43368712871803,30,0.6359233524805151,0.9850356190220068,0.3503778787753059,64.82986937901416,21.394459271407708,{}
test,ram_heavy,hetero,med,hybrid,1000,1.0,0.6355336867939352,1.0507278470334176,1.0507278470334176,26.34759382122374,50.0,8.0,12.0,1387,1387,0,1305,1042,263,82,0.9408795962509012,0.7512617159336697,20.84,0.997480416554553,4.2167584458903065,10.97831551512703,14.741514948950815,1.1008455351414792,1.4211501612299742,0.5347969898073048,0.8894430330006936,25.214484036401906,27.672705758825003,30,0.6303205251800019,0.9881209573262506,0.3581158222349429,64.44180651414138,21.52329481476642,"{'alpha': 0.1, 'beta': 0.9, 'gamma': 0.0, 'source': 'phase3_tuning'}"
test,ram_heavy,hetero,med,binpack,1001,1.0,0.5555870103640576,0.9860802034107155,0.9860802034107155,25.92264320984152,50.0,8.0,12.0,1278,1278,0,1258,1008,250,20,0.9843505477308294,0.7887323943661971,20.16,0.297136004979006,1.2182583060517231,10.312725849700524,12.172511304131781,1.0303369904656672,1.1284799182842746,0.4920469779378043,0.865490319168384,7.358402465206386,27.646809503789818,30,0.5703662879619239,0.964206804610432,0.3992307486377671,62.70151476835214,20.382282704357497,{}
test,ram_heavy,hetero,med,spread,1001,1.0,0.5555870103640576,0.9860802034107155,0.9860802034107155,25.92264320984152,50.0,8.0,12.0,1278,1278,0,1257,1008,249,21,0.9835680751173709,0.7887323943661971,20.16,0.2865301816733851,1.1818834096093198,10.302120026394904,12.119324492498816,1.0292906724756918,1.1219696701040385,0.4922234629836341,0.8659103652527581,7.08425198616223,29.623440785049503,30,0.5599911231945103,0.9680292478188496,0.40803812462433936,62.68037374069938,20.389157302841255,{}
test,ram_heavy,hetero,med,tetris,1001,1.0,0.5555870103640576,0.9860802034107155,0.9860802034107155,25.92264320984152,50.0,8.0,12.0,1278,1278,0,1251,1005,246,27,0.9788732394366197,0.7863849765258216,20.1,0.3209397191358011,1.4345124899381858,10.336529563857319,12.192583324467805,1.0327526291796019,1.1437502189893467,0.4915111105784036,0.8642250677925749,7.839196134638673,28.24780519204588,30,0.5632244604524949,0.9446512290341602,0.38142676858166535,62.8246163810065,20.34234466708773,{}
test,ram_heavy,hetero,med,hybrid,1001,1.0,0.5555870103640576,0.9860802034107155,0.9860802034107155,25.92264320984152,50.0,8.0,12.0,1278,1278,0,1256,1008,248,22,0.9827856025039123,0.7887323943661971,20.16,0.30126901152532265,1.2786616980465482,10.316858856246842,12.171680169782789,1.0306899875821212,1.1269934699324289,0.4920035042764504,0.8654184827781378,7.426985522069828,27.392506976373717,30,0.5645446670505414,0.9572681646833945,0.3968677788876371,62.714580441184005,20.378036351507678,"{'alpha': 0.1, 'beta': 0.9, 'gamma': 0.0, 'source': 'phase3_tuning'}"
test,ram_heavy,hetero,med,binpack,1002,1.0,0.5402112148588936,1.0041372441298844,1.0041372441298844,25.234357696465985,50.0,8.0,12.0,1273,1273,0,1251,1005,246,22,0.9827179890023566,0.7894736842105263,20.1,0.41404132223491574,1.6170175524114683,10.361852805870305,12.484866631479846,1.042232367475004,1.1703080529778445,0.47518587660650097,0.8744224343353363,10.048562932536464,27.795157982252384,30,0.5427533940417315,0.9759450297594022,0.4331916357176709,62.87112540861819,20.247768617571158,{}
test,ram_heavy,hetero,med,spread,1002,1.0,0.5402112148588936,1.0041372441298844,1.0041372441298844,25.234357696465985,50.0,8.0,12.0,1273,1273,0,1246,1003,243,27,0.9787902592301649,0.7879025923016496,20.06,0.4237591842224897,1.6366123355585138,10.371570667857876,12.511619294458008,1.0432488267191622,1.1755644191459542,0.47449505969209965,0.8736568688416234,10.25181450029732,29.573749597951437,30,0.5354202442919804,0.9603545786180027,0.42493629686625145,63.10940676768318,20.171319383275726,{}
test,ram_heavy,hetero,med,tetris,1002,1.0,0.5402112148588936,1.0041372441298844,1.0041372441298844,25.234357696465985,50.0,8.0,12.0,1273,1273,0,1247,1003,244,26,0.9795758051846033,0.7879025923016496,20.06,0.42210182426966497,1.8075113678453576,10.369913307905051,12.52589160300585,1.0430803360407923,1.1981721174472812,0.47488144966083984,0.8738291569844789,10.250960916581608,28.4245999721721,30,0.5365123656696744,0.965904156172676,0.42976406460132655,62.9670454250481,20.21692444685684,{}
test,ram_heavy,hetero,med,hybrid,1002,1.0,0.5402112148588936,1.0041372441298844,1.0041372441298844,25.234357696465985,50.0,8.0,12.0,1273,1273,0,1248,1006,242,25,0.9803613511390417,0.7902592301649647,20.12,0.3960820752499695,1.6524222388250678,10.343893558885357,12.452895791135617,1.0404436585107348,1.1776375063125901,0.47531400987592193,0.8746540085124487,9.548635814352531,27.79231576636222,30,0.5357259352882816,0.9601979170521403,0.4244719817638586,62.954775260259,20.220864815057126,"{'alpha': 0.1, 'beta': 0.9, 'gamma': 0.0, 'source': 'phase3_tuning'}"
test,ram_heavy,hetero,med,binpack,1003,1.0,0.5887942541288592,0.950268598877117,0.950268598877117,28.228760517780497,50.0,8.0,12.0,1342,1342,0,1328,1054,274,14,0.9895678092399404,0.7853949329359166,21.08,0.13409787150774788,0.7521856005842835,10.133742316825902,11.923683953715585,1.0136718484125824,1.0794748070261415,0.5200687538400474,0.8419926027790661,3.5191714914038554,27.283065089098496,30,0.6116390021458981,0.9702820803617099,0.3595224496003624,61.97158974692728,21.655084297180547,{}
test,ram_heavy,hetero,med,spread,1003,1.0,0.5887942541288592,0.950268598877117,0.950268598877117,28.228760517780497,50.0,8.0,12.0,1342,1342,0,1330,1054,276,12,0.9910581222056631,0.7853949329359166,21.08,0.14122868426224594,0.8292369003612876,10.1408731295804,11.927550568917525,1.014418032991661,1.08971557622173,0.5200780459667351,0.8414682704797475,3.7247104184893054,29.69171325022543,30,0.6228750955344421,0.9777815597812781,0.35490646424683614,61.841520938606024,21.700630573628484,{}
test,ram_heavy,hetero,med,tetris,1003,1.0,0.5887942541288592,0.950268598877117,0.950268598877117,28.228760517780497,50.0,8.0,12.0,1342,1342,0,1326,1052,274,16,0.9880774962742176,0.7839046199701938,21.04,0.14370068428284,0.796840640825458,10.143345129600995,11.926058564425915,1.0146576778830592,1.083106718087042,0.519607666443965,0.8408781488866738,3.768963738793722,28.598542047643722,30,0.6133197390819045,0.9743018689561916,0.36203563648282855,62.00036605777625,21.645033494631807,{}
test,ram_heavy,hetero,med,hybrid,1003,1.0,0.5887942541288592,0.950268598877117,0.950268598877117,28.228760517780497,50.0,8.0,12.0,1342,1342,0,1332,1057,275,10,0.992548435171386,0.7876304023845008,21.14,0.13496382391599018,0.7897321467988299,10.134608269234146,11.923683953715585,1.0137685034491037,1.0794748070261415,0.5201455138942411,0.8419244502033165,3.566497880630834,27.585589774705216,30,0.6091789439803885,0.9758850582864794,0.3675533175994269,61.71832229054402,21.743948153393184,"{'alpha': 0.1, 'beta': 0.9, 'gamma': 0.0, 'source': 'phase3_tuning'}"
test,ram_heavy,hetero,med,binpack,1004,1.0,0.5837149943823524,0.9729708367291192,0.9729708367291192,25.391895592632018,50.0,8.0,12.0,1231,1231,0,1223,987,236,8,0.9935012185215272,0.80178716490658,19.74,0.42004592618039394,1.6335273286182073,10.457482923526403,12.484152450797076,1.0425678153374052,1.170159665013443,0.5238627223770738,0.8683426202919223,10.313552050292133,27.479155805604524,30,0.5710907090672671,0.9622516179462959,0.39116109419106654,62.241550737590565,19.777784862557127,{}
test,ram_heavy,hetero,med,spread,1004,1.0,0.5837149943823524,0.9729708367291192,0.9729708367291192,25.391895592632018,50.0,8.0,12.0,1231,1231,0,1224,987,237,7,0.9943135662063363,0.80178716490658,19.74,0.42384158579505704,2.04351787182064,10.461278583141066,12.568040063497364,1.0429973608666436,1.205985618436755,0.5229208907054173,0.8654845298926699,10.391951712587963,29.499575646873954,30,0.5665288271273444,0.9777589057415483,0.41123007861420385,62.25630626370667,19.77309727926521,{}
test,ram_heavy,hetero,med,tetris,1004,1.0,0.5837149943823524,0.9729708367291192,0.9729708367291192,25.391895592632018,50.0,8.0,12.0,1231,1231,0,1221,986,235,10,0.991876523151909,0.8009748172217709,19.72,0.4626299032399294,2.022841191881234,10.500066900585939,12.734749568145155,1.0469543165446884,1.2105956179263437,0.5223732953618295,0.8648106435854384,11.312133364005552,28.06076914416816,30,0.5725378346012308,0.9666242808090727,0.39408644620784195,62.72821696278411,19.624342275348546,{}
test,ram_heavy,hetero,med,hybrid,1004,1.0,0.5837149943823524,0.9729708367291192,0.9729708367291192,25.391895592632018,50.0,8.0,12.0,1231,1231,0,1222,985,237,9,0.9926888708367181,0.8001624695369618,19.7,0.4570925962668375,2.0308965627641555,10.494529593612846,12.747412886159886,1.0463451061284585,1.2149204570234577,0.522204841068713,0.8634731085632065,11.205278298401621,27.351817628861685,30,0.5692044205297039,0.9674689792295817,0.39826455869987787,62.25630626370667,19.77309727926521,"{'alpha': 0.1, 'beta': 0.9, 'gamma': 0.0, 'source': 'phase3_tuning'}"
test,ram_heavy,hetero,med,binpack,1005,1.0,0.5863268961017221,1.0001577823957373,1.0001577823957373,26.11021316083618,50.0,8.0,12.0,1299,1299,0,1288,1030,258,11,0.99153194765204,0.7929176289453426,20.6,0.44637395733481133,1.5980484394174361,10.492375155225945,12.558505086405056,1.0449872211099052,1.1557515619590708,0.5234541614708271,0.8855734349346133,11.42951658488894,27.934978223790612,30,0.5997038682714113,0.9763682312172083,0.37666436294579714,62.615685396486,20.74560059152367,{}
test,ram_heavy,hetero,med,spread,1005,1.0,0.5863268961017221,1.0001577823957373,1.0001577823957373,26.11021316083618,50.0,8.0,12.0,1299,1299,0,1287,1029,258,12,0.9907621247113164,0.792147806004619,20.58,0.4495363529257033,1.735349278794164,10.495537550816836,12.611243917743558,1.0452695272577366,1.173495426708463,0.5237750799423901,0.8850094463691623,11.52242964571663,29.571999983602776,30,0.6099415763281131,0.9678997312727643,0.35795815494465116,62.383511558509035,20.822809866701355,{}
test,ram_heavy,hetero,med,tetris,1005,1.0,0.5863268961017221,1.0001577823957373,1.0001577823957373,26.11021316083618,50.0,8.0,12.0,1299,1299,0,1282,1021,261,17,0.9869130100076983,0.7859892224788299,20.42,0.49917934117075013,1.9321446390844699,10.545180539061883,12.664573768356119,1.0502861078121164,1.1951847240114448,0.5224024230951703,0.8826038295325508,12.709702276223808,28.272216560678217,30,0.6039220147988882,0.9722360473150877,0.36831403251619954,62.877382019477224,20.65925708544314,{}
test,ram_heavy,hetero,med,hybrid,1005,1.0,0.5863268961017221,1.0001577823957373,1.0001577823957373,26.11021316083618,50.0,8.0,12.0,1299,1299,0,1285,1027,258,14,0.9892224788298691,0.7906081601231717,20.54,0.4613400704546508,1.752454962742803,10.507341268345785,12.629226707890535,1.0463874530868382,1.1751942217324702,0.5233967081731155,0.8846083095057561,11.817088039089263,27.475386405898863,30,0.6090236032736424,0.9723836430427296,0.3633600397690874,62.41525162613963,20.812220829948178,"{'alpha': 0.1, 'beta': 0.9, 'gamma': 0.0, 'source': 'phase3_tuning'}"
test,ram_heavy,hetero,med,binpack,1006,1.0,0.6145132511418667,0.993349191924983,0.993349191924983,26.552607742856967,50.0,8.0,12.0,1320,1320,0,1298,1042,256,22,0.9833333333333333,0.7893939393939394,20.84,0.4103026257288116,1.4985646610851688,10.404116265010034,12.339318922927028,1.0417829829354466,1.1561916687207414,0.5478633493661478,0.8772867392901833,10.70265601503527,27.613789032437147,30,0.5871467051736733,0.9788980292896935,0.3917513241160203,61.755744798381556,21.374529678323846,{}
test,ram_heavy,hetero,med,spread,1006,1.0,0.6145132511418667,0.993349191924983,0.993349191924983,26.552607742856967,50.0,8.0,12.0,1320,1320,0,1302,1050,252,18,0.9863636363636363,0.7954545454545454,21.0,0.4142459853802113,2.1684814774261127,10.408059624661433,12.483346270915744,1.0423190316947029,1.222580755570736,0.546704510091208,0.8744609981276085,10.72318454162055,29.68249218602192,30,0.5728119692450601,0.9790113881949226,0.40626585061367454,62.14106413115914,21.241992206858875,{}
test,ram_heavy,hetero,med,tetris,1006,1.0,0.6145132511418667,0.993349191924983,0.993349191924983,26.552607742856967,50.0,8.0,12.0,1320,1320,0,1300,1047,253,20,0.9848484848484849,0.7931818181818182,20.94,0.4916836599989883,2.195942520800493,10.48549729928021,12.59199681023383,1.0501140409263228,1.2234516867234306,0.5458560455262965,0.8722170573891972,12.736750728967102,28.57311402132093,30,0.5802847569036196,0.9716175590266896,0.3930322312094582,62.27102013826252,21.19766140122898,{}
test,ram_heavy,hetero,med,hybrid,1006,1.0,0.6145132511418667,0.993349191924983,0.993349191924983,26.552607742856967,50.0,8.0,12.0,1320,1320,0,1302,1049,253,18,0.9863636363636363,0.7946969696969697,20.98,0.39315319492517414,1.9130729564270013,10.386966834206396,12.387998295726003,1.0400515906615289,1.1967067174513961,0.5472375325420766,0.8752100526800742,10.176384533574428,27.393672060845606,30,0.5687541954503984,0.9764551608824757,0.4077009654320775,62.119660217661426,21.249311335169004,"{'alpha': 0.1, 'beta': 0.9, 'gamma': 0.0, 'source': 'phase3_tuning'}"
test,ram_heavy,hetero,med,binpack,1007,1.0,0.6932429587424083,1.032564145422093,1.032564145422093,29.919759589775868,50.0,8.0,12.0,1541,1541,0,1488,1191,297,53,0.9656067488643738,0.7728747566515249,23.82,1.393406471335839,7.402911044662773,11.408073892550025,17.632221987813903,1.1408483101996985,1.7465821418369774,0.5943778109379853,0.869663092618548,40.52338618560538,27.326453153920898,30,0.6942976564340848,0.9798311731016629,0.28740769303196595,65.18049890278738,23.642040578705984,{}
test,ram_heavy,hetero,med,spread,1007,1.0,0.6932429587424083,1.032564145422093,1.032564145422093,29.919759589775868,50.0,8.0,12.0,1541,1541,0,1483,1188,295,58,0.9623621025308241,0.7709279688513953,23.76,1.3894179403415208,7.091420960857384,11.404085361555707,17.193987362731008,1.1403508823874717,1.712146078938929,0.5940619304387555,0.8704886228519882,40.438504893352246,29.64333570211579,30,0.6842354925890386,0.9778917800864668,0.2936562874974282,65.08526622928032,23.6766335805006,{}
test,ram_heavy,hetero,med,tetris,1007,1.0,0.6932429587424083,1.032564145422093,1.032564145422093,29.919759589775868,50.0,8.0,12.0,1541,1541,0,1488,1192,296,53,0.9656067488643738,0.773523685918235,23.84,1.360231537191682,7.692187298215984,11.374898958405868,17.63592140069511,1.1374816290356102,1.7439074479170595,0.5942271936797061,0.8694069899381907,39.486969856047224,28.016673239004867,30,0.6930752376682805,0.981882819540409,0.289302324493704,65.04185909331119,23.692434710226085,{}
test,ram_heavy,hetero,med,hybrid,1007,1.0,0.6932429587424083,1.032564145422093,1.032564145422093,29.919759589775868,50.0,8.0,12.0,1541,1541,0,1484,1192,292,57,0.9630110317975341,0.773523685918235,23.84,1.33924257517955,7.386362689513298,11.353909996393735,17.442709895275918,1.1353723945421075,1.7349001234233368,0.594497853996193,0.870419726018053,39.05094063890555,26.979138454789187,30,0.6874829121215903,0.9801511584714043,0.2926682463498139,65.13571518365411,23.65829553962917,"{'alpha': 0.1, 'beta': 0.9, 'gamma': 0.0, 'source': 'phase3_tuning'}"
test,ram_heavy,hetero,med,binpack,1008,1.0,0.637910398397588,1.0117988477999802,1.0117988477999802,26.087853401611547,50.0,8.0,12.0,1320,1320,0,1292,1021,271,28,0.9787878787878788,0.7734848484848484,20.42,0.6048606325334952,2.160672343290983,10.60387751304801,12.927538041326013,1.0612868526265722,1.2150323523051734,0.5524607002044154,0.8791150507008285,15.513693254202254,27.717122610485884,30,0.6679651233384097,0.9744752340120093,0.30651011067359957,63.413926164806476,20.81561700768143,{}
test,ram_heavy,hetero,med,spread,1008,1.0,0.637910398397588,1.0117988477999802,1.0117988477999802,26.087853401611547,50.0,8.0,12.0,1320,1320,0,1293,1020,273,27,0.9795454545454545,0.7727272727272727,20.4,0.621603046418671,2.1305526460176196,10.620619926933184,12.970854752656543,1.062934152729194,1.2188776616948427,0.5517896768631121,0.8784554842415854,15.911573045855983,29.670671844435724,30,0.6722763367492196,0.9793271798800868,0.3070844668430486,63.797660650569256,20.69041382614116,{}
test,ram_heavy,hetero,med,tetris,1008,1.0,0.637910398397588,1.0117988477999802,1.0117988477999802,26.087853401611547,50.0,8.0,12.0,1320,1320,0,1289,1019,270,31,0.9765151515151516,0.771969696969697,20.38,0.5955664424536676,2.2275326462028318,10.59458332296818,12.893458705758825,1.060308647841771,1.2242205356704414,0.5518738560028786,0.8781320745227711,15.189003927416227,28.25997839643446,30,0.6643134183258167,0.972255915090933,0.3108748223946653,63.636514351479505,20.74280801599736,{}
test,ram_heavy,hetero,med,hybrid,1008,1.0,0.637910398397588,1.0117988477999802,1.0117988477999802,26.087853401611547,50.0,8.0,12.0,1320,1320,0,1290,1020,270,30,0.9772727272727273,0.7727272727272727,20.4,0.592623426907749,2.232687231979149,10.591640307422264,12.924038968637625,1.060035046409581,1.2215676518698482,0.5516957477055453,0.8779203898529789,15.116415137412833,27.4052147435726,30,0.670876428789096,0.9766802311292275,0.3058038023401315,63.51594351710972,20.78218360472631,"{'alpha': 0.1, 'beta': 0.9, 'gamma': 0.0, 'source': 'phase3_tuning'}"
test,ram_heavy,hetero,med,binpack,1009,1.0,0.6900043592247395,1.0038354670146687,1.0038354670146687,29.16054623737372,50.0,8.0,12.0,1459,1459,0,1431,1147,284,28,0.9808087731322824,0.7861549006168609,22.94,0.9363299728993646,3.208929661474258,10.95368622741206,13.860199887127283,1.094247387751198,1.3119571073546819,0.6085351116346124,0.8741368845811184,26.738794260935837,27.75542487664395,30,0.6698476614358604,0.9812308164428922,0.31460583391334823,63.70928428973151,22.90090080693557,{}
test,ram_heavy,hetero,med,spread,1009,1.0,0.6900043592247395,1.0038354670146687,1.0038354670146687,29.16054623737372,50.0,8.0,12.0,1459,1459,0,1433,1148,285,26,0.9821795750514051,0.7868403015764222,22.96,0.8242433092197478,3.227735707555155,10.841599563732444,13.721987927121265,1.0830016843386296,1.3365314537719781,0.6096040152613668,0.876393099236634,23.570092918404203,29.70412823856509,30,0.6677746802255402,0.9795927873481763,0.3136875017672248,63.42315230812121,23.004217654018717,{}
test,ram_heavy,hetero,med,tetris,1009,1.0,0.6900043592247395,1.0038354670146687,1.0038354670146687,29.16054623737372,50.0,8.0,12.0,1459,1459,0,1435,1150,285,24,0.9835503769705277,0.7882111034955449,23.0,0.7755549195584064,3.2970344662562105,10.792911174071103,13.692747238575407,1.078179996331819,1.330883563431322,0.6101613502077131,0.8771043683252243,22.21793832151601,28.580031928227598,30,0.6714021300799274,0.9783011439882435,0.30689901390831614,63.08341718596666,23.128106641701784,{}
test,ram_heavy,hetero,med,hybrid,1009,1.0,0.6900043592247395,1.0038354670146687,1.0038354670146687,29.16054623737372,50.0,8.0,12.0,1459,1459,0,1434,1148,286,25,0.9828649760109665,0.7868403015764222,22.96,0.7622921357969137,2.5889883667573983,10.77964839030961,13.54770309360238,1.0768734313302442,1.274440562680184,0.6107882742133733,0.8790080023874098,21.920240215479577,27.354743074545798,30,0.6796183528377738,0.9851125267490655,0.30638729770397005,63.03699187394255,23.145139966666196,"{'alpha': 0.1, 'beta': 0.9, 'gamma': 0.0, 'source': 'phase3_tuning'}"
test,ram_heavy,hetero,high,binpack,1000,1.3,0.8114210381073683,1.3409703567108031,1.3409703567108031,34.25187196759086,50.0,8.0,12.0,1776,1776,0,1426,1147,279,350,0.8029279279279279,0.6458333333333334,22.94,6.108969984845964,18.695471268638457,16.07465174672732,28.78019852319096,1.6224724942908626,2.9278041639818824,0.5795309708254897,0.908719208642529,157.56220123374152,28.2348416360834,30,0.6492156332338277,0.9881988150369957,0.33929857189186224,78.77102324359421,22.546361934487464,{}
test,ram_heavy,hetero,high,spread,1000,1.3,0.8114210381073683,1.3409703567108031,1.3409703567108031,34.25187196759086,50.0,8.0,12.0,1776,1776,0,1436,1156,280,340,0.8085585585585585,0.6509009009009009,23.12,5.88907593007291,19.759343437874584,15.854757691954266,29.239066149026556,1.6001579611490218,2.9269401030348923,0.5821730853639085,0.9117275208637801,152.90808271130354,29.664869736757005,30,0.6459527906210237,0.9872698846050602,0.3413170939840365,79.27154818591131,22.404002957465174,{}
test,ram_heavy,hetero,high,tetris,1000,1.3,0.8114210381073683,1.3409703567108031,1.3409703567108031,34.25187196759086,50.0,8.0,12.0,1776,1776,0,1440,1160,280,336,0.8108108108108109,0.6531531531531531,23.2,5.885258921991214,20.21267429556272,15.85094068387257,29.78712843614759,1.5997964077117168,2.9632675372292665,0.5812560768394817,0.9107027537722794,152.60559087083126,28.754821450015367,30,0.6318144037278441,0.9846510741310371,0.35283667040319305,79.80942318572193,22.253011350140046,{}
test,ram_heavy,hetero,high,hybrid,1000,1.3,0.8114210381073683,1.3409703567108031,1.3409703567108031,34.25187196759086,50.0,8.0,12.0,1776,1776,0,1431,1152,279,345,0.8057432432432432,0.6486486486486487,23.04,5.946914188303392,18.966194530471967,15.912595950184746,28.3534327160556,1.60597019451957,2.884254713449728,0.577391179164941,0.9131806154181228,154.27836848588865,28.057050506086036,30,0.6360927597171523,0.9857803350905584,0.3516925009792647,78.49507968747687,22.62562197619303,"{'alpha': 0.1, 'beta': 0.9, 'gamma': 0.0, 'source': 'phase3_tuning'}"
test,ram_heavy,hetero,high,binpack,1001,1.3,0.7166544786199891,1.2790766482788047,1.2790766482788047,33.69943617279398,50.0,8.0,12.0,1649,1649,0,1358,1091,267,291,0.8235294117647058,0.6616130988477865,21.82,5.5410733263851615,13.60306009920729,15.579170926365926,23.44240838787689,1.558044252377454,2.3014231905222595,0.5240724976678576,0.9052036058213947,143.61042177724673,28.161111584290975,30,0.5767707070845695,0.9875491129950092,0.411164814436677,76.40288146694736,21.58295562076901,{}
test,ram_heavy,hetero,high,spread,1001,1.3,0.7166544786199891,1.2790766482788047,1.2790766482788047,33.69943617279398,50.0,8.0,12.0,1649,1649,0,1365,1096,269,284,0.8277744087325651,0.6646452395391146,21.92,5.268622114936139,13.831626236102828,15.306719714916904,23.539921083474965,1.5305267840176724,2.3161050493203015,0.5278528537139396,0.9083180193282798,136.54205284591765,29.701119749031946,30,0.5802476456776284,0.9871774850158407,0.4069298393382123,76.0889233396542,21.672011215601124,{}
test,ram_heavy,hetero,high,tetris,1001,1.3,0.7166544786199891,1.2790766482788047,1.2790766482788047,33.69943617279398,50.0,8.0,12.0,1649,1649,0,1356,1090,266,293,0.8223165554881746,0.6610066707095209,21.8,5.321107970209606,14.590367906292272,15.359205570190367,24.251580954734564,1.5358229703557893,2.383681268888108,0.5257953233681386,0.9069336902782433,137.96546196746908,28.661775495590295,30,0.5797379389152311,0.9823111307442003,0.4029596003552064,76.21519929318117,21.636104284877636,{}
test,ram_heavy,hetero,high,hybrid,1001,1.3,0.7166544786199891,1.2790766482788047,1.2790766482788047,33.69943617279398,50.0,8.0,12.0,1649,1649,0,1365,1095,270,284,0.8277744087325651,0.664038811400849,21.9,5.264901682158476,13.653806837972745,15.302999282139238,23.611404234679846,1.5301900488794193,2.3214661424778007,0.5278949430266752,0.9082088153005272,136.4841453162098,28.020405744363693,30,0.5781119629930553,0.9846170617220996,0.4065050987290444,76.20648049251399,21.638579676461855,"{'alpha': 0.1, 'beta': 0.9, 'gamma': 0.0, 'source': 'phase3_tuning'}"
test,ram_heavy,hetero,high,binpack,1002,1.3,0.7091949113737113,1.31129836064432,1.31129836064432,32.80466500540578,50.0,8.0,12.0,1660,1660,0,1338,1069,269,322,0.8060240963855422,0.6439759036144578,21.38,5.6913182823320545,14.973859241738054,15.66433595357432,25.144749073691834,1.5786489806643866,2.541920222244375,0.5023336045660983,0.9131670184981825,142.4446289937956,28.320194264791752,30,0.5481164383221725,0.9866953327370539,0.4385788944148814,76.98552870272755,21.56249399039572,{}
test,ram_heavy,hetero,high,spread,1002,1.3,0.7091949113737113,1.31129836064432,1.31129836064432,32.80466500540578,50.0,8.0,12.0,1660,1660,0,1340,1073,267,320,0.8072289156626506,0.6463855421686747,21.46,5.554595436506086,16.021416858166724,15.527613107748351,25.63791346619667,1.565103516884554,2.5667652589802534,0.5025229157303409,0.9136118790810699,139.25747963407215,29.710148807617607,30,0.5450585678405537,0.9893093173251617,0.44425074948460797,77.09323511704665,21.5323691823246,{}
test,ram_heavy,hetero,high,tetris,1002,1.3,0.7091949113737113,1.31129836064432,1.31129836064432,32.80466500540578,50.0,8.0,12.0,1660,1660,0,1337,1073,264,323,0.805421686746988,0.6463855421686747,21.46,5.582170703612061,15.174781117881786,15.555188374854326,25.354497823426406,1.5677639493357831,2.5355450338278036,0.502993955496461,0.9117019516356422,139.13793071134273,28.804553905987568,30,0.5594784178085249,0.9839961990045369,0.424517781196012,77.04502182659591,21.545843724155695,{}
test,ram_heavy,hetero,high,hybrid,1002,1.3,0.7091949113737113,1.31129836064432,1.31129836064432,32.80466500540578,50.0,8.0,12.0,1660,1660,0,1336,1070,266,324,0.8048192771084337,0.6445783132530121,21.4,5.649305043482755,14.96812393385703,15.622322714725021,25.200342912912838,1.5743944588394143,2.543723345887273,0.502728944292516,0.9130234232914343,140.90423354033092,28.158129176063962,30,0.552040119204202,0.9867227251324902,0.4346826059282881,76.99217853803401,21.560631631951583,"{'alpha': 0.1, 'beta': 0.9, 'gamma': 0.0, 'source': 'phase3_tuning'}"
test,ram_heavy,hetero,high,binpack,1003,1.3,0.7811858601967409,1.2568856240481265,1.2568856240481265,36.69738867311465,50.0,8.0,12.0,1777,1777,0,1494,1201,293,283,0.8407428249859313,0.6758581879572313,24.02,4.186309370342727,14.840688339882341,14.177186288229972,24.126513530044576,1.4259787247196192,2.4214229581863793,0.5767510371151987,0.8987646168311368,112.5121465105185,28.029420991158496,30,0.6247470541229094,0.9855452712703298,0.3610844722596732,75.51851681197337,23.530652812268404,{}
test,ram_heavy,hetero,high,spread,1003,1.3,0.7811858601967409,1.2568856240481265,1.2568856240481265,36.69738867311465,50.0,8.0,12.0,1777,1777,0,1488,1195,293,289,0.8373663477771525,0.6724817107484524,23.9,4.255769588759022,14.675075917890581,14.246646506646266,23.980968011999998,1.4330516727782898,2.4145559193612125,0.5775967102729256,0.8983212806932448,114.66996679465245,29.762030794519884,30,0.6377617131148604,0.9888390443281079,0.35107733121324763,75.57456203943046,23.5132027503231,{}
test,ram_heavy,hetero,high,tetris,1003,1.3,0.7811858601967409,1.2568856240481265,1.2568856240481265,36.69738867311465,50.0,8.0,12.0,1777,1777,0,1510,1214,296,267,0.8497467642093416,0.6831738885762522,24.28,3.901454643572247,16.824878801845408,13.892331561459493,26.030228399322255,1.3974079417226914,2.6420746272720304,0.5832867279659066,0.8991693333920814,104.4761725416386,28.860204937853492,30,0.6461020883567038,0.9866313990491439,0.34052931069244,76.04221805528738,23.368597674360466,{}
test,ram_heavy,hetero,high,hybrid,1003,1.3,0.7811858601967409,1.2568856240481265,1.2568856240481265,36.69738867311465,50.0,8.0,12.0,1777,1777,0,1510,1216,294,267,0.8497467642093416,0.6842993809791784,24.32,3.881703422695965,16.832912189320083,13.87258034058321,26.100290281998326,1.3955164865378038,2.650003940914553,0.5812661869012341,0.8992475986896238,103.86430164055628,27.92464118884964,30,0.6257406123375707,0.9859308378218192,0.36019022548424856,75.91540340700985,23.40763429093385,"{'alpha': 0.1, 'beta': 0.9, 'gamma': 0.0, 'source': 'phase3_tuning'}"
test,ram_heavy,hetero,high,binpack,1004,1.3,0.7694921653666301,1.285387647518097,1.285387647518097,33.009464270421624,50.0,8.0,12.0,1627,1627,0,1354,1086,268,273,0.8322065150583897,0.6674861708666256,21.72,5.222415819840497,16.798596849968575,15.263141622766636,26.22108359152942,1.5277803835394768,2.628971713774872,0.5609242053484879,0.9023209296532309,132.4057591890895,28.017969162845453,30,0.6308800531088479,0.9884255767240083,0.3575455236151606,76.83235305212919,21.175975163693263,{}
test,ram_heavy,hetero,high,spread,1004,1.3,0.7694921653666301,1.285387647518097,1.285387647518097,33.009464270421624,50.0,8.0,12.0,1627,1627,0,1356,1089,267,271,0.8334357713583282,0.6693300553165334,21.78,5.227495348749178,16.503276039821095,15.268221151675316,25.929673847167514,1.5281547434442895,2.6180335823405563,0.5597041438953285,0.9019183680495649,132.2550285269584,29.63093289116399,30,0.6223623337205613,0.9861792190221916,0.36381688530163037,77.07412538480466,21.10954865691887,{}
test,ram_heavy,hetero,high,tetris,1004,1.3,0.7694921653666301,1.285387647518097,1.285387647518097,33.009464270421624,50.0,8.0,12.0,1627,1627,0,1362,1094,268,265,0.8371235402581438,0.6724031960663799,21.88,5.101491008321987,16.796151358143398,15.142216811248128,26.252705002277175,1.5155191935685741,2.646975016147345,0.5625619621067787,0.9038029888823857,129.0296579691989,28.444773232964103,30,0.6352110982027612,0.9870995647821811,0.3518884665794199,76.53813404688158,21.25737738789687,{}
test,ram_heavy,hetero,high,hybrid,1004,1.3,0.7694921653666301,1.285387647518097,1.285387647518097,33.009464270421624,50.0,8.0,12.0,1627,1627,0,1360,1093,267,267,0.8358942839582053,0.6717885679164106,21.86,5.122026766434743,16.872808262604025,15.162752569360881,26.529605932015784,1.517613460293328,2.6784153133242494,0.5606830999054935,0.9029721828773353,129.7339577163757,27.86447885575123,30,0.6256288545604699,0.984505705459506,0.358876850899036,76.66694792165008,21.221661277852295,"{'alpha': 0.1, 'beta': 0.9, 'gamma': 0.0, 'source': 'phase3_tuning'}"
test,ram_heavy,hetero,high,binpack,1005,1.3,0.7505667930067312,1.2798055057300322,1.2798055057300322,33.94327710908704,50.0,8.0,12.0,1663,1663,0,1402,1123,279,261,0.8430547203848466,0.6752856283824413,22.46,5.194393961483937,17.89648977664563,15.238525833022676,27.976814173617342,1.5229088867470695,2.7281987094634674,0.5623586117251337,0.9179927430165429,141.04628984824092,28.38811658428181,30,0.6430826597135729,0.9818617555452923,0.33877909583171933,75.71750474327332,21.96321716673765,{}
test,ram_heavy,hetero,high,spread,1005,1.3,0.7505667930067312,1.2798055057300322,1.2798055057300322,33.94327710908704,50.0,8.0,12.0,1663,1663,0,1417,1134,283,246,0.85207456404089,0.6819001803968732,22.68,5.05835043513852,18.437645882690887,15.10248230667726,28.299593483428797,1.509032375078959,2.742995390575261,0.5643355439933666,0.9164226568171162,135.77880702259856,29.68714208302059,30,0.618046072762427,0.9827926747479111,0.36474660198548414,76.1329911670036,21.843355613758575,{}
test,ram_heavy,hetero,high,tetris,1005,1.3,0.7505667930067312,1.2798055057300322,1.2798055057300322,33.94327710908704,50.0,8.0,12.0,1663,1663,0,1419,1140,279,244,0.8532772098616958,0.6855081178592904,22.8,4.953687148448374,18.318690294661344,14.997819019987114,28.323439412060345,1.4984900322566426,2.7510411346626134,0.5649788556616983,0.9153161485198968,131.8648946164495,28.671949571402294,30,0.6255229461442671,0.9830847104242226,0.3575617642799556,76.26163269467709,21.806509266042426,{}
test,ram_heavy,hetero,high,hybrid,1005,1.3,0.7505667930067312,1.2798055057300322,1.2798055057300322,33.94327710908704,50.0,8.0,12.0,1663,1663,0,1412,1132,280,251,0.8490679494888755,0.6806975345760673,22.64,5.11054056997445,18.162000939191557,15.154672441513187,28.18503561091198,1.5143447509418015,2.7336259737760957,0.5622346911303362,0.9160731810650781,137.58700785389007,28.09397168099788,30,0.6325936867347022,0.9807819913534408,0.34830202102702174,76.14606073795262,21.83960646005066,"{'alpha': 0.1, 'beta': 0.9, 'gamma': 0.0, 'source': 'phase3_tuning'}"
test,ram_heavy,hetero,high,binpack,1006,1.3,0.8161766208079684,1.3123064949250178,1.3123064949250178,34.51839006571406,50.0,8.0,12.0,1748,1748,0,1404,1129,275,344,0.8032036613272311,0.6458810068649885,22.58,5.655151466705906,16.847156064446217,15.650123245708633,26.528014792957975,1.5759923479641198,2.693199061362808,0.5892626497679692,0.9110186153720241,149.25878601433106,28.243873820112302,30,0.6538865747893284,0.9877929577029955,0.333906382913667,76.76438597075521,22.77097612252031,{}
test,ram_heavy,hetero,high,spread,1006,1.3,0.8161766208079684,1.3123064949250178,1.3123064949250178,34.51839006571406,50.0,8.0,12.0,1748,1748,0,1409,1133,276,339,0.8060640732265446,0.6481693363844394,22.66,5.517826814314569,16.482690679210236,15.512798593317296,25.871005596476024,1.5621619481341147,2.6308461339179936,0.5923628755597662,0.9148498329281297,145.69256436930257,29.74647972979738,30,0.6470040791684528,0.9912232428916783,0.3442191637232254,76.64145106515411,22.80750136781723,{}
test,ram_heavy,hetero,high,tetris,1006,1.3,0.8161766208079684,1.3123064949250178,1.3123064949250178,34.51839006571406,50.0,8.0,12.0,1748,1748,0,1417,1139,278,331,0.8106407322654462,0.6516018306636155,22.78,5.439545305816913,17.785508129935003,15.434517084819639,27.46257534961196,1.554032987049683,2.803166579023785,0.5896471304553415,0.9122953064560178,143.2520457295111,28.84796061342331,30,0.6486889239431771,0.98927468954977,0.340585765606593,76.90997893121487,22.727869962925613,{}
test,ram_heavy,hetero,high,hybrid,1006,1.3,0.8161766208079684,1.3123064949250178,1.3123064949250178,34.51839006571406,50.0,8.0,12.0,1748,1748,0,1408,1132,276,340,0.8054919908466819,0.6475972540045767,22.64,5.581578182073174,16.952270118968393,15.5765499610759,26.518541226832284,1.5684436768079009,2.6986631451504883,0.5897737437935808,0.9128108166882241,147.21892625317003,27.9601771707324,30,0.6540397484079202,0.9890698437332678,0.3350300953253476,76.5176364499441,22.84440661132414,"{'alpha': 0.1, 'beta': 0.9, 'gamma': 0.0, 'source': 'phase3_tuning'}"
test,ram_heavy,hetero,high,binpack,1007,1.3,0.8999316770535172,1.3486109625148381,1.3486109625148381,38.89568746670863,50.0,8.0,12.0,2013,2013,0,1597,1271,326,416,0.7933432687531048,0.6313959264778937,25.42,7.011346629145772,17.960535570032462,17.013626792439194,28.364174798009216,1.7111835562287219,2.876496310714946,0.6225428200384129,0.9020282700759634,210.30728030291067,28.024535447282304,30,0.710439785710774,0.9880936749005286,0.27791973260911235,79.7270476446191,25.248645967337037,{}
test,ram_heavy,hetero,high,spread,1007,1.3,0.8999316770535172,1.3486109625148381,1.3486109625148381,38.89568746670863,50.0,8.0,12.0,2013,2013,0,1599,1274,325,414,0.7943368107302533,0.6328862394436164,25.48,6.863610490331864,17.92422576506555,16.865890653625286,28.058866791484363,1.696132679789136,2.8265637369058996,0.6238270840282244,0.9065836180483755,207.33891418957862,29.727958728290737,30,0.7087984118002064,0.990070700098563,0.2812722882983565,79.67579263675071,25.26488828517154,{}
test,ram_heavy,hetero,high,tetris,1007,1.3,0.8999316770535172,1.3486109625148381,1.3486109625148381,38.89568746670863,50.0,8.0,12.0,2013,2013,0,1607,1285,322,406,0.7983109786388475,0.6383507203179334,25.7,6.700989360222238,17.90857213835293,16.703269523515658,28.06006080373613,1.6796869713029843,2.8590191547649546,0.6263512202538548,0.9067151892755517,199.85995377370347,28.594173139206838,30,0.7074454280179899,0.986206508599899,0.2789599345944072,79.44486432211366,25.33832762100491,{}
test,ram_heavy,hetero,high,hybrid,1007,1.3,0.8999316770535172,1.3486109625148381,1.3486109625148381,38.89568746670863,50.0,8.0,12.0,2013,2013,0,1603,1276,327,410,0.7963238946845504,0.6338797814207651,25.52,6.825080511405439,17.757058878403505,16.82736067469886,28.107544194573663,1.6923272221994539,2.846650789761907,0.6243781717902795,0.9068820175046858,205.58312847475153,27.8411751387152,30,0.7093053571160526,0.9904485324554931,0.2813420293519387,79.4599804125885,25.33350737752119,"{'alpha': 0.1, 'beta': 0.9, 'gamma': 0.0, 'source': 'phase3_tuning'}"
test,ram_heavy,hetero,high,binpack,1008,1.3,0.8204273575833523,1.3068298695457539,1.3068298695457539,33.91420942209501,50.0,8.0,12.0,1707,1707,0,1386,1104,282,321,0.81195079086116,0.6467486818980668,22.08,5.6555021789833395,17.885713210562002,15.639670001549026,27.277653974293344,1.5748639040640282,2.733998917349772,0.5966967504000386,0.9034841051416238,146.19485881704156,28.174002323973937,30,0.672083330596969,0.9858600528848537,0.3141893320485941,77.45892730412166,22.037485663827017,{}
test,ram_heavy,hetero,high,spread,1008,1.3,0.8204273575833523,1.3068298695457539,1.3068298695457539,33.91420942209501,50.0,8.0,12.0,1707,1707,0,1379,1102,277,328,0.8078500292911541,0.645577035735208,22.04,5.658458108825208,16.005118310525866,15.642625931390896,26.19465937270276,1.5752122900462713,2.6683909746423504,0.593892846356787,0.9078151980677833,146.21278474248163,29.73463036736449,30,0.6624259225390701,0.990180951125568,0.3282611114546417,76.99981486335307,22.168884471077106,{}
test,ram_heavy,hetero,high,tetris,1008,1.3,0.8204273575833523,1.3068298695457539,1.3068298695457539,33.91420942209501,50.0,8.0,12.0,1707,1707,0,1373,1101,272,334,0.8043350908025776,0.6449912126537786,22.02,5.698388887912355,16.047027621669542,15.68255671047804,25.929595877777146,1.579460145192729,2.6346656202535037,0.5927798836156287,0.9103221095019315,148.37568302512753,28.585354489138062,30,0.6663375475134636,0.988449668949825,0.32214574514854305,76.91980487113428,22.191943971513982,{}
test,ram_heavy,hetero,high,hybrid,1008,1.3,0.8204273575833523,1.3068298695457539,1.3068298695457539,33.91420942209501,50.0,8.0,12.0,1707,1707,0,1387,1110,277,320,0.8125366139425894,0.6502636203866432,22.2,5.539956731888016,17.454953273009075,15.524124554453703,26.94489556842212,1.563449766889098,2.670671773563834,0.592271722469097,0.9100836957264349,144.85260826724993,27.971313028170986,30,0.6754533201849309,0.990576635325791,0.31593517321991726,77.48570356369775,22.029870305000802,"{'alpha': 0.1, 'beta': 0.9, 'gamma': 0.0, 'source': 'phase3_tuning'}"
test,ram_heavy,hetero,high,binpack,1009,1.3,0.9041715624943047,1.3104284562468307,1.3104284562468307,37.90871010858584,50.0,8.0,12.0,1914,1914,0,1540,1233,307,374,0.8045977011494253,0.6442006269592476,24.66,6.088855630679313,19.01142407247592,16.086486565424607,28.39453908928325,1.61939332624707,2.8286565239991526,0.6485855420908764,0.9077587479183604,180.09363209478687,28.194217680164535,30,0.7180911518517783,0.9908710646678925,0.2727799128161143,77.49766948719991,24.697516875860767,{}
test,ram_heavy,hetero,high,spread,1009,1.3,0.9041715624943047,1.3104284562468307,1.3104284562468307,37.90871010858584,50.0,8.0,12.0,1914,1914,0,1559,1251,308,355,0.8145245559038663,0.6536050156739812,25.02,5.788236861009565,20.52513239063726,15.785867795754859,29.73205108406725,1.5888679141915338,2.937374902662387,0.6522695086310004,0.9110476887290673,171.5892762066182,29.77513514573902,30,0.7273759149502472,0.9911210417163783,0.2637451267661311,77.41127673344596,24.72507986905538,{}
test,ram_heavy,hetero,high,tetris,1009,1.3,0.9041715624943047,1.3104284562468307,1.3104284562468307,37.90871010858584,50.0,8.0,12.0,1914,1914,0,1564,1255,309,350,0.8171368861024033,0.6556948798328108,25.1,5.666374339499619,19.919138392283863,15.664005274244913,29.424576916157527,1.5767038649666851,2.9311773528947804,0.6558427893321283,0.9137209819717877,167.57383438948833,28.891627079053986,30,0.7230321534158671,0.9890840730165957,0.2660519196007286,77.73375443223173,24.62250812378585,{}
test,ram_heavy,hetero,high,hybrid,1009,1.3,0.9041715624943047,1.3104284562468307,1.3104284562468307,37.90871010858584,50.0,8.0,12.0,1914,1914,0,1562,1254,308,352,0.8160919540229885,0.6551724137931034,25.08,5.703067404830979,20.83163354417077,15.700698339576274,29.93514561739,1.5803521964815006,2.958510739174145,0.6536580678203222,0.9124705520139156,168.93679203124145,28.020183037818274,30,0.7203538715943076,0.9885613773863609,0.268318694854991,77.69815746535348,24.633788785190628,"{'alpha': 0.1, 'beta': 0.9, 'gamma': 0.0, 'source': 'phase3_tuning'}"
