split,family,cluster_config,load,policy,seed,target_rho,realized_rho_cpu,realized_rho_ram,realized_rho,arrival_rate,observation_horizon,duration_min,duration_max,submitted,feasible_jobs,permanently_infeasible,started_by_horizon,completed_by_horizon,running_at_horizon,queued_at_horizon,admission_ratio_horizon,completion_ratio_horizon,throughput_horizon,mean_wait_time,p95_wait_time,mean_turnaround_time,p95_turnaround_time,mean_slowdown,p95_slowdown,time_weighted_cpu_utilization,time_weighted_ram_utilization,time_weighted_queue_length,time_weighted_active_nodes,horizon_active_nodes,horizon_cpu_utilization,horizon_ram_utilization,horizon_free_imbalance,makespan,drained_throughput,params
test,tiny_large,homog,low,binpack,1000,0.7,0.7330530415209761,0.43622703585594774,0.7330530415209761,21.221052631578946,50.0,8.0,12.0,1115,1115,0,1115,865,250,0,1.0,0.7757847533632287,17.3,0.0,0.0,9.987814576849768,11.770077563926389,1.0,1.0000000000000002,0.6555403966190683,0.3861291750834148,0.0,21.7518045682696,25,0.7861111111111111,0.4741666666666667,0.31194444444444447,61.554468088426724,18.11403842200756,{}
test,tiny_large,homog,low,spread,1000,0.7,0.7330530415209761,0.43622703585594774,0.7330530415209761,21.221052631578946,50.0,8.0,12.0,1115,1115,0,1115,865,250,0,1.0,0.7757847533632287,17.3,0.0,0.0,9.987814576849768,11.770077563926389,1.0,1.0000000000000002,0.6555403966190683,0.3861291750834148,0.0,29.480920221284872,30,0.7861111111111111,0.4741666666666667,0.36166666666666664,61.554468088426724,18.11403842200756,{}
test,tiny_large,homog,low,tetris,1000,0.7,0.7330530415209761,0.43622703585594774,0.7330530415209761,21.221052631578946,50.0,8.0,12.0,1115,1115,0,1115,865,250,0,1.0,0.7757847533632287,17.3,0.0,0.0,9.987814576849768,11.770077563926389,1.0,1.0000000000000002,0.6555403966190683,0.3861291750834148,0.0,29.344148013395067,30,0.7861111111111111,0.4741666666666667,0.31194444444444447,61.554468088426724,18.11403842200756,{}
test,tiny_large,homog,low,hybrid,1000,0.7,0.7330530415209761,0.43622703585594774,0.7330530415209761,21.221052631578946,50.0,8.0,12.0,1115,1115,0,1115,865,250,0,1.0,0.7757847533632287,17.3,0.0,0.0,9.987814576849768,11.770077563926389,1.0,1.0000000000000002,0.6555403966190683,0.3861291750834148,0.0,28.59315402807009,30,0.7861111111111111,0.4741666666666667,0.3158333333333333,61.554468088426724,18.11403842200756,"{'alpha': 0.1, 'beta': 0.9, 'gamma': 0.0, 'source': 'phase3_tuning'}"
test,tiny_large,homog,low,binpack,1001,0.7,0.6811671798711116,0.40783302937714005,0.6811671798711116,21.221052631578946,50.0,8.0,12.0,1033,1033,0,1033,848,185,0,1.0,0.8209099709583737,16.96,0.0,0.0,9.993447381177821,11.792960878995437,1.0,1.0000000000000004,0.6263854109072678,0.3721280333735979,0.0,21.01614516891604,23,0.5888888888888889,0.37583333333333335,0.21499999999999997,61.789880680915594,16.71794780336988,{}
test,tiny_large,homog,low,spread,1001,0.7,0.6811671798711116,0.40783302937714005,0.6811671798711116,21.221052631578946,50.0,8.0,12.0,1033,1033,0,1033,848,185,0,1.0,0.8209099709583737,16.96,0.0,0.0,9.993447381177821,11.792960878995437,1.0,1.0000000000000004,0.6263854109072678,0.3721280333735979,0.0,29.596112884464954,30,0.5888888888888889,0.37583333333333335,0.2677777777777778,61.789880680915594,16.71794780336988,{}
test,tiny_large,homog,low,tetris,1001,0.7,0.6811671798711116,0.40783302937714005,0.6811671798711116,21.221052631578946,50.0,8.0,12.0,1033,1033,0,1033,848,185,0,1.0,0.8209099709583737,16.96,0.0,0.0,9.993447381177821,11.792960878995437,1.0,1.0000000000000004,0.6263854109072678,0.3721280333735979,0.0,29.455920347444636,30,0.5888888888888889,0.37583333333333335,0.21305555555555555,61.789880680915594,16.71794780336988,{}
test,tiny_large,homog,low,hybrid,1001,0.7,0.6811671798711116,0.40783302937714005,0.6811671798711116,21.221052631578946,50.0,8.0,12.0,1033,1033,0,1033,848,185,0,1.0,0.8209099709583737,16.96,0.0,0.0,9.993447381177821,11.792960878995437,1.0,1.0000000000000004,0.6263854109072678,0.3721280333735979,0.0,28.26197361016578,30,0.5888888888888889,0.37583333333333335,0.21305555555555555,61.789880680915594,16.71794780336988,"{'alpha': 0.1, 'beta': 0.9, 'gamma': 0.0, 'source': 'phase3_tuning'}"
test,tiny_large,homog,low,binpack,1002,0.7,0.7079878923349547,0.4240179050578123,0.7079878923349547,21.221052631578946,50.0,8.0,12.0,1079,1079,0,1079,845,234,0,1.0,0.7831325301204819,16.9,0.0,0.0,9.964948041243481,11.806446395700647,1.0,1.0000000000000002,0.6271986346418879,0.3790828104617144,0.0,20.997406410813625,25,0.7875,0.4275,0.36000000000000004,61.24221315241062,17.618566417819412,{}
test,tiny_large,homog,low,spread,1002,0.7,0.7079878923349547,0.4240179050578123,0.7079878923349547,21.221052631578946,50.0,8.0,12.0,1079,1079,0,1079,845,234,0,1.0,0.7831325301204819,16.9,0.0,0.0,9.964948041243481,11.806446395700647,1.0,1.0000000000000002,0.6271986346418879,0.3790828104617144,0.0,29.63059164072607,30,0.7875,0.4275,0.3638888888888889,61.24221315241062,17.618566417819412,{}
test,tiny_large,homog,low,tetris,1002,0.7,0.7079878923349547,0.4240179050578123,0.7079878923349547,21.221052631578946,50.0,8.0,12.0,1079,1079,0,1079,845,234,0,1.0,0.7831325301204819,16.9,0.0,0.0,9.964948041243481,11.806446395700647,1.0,1.0000000000000002,0.6271986346418879,0.3790828104617144,0.0,29.396037627928653,30,0.7875,0.4275,0.3611111111111111,61.24221315241062,17.618566417819412,{}
test,tiny_large,homog,low,hybrid,1002,0.7,0.7079878923349547,0.4240179050578123,0.7079878923349547,21.221052631578946,50.0,8.0,12.0,1079,1079,0,1079,845,234,0,1.0,0.7831325301204819,16.9,0.0,0.0,9.964948041243481,11.806446395700647,1.0,1.0000000000000002,0.6271986346418879,0.3790828104617144,0.0,28.158045560063957,30,0.7875,0.4275,0.36000000000000004,61.24221315241062,17.618566417819412,"{'alpha': 0.1, 'beta': 0.9, 'gamma': 0.0, 'source': 'phase3_tuning'}"
test,tiny_large,homog,low,binpack,1003,0.7,0.6563102084034865,0.39235330478266495,0.6563102084034865,21.221052631578946,50.0,8.0,12.0,995,995,0,995,797,198,0,1.0,0.8010050251256281,15.94,0.0,0.0,9.983981346443803,11.8213402640569,1.0,1.0000000000000004,0.5946822915305473,0.3527082229627914,0.0,20.074540957731987,23,0.63125,0.39625,0.24777777777777776,60.97477117482197,16.318224420182176,{}
test,tiny_large,homog,low,spread,1003,0.7,0.6563102084034865,0.39235330478266495,0.6563102084034865,21.221052631578946,50.0,8.0,12.0,995,995,0,995,797,198,0,1.0,0.8010050251256281,15.94,0.0,0.0,9.983981346443803,11.8213402640569,1.0,1.0000000000000004,0.5946822915305473,0.3527082229627914,0.0,29.656783416160252,30,0.63125,0.39625,0.33249999999999996,60.97477117482197,16.318224420182176,{}
test,tiny_large,homog,low,tetris,1003,0.7,0.6563102084034865,0.39235330478266495,0.6563102084034865,21.221052631578946,50.0,8.0,12.0,995,995,0,995,797,198,0,1.0,0.8010050251256281,15.94,0.0,0.0,9.983981346443803,11.8213402640569,1.0,1.0000000000000004,0.5946822915305473,0.3527082229627914,0.0,29.551574030407565,30,0.63125,0.39625,0.23527777777777775,60.97477117482197,16.318224420182176,{}
test,tiny_large,homog,low,hybrid,1003,0.7,0.6563102084034865,0.39235330478266495,0.6563102084034865,21.221052631578946,50.0,8.0,12.0,995,995,0,995,797,198,0,1.0,0.8010050251256281,15.94,0.0,0.0,9.983981346443803,11.8213402640569,1.0,1.0000000000000004,0.5946822915305473,0.3527082229627914,0.0,28.47010962036311,29,0.63125,0.39625,0.23694444444444443,60.97477117482197,16.318224420182176,"{'alpha': 0.1, 'beta': 0.9, 'gamma': 0.0, 'source': 'phase3_tuning'}"
test,tiny_large,homog,low,binpack,1004,0.7,0.6912599516202395,0.41456924400147005,0.6912599516202395,21.221052631578946,50.0,8.0,12.0,1041,1041,0,1041,847,194,0,1.0,0.813640730067243,16.94,0.0,0.0,10.047281386471742,11.80782850608891,1.0,1.0000000000000004,0.6266231849750755,0.3723369850609802,0.0,20.8060754662805,23,0.6618055555555556,0.41333333333333333,0.24847222222222223,61.74177826944333,16.86054449965854,{}
test,tiny_large,homog,low,spread,1004,0.7,0.6912599516202395,0.41456924400147005,0.6912599516202395,21.221052631578946,50.0,8.0,12.0,1041,1041,0,1041,847,194,0,1.0,0.813640730067243,16.94,0.0,0.0,10.047281386471742,11.80782850608891,1.0,1.0000000000000004,0.6266231849750755,0.3723369850609802,0.0,29.463235747305426,30,0.6618055555555556,0.41333333333333333,0.32875000000000004,61.74177826944333,16.86054449965854,{}
test,tiny_large,homog,low,tetris,1004,0.7,0.6912599516202395,0.41456924400147005,0.6912599516202395,21.221052631578946,50.0,8.0,12.0,1041,1041,0,1041,847,194,0,1.0,0.813640730067243,16.94,0.0,0.0,10.047281386471742,11.80782850608891,1.0,1.0000000000000004,0.6266231849750755,0.3723369850609802,0.0,29.233549569358058,30,0.6618055555555556,0.41333333333333333,0.24847222222222223,61.74177826944333,16.86054449965854,{}
test,tiny_large,homog,low,hybrid,1004,0.7,0.6912599516202395,0.41456924400147005,0.6912599516202395,21.221052631578946,50.0,8.0,12.0,1041,1041,0,1041,847,194,0,1.0,0.813640730067243,16.94,0.0,0.0,10.047281386471742,11.80782850608891,1.0,1.0000000000000004,0.6266231849750755,0.3723369850609802,0.0,27.99472009959678,30,0.6618055555555556,0.41333333333333333,0.2498611111111111,61.74177826944333,16.86054449965854,"{'alpha': 0.1, 'beta': 0.9, 'gamma': 0.0, 'source': 'phase3_tuning'}"
test,tiny_large,homog,low,binpack,1005,0.7,0.7077863705867758,0.42511644748092936,0.7077863705867758,21.221052631578946,50.0,8.0,12.0,1070,1070,0,1070,855,215,0,1.0,0.7990654205607477,17.1,0.0,0.0,10.044524189355231,11.783403619399385,1.0,1.0000000000000002,0.6344657295973684,0.38156672218862403,0.0,21.30554068003197,24,0.6972222222222223,0.41083333333333333,0.2863888888888889,61.55371255482663,17.383191940647578,{}
test,tiny_large,homog,low,spread,1005,0.7,0.7077863705867758,0.42511644748092936,0.7077863705867758,21.221052631578946,50.0,8.0,12.0,1070,1070,0,1070,855,215,0,1.0,0.7990654205607477,17.1,0.0,0.0,10.044524189355231,11.783403619399385,1.0,1.0000000000000002,0.6344657295973684,0.38156672218862403,0.0,29.5453615534696,30,0.6972222222222223,0.41083333333333333,0.3452777777777778,61.55371255482663,17.383191940647578,{}
test,tiny_large,homog,low,tetris,1005,0.7,0.7077863705867758,0.42511644748092936,0.7077863705867758,21.221052631578946,50.0,8.0,12.0,1070,1070,0,1070,855,215,0,1.0,0.7990654205607477,17.1,0.0,0.0,10.044524189355231,11.783403619399385,1.0,1.0000000000000002,0.6344657295973684,0.38156672218862403,0.0,29.44702719773456,30,0.6972222222222223,0.41083333333333333,0.2863888888888889,61.55371255482663,17.383191940647578,{}
test,tiny_large,homog,low,hybrid,1005,0.7,0.7077863705867758,0.42511644748092936,0.7077863705867758,21.221052631578946,50.0,8.0,12.0,1070,1070,0,1070,855,215,0,1.0,0.7990654205607477,17.1,0.0,0.0,10.044524189355231,11.783403619399385,1.0,1.0000000000000002,0.6344657295973684,0.38156672218862403,0.0,28.638214673843766,30,0.6972222222222223,0.41083333333333333,0.2877777777777778,61.55371255482663,17.383191940647578,"{'alpha': 0.1, 'beta': 0.9, 'gamma': 0.0, 'source': 'phase3_tuning'}"
test,tiny_large,homog,low,binpack,1006,0.7,0.6960855535008924,0.42063113108528466,0.6960855535008924,21.221052631578946,50.0,8.0,12.0,1061,1061,0,1061,854,207,0,1.0,0.8049010367577757,17.08,0.0,0.0,10.00836248825173,11.795474998306986,1.0,1.0000000000000002,0.6346262519297242,0.3827002344157496,0.0,21.555302048271837,20,0.59375,0.3875,0.20819444444444446,61.11902191537081,17.359570993611882,{}
test,tiny_large,homog,low,spread,1006,0.7,0.6960855535008924,0.42063113108528466,0.6960855535008924,21.221052631578946,50.0,8.0,12.0,1061,1061,0,1061,854,207,0,1.0,0.8049010367577757,17.08,0.0,0.0,10.00836248825173,11.795474998306986,1.0,1.0000000000000002,0.6346262519297242,0.3827002344157496,0.0,29.65854153370911,30,0.59375,0.3875,0.28208333333333335,61.11902191537081,17.359570993611882,{}
test,tiny_large,homog,low,tetris,1006,0.7,0.6960855535008924,0.42063113108528466,0.6960855535008924,21.221052631578946,50.0,8.0,12.0,1061,1061,0,1061,854,207,0,1.0,0.8049010367577757,17.08,0.0,0.0,10.00836248825173,11.795474998306986,1.0,1.0000000000000002,0.6346262519297242,0.3827002344157496,0.0,29.514073975464186,30,0.59375,0.3875,0.20819444444444446,61.11902191537081,17.359570993611882,{}
test,tiny_large,homog,low,hybrid,1006,0.7,0.6960855535008924,0.42063113108528466,0.6960855535008924,21.221052631578946,50.0,8.0,12.0,1061,1061,0,1061,854,207,0,1.0,0.8049010367577757,17.08,0.0,0.0,10.00836248825173,11.795474998306986,1.0,1.0000000000000002,0.6346262519297242,0.3827002344157496,0.0,28.088569870358146,30,0.59375,0.3875,0.20819444444444443,61.11902191537081,17.359570993611882,"{'alpha': 0.1, 'beta': 0.9, 'gamma': 0.0, 'source': 'phase3_tuning'}"
test,tiny_large,homog,low,binpack,1007,0.7,0.73669147204077,0.4439599249311269,0.73669147204077,21.221052631578946,50.0,8.0,12.0,1115,1115,0,1115,907,208,0,1.0,0.8134529147982063,18.14,0.00023426162250553265,0.0,10.028163500747015,11.8622289024747,1.0000218984834255,1.0000000000000004,0.670025281432084,0.4026798466709179,0.005224034181873378,22.22415137117355,22,0.6631944444444444,0.42291666666666666,0.24027777777777778,61.435396913003046,18.149146193015085,{}
test,tiny_large,homog,low,spread,1007,0.7,0.73669147204077,0.4439599249311269,0.73669147204077,21.221052631578946,50.0,8.0,12.0,1115,1115,0,1115,907,208,0,1.0,0.8134529147982063,18.14,0.0033169024930994016,0.0,10.031246141617608,11.8622289024747,1.0003617770550284,1.0000000000000004,0.6700252814320841,0.40267984667091783,0.07396692559611666,29.513063679265702,30,0.6631944444444444,0.42291666666666666,0.3225,61.435396913003046,18.149146193015085,{}
test,tiny_large,homog,low,tetris,1007,0.7,0.73669147204077,0.4439599249311269,0.73669147204077,21.221052631578946,50.0,8.0,12.0,1115,1115,0,1115,907,208,0,1.0,0.8134529147982063,18.14,0.005528733358993065,0.0,10.0334579724835,11.8622289024747,1.00060956143603,1.0000000000000004,0.6700252814320844,0.40267984667091883,0.12329075390554536,29.311351773110324,30,0.6631944444444444,0.42291666666666666,0.24027777777777778,61.435396913003046,18.149146193015085,{}
test,tiny_large,homog,low,hybrid,1007,0.7,0.73669147204077,0.4439599249311269,0.73669147204077,21.221052631578946,50.0,8.0,12.0,1115,1115,0,1115,907,208,0,1.0,0.8134529147982063,18.14,0.004114741095860614,0.0,10.032043980220369,11.8622289024747,1.0004491932767645,1.0000000000000004,0.6700252814320846,0.4026798466709177,0.09175872643769167,27.9759940520736,30,0.6631944444444444,0.42291666666666666,0.24694444444444444,61.435396913003046,18.149146193015085,"{'alpha': 0.1, 'beta': 0.9, 'gamma': 0.0, 'source': 'phase3_tuning'}"
test,tiny_large,homog,low,binpack,1008,0.7,0.7037012969948461,0.42292421574516337,0.7037012969948461,21.221052631578946,50.0,8.0,12.0,1070,1070,0,1070,837,233,0,1.0,0.7822429906542057,16.74,0.0,0.0,9.977232386451615,11.793026144831629,1.0,1.0000000000000004,0.6248722108573206,0.3789795869807311,0.0,20.781387180068837,24,0.7493055555555556,0.4358333333333333,0.3154166666666667,61.111450706638045,17.508993611303264,{}
test,tiny_large,homog,low,spread,1008,0.7,0.7037012969948461,0.42292421574516337,0.7037012969948461,21.221052631578946,50.0,8.0,12.0,1070,1070,0,1070,837,233,0,1.0,0.7822429906542057,16.74,0.0,0.0,9.977232386451615,11.793026144831629,1.0,1.0000000000000004,0.6248722108573206,0.3789795869807311,0.0,29.610519145229024,30,0.7493055555555556,0.4358333333333333,0.35097222222222224,61.111450706638045,17.508993611303264,{}
test,tiny_large,homog,low,tetris,1008,0.7,0.7037012969948461,0.42292421574516337,0.7037012969948461,21.221052631578946,50.0,8.0,12.0,1070,1070,0,1070,837,233,0,1.0,0.7822429906542057,16.74,0.0,0.0,9.977232386451615,11.793026144831629,1.0,1.0000000000000004,0.6248722108573206,0.3789795869807311,0.0,29.54632936411675,30,0.7493055555555556,0.4358333333333333,0.3134722222222222,61.111450706638045,17.508993611303264,{}
test,tiny_large,homog,low,hybrid,1008,0.7,0.7037012969948461,0.42292421574516337,0.7037012969948461,21.221052631578946,50.0,8.0,12.0,1070,1070,0,1070,837,233,0,1.0,0.7822429906542057,16.74,0.0,0.0,9.977232386451615,11.793026144831629,1.0,1.0000000000000004,0.6248722108573206,0.3789795869807311,0.0,28.80898952942531,30,0.7493055555555556,0.4358333333333333,0.3134722222222222,61.111450706638045,17.508993611303264,"{'alpha': 0.1, 'beta': 0.9, 'gamma': 0.0, 'source': 'phase3_tuning'}"
test,tiny_large,homog,low,binpack,1009,0.7,0.7243998916312798,0.43599734428566495,0.7243998916312798,21.221052631578946,50.0,8.0,12.0,1102,1102,0,1102,870,232,0,1.0,0.7894736842105263,17.4,0.0,0.0,9.991693886577417,11.831052835986114,1.0,1.0000000000000004,0.6552453489683859,0.389093947856321,0.0,21.90803130445217,25,0.7194444444444444,0.4766666666666667,0.25472222222222224,61.76092410094645,17.842997267962065,{}
test,tiny_large,homog,low,spread,1009,0.7,0.7243998916312798,0.43599734428566495,0.7243998916312798,21.221052631578946,50.0,8.0,12.0,1102,1102,0,1102,870,232,0,1.0,0.7894736842105263,17.4,0.0,0.0,9.991693886577417,11.831052835986114,1.0,1.0000000000000004,0.6552453489683859,0.389093947856321,0.0,29.625875520691647,30,0.7194444444444444,0.4766666666666667,0.33916666666666667,61.76092410094645,17.842997267962065,{}
test,tiny_large,homog,low,tetris,1009,0.7,0.7243998916312798,0.43599734428566495,0.7243998916312798,21.221052631578946,50.0,8.0,12.0,1102,1102,0,1102,870,232,0,1.0,0.7894736842105263,17.4,0.0,0.0,9.991693886577417,11.831052835986114,1.0,1.0000000000000004,0.6552453489683859,0.389093947856321,0.0,29.51575922206114,30,0.7194444444444444,0.4766666666666667,0.2427777777777778,61.76092410094645,17.842997267962065,{}
test,tiny_large,homog,low,hybrid,1009,0.7,0.7243998916312798,0.43599734428566495,0.7243998916312798,21.221052631578946,50.0,8.0,12.0,1102,1102,0,1102,870,232,0,1.0,0.7894736842105263,17.4,0.0,0.0,9.991693886577417,11.831052835986114,1.0,1.0000000000000004,0.6552453489683859,0.389093947856321,0.0,28.274781029409837,30,0.7194444444444444,0.4766666666666667,0.2427777777777778,61.76092410094645,17.842997267962065,"{'alpha': 0.1, 'beta': 0.9, 'gamma': 0.0, 'source': 'phase3_tuning'}"
test,tiny_large,homog,med,binpack,1000,1.0,1.0427320544958778,0.6224870974440869,1.0427320544958778,30.31578947368421,50.0,8.0,12.0,1588,1588,0,1545,1223,322,43,0.9729219143576826,0.7701511335012594,24.46,0.9070733609100093,3.4643608547036067,10.869978614346214,13.988247964051503,1.0924869659222305,1.3628832997635925,0.8948459269840011,0.5345284395805399,27.732067146263013,27.21280056976392,30,0.9944444444444444,0.6179166666666667,0.37652777777777774,64.06970825663714,24.78550383964789,{}
test,tiny_large,homog,med,spread,1000,1.0,1.0427320544958778,0.6224870974440869,1.0427320544958778,30.31578947368421,50.0,8.0,12.0,1588,1588,0,1543,1223,320,45,0.9716624685138538,0.7701511335012594,24.46,0.9206194036496785,3.4914938243607807,10.883524657085884,14.071017368439644,1.0938139076739144,1.3626191657444089,0.8949551191621229,0.5339073920957604,28.17118275125034,29.63664415489942,30,0.9940972222222223,0.6077083333333333,0.3863888888888889,63.73338215553091,24.916298904783453,{}
test,tiny_large,homog,med,tetris,1000,1.0,1.0427320544958778,0.6224870974440869,1.0427320544958778,30.31578947368421,50.0,8.0,12.0,1588,1588,0,1534,1221,313,54,0.9659949622166247,0.7688916876574308,24.42,0.995498655762639,4.2879944074026355,10.958403909198845,14.895922769787663,1.1014585368361525,1.4548668390178605,0.882979595221471,0.5309868564429183,29.924941114254743,29.263215881605955,30,0.9944444444444444,0.6054166666666667,0.38902777777777775,64.52840577423606,24.609317105336466,{}
test,tiny_large,homog,med,hybrid,1000,1.0,1.0427320544958778,0.6224870974440869,1.0427320544958778,30.31578947368421,50.0,8.0,12.0,1588,1588,0,1546,1226,320,42,0.9735516372795969,0.7720403022670025,24.52,0.8935482737991227,3.7451049474317983,10.856453527235328,14.140868785277913,1.0911322321834935,1.393161468706822,0.8916775555159501,0.534192717781674,27.264128993538762,28.917685175183195,30,0.9899305555555556,0.6227083333333333,0.3672222222222222,64.29171210725492,24.699917733576797,"{'alpha': 0.1, 'beta': 0.9, 'gamma': 0.0, 'source': 'phase3_tuning'}"
test,tiny_large,homog,med,binpack,1001,1.0,0.9711317065941172,0.582335760729055,0.9711317065941172,30.31578947368421,50.0,8.0,12.0,1473,1473,0,1473,1177,296,0,1.0,0.7990495587236931,23.54,0.15360715460052227,1.1388256403923265,10.186764809530082,11.945789389720208,1.0155936653234814,1.1137430917170688,0.8771249948278538,0.5237377080507631,4.525266774531392,27.31493455640283,30,0.9555555555555556,0.6120833333333333,0.34347222222222223,61.767458528031995,23.847508625136435,{}
test,tiny_large,homog,med,spread,1001,1.0,0.9711317065941172,0.582335760729055,0.9711317065941172,30.31578947368421,50.0,8.0,12.0,1473,1473,0,1470,1178,292,3,0.9979633401221996,0.7997284453496266,23.56,0.19423953455812934,1.6728332563867312,10.227397189487688,11.998325467037557,1.0196593545849004,1.1653635023851887,0.8743301995894511,0.5232826576337226,5.702068452930101,29.71727901912544,30,0.923611111111111,0.6041666666666666,0.3194444444444444,62.667956769326786,23.504835260896346,{}
test,tiny_large,homog,med,tetris,1001,1.0,0.9711317065941172,0.582335760729055,0.9711317065941172,30.31578947368421,50.0,8.0,12.0,1473,1473,0,1466,1173,293,7,0.9952477936184657,0.7963340122199593,23.46,0.3160362989433448,2.4482877734791586,10.349193953872904,12.770937104317227,1.0320893685665926,1.2564151887958066,0.8661188997353204,0.5195022239505493,9.268611203549089,29.556945333058035,30,0.9305555555555556,0.6020833333333333,0.33041666666666664,62.44176019924242,23.589982013637588,{}
test,tiny_large,homog,med,hybrid,1001,1.0,0.9711317065941172,0.582335760729055,0.9711317065941172,30.31578947368421,50.0,8.0,12.0,1473,1473,0,1469,1175,294,4,0.9972844534962662,0.7976917854718262,23.5,0.2569593579824177,2.2517850797930166,10.290117012911978,12.213115681429706,1.0260697317469534,1.2203408564972469,0.8700724075709371,0.5208316162798227,7.547460106590256,28.88296593814939,30,0.9375,0.60625,0.3345833333333334,62.5295192959519,23.556873882690486,"{'alpha': 0.1, 'beta': 0.9, 'gamma': 0.0, 'source': 'phase3_tuning'}"
test,tiny_large,homog,med,binpack,1002,1.0,0.999010869479429,0.5961526885555476,0.999010869479429,30.31578947368421,50.0,8.0,12.0,1517,1517,0,1508,1218,290,9,0.994067237969677,0.8029004614370469,24.36,0.26603180874192606,1.7031300665514735,10.231989406587637,12.309919407650153,1.0271610674973128,1.1661953364914641,0.8801342155975914,0.5341873726244802,7.83174962250638,27.262978107096934,30,0.9503472222222222,0.5839583333333334,0.36638888888888893,63.46988873429198,23.901097516504453,{}
test,tiny_large,homog,med,spread,1002,1.0,0.999010869479429,0.5961526885555476,0.999010869479429,30.31578947368421,50.0,8.0,12.0,1517,1517,0,1507,1215,292,10,0.99340804218853,0.8009228740936059,24.3,0.3122867741925385,2.0054334152560145,10.278244372038248,12.550890902476565,1.0317492461135633,1.206940322271358,0.8749808420916216,0.5332309441620475,9.223511834307686,29.741414148508262,30,0.954861111111111,0.5916666666666667,0.3631944444444445,63.05749142453463,24.057411193014257,{}
test,tiny_large,homog,med,tetris,1002,1.0,0.999010869479429,0.5961526885555476,0.999010869479429,30.31578947368421,50.0,8.0,12.0,1517,1517,0,1502,1215,287,15,0.990112063282795,0.8009228740936059,24.3,0.3682469195633357,1.9816729140229299,10.334204517409047,12.751745645143679,1.037536448409421,1.20650803590353,0.8664611902468861,0.5327129840359281,10.519837766867806,29.67364097842765,30,0.9253472222222222,0.5739583333333333,0.35138888888888886,64.92792859084386,23.36436773702846,{}
test,tiny_large,homog,med,hybrid,1002,1.0,0.999010869479429,0.5961526885555476,0.999010869479429,30.31578947368421,50.0,8.0,12.0,1517,1517,0,1499,1212,287,18,0.988134475939354,0.7989452867501649,24.24,0.4031140009439538,2.5039384015717197,10.369071598789663,12.986956000742616,1.0410670121724177,1.2554047591332989,0.8615173726407319,0.5324497004894263,11.461722306239526,29.125982467274493,30,0.929513888888889,0.5777083333333334,0.35597222222222225,64.64219012899908,23.46764546455953,"{'alpha': 0.1, 'beta': 0.9, 'gamma': 0.0, 'source': 'phase3_tuning'}"
test,tiny_large,homog,med,binpack,1003,1.0,0.9592594585137297,0.5750209703476994,0.9592594585137297,30.31578947368421,50.0,8.0,12.0,1451,1451,0,1437,1129,308,14,0.9903514817367333,0.7780840799448656,22.58,0.143765681217558,0.6473370411546853,10.143736891929036,11.94043567454258,1.0144794301086846,1.0644592111843658,0.8334544847802638,0.5068252139483911,3.8572073604163553,26.197453295021027,30,0.9899305555555556,0.6289583333333333,0.36291666666666667,63.47013370732434,22.861146105204394,{}
test,tiny_large,homog,med,spread,1003,1.0,0.9592594585137297,0.5750209703476994,0.9592594585137297,30.31578947368421,50.0,8.0,12.0,1451,1451,0,1436,1132,304,15,0.9896623018607856,0.7801516195727085,22.64,0.16202586781087536,0.8258781456152846,10.161997078522354,11.94043567454258,1.0163163545797973,1.0843074598181748,0.8323740691864693,0.5062581146104417,4.357039572148252,29.7597483913122,30,0.986111111111111,0.6166666666666667,0.36944444444444446,63.64784526607151,22.79731535190679,{}
test,tiny_large,homog,med,tetris,1003,1.0,0.9592594585137297,0.5750209703476994,0.9592594585137297,30.31578947368421,50.0,8.0,12.0,1451,1451,0,1436,1131,305,15,0.9896623018607856,0.7794624396967609,22.62,0.2319251035304101,1.2899347736058715,10.23189631424189,12.183893979209675,1.0232905574826872,1.1337540444537557,0.8265836714085283,0.5043534409750964,6.258975413246494,29.685868550085726,30,0.9888888888888889,0.6233333333333333,0.3655555555555556,64.30862560589857,22.56306967112216,{}
test,tiny_large,homog,med,hybrid,1003,1.0,0.9592594585137297,0.5750209703476994,0.9592594585137297,30.31578947368421,50.0,8.0,12.0,1451,1451,0,1431,1129,302,20,0.9862164024810476,0.7780840799448656,22.58,0.2338424261234269,1.2384666202417876,10.233813636834906,12.144150125804344,1.0235132468240549,1.1232456463522977,0.8270628202317652,0.5032530247051286,6.369378858850091,29.20334234736806,30,0.9909722222222223,0.6158333333333333,0.3770833333333333,63.81461668019995,22.73773745710218,"{'alpha': 0.1, 'beta': 0.9, 'gamma': 0.0, 'source': 'phase3_tuning'}"
test,tiny_large,homog,med,binpack,1004,1.0,0.9863449780436707,0.593590427993457,0.9863449780436707,30.31578947368421,50.0,8.0,12.0,1495,1495,0,1484,1178,306,11,0.9926421404682274,0.7879598662207358,23.56,0.14590425738409446,0.8453090143062454,10.180108164806253,11.946795227226149,1.0150172085721538,1.0812701142943257,0.8640483732986821,0.5301113681452639,4.0656982842046405,27.01673449242206,30,0.9802083333333333,0.580625,0.39958333333333335,64.0382799737874,23.34541153528708,{}
test,tiny_large,homog,med,spread,1004,1.0,0.9863449780436707,0.593590427993457,0.9863449780436707,30.31578947368421,50.0,8.0,12.0,1495,1495,0,1481,1175,306,14,0.9906354515050168,0.7859531772575251,23.5,0.17602453737087487,1.0360947049728821,10.210228444793032,11.968158494609916,1.018122624472041,1.1112587482705587,0.8615520176852216,0.5301080412355992,4.852277625254119,29.62426502311378,30,0.971875,0.5856250000000001,0.38625000000000004,64.2320339009438,23.274990829428383,{}
test,tiny_large,homog,med,tetris,1004,1.0,0.9863449780436707,0.593590427993457,0.9863449780436707,30.31578947368421,50.0,8.0,12.0,1495,1495,0,1477,1172,305,18,0.9879598662207358,0.7839464882943143,23.44,0.2671434401756969,2.0597205226818147,10.301347347597854,12.41805156322981,1.0274866096527164,1.2185746729803224,0.8541717614223907,0.5282928801636286,7.457901687069142,29.378651211369075,30,0.9690972222222223,0.5789583333333332,0.3901388888888889,64.66240923972411,23.120078846081338,{}
test,tiny_large,homog,med,hybrid,1004,1.0,0.9863449780436707,0.593590427993457,0.9863449780436707,30.31578947368421,50.0,8.0,12.0,1495,1495,0,1481,1175,306,14,0.9906354515050168,0.7859531772575251,23.5,0.20520325676724624,1.3288959801351083,10.239407164189403,12.01865931329621,1.0211586926287177,1.1422687936474862,0.8599698003981452,0.5289296928123333,5.79358102569159,28.38978347340986,30,0.9760416666666667,0.583125,0.39291666666666664,63.81015034181067,23.428874434424003,"{'alpha': 0.1, 'beta': 0.9, 'gamma': 0.0, 'source': 'phase3_tuning'}"
test,tiny_large,homog,med,binpack,1005,1.0,0.9900740107094244,0.5948535656545669,0.9900740107094244,30.31578947368421,50.0,8.0,12.0,1497,1497,0,1497,1204,293,0,1.0,0.8042752171008684,24.08,0.15405309014705398,0.9427700366876124,10.192904904545735,11.927426452938043,1.0156767002018965,1.093660330424154,0.8877397888000206,0.5387019903270369,4.612349519002796,27.601733399722917,30,0.9659722222222222,0.5745833333333333,0.3952777777777778,61.39376205567128,24.38358474664795,{}
test,tiny_large,homog,med,spread,1005,1.0,0.9900740107094244,0.5948535656545669,0.9900740107094244,30.31578947368421,50.0,8.0,12.0,1497,1497,0,1489,1200,289,8,0.9946559786239145,0.8016032064128257,24.0,0.21245038643719874,1.3185737346125421,10.25130220083588,11.997923424850605,1.0215676168352252,1.1342930983676953,0.8792101289399227,0.5375449017550661,6.275678951411579,29.681753087428824,30,0.9173611111111111,0.5704166666666667,0.34694444444444444,61.90765536695187,24.181177450941593,{}
test,tiny_large,homog,med,tetris,1005,1.0,0.9900740107094244,0.5948535656545669,0.9900740107094244,30.31578947368421,50.0,8.0,12.0,1497,1497,0,1488,1198,290,9,0.9939879759519038,0.8002672010688042,23.96,0.24687271850406875,1.7154548004980938,10.28572453290275,12.161236846229452,1.0250545842292629,1.1781368670471544,0.8755435942684765,0.5367535213639083,7.215242192961337,29.619831868600684,30,0.9284722222222223,0.5720833333333334,0.35638888888888887,62.53475562438321,23.938687935262323,{}
test,tiny_large,homog,med,hybrid,1005,1.0,0.9900740107094244,0.5948535656545669,0.9900740107094244,30.31578947368421,50.0,8.0,12.0,1497,1497,0,1492,1200,292,5,0.9966599866399466,0.8016032064128257,24.0,0.2245859185461881,1.4526093033052625,10.263437732944869,11.996261998742874,1.0228384735526024,1.1459457471341317,0.8795098624919838,0.5371969587689878,6.664978758472268,29.286918141165188,30,0.954861111111111,0.5729166666666666,0.3858333333333333,61.57262889223354,24.31275108652741,"{'alpha': 0.1, 'beta': 0.9, 'gamma': 0.0, 'source': 'phase3_tuning'}"
test,tiny_large,homog,med,binpack,1006,1.0,1.005733685967736,0.6025771522848428,1.005733685967736,30.31578947368421,50.0,8.0,12.0,1519,1519,0,1495,1182,313,24,0.9842001316655694,0.7781435154707044,23.64,0.29826608082650174,1.9312122337743176,10.29788795966753,12.314608718647023,1.0300613780305412,1.1941341544069528,0.8754587700615388,0.5287892137881957,8.670840173003212,27.157237439491198,30,0.9881944444444445,0.5716666666666667,0.4165277777777778,64.2923556674589,23.626448031501052,{}
test,tiny_large,homog,med,spread,1006,1.0,1.005733685967736,0.6025771522848428,1.005733685967736,30.31578947368421,50.0,8.0,12.0,1519,1519,0,1497,1176,321,22,0.9855167873601053,0.7741935483870968,23.52,0.3255814669604337,1.7741960208631724,10.325203345801462,12.555852263203136,1.0324782682007194,1.1860814513062339,0.8641168003318233,0.5316836792660029,9.108745976960769,29.760979073596477,30,0.990625,0.5868749999999999,0.40375,65.46911714912778,23.201779192164302,{}
test,tiny_large,homog,med,tetris,1006,1.0,1.005733685967736,0.6025771522848428,1.005733685967736,30.31578947368421,50.0,8.0,12.0,1519,1519,0,1489,1172,317,30,0.9802501645819618,0.771560236998025,23.44,0.41435002669680754,2.4870068037064286,10.413971905537837,13.100623939908852,1.0413466128675413,1.2560270245897116,0.8550299342072623,0.5281574617939667,11.467033915560688,29.74112265954625,30,0.982638888888889,0.5770833333333333,0.4055555555555556,66.27482542043442,22.919713335550316,{}
test,tiny_large,homog,med,hybrid,1006,1.0,1.005733685967736,0.6025771522848428,1.005733685967736,30.31578947368421,50.0,8.0,12.0,1519,1519,0,1496,1178,318,23,0.9848584595128373,0.7755102040816326,23.56,0.3441129524610439,1.8616919553758002,10.343734831302072,12.622321773188098,1.0345132411795188,1.2038029993579311,0.8646097482303489,0.5310301770714089,9.769539765910336,29.043029303028995,30,0.9854166666666667,0.58375,0.40166666666666667,65.36304828821618,23.239430225194216,"{'alpha': 0.1, 'beta': 0.9, 'gamma': 0.0, 'source': 'phase3_tuning'}"
test,tiny_large,homog,med,binpack,1007,1.0,1.0241271580089277,0.6164076343605621,1.0241271580089277,30.31578947368421,50.0,8.0,12.0,1554,1554,0,1521,1226,295,33,0.9787644787644788,0.788931788931789,24.52,0.7406118525821185,4.40931952235114,10.752322908596835,15.025655483856895,1.075410667432076,1.452338113687205,0.8739651119787821,0.5379474876550626,22.047542542974025,26.861840619622555,30,0.9777777777777779,0.5904166666666666,0.38930555555555557,64.41432689834976,24.12506774234122,{}
test,tiny_large,homog,med,spread,1007,1.0,1.0241271580089277,0.6164076343605621,1.0241271580089277,30.31578947368421,50.0,8.0,12.0,1554,1554,0,1524,1227,297,30,0.9806949806949807,0.7895752895752896,24.54,0.7462461052531997,4.405195051560568,10.757957161267916,15.141850333611245,1.0759808952161458,1.4562106780093929,0.8746863312524815,0.5376654583271453,22.20108663270306,29.659144575485975,30,0.9875,0.58875,0.39875,64.89727315197484,23.94553614542295,{}
test,tiny_large,homog,med,tetris,1007,1.0,1.0241271580089277,0.6164076343605621,1.0241271580089277,30.31578947368421,50.0,8.0,12.0,1554,1554,0,1529,1227,302,25,0.9839124839124839,0.7895752895752896,24.54,0.7773641260076734,4.426085929206842,10.78907518202239,15.230827351818085,1.0790558483921115,1.4634234614633521,0.8665287336591524,0.5389413592652184,22.884523192171706,29.357966366030087,30,0.9805555555555556,0.6158333333333333,0.3647222222222222,64.89357148923204,23.946902048038137,{}
test,tiny_large,homog,med,hybrid,1007,1.0,1.0241271580089277,0.6164076343605621,1.0241271580089277,30.31578947368421,50.0,8.0,12.0,1554,1554,0,1528,1227,301,26,0.9832689832689833,0.7895752895752896,24.54,0.7546225616175207,4.211819782276763,10.766333617632238,14.968312831578963,1.0767827075858196,1.4397139507954415,0.8691196271367839,0.5387744177319138,22.33105178097885,28.844123918136646,30,0.9777777777777777,0.6091666666666666,0.3686111111111111,64.74132000016169,24.003217728586918,"{'alpha': 0.1, 'beta': 0.9, 'gamma': 0.0, 'source': 'phase3_tuning'}"
test,tiny_large,homog,med,binpack,1008,1.0,1.013199818286203,0.6079953784192637,1.013199818286203,30.31578947368421,50.0,8.0,12.0,1543,1543,0,1512,1194,318,31,0.9799092676604018,0.7738172391445236,23.88,0.45336474216632094,2.1944148494694105,10.442190969470408,12.940919906878854,1.0461477935673207,1.2272374348507944,0.8748856875303513,0.5314336438100093,13.256432466474676,26.827809731272023,30,0.990625,0.630625,0.3619444444444444,64.4227736281669,23.95115753484681,{}
test,tiny_large,homog,med,spread,1008,1.0,1.013199818286203,0.6079953784192637,1.013199818286203,30.31578947368421,50.0,8.0,12.0,1543,1543,0,1512,1188,324,31,0.9799092676604018,0.7699287103046014,23.76,0.49314627096321983,2.189954477647113,10.481972498267307,12.994473640292359,1.0502299804577317,1.2261370392279525,0.872057399788254,0.5320024589866634,14.432772073380056,29.72736340166032,30,0.99375,0.62875,0.365,64.4917860827595,23.925527477560248,{}
test,tiny_large,homog,med,tetris,1008,1.0,1.013199818286203,0.6079953784192637,1.013199818286203,30.31578947368421,50.0,8.0,12.0,1543,1543,0,1510,1195,315,33,0.9786130913804277,0.7744653272845107,23.9,0.5525395646078828,2.7608817180667025,10.54136579191197,13.420866785644115,1.0563453707925659,1.2877597006666415,0.8664205096647699,0.5293365238945235,15.955191254154347,29.622517838022613,30,0.9854166666666667,0.6275,0.3579166666666667,65.09590337621081,23.703488544931794,{}
test,tiny_large,homog,med,hybrid,1008,1.0,1.013199818286203,0.6079953784192637,1.013199818286203,30.31578947368421,50.0,8.0,12.0,1543,1543,0,1513,1196,317,30,0.9805573558003888,0.7751134154244977,23.92,0.5095460240432047,2.602049689786405,10.498372251347291,13.473580958366092,1.0519469328478819,1.2750298397779405,0.8681706120663846,0.5305570276130661,14.769915633124402,29.037632542298134,30,0.9930555555555556,0.6270833333333333,0.3659722222222222,64.87723731538715,23.783380178459627,"{'alpha': 0.1, 'beta': 0.9, 'gamma': 0.0, 'source': 'phase3_tuning'}"
test,tiny_large,homog,med,binpack,1009,1.0,1.0083874025546604,0.603902507212934,1.0083874025546604,30.31578947368421,50.0,8.0,12.0,1519,1519,0,1506,1208,298,13,0.9914417379855168,0.7952600394996708,24.16,0.4646350484925075,3.6521384860728077,10.486537018065489,14.051776134216915,1.046450180361942,1.3534602846969972,0.8805233014486443,0.5377730497589311,13.82352598005616,27.24785334894697,30,0.9850694444444446,0.5735416666666667,0.41152777777777777,63.66060719125347,23.860909705691594,{}
test,tiny_large,homog,med,spread,1009,1.0,1.0083874025546604,0.603902507212934,1.0083874025546604,30.31578947368421,50.0,8.0,12.0,1519,1519,0,1507,1208,299,12,0.9921000658327848,0.7952600394996708,24.16,0.4740080771499197,3.6371054032635968,10.4959100467229,13.87479657209299,1.0476843938858689,1.3508492188685546,0.8822116510749639,0.5381630685554933,14.117580743822252,29.738112864484066,30,0.9878472222222222,0.5802083333333333,0.4076388888888889,63.64879705115202,23.86533713715343,{}
test,tiny_large,homog,med,tetris,1009,1.0,1.0083874025546604,0.603902507212934,1.0083874025546604,30.31578947368421,50.0,8.0,12.0,1519,1519,0,1497,1201,296,22,0.9855167873601053,0.7906517445687953,24.02,0.5905011187114911,4.774377092448859,10.612403088284472,14.978147074457844,1.0592829246989324,1.4597895140338875,0.8688137310407607,0.5316088403985108,17.267177268123937,29.612191614184347,30,0.9545138888888889,0.5689583333333333,0.38555555555555554,64.61023242283125,23.510207950640844,{}
test,tiny_large,homog,med,hybrid,1009,1.0,1.0083874025546604,0.603902507212934,1.0083874025546604,30.31578947368421,50.0,8.0,12.0,1519,1519,0,1498,1203,295,21,0.9861751152073732,0.7919684002633312,24.06,0.5860767384528522,4.480593108492453,10.607978708025833,14.94115624326087,1.0588324445389747,1.4513799957391293,0.869151476317278,0.5321071834935529,17.059084368927458,28.923868658559996,30,0.9559027777777778,0.5597916666666667,0.3961111111111111,64.6888549350033,23.481633760965913,"{'alpha': 0.1, 'beta': 0.9, 'gamma': 0.0, 'source': 'phase3_tuning'}"
test,tiny_large,homog,high,binpack,1000,1.3,1.341479852736072,0.8039331461550828,1.341479852736072,39.410526315789475,50.0,8.0,12.0,2037,2037,0,1736,1386,350,301,0.852233676975945,0.6804123711340206,27.72,4.663353271238577,15.966351542779346,14.638464936397607,25.950726217974804,1.4730496104351625,2.6105980075344863,0.9149655627353177,0.6025689739428421,152.25005815785022,27.713012494489504,30,0.9951388888888889,0.6508333333333333,0.34430555555555553,79.48393576309762,25.627820017258475,{}
test,tiny_large,homog,high,spread,1000,1.3,1.341479852736072,0.8039331461550828,1.341479852736072,39.410526315789475,50.0,8.0,12.0,2037,2037,0,1730,1382,348,307,0.8492881688757977,0.6784486990672558,27.64,4.74664411961046,15.526830921512811,14.72175578476949,25.759710361165787,1.4817141937531135,2.6128612637089863,0.9116756082307159,0.6018927185988926,154.44854822115877,29.7204955037688,30,0.996875,0.6456250000000001,0.35125,78.71891739457695,25.87688026487432,{}
test,tiny_large,homog,high,tetris,1000,1.3,1.341479852736072,0.8039331461550828,1.341479852736072,39.410526315789475,50.0,8.0,12.0,2037,2037,0,1758,1408,350,279,0.8630338733431517,0.6912125675012273,28.16,4.1134498072776315,16.009052925670346,14.08856147243666,26.964169958695795,1.4174565110933504,2.634441547764029,0.9134238129514884,0.6164975300929849,132.59916497252746,29.605693076642716,30,0.9930555555555556,0.6645833333333333,0.3284722222222222,78.73587127902316,25.871308298365122,{}
test,tiny_large,homog,high,hybrid,1000,1.3,1.341479852736072,0.8039331461550828,1.341479852736072,39.410526315789475,50.0,8.0,12.0,2037,2037,0,1733,1387,346,304,0.8507609229258714,0.6809032891507119,27.74,4.528239913109333,14.214410180195998,14.503351578268363,24.33448224460538,1.459554335639718,2.498240542541158,0.9139982039101463,0.6068483616525997,146.64441333014489,29.137499582935178,30,0.9934027777777777,0.6497916666666667,0.34361111111111114,78.7676952714576,25.86085568429893,"{'alpha': 0.1, 'beta': 0.9, 'gamma': 0.0, 'source': 'phase3_tuning'}"
test,tiny_large,homog,high,binpack,1001,1.3,1.2893795267792154,0.7744201584834554,1.2893795267792154,39.410526315789475,50.0,8.0,12.0,1959,1959,0,1773,1410,363,186,0.9050535987748851,0.7197549770290965,28.2,2.6511482193468607,16.05969872024672,12.6585733630844,26.34986883681551,1.2700971969855837,2.660712721990442,0.9009774922027843,0.604435997986099,77.92909610782253,27.41891776988171,30,0.9958333333333333,0.6649999999999999,0.33083333333333337,77.66587334734295,25.223433608205475,{}
test,tiny_large,homog,high,spread,1001,1.3,1.2893795267792154,0.7744201584834554,1.2893795267792154,39.410526315789475,50.0,8.0,12.0,1959,1959,0,1766,1406,360,193,0.9014803471158754,0.7177131189382338,28.12,2.696047724936423,17.005531670371994,12.703472868673963,26.92984882564427,1.274420779000511,2.710196731963553,0.897846905077633,0.6003493736615212,79.24220134974375,29.782522322404137,30,0.9947916666666666,0.659375,0.33541666666666664,77.67998663034446,25.218850890413872,{}
test,tiny_large,homog,high,tetris,1001,1.3,1.2893795267792154,0.7744201584834554,1.2893795267792154,39.410526315789475,50.0,8.0,12.0,1959,1959,0,1776,1412,364,183,0.9065849923430321,0.7207759060745278,28.24,2.6785434156764247,16.438140174352505,12.685968559413965,26.95656463666983,1.27282758772698,2.7018542675257256,0.8956786832796407,0.603644360092583,78.13041458769032,29.606137083599005,30,0.9965277777777778,0.6666666666666666,0.3298611111111111,78.0493704106071,25.099497788309733,{}
test,tiny_large,homog,high,hybrid,1001,1.3,1.2893795267792154,0.7744201584834554,1.2893795267792154,39.410526315789475,50.0,8.0,12.0,1959,1959,0,1775,1411,364,184,0.9060745278203165,0.7202654415518122,28.22,2.7097087931073487,15.813349106508987,12.71713393684489,26.27984600665684,1.2760570948823975,2.6750816217378497,0.8987489784494936,0.6042537079556736,79.98181301113867,29.164836414153473,30,0.9965277777777778,0.6729166666666667,0.3236111111111111,77.83669742174064,25.168077075336317,"{'alpha': 0.1, 'beta': 0.9, 'gamma': 0.0, 'source': 'phase3_tuning'}"
test,tiny_large,homog,high,binpack,1002,1.3,1.3114545184588362,0.7882177051821704,1.3114545184588362,39.410526315789475,50.0,8.0,12.0,1987,1987,0,1740,1387,353,247,0.875691997986915,0.6980372420734776,27.74,3.729640001073027,16.288238625977026,13.714352230504428,25.868896095078966,1.3798352162541176,2.6254124887469343,0.9181404168568693,0.6168407589378692,120.1829393384085,27.771642660540873,30,0.9961805555555556,0.7189583333333334,0.2772222222222222,76.50760403569902,25.971274686276296,{}
test,tiny_large,homog,high,spread,1002,1.3,1.3114545184588362,0.7882177051821704,1.3114545184588362,39.410526315789475,50.0,8.0,12.0,1987,1987,0,1754,1403,351,233,0.8827377956718672,0.7060895822848515,28.06,3.5633812200879804,17.53469855364447,13.548093449519383,27.0383537225221,1.3629481006400266,2.7484017095447837,0.9171630130758543,0.6192815753245712,114.07282612952453,29.801087806544782,30,0.9958333333333333,0.7025,0.29333333333333333,77.01724545626443,25.799416588176374,{}
test,tiny_large,homog,high,tetris,1002,1.3,1.3114545184588362,0.7882177051821704,1.3114545184588362,39.410526315789475,50.0,8.0,12.0,1987,1987,0,1761,1408,353,226,0.8862606945143432,0.7086059386009059,28.16,3.3084275112410233,18.36823898835928,13.293139740672425,28.072031501519362,1.3372051373479314,2.79737568537761,0.9154238264193773,0.6243836196189338,105.06467484678083,29.646025462292236,30,0.9961805555555556,0.7252083333333333,0.2709722222222222,77.45423473567853,25.65385878229726,{}
test,tiny_large,homog,high,hybrid,1002,1.3,1.3114545184588362,0.7882177051821704,1.3114545184588362,39.410526315789475,50.0,8.0,12.0,1987,1987,0,1760,1407,353,227,0.8857574232511324,0.708102667337695,28.14,3.449068316241123,17.409053467762707,13.433780545672525,26.982337358678542,1.3513087479001844,2.741149528870632,0.9170563181008271,0.6209966215985052,110.27947783789233,29.051259205099168,30,0.998263888888889,0.7177083333333333,0.28055555555555556,76.79335121952965,25.874635869448518,"{'alpha': 0.1, 'beta': 0.9, 'gamma': 0.0, 'source': 'phase3_tuning'}"
test,tiny_large,homog,high,binpack,1003,1.3,1.2399715874162898,0.7477603698140769,1.2399715874162898,39.410526315789475,50.0,8.0,12.0,1887,1887,0,1701,1360,341,186,0.9014308426073132,0.7207207207207207,27.2,2.582415299803044,10.940360878901586,12.569715898918531,21.177877589831297,1.2628038495133431,2.16659145382111,0.9089538037876259,0.5903786321001868,79.9221923886711,27.50995331904967,30,0.998263888888889,0.6677083333333333,0.33055555555555555,74.29012967525361,25.40041332877857,{}
test,tiny_large,homog,high,spread,1003,1.3,1.2399715874162898,0.7477603698140769,1.2399715874162898,39.410526315789475,50.0,8.0,12.0,1887,1887,0,1685,1348,337,202,0.8929517753047165,0.7143614202437731,26.96,2.851257004782038,11.053101146761321,12.838557603897526,21.26736038751197,1.2902866521995828,2.1607979488805245,0.9076208657128868,0.5844311419740535,88.61459877879435,29.815191070240168,30,0.9965277777777778,0.6541666666666667,0.3423611111111111,74.79278085951216,25.229707711289237,{}
test,tiny_large,homog,high,tetris,1003,1.3,1.2399715874162898,0.7477603698140769,1.2399715874162898,39.410526315789475,50.0,8.0,12.0,1887,1887,0,1718,1372,346,169,0.9104398516163222,0.7270800211976682,27.44,2.385495694404885,11.41139604974282,12.372796293520372,21.917812528039505,1.242886455078315,2.236757634878801,0.904180698567355,0.5928171137880206,72.54862032250053,29.72719148682717,30,0.9975694444444444,0.6597916666666667,0.3377777777777778,75.0766799216405,25.134302715164168,{}
test,tiny_large,homog,high,hybrid,1003,1.3,1.2399715874162898,0.7477603698140769,1.2399715874162898,39.410526315789475,50.0,8.0,12.0,1887,1887,0,1706,1365,341,181,0.9040805511393747,0.7233704292527822,27.3,2.4935932311570737,10.457845387249932,12.48089383027256,21.220910168100474,1.2538351916062058,2.138545717663333,0.9072904348150845,0.5938621222366368,77.01845686694276,29.07476733735565,30,0.998263888888889,0.6614583333333334,0.3368055555555555,74.30951831138918,25.393785922452757,"{'alpha': 0.1, 'beta': 0.9, 'gamma': 0.0, 'source': 'phase3_tuning'}"
test,tiny_large,homog,high,binpack,1004,1.3,1.2971368769020528,0.7761349245052321,1.2971368769020528,39.410526315789475,50.0,8.0,12.0,1955,1955,0,1712,1371,341,243,0.8757033248081841,0.7012787723785167,27.42,3.4494850659890117,14.371879884905823,13.480634838636718,25.361541882519305,1.3469702794811231,2.530151648166313,0.9054301684289564,0.5856437182342917,106.74420290666647,27.408351035578665,30,0.9951388888888889,0.6945833333333333,0.3005555555555556,77.43825815408361,25.24591909221431,{}
test,tiny_large,homog,high,spread,1004,1.3,1.2971368769020528,0.7761349245052321,1.2971368769020528,39.410526315789475,50.0,8.0,12.0,1955,1955,0,1722,1376,346,233,0.8808184143222506,0.7038363171355498,27.52,3.4002888297508487,13.575364338744883,13.431438602398556,25.062308451368025,1.3420454522958882,2.4827167291374734,0.9038289748237228,0.590274052470106,105.16497561113505,29.710973094703004,30,0.9954861111111111,0.6922916666666666,0.30319444444444443,77.76829718096027,25.138778536591584,{}
test,tiny_large,homog,high,tetris,1004,1.3,1.2971368769020528,0.7761349245052321,1.2971368769020528,39.410526315789475,50.0,8.0,12.0,1955,1955,0,1776,1414,362,179,0.9084398976982098,0.7232736572890025,28.28,2.9047611680283802,14.709290359643731,12.935910940676086,26.114130988029025,1.291398225712401,2.612318641770169,0.9016798579642064,0.5989894722728717,87.01037821965116,29.6245847099184,30,0.9930555555555556,0.7145833333333333,0.2784722222222222,78.2755270258679,24.97587782901706,{}
test,tiny_large,homog,high,hybrid,1004,1.3,1.2971368769020528,0.7761349245052321,1.2971368769020528,39.410526315789475,50.0,8.0,12.0,1955,1955,0,1746,1390,356,209,0.8930946291560102,0.710997442455243,27.8,3.1845658428932597,14.244879998939965,13.215715615540965,25.48587638786801,1.3200521259899032,2.5197168069408864,0.9048588526466134,0.5932864938389018,97.59399321963028,28.98704220587883,30,0.9930555555555556,0.7083333333333334,0.28472222222222227,77.60015349864287,25.193249134928458,"{'alpha': 0.1, 'beta': 0.9, 'gamma': 0.0, 'source': 'phase3_tuning'}"
test,tiny_large,homog,high,binpack,1005,1.3,1.2852620153820424,0.7679259936204494,1.2852620153820424,39.410526315789475,50.0,8.0,12.0,1939,1939,0,1713,1356,357,226,0.8834450747808148,0.6993295513151109,27.12,3.9642856284657952,10.852083966074922,14.010262703172335,21.349136487450544,1.400330451089375,2.1586563815711033,0.9261551358179543,0.6010673095506549,130.4900853974811,27.97781188375955,30,0.9947916666666666,0.690625,0.3061111111111111,76.05211224376548,25.495675830607233,{}
test,tiny_large,homog,high,spread,1005,1.3,1.2852620153820424,0.7679259936204494,1.2852620153820424,39.410526315789475,50.0,8.0,12.0,1939,1939,0,1688,1340,348,251,0.8705518308406395,0.6910778751933987,26.8,4.096767511857408,10.617518950787932,14.142744586563948,21.197279419319436,1.4134678928078406,2.1484133749103504,0.9238329748874153,0.5943895089458148,134.24989623615747,29.755194682637423,30,0.996875,0.6831250000000001,0.31375,75.9531361397309,25.528899773576484,{}
test,tiny_large,homog,high,tetris,1005,1.3,1.2852620153820424,0.7679259936204494,1.2852620153820424,39.410526315789475,50.0,8.0,12.0,1939,1939,0,1705,1357,348,234,0.8793192367199587,0.6998452810727179,27.14,3.7931468465740434,11.805262912418279,13.839123921280583,22.075165827892114,1.383058199221195,2.263795408986681,0.9240307401360106,0.5949460604925929,122.86594788724251,29.74666262805913,30,0.9979166666666667,0.67625,0.32166666666666666,76.44707163593677,25.363953890007494,{}
test,tiny_large,homog,high,hybrid,1005,1.3,1.2852620153820424,0.7679259936204494,1.2852620153820424,39.410526315789475,50.0,8.0,12.0,1939,1939,0,1702,1357,345,237,0.8777720474471377,0.6998452810727179,27.14,3.841963132052178,11.350595399186773,13.887940206758717,21.764569989485715,1.387843650702408,2.207185582775067,0.9264386295448043,0.5953014022174541,124.99437963548496,29.385466561972112,30,0.9979166666666667,0.67625,0.32166666666666666,76.1635289690736,25.458379177615786,"{'alpha': 0.1, 'beta': 0.9, 'gamma': 0.0, 'source': 'phase3_tuning'}"
test,tiny_large,homog,high,binpack,1006,1.3,1.3108905918984348,0.78602808168476,1.3108905918984348,39.410526315789475,50.0,8.0,12.0,1988,1988,0,1695,1356,339,293,0.85261569416499,0.682092555331992,27.12,4.0704048824929835,11.937627249169399,14.064825758473143,22.80383391913894,1.4141049077052208,2.2765297249829,0.933032311456304,0.6022622395912458,130.86361818119695,28.206769737829635,30,0.996875,0.6268750000000001,0.37,76.72522753232761,25.9106432647902,{}
test,tiny_large,homog,high,spread,1006,1.3,1.3108905918984348,0.78602808168476,1.3108905918984348,39.410526315789475,50.0,8.0,12.0,1988,1988,0,1686,1348,338,302,0.8480885311871227,0.6780684104627767,26.96,4.197091635336717,12.198398131082364,14.191512511316876,22.91452418354239,1.4270204849743497,2.286542315792103,0.9304452294689586,0.6006077263326014,134.82578963866888,29.816137748920397,30,0.9961805555555556,0.6252083333333334,0.3709722222222222,76.93031020433767,25.841570048523057,{}
test,tiny_large,homog,high,tetris,1006,1.3,1.3108905918984348,0.78602808168476,1.3108905918984348,39.410526315789475,50.0,8.0,12.0,1988,1988,0,1703,1362,341,285,0.8566398390342053,0.6851106639839034,27.24,4.024521229607488,12.284118151409047,14.018942105587648,23.003818174657326,1.4095518782520582,2.322461478265597,0.9304657883674264,0.6019751618200252,128.61612556694453,29.71712786989328,30,0.9972222222222222,0.6245833333333334,0.3726388888888889,77.26493446379273,25.729653610611688,{}
test,tiny_large,homog,high,hybrid,1006,1.3,1.3108905918984348,0.78602808168476,1.3108905918984348,39.410526315789475,50.0,8.0,12.0,1988,1988,0,1695,1357,338,293,0.85261569416499,0.6825955734406438,27.14,4.087447025326814,12.111445172576964,14.081867901306973,22.964778814021706,1.4158447627776873,2.298326623713746,0.9312885381555052,0.6019362473631026,130.87133406522528,29.34368035964825,30,0.9972222222222222,0.6245833333333334,0.3726388888888889,77.07861914516756,25.791847623215205,"{'alpha': 0.1, 'beta': 0.9, 'gamma': 0.0, 'source': 'phase3_tuning'}"
test,tiny_large,homog,high,binpack,1007,1.3,1.3426193949978054,0.8079189645969392,1.3426193949978054,39.410526315789475,50.0,8.0,12.0,2038,2038,0,1738,1369,369,300,0.8527968596663396,0.6717369970559371,27.38,5.210868534334779,13.400406521062983,15.209687672926066,23.82473003035031,1.5292510738069842,2.457793042243292,0.9174730776970219,0.5936877085681295,173.56082877330846,27.71609752786746,30,0.9947916666666666,0.721875,0.27291666666666664,78.46525626459355,25.973279092183652,{}
test,tiny_large,homog,high,spread,1007,1.3,1.3426193949978054,0.8079189645969392,1.3426193949978054,39.410526315789475,50.0,8.0,12.0,2038,2038,0,1722,1355,367,316,0.844946025515211,0.6648675171736997,27.1,5.378024383848097,13.73858407599139,15.376843522439383,24.331438982245714,1.5464112302635338,2.460373336635946,0.9171328855264318,0.5905705817570983,178.72922093358943,29.737803519604622,30,0.9954861111111111,0.7172916666666667,0.2801388888888889,79.12856203851568,25.755554599968683,{}
test,tiny_large,homog,high,tetris,1007,1.3,1.3426193949978054,0.8079189645969392,1.3426193949978054,39.410526315789475,50.0,8.0,12.0,2038,2038,0,1700,1355,345,338,0.8341511285574092,0.6648675171736997,27.1,5.3638507127190405,13.933462188094786,15.362669851310327,24.207223721790122,1.5452943870322735,2.461806260594126,0.9156141035078478,0.5830941356150939,175.79096097898676,29.721626188376604,30,0.9979166666666667,0.6887500000000001,0.3091666666666667,79.26802126065357,25.71024188049975,{}
test,tiny_large,homog,high,hybrid,1007,1.3,1.3426193949978054,0.8079189645969392,1.3426193949978054,39.410526315789475,50.0,8.0,12.0,2038,2038,0,1714,1360,354,324,0.8410206084396468,0.6673209028459274,27.2,5.267090927282262,13.597678701775095,15.26591006587355,24.05019954894879,1.5353493668048455,2.448285684058036,0.915515833852848,0.5881121701850249,173.4948170881542,29.085093532066512,30,0.9958333333333333,0.68375,0.3120833333333334,79.43730949043562,25.655450984847093,"{'alpha': 0.1, 'beta': 0.9, 'gamma': 0.0, 'source': 'phase3_tuning'}"
test,tiny_large,homog,high,binpack,1008,1.3,1.2932490621008732,0.7754875620741849,1.2932490621008732,39.410526315789475,50.0,8.0,12.0,1965,1965,0,1720,1375,345,245,0.8753180661577609,0.6997455470737913,27.5,4.051889385126246,11.407258212496188,14.026474270271267,22.264369165930965,1.4111698034649944,2.2881672100141697,0.9155450742414419,0.6115973330202178,131.991567245359,27.782583973575473,30,0.9895833333333334,0.625,0.3645833333333333,77.24121945421774,25.439784792169043,{}
test,tiny_large,homog,high,spread,1008,1.3,1.2932490621008732,0.7754875620741849,1.2932490621008732,39.410526315789475,50.0,8.0,12.0,1965,1965,0,1722,1376,346,243,0.8763358778625954,0.7002544529262087,27.52,4.038738507870702,11.812641018558399,14.013323393015723,22.38046505202849,1.4098426630924628,2.291953306265866,0.915484441157047,0.6118917707203346,131.6913509233523,29.790279539738684,30,0.992361111111111,0.6254166666666666,0.3669444444444444,77.09015467905608,25.489636234104648,{}
test,tiny_large,homog,high,tetris,1008,1.3,1.2932490621008732,0.7754875620741849,1.2932490621008732,39.410526315789475,50.0,8.0,12.0,1965,1965,0,1744,1391,353,221,0.8875318066157761,0.7078880407124682,27.82,3.636995751997262,14.872545252108722,13.611580637142282,24.786041096987546,1.3688575172434856,2.3882117453447718,0.9172136728720784,0.6214541761957225,118.56420966603041,29.687807253508854,30,0.9930555555555556,0.6520833333333333,0.3409722222222222,76.72526966023837,25.61085817881888,{}
test,tiny_large,homog,high,hybrid,1008,1.3,1.2932490621008732,0.7754875620741849,1.2932490621008732,39.410526315789475,50.0,8.0,12.0,1965,1965,0,1735,1390,345,230,0.8829516539440203,0.7073791348600509,27.8,3.830705451818275,12.480699556338191,13.805290336963296,22.84432118652466,1.388559910211031,2.2743398433108664,0.9164317328197792,0.6162959409469998,124.80684354927983,29.20468862237665,30,0.9885416666666667,0.6318750000000001,0.35666666666666663,76.8234277843261,25.57813490848828,"{'alpha': 0.1, 'beta': 0.9, 'gamma': 0.0, 'source': 'phase3_tuning'}"
test,tiny_large,homog,high,binpack,1009,1.3,1.3123285858460048,0.7870192085424098,1.3123285858460048,39.410526315789475,50.0,8.0,12.0,1985,1985,0,1687,1348,339,298,0.8498740554156171,0.6790931989924434,26.96,4.76051740777828,17.272942331431672,14.748201782518095,27.16585028785886,1.484164747398827,2.6814020581705913,0.9264632945015301,0.5809728913172107,153.10725445223642,28.052603509958864,30,0.9979166666666667,0.63875,0.3591666666666667,76.14670868455515,26.06809978121376,{}
test,tiny_large,homog,high,spread,1009,1.3,1.3123285858460048,0.7870192085424098,1.3123285858460048,39.410526315789475,50.0,8.0,12.0,1985,1985,0,1669,1336,333,316,0.8408060453400503,0.6730478589420655,26.72,4.91244300623491,17.005365005164677,14.900127380974725,26.995836260069822,1.4996359943508846,2.6588848916723693,0.9242057519840107,0.5784975907673299,157.83497883811802,29.798548357295516,30,0.996875,0.608125,0.38875,76.06810527066449,26.095036716597583,{}
test,tiny_large,homog,high,tetris,1009,1.3,1.3123285858460048,0.7870192085424098,1.3123285858460048,39.410526315789475,50.0,8.0,12.0,1985,1985,0,1667,1336,331,318,0.8397984886649874,0.6730478589420655,26.72,4.880598166779652,16.914123689473445,14.868282541519466,26.464606048861434,1.496559433242928,2.6330120452669576,0.9267395506517754,0.5782073405795041,155.11459028318544,29.486176333607986,30,0.9986111111111111,0.6029166666666668,0.39569444444444446,76.46673495884771,25.959000355753027,{}
test,tiny_large,homog,high,hybrid,1009,1.3,1.3123285858460048,0.7870192085424098,1.3123285858460048,39.410526315789475,50.0,8.0,12.0,1985,1985,0,1679,1346,333,306,0.8458438287153652,0.6780856423173803,26.92,4.7359032189133154,16.917494014053332,14.723587593653129,27.0450454764636,1.4815495824505747,2.6548862154680584,0.9260450975309387,0.5804514426026676,151.675433421659,28.957891580322606,30,0.996875,0.6143750000000001,0.3825,76.19379099801046,26.05199155993999,"{'alpha': 0.1, 'beta': 0.9, 'gamma': 0.0, 'source': 'phase3_tuning'}"
test,tiny_large,hetero,low,binpack,1000,0.7,0.7258634835168949,0.4230295299443887,0.7258634835168949,20.845359730703894,50.0,8.0,12.0,1085,1085,0,1085,853,232,0,1.0,0.7861751152073733,17.06,0.0,0.0,9.972725385624097,11.769708343653598,1.0,1.0000000000000002,0.6487581626374103,0.3779417130109238,0.0,23.173090736763275,27,0.7938926097302912,0.5326723899875317,0.28240763025079707,61.35924720313257,17.68274627633645,{}
test,tiny_large,hetero,low,spread,1000,0.7,0.7258634835168949,0.4230295299443887,0.7258634835168949,20.845359730703894,50.0,8.0,12.0,1085,1085,0,1085,853,232,0,1.0,0.7861751152073733,17.06,0.0,0.0,9.972725385624097,11.769708343653598,1.0,1.0000000000000002,0.6487581626374103,0.3779417130109238,0.0,29.4265435205564,30,0.7715292423406185,0.4547407942697864,0.3634261227015859,61.35924720313257,17.68274627633645,{}
test,tiny_large,hetero,low,tetris,1000,0.7,0.7258634835168949,0.4230295299443887,0.7258634835168949,20.845359730703894,50.0,8.0,12.0,1085,1085,0,1085,853,232,0,1.0,0.7861751152073733,17.06,0.0,0.0,9.972725385624097,11.769708343653598,1.0,1.0000000000000002,0.6487581626374103,0.3779417130109238,0.0,27.7898329328109,30,0.7684390092271606,0.5166745382175683,0.2517644710095923,61.35924720313257,17.68274627633645,{}
test,tiny_large,hetero,low,hybrid,1000,0.7,0.7258634835168949,0.4230295299443887,0.7258634835168949,20.845359730703894,50.0,8.0,12.0,1085,1085,0,1085,853,232,0,1.0,0.7861751152073733,17.06,0.0,0.0,9.972725385624097,11.769708343653598,1.0,1.0000000000000002,0.6487581626374103,0.3779417130109238,0.0,26.163573996337494,30,0.7569208534108984,0.5311377086405036,0.23444013210383688,61.35924720313257,17.68274627633645,"{'alpha': 0.1, 'beta': 0.9, 'gamma': 0.0, 'source': 'phase3_tuning'}"
test,tiny_large,hetero,low,binpack,1001,0.7,0.6771268597133953,0.42473328720685266,0.6771268597133953,22.12931316864207,50.0,8.0,12.0,1073,1073,0,1073,880,193,0,1.0,0.8201304753028891,17.6,0.0,0.0,9.995997255602278,11.78067770211932,1.0,1.0000000000000004,0.6166689282725523,0.383089154371213,0.0,22.519385534290404,25,0.6409755534817037,0.5262994926376632,0.1561797517437226,61.57218662944986,17.426699598269362,{}
test,tiny_large,hetero,low,spread,1001,0.7,0.6771268597133953,0.42473328720685266,0.6771268597133953,22.12931316864207,50.0,8.0,12.0,1073,1073,0,1073,880,193,0,1.0,0.8201304753028891,17.6,0.0,0.0,9.995997255602278,11.78067770211932,1.0,1.0000000000000004,0.6166689282725523,0.383089154371213,0.0,29.561002683297364,30,0.630290793444782,0.431737090520967,0.3147779396535411,61.57218662944986,17.426699598269362,{}
test,tiny_large,hetero,low,tetris,1001,0.7,0.6771268597133953,0.42473328720685266,0.6771268597133953,22.12931316864207,50.0,8.0,12.0,1073,1073,0,1073,880,193,0,1.0,0.8201304753028891,17.6,0.0,0.0,9.995997255602278,11.78067770211932,1.0,1.0000000000000004,0.6166689282725523,0.383089154371213,0.0,27.680841328693617,28,0.6047588212481757,0.4682400645919755,0.14277513287469526,61.57218662944986,17.426699598269362,{}
test,tiny_large,hetero,low,hybrid,1001,0.7,0.6771268597133953,0.42473328720685266,0.6771268597133953,22.12931316864207,50.0,8.0,12.0,1073,1073,0,1073,880,193,0,1.0,0.8201304753028891,17.6,0.0,0.0,9.995997255602278,11.78067770211932,1.0,1.0000000000000004,0.6166689282725523,0.383089154371213,0.0,24.923773189066438,24,0.5963945681043072,0.5241514562581787,0.1060974971788017,61.57218662944986,17.426699598269362,"{'alpha': 0.1, 'beta': 0.9, 'gamma': 0.0, 'source': 'phase3_tuning'}"
test,tiny_large,hetero,low,binpack,1002,0.7,0.7067393558447985,0.4586421002975967,0.7067393558447985,22.38764886449034,50.0,8.0,12.0,1137,1137,0,1137,891,246,0,1.0,0.783641160949868,17.82,0.0,0.0,9.954304551869441,11.79992203852851,1.0,1.0000000000000004,0.6276635859170119,0.4070138934867764,0.0,22.244931379560953,27,0.7915517575260992,0.640195002764753,0.1638450256146446,61.43662115808117,18.50687714538225,{}
test,tiny_large,hetero,low,spread,1002,0.7,0.7067393558447985,0.4586421002975967,0.7067393558447985,22.38764886449034,50.0,8.0,12.0,1137,1137,0,1137,891,246,0,1.0,0.783641160949868,17.82,0.0,0.0,9.954304551869441,11.79992203852851,1.0,1.0000000000000004,0.6276635859170119,0.4070138934867764,0.0,29.595576362423216,30,0.7690436132249855,0.5422570946325389,0.36471515511110125,61.43662115808117,18.50687714538225,{}
test,tiny_large,hetero,low,tetris,1002,0.7,0.7067393558447985,0.4586421002975967,0.7067393558447985,22.38764886449034,50.0,8.0,12.0,1137,1137,0,1137,891,246,0,1.0,0.783641160949868,17.82,0.0,0.0,9.954304551869441,11.79992203852851,1.0,1.0000000000000004,0.6276635859170119,0.4070138934867764,0.0,27.529184659200492,30,0.7720938322043572,0.5782968001932003,0.20123791236358038,61.43662115808117,18.50687714538225,{}
test,tiny_large,hetero,low,hybrid,1002,0.7,0.7067393558447985,0.4586421002975967,0.7067393558447985,22.38764886449034,50.0,8.0,12.0,1137,1137,0,1137,891,246,0,1.0,0.783641160949868,17.82,0.0,0.0,9.954304551869441,11.79992203852851,1.0,1.0000000000000004,0.6276635859170119,0.4070138934867764,0.0,25.680463939622594,30,0.774334140818986,0.6308076276676308,0.15176852089650325,61.43662115808117,18.50687714538225,"{'alpha': 0.1, 'beta': 0.9, 'gamma': 0.0, 'source': 'phase3_tuning'}"
test,tiny_large,hetero,low,binpack,1003,0.7,0.6587579841546628,0.3703609370826327,0.6587579841546628,21.777666823650087,50.0,8.0,12.0,1024,1024,0,1024,819,205,0,1.0,0.7998046875,16.38,0.0,0.0,9.987790949146522,11.8213402640569,1.0,1.0000000000000004,0.5909397746101095,0.3343093643207085,0.0,21.612803087649162,26,0.705890196599049,0.4627969757209597,0.25353916544324373,61.51065232525511,16.647523010897498,{}
test,tiny_large,hetero,low,spread,1003,0.7,0.6587579841546628,0.3703609370826327,0.6587579841546628,21.777666823650087,50.0,8.0,12.0,1024,1024,0,1024,819,205,0,1.0,0.7998046875,16.38,0.0,0.0,9.987790949146522,11.8213402640569,1.0,1.0000000000000004,0.5909397746101095,0.3343093643207085,0.0,29.628743132316917,30,0.6875571215968149,0.3652645400782718,0.3673161412054785,61.51065232525511,16.647523010897498,{}
test,tiny_large,hetero,low,tetris,1003,0.7,0.6587579841546628,0.3703609370826327,0.6587579841546628,21.777666823650087,50.0,8.0,12.0,1024,1024,0,1024,819,205,0,1.0,0.7998046875,16.38,0.0,0.0,9.987790949146522,11.8213402640569,1.0,1.0000000000000004,0.5909397746101095,0.3343093643207085,0.0,28.23029680083168,30,0.6998251761856334,0.4234843245391395,0.276340851646494,61.51065232525511,16.647523010897498,{}
test,tiny_large,hetero,low,hybrid,1003,0.7,0.6587579841546628,0.3703609370826327,0.6587579841546628,21.777666823650087,50.0,8.0,12.0,1024,1024,0,1024,819,205,0,1.0,0.7998046875,16.38,0.0,0.0,9.987790949146522,11.8213402640569,1.0,1.0000000000000004,0.5909397746101095,0.3343093643207085,0.0,26.926638936660034,30,0.6939195615462043,0.453918451063007,0.24795450753860174,61.51065232525511,16.647523010897498,"{'alpha': 0.1, 'beta': 0.9, 'gamma': 0.0, 'source': 'phase3_tuning'}"
test,tiny_large,hetero,low,binpack,1004,0.7,0.6884485561901941,0.4046978219345723,0.6884485561901941,20.271953264398732,50.0,8.0,12.0,997,997,0,997,821,176,0,1.0,0.8234704112337011,16.42,0.0,0.0,10.036260030947265,11.806560437145269,1.0,1.0000000000000004,0.6286028176024382,0.3659572074786693,0.0,22.16123191066281,24,0.6472911358670795,0.490257515236115,0.19720689175355188,61.50505347494158,16.210050128745895,{}
test,tiny_large,hetero,low,spread,1004,0.7,0.6884485561901941,0.4046978219345723,0.6884485561901941,20.271953264398732,50.0,8.0,12.0,997,997,0,997,821,176,0,1.0,0.8234704112337011,16.42,0.0,0.0,10.036260030947265,11.806560437145269,1.0,1.0000000000000004,0.6286028176024382,0.3659572074786693,0.0,29.41064381448225,30,0.6421250541288478,0.39839652987160146,0.33228720817737817,61.50505347494158,16.210050128745895,{}
test,tiny_large,hetero,low,tetris,1004,0.7,0.6884485561901941,0.4046978219345723,0.6884485561901941,20.271953264398732,50.0,8.0,12.0,997,997,0,997,821,176,0,1.0,0.8234704112337011,16.42,0.0,0.0,10.036260030947265,11.806560437145269,1.0,1.0000000000000004,0.6286028176024382,0.3659572074786693,0.0,27.62945136845675,29,0.6334613477337415,0.44877399837501475,0.1923670455071667,61.50505347494158,16.210050128745895,{}
test,tiny_large,hetero,low,hybrid,1004,0.7,0.6884485561901941,0.4046978219345723,0.6884485561901941,20.271953264398732,50.0,8.0,12.0,997,997,0,997,821,176,0,1.0,0.8234704112337011,16.42,0.0,0.0,10.036260030947265,11.806560437145269,1.0,1.0000000000000004,0.6286028176024382,0.3659572074786693,0.0,25.84434174670444,28,0.627458928451102,0.4827519492876043,0.18365403489577006,61.50505347494158,16.210050128745895,"{'alpha': 0.1, 'beta': 0.9, 'gamma': 0.0, 'source': 'phase3_tuning'}"
test,tiny_large,hetero,low,binpack,1005,0.7,0.7073697352798255,0.4214828769449127,0.7073697352798255,21.317949550265197,50.0,8.0,12.0,1074,1074,0,1074,859,215,0,1.0,0.7998137802607076,17.18,0.0,0.0,10.044346146722587,11.783403619399387,1.0,1.0000000000000004,0.6359126386582625,0.37890202164625036,0.0,22.894888655158024,25,0.6904999580391105,0.5299727309605159,0.19234027307884133,61.66950658851074,17.415414187862016,{}
test,tiny_large,hetero,low,spread,1005,0.7,0.7073697352798255,0.4214828769449127,0.7073697352798255,21.317949550265197,50.0,8.0,12.0,1074,1074,0,1074,859,215,0,1.0,0.7998137802607076,17.18,0.0,0.0,10.044346146722587,11.783403619399387,1.0,1.0000000000000004,0.6359126386582625,0.37890202164625036,0.0,29.501578932000175,30,0.685650973361478,0.41346958939500295,0.3262356170868278,61.66950658851074,17.415414187862016,{}
test,tiny_large,hetero,low,tetris,1005,0.7,0.7073697352798255,0.4214828769449127,0.7073697352798255,21.317949550265197,50.0,8.0,12.0,1074,1074,0,1074,859,215,0,1.0,0.7998137802607076,17.18,0.0,0.0,10.044346146722587,11.783403619399387,1.0,1.0000000000000004,0.6359126386582625,0.37890202164625036,0.0,27.352758532653723,30,0.6709968144563299,0.47825005605266374,0.19399142109825762,61.66950658851074,17.415414187862016,{}
test,tiny_large,hetero,low,hybrid,1005,0.7,0.7073697352798255,0.4214828769449127,0.7073697352798255,21.317949550265197,50.0,8.0,12.0,1074,1074,0,1074,859,215,0,1.0,0.7998137802607076,17.18,0.0,0.0,10.044346146722587,11.783403619399387,1.0,1.0000000000000004,0.6359126386582625,0.37890202164625036,0.0,25.679856870598314,28,0.66577070841532,0.5089177545170481,0.16529038720236688,61.66950658851074,17.415414187862016,"{'alpha': 0.1, 'beta': 0.9, 'gamma': 0.0, 'source': 'phase3_tuning'}"
test,tiny_large,hetero,low,binpack,1006,0.7,0.7006863877838923,0.3954654341796559,0.7006863877838923,20.496300782733385,50.0,8.0,12.0,1024,1024,0,1024,818,206,0,1.0,0.798828125,16.36,0.0,0.0,10.015007233794405,11.801850658465131,1.0,1.0000000000000002,0.6316608038143422,0.35980650495240823,0.0,22.4961797810647,23,0.6715166605312675,0.4582005642101307,0.21456286897225832,61.31965889686428,16.699375345878913,{}
test,tiny_large,hetero,low,spread,1006,0.7,0.7006863877838923,0.3954654341796559,0.7006863877838923,20.496300782733385,50.0,8.0,12.0,1024,1024,0,1024,818,206,0,1.0,0.798828125,16.36,0.0,0.0,10.015007233794405,11.801850658465131,1.0,1.0000000000000002,0.6316608038143422,0.35980650495240823,0.0,29.601230200353612,30,0.6716050994049328,0.36842042860147295,0.3272689966675332,61.31965889686428,16.699375345878913,{}
test,tiny_large,hetero,low,tetris,1006,0.7,0.7006863877838923,0.3954654341796559,0.7006863877838923,20.496300782733385,50.0,8.0,12.0,1024,1024,0,1024,818,206,0,1.0,0.798828125,16.36,0.0,0.0,10.015007233794405,11.801850658465131,1.0,1.0000000000000002,0.6316608038143422,0.35980650495240823,0.0,27.949553173954317,30,0.660684467485664,0.42369217500864914,0.2369922924770148,61.31965889686428,16.699375345878913,{}
test,tiny_large,hetero,low,hybrid,1006,0.7,0.7006863877838923,0.3954654341796559,0.7006863877838923,20.496300782733385,50.0,8.0,12.0,1024,1024,0,1024,818,206,0,1.0,0.798828125,16.36,0.0,0.0,10.015007233794405,11.801850658465131,1.0,1.0000000000000002,0.6316608038143422,0.35980650495240823,0.0,25.992385970010663,28,0.6449448666628776,0.43353529273507646,0.21140957392780121,61.31965889686428,16.699375345878913,"{'alpha': 0.1, 'beta': 0.9, 'gamma': 0.0, 'source': 'phase3_tuning'}"
test,tiny_large,hetero,low,binpack,1007,0.7,0.7337560228290904,0.38459307413068256,0.7337560228290904,21.35202617281355,50.0,8.0,12.0,1120,1120,0,1120,912,208,0,1.0,0.8142857142857143,18.24,0.0005389848415440086,0.0,10.026823817931492,11.8622289024747,1.0000476398327485,1.0000000000000004,0.6671792964322601,0.34958729526717197,0.012073260450585791,23.490580717419157,23,0.6715576991311125,0.4409134913994927,0.2502048051993857,61.131504830370105,18.32115867436629,{}
test,tiny_large,hetero,low,spread,1007,0.7,0.7337560228290904,0.38459307413068256,0.7337560228290904,21.35202617281355,50.0,8.0,12.0,1120,1120,0,1120,912,208,0,1.0,0.8142857142857143,18.24,0.0019409111349221345,0.0,10.028225744224871,11.8622289024747,1.000194621189962,1.0000000000000004,0.6671792964322598,0.34958729526717197,0.043476409422255814,29.49077127216081,30,0.6779153522478516,0.35972820268341077,0.34952659537177255,61.131504830370105,18.32115867436629,{}
test,tiny_large,hetero,low,tetris,1007,0.7,0.7337560228290904,0.38459307413068256,0.7337560228290904,21.35202617281355,50.0,8.0,12.0,1120,1120,0,1120,912,208,0,1.0,0.8142857142857143,18.24,0.00030764448232731517,0.0,10.026592477572276,11.85977559818297,1.000029173772129,1.0000000000000004,0.6671792964322598,0.34958729526717186,0.006891236404131859,28.059736729782333,30,0.6699037754359521,0.4227364015495114,0.25306058478136934,61.131504830370105,18.32115867436629,{}
test,tiny_large,hetero,low,hybrid,1007,0.7,0.7337560228290904,0.38459307413068256,0.7337560228290904,21.35202617281355,50.0,8.0,12.0,1120,1120,0,1120,912,208,0,1.0,0.8142857142857143,18.24,0.002191231268694008,0.0,10.028476064358642,11.8622289024747,1.000218813336577,1.0000000000000004,0.6671792964322597,0.34958729526717197,0.04908358041874578,27.435394124412234,30,0.6690022021459157,0.440323298755314,0.2291679154234293,61.131504830370105,18.32115867436629,"{'alpha': 0.1, 'beta': 0.9, 'gamma': 0.0, 'source': 'phase3_tuning'}"
test,tiny_large,hetero,low,binpack,1008,0.7,0.6953963257154868,0.38857356167566387,0.6953963257154868,19.870148617072886,50.0,8.0,12.0,993,993,0,993,792,201,0,1.0,0.797583081570997,15.84,0.0,0.0,9.98562940828353,11.79669619330529,1.0,1.0000000000000004,0.615082637316199,0.35042630360893395,0.0,21.912666312548513,23,0.6804192910876047,0.43704681526790085,0.2611689136470347,60.96260354386555,16.288674404883125,{}
test,tiny_large,hetero,low,spread,1008,0.7,0.6953963257154868,0.38857356167566387,0.6953963257154868,19.870148617072886,50.0,8.0,12.0,993,993,0,993,792,201,0,1.0,0.797583081570997,15.84,0.0,0.0,9.98562940828353,11.79669619330529,1.0,1.0000000000000004,0.615082637316199,0.35042630360893395,0.0,29.55076411650514,30,0.6797838208022022,0.3577903159070406,0.37287392836052596,60.96260354386555,16.288674404883125,{}
test,tiny_large,hetero,low,tetris,1008,0.7,0.6953963257154868,0.38857356167566387,0.6953963257154868,19.870148617072886,50.0,8.0,12.0,993,993,0,993,792,201,0,1.0,0.797583081570997,15.84,0.0,0.0,9.98562940828353,11.79669619330529,1.0,1.0000000000000004,0.615082637316199,0.35042630360893395,0.0,27.589914789192065,30,0.6560834597884315,0.40049406211010896,0.259553314284127,60.96260354386555,16.288674404883125,{}
test,tiny_large,hetero,low,hybrid,1008,0.7,0.6953963257154868,0.38857356167566387,0.6953963257154868,19.870148617072886,50.0,8.0,12.0,993,993,0,993,792,201,0,1.0,0.797583081570997,15.84,0.0,0.0,9.98562940828353,11.79669619330529,1.0,1.0000000000000004,0.615082637316199,0.35042630360893395,0.0,26.16738567020657,28,0.6476784519522145,0.44329295706715016,0.209190647564658,60.96260354386555,16.288674404883125,"{'alpha': 0.1, 'beta': 0.9, 'gamma': 0.0, 'source': 'phase3_tuning'}"
test,tiny_large,hetero,low,binpack,1009,0.7,0.7260957270836477,0.3720786964890341,0.7260957270836477,20.310947470360823,50.0,8.0,12.0,1048,1048,0,1048,831,217,0,1.0,0.7929389312977099,16.62,0.0,0.0,9.99733321878707,11.831052835986114,1.0,1.0000000000000004,0.6645847744534111,0.33824523909610094,0.0,23.54159901166462,23,0.6179696543109229,0.43192172565004355,0.21306592880578917,61.27731200315738,17.10257786676414,{}
test,tiny_large,hetero,low,spread,1009,0.7,0.7260957270836477,0.3720786964890341,0.7260957270836477,20.310947470360823,50.0,8.0,12.0,1048,1048,0,1048,831,217,0,1.0,0.7929389312977099,16.62,0.0,0.0,9.99733321878707,11.831052835986114,1.0,1.0000000000000004,0.6645847744534111,0.33824523909610094,0.0,29.59446240338673,30,0.6353043114451825,0.35568256098133916,0.30060979631200707,61.27731200315738,17.10257786676414,{}
test,tiny_large,hetero,low,tetris,1009,0.7,0.7260957270836477,0.3720786964890341,0.7260957270836477,20.310947470360823,50.0,8.0,12.0,1048,1048,0,1048,831,217,0,1.0,0.7929389312977099,16.62,0.0,0.0,9.99733321878707,11.831052835986114,1.0,1.0000000000000004,0.6645847744534111,0.33824523909610094,0.0,28.126669414404315,30,0.5978199357152564,0.38485405105672416,0.2129658846585323,61.27731200315738,17.10257786676414,{}
test,tiny_large,hetero,low,hybrid,1009,0.7,0.7260957270836477,0.3720786964890341,0.7260957270836477,20.310947470360823,50.0,8.0,12.0,1048,1048,0,1048,831,217,0,1.0,0.7929389312977099,16.62,0.0,0.0,9.99733321878707,11.831052835986114,1.0,1.0000000000000004,0.6645847744534111,0.33824523909610094,0.0,27.090564305421204,28,0.6002241040481336,0.4348056250718972,0.17018512611894498,61.27731200315738,17.10257786676414,"{'alpha': 0.1, 'beta': 0.9, 'gamma': 0.0, 'source': 'phase3_tuning'}"
test,tiny_large,hetero,med,binpack,1000,1.0,1.0430726411081406,0.6048773400236633,1.0430726411081406,29.77908532957699,50.0,8.0,12.0,1560,1560,0,1513,1207,306,47,0.9698717948717949,0.7737179487179487,24.14,0.862029130884915,3.9248390592363904,10.829651966510454,14.31397185434733,1.0875222879081485,1.4090780686012605,0.8961033009421661,0.5186485522481209,25.514628252193397,27.798503169428223,30,0.9891194939997238,0.6258191553320906,0.3633003386676331,63.824042413709854,24.442199851398023,{}
test,tiny_large,hetero,med,spread,1000,1.0,1.0430726411081406,0.6048773400236633,1.0430726411081406,29.77908532957699,50.0,8.0,12.0,1560,1560,0,1518,1210,308,42,0.9730769230769231,0.7756410256410257,24.2,0.8115107652587359,4.11050224268422,10.779133600884276,14.4186742767668,1.082412940237382,1.4298973336498841,0.8955851667150913,0.5186699392684325,23.97821225469515,29.575633496133488,30,0.988399371797461,0.5970190865712989,0.39138028522616214,63.9792964080594,24.38288770871023,{}
test,tiny_large,hetero,med,tetris,1000,1.0,1.0430726411081406,0.6048773400236633,1.0430726411081406,29.77908532957699,50.0,8.0,12.0,1560,1560,0,1515,1205,310,45,0.9711538461538461,0.7724358974358975,24.1,0.8323589930730613,3.745651976487885,10.799981828698602,14.470534742178543,1.0845108442575198,1.4005698822189903,0.8923258366299813,0.5200011614894635,24.610190537194107,28.7820243294125,30,0.9857616090403103,0.646424055181643,0.33934401545973525,64.5234391212124,24.177260562156583,{}
test,tiny_large,hetero,med,hybrid,1000,1.0,1.0430726411081406,0.6048773400236633,1.0430726411081406,29.77908532957699,50.0,8.0,12.0,1560,1560,0,1514,1205,309,46,0.9705128205128205,0.7724358974358975,24.1,0.864701021686735,4.264733600676479,10.832323857312275,14.514877640417765,1.087754082124105,1.4285416920166718,0.8937351482990686,0.5174033244603748,25.510340206308786,28.320758956872393,30,0.9842555061212239,0.6304381884114453,0.3538173177097786,64.04835221351244,24.35659850856995,"{'alpha': 0.1, 'beta': 0.9, 'gamma': 0.0, 'source': 'phase3_tuning'}"
test,tiny_large,hetero,med,binpack,1001,1.0,0.9783873560791984,0.6120419861323602,0.9783873560791984,31.61330452663153,50.0,8.0,12.0,1537,1537,0,1536,1240,296,1,0.9993493819128172,0.8067664281067014,24.8,0.21688824158795836,1.3337534880533894,10.250581846162227,12.052410599169306,1.021799137921168,1.1386517958154234,0.8710162533574684,0.5490049624078192,6.666859676077859,27.39277124243711,30,0.9513870907652584,0.6702866157961054,0.2880791115958979,61.33259300273828,25.060085099147503,{}
test,tiny_large,hetero,med,spread,1001,1.0,0.9783873560791984,0.6120419861323602,0.9783873560791984,31.61330452663153,50.0,8.0,12.0,1537,1537,0,1533,1237,296,4,0.9973975276512687,0.8048145738451529,24.74,0.2670405565076802,1.6300396750052641,10.300734161081948,12.40257017031279,1.026799767120982,1.1705398150644393,0.8645868235839727,0.5468049741141712,8.18315731635456,29.71378798545113,30,0.9466990684465194,0.6154911229577552,0.3494708977730187,61.33259300273828,25.060085099147503,{}
test,tiny_large,hetero,med,tetris,1001,1.0,0.9783873560791984,0.6120419861323602,0.9783873560791984,31.61330452663153,50.0,8.0,12.0,1537,1537,0,1533,1239,294,4,0.9973975276512687,0.8061158100195186,24.78,0.2528927730537911,1.5366920292677975,10.28658637762806,12.250688186259541,1.0254261346580733,1.1548430772529914,0.8667202636207577,0.5469700615270722,7.746261357644405,28.388214068008157,30,0.9260226244101973,0.6616092993431523,0.266520204375927,61.58967779147179,24.955480449238937,{}
test,tiny_large,hetero,med,hybrid,1001,1.0,0.9783873560791984,0.6120419861323602,0.9783873560791984,31.61330452663153,50.0,8.0,12.0,1537,1537,0,1534,1239,295,3,0.9980481457384516,0.8061158100195186,24.78,0.23567224772082193,1.5787708285254531,10.26936585229509,12.150040513769472,1.0236769878986536,1.1566895414334761,0.8677062623157086,0.5479218064202199,7.233246144372831,27.65687167943863,30,0.9393192939395111,0.6602579814731439,0.2874586865724192,61.33259300273828,25.060085099147503,"{'alpha': 0.1, 'beta': 0.9, 'gamma': 0.0, 'source': 'phase3_tuning'}"
test,tiny_large,hetero,med,binpack,1002,1.0,1.007479092799535,0.6570051985449652,1.007479092799535,31.982355520700487,50.0,8.0,12.0,1621,1621,0,1605,1279,326,16,0.9901295496607033,0.7890191239975324,25.58,0.2785882604721943,1.9027127969529332,10.250292503486031,12.167176657072083,1.0287570256172376,1.1960756931585317,0.8759128737342822,0.580021824050051,8.575309816305172,27.643165607831815,30,0.9786155437385256,0.7381737869158795,0.2555097652551147,63.03303538001321,25.71667364941771,{}
test,tiny_large,hetero,med,spread,1002,1.0,1.007479092799535,0.6570051985449652,1.007479092799535,31.982355520700487,50.0,8.0,12.0,1621,1621,0,1604,1277,327,17,0.9895126465144972,0.7877853177051203,25.54,0.30144091205017715,2.147983017297758,10.273145155064013,12.318532803350795,1.0311958035382707,1.2087802812298127,0.8736257631286221,0.579729456923867,9.198763651988674,29.733288947871117,30,0.9700563970608849,0.7064966670891751,0.2649798096726825,63.577451858280675,25.496460657362316,{}
test,tiny_large,hetero,med,tetris,1002,1.0,1.007479092799535,0.6570051985449652,1.007479092799535,31.982355520700487,50.0,8.0,12.0,1621,1621,0,1602,1276,326,19,0.9882788402220851,0.7871684145589143,25.52,0.32346577931392817,2.0317145604585534,10.295170022327765,12.353268467840849,1.033375236749869,1.212262861210841,0.8725600087314682,0.5792246187319093,9.913146829602319,28.4531421545538,30,0.9663343386184831,0.7324588016756028,0.23676362630574044,63.41009258849576,25.563753873056033,{}
test,tiny_large,hetero,med,hybrid,1002,1.0,1.007479092799535,0.6570051985449652,1.007479092799535,31.982355520700487,50.0,8.0,12.0,1621,1621,0,1604,1277,327,17,0.9895126465144972,0.7877853177051203,25.54,0.30717610521958877,1.9970343098201866,10.278880348233425,12.302226173713883,1.031647615143624,1.2029587252928737,0.8745739143473574,0.5784532419563161,9.388299916685611,28.026918237239297,30,0.968795869906992,0.7318411552188984,0.23750421758848544,63.47856646402254,25.536178434633158,"{'alpha': 0.1, 'beta': 0.9, 'gamma': 0.0, 'source': 'phase3_tuning'}"
test,tiny_large,hetero,med,binpack,1003,1.0,0.963027879740719,0.5428178412311158,0.963027879740719,31.11095260521441,50.0,8.0,12.0,1496,1496,0,1483,1166,317,13,0.9913101604278075,0.7794117647058824,23.32,0.17661772852908125,0.9903266015663021,10.176375082901338,11.980820462974677,1.0177266175314343,1.0994585048943375,0.8298623771809943,0.475416911707732,4.830521139798608,26.76911318818317,30,0.98776194045952,0.6381681867074334,0.3495937537520867,64.07246240218366,23.34856417113469,{}
test,tiny_large,hetero,med,spread,1003,1.0,0.963027879740719,0.5428178412311158,0.963027879740719,31.11095260521441,50.0,8.0,12.0,1496,1496,0,1478,1166,312,18,0.9879679144385026,0.7794117647058824,23.32,0.19620149602100825,1.1572673125135466,10.195958850393263,11.993580554201626,1.019706907254163,1.1152886515534166,0.8296473421089198,0.47454996679830486,5.448039995696828,29.732966994751862,30,0.9849907539407332,0.6042876113959166,0.38070314254481663,64.10954066523692,23.335060343229046,{}
test,tiny_large,hetero,med,tetris,1003,1.0,0.963027879740719,0.5428178412311158,0.963027879740719,31.11095260521441,50.0,8.0,12.0,1496,1496,0,1470,1160,310,26,0.982620320855615,0.7754010695187166,23.2,0.26223109684304435,1.406407518926052,10.2619884512153,12.249273817218253,1.0264328074262832,1.1395932474572923,0.8267514323944576,0.47207132343100683,7.375579928484492,28.9232890790359,30,0.9840166486153964,0.6295974647814674,0.35441918383392895,64.0767521786851,23.347001043814437,{}
test,tiny_large,hetero,med,hybrid,1003,1.0,0.963027879740719,0.5428178412311158,0.963027879740719,31.11095260521441,50.0,8.0,12.0,1496,1496,0,1467,1161,306,29,0.9806149732620321,0.7760695187165776,23.22,0.24936389027921013,1.5209787424282695,10.249121244651466,12.157660620896252,1.025164841801393,1.1542666114597653,0.8267963231098647,0.47214993679695255,7.000938423807969,28.428575230492992,30,0.9792278981197329,0.62241273890505,0.3613211505507123,63.713371121681256,23.480157675896713,"{'alpha': 0.1, 'beta': 0.9, 'gamma': 0.0, 'source': 'phase3_tuning'}"
test,tiny_large,hetero,med,binpack,1004,1.0,0.9879403695805087,0.5784690208122487,0.9879403695805087,28.959933234855335,50.0,8.0,12.0,1424,1424,0,1415,1132,283,9,0.9936797752808989,0.7949438202247191,22.64,0.2554257220620178,1.8423480242122174,10.276895519275852,12.434216847227432,1.0257716374130483,1.185726331411027,0.8644143731846985,0.5157683441829559,7.069660254670163,27.39957535395911,30,0.9631197601749388,0.6654959675794134,0.31085670112317304,63.23582228517411,22.518881680358295,{}
test,tiny_large,hetero,med,spread,1004,1.0,0.9879403695805087,0.5784690208122487,0.9879403695805087,28.959933234855335,50.0,8.0,12.0,1424,1424,0,1414,1130,284,10,0.9929775280898876,0.7935393258426966,22.6,0.30120286511938676,2.3216395498272533,10.32267266233322,12.872222420662162,1.030288794588342,1.2321476191079548,0.8602974790537687,0.5143681708709505,8.266363213108484,29.557450436672298,30,0.9726898735470294,0.6155409083872775,0.3598654005052918,64.17314216007496,22.18996845203468,{}
test,tiny_large,hetero,med,tetris,1004,1.0,0.9879403695805087,0.5784690208122487,0.9879403695805087,28.959933234855335,50.0,8.0,12.0,1424,1424,0,1413,1130,283,11,0.9922752808988764,0.7935393258426966,22.6,0.29241208497311233,2.1444183278877773,10.313881882186944,12.72615852235861,1.0295066590440092,1.2073431585820658,0.8609149213506846,0.5141190774623271,8.102766678406741,28.2326527803496,30,0.9704086593184141,0.6564367226269601,0.31469773627434044,63.20567586532715,22.52962222940434,{}
test,tiny_large,hetero,med,hybrid,1004,1.0,0.9879403695805087,0.5784690208122487,0.9879403695805087,28.959933234855335,50.0,8.0,12.0,1424,1424,0,1412,1130,282,12,0.9915730337078652,0.7935393258426966,22.6,0.2918244174322179,2.4911403805511974,10.313294214646051,12.682362363916923,1.0294536196534485,1.236091754750012,0.8598223566138548,0.5146696451663104,7.987420796905922,27.666792263991542,30,0.9579935622537267,0.6531071768581792,0.3048863853955475,63.99899911045395,22.250347970948127,"{'alpha': 0.1, 'beta': 0.9, 'gamma': 0.0, 'source': 'phase3_tuning'}"
test,tiny_large,hetero,med,binpack,1005,1.0,0.9907931296016174,0.5945732603893723,0.9907931296016174,30.454213643236,50.0,8.0,12.0,1500,1500,0,1492,1207,285,8,0.9946666666666667,0.8046666666666666,24.14,0.35641068135084714,1.7623101579364473,10.396447751763931,12.500288876345621,1.0359076477979923,1.1725039117483471,0.8810530483213213,0.536918420720911,10.445236644291045,27.918974893632477,30,0.9313983149771061,0.6378592574938037,0.3041928581270047,63.260707700836576,23.711400876094903,{}
test,tiny_large,hetero,med,spread,1005,1.0,0.9907931296016174,0.5945732603893723,0.9907931296016174,30.454213643236,50.0,8.0,12.0,1500,1500,0,1491,1206,285,9,0.994,0.804,24.12,0.2891219115760559,1.664298853350715,10.32915898198914,12.373713392922525,1.0290888898041275,1.165728829043747,0.8830296292396121,0.5372179812637655,8.418448627721723,29.650837520229533,30,0.924793474999359,0.5744198536097803,0.3503736213895788,63.33134676804657,23.684953447994815,{}
test,tiny_large,hetero,med,tetris,1005,1.0,0.9907931296016174,0.5945732603893723,0.9907931296016174,30.454213643236,50.0,8.0,12.0,1500,1500,0,1489,1205,284,11,0.9926666666666667,0.8033333333333333,24.1,0.2747899995191365,1.627260498600414,10.314827069932221,12.332176313258538,1.027675711618281,1.1704558750180905,0.8808935899419782,0.537447994393864,7.955419211477096,28.587833340835378,30,0.9060177530646535,0.6420382430923642,0.2666295936771678,63.26276141928008,23.710631125609655,{}
test,tiny_large,hetero,med,hybrid,1005,1.0,0.9907931296016174,0.5945732603893723,0.9907931296016174,30.454213643236,50.0,8.0,12.0,1500,1500,0,1494,1208,286,6,0.996,0.8053333333333333,24.16,0.2696348669875153,1.6394609511340388,10.3096719374006,12.283473917391925,1.0270604473543201,1.165728829043747,0.8802826713334195,0.5376096111490895,7.925155190098085,28.12187650777508,30,0.9394591439463743,0.6456665427508509,0.29480789234869104,63.09863747760363,23.77230412514713,"{'alpha': 0.1, 'beta': 0.9, 'gamma': 0.0, 'source': 'phase3_tuning'}"
test,tiny_large,hetero,med,binpack,1006,1.0,0.9978708773507796,0.5652190432890287,0.9978708773507796,29.280429689619126,50.0,8.0,12.0,1466,1466,0,1454,1153,301,12,0.9918144611186903,0.786493860845839,23.06,0.23971531853448744,1.3682131529812267,10.24348226458087,12.050777012499928,1.024283592980606,1.1422321765549468,0.8728416793328952,0.49764165299501917,6.879583127323267,27.722212041056263,30,0.9795664239754417,0.6146996479736173,0.3652602812400494,61.90688333821507,23.68072693937476,{}
test,tiny_large,hetero,med,spread,1006,1.0,0.9978708773507796,0.5652190432890287,0.9978708773507796,29.280429689619126,50.0,8.0,12.0,1466,1466,0,1452,1150,302,14,0.990450204638472,0.7844474761255116,23.0,0.23586008862217447,1.3799216347750125,10.239627034668558,11.999232108633322,1.023964776882009,1.153963339234423,0.8724655671716083,0.49869758804373127,6.705274062731503,29.664706961854154,30,0.9855219512696387,0.5717669886189877,0.4178837374134026,62.40775812378865,23.490669174369664,{}
test,tiny_large,hetero,med,tetris,1006,1.0,0.9978708773507796,0.5652190432890287,0.9978708773507796,29.280429689619126,50.0,8.0,12.0,1466,1466,0,1443,1148,295,23,0.9843110504774898,0.7830832196452933,22.96,0.2751824507980896,1.6206146062811868,10.278949396844473,12.128798664362186,1.027981367046657,1.1737470887565133,0.8709343490902789,0.49684033560098223,7.799847420147513,28.554587751475665,30,0.9814385661732145,0.5935709184600342,0.38786764771318033,62.67338977196488,23.39110753916445,{}
test,tiny_large,hetero,med,hybrid,1006,1.0,0.9978708773507796,0.5652190432890287,0.9978708773507796,29.280429689619126,50.0,8.0,12.0,1466,1466,0,1447,1147,300,19,0.9870395634379263,0.7824010914051842,22.94,0.27884838754291247,1.9053169861322807,10.282615333589296,12.316176841963035,1.028335670344023,1.1940254733848936,0.8731836617546738,0.4944195100565947,7.986629807769661,28.13015659247453,30,0.9843633271668238,0.6121605919468097,0.37521349460909914,62.09179857558746,23.610203499184593,"{'alpha': 0.1, 'beta': 0.9, 'gamma': 0.0, 'source': 'phase3_tuning'}"
test,tiny_large,hetero,med,binpack,1007,1.0,1.0208009189604974,0.5357618259424655,1.0208009189604974,30.502894532590787,50.0,8.0,12.0,1561,1561,0,1529,1233,296,32,0.9795003203074952,0.7898782831518257,24.66,0.7083861631633419,4.424751527639188,10.717130057301016,14.845245104875147,1.0721632990898655,1.4459462479122331,0.8745093285348828,0.4685835290637682,21.157472962553854,27.438589103706217,30,0.9726596523891683,0.5558247089503265,0.4168349434388418,65.12300888162773,23.970022681804924,{}
test,tiny_large,hetero,med,spread,1007,1.0,1.0208009189604974,0.5357618259424655,1.0208009189604974,30.502894532590787,50.0,8.0,12.0,1561,1561,0,1527,1230,297,34,0.9782190903267136,0.7879564381806534,24.6,0.7598073937733888,5.340116730793433,10.768551287911064,15.49682446892367,1.0775340630330168,1.5455398987859128,0.8695961577569663,0.4647834253191291,22.55165987603721,29.631075221338815,30,0.9665805783519503,0.5449553741345422,0.4219502254953398,64.72661467345971,24.11681821882873,{}
test,tiny_large,hetero,med,tetris,1007,1.0,1.0208009189604974,0.5357618259424655,1.0208009189604974,30.502894532590787,50.0,8.0,12.0,1561,1561,0,1528,1231,297,33,0.9788597053171044,0.7885970531710442,24.62,0.7455121776916755,4.95308075199415,10.754256071829351,15.10334836142006,1.0759981660734743,1.5107327063535083,0.8708687215801645,0.4666478855539974,22.228233208457613,28.96107663298869,30,0.9724701567763776,0.5741496566800592,0.39832050009631836,65.03716258428732,24.001662095528296,{}
test,tiny_large,hetero,med,hybrid,1007,1.0,1.0208009189604974,0.5357618259424655,1.0208009189604974,30.502894532590787,50.0,8.0,12.0,1561,1561,0,1527,1228,299,34,0.9782190903267136,0.7866752081998719,24.56,0.7771555375297359,5.714649468510146,10.785899431667412,15.828384628310395,1.0790797653505129,1.5691791671951698,0.8682532553672841,0.46453586718549766,23.01944510333685,28.42136403908944,30,0.9653376345079998,0.5882479398731104,0.37708969463488945,64.45719786530071,24.217621176491356,"{'alpha': 0.1, 'beta': 0.9, 'gamma': 0.0, 'source': 'phase3_tuning'}"
test,tiny_large,hetero,med,binpack,1008,1.0,1.0065840065393155,0.5615531013710588,1.0065840065393155,28.38592659581841,50.0,8.0,12.0,1431,1431,0,1407,1120,287,24,0.9832285115303984,0.782669461914745,22.4,0.3635351683994743,1.8715251281395808,10.353066745923325,12.551391875589708,1.036838379571505,1.1936885927719916,0.867445629448484,0.496369790587966,9.801124690983107,27.42893618910462,30,0.9752749884805115,0.6242429534857283,0.35221261828572764,63.762605760580506,22.442621077519966,{}
test,tiny_large,hetero,med,spread,1008,1.0,1.0065840065393155,0.5615531013710588,1.0065840065393155,28.38592659581841,50.0,8.0,12.0,1431,1431,0,1400,1117,283,31,0.9783368273934312,0.7805730258560447,22.34,0.4409432224819877,2.708555664971435,10.430474800005838,13.074097999511196,1.0448026568280135,1.276255908586395,0.8648299015304762,0.49261809771225984,11.8566883986986,29.694016029737178,30,0.9777077367626161,0.5869003759886937,0.3908073607739225,63.81979808319745,22.42250904859499,{}
test,tiny_large,hetero,med,tetris,1008,1.0,1.0065840065393155,0.5615531013710588,1.0065840065393155,28.38592659581841,50.0,8.0,12.0,1431,1431,0,1400,1115,285,31,0.9783368273934312,0.7791754018169113,22.3,0.4411396311152611,2.557479744491282,10.430671208639112,12.891643394104328,1.044821975154644,1.264093829793176,0.8653855226484523,0.4920069164205419,11.930532316619376,28.556851186314343,30,0.981453967205372,0.6255182032906583,0.35795758327944743,64.00713777268376,22.35688158845787,{}
test,tiny_large,hetero,med,hybrid,1008,1.0,1.0065840065393155,0.5615531013710588,1.0065840065393155,28.38592659581841,50.0,8.0,12.0,1431,1431,0,1399,1116,283,32,0.9776380153738644,0.779874213836478,22.32,0.4522602191773016,2.922164362312401,10.441791796701152,13.140049176895772,1.0458514650984498,1.2885458345591065,0.863333758478837,0.49049904516231196,12.099915281523725,28.00344994498471,30,0.9807486815444288,0.5977280205283115,0.38344601031623665,64.18223955481,22.295887615108263,"{'alpha': 0.1, 'beta': 0.9, 'gamma': 0.0, 'source': 'phase3_tuning'}"
test,tiny_large,hetero,med,binpack,1009,1.0,0.9999803764597958,0.5145135656304156,0.9999803764597958,29.015639243372608,50.0,8.0,12.0,1450,1450,0,1438,1158,280,12,0.9917241379310345,0.7986206896551724,23.16,0.4970414235342345,3.8213973235854866,10.513546716039677,13.851757920579177,1.0504226673973098,1.3831735255365571,0.8745399456419495,0.4595702919718687,14.19374371249135,27.579811708459193,30,0.9580909983506509,0.5300146242400212,0.4335851976255031,62.72022201622419,23.118540613981253,{}
test,tiny_large,hetero,med,spread,1009,1.0,0.9999803764597958,0.5145135656304156,0.9999803764597958,29.015639243372608,50.0,8.0,12.0,1450,1450,0,1438,1157,281,12,0.9917241379310345,0.7979310344827586,23.14,0.4879972816878016,3.1813660214976807,10.504502574193245,13.551047497706456,1.0494986553431749,1.310559353036915,0.8746472252274402,0.4624456649211052,13.903632293821701,29.715472551963554,30,0.9702707309240248,0.4932669228302433,0.48119264171264814,63.643275355703814,22.78323973579164,{}
test,tiny_large,hetero,med,tetris,1009,1.0,0.9999803764597958,0.5145135656304156,0.9999803764597958,29.015639243372608,50.0,8.0,12.0,1450,1450,0,1427,1152,275,23,0.9841379310344828,0.7944827586206896,23.04,0.5528669307665444,3.197783843550436,10.569372223271987,13.657252756375795,1.056112917114047,1.306941794181293,0.859702716417143,0.4660652367356167,15.18422540535422,28.667997825496897,30,0.9027593290198929,0.5185239156842605,0.3851454375349707,64.78201632634178,22.382755002492853,{}
test,tiny_large,hetero,med,hybrid,1009,1.0,0.9999803764597958,0.5145135656304156,0.9999803764597958,29.015639243372608,50.0,8.0,12.0,1450,1450,0,1436,1155,281,14,0.9903448275862069,0.7965517241379311,23.1,0.5258433305695789,3.441241514251743,10.542348623075021,13.788291426878581,1.0534095098111655,1.3436936345775603,0.8702980029713403,0.46213877491720856,14.849277766616629,28.102518642640998,30,0.9580672153886567,0.5261315456364131,0.4328456939515821,64.32683196475551,22.541138055647615,"{'alpha': 0.1, 'beta': 0.9, 'gamma': 0.0, 'source': 'phase3_tuning'}"
test,tiny_large,hetero,high,binpack,1000,1.3,1.342406782516904,0.78065456627649,1.342406782516904,38.71281092845009,50.0,8.0,12.0,2002,2002,0,1701,1365,336,301,0.8496503496503497,0.6818181818181818,27.3,4.7207079053120395,17.061590233406697,14.692833882376517,27.1295363349942,1.4807991042664463,2.797117228370238,0.9075649641587514,0.5789328172154041,148.7675369539005,28.061133535678213,30,0.9824362332692795,0.6908435676190199,0.2918148956450345,80.6108927205189,24.835353293270323,{}
test,tiny_large,hetero,high,spread,1000,1.3,1.342406782516904,0.78065456627649,1.342406782516904,38.71281092845009,50.0,8.0,12.0,2002,2002,0,1759,1407,352,243,0.8786213786213786,0.7027972027972028,28.14,3.906797634486107,19.20572811343039,13.878923611550585,28.267579400164358,1.39806010481116,2.7469271771734274,0.9114760965968781,0.6000509407475834,122.71536436698935,29.700820235392257,30,0.9897785280119195,0.6953055251444336,0.2944730028674859,80.05910298945251,25.00652549484293,{}
test,tiny_large,hetero,high,tetris,1000,1.3,1.342406782516904,0.78065456627649,1.342406782516904,38.71281092845009,50.0,8.0,12.0,2002,2002,0,1746,1397,349,256,0.8721278721278721,0.6978021978021978,27.94,4.045839710168415,16.216829299007916,14.017965687232893,26.992440236672905,1.412288904107306,2.709585381780653,0.9121433208873231,0.5961413044243062,127.0147067710648,28.916573115357128,30,0.9889645070695239,0.7010661462317641,0.28789836083775977,80.5071796698016,24.867347337357465,{}
test,tiny_large,hetero,high,hybrid,1000,1.3,1.342406782516904,0.78065456627649,1.342406782516904,38.71281092845009,50.0,8.0,12.0,2002,2002,0,1754,1402,352,248,0.8761238761238761,0.7002997002997003,28.04,4.010492956619702,19.24367120881761,13.98261893368418,28.19240055868962,1.4085935666023623,2.745219394999707,0.9097363067301042,0.5988018782425122,126.29715258057968,28.401817175774987,30,0.9875813107584288,0.7103989043110688,0.2774046364421347,80.09704608483973,24.994679552594963,"{'alpha': 0.1, 'beta': 0.9, 'gamma': 0.0, 'source': 'phase3_tuning'}"
test,tiny_large,hetero,high,binpack,1001,1.3,1.2962405472712732,0.8102930618759446,1.2962405472712732,41.09729588462099,50.0,8.0,12.0,2045,2045,0,1814,1437,377,231,0.887041564792176,0.7026894865525672,28.74,3.4446778202324553,14.949643874015138,13.457030875382822,25.55446081822952,1.3483413576688212,2.56011781939334,0.9081441984572329,0.6150121955550191,112.28284791699167,28.019510118322955,30,0.9911403231132884,0.7566958342519804,0.23531673740549625,78.20559228666384,26.14902515543927,{}
test,tiny_large,hetero,high,spread,1001,1.3,1.2962405472712732,0.8102930618759446,1.2962405472712732,41.09729588462099,50.0,8.0,12.0,2045,2045,0,1833,1461,372,212,0.8963325183374083,0.7144254278728607,29.22,3.0561950498923216,15.77281461911609,13.068548105042687,26.261088625123044,1.309163336146237,2.6219464844152647,0.9108583860068741,0.6184896293500295,97.13275498219211,29.75490939802262,30,0.9906393417566245,0.7157788046379356,0.275732785662877,78.11620350869039,26.1789476209311,{}
test,tiny_large,hetero,high,tetris,1001,1.3,1.2962405472712732,0.8102930618759446,1.2962405472712732,41.09729588462099,50.0,8.0,12.0,2045,2045,0,1814,1443,371,231,0.887041564792176,0.7056234718826406,28.86,3.2589311368309906,15.294880254632467,13.271284191981355,25.607978877616375,1.3295304180673182,2.584216076130918,0.9099675516821775,0.6166111951851467,105.12516103328164,28.837195241705775,30,0.9893357430654305,0.744375005427656,0.24660970576026875,77.871169170849,26.261323950501875,{}
test,tiny_large,hetero,high,hybrid,1001,1.3,1.2962405472712732,0.8102930618759446,1.2962405472712732,41.09729588462099,50.0,8.0,12.0,2045,2045,0,1810,1442,368,235,0.8850855745721271,0.7051344743276283,28.84,3.228370035185014,15.770245637125186,13.24072309033538,25.610534676987026,1.3266249435489805,2.59892803182202,0.9107127660605062,0.6151249479990903,103.3990744302781,28.425111497369087,30,0.9903117038186907,0.7544195605436826,0.2369153598609441,78.02481327969035,26.209610943501072,"{'alpha': 0.1, 'beta': 0.9, 'gamma': 0.0, 'source': 'phase3_tuning'}"
test,tiny_large,hetero,high,binpack,1002,1.3,1.3129353713767766,0.850833833935969,1.3129353713767766,41.57706217691064,50.0,8.0,12.0,2098,2098,0,1764,1404,360,334,0.8408007626310772,0.669208770257388,28.08,4.563722201794379,13.520828205437763,14.551366555724956,23.885755149949084,1.4619510592622478,2.383844178458506,0.9087205223258941,0.6315954694730712,152.867453955485,28.334504841047124,30,0.9922034762220986,0.7507085134074534,0.24204446571503702,77.66030439732113,27.015088548537417,{}
test,tiny_large,hetero,high,spread,1002,1.3,1.3129353713767766,0.850833833935969,1.3129353713767766,41.57706217691064,50.0,8.0,12.0,2098,2098,0,1746,1397,349,352,0.8322211630123928,0.6658722592945663,27.94,4.6351944378804,13.398444350881192,14.622838791810976,23.65810160852788,1.469112687065542,2.3500461202507545,0.9085782549985452,0.6273392029591741,153.71545611303046,29.764361233211385,30,0.9888865906782819,0.7328995794219054,0.25653651415676826,77.92610841479608,26.922940753469554,{}
test,tiny_large,hetero,high,tetris,1002,1.3,1.3129353713767766,0.850833833935969,1.3129353713767766,41.57706217691064,50.0,8.0,12.0,2098,2098,0,1774,1419,355,324,0.8455672068636797,0.6763584366062917,28.38,4.284238714282604,12.901846531649376,14.271883068213182,23.305100753504945,1.4335310481107633,2.3553528589253885,0.9129598554105711,0.6351644506894306,142.0975180299118,28.845706189902415,30,0.9877842524695161,0.7559452258462032,0.23474000091478783,77.92960078716672,26.92173421662766,{}
test,tiny_large,hetero,high,hybrid,1002,1.3,1.3129353713767766,0.850833833935969,1.3129353713767766,41.57706217691064,50.0,8.0,12.0,2098,2098,0,1771,1416,355,327,0.844137273593899,0.674928503336511,28.32,4.343488461176913,13.096290673624146,14.331132815107493,23.41438912597483,1.4394293767709523,2.3179247693662233,0.9139425508262642,0.6362366326708772,144.2567266425885,28.40446530901945,30,0.9891091847633606,0.7564787994547018,0.23553135960013377,77.5427398011771,27.05604683790335,"{'alpha': 0.1, 'beta': 0.9, 'gamma': 0.0, 'source': 'phase3_tuning'}"
test,tiny_large,hetero,high,binpack,1003,1.3,1.2410716250301754,0.7011805849223399,1.2410716250301754,40.444238386778736,50.0,8.0,12.0,1928,1928,0,1773,1410,363,155,0.9196058091286307,0.7313278008298755,28.2,2.489827390731502,11.171766779648905,12.48080116151796,21.435664017448318,1.2520390094816802,2.217558459140392,0.9066574545285604,0.5608564211143906,78.7920509861471,27.931820827716727,30,0.9912532055189871,0.7009553827595169,0.29029782275947025,74.73001515744441,25.799539795863904,{}
test,tiny_large,hetero,high,spread,1003,1.3,1.2410716250301754,0.7011805849223399,1.2410716250301754,40.444238386778736,50.0,8.0,12.0,1928,1928,0,1770,1411,359,158,0.9180497925311203,0.7318464730290456,28.22,2.495050264844,10.496229911245322,12.486024035630457,20.968595634866965,1.2526357104444157,2.136204205754913,0.9077337853871852,0.5604094015784503,79.20024043560801,29.78665408375433,30,0.9909346441351818,0.6999756572973304,0.29095898683785143,74.6336145147363,25.832863817942506,{}
test,tiny_large,hetero,high,tetris,1003,1.3,1.2410716250301754,0.7011805849223399,1.2410716250301754,40.444238386778736,50.0,8.0,12.0,1928,1928,0,1774,1414,360,154,0.9201244813278008,0.733402489626556,28.28,2.449452866616778,11.2159866252237,12.440426637403235,21.435664017448318,1.247967631497956,2.2083132293416394,0.9077849303350232,0.5614036840942628,77.19277412178289,29.161386011468558,30,0.990195384912668,0.7058031177970151,0.28439226711565274,74.79826993583602,25.77599724771563,{}
test,tiny_large,hetero,high,hybrid,1003,1.3,1.2410716250301754,0.7011805849223399,1.2410716250301754,40.444238386778736,50.0,8.0,12.0,1928,1928,0,1777,1414,363,151,0.9216804979253111,0.733402489626556,28.28,2.449268125021058,11.094040635568735,12.440241895807514,21.318185929646695,1.248010438224236,2.17055746812799,0.9077311520687996,0.561629595441145,77.25539601765807,28.636959927963392,30,0.9921882492080046,0.6796412721526193,0.3125469770553853,75.07653711178104,25.68045989027719,"{'alpha': 0.1, 'beta': 0.9, 'gamma': 0.0, 'source': 'phase3_tuning'}"
test,tiny_large,hetero,high,binpack,1004,1.3,1.2948102988175954,0.758091003177851,1.2948102988175954,37.64791320531194,50.0,8.0,12.0,1862,1862,0,1639,1304,335,223,0.8802363050483352,0.7003222341568206,26.08,3.4782256762076718,15.839460301733205,13.517834125215812,26.167086035263807,1.3508621666674967,2.6053019140987517,0.9043541228646106,0.566687346811966,101.81580033581544,27.842541853012662,30,0.9912801856281888,0.6836596705309912,0.3076205150971976,77.91922292705814,23.896542214532325,{}
test,tiny_large,hetero,high,spread,1004,1.3,1.2948102988175954,0.758091003177851,1.2948102988175954,37.64791320531194,50.0,8.0,12.0,1862,1862,0,1643,1308,335,219,0.8823845327604726,0.7024704618689581,26.16,3.3910044467191702,16.126943105712456,13.430612895727311,26.435961213390378,1.3420001912540165,2.622913761538612,0.9055300517102093,0.5683540864642809,98.64250170246368,29.656780951836236,30,0.9907635012757422,0.7130770562470623,0.2776864450286799,77.48330491698633,24.030983216254135,{}
test,tiny_large,hetero,high,tetris,1004,1.3,1.2948102988175954,0.758091003177851,1.2948102988175954,37.64791320531194,50.0,8.0,12.0,1862,1862,0,1658,1320,338,204,0.8904403866809882,0.7089151450053706,26.4,3.147286921945841,15.843439364068324,13.186895370953982,26.156154006931956,1.3174552889786213,2.629961973055011,0.907091213832782,0.5743157358867136,90.84072624509925,28.723151538925404,30,0.9920116900945699,0.7137614061037962,0.2782502839907737,77.77118646503722,23.9420289780082,{}
test,tiny_large,hetero,high,hybrid,1004,1.3,1.2948102988175954,0.758091003177851,1.2948102988175954,37.64791320531194,50.0,8.0,12.0,1862,1862,0,1639,1304,335,223,0.8802363050483352,0.7003222341568206,26.08,3.460976912214943,15.634063154957481,13.500585361223083,25.888175953953876,1.3491684960977859,2.566385937831667,0.9051137201466326,0.5674451134971742,101.34589287248174,28.265757494670268,30,0.9888437776175076,0.6881127488845399,0.30188023174509565,78.2967454659618,23.78132052512289,"{'alpha': 0.1, 'beta': 0.9, 'gamma': 0.0, 'source': 'phase3_tuning'}"
test,tiny_large,hetero,high,binpack,1005,1.3,1.2842526030501713,0.7681902185651975,1.2842526030501713,39.5904777362068,50.0,8.0,12.0,1944,1944,0,1682,1337,345,262,0.8652263374485597,0.6877572016460906,26.74,4.537816988524971,10.758252338686496,14.584111875931072,21.539598643012766,1.4567749694245034,2.1529444885218436,0.9145946463884448,0.5907936244273745,148.97116084183907,28.296200124796055,30,0.9839430374871242,0.736797552512744,0.25122314927500133,76.79345914877102,25.31465598175377,{}
test,tiny_large,hetero,high,spread,1005,1.3,1.2842526030501713,0.7681902185651975,1.2842526030501713,39.5904777362068,50.0,8.0,12.0,1944,1944,0,1718,1365,353,226,0.8837448559670782,0.7021604938271605,27.3,3.8545054292668834,12.110209562299762,13.900800316672983,22.35410597070853,1.3876565642422753,2.267962382597044,0.9210199395625246,0.5962214652100086,125.34632631988696,29.712013751581477,30,0.9850828670323487,0.7320127438641949,0.25360508332565374,76.9389278574061,25.266793470307913,{}
test,tiny_large,hetero,high,tetris,1005,1.3,1.2842526030501713,0.7681902185651975,1.2842526030501713,39.5904777362068,50.0,8.0,12.0,1944,1944,0,1705,1358,347,239,0.8770576131687243,0.698559670781893,27.16,3.985935130115571,11.868182362298619,14.032230017521673,22.165827861840214,1.4009472138353982,2.2442898390367967,0.9209334383602468,0.593965585262221,129.505967476654,28.8454665978433,30,0.9885564447953659,0.7259110329083982,0.2626454118869676,76.65945151362138,25.358908283534703,{}
test,tiny_large,hetero,high,hybrid,1005,1.3,1.2842526030501713,0.7681902185651975,1.2842526030501713,39.5904777362068,50.0,8.0,12.0,1944,1944,0,1680,1334,346,264,0.8641975308641975,0.6862139917695473,26.68,4.384657724162809,12.336207735067987,14.43095261156891,22.269361035310986,1.441168015168582,2.2718342143957244,0.9199105280822577,0.585640098190167,142.5809980148012,28.458471653624123,30,0.9878365975253683,0.7252483018115877,0.26457593523789424,76.73561229166756,25.333739341402136,"{'alpha': 0.1, 'beta': 0.9, 'gamma': 0.0, 'source': 'phase3_tuning'}"
test,tiny_large,hetero,high,binpack,1006,1.3,1.3118496158219646,0.7434613396065791,1.3118496158219646,38.06455859650487,50.0,8.0,12.0,1917,1917,0,1583,1264,319,334,0.8257694314032342,0.6593635889410537,25.28,4.855313126586625,14.909825151524636,14.848442214644205,25.245792061240792,1.491808023176702,2.5620219928385533,0.9173795182949418,0.5482270445517277,145.23769802775615,28.268487078843954,30,0.9917394852543459,0.6505595150663009,0.3411799701880449,77.2513273339654,24.8151075995447,{}
test,tiny_large,hetero,high,spread,1006,1.3,1.3118496158219646,0.7434613396065791,1.3118496158219646,38.06455859650487,50.0,8.0,12.0,1917,1917,0,1601,1283,318,316,0.8351591027647366,0.6692749087115284,25.66,4.392761739197414,14.543818977571263,14.385890827254991,24.737889290177666,1.4446307844716435,2.501213298776934,0.9212248888833802,0.5588279989355208,131.47581374215474,29.769784251667872,30,0.992123756842488,0.6076991643620991,0.3844245924803888,77.61222254545629,24.69971786824224,{}
test,tiny_large,hetero,high,tetris,1006,1.3,1.3118496158219646,0.7434613396065791,1.3118496158219646,38.06455859650487,50.0,8.0,12.0,1917,1917,0,1613,1290,323,304,0.8414188836724048,0.672926447574335,25.8,4.359496910018153,14.94269817743713,14.352625998075732,25.284191707460074,1.4411907520171685,2.535920712680462,0.9190459788586736,0.5579862282287409,130.01079206395207,28.913965338549055,30,0.990600812017471,0.6419791942585361,0.34862161775893485,77.84267245517253,24.626595407601762,{}
test,tiny_large,hetero,high,hybrid,1006,1.3,1.3118496158219646,0.7434613396065791,1.3118496158219646,38.06455859650487,50.0,8.0,12.0,1917,1917,0,1583,1266,317,334,0.8257694314032342,0.6604068857589984,25.32,4.75850370572678,14.790641691378603,14.751632793784358,24.937445689494943,1.4819905023425666,2.5413288855680465,0.9189867872185098,0.547702074206657,142.0845224847835,28.4917490137735,30,0.9891923497162729,0.639477515215819,0.34971483450045393,77.07377337859455,24.872273874324183,"{'alpha': 0.1, 'beta': 0.9, 'gamma': 0.0, 'source': 'phase3_tuning'}"
test,tiny_large,hetero,high,binpack,1007,1.3,1.3475390125798212,0.7064064781471122,1.3475390125798212,39.65376289236802,50.0,8.0,12.0,2055,2055,0,1702,1355,347,353,0.8282238442822385,0.6593673965936739,27.1,5.576399332114784,16.258861690954184,15.5776498745123,26.228751228275954,1.5664275442418536,2.6771881349325577,0.9119460731712976,0.5030018246853868,183.05956557426228,27.97811791986589,30,0.9918074050540547,0.6192289572133762,0.37257844784067856,79.95302581425396,25.702591979122275,{}
test,tiny_large,hetero,high,spread,1007,1.3,1.3475390125798212,0.7064064781471122,1.3475390125798212,39.65376289236802,50.0,8.0,12.0,2055,2055,0,1721,1371,350,334,0.8374695863746958,0.6671532846715329,27.42,5.253973100362905,16.190536568096697,15.255223642760422,26.654480057513332,1.533882388333109,2.7263490786810927,0.9126399386231115,0.5074017090053329,171.72986989944496,29.718298898479198,30,0.9902321300016728,0.6064885258191592,0.3837436041825137,80.3531305611435,25.574610293948396,{}
test,tiny_large,hetero,high,tetris,1007,1.3,1.3475390125798212,0.7064064781471122,1.3475390125798212,39.65376289236802,50.0,8.0,12.0,2055,2055,0,1731,1379,352,324,0.8423357664233576,0.6710462287104623,27.58,5.2760456695673446,15.955439588798356,15.277296211964861,26.540958774385253,1.5357563522348145,2.714468026072322,0.9130914347202973,0.505396781482911,173.04221328411265,29.02305998075602,30,0.9911856859436188,0.617566884992023,0.37361880095159583,80.49524028050566,25.52945978965765,{}
test,tiny_large,hetero,high,hybrid,1007,1.3,1.3475390125798212,0.7064064781471122,1.3475390125798212,39.65376289236802,50.0,8.0,12.0,2055,2055,0,1727,1375,352,328,0.840389294403893,0.6690997566909975,27.5,5.250335733724456,16.21547341171746,15.251586276121971,26.62254522195071,1.5332636314701693,2.713188346247403,0.9137424547147178,0.5073084189894804,171.8797829710028,28.708004472054082,30,0.9920260346530166,0.6195904518936209,0.37243558275939564,79.96180217019626,25.699770943456166,"{'alpha': 0.1, 'beta': 0.9, 'gamma': 0.0, 'source': 'phase3_tuning'}"
test,tiny_large,hetero,high,binpack,1008,1.3,1.2931759274216248,0.7235757490085848,1.2931759274216248,36.90170457456394,50.0,8.0,12.0,1846,1846,0,1595,1270,325,251,0.8640303358613218,0.6879739978331527,25.4,4.31666114001044,13.407930452743926,14.292082121479146,23.575854233202087,1.441368378950845,2.456447900594433,0.9053819698359742,0.5620728762626848,130.40191423277048,28.111283284509113,30,0.984876678578026,0.6451830212654436,0.3396936573125824,77.70095360370439,23.757752181718296,{}
test,tiny_large,hetero,high,spread,1008,1.3,1.2931759274216248,0.7235757490085848,1.2931759274216248,36.90170457456394,50.0,8.0,12.0,1846,1846,0,1614,1291,323,232,0.8743228602383532,0.699349945828819,25.82,3.992037597043293,13.043470508289403,13.967458578512,23.312584036019885,1.408254590854748,2.413099994293095,0.9120626300809864,0.5643457849304734,120.53749793786893,29.773128161937105,30,0.9900380436145094,0.646676634939449,0.34454199196600493,77.20442000950523,23.910548123704896,{}
test,tiny_large,hetero,high,tetris,1008,1.3,1.2931759274216248,0.7235757490085848,1.2931759274216248,36.90170457456394,50.0,8.0,12.0,1846,1846,0,1608,1285,323,238,0.8710725893824486,0.6960996749729144,25.7,3.8979579140143334,13.70382673870484,13.87337889548304,22.778388148555756,1.3986139687415644,2.3341121045191215,0.9133702080431925,0.5682329215059471,117.30509066433964,28.608524460552676,30,0.9913266363333578,0.6499115686630542,0.3418404169704229,77.04997283109539,23.958476975023693,{}
test,tiny_large,hetero,high,hybrid,1008,1.3,1.2931759274216248,0.7235757490085848,1.2931759274216248,36.90170457456394,50.0,8.0,12.0,1846,1846,0,1602,1283,319,244,0.8678223185265439,0.6950162513542795,25.66,3.9776716826645124,13.443107551267822,13.953092664133218,22.71336306570325,1.4066541597226134,2.299224199496113,0.9111739380375903,0.5663800593193171,119.26380814240743,28.33199893720224,30,0.9893320480969422,0.6521457453785126,0.3387922353094933,76.8677326772479,24.01527839712642,"{'alpha': 0.1, 'beta': 0.9, 'gamma': 0.0, 'source': 'phase3_tuning'}"
test,tiny_large,hetero,high,binpack,1009,1.3,1.315947494178199,0.6713745289019458,1.315947494178199,37.72033101638439,50.0,8.0,12.0,1905,1905,0,1655,1307,348,250,0.868766404199475,0.6860892388451444,26.14,4.21614358933308,14.371086906878496,14.21215733536942,25.35673911546955,1.4260186507781716,2.5846201186880418,0.9164546642493314,0.5154571898526473,131.53508012475442,28.070816853245493,30,0.9889592116287668,0.6009685159571732,0.3911395085531726,77.84718026597864,24.47102121735471,{}
test,tiny_large,hetero,high,spread,1009,1.3,1.315947494178199,0.6713745289019458,1.315947494178199,37.72033101638439,50.0,8.0,12.0,1905,1905,0,1645,1300,345,260,0.863517060367454,0.6824146981627297,26.0,4.308589488188573,14.757663228310697,14.304603234224915,25.507194046622722,1.4355563251060246,2.590004790491892,0.9175699441486862,0.5125480494620288,133.9432602626594,29.76787044082636,30,0.9910817606659684,0.5960726979325367,0.3950090627334317,77.7807394834397,24.49192451308069,{}
test,tiny_large,hetero,high,tetris,1009,1.3,1.315947494178199,0.6713745289019458,1.315947494178199,37.72033101638439,50.0,8.0,12.0,1905,1905,0,1646,1312,334,259,0.8640419947506561,0.6887139107611548,26.24,3.980657544375919,15.021373376840351,13.976671290412261,25.45659507455992,1.4021011856103527,2.637516712561747,0.9156480525642132,0.5149683470573501,122.26166957842746,29.03411276595047,30,0.990517479485628,0.5940916184375352,0.39642586104809274,77.75235846018519,24.500864510437932,{}
test,tiny_large,hetero,high,hybrid,1009,1.3,1.315947494178199,0.6713745289019458,1.315947494178199,37.72033101638439,50.0,8.0,12.0,1905,1905,0,1644,1301,343,261,0.862992125984252,0.6829396325459317,26.02,4.258564826669649,14.623678276964299,14.254578572705991,25.422433271816317,1.4306217432214288,2.584148632425934,0.9175156649092422,0.5126772235620362,131.8232225375859,28.61490825588511,30,0.9919330895593829,0.6020890941290986,0.3898439954302841,77.72356488050721,24.50994113469655,"{'alpha': 0.1, 'beta': 0.9, 'gamma': 0.0, 'source': 'phase3_tuning'}"
