split,family,cluster_config,load,policy,seed,target_rho,realized_rho_cpu,realized_rho_ram,realized_rho,arrival_rate,observation_horizon,duration_min,duration_max,submitted,feasible_jobs,permanently_infeasible,started_by_horizon,completed_by_horizon,running_at_horizon,queued_at_horizon,admission_ratio_horizon,completion_ratio_horizon,throughput_horizon,mean_wait_time,p95_wait_time,mean_turnaround_time,p95_turnaround_time,mean_slowdown,p95_slowdown,time_weighted_cpu_utilization,time_weighted_ram_utilization,time_weighted_queue_length,time_weighted_active_nodes,horizon_active_nodes,horizon_cpu_utilization,horizon_ram_utilization,horizon_free_imbalance,makespan,drained_throughput,params
test,balanced,homog,low,binpack,1000,0.7,0.7093029131058837,0.42558174786353015,0.7093029131058837,16.128,50.0,8.0,12.0,825,825,0,825,659,166,0,1.0,0.7987878787878788,13.18,0.0,0.0,9.935294963782498,11.736798172747935,1.0,1.0000000000000004,0.6418038532920914,0.38508231197525483,0.0,21.523357829863034,24,0.689236111111111,0.41354166666666664,0.27569444444444446,61.79685552500513,13.350193840626352,{}
test,balanced,homog,low,spread,1000,0.7,0.7093029131058837,0.42558174786353015,0.7093029131058837,16.128,50.0,8.0,12.0,825,825,0,825,659,166,0,1.0,0.7987878787878788,13.18,0.0,0.0,9.935294963782498,11.736798172747935,1.0,1.0000000000000004,0.6418038532920914,0.38508231197525483,0.0,29.31700029116425,30,0.689236111111111,0.41354166666666664,0.27569444444444446,61.79685552500513,13.350193840626352,{}
test,balanced,homog,low,tetris,1000,0.7,0.7093029131058837,0.42558174786353015,0.7093029131058837,16.128,50.0,8.0,12.0,825,825,0,825,659,166,0,1.0,0.7987878787878788,13.18,0.0,0.0,9.935294963782498,11.736798172747935,1.0,1.0000000000000004,0.6418038532920914,0.38508231197525483,0.0,29.31700029116425,30,0.689236111111111,0.41354166666666664,0.27569444444444446,61.79685552500513,13.350193840626352,{}
test,balanced,homog,low,hybrid,1000,0.7,0.7093029131058837,0.42558174786353015,0.7093029131058837,16.128,50.0,8.0,12.0,825,825,0,825,659,166,0,1.0,0.7987878787878788,13.18,0.0,0.0,9.935294963782498,11.736798172747935,1.0,1.0000000000000004,0.6418038532920914,0.38508231197525483,0.0,27.438944588751802,30,0.689236111111111,0.41354166666666664,0.27569444444444446,61.79685552500513,13.350193840626352,"{'alpha': 0.1, 'beta': 0.9, 'gamma': 0.0, 'source': 'phase3_tuning'}"
test,balanced,homog,low,binpack,1001,0.7,0.6981082150394756,0.4188649290236854,0.6981082150394756,16.128,50.0,8.0,12.0,803,803,0,803,652,151,0,1.0,0.8119551681195517,13.04,0.0,0.0,10.021025270295288,11.80206045997937,1.0,1.0000000000000004,0.631454988003832,0.3788729928023004,0.0,21.03797536903223,22,0.650173611111111,0.39010416666666664,0.26006944444444446,60.67168807650542,13.235168254877594,{}
test,balanced,homog,low,spread,1001,0.7,0.6981082150394756,0.4188649290236854,0.6981082150394756,16.128,50.0,8.0,12.0,803,803,0,803,652,151,0,1.0,0.8119551681195517,13.04,0.0,0.0,10.021025270295288,11.80206045997937,1.0,1.0000000000000004,0.631454988003832,0.3788729928023004,0.0,29.468569584822273,30,0.650173611111111,0.39010416666666664,0.2600694444444444,60.67168807650542,13.235168254877594,{}
test,balanced,homog,low,tetris,1001,0.7,0.6981082150394756,0.4188649290236854,0.6981082150394756,16.128,50.0,8.0,12.0,803,803,0,803,652,151,0,1.0,0.8119551681195517,13.04,0.0,0.0,10.021025270295288,11.80206045997937,1.0,1.0000000000000004,0.631454988003832,0.3788729928023004,0.0,29.468569584822273,30,0.650173611111111,0.39010416666666664,0.2600694444444444,60.67168807650542,13.235168254877594,{}
test,balanced,homog,low,hybrid,1001,0.7,0.6981082150394756,0.4188649290236854,0.6981082150394756,16.128,50.0,8.0,12.0,803,803,0,803,652,151,0,1.0,0.8119551681195517,13.04,0.0,0.0,10.021025270295288,11.80206045997937,1.0,1.0000000000000004,0.631454988003832,0.3788729928023004,0.0,27.54002316809585,30,0.650173611111111,0.39010416666666664,0.2600694444444444,60.67168807650542,13.235168254877594,"{'alpha': 0.1, 'beta': 0.9, 'gamma': 0.0, 'source': 'phase3_tuning'}"
test,balanced,homog,low,binpack,1002,0.7,0.6946507725614189,0.41679046353685134,0.6946507725614189,16.128,50.0,8.0,12.0,803,803,0,803,641,162,0,1.0,0.7982565379825654,12.82,0.0,0.0,9.97432335694113,11.787864117778682,1.0,1.0000000000000004,0.6203006323321771,0.37218037939930554,0.0,21.029182622971916,23,0.7005208333333334,0.4203125,0.28020833333333334,61.30076799054342,13.099346489816817,{}
test,balanced,homog,low,spread,1002,0.7,0.6946507725614189,0.41679046353685134,0.6946507725614189,16.128,50.0,8.0,12.0,803,803,0,803,641,162,0,1.0,0.7982565379825654,12.82,0.0,0.0,9.97432335694113,11.787864117778682,1.0,1.0000000000000004,0.6203006323321771,0.37218037939930554,0.0,29.513936369376474,30,0.7005208333333334,0.4203125,0.28020833333333334,61.30076799054342,13.099346489816817,{}
test,balanced,homog,low,tetris,1002,0.7,0.6946507725614189,0.41679046353685134,0.6946507725614189,16.128,50.0,8.0,12.0,803,803,0,803,641,162,0,1.0,0.7982565379825654,12.82,0.0,0.0,9.97432335694113,11.787864117778682,1.0,1.0000000000000004,0.6203006323321771,0.37218037939930554,0.0,29.513936369376474,30,0.7005208333333334,0.4203125,0.28020833333333334,61.30076799054342,13.099346489816817,{}
test,balanced,homog,low,hybrid,1002,0.7,0.6946507725614189,0.41679046353685134,0.6946507725614189,16.128,50.0,8.0,12.0,803,803,0,803,641,162,0,1.0,0.7982565379825654,12.82,0.0,0.0,9.97432335694113,11.787864117778682,1.0,1.0000000000000004,0.6203006323321771,0.37218037939930554,0.0,27.287329687648658,30,0.7005208333333334,0.4203125,0.28020833333333334,61.30076799054342,13.099346489816817,"{'alpha': 0.1, 'beta': 0.9, 'gamma': 0.0, 'source': 'phase3_tuning'}"
test,balanced,homog,low,binpack,1003,0.7,0.6598715155439779,0.39592290932638674,0.6598715155439779,16.128,50.0,8.0,12.0,761,761,0,761,587,174,0,1.0,0.771353482260184,11.74,0.0,0.0,9.989014790485308,11.832042282236934,1.0,1.0000000000000004,0.5762280889059166,0.34573685334354987,0.0,19.746307340766784,24,0.7760416666666666,0.465625,0.3104166666666667,61.04014451935472,12.467205082692765,{}
test,balanced,homog,low,spread,1003,0.7,0.6598715155439779,0.39592290932638674,0.6598715155439779,16.128,50.0,8.0,12.0,761,761,0,761,587,174,0,1.0,0.771353482260184,11.74,0.0,0.0,9.989014790485308,11.832042282236934,1.0,1.0000000000000004,0.5762280889059166,0.34573685334354987,0.0,29.548399231789848,30,0.7760416666666666,0.465625,0.3104166666666667,61.04014451935472,12.467205082692765,{}
test,balanced,homog,low,tetris,1003,0.7,0.6598715155439779,0.39592290932638674,0.6598715155439779,16.128,50.0,8.0,12.0,761,761,0,761,587,174,0,1.0,0.771353482260184,11.74,0.0,0.0,9.989014790485308,11.832042282236934,1.0,1.0000000000000004,0.5762280889059166,0.34573685334354987,0.0,29.548399231789848,30,0.7760416666666666,0.465625,0.3104166666666667,61.04014451935472,12.467205082692765,{}
test,balanced,homog,low,hybrid,1003,0.7,0.6598715155439779,0.39592290932638674,0.6598715155439779,16.128,50.0,8.0,12.0,761,761,0,761,587,174,0,1.0,0.771353482260184,11.74,0.0,0.0,9.989014790485308,11.832042282236934,1.0,1.0000000000000004,0.5762280889059166,0.34573685334354987,0.0,27.366635943193636,30,0.7760416666666666,0.465625,0.3104166666666667,61.04014451935472,12.467205082692765,"{'alpha': 0.1, 'beta': 0.9, 'gamma': 0.0, 'source': 'phase3_tuning'}"
test,balanced,homog,low,binpack,1004,0.7,0.705418834266245,0.42325130055974697,0.705418834266245,16.128,50.0,8.0,12.0,809,809,0,809,654,155,0,1.0,0.8084054388133498,13.08,0.0,0.0,10.036456181443395,11.819548386290862,1.0,1.0000000000000004,0.6377560915511442,0.3826536549306864,0.0,21.2926164472698,24,0.6909722222222222,0.41458333333333336,0.2763888888888889,61.75579222787554,13.099985779711702,{}
test,balanced,homog,low,spread,1004,0.7,0.705418834266245,0.42325130055974697,0.705418834266245,16.128,50.0,8.0,12.0,809,809,0,809,654,155,0,1.0,0.8084054388133498,13.08,0.0,0.0,10.036456181443395,11.819548386290862,1.0,1.0000000000000004,0.6377560915511442,0.3826536549306864,0.0,29.29373124645451,30,0.6909722222222222,0.41458333333333336,0.27638888888888885,61.75579222787554,13.099985779711702,{}
test,balanced,homog,low,tetris,1004,0.7,0.705418834266245,0.42325130055974697,0.705418834266245,16.128,50.0,8.0,12.0,809,809,0,809,654,155,0,1.0,0.8084054388133498,13.08,0.0,0.0,10.036456181443395,11.819548386290862,1.0,1.0000000000000004,0.6377560915511442,0.3826536549306864,0.0,29.29373124645451,30,0.6909722222222222,0.41458333333333336,0.27638888888888885,61.75579222787554,13.099985779711702,{}
test,balanced,homog,low,hybrid,1004,0.7,0.705418834266245,0.42325130055974697,0.705418834266245,16.128,50.0,8.0,12.0,809,809,0,809,654,155,0,1.0,0.8084054388133498,13.08,0.0,0.0,10.036456181443395,11.819548386290862,1.0,1.0000000000000004,0.6377560915511442,0.3826536549306864,0.0,26.886555742785248,30,0.6909722222222222,0.41458333333333336,0.2763888888888889,61.75579222787554,13.099985779711702,"{'alpha': 0.1, 'beta': 0.9, 'gamma': 0.0, 'source': 'phase3_tuning'}"
test,balanced,homog,low,binpack,1005,0.7,0.7044581006004309,0.42267486036025853,0.7044581006004309,16.128,50.0,8.0,12.0,811,811,0,811,655,156,0,1.0,0.8076448828606658,13.1,0.0,0.0,10.010204902936358,11.782477565714679,1.0,1.0000000000000004,0.6301049001528934,0.37806294009173697,0.0,21.3886752991835,21,0.6458333333333334,0.3875,0.25833333333333336,61.36974442003305,13.214980894319378,{}
test,balanced,homog,low,spread,1005,0.7,0.7044581006004309,0.42267486036025853,0.7044581006004309,16.128,50.0,8.0,12.0,811,811,0,811,655,156,0,1.0,0.8076448828606658,13.1,0.0,0.0,10.010204902936358,11.782477565714679,1.0,1.0000000000000004,0.6301049001528934,0.37806294009173697,0.0,29.40179151772314,30,0.6458333333333334,0.3875,0.25833333333333336,61.36974442003305,13.214980894319378,{}
test,balanced,homog,low,tetris,1005,0.7,0.7044581006004309,0.42267486036025853,0.7044581006004309,16.128,50.0,8.0,12.0,811,811,0,811,655,156,0,1.0,0.8076448828606658,13.1,0.0,0.0,10.010204902936358,11.782477565714679,1.0,1.0000000000000004,0.6301049001528934,0.37806294009173697,0.0,29.40179151772314,30,0.6458333333333334,0.3875,0.25833333333333336,61.36974442003305,13.214980894319378,{}
test,balanced,homog,low,hybrid,1005,0.7,0.7044581006004309,0.42267486036025853,0.7044581006004309,16.128,50.0,8.0,12.0,811,811,0,811,655,156,0,1.0,0.8076448828606658,13.1,0.0,0.0,10.010204902936358,11.782477565714679,1.0,1.0000000000000004,0.6301049001528934,0.37806294009173697,0.0,27.540621841359226,30,0.6458333333333334,0.3875,0.25833333333333336,61.36974442003305,13.214980894319378,"{'alpha': 0.1, 'beta': 0.9, 'gamma': 0.0, 'source': 'phase3_tuning'}"
test,balanced,homog,low,binpack,1006,0.7,0.7066277594597101,0.4239766556758261,0.7066277594597101,16.128,50.0,8.0,12.0,809,809,0,809,650,159,0,1.0,0.8034610630407911,13.0,0.0,0.0,10.035700692401255,11.814857587461688,1.0,1.0000000000000002,0.6340906169877399,0.3804543701926441,0.0,21.37991747023011,23,0.6822916666666666,0.409375,0.27291666666666664,61.9209388564298,13.065047380430576,{}
test,balanced,homog,low,spread,1006,0.7,0.7066277594597101,0.4239766556758261,0.7066277594597101,16.128,50.0,8.0,12.0,809,809,0,809,650,159,0,1.0,0.8034610630407911,13.0,0.0,0.0,10.035700692401255,11.814857587461688,1.0,1.0000000000000002,0.6340906169877399,0.3804543701926441,0.0,29.550712544354102,30,0.6822916666666666,0.409375,0.27291666666666664,61.9209388564298,13.065047380430576,{}
test,balanced,homog,low,tetris,1006,0.7,0.7066277594597101,0.4239766556758261,0.7066277594597101,16.128,50.0,8.0,12.0,809,809,0,809,650,159,0,1.0,0.8034610630407911,13.0,0.0,0.0,10.035700692401255,11.814857587461688,1.0,1.0000000000000002,0.6340906169877399,0.3804543701926441,0.0,29.550712544354102,30,0.6822916666666666,0.409375,0.27291666666666664,61.9209388564298,13.065047380430576,{}
test,balanced,homog,low,hybrid,1006,0.7,0.7066277594597101,0.4239766556758261,0.7066277594597101,16.128,50.0,8.0,12.0,809,809,0,809,650,159,0,1.0,0.8034610630407911,13.0,0.0,0.0,10.035700692401255,11.814857587461688,1.0,1.0000000000000002,0.6340906169877399,0.3804543701926441,0.0,27.477668921414935,30,0.6822916666666666,0.409375,0.27291666666666664,61.9209388564298,13.065047380430576,"{'alpha': 0.1, 'beta': 0.9, 'gamma': 0.0, 'source': 'phase3_tuning'}"
test,balanced,homog,low,binpack,1007,0.7,0.7614853667918351,0.456891220075101,0.7614853667918351,16.128,50.0,8.0,12.0,874,874,0,874,669,205,0,1.0,0.7654462242562929,13.38,0.0016302940284647794,0.0,10.023766764892569,11.872617006534886,1.00016181493541,1.0000000000000004,0.6709159499609599,0.4025495699765758,0.028497539617564342,22.25196243014344,30,0.9157986111111112,0.5494791666666666,0.3663194444444445,61.32978647878831,14.250824113047974,{}
test,balanced,homog,low,spread,1007,0.7,0.7614853667918351,0.456891220075101,0.7614853667918351,16.128,50.0,8.0,12.0,874,874,0,874,669,205,0,1.0,0.7654462242562929,13.38,0.010518080392433474,0.0,10.032654551256538,11.876580453837917,1.001071651781266,1.0000000000000004,0.6700862543591574,0.40205175261549464,0.18385604525973712,29.359294314823263,30,0.915798611111111,0.5494791666666666,0.3663194444444445,61.32978647878831,14.250824113047974,{}
test,balanced,homog,low,tetris,1007,0.7,0.7614853667918351,0.456891220075101,0.7614853667918351,16.128,50.0,8.0,12.0,874,874,0,874,669,205,0,1.0,0.7654462242562929,13.38,0.010518080392433474,0.0,10.032654551256538,11.876580453837917,1.001071651781266,1.0000000000000004,0.6700862543591574,0.40205175261549464,0.18385604525973712,29.359294314823263,30,0.915798611111111,0.5494791666666666,0.3663194444444445,61.32978647878831,14.250824113047974,{}
test,balanced,homog,low,hybrid,1007,0.7,0.7614853667918351,0.456891220075101,0.7614853667918351,16.128,50.0,8.0,12.0,874,874,0,874,669,205,0,1.0,0.7654462242562929,13.38,0.0036464531665528657,0.0,10.025782924030658,11.874912481112055,1.0003586038808616,1.0000000000000004,0.6707323381593294,0.4024394028955978,0.0637400013513441,26.908376237678322,30,0.915798611111111,0.5494791666666666,0.3663194444444445,61.32978647878831,14.250824113047974,"{'alpha': 0.1, 'beta': 0.9, 'gamma': 0.0, 'source': 'phase3_tuning'}"
test,balanced,homog,low,binpack,1008,0.7,0.6971999011313741,0.4183199406788245,0.6971999011313741,16.128,50.0,8.0,12.0,803,803,0,803,647,156,0,1.0,0.8057285180572852,12.94,0.0,0.0,9.974109724963869,11.78242336874562,1.0,1.0000000000000004,0.6248946657925621,0.3749367994755372,0.0,20.858737803173476,25,0.671875,0.403125,0.26875,61.54136139030328,13.048135138045941,{}
test,balanced,homog,low,spread,1008,0.7,0.6971999011313741,0.4183199406788245,0.6971999011313741,16.128,50.0,8.0,12.0,803,803,0,803,647,156,0,1.0,0.8057285180572852,12.94,0.0,0.0,9.974109724963869,11.78242336874562,1.0,1.0000000000000004,0.6248946657925621,0.3749367994755372,0.0,29.487525191090757,30,0.671875,0.403125,0.26875,61.54136139030328,13.048135138045941,{}
test,balanced,homog,low,tetris,1008,0.7,0.6971999011313741,0.4183199406788245,0.6971999011313741,16.128,50.0,8.0,12.0,803,803,0,803,647,156,0,1.0,0.8057285180572852,12.94,0.0,0.0,9.974109724963869,11.78242336874562,1.0,1.0000000000000004,0.6248946657925621,0.3749367994755372,0.0,29.487525191090757,30,0.671875,0.403125,0.26875,61.54136139030328,13.048135138045941,{}
test,balanced,homog,low,hybrid,1008,0.7,0.6971999011313741,0.4183199406788245,0.6971999011313741,16.128,50.0,8.0,12.0,803,803,0,803,647,156,0,1.0,0.8057285180572852,12.94,0.0,0.0,9.974109724963869,11.78242336874562,1.0,1.0000000000000004,0.6248946657925621,0.3749367994755372,0.0,27.40253661756054,30,0.671875,0.403125,0.26875,61.54136139030328,13.048135138045941,"{'alpha': 0.1, 'beta': 0.9, 'gamma': 0.0, 'source': 'phase3_tuning'}"
test,balanced,homog,low,binpack,1009,0.7,0.7153520971536793,0.4292112582922076,0.7153520971536793,16.128,50.0,8.0,12.0,824,824,0,824,654,170,0,1.0,0.7936893203883495,13.08,0.0,0.0,9.995088844617625,11.821070664133337,1.0,1.0000000000000004,0.6498871840960231,0.38993231045761406,0.0,21.78762996000396,24,0.6727430555555556,0.4036458333333333,0.2690972222222222,61.63549372274991,13.368920247585496,{}
test,balanced,homog,low,spread,1009,0.7,0.7153520971536793,0.4292112582922076,0.7153520971536793,16.128,50.0,8.0,12.0,824,824,0,824,654,170,0,1.0,0.7936893203883495,13.08,0.0,0.0,9.995088844617625,11.821070664133337,1.0,1.0000000000000004,0.6498871840960231,0.38993231045761406,0.0,29.507730948278553,30,0.6727430555555556,0.4036458333333333,0.2690972222222222,61.63549372274991,13.368920247585496,{}
test,balanced,homog,low,tetris,1009,0.7,0.7153520971536793,0.4292112582922076,0.7153520971536793,16.128,50.0,8.0,12.0,824,824,0,824,654,170,0,1.0,0.7936893203883495,13.08,0.0,0.0,9.995088844617625,11.821070664133337,1.0,1.0000000000000004,0.6498871840960231,0.38993231045761406,0.0,29.507730948278553,30,0.6727430555555556,0.4036458333333333,0.2690972222222222,61.63549372274991,13.368920247585496,{}
test,balanced,homog,low,hybrid,1009,0.7,0.7153520971536793,0.4292112582922076,0.7153520971536793,16.128,50.0,8.0,12.0,824,824,0,824,654,170,0,1.0,0.7936893203883495,13.08,0.0,0.0,9.995088844617625,11.821070664133337,1.0,1.0000000000000004,0.6498871840960231,0.38993231045761406,0.0,27.464980458429668,30,0.6727430555555556,0.4036458333333333,0.26909722222222227,61.63549372274991,13.368920247585496,"{'alpha': 0.1, 'beta': 0.9, 'gamma': 0.0, 'source': 'phase3_tuning'}"
test,balanced,homog,med,binpack,1000,1.0,1.0547520982073901,0.6328512589244341,1.0547520982073901,23.04,50.0,8.0,12.0,1218,1218,0,1140,917,223,78,0.9359605911330049,0.7528735632183908,18.34,0.9080026599560633,3.9493266796799276,10.883125822978192,14.315848307414079,1.09186000412536,1.3926671023884707,0.8814171661094654,0.5288502996656791,19.054832016746012,27.16290426833996,30,0.9835069444444445,0.5901041666666667,0.3934027777777778,64.92605496099965,18.75980299021154,{}
test,balanced,homog,med,spread,1000,1.0,1.0547520982073901,0.6328512589244341,1.0547520982073901,23.04,50.0,8.0,12.0,1218,1218,0,1140,911,229,78,0.9359605911330049,0.7479474548440066,18.22,1.1323601541679171,4.708319810550265,11.107483317190047,15.15732948083604,1.1145906556354492,1.4848925190634361,0.8697902661217364,0.5218741596730415,23.586550760547606,29.521900203815044,30,0.9861111111111112,0.5916666666666667,0.3944444444444445,65.8343111247721,18.500991036294014,{}
test,balanced,homog,med,tetris,1000,1.0,1.0547520982073901,0.6328512589244341,1.0547520982073901,23.04,50.0,8.0,12.0,1218,1218,0,1140,911,229,78,0.9359605911330049,0.7479474548440066,18.22,1.1323601541679171,4.708319810550265,11.107483317190047,15.15732948083604,1.1145906556354492,1.4848925190634361,0.8697902661217364,0.5218741596730415,23.586550760547606,29.521900203815044,30,0.9861111111111112,0.5916666666666667,0.3944444444444445,65.8343111247721,18.500991036294014,{}
test,balanced,homog,med,hybrid,1000,1.0,1.0547520982073901,0.6328512589244341,1.0547520982073901,23.04,50.0,8.0,12.0,1218,1218,0,1135,909,226,83,0.9318555008210181,0.7463054187192119,18.18,1.1561791761755236,4.663731988523388,11.131302339197653,15.05733321765122,1.1169457911409395,1.4671253058625253,0.8707180725985882,0.5224308435591531,24.06156830167604,28.250037729921143,30,0.9835069444444445,0.5901041666666667,0.3934027777777778,65.82612896028567,18.503290702918985,"{'alpha': 0.1, 'beta': 0.9, 'gamma': 0.0, 'source': 'phase3_tuning'}"
test,balanced,homog,med,binpack,1001,1.0,0.9697505621306161,0.5818503372783697,0.9697505621306161,23.04,50.0,8.0,12.0,1116,1116,0,1115,894,221,1,0.9991039426523297,0.8010752688172043,17.88,0.4179831897201476,2.0271816238794074,10.411133696012282,12.612186399924635,1.0425121298871605,1.194812333174369,0.8751173656881793,0.5250704194129074,9.325556862259418,27.11047900840304,30,0.9774305555555556,0.5864583333333333,0.3909722222222223,61.632899626438856,18.10721232919676,{}
test,balanced,homog,med,spread,1001,1.0,0.9697505621306161,0.5818503372783697,0.9697505621306161,23.04,50.0,8.0,12.0,1116,1116,0,1108,890,218,8,0.992831541218638,0.7974910394265233,17.8,0.6172139032651005,2.305656263615319,10.610364409557235,13.093837264624916,1.0628148829233361,1.2362355725398928,0.8684981329323423,0.5210988797594046,13.713363424927815,29.62799870937563,30,0.9618055555555556,0.5770833333333333,0.3847222222222222,62.1381524747009,17.959980391344452,{}
test,balanced,homog,med,tetris,1001,1.0,0.9697505621306161,0.5818503372783697,0.9697505621306161,23.04,50.0,8.0,12.0,1116,1116,0,1108,890,218,8,0.992831541218638,0.7974910394265233,17.8,0.6172139032651005,2.305656263615319,10.610364409557235,13.093837264624916,1.0628148829233361,1.2362355725398928,0.8684981329323423,0.5210988797594046,13.713363424927815,29.62799870937563,30,0.9618055555555556,0.5770833333333333,0.3847222222222222,62.1381524747009,17.959980391344452,{}
test,balanced,homog,med,hybrid,1001,1.0,0.9697505621306161,0.5818503372783697,0.9697505621306161,23.04,50.0,8.0,12.0,1116,1116,0,1108,891,217,8,0.992831541218638,0.7983870967741935,17.82,0.5724340149009335,2.159415302026744,10.565584521193067,12.960857919396958,1.058316637455736,1.2163753369044725,0.869999687189828,0.5219998123138962,12.715468948247153,28.201018542212864,30,0.954861111111111,0.5729166666666666,0.3819444444444445,61.99827019684645,18.00050221492737,"{'alpha': 0.1, 'beta': 0.9, 'gamma': 0.0, 'source': 'phase3_tuning'}"
test,balanced,homog,med,binpack,1002,1.0,1.0084042825606891,0.6050425695364136,1.0084042825606891,23.04,50.0,8.0,12.0,1168,1168,0,1132,903,229,36,0.9691780821917808,0.7731164383561644,18.06,0.4343843147784242,1.8673302831641152,10.388307948334067,12.524610436054793,1.0445564404001326,1.1854488295399674,0.873902450105563,0.5243414700633386,9.260623480531653,27.255399931479314,30,0.978298611111111,0.5869791666666667,0.39131944444444444,63.674315932686625,18.34334586703299,{}
test,balanced,homog,med,spread,1002,1.0,1.0084042825606891,0.6050425695364136,1.0084042825606891,23.04,50.0,8.0,12.0,1168,1168,0,1125,898,227,43,0.9631849315068494,0.7688356164383562,17.96,0.5312827849060713,2.2298943076757283,10.485206418461715,12.81805637375426,1.0544019135363152,1.220170743926741,0.8692464617309682,0.5215478770385819,11.26700681972614,29.659755458563577,30,0.9722222222222222,0.5833333333333334,0.38888888888888895,63.88008705324545,18.284258113587832,{}
test,balanced,homog,med,tetris,1002,1.0,1.0084042825606891,0.6050425695364136,1.0084042825606891,23.04,50.0,8.0,12.0,1168,1168,0,1125,898,227,43,0.9631849315068494,0.7688356164383562,17.96,0.5312827849060713,2.2298943076757283,10.485206418461715,12.81805637375426,1.0544019135363152,1.220170743926741,0.8692464617309682,0.5215478770385819,11.26700681972614,29.659755458563577,30,0.9722222222222222,0.5833333333333334,0.38888888888888895,63.88008705324545,18.284258113587832,{}
test,balanced,homog,med,hybrid,1002,1.0,1.0084042825606891,0.6050425695364136,1.0084042825606891,23.04,50.0,8.0,12.0,1168,1168,0,1121,896,225,47,0.9597602739726028,0.7671232876712328,17.92,0.5883311275414377,2.386065337567132,10.54225476109708,12.935520038495255,1.0603575654554074,1.2351935974388883,0.8668533690713874,0.5201120214428318,12.463891430873817,28.129836036755318,30,0.9635416666666666,0.578125,0.3854166666666667,64.04325476242536,18.237673964772853,"{'alpha': 0.1, 'beta': 0.9, 'gamma': 0.0, 'source': 'phase3_tuning'}"
test,balanced,homog,med,binpack,1003,1.0,0.9374873891961806,0.5624924335177083,0.9374873891961806,23.04,50.0,8.0,12.0,1083,1083,0,1083,861,222,0,1.0,0.7950138504155124,17.22,0.14417417611609853,0.8561717652842624,10.13575015301131,11.90442496216368,1.014862568301907,1.0915075667239167,0.8382424936994817,0.5029454962196884,3.122812654674687,26.543206425870302,30,0.9609375,0.5765625,0.384375,61.416493232234004,17.633699727935547,{}
test,balanced,homog,med,spread,1003,1.0,0.9374873891961806,0.5624924335177083,0.9374873891961806,23.04,50.0,8.0,12.0,1083,1083,0,1076,853,223,7,0.9935364727608494,0.7876269621421976,17.06,0.2330662066693164,1.1507098031684961,10.224642183564526,11.993580554201628,1.0239079798345678,1.1150917198135302,0.8337745885605566,0.5002647531363356,5.025180384173832,29.683879462252982,30,0.9678819444444444,0.5807291666666666,0.3871527777777778,61.77014935264634,17.532740512203446,{}
test,balanced,homog,med,tetris,1003,1.0,0.9374873891961806,0.5624924335177083,0.9374873891961806,23.04,50.0,8.0,12.0,1083,1083,0,1076,853,223,7,0.9935364727608494,0.7876269621421976,17.06,0.2330662066693164,1.1507098031684961,10.224642183564526,11.993580554201628,1.0239079798345678,1.1150917198135302,0.8337745885605566,0.5002647531363356,5.025180384173832,29.683879462252982,30,0.9678819444444444,0.5807291666666666,0.3871527777777778,61.77014935264634,17.532740512203446,{}
test,balanced,homog,med,hybrid,1003,1.0,0.9374873891961806,0.5624924335177083,0.9374873891961806,23.04,50.0,8.0,12.0,1083,1083,0,1075,853,222,8,0.9926131117266851,0.7876269621421976,17.06,0.2416898761443874,1.324313457574057,10.233265853039597,11.979584877447845,1.024781443977582,1.1307854122295578,0.8312742700956044,0.49876456205736197,5.190314215836583,28.28409882083791,30,0.9635416666666666,0.578125,0.3854166666666667,61.75006116833051,17.538444165225112,"{'alpha': 0.1, 'beta': 0.9, 'gamma': 0.0, 'source': 'phase3_tuning'}"
test,balanced,homog,med,binpack,1004,1.0,0.9743356468164078,0.5846013880898447,0.9743356468164078,23.04,50.0,8.0,12.0,1118,1118,0,1114,900,214,4,0.9964221824686941,0.8050089445438283,18.0,0.4187273167800464,2.2373548714179563,10.46610686588699,12.64831967137787,1.042425686016159,1.2238708375964027,0.8675004462485147,0.5205002677491086,9.35060453324939,26.857167719375248,30,0.9756944444444445,0.5854166666666667,0.3902777777777778,61.39337786308135,18.21043309415794,{}
test,balanced,homog,med,spread,1004,1.0,0.9743356468164078,0.5846013880898447,0.9743356468164078,23.04,50.0,8.0,12.0,1118,1118,0,1100,887,213,18,0.9838998211091234,0.7933810375670841,17.74,0.5815465845339415,3.100423385392382,10.628926133640885,13.310119621178064,1.0588035928235555,1.3142058071826028,0.8578967873714956,0.5147380724228989,12.864598027925538,29.505611872518195,30,0.9765625,0.5859375,0.390625,62.342094414359785,17.933308312825652,{}
test,balanced,homog,med,tetris,1004,1.0,0.9743356468164078,0.5846013880898447,0.9743356468164078,23.04,50.0,8.0,12.0,1118,1118,0,1100,887,213,18,0.9838998211091234,0.7933810375670841,17.74,0.5815465845339415,3.100423385392382,10.628926133640885,13.310119621178064,1.0588035928235555,1.3142058071826028,0.8578967873714956,0.5147380724228989,12.864598027925538,29.505611872518195,30,0.9765625,0.5859375,0.390625,62.342094414359785,17.933308312825652,{}
test,balanced,homog,med,hybrid,1004,1.0,0.9743356468164078,0.5846013880898447,0.9743356468164078,23.04,50.0,8.0,12.0,1118,1118,0,1101,889,212,17,0.9847942754919499,0.7951699463327371,17.78,0.5659298092903449,3.0504727796103097,10.61330935839729,13.31665533340405,1.0572474815061383,1.3064303402959625,0.8577734072706815,0.5146640443624084,12.4909674313558,27.95756041353272,30,0.967013888888889,0.5802083333333333,0.38680555555555557,62.39869972490044,17.917040017323597,"{'alpha': 0.1, 'beta': 0.9, 'gamma': 0.0, 'source': 'phase3_tuning'}"
test,balanced,homog,med,binpack,1005,1.0,1.0074772563157204,0.6044863537894322,1.0074772563157204,23.04,50.0,8.0,12.0,1155,1155,0,1133,905,228,22,0.9809523809523809,0.7835497835497836,18.1,0.46076142782301666,1.7977219032921177,10.501297791807062,12.624021384309387,1.046506011370598,1.1805726983610307,0.8878252298259488,0.5326951378955699,10.353148316533458,27.350199143769704,30,0.9817708333333334,0.5890625,0.3927083333333333,63.3891226635007,18.22079169846353,{}
test,balanced,homog,med,spread,1005,1.0,1.0074772563157204,0.6044863537894322,1.0074772563157204,23.04,50.0,8.0,12.0,1155,1155,0,1132,901,231,23,0.9800865800865801,0.78008658008658,18.02,0.6372104079673582,2.8230971128044473,10.677746771951405,13.338431546944204,1.0641642431172713,1.2725807632183834,0.877463202178752,0.5264779213072517,14.1766566190752,29.58125406240629,30,0.9791666666666666,0.5875,0.39166666666666666,64.13254955395756,18.009575606038354,{}
test,balanced,homog,med,tetris,1005,1.0,1.0074772563157204,0.6044863537894322,1.0074772563157204,23.04,50.0,8.0,12.0,1155,1155,0,1132,901,231,23,0.9800865800865801,0.78008658008658,18.02,0.6372104079673582,2.8230971128044473,10.677746771951405,13.338431546944204,1.0641642431172713,1.2725807632183834,0.877463202178752,0.5264779213072517,14.1766566190752,29.58125406240629,30,0.9791666666666666,0.5875,0.39166666666666666,64.13254955395756,18.009575606038354,{}
test,balanced,homog,med,hybrid,1005,1.0,1.0074772563157204,0.6044863537894322,1.0074772563157204,23.04,50.0,8.0,12.0,1155,1155,0,1133,902,231,22,0.9809523809523809,0.780952380952381,18.04,0.5795412443543382,2.413353448115636,10.620077608338384,12.969112095531415,1.0583759536095683,1.2328940962484878,0.8818000592610983,0.5290800355566588,12.945791331693151,28.40713750920065,30,0.984375,0.590625,0.39375,63.90937742279508,18.072465208963788,"{'alpha': 0.1, 'beta': 0.9, 'gamma': 0.0, 'source': 'phase3_tuning'}"
test,balanced,homog,med,binpack,1006,1.0,0.9918884838510486,0.5951330903106291,0.9918884838510486,23.04,50.0,8.0,12.0,1143,1143,0,1132,906,226,11,0.9903762029746281,0.7926509186351706,18.12,0.48978682490865016,1.4076473876712257,10.479420464628603,12.565386495479466,1.0495474597086714,1.1458684944144357,0.8850100867333448,0.5310060520400071,11.118987704343875,27.32372595781792,30,0.9652777777777779,0.5791666666666667,0.3861111111111111,61.92688459390578,18.457250150647535,{}
test,balanced,homog,med,spread,1006,1.0,0.9918884838510486,0.5951330903106291,0.9918884838510486,23.04,50.0,8.0,12.0,1143,1143,0,1129,904,225,14,0.9877515310586177,0.7909011373578303,18.08,0.6426626828442396,1.895380667583563,10.632296322564192,12.921497373868178,1.0649890940872768,1.1907657233621098,0.8791150742456729,0.5274690445474037,14.498896374545852,29.685498781047926,30,0.9583333333333334,0.575,0.38333333333333336,62.43976645921421,18.30564181796884,{}
test,balanced,homog,med,tetris,1006,1.0,0.9918884838510486,0.5951330903106291,0.9918884838510486,23.04,50.0,8.0,12.0,1143,1143,0,1129,904,225,14,0.9877515310586177,0.7909011373578303,18.08,0.6426626828442396,1.895380667583563,10.632296322564192,12.921497373868178,1.0649890940872768,1.1907657233621098,0.8791150742456729,0.5274690445474037,14.498896374545852,29.685498781047926,30,0.9583333333333334,0.575,0.38333333333333336,62.43976645921421,18.30564181796884,{}
test,balanced,homog,med,hybrid,1006,1.0,0.9918884838510486,0.5951330903106291,0.9918884838510486,23.04,50.0,8.0,12.0,1143,1143,0,1126,902,224,17,0.9851268591426072,0.7891513560804899,18.04,0.7339577923117494,2.1459871598617752,10.723591432031702,13.11646986052935,1.0742555598784342,1.2129362182623973,0.8768079545945239,0.5260847727567143,16.514519987156927,28.32950874396204,30,0.9565972222222222,0.5739583333333333,0.38263888888888886,62.553790119148246,18.27227411517177,"{'alpha': 0.1, 'beta': 0.9, 'gamma': 0.0, 'source': 'phase3_tuning'}"
test,balanced,homog,med,binpack,1007,1.0,1.0450456210485906,0.6270273726291543,1.0450456210485906,23.04,50.0,8.0,12.0,1199,1199,0,1125,906,219,74,0.9382819015846539,0.755629691409508,18.12,1.5879352299554668,6.0319046122854445,11.634108070157966,16.022523386799364,1.1599262316497914,1.5957923070043105,0.8639602486391962,0.5183761491835178,35.038230938018366,26.595530805048575,30,0.9791666666666666,0.5875,0.39166666666666666,66.38010379338498,18.06264123557283,{}
test,balanced,homog,med,spread,1007,1.0,1.0450456210485906,0.6270273726291543,1.0450456210485906,23.04,50.0,8.0,12.0,1199,1199,0,1117,902,215,82,0.9316096747289407,0.7522935779816514,18.04,1.7859208666560809,6.54017811903703,11.832093706858581,16.678580158433395,1.1798118043543626,1.6588931022377102,0.8536540802771914,0.5121924481663153,38.59875652082274,29.551506020376337,30,0.9565972222222222,0.5739583333333333,0.38263888888888886,66.80020271317788,17.94904732771821,{}
test,balanced,homog,med,tetris,1007,1.0,1.0450456210485906,0.6270273726291543,1.0450456210485906,23.04,50.0,8.0,12.0,1199,1199,0,1117,902,215,82,0.9316096747289407,0.7522935779816514,18.04,1.7859208666560809,6.54017811903703,11.832093706858581,16.678580158433395,1.1798118043543626,1.6588931022377102,0.8536540802771914,0.5121924481663153,38.59875652082274,29.551506020376337,30,0.9565972222222222,0.5739583333333333,0.38263888888888886,66.80020271317788,17.94904732771821,{}
test,balanced,homog,med,hybrid,1007,1.0,1.0450456210485906,0.6270273726291543,1.0450456210485906,23.04,50.0,8.0,12.0,1199,1199,0,1125,907,218,74,0.9382819015846539,0.7564637197664721,18.14,1.726902375593283,7.846683174723857,11.773075215795782,17.778315195403103,1.1743131431837024,1.7793544086143793,0.8536949284311797,0.5122169570587072,37.69344580063274,27.90148975215998,30,0.9696180555555556,0.5817708333333333,0.3878472222222223,67.12837061903156,17.86130050444084,"{'alpha': 0.1, 'beta': 0.9, 'gamma': 0.0, 'source': 'phase3_tuning'}"
test,balanced,homog,med,binpack,1008,1.0,1.006240410394803,0.6037442462368818,1.006240410394803,23.04,50.0,8.0,12.0,1162,1162,0,1133,901,232,29,0.9750430292598967,0.7753872633390706,18.02,0.46172786713394803,1.6780807231395833,10.45275212838859,12.504263647815527,1.0473488815924994,1.1747033596683063,0.8750541676443455,0.525032500586609,10.34461112544417,27.06237843018715,30,0.978298611111111,0.5869791666666667,0.39131944444444444,63.432596548932565,18.318657334224387,{}
test,balanced,homog,med,spread,1008,1.0,1.006240410394803,0.6037442462368818,1.006240410394803,23.04,50.0,8.0,12.0,1162,1162,0,1131,895,236,31,0.9733218588640276,0.770223752151463,17.9,0.6897221069749448,2.1297643645821474,10.680746368229588,12.982805977609647,1.0711061483635058,1.2452937427156354,0.8643546917150486,0.5186128150290267,15.16110076115898,29.641267633763583,30,0.9774305555555556,0.5864583333333333,0.3909722222222223,64.43526715598594,18.033602579578222,{}
test,balanced,homog,med,tetris,1008,1.0,1.006240410394803,0.6037442462368818,1.006240410394803,23.04,50.0,8.0,12.0,1162,1162,0,1131,895,236,31,0.9733218588640276,0.770223752151463,17.9,0.6897221069749448,2.1297643645821474,10.680746368229588,12.982805977609647,1.0711061483635058,1.2452937427156354,0.8643546917150486,0.5186128150290267,15.16110076115898,29.641267633763583,30,0.9774305555555556,0.5864583333333333,0.3909722222222223,64.43526715598594,18.033602579578222,{}
test,balanced,homog,med,hybrid,1008,1.0,1.006240410394803,0.6037442462368818,1.006240410394803,23.04,50.0,8.0,12.0,1162,1162,0,1133,898,235,29,0.9750430292598967,0.7728055077452668,17.96,0.6762203116766954,2.4049176065143385,10.667244572931338,12.961143716686301,1.0697363398081692,1.2626887311503459,0.8635127827165873,0.5181076696299529,14.817381586500904,28.14228958512125,30,0.9730902777777778,0.5838541666666667,0.3892361111111111,64.53079488407303,18.006906657317426,"{'alpha': 0.1, 'beta': 0.9, 'gamma': 0.0, 'source': 'phase3_tuning'}"
test,balanced,homog,med,binpack,1009,1.0,1.0248713439825867,0.614922806389552,1.0248713439825867,23.04,50.0,8.0,12.0,1181,1181,0,1130,903,227,51,0.9568162574089755,0.7646062658763759,18.06,1.0206063548551882,3.067828591884769,11.011262815773945,13.894271591787572,1.1039650287376925,1.3280605029661556,0.8813088179531213,0.5287852907718729,23.054857438887336,27.131659278730794,30,0.9774305555555556,0.5864583333333333,0.3909722222222222,63.93247010434479,18.472616466601067,{}
test,balanced,homog,med,spread,1009,1.0,1.0248713439825867,0.614922806389552,1.0248713439825867,23.04,50.0,8.0,12.0,1181,1181,0,1127,898,229,54,0.9542760372565622,0.7603725656223539,17.96,1.1734657565883688,3.603412882824543,11.164122217507126,14.43039810782258,1.1195165521860295,1.3821818301247661,0.8750353135349376,0.5250211881209642,26.248640978776212,29.65541166379493,30,0.9835069444444445,0.5901041666666667,0.3934027777777778,64.39242455043367,18.34066675149051,{}
test,balanced,homog,med,tetris,1009,1.0,1.0248713439825867,0.614922806389552,1.0248713439825867,23.04,50.0,8.0,12.0,1181,1181,0,1127,898,229,54,0.9542760372565622,0.7603725656223539,17.96,1.1734657565883688,3.603412882824543,11.164122217507126,14.43039810782258,1.1195165521860295,1.3821818301247661,0.8750353135349376,0.5250211881209642,26.248640978776212,29.65541166379493,30,0.9835069444444445,0.5901041666666667,0.3934027777777778,64.39242455043367,18.34066675149051,{}
test,balanced,homog,med,hybrid,1009,1.0,1.0248713439825867,0.614922806389552,1.0248713439825867,23.04,50.0,8.0,12.0,1181,1181,0,1119,892,227,62,0.947502116850127,0.7552921253175275,17.84,1.2491884157543052,3.775772998029286,11.239844876673061,14.548325505167242,1.1272798529889327,1.3944912744977054,0.871538233704892,0.5229229402229368,27.933479365213998,28.18064306587648,30,0.9852430555555556,0.5911458333333334,0.39409722222222227,64.22121398637162,18.38956205733856,"{'alpha': 0.1, 'beta': 0.9, 'gamma': 0.0, 'source': 'phase3_tuning'}"
test,balanced,homog,high,binpack,1000,1.3,1.35945796087037,0.815674776522222,1.35945796087037,29.952,50.0,8.0,12.0,1570,1570,0,1220,977,243,350,0.7770700636942676,0.6222929936305732,19.54,7.21687931190867,18.113398757180036,17.186399559490233,28.389761710978192,1.7326477598939485,2.952988695738667,0.9041841616339571,0.5425104969803747,161.24718840851088,27.82949777720596,30,0.9765625,0.5859375,0.390625,80.43218786211004,19.519548600263736,{}
test,balanced,homog,high,spread,1000,1.3,1.35945796087037,0.815674776522222,1.35945796087037,29.952,50.0,8.0,12.0,1570,1570,0,1228,982,246,342,0.7821656050955414,0.6254777070063694,19.64,7.211670412270726,18.19609466039369,17.181190659852287,28.518957144141474,1.7321126803488751,2.985053770784849,0.9023842897968976,0.5414305738781384,159.77380578156868,29.632230926011502,30,0.9791666666666666,0.5875,0.39166666666666666,80.93837604066277,19.397473445862627,{}
test,balanced,homog,high,tetris,1000,1.3,1.35945796087037,0.815674776522222,1.35945796087037,29.952,50.0,8.0,12.0,1570,1570,0,1228,982,246,342,0.7821656050955414,0.6254777070063694,19.64,7.211670412270726,18.19609466039369,17.181190659852287,28.518957144141474,1.7321126803488751,2.985053770784849,0.9023842897968976,0.5414305738781384,159.77380578156868,29.632230926011502,30,0.9791666666666666,0.5875,0.39166666666666666,80.93837604066277,19.397473445862627,{}
test,balanced,homog,high,hybrid,1000,1.3,1.35945796087037,0.815674776522222,1.35945796087037,29.952,50.0,8.0,12.0,1570,1570,0,1223,980,243,347,0.7789808917197453,0.6242038216560509,19.6,7.193051090350013,18.13922119478829,17.162571337931574,28.514047198750823,1.7302404488601684,2.981154182384569,0.9038838207032088,0.5423302924219255,159.75547201556085,28.62989207226412,30,0.9765625,0.5859375,0.390625,80.51578371912944,19.499282345394217,"{'alpha': 0.1, 'beta': 0.9, 'gamma': 0.0, 'source': 'phase3_tuning'}"
test,balanced,homog,high,binpack,1001,1.3,1.2660560426849692,0.7596336256109815,1.2660560426849692,29.952,50.0,8.0,12.0,1453,1453,0,1217,979,238,236,0.8375774260151411,0.673778389538885,19.58,5.424536129589804,14.05252716086946,15.459510868556661,24.21677645971576,1.5469406229051705,2.400857672159285,0.90609504660996,0.5436570279659753,125.88475288952878,27.86365640852975,30,0.970486111111111,0.5822916666666667,0.38819444444444445,76.00331955116488,19.11758602888195,{}
test,balanced,homog,high,spread,1001,1.3,1.2660560426849692,0.7596336256109815,1.2660560426849692,29.952,50.0,8.0,12.0,1453,1453,0,1211,971,240,242,0.8334480385409497,0.6682725395732966,19.42,5.3695376934430765,16.453802708286133,15.404512432409934,26.44951503064123,1.541880066296703,2.646449085810302,0.9005188539715573,0.5403113123829337,124.4333180598008,29.71384516105816,30,0.9739583333333334,0.584375,0.38958333333333334,76.16241453040044,19.077651476241357,{}
test,balanced,homog,high,tetris,1001,1.3,1.2660560426849692,0.7596336256109815,1.2660560426849692,29.952,50.0,8.0,12.0,1453,1453,0,1211,971,240,242,0.8334480385409497,0.6682725395732966,19.42,5.3695376934430765,16.453802708286133,15.404512432409934,26.44951503064123,1.541880066296703,2.646449085810302,0.9005188539715573,0.5403113123829337,124.4333180598008,29.71384516105816,30,0.9739583333333334,0.584375,0.38958333333333334,76.16241453040044,19.077651476241357,{}
test,balanced,homog,high,hybrid,1001,1.3,1.2660560426849692,0.7596336256109815,1.2660560426849692,29.952,50.0,8.0,12.0,1453,1453,0,1221,978,243,232,0.8403303509979353,0.6730901582931865,19.56,5.3337908049282134,15.684943920840148,15.368765543895071,25.810061702651637,1.538092109801268,2.563328476111564,0.9037788079040342,0.5422672847424206,124.05407700410214,28.677130363619778,30,0.9765625,0.5859375,0.390625,76.12957531606054,19.085880802141695,"{'alpha': 0.1, 'beta': 0.9, 'gamma': 0.0, 'source': 'phase3_tuning'}"
test,balanced,homog,high,binpack,1002,1.3,1.2987052549081137,0.7792231529448682,1.2987052549081137,29.952,50.0,8.0,12.0,1501,1501,0,1209,970,239,292,0.8054630246502332,0.6462358427714857,19.4,5.784833352809713,14.939345190937864,15.742965793066066,25.329202889387723,1.5884849093881779,2.5945316828991114,0.9111663841965705,0.5466998305179438,131.27617026384277,27.967813740956984,30,0.9800347222222222,0.5880208333333333,0.39201388888888894,76.6510935711704,19.582238557448942,{}
test,balanced,homog,high,spread,1002,1.3,1.2987052549081137,0.7792231529448682,1.2987052549081137,29.952,50.0,8.0,12.0,1501,1501,0,1206,965,241,295,0.8034643570952699,0.64290473017988,19.3,6.04826573232975,15.447434608640137,16.006398172586103,25.864602001222686,1.6151577916049906,2.6793729011045593,0.9011385513004317,0.540683130780258,136.26306472315483,29.7382734296642,30,0.978298611111111,0.5869791666666667,0.39131944444444444,77.41964601120094,19.38784374941262,{}
test,balanced,homog,high,tetris,1002,1.3,1.2987052549081137,0.7792231529448682,1.2987052549081137,29.952,50.0,8.0,12.0,1501,1501,0,1206,965,241,295,0.8034643570952699,0.64290473017988,19.3,6.04826573232975,15.447434608640137,16.006398172586103,25.864602001222686,1.6151577916049906,2.6793729011045593,0.9011385513004317,0.540683130780258,136.26306472315483,29.7382734296642,30,0.978298611111111,0.5869791666666667,0.39131944444444444,77.41964601120094,19.38784374941262,{}
test,balanced,homog,high,hybrid,1002,1.3,1.2987052549081137,0.7792231529448682,1.2987052549081137,29.952,50.0,8.0,12.0,1501,1501,0,1206,962,244,295,0.8034643570952699,0.6409060626249167,19.24,6.064428615523694,15.554372249878078,16.022561055780045,25.922217088771582,1.6168428310377878,2.6651141366659963,0.8996964693760073,0.5398178816256044,136.7054195423938,28.6359774790449,30,0.9809027777777778,0.5885416666666666,0.3923611111111111,77.14401679401806,19.457114918034595,"{'alpha': 0.1, 'beta': 0.9, 'gamma': 0.0, 'source': 'phase3_tuning'}"
test,balanced,homog,high,binpack,1003,1.3,1.2478615535367286,0.7487169321220372,1.2478615535367286,29.952,50.0,8.0,12.0,1435,1435,0,1208,969,239,227,0.8418118466898955,0.6752613240418118,19.38,3.9282094649012342,15.773020064537711,13.931854973431824,25.13457179756506,1.397526708718687,2.494405778287797,0.905422141393536,0.5432532848361223,86.87681107647838,27.81076638808744,30,0.9800347222222222,0.5880208333333333,0.39201388888888894,74.56516019784877,19.244912720530845,{}
test,balanced,homog,high,spread,1003,1.3,1.2478615535367286,0.7487169321220372,1.2478615535367286,29.952,50.0,8.0,12.0,1435,1435,0,1213,972,241,222,0.8452961672473868,0.6773519163763067,19.44,3.878616765709779,16.265001394733076,13.882262274240366,25.607178426291703,1.392626316764655,2.571029662693264,0.9052415438915543,0.5431449263349333,85.63122860093918,29.75683035557922,30,0.9835069444444445,0.5901041666666667,0.3934027777777778,74.7707649108055,19.191993043160924,{}
test,balanced,homog,high,tetris,1003,1.3,1.2478615535367286,0.7487169321220372,1.2478615535367286,29.952,50.0,8.0,12.0,1435,1435,0,1213,972,241,222,0.8452961672473868,0.6773519163763067,19.44,3.878616765709779,16.265001394733076,13.882262274240366,25.607178426291703,1.392626316764655,2.571029662693264,0.9052415438915543,0.5431449263349333,85.63122860093918,29.75683035557922,30,0.9835069444444445,0.5901041666666667,0.3934027777777778,74.7707649108055,19.191993043160924,{}
test,balanced,homog,high,hybrid,1003,1.3,1.2478615535367286,0.7487169321220372,1.2478615535367286,29.952,50.0,8.0,12.0,1435,1435,0,1208,969,239,227,0.8418118466898955,0.6752613240418118,19.38,4.013892803041432,15.317979131612503,14.017538311572022,24.900222051635488,1.4061997413977585,2.4745614934343108,0.9041529471286741,0.5424917682772064,88.8256328586017,28.661959549787,30,0.982638888888889,0.5895833333333333,0.3930555555555556,74.39610439693152,19.28864436696482,"{'alpha': 0.1, 'beta': 0.9, 'gamma': 0.0, 'source': 'phase3_tuning'}"
test,balanced,homog,high,binpack,1004,1.3,1.285671468510622,0.7714028811063732,1.285671468510622,29.952,50.0,8.0,12.0,1474,1474,0,1207,969,238,267,0.8188602442333786,0.6573948439620081,19.38,5.6609480114050905,16.53651707510857,15.695121111252258,26.492569616908852,1.571645739666718,2.6000796563225848,0.8984404019780956,0.5390642411868574,128.84170222452926,27.56566974688552,30,0.9809027777777778,0.5885416666666666,0.3923611111111111,77.497204542142,19.020040899648933,{}
test,balanced,homog,high,spread,1004,1.3,1.285671468510622,0.7714028811063732,1.285671468510622,29.952,50.0,8.0,12.0,1474,1474,0,1206,969,237,268,0.8181818181818182,0.6573948439620081,19.38,5.542408631444505,15.898013239474096,15.576581731291672,26.004100084935104,1.5586949937850014,2.5918453502620444,0.8937757184781779,0.5362654310869075,123.30513098388415,29.619701440398536,30,0.9817708333333334,0.5890625,0.3927083333333333,77.742199399059,18.960101610115256,{}
test,balanced,homog,high,tetris,1004,1.3,1.285671468510622,0.7714028811063732,1.285671468510622,29.952,50.0,8.0,12.0,1474,1474,0,1206,969,237,268,0.8181818181818182,0.6573948439620081,19.38,5.542408631444505,15.898013239474096,15.576581731291672,26.004100084935104,1.5586949937850014,2.5918453502620444,0.8937757184781779,0.5362654310869075,123.30513098388415,29.619701440398536,30,0.9817708333333334,0.5890625,0.3927083333333333,77.742199399059,18.960101610115256,{}
test,balanced,homog,high,hybrid,1004,1.3,1.285671468510622,0.7714028811063732,1.285671468510622,29.952,50.0,8.0,12.0,1474,1474,0,1201,963,238,273,0.8147896879240163,0.6533242876526458,19.26,5.666987749173188,14.338146396201822,15.701160849020354,24.899294785849996,1.5714146517283145,2.5036458985860106,0.89595276532242,0.5375716591934517,125.54564636412793,28.34683154171158,30,0.9861111111111112,0.5916666666666667,0.3944444444444445,77.18730490778681,19.096404541665763,"{'alpha': 0.1, 'beta': 0.9, 'gamma': 0.0, 'source': 'phase3_tuning'}"
test,balanced,homog,high,binpack,1005,1.3,1.2879516904562267,0.772771014273736,1.2879516904562267,29.952,50.0,8.0,12.0,1482,1482,0,1182,948,234,300,0.7975708502024291,0.6396761133603239,18.96,6.189397817517625,14.156447582936387,16.226789316945176,24.509290095207618,1.626137173876535,2.465093286373835,0.9103535998496433,0.5462121599097867,143.6817865824224,28.01198793009617,30,0.9765625,0.5859375,0.390625,76.67899875047654,19.327325919090587,{}
test,balanced,homog,high,spread,1005,1.3,1.2879516904562267,0.772771014273736,1.2879516904562267,29.952,50.0,8.0,12.0,1482,1482,0,1214,975,239,268,0.8191632928475033,0.6578947368421053,19.5,5.652615210304711,15.576169947931746,15.690006709732266,25.27338551976333,1.5727511338990987,2.527838429521304,0.9141257152548355,0.5484754291529003,131.18486168080943,29.677887740312425,30,0.982638888888889,0.5895833333333333,0.3930555555555556,76.84875418661149,19.284632726787816,{}
test,balanced,homog,high,tetris,1005,1.3,1.2879516904562267,0.772771014273736,1.2879516904562267,29.952,50.0,8.0,12.0,1482,1482,0,1214,975,239,268,0.8191632928475033,0.6578947368421053,19.5,5.652615210304711,15.576169947931746,15.690006709732266,25.27338551976333,1.5727511338990987,2.527838429521304,0.9141257152548355,0.5484754291529003,131.18486168080943,29.677887740312425,30,0.982638888888889,0.5895833333333333,0.3930555555555556,76.84875418661149,19.284632726787816,{}
test,balanced,homog,high,hybrid,1005,1.3,1.2879516904562267,0.772771014273736,1.2879516904562267,29.952,50.0,8.0,12.0,1482,1482,0,1218,979,239,264,0.8218623481781376,0.6605937921727395,19.58,5.635403664076984,16.41622470139562,15.672795163504537,25.904406499619327,1.5711869332753245,2.605720993388779,0.9139814431108507,0.54838886586651,131.3668357086297,28.785450456352063,30,0.982638888888889,0.5895833333333333,0.3930555555555556,77.06982604664303,19.22931549246117,"{'alpha': 0.1, 'beta': 0.9, 'gamma': 0.0, 'source': 'phase3_tuning'}"
test,balanced,homog,high,binpack,1006,1.3,1.3027310638717058,0.7816386383230234,1.3027310638717058,29.952,50.0,8.0,12.0,1499,1499,0,1206,973,233,293,0.8045363575717145,0.6490993995997332,19.46,5.639070468948162,15.333275442411797,15.642777414456654,25.616685748120368,1.570378141221112,2.5898499479075814,0.9084962148423952,0.5450977289054368,126.48146639312907,27.859624922569587,30,0.9878472222222222,0.5927083333333333,0.39513888888888893,76.32732126908532,19.639101373876414,{}
test,balanced,homog,high,spread,1006,1.3,1.3027310638717058,0.7816386383230234,1.3027310638717058,29.952,50.0,8.0,12.0,1499,1499,0,1201,962,239,298,0.8012008005336891,0.6417611741160774,19.24,6.017505220270403,15.521500396216645,16.021212165778895,25.943799246688528,1.6085381895560245,2.6275882818271294,0.8965385398295589,0.5379231238977359,132.89867090659226,29.758075985421474,30,0.9852430555555556,0.5911458333333334,0.39409722222222227,77.10812147302457,19.440234976083662,{}
test,balanced,homog,high,tetris,1006,1.3,1.3027310638717058,0.7816386383230234,1.3027310638717058,29.952,50.0,8.0,12.0,1499,1499,0,1201,962,239,298,0.8012008005336891,0.6417611741160774,19.24,6.017505220270403,15.521500396216645,16.021212165778895,25.943799246688528,1.6085381895560245,2.6275882818271294,0.8965385398295589,0.5379231238977359,132.89867090659226,29.758075985421474,30,0.9852430555555556,0.5911458333333334,0.39409722222222227,77.10812147302457,19.440234976083662,{}
test,balanced,homog,high,hybrid,1006,1.3,1.3027310638717058,0.7816386383230234,1.3027310638717058,29.952,50.0,8.0,12.0,1499,1499,0,1195,961,234,304,0.7971981320880587,0.6410940627084724,19.22,6.02979836563803,15.464371972617087,16.033505311146524,25.871643163562794,1.609843666078444,2.6238944405221174,0.8972541655274895,0.5383524993164926,133.10713023069624,28.703757045644206,30,0.9817708333333334,0.5890625,0.3927083333333333,77.18803618956545,19.420108011539746,"{'alpha': 0.1, 'beta': 0.9, 'gamma': 0.0, 'source': 'phase3_tuning'}"
test,balanced,homog,high,binpack,1007,1.3,1.3408786523157226,0.8045271913894336,1.3408786523157226,29.952,50.0,8.0,12.0,1542,1542,0,1205,965,240,337,0.7814526588845655,0.625810635538262,19.3,7.388132838135723,19.783390847480717,17.402662500226334,29.30827521600242,1.7504035172385721,2.9586221078211166,0.8935054854434563,0.5361032912660735,169.42581642049612,27.456995966142962,30,0.9791666666666666,0.5875,0.39166666666666666,79.7334958087087,19.33942547432592,{}
test,balanced,homog,high,spread,1007,1.3,1.3408786523157226,0.8045271913894336,1.3408786523157226,29.952,50.0,8.0,12.0,1542,1542,0,1218,978,240,324,0.7898832684824902,0.6342412451361867,19.56,7.055484629479519,19.777118308186864,17.07001429157013,29.35570218934747,1.7165514284371217,2.954810537842259,0.8937663201960814,0.5362597921176493,159.0147706499271,29.65500463105869,30,0.9765625,0.5859375,0.390625,80.3525984533635,19.190418601023513,{}
test,balanced,homog,high,tetris,1007,1.3,1.3408786523157226,0.8045271913894336,1.3408786523157226,29.952,50.0,8.0,12.0,1542,1542,0,1218,978,240,324,0.7898832684824902,0.6342412451361867,19.56,7.055484629479519,19.777118308186864,17.07001429157013,29.35570218934747,1.7165514284371217,2.954810537842259,0.8937663201960814,0.5362597921176493,159.0147706499271,29.65500463105869,30,0.9765625,0.5859375,0.390625,80.3525984533635,19.190418601023513,{}
test,balanced,homog,high,hybrid,1007,1.3,1.3408786523157226,0.8045271913894336,1.3408786523157226,29.952,50.0,8.0,12.0,1542,1542,0,1219,978,241,323,0.7905317769130998,0.6342412451361867,19.56,7.171045383492361,18.950543310747435,17.185575045582972,29.10360148240602,1.7284342136660658,2.9995215607645904,0.8916124530218162,0.5349674718130892,160.44037022645742,28.361844564913817,30,0.9756944444444444,0.5854166666666667,0.3902777777777778,80.48411923485703,19.159059136875936,"{'alpha': 0.1, 'beta': 0.9, 'gamma': 0.0, 'source': 'phase3_tuning'}"
test,balanced,homog,high,binpack,1008,1.3,1.3190552919685357,0.7914331751811213,1.3190552919685357,29.952,50.0,8.0,12.0,1520,1520,0,1170,938,232,350,0.7697368421052632,0.6171052631578947,18.76,6.595926743747144,15.242805466460418,16.58596520633922,25.130408519115804,1.6695572336283622,2.5508713109622505,0.9063774842922092,0.543826490575326,148.48422911256242,27.743289468408864,30,0.9809027777777778,0.5885416666666666,0.3923611111111111,77.64261489724937,19.576878007155432,{}
test,balanced,homog,high,spread,1008,1.3,1.3190552919685357,0.7914331751811213,1.3190552919685357,29.952,50.0,8.0,12.0,1520,1520,0,1189,954,235,331,0.7822368421052631,0.6276315789473684,19.08,6.255861718860801,15.501563227252639,16.245900181452875,25.758429618965508,1.634494747230499,2.619009148152063,0.9029918546552852,0.5417951127931715,140.42920317378793,29.72405202597203,30,0.9835069444444445,0.5901041666666667,0.3934027777777778,78.50247054643961,19.362447951250342,{}
test,balanced,homog,high,tetris,1008,1.3,1.3190552919685357,0.7914331751811213,1.3190552919685357,29.952,50.0,8.0,12.0,1520,1520,0,1189,954,235,331,0.7822368421052631,0.6276315789473684,19.08,6.255861718860801,15.501563227252639,16.245900181452875,25.758429618965508,1.634494747230499,2.619009148152063,0.9029918546552852,0.5417951127931715,140.42920317378793,29.72405202597203,30,0.9835069444444445,0.5901041666666667,0.3934027777777778,78.50247054643961,19.362447951250342,{}
test,balanced,homog,high,hybrid,1008,1.3,1.3190552919685357,0.7914331751811213,1.3190552919685357,29.952,50.0,8.0,12.0,1520,1520,0,1174,943,231,346,0.7723684210526316,0.6203947368421052,18.86,6.447450065695899,15.20934985083339,16.437488528287975,25.41657549070564,1.6544794053416039,2.5653056250379955,0.9047997478451457,0.5428798487070867,144.7218466035857,28.534973083624877,30,0.984375,0.590625,0.39375,77.89197955724661,19.51420426904002,"{'alpha': 0.1, 'beta': 0.9, 'gamma': 0.0, 'source': 'phase3_tuning'}"
test,balanced,homog,high,binpack,1009,1.3,1.3073441233864744,0.7844064740318846,1.3073441233864744,29.952,50.0,8.0,12.0,1500,1500,0,1208,971,237,292,0.8053333333333333,0.6473333333333333,19.42,6.496861995072747,15.855187922535748,16.51317709276928,26.38957620969103,1.6561221872989729,2.6696589076422828,0.907720463735808,0.5446322782414854,150.2560190208697,27.824180644418256,30,0.9869791666666666,0.5921875,0.39479166666666665,76.81594996717779,19.52719455583021,{}
test,balanced,homog,high,spread,1009,1.3,1.3073441233864744,0.7844064740318846,1.3073441233864744,29.952,50.0,8.0,12.0,1500,1500,0,1193,958,235,307,0.7953333333333333,0.6386666666666667,19.16,6.642768106400482,16.381419272399896,16.659083204097016,26.96462962423255,1.6701988358913853,2.721722734168239,0.8983826985462323,0.5390296191277413,151.70332600077208,29.73493204907315,30,0.9835069444444445,0.5901041666666667,0.3934027777777778,77.10743237937842,19.45337762798025,{}
test,balanced,homog,high,tetris,1009,1.3,1.3073441233864744,0.7844064740318846,1.3073441233864744,29.952,50.0,8.0,12.0,1500,1500,0,1193,958,235,307,0.7953333333333333,0.6386666666666667,19.16,6.642768106400482,16.381419272399896,16.659083204097016,26.96462962423255,1.6701988358913853,2.721722734168239,0.8983826985462323,0.5390296191277413,151.70332600077208,29.73493204907315,30,0.9835069444444445,0.5901041666666667,0.3934027777777778,77.10743237937842,19.45337762798025,{}
test,balanced,homog,high,hybrid,1009,1.3,1.3073441233864744,0.7844064740318846,1.3073441233864744,29.952,50.0,8.0,12.0,1500,1500,0,1199,964,235,301,0.7993333333333333,0.6426666666666667,19.28,6.553683996146583,16.3768813547471,16.569999093843116,26.869656481855685,1.6613569995827613,2.7053331173353166,0.9009910481936899,0.540594628916214,149.8810761383384,28.605722884211655,30,0.9809027777777778,0.5885416666666666,0.3923611111111111,77.10359883062955,19.45434483927256,"{'alpha': 0.1, 'beta': 0.9, 'gamma': 0.0, 'source': 'phase3_tuning'}"
test,balanced,hetero,low,binpack,1000,0.7,0.7097891534080571,0.41195675622433975,0.7097891534080571,15.84247339533496,50.0,8.0,12.0,806,806,0,806,649,157,0,1.0,0.8052109181141439,12.98,0.0,0.0,9.934735581796511,11.736798172747935,1.0,1.0000000000000004,0.6459328145423384,0.3748949751345967,0.0,23.544344899664665,24,0.6693667333377262,0.4665703135798744,0.2560294364797383,61.71314399589937,13.060426803948863,{}
test,balanced,hetero,low,spread,1000,0.7,0.7097891534080571,0.41195675622433975,0.7097891534080571,15.84247339533496,50.0,8.0,12.0,806,806,0,806,649,157,0,1.0,0.8052109181141439,12.98,0.0,0.0,9.934735581796511,11.736798172747935,1.0,1.0000000000000004,0.6459328145423384,0.3748949751345967,0.0,29.223557817507572,30,0.6871164514748032,0.4131844412330768,0.30759370323183255,61.71314399589937,13.060426803948863,{}
test,balanced,hetero,low,tetris,1000,0.7,0.7097891534080571,0.41195675622433975,0.7097891534080571,15.84247339533496,50.0,8.0,12.0,806,806,0,806,649,157,0,1.0,0.8052109181141439,12.98,0.0,0.0,9.934735581796511,11.736798172747935,1.0,1.0000000000000004,0.6459328145423384,0.3748949751345967,0.0,27.325981513957494,30,0.6499624743917088,0.45715695625936503,0.23710264742245207,61.71314399589937,13.060426803948863,{}
test,balanced,hetero,low,hybrid,1000,0.7,0.7097891534080571,0.41195675622433975,0.7097891534080571,15.84247339533496,50.0,8.0,12.0,806,806,0,806,649,157,0,1.0,0.8052109181141439,12.98,0.0,0.0,9.934735581796511,11.736798172747935,1.0,1.0000000000000004,0.6459328145423384,0.3748949751345967,0.0,26.462800021303124,29,0.6481276324677043,0.4695453512842857,0.22870756152442212,61.71314399589937,13.060426803948863,"{'alpha': 0.1, 'beta': 0.9, 'gamma': 0.0, 'source': 'phase3_tuning'}"
test,balanced,hetero,low,binpack,1001,0.7,0.6982490233952913,0.4372731653040468,0.6982490233952913,16.818278008167972,50.0,8.0,12.0,838,838,0,838,682,156,0,1.0,0.8138424821002387,13.64,0.0,0.0,10.00859938103807,11.799604162778484,1.0,1.0000000000000004,0.6301440428026012,0.39462293674815707,0.0,23.221645043581063,23,0.6459814752022727,0.5186958796214672,0.2122704790979437,61.499403436722794,13.626148436744181,{}
test,balanced,hetero,low,spread,1001,0.7,0.6982490233952913,0.4372731653040468,0.6982490233952913,16.818278008167972,50.0,8.0,12.0,838,838,0,838,682,156,0,1.0,0.8138424821002387,13.64,0.0,0.0,10.00859938103807,11.799604162778484,1.0,1.0000000000000004,0.6301440428026012,0.39462293674815707,0.0,29.39461300354476,30,0.6697637775832938,0.4368376450713173,0.28394148416584203,61.499403436722794,13.626148436744181,{}
test,balanced,hetero,low,tetris,1001,0.7,0.6982490233952913,0.4372731653040468,0.6982490233952913,16.818278008167972,50.0,8.0,12.0,838,838,0,838,682,156,0,1.0,0.8138424821002387,13.64,0.0,0.0,10.00859938103807,11.799604162778484,1.0,1.0000000000000004,0.6301440428026012,0.39462293674815707,0.0,27.46768981105573,29,0.6374554043610758,0.5064395012378372,0.2072905803542606,61.499403436722794,13.626148436744181,{}
test,balanced,hetero,low,hybrid,1001,0.7,0.6982490233952913,0.4372731653040468,0.6982490233952913,16.818278008167972,50.0,8.0,12.0,838,838,0,838,682,156,0,1.0,0.8138424821002387,13.64,0.0,0.0,10.00859938103807,11.799604162778484,1.0,1.0000000000000004,0.6301440428026012,0.39462293674815707,0.0,25.350502840137693,25,0.6257472472836132,0.5191425213985679,0.19077554578186914,61.499403436722794,13.626148436744181,"{'alpha': 0.1, 'beta': 0.9, 'gamma': 0.0, 'source': 'phase3_tuning'}"
test,balanced,hetero,low,binpack,1002,0.7,0.692067330077794,0.45042077857879814,0.692067330077794,17.014613137012656,50.0,8.0,12.0,842,842,0,842,669,173,0,1.0,0.7945368171021377,13.38,0.0,0.0,9.967671064268577,11.792889983791063,1.0,1.0000000000000004,0.622213650067313,0.40495764577439514,0.0,22.259796555792786,26,0.7552977351231339,0.5843770335563138,0.2407135031548383,61.14881159391038,13.769687064267528,{}
test,balanced,hetero,low,spread,1002,0.7,0.692067330077794,0.45042077857879814,0.692067330077794,17.014613137012656,50.0,8.0,12.0,842,842,0,842,669,173,0,1.0,0.7945368171021377,13.38,0.0,0.0,9.967671064268577,11.792889983791063,1.0,1.0000000000000004,0.622213650067313,0.40495764577439514,0.0,29.440588151147914,30,0.739237082803605,0.5028232469256039,0.2804312203737831,61.14881159391038,13.769687064267528,{}
test,balanced,hetero,low,tetris,1002,0.7,0.692067330077794,0.45042077857879814,0.692067330077794,17.014613137012656,50.0,8.0,12.0,842,842,0,842,669,173,0,1.0,0.7945368171021377,13.38,0.0,0.0,9.967671064268577,11.792889983791063,1.0,1.0000000000000004,0.622213650067313,0.40495764577439514,0.0,27.055348986060835,30,0.7305575305235948,0.5694875562481816,0.2242147067535283,61.14881159391038,13.769687064267528,{}
test,balanced,hetero,low,hybrid,1002,0.7,0.692067330077794,0.45042077857879814,0.692067330077794,17.014613137012656,50.0,8.0,12.0,842,842,0,842,669,173,0,1.0,0.7945368171021377,13.38,0.0,0.0,9.967671064268577,11.792889983791063,1.0,1.0000000000000004,0.622213650067313,0.40495764577439514,0.0,25.593053457963496,28,0.7206320812461103,0.5714938468785622,0.21610417949363664,61.14881159391038,13.769687064267528,"{'alpha': 0.1, 'beta': 0.9, 'gamma': 0.0, 'source': 'phase3_tuning'}"
test,balanced,hetero,low,binpack,1003,0.7,0.6557128925358218,0.371096706141006,0.6557128925358218,16.551026785974067,50.0,8.0,12.0,776,776,0,776,603,173,0,1.0,0.7770618556701031,12.06,0.0,0.0,9.988831039670853,11.832042282236934,1.0,1.0000000000000004,0.5799271200261249,0.3282062111227718,0.0,20.78942668253007,26,0.7685029394037806,0.4909579710472803,0.2918406096083464,61.25780594046315,12.667773324336808,{}
test,balanced,hetero,low,spread,1003,0.7,0.6557128925358218,0.371096706141006,0.6557128925358218,16.551026785974067,50.0,8.0,12.0,776,776,0,776,603,173,0,1.0,0.7770618556701031,12.06,0.0,0.0,9.988831039670853,11.832042282236934,1.0,1.0000000000000004,0.5799271200261249,0.3282062111227718,0.0,29.44880431857808,30,0.7333122120229834,0.42705237107224725,0.31510518691134953,61.25780594046315,12.667773324336808,{}
test,balanced,hetero,low,tetris,1003,0.7,0.6557128925358218,0.371096706141006,0.6557128925358218,16.551026785974067,50.0,8.0,12.0,776,776,0,776,603,173,0,1.0,0.7770618556701031,12.06,0.0,0.0,9.988831039670853,11.832042282236934,1.0,1.0000000000000004,0.5799271200261249,0.3282062111227718,0.0,27.262732461957544,30,0.7291443506117418,0.48121120878908374,0.2621691631933106,61.25780594046315,12.667773324336808,{}
test,balanced,hetero,low,hybrid,1003,0.7,0.6557128925358218,0.371096706141006,0.6557128925358218,16.551026785974067,50.0,8.0,12.0,776,776,0,776,603,173,0,1.0,0.7770618556701031,12.06,0.0,0.0,9.988831039670853,11.832042282236934,1.0,1.0000000000000004,0.5799271200261249,0.3282062111227718,0.0,24.788687457650944,30,0.7286073125979132,0.48525355800094744,0.25753015608642466,61.25780594046315,12.667773324336808,"{'alpha': 0.1, 'beta': 0.9, 'gamma': 0.0, 'source': 'phase3_tuning'}"
test,balanced,hetero,low,binpack,1004,0.7,0.7045051217142086,0.41260877912000443,0.7045051217142086,15.40668448094304,50.0,8.0,12.0,773,773,0,773,620,153,0,1.0,0.8020698576972833,12.4,0.0,0.0,10.05118962873415,11.826916835397633,1.0,1.0000000000000004,0.6375965747050573,0.3734223303019105,0.0,22.483517497665716,27,0.7337867275486062,0.5127231996749846,0.23070821415440648,61.72568784273203,12.523149227101207,{}
test,balanced,hetero,low,spread,1004,0.7,0.7045051217142086,0.41260877912000443,0.7045051217142086,15.40668448094304,50.0,8.0,12.0,773,773,0,773,620,153,0,1.0,0.8020698576972833,12.4,0.0,0.0,10.05118962873415,11.826916835397633,1.0,1.0000000000000004,0.6375965747050573,0.3734223303019105,0.0,29.176399770623515,30,0.7243290432924295,0.43973331703633856,0.2904919060580406,61.72568784273203,12.523149227101207,{}
test,balanced,hetero,low,tetris,1004,0.7,0.7045051217142086,0.41260877912000443,0.7045051217142086,15.40668448094304,50.0,8.0,12.0,773,773,0,773,620,153,0,1.0,0.8020698576972833,12.4,0.0,0.0,10.05118962873415,11.826916835397633,1.0,1.0000000000000004,0.6375965747050573,0.3734223303019105,0.0,26.424399989754633,30,0.7018105160437905,0.5044286229746656,0.2068518328464914,61.72568784273203,12.523149227101207,{}
test,balanced,hetero,low,hybrid,1004,0.7,0.7045051217142086,0.41260877912000443,0.7045051217142086,15.40668448094304,50.0,8.0,12.0,773,773,0,773,620,153,0,1.0,0.8020698576972833,12.4,0.0,0.0,10.05118962873415,11.826916835397633,1.0,1.0000000000000004,0.6375965747050573,0.3734223303019105,0.0,24.982502604616272,30,0.6988212433937193,0.5015551290231924,0.20666090021938935,61.72568784273203,12.523149227101207,"{'alpha': 0.1, 'beta': 0.9, 'gamma': 0.0, 'source': 'phase3_tuning'}"
test,balanced,hetero,low,binpack,1005,0.7,0.7057978256902874,0.42273593381431535,0.7057978256902874,16.201641658201552,50.0,8.0,12.0,814,814,0,814,659,155,0,1.0,0.8095823095823096,13.18,0.0,0.0,10.012293585948013,11.782477565714679,1.0,1.0000000000000004,0.6308292963840612,0.3778337109830689,0.0,23.159884799870145,23,0.6535092860715623,0.5097528825383634,0.22963490260576871,61.302214363418315,13.278476290829538,{}
test,balanced,hetero,low,spread,1005,0.7,0.7057978256902874,0.42273593381431535,0.7057978256902874,16.201641658201552,50.0,8.0,12.0,814,814,0,814,659,155,0,1.0,0.8095823095823096,13.18,0.0,0.0,10.012293585948013,11.782477565714679,1.0,1.0000000000000004,0.6308292963840612,0.3778337109830689,0.0,29.386518887641092,30,0.660821815165973,0.41066175237841024,0.299803494384062,61.302214363418315,13.278476290829538,{}
test,balanced,hetero,low,tetris,1005,0.7,0.7057978256902874,0.42273593381431535,0.7057978256902874,16.201641658201552,50.0,8.0,12.0,814,814,0,814,659,155,0,1.0,0.8095823095823096,13.18,0.0,0.0,10.012293585948013,11.782477565714679,1.0,1.0000000000000004,0.6308292963840612,0.3778337109830689,0.0,27.452862997312128,30,0.6345540463584721,0.4949184381554727,0.21669151578326373,61.302214363418315,13.278476290829538,{}
test,balanced,hetero,low,hybrid,1005,0.7,0.7057978256902874,0.42273593381431535,0.7057978256902874,16.201641658201552,50.0,8.0,12.0,814,814,0,814,659,155,0,1.0,0.8095823095823096,13.18,0.0,0.0,10.012293585948013,11.782477565714679,1.0,1.0000000000000004,0.6308292963840612,0.3778337109830689,0.0,26.49137315337227,28,0.6300430240455955,0.5005348833365368,0.2112077904536806,61.302214363418315,13.278476290829538,"{'alpha': 0.1, 'beta': 0.9, 'gamma': 0.0, 'source': 'phase3_tuning'}"
test,balanced,hetero,low,binpack,1006,0.7,0.7050469580508403,0.3992456435787438,0.7050469580508403,15.577188594877372,50.0,8.0,12.0,781,781,0,781,629,152,0,1.0,0.8053777208706786,12.58,0.0,0.0,10.022148756657106,11.807177807095577,1.0,1.0000000000000002,0.635540163220115,0.3598861587693826,0.0,23.316271265967902,25,0.6813844558079567,0.4700949203902802,0.2583557211333566,61.59207874263608,12.680201999082161,{}
test,balanced,hetero,low,spread,1006,0.7,0.7050469580508403,0.3992456435787438,0.7050469580508403,15.577188594877372,50.0,8.0,12.0,781,781,0,781,629,152,0,1.0,0.8053777208706786,12.58,0.0,0.0,10.022148756657106,11.807177807095577,1.0,1.0000000000000002,0.635540163220115,0.3598861587693826,0.0,29.487897224063353,30,0.6816010370709247,0.39673635812038677,0.31214144472189936,61.59207874263608,12.680201999082161,{}
test,balanced,hetero,low,tetris,1006,0.7,0.7050469580508403,0.3992456435787438,0.7050469580508403,15.577188594877372,50.0,8.0,12.0,781,781,0,781,629,152,0,1.0,0.8053777208706786,12.58,0.0,0.0,10.022148756657106,11.807177807095577,1.0,1.0000000000000002,0.635540163220115,0.3598861587693826,0.0,27.511595139751226,30,0.655945555149796,0.45480164832332476,0.2444581362694677,61.59207874263608,12.680201999082161,{}
test,balanced,hetero,low,hybrid,1006,0.7,0.7050469580508403,0.3992456435787438,0.7050469580508403,15.577188594877372,50.0,8.0,12.0,781,781,0,781,629,152,0,1.0,0.8053777208706786,12.58,0.0,0.0,10.022148756657106,11.807177807095577,1.0,1.0000000000000002,0.635540163220115,0.3598861587693826,0.0,26.701121378347,29,0.6483644585487519,0.4585384016543813,0.23500692619106842,61.59207874263608,12.680201999082161,"{'alpha': 0.1, 'beta': 0.9, 'gamma': 0.0, 'source': 'phase3_tuning'}"
test,balanced,hetero,low,binpack,1007,0.7,0.7617945005281314,0.3988160828311451,0.7617945005281314,16.2275398913383,50.0,8.0,12.0,879,879,0,879,672,207,0,1.0,0.764505119453925,13.44,0.004164916693775778,0.0,10.033566978055282,11.876580453837917,1.0004116976192716,1.0000000000000004,0.6716574970805885,0.3516273900692986,0.07321923547657817,23.29845207123633,30,0.9076381257533365,0.5226850259438539,0.40232729616331075,61.77308300759247,14.229498629556225,{}
test,balanced,hetero,low,spread,1007,0.7,0.7617945005281314,0.3988160828311451,0.7617945005281314,16.2275398913383,50.0,8.0,12.0,879,879,0,879,672,207,0,1.0,0.764505119453925,13.44,0.0030542411071121053,0.0,10.032456302468617,11.874912481112057,1.0003053491650904,1.0000000000000004,0.6717644312005154,0.35168337241992026,0.05369355866303081,29.322217128201768,30,0.9088941668280571,0.5119262995233851,0.4143420636585003,61.77308300759247,14.229498629556225,{}
test,balanced,hetero,low,tetris,1007,0.7,0.7617945005281314,0.3988160828311451,0.7617945005281314,16.2275398913383,50.0,8.0,12.0,879,879,0,879,672,207,0,1.0,0.764505119453925,13.44,0.0030336842968624695,0.0,10.032435745658368,11.874912481112057,1.0003042498792774,1.0000000000000004,0.6717342110054274,0.35166755148682205,0.05333216993884221,26.999794292105875,30,0.9068614126894753,0.5215474445110256,0.40324862247917564,61.77308300759247,14.229498629556225,{}
test,balanced,hetero,low,hybrid,1007,0.7,0.7617945005281314,0.3988160828311451,0.7617945005281314,16.2275398913383,50.0,8.0,12.0,879,879,0,879,672,207,0,1.0,0.764505119453925,13.44,0.009049117562958814,0.0,10.038451178924465,11.876580453837917,1.0009039540088183,1.0000000000000004,0.6712414760091678,0.3514095939392869,0.15908348675681594,25.4544083786299,30,0.9060248147397049,0.524268282734245,0.3991307283592881,61.77308300759247,14.229498629556225,"{'alpha': 0.1, 'beta': 0.9, 'gamma': 0.0, 'source': 'phase3_tuning'}"
test,balanced,hetero,low,binpack,1008,0.7,0.6946524422238388,0.38813622164712325,0.6946524422238388,15.10131294897539,50.0,8.0,12.0,750,750,0,750,594,156,0,1.0,0.792,11.88,0.0,0.0,9.968547647328414,11.782412373949782,1.0,1.0000000000000004,0.6223455371910231,0.34773482490174096,0.0,22.12738776233474,25,0.7221761140349879,0.48832744478504786,0.27453718182416476,61.27902757098903,12.239097611840501,{}
test,balanced,hetero,low,spread,1008,0.7,0.6946524422238388,0.38813622164712325,0.6946524422238388,15.10131294897539,50.0,8.0,12.0,750,750,0,750,594,156,0,1.0,0.792,11.88,0.0,0.0,9.968547647328414,11.782412373949782,1.0,1.0000000000000004,0.6223455371910231,0.34773482490174096,0.0,29.441942344194636,30,0.7331563030516876,0.4255347232184583,0.3336280264722228,61.27902757098903,12.239097611840501,{}
test,balanced,hetero,low,tetris,1008,0.7,0.6946524422238388,0.38813622164712325,0.6946524422238388,15.10131294897539,50.0,8.0,12.0,750,750,0,750,594,156,0,1.0,0.792,11.88,0.0,0.0,9.968547647328414,11.782412373949782,1.0,1.0000000000000004,0.6223455371910231,0.34773482490174096,0.0,27.10783511304979,30,0.6986428527658349,0.47414817327727393,0.25929251919249985,61.27902757098903,12.239097611840501,{}
test,balanced,hetero,low,hybrid,1008,0.7,0.6946524422238388,0.38813622164712325,0.6946524422238388,15.10131294897539,50.0,8.0,12.0,750,750,0,750,594,156,0,1.0,0.792,11.88,0.0,0.0,9.968547647328414,11.782412373949782,1.0,1.0000000000000004,0.6223455371910231,0.34773482490174096,0.0,25.310641436589076,29,0.6966561561511223,0.4779763769926202,0.2570745108328197,61.27902757098903,12.239097611840501,"{'alpha': 0.1, 'beta': 0.9, 'gamma': 0.0, 'source': 'phase3_tuning'}"
test,balanced,hetero,low,binpack,1009,0.7,0.7221251781028478,0.3689783228882847,0.7221251781028478,15.436320077474226,50.0,8.0,12.0,797,797,0,797,626,171,0,1.0,0.7854454203262233,12.52,0.0,0.0,9.990281283945201,11.821070664133337,1.0,1.0000000000000004,0.6475884103881765,0.3308928878711495,0.0,23.245449658473728,25,0.745851981486241,0.43424570942161406,0.3483138406191497,61.30140769400211,13.00133275859472,{}
test,balanced,hetero,low,spread,1009,0.7,0.7221251781028478,0.3689783228882847,0.7221251781028478,15.436320077474226,50.0,8.0,12.0,797,797,0,797,626,171,0,1.0,0.7854454203262233,12.52,0.0,0.0,9.990281283945201,11.821070664133337,1.0,1.0000000000000004,0.6475884103881765,0.3308928878711495,0.0,29.468267637676668,30,0.7383681782508948,0.3863642171991683,0.3738319958621478,61.30140769400211,13.00133275859472,{}
test,balanced,hetero,low,tetris,1009,0.7,0.7221251781028478,0.3689783228882847,0.7221251781028478,15.436320077474226,50.0,8.0,12.0,797,797,0,797,626,171,0,1.0,0.7854454203262233,12.52,0.0,0.0,9.990281283945201,11.821070664133337,1.0,1.0000000000000004,0.6475884103881765,0.3308928878711495,0.0,27.891577033772815,30,0.7101737322754879,0.42406671638693866,0.3204416329348932,61.30140769400211,13.00133275859472,{}
test,balanced,hetero,low,hybrid,1009,0.7,0.7221251781028478,0.3689783228882847,0.7221251781028478,15.436320077474226,50.0,8.0,12.0,797,797,0,797,626,171,0,1.0,0.7854454203262233,12.52,0.0,0.0,9.990281283945201,11.821070664133337,1.0,1.0000000000000004,0.6475884103881765,0.3308928878711495,0.0,26.733444180320163,30,0.709169822074938,0.423781284326063,0.31883179836629455,61.30140769400211,13.00133275859472,"{'alpha': 0.1, 'beta': 0.9, 'gamma': 0.0, 'source': 'phase3_tuning'}"
test,balanced,hetero,med,binpack,1000,1.0,1.058907548683152,0.61458267825374,1.058907548683152,22.632104850478513,50.0,8.0,12.0,1198,1198,0,1099,884,215,99,0.9173622704507512,0.7378964941569283,17.68,1.4959654545327317,7.0039516821547565,11.470591781099348,17.119144341468505,1.1505267123764626,1.6699449056031686,0.8551392704524051,0.4963169672065914,30.097768174349895,27.496629427033245,30,0.9539104910859793,0.6130711437379682,0.39543163279422083,67.61278616934325,17.718542126033448,{}
test,balanced,hetero,med,spread,1000,1.0,1.058907548683152,0.61458267825374,1.058907548683152,22.632104850478513,50.0,8.0,12.0,1198,1198,0,1096,883,213,102,0.9148580968280468,0.7370617696160268,17.66,1.6353124892735553,6.428945093778239,11.60993881584017,16.757276812460418,1.164656333818041,1.6542511180540727,0.8519525773649859,0.49446743239604807,32.80931081595613,29.505135042870478,30,0.9476018676717428,0.6090608008194592,0.39289693893418615,67.69852653504083,17.696101544838115,{}
test,balanced,hetero,med,tetris,1000,1.0,1.058907548683152,0.61458267825374,1.058907548683152,22.632104850478513,50.0,8.0,12.0,1198,1198,0,1097,883,214,101,0.9156928213689483,0.7370617696160268,17.66,1.6444265531662654,6.5531471183268195,11.619052879732882,16.652496450448496,1.1655874348085882,1.6515802125218135,0.8518913669215715,0.4944319062745282,33.18036873370363,28.170839359243505,30,0.9522879657940007,0.6128045737448395,0.3940756774953707,67.53184025941212,17.7397801599673,{}
test,balanced,hetero,med,hybrid,1000,1.0,1.058907548683152,0.61458267825374,1.058907548683152,22.632104850478513,50.0,8.0,12.0,1198,1198,0,1100,883,217,98,0.9181969949916527,0.7370617696160268,17.66,1.6531934991009014,7.325637876272097,11.627819825667517,17.461942202154304,1.1664230961372033,1.7123541162276392,0.8499719320518622,0.49331787944147254,33.3907126556832,27.67356997833696,30,0.94959621265164,0.6097357364542978,0.39373201533587465,67.96501257352355,17.62671637416415,"{'alpha': 0.1, 'beta': 0.9, 'gamma': 0.0, 'source': 'phase3_tuning'}"
test,balanced,hetero,med,binpack,1001,1.0,0.9740427751199272,0.6099869146212983,0.9740427751199272,24.026111440239962,50.0,8.0,12.0,1166,1166,0,1133,915,218,33,0.9716981132075472,0.7847341337907375,18.3,1.0450277526376621,3.661785329198036,11.04706289589351,14.131153297104305,1.1054930426077525,1.3681375158395856,0.8410113085776009,0.5266769657191993,23.56836878231225,27.590051687395995,30,0.9348958558619397,0.6554383248280332,0.367271846097514,64.37154377477972,18.113593858794946,{}
test,balanced,hetero,med,spread,1001,1.0,0.9740427751199272,0.6099869146212983,0.9740427751199272,24.026111440239962,50.0,8.0,12.0,1166,1166,0,1123,911,212,43,0.9631217838765008,0.7813036020583191,18.22,1.1528078838629487,3.8003329982820873,11.1548430271188,14.094353114968094,1.116435280310732,1.3714421248502469,0.8371519014354185,0.5242600412113042,25.851408736779636,29.59412524163803,30,0.9209419385605572,0.6434423403856009,0.36363814390356775,64.19201928878483,18.164251770215227,{}
test,balanced,hetero,med,tetris,1001,1.0,0.9740427751199272,0.6099869146212983,0.9740427751199272,24.026111440239962,50.0,8.0,12.0,1166,1166,0,1124,909,215,42,0.9639794168096055,0.7795883361921098,18.18,1.1336704850346753,3.637369054341633,11.135705628290525,14.04801617914837,1.1145733791900243,1.3661516598761854,0.8386959340375373,0.5252269799403788,25.571801111673416,28.32020023950046,30,0.9346753691360352,0.6539246886198201,0.36789210076711926,64.001958541108,18.218192483142317,{}
test,balanced,hetero,med,hybrid,1001,1.0,0.9740427751199272,0.6099869146212983,0.9740427751199272,24.026111440239962,50.0,8.0,12.0,1166,1166,0,1118,904,214,48,0.9588336192109777,0.7753001715265866,18.08,1.2104534376224256,3.544829378679381,11.212488580878276,14.062868950939752,1.1224699640634075,1.3496066459597742,0.8364700627757348,0.5238330449120497,27.160215773951276,27.716739986403773,30,0.9308258456981379,0.6519194278800142,0.3661276558370074,63.54587641385184,18.348948284326962,"{'alpha': 0.1, 'beta': 0.9, 'gamma': 0.0, 'source': 'phase3_tuning'}"
test,balanced,hetero,med,binpack,1002,1.0,1.0124308952017176,0.6589242003703988,1.0124308952017176,24.30659019573237,50.0,8.0,12.0,1238,1238,0,1183,948,235,55,0.9555735056542811,0.7657512116316639,18.96,0.8445303098767005,3.598870647792509,10.801818504463009,13.520121100771235,1.0870758688708635,1.3653710678217523,0.8581998838960425,0.5585454522715859,18.739659663487707,27.710990408242814,30,0.9383826088150582,0.6802350546019704,0.3278567514118877,65.37490805069329,18.936929120267745,{}
test,balanced,hetero,med,spread,1002,1.0,1.0124308952017176,0.6589242003703988,1.0124308952017176,24.30659019573237,50.0,8.0,12.0,1238,1238,0,1179,944,235,59,0.9523424878836834,0.7625201938610663,18.88,0.9606357491119519,3.8081746103978915,10.917923943698261,13.738194716999594,1.098860848967979,1.3820123250077814,0.8545869390669972,0.5561940258248564,21.392895007512593,29.621485143683945,30,0.9398308268140003,0.6793346116427519,0.32853091970704296,65.58602411144162,18.87597269040781,{}
test,balanced,hetero,med,tetris,1002,1.0,1.0124308952017176,0.6589242003703988,1.0124308952017176,24.30659019573237,50.0,8.0,12.0,1238,1238,0,1178,944,234,60,0.9515347334410339,0.7625201938610663,18.88,0.9627253182703156,3.504909048627283,10.920013512856624,13.687255653111464,1.0990929105053129,1.3665783962910034,0.8548939527602546,0.5563938406994238,21.476000235992082,28.212928109304972,30,0.9301294686550001,0.674765730896875,0.3246119407348018,65.43565012651635,18.919350500933252,{}
test,balanced,hetero,med,hybrid,1002,1.0,1.0124308952017176,0.6589242003703988,1.0124308952017176,24.30659019573237,50.0,8.0,12.0,1238,1238,0,1181,945,236,57,0.9539579967689822,0.7633279483037156,18.9,0.9168795235662639,3.8209562475073824,10.874167718152572,13.792654249133058,1.0945381991593712,1.389953585274918,0.8552838342147048,0.5566475887101103,20.33633608229332,27.8290882214618,30,0.9391440083106184,0.6808118325888385,0.3282469525028891,65.70039879797253,18.843112411034618,"{'alpha': 0.1, 'beta': 0.9, 'gamma': 0.0, 'source': 'phase3_tuning'}"
test,balanced,hetero,med,binpack,1003,1.0,0.9425956918135031,0.5334562739828765,0.9425956918135031,23.644323979962955,50.0,8.0,12.0,1112,1112,0,1091,866,225,21,0.9811151079136691,0.7787769784172662,17.32,0.39286503399317774,2.070122764722541,10.395949409795602,12.635748741203358,1.0393880942132627,1.2041790511687225,0.8218474239611443,0.46511952937663276,8.42044671355905,26.624599394989563,30,0.9673014066952198,0.5981863043775848,0.38341074356948107,63.65212024025937,17.469960086210456,{}
test,balanced,hetero,med,spread,1003,1.0,0.9425956918135031,0.5334562739828765,0.9425956918135031,23.644323979962955,50.0,8.0,12.0,1112,1112,0,1089,864,225,23,0.97931654676259,0.7769784172661871,17.28,0.4373605926076889,1.77114342904256,10.440444968410112,12.754689999359869,1.0439301718469918,1.1804222560426876,0.8203800550716049,0.4642890809169483,9.400500240150961,29.632629651991568,30,0.9717392029302129,0.6015782955494927,0.3849405498474326,63.610595108494664,17.481364513307337,{}
test,balanced,hetero,med,tetris,1003,1.0,0.9425956918135031,0.5334562739828765,0.9425956918135031,23.644323979962955,50.0,8.0,12.0,1112,1112,0,1087,861,226,25,0.9775179856115108,0.7742805755395683,17.22,0.4360000695143829,2.1701471567340462,10.439084445316807,12.740491113978521,1.043809780150238,1.2157120563505597,0.8198580912341652,0.4639936786715376,9.30653281968243,28.25229319954115,30,0.96713759224227,0.5987822029588978,0.3831350317500845,63.79587863102758,17.43059307061837,{}
test,balanced,hetero,med,hybrid,1003,1.0,0.9425956918135031,0.5334562739828765,0.9425956918135031,23.644323979962955,50.0,8.0,12.0,1112,1112,0,1089,863,226,23,0.97931654676259,0.7760791366906474,17.26,0.4468476179495776,2.0201832276227876,10.449931993752001,12.789599682559846,1.0448065417211587,1.1912993445533453,0.8192601168824832,0.4636552587399002,9.581033662615884,27.68035537448968,30,0.964423429139363,0.5959094777793935,0.3829288323742029,64.00576677184462,17.3734345526059,"{'alpha': 0.1, 'beta': 0.9, 'gamma': 0.0, 'source': 'phase3_tuning'}"
test,balanced,hetero,med,binpack,1004,1.0,0.990616298403437,0.580176025500109,0.990616298403437,22.009549258490058,50.0,8.0,12.0,1085,1085,0,1049,844,205,36,0.9668202764976959,0.7778801843317973,16.88,0.7710857898756689,4.342977418626926,10.817420692498157,14.876920065598867,1.0773251305164067,1.425198961833504,0.8513947757456257,0.4986379064424454,16.110045974956474,26.985887417778855,30,0.9666888502554413,0.6277109692400976,0.34872215987104316,63.715371729166165,17.028857723878485,{}
test,balanced,hetero,med,spread,1004,1.0,0.990616298403437,0.580176025500109,0.990616298403437,22.009549258490058,50.0,8.0,12.0,1085,1085,0,1046,843,203,39,0.9640552995391705,0.7769585253456222,16.86,0.7995633542620235,4.626686574213949,10.845898256884512,15.199836623914692,1.0799923662147572,1.4627363869076946,0.8482671804590523,0.4968061620973722,16.58449551334428,29.436560193352506,30,0.9606877791202069,0.6213653589706226,0.34889195250186517,63.932693364067696,16.970972798242943,{}
test,balanced,hetero,med,tetris,1004,1.0,0.990616298403437,0.580176025500109,0.990616298403437,22.009549258490058,50.0,8.0,12.0,1085,1085,0,1046,842,204,39,0.9640552995391705,0.776036866359447,16.84,0.8498057085513205,4.8889366874041755,10.896140611173807,15.511528920442018,1.0850839146766167,1.4965943968759647,0.8456098527114709,0.49524984018592505,17.559015231890495,27.518989031551605,30,0.9610071830345995,0.6244657319455434,0.3462105760162517,64.1291678450102,16.918978312992756,{}
test,balanced,hetero,med,hybrid,1004,1.0,0.990616298403437,0.580176025500109,0.990616298403437,22.009549258490058,50.0,8.0,12.0,1085,1085,0,1048,843,205,37,0.9658986175115207,0.7769585253456222,16.86,0.8135388410218507,4.557946039705556,10.859873743644338,15.160876436169879,1.081446266288888,1.4585956546374277,0.8485897728586237,0.4969950953670358,16.971743042316916,27.076189629076662,30,0.9695228039801964,0.6298851138835398,0.34928237637744153,63.624322381140445,17.053226806885668,"{'alpha': 0.1, 'beta': 0.9, 'gamma': 0.0, 'source': 'phase3_tuning'}"
test,balanced,hetero,med,binpack,1005,1.0,1.008138354080076,0.6038220762571165,1.008138354080076,23.145202368859362,50.0,8.0,12.0,1161,1161,0,1083,869,214,78,0.9328165374677002,0.7484926787252368,17.38,1.6501718669736531,4.378947592080635,11.688732830795212,14.99769389664803,1.166035303890903,1.4423210141809133,0.840271010375251,0.503278328862337,34.96075737154484,27.64268685141911,30,0.9345032772021383,0.6390110452415675,0.3862526678254495,65.69407577524079,17.672826450472193,{}
test,balanced,hetero,med,spread,1005,1.0,1.008138354080076,0.6038220762571165,1.008138354080076,23.145202368859362,50.0,8.0,12.0,1161,1161,0,1087,872,215,74,0.9362618432385874,0.7510766580534023,17.44,1.647932823599438,4.507416568148486,11.686493787420996,15.051705185517847,1.1657781595989276,1.4581279752560536,0.8396332870600368,0.502896365995126,35.039522023276966,29.554816090759637,30,0.9334004623551679,0.6387726208070621,0.38542992645716617,66.03190351628854,17.582409989341112,{}
test,balanced,hetero,med,tetris,1005,1.0,1.008138354080076,0.6038220762571165,1.008138354080076,23.145202368859362,50.0,8.0,12.0,1161,1161,0,1085,871,214,76,0.9345391903531438,0.7502153316106804,17.42,1.7054419711575508,4.743836039110342,11.744002934979108,15.18807132321944,1.1716130504821476,1.4836105936104307,0.837253134771166,0.5014707794265212,36.132379336414466,28.230061602129567,30,0.9310694721950289,0.638658870676154,0.3834345925078697,66.41771436823417,17.480276324523377,{}
test,balanced,hetero,med,hybrid,1005,1.0,1.008138354080076,0.6038220762571165,1.008138354080076,23.145202368859362,50.0,8.0,12.0,1161,1161,0,1081,868,213,80,0.9310938845822567,0.7476313522825151,17.36,1.7346240534613577,4.426609800775871,11.773185017282914,15.087790709967877,1.1745176855698116,1.4578095419547894,0.8378731955909935,0.5018421633840093,36.73258303325266,27.826103570768325,30,0.9348652552279009,0.6404537934633764,0.3853938037093376,65.86826691978435,17.626089986759304,"{'alpha': 0.1, 'beta': 0.9, 'gamma': 0.0, 'source': 'phase3_tuning'}"
test,balanced,hetero,med,binpack,1006,1.0,0.994023604289982,0.5628839172987385,0.994023604289982,22.253126564110534,50.0,8.0,12.0,1108,1108,0,1078,860,218,30,0.9729241877256317,0.776173285198556,17.2,1.0491952746092121,3.0847873910200647,11.047692520017414,13.672864513415377,1.1063752801181785,1.3060574495353958,0.8612646548003948,0.4877067512609732,22.545081671760656,27.66659807680344,30,0.9476574922526413,0.592998354916105,0.40217465948671466,63.97822795223994,17.318391513236776,{}
test,balanced,hetero,med,spread,1006,1.0,0.994023604289982,0.5628839172987385,0.994023604289982,22.253126564110534,50.0,8.0,12.0,1108,1108,0,1072,857,215,36,0.9675090252707581,0.7734657039711191,17.14,1.1866295717875879,3.1952731180855807,11.18512681719579,14.005760148026546,1.1204079898279709,1.3340521995640644,0.8560113594763084,0.4847319773843914,25.360162201723732,29.649934333283095,30,0.9385763281132044,0.5874437074683848,0.3972539374143642,64.09649473741237,17.286436716066994,{}
test,balanced,hetero,med,tetris,1006,1.0,0.994023604289982,0.5628839172987385,0.994023604289982,22.253126564110534,50.0,8.0,12.0,1108,1108,0,1074,858,216,34,0.9693140794223827,0.7743682310469314,17.16,1.166163941115299,3.405063329808975,11.164661186523501,13.967123555864141,1.1183126826090122,1.3378836612102483,0.8564884275796568,0.4850021258614225,24.929185741855733,28.305336259456237,30,0.9396557251091675,0.5875468878529319,0.3991332483680654,63.96589482933677,17.321730634054013,{}
test,balanced,hetero,med,hybrid,1006,1.0,0.994023604289982,0.5628839172987385,0.994023604289982,22.253126564110534,50.0,8.0,12.0,1108,1108,0,1075,858,217,33,0.970216606498195,0.7743682310469314,17.16,1.1467768052092335,3.005944004615472,11.145274050617436,13.89128367799885,1.116323126777079,1.3102354694846732,0.8578962632069352,0.48579933835152334,24.55840056020514,27.89362105178141,30,0.9420937364931784,0.5908588764370398,0.3988970142509685,63.92896772946878,17.331736133903735,"{'alpha': 0.1, 'beta': 0.9, 'gamma': 0.0, 'source': 'phase3_tuning'}"
test,balanced,hetero,med,binpack,1007,1.0,1.0438941961074346,0.5465014434904817,1.0438941961074346,23.182199844769,50.0,8.0,12.0,1205,1205,0,1124,903,221,81,0.9327800829875519,0.7493775933609959,18.06,1.7723198732385652,7.608342185210745,11.815396511842598,17.751810743264855,1.1784626621944387,1.7585221779877251,0.8540876501101091,0.4471335652531292,39.06855748203981,26.942159777528932,30,0.9657947271425351,0.5521624754497959,0.43100644804656757,66.20683828672489,18.200536850611307,{}
test,balanced,hetero,med,spread,1007,1.0,1.0438941961074346,0.5465014434904817,1.0438941961074346,23.182199844769,50.0,8.0,12.0,1205,1205,0,1122,900,222,83,0.9311203319502075,0.7468879668049793,18.0,1.8207684013245533,8.355100577288965,11.863845039928588,18.39972308141025,1.1833444445084484,1.7992167011857811,0.850934887313603,0.4454830249726131,40.12997076752317,29.50454268310099,30,0.9714533906860958,0.5540833995950994,0.43530464539172226,66.65635737187048,18.077795539852282,{}
test,balanced,hetero,med,tetris,1007,1.0,1.0438941961074346,0.5465014434904817,1.0438941961074346,23.182199844769,50.0,8.0,12.0,1205,1205,0,1128,904,224,77,0.9360995850622407,0.750207468879668,18.08,1.8173718277816,8.753679802403127,11.860448466385634,18.92886737304243,1.1831803487994137,1.8523439818381746,0.8507801658340842,0.44540202489405095,39.97853474366675,27.883507985658504,30,0.9701973422646297,0.5529462959904998,0.43518570057485584,66.65562814892283,18.077993313749502,{}
test,balanced,hetero,med,hybrid,1007,1.0,1.0438941961074346,0.5465014434904817,1.0438941961074346,23.182199844769,50.0,8.0,12.0,1205,1205,0,1126,902,224,79,0.9344398340248963,0.7485477178423237,18.04,1.8010303287803333,8.627402448122147,11.844106967384368,18.768217381410075,1.1815030020903246,1.8393559830475537,0.8508062867069343,0.44541569974229733,39.43431909744223,27.21474295994943,30,0.9650638107687278,0.5526013061681119,0.43039715890134184,66.71926727904203,18.06074990242761,"{'alpha': 0.1, 'beta': 0.9, 'gamma': 0.0, 'source': 'phase3_tuning'}"
test,balanced,hetero,med,binpack,1008,1.0,1.0092631866760042,0.5639245989978559,1.0092631866760042,21.573304212821988,50.0,8.0,12.0,1089,1089,0,1020,811,209,69,0.9366391184573003,0.7447199265381084,16.22,1.0788731143723935,3.1296318891909465,11.06310337880282,13.852764270420614,1.1098860841847085,1.325450006259767,0.8530436518683446,0.4766371206819327,21.551266203241543,27.462127347431586,30,0.9507681642485445,0.5896029288876982,0.4021741154470277,65.02823029234418,16.746572913090777,{}
test,balanced,hetero,med,spread,1008,1.0,1.0092631866760042,0.5639245989978559,1.0092631866760042,21.573304212821988,50.0,8.0,12.0,1089,1089,0,1019,810,209,70,0.9357208448117539,0.743801652892562,16.2,1.1719673991675632,3.3784512360305,11.15619766359799,14.02961950794488,1.119239688796755,1.3533702253875295,0.849907735849648,0.474884931355421,23.272417554118565,29.600473890755847,30,0.9517620295397887,0.5882836066047669,0.4040720599844747,65.16065543380125,16.712539073618576,{}
test,balanced,hetero,med,tetris,1008,1.0,1.0092631866760042,0.5639245989978559,1.0092631866760042,21.573304212821988,50.0,8.0,12.0,1089,1089,0,1024,810,214,65,0.9403122130394858,0.743801652892562,16.2,1.1360660570598218,3.2497409635224344,11.12029632149025,14.044129603449711,1.1155303899702638,1.3406662952327417,0.8514936685295998,0.4757710693443877,22.712786131100685,28.097348811362025,30,0.9573337042582566,0.5931331967187344,0.40520938762570324,65.18551716623554,16.706164917321153,{}
test,balanced,hetero,med,hybrid,1008,1.0,1.0092631866760042,0.5639245989978559,1.0092631866760042,21.573304212821988,50.0,8.0,12.0,1089,1089,0,1024,812,212,65,0.9403122130394858,0.7456382001836547,16.24,1.087202175621498,3.086597523276545,11.071432440051925,13.88452064369448,1.110663909522538,1.317629330762023,0.8548492446941411,0.4776459935147904,21.883655118956234,27.5940572840711,30,0.9596205102693031,0.5943532504742833,0.40627613988120087,64.92007420594506,16.774472508231895,"{'alpha': 0.1, 'beta': 0.9, 'gamma': 0.0, 'source': 'phase3_tuning'}"
test,balanced,hetero,med,binpack,1009,1.0,1.0322978731283996,0.5274646965623618,1.0322978731283996,22.05188582496318,50.0,8.0,12.0,1140,1140,0,1055,843,212,85,0.9254385964912281,0.7394736842105263,16.86,1.6700345386355087,4.284039720378779,11.658735613400456,14.945745124287754,1.1699969170264661,1.4400052117701145,0.8581138293900625,0.43846331801838095,34.60625119743977,27.58062289769147,30,0.9514651781020177,0.5264663149996742,0.46170643165686637,65.3548252883225,17.44324148937314,{}
test,balanced,hetero,med,spread,1009,1.0,1.0322978731283996,0.5274646965623618,1.0322978731283996,22.05188582496318,50.0,8.0,12.0,1140,1140,0,1062,846,216,78,0.9315789473684211,0.7421052631578947,16.92,1.6054888687818631,4.33674261016882,11.59418994354681,14.881952427935552,1.16338675509468,1.4307646879286633,0.8602709289836574,0.43956551333642574,33.52017460556671,29.635657600947308,30,0.9541753332806937,0.5287233476555531,0.4627102036921541,65.28393107501246,17.46218374457443,{}
test,balanced,hetero,med,tetris,1009,1.0,1.0322978731283996,0.5274646965623618,1.0322978731283996,22.05188582496318,50.0,8.0,12.0,1140,1140,0,1058,845,213,82,0.9280701754385965,0.7412280701754386,16.9,1.6445604995149443,4.2006208104656295,11.63326157427989,14.88835341512035,1.1675019968645592,1.435339804513607,0.8602352381485341,0.43954727668593385,34.12498557365009,28.5055834085217,30,0.96057209869761,0.5305759592184425,0.4667037080336905,65.38228428526747,17.435915744792585,{}
test,balanced,hetero,med,hybrid,1009,1.0,1.0322978731283996,0.5274646965623618,1.0322978731283996,22.05188582496318,50.0,8.0,12.0,1140,1140,0,1061,847,214,79,0.9307017543859649,0.7429824561403509,16.94,1.6934879767319313,4.795163526025462,11.682189051496879,15.11623062741414,1.1724418204225884,1.4613361273849075,0.8563737603292749,0.4375742093385734,35.18552028775887,27.805825624886946,30,0.9591631216695313,0.5296524966214171,0.4654971906319296,65.36969004826095,17.43927497833268,"{'alpha': 0.1, 'beta': 0.9, 'gamma': 0.0, 'source': 'phase3_tuning'}"
test,balanced,hetero,high,binpack,1000,1.3,1.360774637790529,0.7897842662781014,1.360774637790529,29.42173630562207,50.0,8.0,12.0,1545,1545,0,1143,914,229,402,0.7398058252427184,0.5915857605177993,18.28,8.387994783618677,20.08322935434714,18.35777388812587,30.52221456469939,1.8529683729433093,3.187604942675869,0.880916313138524,0.5112777859779714,179.87084758075508,28.25577409036995,30,0.9440243593953198,0.6056740851362815,0.3921193711568225,82.88381307112658,18.64055166808218,{}
test,balanced,hetero,high,spread,1000,1.3,1.360774637790529,0.7897842662781014,1.360774637790529,29.42173630562207,50.0,8.0,12.0,1545,1545,0,1147,919,228,398,0.7423948220064724,0.594822006472492,18.38,8.353077267537468,20.110098394452102,18.32285637204466,30.506650441274317,1.849395340221836,3.1844152789746945,0.8790504076826237,0.5101948272495329,178.25145694830167,29.598847102316228,30,0.9424791305509935,0.6053433801747509,0.3901966679496957,82.91348212581661,18.633881491740368,{}
test,balanced,hetero,high,tetris,1000,1.3,1.360774637790529,0.7897842662781014,1.360774637790529,29.42173630562207,50.0,8.0,12.0,1545,1545,0,1146,917,229,399,0.7417475728155339,0.5935275080906149,18.34,8.280179914955932,19.92261011615691,18.249959019463123,30.22622230025401,1.842020902641115,3.1745521087304,0.8819139006326365,0.5118567789171459,177.63965393711766,28.689137495336062,30,0.9466699202030903,0.6078009499791363,0.39274050936248656,82.96631531364741,18.622015382498947,{}
test,balanced,hetero,high,hybrid,1000,1.3,1.360774637790529,0.7897842662781014,1.360774637790529,29.42173630562207,50.0,8.0,12.0,1545,1545,0,1153,923,230,392,0.7462783171521036,0.597411003236246,18.46,8.192202677677269,20.01453692692027,18.16198178218446,30.369720669039907,1.8331199802786156,3.178939382118004,0.8817650465972899,0.5117703850560132,174.48675486468903,28.374191083318962,30,0.9466821444403877,0.6070547020000742,0.3931446972277112,83.01218606490113,18.611725256724093,"{'alpha': 0.1, 'beta': 0.9, 'gamma': 0.0, 'source': 'phase3_tuning'}"
test,balanced,hetero,high,binpack,1001,1.3,1.26745752048168,0.7937356778166036,1.26745752048168,31.23394487231195,50.0,8.0,12.0,1516,1516,0,1198,960,238,318,0.7902374670184696,0.633245382585752,19.2,6.913701379641444,17.521216892373545,16.95005688059183,27.453858503424584,1.6958758077601006,2.7012718865129295,0.8613452073955972,0.5394109159306614,159.4320389775023,28.106642149960873,30,0.9326793259233644,0.6541384233354746,0.36662654258827027,78.46247828992313,19.321337192515095,{}
test,balanced,hetero,high,spread,1001,1.3,1.26745752048168,0.7937356778166036,1.26745752048168,31.23394487231195,50.0,8.0,12.0,1516,1516,0,1201,964,237,315,0.7922163588390502,0.6358839050131926,19.28,6.885743345251255,16.71629798397423,16.922098846201642,27.18890106199325,1.692765048799921,2.7088255422422316,0.8594607726282948,0.5382308029224089,156.97851755539816,29.696168439404367,30,0.931484386198994,0.6530463098939884,0.3661437781503808,78.29192715019424,19.363426794843416,{}
test,balanced,hetero,high,tetris,1001,1.3,1.26745752048168,0.7937356778166036,1.26745752048168,31.23394487231195,50.0,8.0,12.0,1516,1516,0,1213,972,241,303,0.8001319261213721,0.6411609498680739,19.44,6.68506210667309,16.695171713496038,16.72141760762348,27.171111819782823,1.672430474175778,2.7099826512313263,0.8620958684869582,0.5398810117567814,151.50414558654353,28.708993024478005,30,0.9378319984196075,0.6575744405904088,0.3682423393164899,78.27387116926474,19.367893491835847,{}
test,balanced,hetero,high,hybrid,1001,1.3,1.26745752048168,0.7937356778166036,1.26745752048168,31.23394487231195,50.0,8.0,12.0,1516,1516,0,1211,971,240,305,0.7988126649076517,0.6405013192612137,19.42,6.66800136445535,17.374535714683596,16.704356865405735,27.44243121420819,1.670995124820173,2.6995422987288076,0.8635833001750883,0.540812504591927,153.05252589305107,28.21399762427735,30,0.9364435515628806,0.6564422805450663,0.36850446320090685,78.21288274494765,19.382996084464484,"{'alpha': 0.1, 'beta': 0.9, 'gamma': 0.0, 'source': 'phase3_tuning'}"
test,balanced,hetero,high,binpack,1002,1.3,1.3077918988219503,0.8511551111944743,1.3077918988219503,31.59856725445208,50.0,8.0,12.0,1596,1596,0,1257,1010,247,339,0.7875939849624061,0.6328320802005013,20.2,6.6254410878234316,20.106916126604176,16.594222950165754,29.890118425362758,1.675692255890334,3.084378585791316,0.8800295562853655,0.5727529399052141,155.41128674706025,28.279113825898957,30,0.943097080977329,0.6828876536576967,0.3300240758279008,80.0554228727908,19.93618848951765,{}
test,balanced,hetero,high,spread,1002,1.3,1.3077918988219503,0.8511551111944743,1.3077918988219503,31.59856725445208,50.0,8.0,12.0,1596,1596,0,1260,1014,246,336,0.7894736842105263,0.6353383458646616,20.28,6.562913376792502,19.82375938466315,16.531695239134827,29.645093223810676,1.6692973620152285,3.0489409886794445,0.8807073629388961,0.573194079354139,153.49677832126804,29.705027253989382,30,0.9444992412925631,0.6840596918728312,0.33037395130442654,80.18657421740495,19.903581311166416,{}
test,balanced,hetero,high,tetris,1002,1.3,1.3077918988219503,0.8511551111944743,1.3077918988219503,31.59856725445208,50.0,8.0,12.0,1596,1596,0,1266,1019,247,330,0.793233082706767,0.6384711779448622,20.38,6.551958097226595,19.761299075685457,16.52073995956892,29.743785726135588,1.6682156474617316,3.0772624290575785,0.8794597267786731,0.5723820756281325,153.00387430945614,28.649486702467215,30,0.9423823625563095,0.6814507610597911,0.32959624895019973,80.21815868519958,19.895744631376903,{}
test,balanced,hetero,high,hybrid,1002,1.3,1.3077918988219503,0.8511551111944743,1.3077918988219503,31.59856725445208,50.0,8.0,12.0,1596,1596,0,1251,1006,245,345,0.7838345864661654,0.6303258145363408,20.12,6.698679190096642,20.10910926457683,16.667461052438966,30.054178460439147,1.6831242060130494,3.0929505992922324,0.877369043819141,0.5710213885887829,156.41204169927093,28.349165388438518,30,0.938888659679866,0.6784873444924586,0.32872232985148025,80.47778273277862,19.83156028663733,"{'alpha': 0.1, 'beta': 0.9, 'gamma': 0.0, 'source': 'phase3_tuning'}"
test,balanced,hetero,high,binpack,1003,1.3,1.2484817256586478,0.7065706063478883,1.2484817256586478,30.73762117395184,50.0,8.0,12.0,1476,1476,0,1239,994,245,237,0.8394308943089431,0.6734417344173442,19.88,4.061284409180131,15.315913523405577,14.063090064875196,25.312094990993067,1.4110561117452387,2.4848527263046356,0.8995710248851049,0.509106726548792,90.72168262753763,28.117602677684626,30,0.9706299679304007,0.5999727442824601,0.3850124847809803,75.22960417462978,19.61993574462754,{}
test,balanced,hetero,high,spread,1003,1.3,1.2484817256586478,0.7065706063478883,1.2484817256586478,30.73762117395184,50.0,8.0,12.0,1476,1476,0,1239,993,246,237,0.8394308943089431,0.6727642276422764,19.86,4.017225517550752,16.05894150803495,14.019031173245816,26.028257936525442,1.406548025847409,2.553697241446929,0.8972755810278029,0.5078076341193563,89.30750814067838,29.727034228802985,30,0.9671398852265478,0.5984242306200238,0.3834356771920428,75.40814057641816,19.573483561820893,{}
test,balanced,hetero,high,tetris,1003,1.3,1.2484817256586478,0.7065706063478883,1.2484817256586478,30.73762117395184,50.0,8.0,12.0,1476,1476,0,1234,989,245,242,0.8360433604336044,0.6700542005420054,19.78,4.116533521887017,15.763559041734688,14.11833917758208,25.82641351536722,1.4166224999585908,2.5311942291663883,0.8962831362098163,0.5072459660369165,91.81775365061665,28.757095851492608,30,0.967000675226699,0.5981735724498213,0.38324198379111113,75.36246693736777,19.58534612762443,{}
test,balanced,hetero,high,hybrid,1003,1.3,1.2484817256586478,0.7065706063478883,1.2484817256586478,30.73762117395184,50.0,8.0,12.0,1476,1476,0,1237,991,246,239,0.8380758807588076,0.6714092140921409,19.82,4.033682991147617,15.672169277257822,14.035488646842682,25.71550499882779,1.4083174860597523,2.530644097692711,0.896643294899319,0.5074497956472281,89.57040702056501,28.357558984515933,30,0.9690364261529445,0.5990411637583358,0.3847152849801274,75.36796502376129,19.5839173783538,"{'alpha': 0.1, 'beta': 0.9, 'gamma': 0.0, 'source': 'phase3_tuning'}"
test,balanced,hetero,high,binpack,1004,1.3,1.274913879673927,0.7466811001961775,1.274913879673927,28.612414036037077,50.0,8.0,12.0,1399,1399,0,1153,923,230,246,0.8241601143674053,0.6597569692637598,18.46,5.728920386445232,18.265238194507262,15.754989609936056,27.806545386436703,1.5801049222234926,2.810529098425514,0.885760828793482,0.5187651344131184,123.70479401111801,27.751608045006186,30,0.9655378782760934,0.6267792588109,0.348502898320893,77.9331395276663,17.95128501788837,{}
test,balanced,hetero,high,spread,1004,1.3,1.274913879673927,0.7466811001961775,1.274913879673927,28.612414036037077,50.0,8.0,12.0,1399,1399,0,1159,930,229,240,0.8284488920657612,0.6647605432451751,18.6,5.506925224889413,18.349416032918185,15.532994448380236,27.992903166658422,1.5575763695482974,2.837298532470388,0.8889573609734271,0.5206372531522626,118.40044121123117,29.550095771316556,30,0.9717580578505811,0.6311899522587373,0.3503875383760472,78.0052267781309,17.934695632372875,{}
test,balanced,hetero,high,tetris,1004,1.3,1.274913879673927,0.7466811001961775,1.274913879673927,28.612414036037077,50.0,8.0,12.0,1399,1399,0,1148,927,221,251,0.8205861329521087,0.6626161543959972,18.54,5.732410764116763,16.844767428720374,15.758479987607588,26.51686469490712,1.580630517072029,2.6389171476343005,0.8842454024368466,0.5178775919388542,121.61316021648891,28.1163289204523,30,0.9688776988789279,0.6283583288001597,0.35016405635955317,78.09717274068093,17.913580618921163,{}
test,balanced,hetero,high,hybrid,1004,1.3,1.274913879673927,0.7466811001961775,1.274913879673927,28.612414036037077,50.0,8.0,12.0,1399,1399,0,1155,928,227,244,0.825589706933524,0.6633309506790565,18.56,5.599452453863623,17.616654148822633,15.625521677354445,27.318966880195703,1.567021913692541,2.742138257218294,0.8874310683836097,0.5197433466317097,119.47658192354307,27.775183830712468,30,0.9712220935192685,0.6295221353106604,0.3515193909928115,78.22384469868958,17.884572222048252,"{'alpha': 0.1, 'beta': 0.9, 'gamma': 0.0, 'source': 'phase3_tuning'}"
test,balanced,hetero,high,binpack,1005,1.3,1.2962166657363918,0.7763658978119353,1.2962166657363918,30.08876307951717,50.0,8.0,12.0,1490,1490,0,1136,912,224,354,0.7624161073825504,0.6120805369127517,18.24,7.567697092455619,20.08255066512251,17.605813710897223,30.08704526456559,1.7618030003024827,2.9201558595865147,0.8654141957383488,0.5183377801055319,168.15862068925642,28.233394723177074,30,0.9360288829636001,0.6400600638910435,0.38677090398161695,80.77593412033556,18.446088135363183,{}
test,balanced,hetero,high,spread,1005,1.3,1.2962166657363918,0.7763658978119353,1.2962166657363918,30.08876307951717,50.0,8.0,12.0,1490,1490,0,1141,916,225,349,0.7657718120805369,0.614765100671141,18.32,7.5180418143255645,21.00501127207213,17.55615843276717,30.60575149698873,1.7563308648294678,2.9699734847722032,0.8598844030318804,0.5150257238785503,165.73615587581648,29.677434861138735,30,0.9286855302358321,0.6361996554408468,0.38340978466284936,81.33618470357602,18.31902990569572,{}
test,balanced,hetero,high,tetris,1005,1.3,1.2962166657363918,0.7763658978119353,1.2962166657363918,30.08876307951717,50.0,8.0,12.0,1490,1490,0,1154,927,227,336,0.774496644295302,0.6221476510067114,18.54,7.316690297082142,20.32792176011089,17.35480691552375,30.425353600245387,1.7359106927097265,2.930771392236272,0.8629954838869959,0.5168890983784269,161.11284163036905,28.689666327548522,30,0.9335634779582889,0.6387654511054863,0.3855895507590303,81.17772113766614,18.354789702376184,{}
test,balanced,hetero,high,hybrid,1005,1.3,1.2962166657363918,0.7763658978119353,1.2962166657363918,30.08876307951717,50.0,8.0,12.0,1490,1490,0,1137,913,224,353,0.7630872483221477,0.612751677852349,18.26,7.601131003079764,20.9790901480575,17.63924762152137,30.645580376855307,1.7647540491701479,2.9786926035606647,0.8586287273443535,0.5142736399034898,167.42152369696578,28.404260493896345,30,0.9274423762859666,0.6338508056730495,0.38334076195331046,81.49153913545001,18.28410674049753,"{'alpha': 0.1, 'beta': 0.9, 'gamma': 0.0, 'source': 'phase3_tuning'}"
test,balanced,hetero,high,binpack,1006,1.3,1.301783056650108,0.737158296078627,1.301783056650108,28.929064533343695,50.0,8.0,12.0,1450,1450,0,1122,902,220,328,0.7737931034482759,0.6220689655172413,18.04,6.776275754296335,18.61003634992607,16.780657758922583,28.555991859700043,1.6879804600897725,2.862048891032428,0.8783219258581894,0.49736574075579304,144.82389294023895,28.14820143838551,30,0.9493668513321967,0.5934365175151631,0.4034458559672118,79.47050614218098,18.245762741284164,{}
test,balanced,hetero,high,spread,1006,1.3,1.301783056650108,0.737158296078627,1.301783056650108,28.929064533343695,50.0,8.0,12.0,1450,1450,0,1144,919,225,306,0.7889655172413793,0.6337931034482759,18.38,6.338892938978072,20.258676840953058,16.34327494360432,29.89442216395674,1.643841322215461,3.0044875806446756,0.8809573502726348,0.49885809768951633,135.66307684413675,29.725452620518936,30,0.9548912544061886,0.5971681829085705,0.40491279121938045,79.25786451698258,18.294714459399906,{}
test,balanced,hetero,high,tetris,1006,1.3,1.301783056650108,0.737158296078627,1.301783056650108,28.929064533343695,50.0,8.0,12.0,1450,1450,0,1133,912,221,317,0.7813793103448275,0.6289655172413793,18.24,6.784493259501924,17.53099320504613,16.788875264128173,27.882789440682743,1.6893173939216126,2.7995650222719597,0.8773488323386232,0.49681470887905654,143.63696276666903,28.70643352135555,30,0.9487738987495701,0.5926848066223054,0.40327881184902714,79.82262006071417,18.16527694652356,{}
test,balanced,hetero,high,hybrid,1006,1.3,1.301783056650108,0.737158296078627,1.301783056650108,28.929064533343695,50.0,8.0,12.0,1450,1450,0,1131,909,222,319,0.78,0.6268965517241379,18.18,6.51723578459748,19.94722535386728,16.521617789223725,29.790783959207857,1.6617340959300781,2.982455380531724,0.8781698765954958,0.4972796400995923,139.25768353881955,28.33360337250212,30,0.9507290067843114,0.5933122608476424,0.40391157370475894,79.41033818907604,18.25958726617622,"{'alpha': 0.1, 'beta': 0.9, 'gamma': 0.0, 'source': 'phase3_tuning'}"
test,balanced,hetero,high,binpack,1007,1.3,1.334205045492354,0.6984855227596396,1.334205045492354,30.1368597981997,50.0,8.0,12.0,1545,1545,0,1174,942,232,371,0.7598705501618123,0.6097087378640776,18.84,8.115563672610305,20.84499480638766,18.129728788144828,30.508998489437907,1.8241348427588886,3.0413474506656137,0.8835274530068961,0.46254594597060533,187.69384905695927,27.69241665523324,30,0.9686269208526884,0.5519576115923038,0.4340435056142128,80.97775942307679,19.07931277683278,{}
test,balanced,hetero,high,spread,1007,1.3,1.334205045492354,0.6984855227596396,1.334205045492354,30.1368597981997,50.0,8.0,12.0,1545,1545,0,1205,964,241,340,0.7799352750809061,0.623948220064725,19.28,7.395283329911545,20.937814425183255,17.40944844544607,30.803453867379382,1.751202081107564,3.0898270421281357,0.88480876291787,0.4632167397335341,169.61651186658366,29.647613386098673,30,0.9706593233541846,0.5540938282918406,0.43450014936306985,80.90500004704961,19.096471158785224,{}
test,balanced,hetero,high,tetris,1007,1.3,1.334205045492354,0.6984855227596396,1.334205045492354,30.1368597981997,50.0,8.0,12.0,1545,1545,0,1204,963,241,341,0.7792880258899676,0.6233009708737864,19.26,7.4768100781542275,21.1366928686343,17.49097519368875,30.913222936874796,1.7594513960633238,3.1182897466664223,0.880376203627848,0.46089619799722753,169.98721197175783,28.398017204213012,30,0.964345514075785,0.5496985049925235,0.4320212054370897,81.05601538171004,19.060892553430687,{}
test,balanced,hetero,high,hybrid,1007,1.3,1.334205045492354,0.6984855227596396,1.334205045492354,30.1368597981997,50.0,8.0,12.0,1545,1545,0,1198,959,239,347,0.7754045307443366,0.6207119741100323,19.18,7.54686553626383,20.630053603702493,17.56103065179835,30.379930523931428,1.7665395265748163,3.0594305983652585,0.884095051601387,0.46284309624921505,173.05705937068623,27.89713082624543,30,0.9692568947552409,0.5535764061007111,0.43361514295525583,80.87145377396507,19.104392562525955,"{'alpha': 0.1, 'beta': 0.9, 'gamma': 0.0, 'source': 'phase3_tuning'}"
test,balanced,hetero,high,binpack,1008,1.3,1.310471658316316,0.7322244724371595,1.310471658316316,28.045295476668585,50.0,8.0,12.0,1414,1414,0,1093,881,212,321,0.772984441301273,0.6230551626591231,17.62,6.8854839435880315,17.517615703950618,16.875486697092114,27.903857495404637,1.6980820049961618,2.8709695034235385,0.8754260233663331,0.4891432439986819,138.64561642218706,28.010532781501023,30,0.9543356867926794,0.5908282403643543,0.4043561427585281,80.07891839346905,17.65758115078788,{}
test,balanced,hetero,high,spread,1008,1.3,1.310471658316316,0.7322244724371595,1.310471658316316,28.045295476668585,50.0,8.0,12.0,1414,1414,0,1092,878,214,322,0.7722772277227723,0.620933521923621,17.56,6.813809672950894,17.361270746444738,16.803812426454975,27.577958197661566,1.6905525131348869,2.854147306136236,0.8781477516285899,0.4906640064114359,137.62153264333836,29.68874518123201,30,0.9551133173495342,0.5917069701919926,0.4044152272437228,79.81591625337637,17.71576480449393,{}
test,balanced,hetero,high,tetris,1008,1.3,1.310471658316316,0.7322244724371595,1.310471658316316,28.045295476668585,50.0,8.0,12.0,1414,1414,0,1084,872,212,330,0.7666195190947667,0.6166902404526167,17.44,6.872397564740429,17.396693444233108,16.86240031824451,27.675269990420738,1.6966633247956309,2.856273404767262,0.877608839896381,0.4903628901253264,138.27583473886415,28.508440153406745,30,0.9565685673536743,0.5914508877606995,0.4051872907475666,79.81805638867331,17.715289797518242,{}
test,balanced,hetero,high,hybrid,1008,1.3,1.310471658316316,0.7322244724371595,1.310471658316316,28.045295476668585,50.0,8.0,12.0,1414,1414,0,1100,887,213,314,0.7779349363507779,0.6272984441301273,17.74,6.732924445732698,18.092319359075738,16.72292719923678,28.209811950368,1.6829277257712405,2.9055513092766514,0.8759221944770121,0.48942047901360863,136.3141126998517,28.147230281058224,30,0.9524582701113614,0.5903281009041667,0.40313904929337596,79.29481973271858,17.832186323976927,"{'alpha': 0.1, 'beta': 0.9, 'gamma': 0.0, 'source': 'phase3_tuning'}"
test,balanced,hetero,high,binpack,1009,1.3,1.3072138694187425,0.667936246817497,1.3072138694187425,28.667451572452137,50.0,8.0,12.0,1437,1437,0,1137,912,225,300,0.791231732776618,0.6346555323590815,18.24,6.9930728448341615,19.787025990237595,17.011658534808763,29.208720339110393,1.7054699592227534,2.915176283499702,0.8915575824599706,0.4555517956023429,154.53148716697092,28.1843741856811,30,0.96211830796001,0.5326061273779865,0.4667703986490368,78.96173442668503,18.198688395506768,{}
test,balanced,hetero,high,spread,1009,1.3,1.3072138694187425,0.667936246817497,1.3072138694187425,28.667451572452137,50.0,8.0,12.0,1437,1437,0,1132,908,224,305,0.7877522616562282,0.6318719554627696,18.16,6.986944056121224,20.82333642186252,17.005529746095824,31.044768221979275,1.7049154809693061,3.0850149516933127,0.8871162591114797,0.45328244938617124,154.2829470225558,29.708546365237435,30,0.9588105068898142,0.530043722919122,0.465474352525215,79.58501581704445,18.056162774453362,{}
test,balanced,hetero,high,tetris,1009,1.3,1.3072138694187425,0.667936246817497,1.3072138694187425,28.667451572452137,50.0,8.0,12.0,1437,1437,0,1140,915,225,297,0.7933194154488518,0.6367432150313153,18.3,6.944427256525088,20.403222523825704,16.963012946499692,30.595630833160833,1.7005774138257714,3.054159255166489,0.8868026187496777,0.45312219116751457,152.7821287505755,28.84347902308052,30,0.9567777582267886,0.529807940287016,0.4642280360067858,79.61794605084461,18.048694688535686,{}
test,balanced,hetero,high,hybrid,1009,1.3,1.3072138694187425,0.667936246817497,1.3072138694187425,28.667451572452137,50.0,8.0,12.0,1437,1437,0,1136,912,224,301,0.7905358385525401,0.6346555323590815,18.24,6.948250280473667,20.337085746791807,16.96683597044827,30.083360268577074,1.7009793167202931,3.0025592354566477,0.8899164153511175,0.45471322203398334,153.63204173110435,28.38125403782991,30,0.9607652467701002,0.531579639572934,0.4664438252641796,79.44161834605113,18.08875536422692,"{'alpha': 0.1, 'beta': 0.9, 'gamma': 0.0, 'source': 'phase3_tuning'}"
