split,family,cluster_config,load,policy,seed,target_rho,realized_rho_cpu,realized_rho_ram,realized_rho,arrival_rate,observation_horizon,duration_min,duration_max,submitted,feasible_jobs,permanently_infeasible,started_by_horizon,completed_by_horizon,running_at_horizon,queued_at_horizon,admission_ratio_horizon,completion_ratio_horizon,throughput_horizon,mean_wait_time,p95_wait_time,mean_turnaround_time,p95_turnaround_time,mean_slowdown,p95_slowdown,time_weighted_cpu_utilization,time_weighted_ram_utilization,time_weighted_queue_length,time_weighted_active_nodes,horizon_active_nodes,horizon_cpu_utilization,horizon_ram_utilization,horizon_free_imbalance,makespan,drained_throughput,params
test,pred_error,homog,low,binpack,1000,0.7,0.7119464259656041,0.17343331200666187,0.7119464259656041,11.357746478873239,50.0,8.0,12.0,585,585,0,585,468,117,0,1.0,0.8,9.36,0.0,0.0,9.89878352681229,11.68577086688201,1.0,1.0000000000000004,0.6418479814285609,0.1561659788923296,0.0,21.878343242712255,24,0.7083333333333334,0.18125,0.5270833333333333,61.981666383908156,9.438274801722324,{}
test,pred_error,homog,low,spread,1000,0.7,0.7119464259656041,0.17343331200666187,0.7119464259656041,11.357746478873239,50.0,8.0,12.0,585,585,0,585,468,117,0,1.0,0.8,9.36,0.0,0.0,9.89878352681229,11.68577086688201,1.0,1.0000000000000004,0.6418479814285609,0.1561659788923296,0.0,29.0301404134534,30,0.7083333333333334,0.18125,0.5270833333333333,61.981666383908156,9.438274801722324,{}
test,pred_error,homog,low,tetris,1000,0.7,0.7119464259656041,0.17343331200666187,0.7119464259656041,11.357746478873239,50.0,8.0,12.0,585,585,0,585,468,117,0,1.0,0.8,9.36,0.00037772314173614816,0.0,9.899161249954025,11.68577086688201,1.0000447369220309,1.0000000000000004,0.6417988774201352,0.15615861329106576,0.004419360758312934,29.0301404134534,30,0.7083333333333334,0.18125,0.5270833333333333,61.981666383908156,9.438274801722324,{}
test,pred_error,homog,low,hybrid,1000,0.7,0.7119464259656041,0.17343331200666187,0.7119464259656041,11.357746478873239,50.0,8.0,12.0,585,585,0,585,468,117,0,1.0,0.8,9.36,0.0,0.0,9.89878352681229,11.68577086688201,1.0,1.0000000000000004,0.6418479814285609,0.1561659788923296,0.0,28.741779778501204,30,0.7083333333333334,0.18125,0.5270833333333333,61.981666383908156,9.438274801722324,"{'alpha': 0.1, 'beta': 0.9, 'gamma': 0.0, 'source': 'phase3_tuning'}"
test,pred_error,homog,low,binpack,1001,0.7,0.7044619488491317,0.1729133728130163,0.7044619488491317,11.357746478873239,50.0,8.0,12.0,570,570,0,570,440,130,0,1.0,0.7719298245614035,8.8,0.0,0.0,10.046576052156897,11.815601833372929,1.0,1.0000000000000004,0.6254965005800819,0.15368571061464517,0.0,21.300610888484783,27,0.8246527777777778,0.20104166666666667,0.6236111111111111,60.82236788617196,9.371552272787955,{}
test,pred_error,homog,low,spread,1001,0.7,0.7044619488491317,0.1729133728130163,0.7044619488491317,11.357746478873239,50.0,8.0,12.0,570,570,0,570,440,130,0,1.0,0.7719298245614035,8.8,0.0,0.0,10.046576052156897,11.815601833372929,1.0,1.0000000000000004,0.6254965005800819,0.15368571061464517,0.0,29.24302343895127,30,0.8246527777777779,0.20104166666666667,0.6236111111111111,60.82236788617196,9.371552272787955,{}
test,pred_error,homog,low,tetris,1001,0.7,0.7044619488491317,0.1729133728130163,0.7044619488491317,11.357746478873239,50.0,8.0,12.0,570,570,0,570,440,130,0,1.0,0.7719298245614035,8.8,0.0017067515542501933,0.0,10.048282803711148,11.815601833372929,1.0001824488978044,1.0000000000000004,0.6252803120498767,0.1536532823351144,0.019456967718452206,29.24536881044758,30,0.8246527777777778,0.20104166666666667,0.6236111111111111,60.82236788617196,9.371552272787955,{}
test,pred_error,homog,low,hybrid,1001,0.7,0.7044619488491317,0.1729133728130163,0.7044619488491317,11.357746478873239,50.0,8.0,12.0,570,570,0,570,440,130,0,1.0,0.7719298245614035,8.8,0.0,0.0,10.046576052156897,11.815601833372929,1.0,1.0000000000000004,0.6254965005800819,0.15368571061464517,0.0,28.82651543133932,30,0.8246527777777778,0.20104166666666667,0.6236111111111111,60.82236788617196,9.371552272787955,"{'alpha': 0.1, 'beta': 0.9, 'gamma': 0.0, 'source': 'phase3_tuning'}"
test,pred_error,homog,low,binpack,1002,0.7,0.6964528576249628,0.17144411234579426,0.6964528576249628,11.357746478873239,50.0,8.0,12.0,567,567,0,567,448,119,0,1.0,0.7901234567901234,8.96,0.0,0.0,9.964353120163976,11.789594486043502,1.0,1.0000000000000004,0.6120870504658724,0.15330546171062617,0.0,21.11725440577883,26,0.7805555555555556,0.17958333333333334,0.6009722222222221,60.93616618016273,9.304819051523825,{}
test,pred_error,homog,low,spread,1002,0.7,0.6964528576249628,0.17144411234579426,0.6964528576249628,11.357746478873239,50.0,8.0,12.0,567,567,0,567,448,119,0,1.0,0.7901234567901234,8.96,0.0,0.0,9.964353120163976,11.789594486043502,1.0,1.0000000000000004,0.6120870504658724,0.15330546171062617,0.0,29.309789644514538,30,0.7805555555555556,0.17958333333333334,0.6009722222222221,60.93616618016273,9.304819051523825,{}
test,pred_error,homog,low,tetris,1002,0.7,0.6964528576249628,0.17144411234579426,0.6964528576249628,11.357746478873239,50.0,8.0,12.0,567,567,0,567,448,119,0,1.0,0.7901234567901234,8.96,0.0027220140753000475,0.0,9.967075134239275,11.799922038528507,1.0002615920993294,1.0000000000000004,0.6120870504658724,0.15330546171062617,0.03086763961390254,29.309043013934325,30,0.7805555555555556,0.17958333333333334,0.6009722222222221,60.93616618016273,9.304819051523825,{}
test,pred_error,homog,low,hybrid,1002,0.7,0.6964528576249628,0.17144411234579426,0.6964528576249628,11.357746478873239,50.0,8.0,12.0,567,567,0,567,448,119,0,1.0,0.7901234567901234,8.96,0.0006565697233528548,0.0,9.965009689887328,11.789594486043502,1.0000632253893933,1.0000000000000004,0.6120870504658724,0.15330546171062623,0.007445500662821374,29.006778205769887,30,0.7805555555555556,0.17958333333333334,0.6009722222222222,60.93616618016273,9.304819051523825,"{'alpha': 0.1, 'beta': 0.9, 'gamma': 0.0, 'source': 'phase3_tuning'}"
test,pred_error,homog,low,binpack,1003,0.7,0.6228524652883962,0.15318152106943883,0.6228524652883962,11.357746478873239,50.0,8.0,12.0,507,507,0,507,407,100,0,1.0,0.8027613412228797,8.14,0.0,0.0,10.013655986326402,11.846584094838267,1.0,1.0000000000000002,0.5617693820408275,0.1387010037107074,0.0,19.28903167164236,24,0.5923611111111111,0.14354166666666668,0.44881944444444444,61.662113362747576,8.222228729291299,{}
test,pred_error,homog,low,spread,1003,0.7,0.6228524652883962,0.15318152106943883,0.6228524652883962,11.357746478873239,50.0,8.0,12.0,507,507,0,507,407,100,0,1.0,0.8027613412228797,8.14,0.0,0.0,10.013655986326402,11.846584094838267,1.0,1.0000000000000002,0.5617693820408275,0.1387010037107074,0.0,29.358726909141623,30,0.5923611111111111,0.14354166666666668,0.44881944444444444,61.662113362747576,8.222228729291299,{}
test,pred_error,homog,low,tetris,1003,0.7,0.6228524652883962,0.15318152106943883,0.6228524652883962,11.357746478873239,50.0,8.0,12.0,507,507,0,507,407,100,0,1.0,0.8027613412228797,8.14,0.0,0.0,10.013655986326402,11.846584094838267,1.0,1.0000000000000002,0.5617693820408275,0.1387010037107074,0.0,29.349982266223723,30,0.5923611111111111,0.14354166666666668,0.44881944444444444,61.662113362747576,8.222228729291299,{}
test,pred_error,homog,low,hybrid,1003,0.7,0.6228524652883962,0.15318152106943883,0.6228524652883962,11.357746478873239,50.0,8.0,12.0,507,507,0,507,407,100,0,1.0,0.8027613412228797,8.14,0.0,0.0,10.013655986326402,11.846584094838267,1.0,1.0000000000000002,0.5617693820408275,0.1387010037107074,0.0,29.118013341925806,30,0.5923611111111111,0.14354166666666668,0.44881944444444444,61.662113362747576,8.222228729291299,"{'alpha': 0.1, 'beta': 0.9, 'gamma': 0.0, 'source': 'phase3_tuning'}"
test,pred_error,homog,low,binpack,1004,0.7,0.7069695391848323,0.172755366067691,0.7069695391848323,11.357746478873239,50.0,8.0,12.0,566,566,0,566,441,125,0,1.0,0.7791519434628975,8.82,0.0,0.0,10.084956992278169,11.806560437145269,1.0,1.0000000000000004,0.628309288027229,0.15466696211714162,0.0,21.246142834436387,28,0.8013888888888889,0.18270833333333333,0.6186805555555555,60.64933426369886,9.332336568429152,{}
test,pred_error,homog,low,spread,1004,0.7,0.7069695391848323,0.172755366067691,0.7069695391848323,11.357746478873239,50.0,8.0,12.0,566,566,0,566,441,125,0,1.0,0.7791519434628975,8.82,0.0,0.0,10.084956992278169,11.806560437145269,1.0,1.0000000000000004,0.628309288027229,0.15466696211714162,0.0,28.997098369965357,30,0.8013888888888889,0.18270833333333333,0.6186805555555555,60.64933426369886,9.332336568429152,{}
test,pred_error,homog,low,tetris,1004,0.7,0.7069695391848323,0.172755366067691,0.7069695391848323,11.357746478873239,50.0,8.0,12.0,566,566,0,566,441,125,0,1.0,0.7791519434628975,8.82,0.0007905112320376928,0.0,10.085747503510206,11.806560437145269,1.0000737623842035,1.0000000000000004,0.6282098592811547,0.15465204780523056,0.008948587146666681,28.997098369965357,30,0.8013888888888889,0.18270833333333333,0.6186805555555556,60.64933426369886,9.332336568429152,{}
test,pred_error,homog,low,hybrid,1004,0.7,0.7069695391848323,0.172755366067691,0.7069695391848323,11.357746478873239,50.0,8.0,12.0,566,566,0,566,441,125,0,1.0,0.7791519434628975,8.82,0.0003435445053341745,0.0,10.085300536783501,11.806560437145269,1.0000337441552716,1.0000000000000004,0.6282660777627803,0.15466048057747434,0.0038889238003828553,28.635934455958953,30,0.8013888888888889,0.18270833333333333,0.6186805555555556,60.64933426369886,9.332336568429152,"{'alpha': 0.1, 'beta': 0.9, 'gamma': 0.0, 'source': 'phase3_tuning'}"
test,pred_error,homog,low,binpack,1005,0.7,0.7175716409557721,0.1762418234556416,0.7175716409557721,11.357746478873239,50.0,8.0,12.0,581,581,0,581,469,112,0,1.0,0.8072289156626506,9.38,0.0,0.0,9.995357928358386,11.737932727526292,1.0,1.0000000000000004,0.6518153975905358,0.16130124389840828,0.0,22.582963949804306,23,0.6782986111111111,0.15760416666666668,0.5206944444444445,61.07723056708964,9.512546567772201,{}
test,pred_error,homog,low,spread,1005,0.7,0.7175716409557721,0.1762418234556416,0.7175716409557721,11.357746478873239,50.0,8.0,12.0,581,581,0,581,469,112,0,1.0,0.8072289156626506,9.38,0.0,0.0,9.995357928358386,11.737932727526292,1.0,1.0000000000000004,0.6518153975905358,0.16130124389840828,0.0,29.15054395516695,30,0.6782986111111111,0.15760416666666668,0.5206944444444445,61.07723056708964,9.512546567772201,{}
test,pred_error,homog,low,tetris,1005,0.7,0.7175716409557721,0.1762418234556416,0.7175716409557721,11.357746478873239,50.0,8.0,12.0,581,581,0,581,469,112,0,1.0,0.8072289156626506,9.38,1.8915370924220305e-05,0.0,9.99537684372931,11.737932727526292,1.0000022614084882,1.0000000000000004,0.651815397590536,0.16130124389840828,0.00021979661013943997,29.15054395516696,30,0.6782986111111111,0.15760416666666668,0.5206944444444445,61.07723056708964,9.512546567772201,{}
test,pred_error,homog,low,hybrid,1005,0.7,0.7175716409557721,0.1762418234556416,0.7175716409557721,11.357746478873239,50.0,8.0,12.0,581,581,0,581,469,112,0,1.0,0.8072289156626506,9.38,0.0,0.0,9.995357928358386,11.737932727526292,1.0,1.0000000000000004,0.6518153975905358,0.16130124389840828,0.0,29.027356584433974,30,0.6782986111111111,0.15760416666666668,0.5206944444444445,61.07723056708964,9.512546567772201,"{'alpha': 0.1, 'beta': 0.9, 'gamma': 0.0, 'source': 'phase3_tuning'}"
test,pred_error,homog,low,binpack,1006,0.7,0.710384494076854,0.17432726341837992,0.710384494076854,11.357746478873239,50.0,8.0,12.0,574,574,0,574,464,110,0,1.0,0.8083623693379791,9.28,0.0,0.0,10.011777222847838,11.826247321352206,1.0,1.0000000000000004,0.6457556281326698,0.1576353728829307,0.0,22.058944121246572,25,0.6654513888888889,0.17052083333333332,0.49493055555555554,61.40882668922207,9.34719047645871,{}
test,pred_error,homog,low,spread,1006,0.7,0.710384494076854,0.17432726341837992,0.710384494076854,11.357746478873239,50.0,8.0,12.0,574,574,0,574,464,110,0,1.0,0.8083623693379791,9.28,0.0,0.0,10.011777222847838,11.826247321352206,1.0,1.0000000000000004,0.6457556281326698,0.1576353728829307,0.0,29.36201181298288,30,0.6654513888888889,0.17052083333333332,0.49493055555555554,61.40882668922207,9.34719047645871,{}
test,pred_error,homog,low,tetris,1006,0.7,0.710384494076854,0.17432726341837992,0.710384494076854,11.357746478873239,50.0,8.0,12.0,574,574,0,574,464,110,0,1.0,0.8083623693379791,9.28,0.0,0.0,10.011777222847838,11.826247321352206,1.0,1.0000000000000004,0.6457556281326698,0.1576353728829307,0.0,29.36201181298288,30,0.6654513888888889,0.17052083333333332,0.49493055555555554,61.40882668922207,9.34719047645871,{}
test,pred_error,homog,low,hybrid,1006,0.7,0.710384494076854,0.17432726341837992,0.710384494076854,11.357746478873239,50.0,8.0,12.0,574,574,0,574,464,110,0,1.0,0.8083623693379791,9.28,0.0,0.0,10.011777222847838,11.826247321352206,1.0,1.0000000000000004,0.6457556281326698,0.1576353728829307,0.0,28.96875702447166,30,0.6654513888888889,0.17052083333333332,0.49493055555555554,61.40882668922207,9.34719047645871,"{'alpha': 0.1, 'beta': 0.9, 'gamma': 0.0, 'source': 'phase3_tuning'}"
test,pred_error,homog,low,binpack,1007,0.7,0.7168914467663806,0.17633156295385782,0.7168914467663806,11.357746478873239,50.0,8.0,12.0,580,580,0,580,452,128,0,1.0,0.7793103448275862,9.04,0.0,0.0,10.038231145374926,11.8622289024747,1.0,1.0000000000000004,0.6404561981862622,0.1582430596539016,0.0,21.598700415816655,26,0.771701388888889,0.19427083333333334,0.5774305555555556,60.65718729225463,9.56193364531528,{}
test,pred_error,homog,low,spread,1007,0.7,0.7168914467663806,0.17633156295385782,0.7168914467663806,11.357746478873239,50.0,8.0,12.0,580,580,0,580,452,128,0,1.0,0.7793103448275862,9.04,0.0001961155373441096,0.0,10.03842726091227,11.8622289024747,1.0000175672296407,1.0000000000000004,0.6404561981862622,0.1582430596539016,0.0022749402331916713,29.090197927049093,30,0.771701388888889,0.19427083333333334,0.5774305555555556,60.65718729225463,9.56193364531528,{}
test,pred_error,homog,low,tetris,1007,0.7,0.7168914467663806,0.17633156295385782,0.7168914467663806,11.357746478873239,50.0,8.0,12.0,580,580,0,580,452,128,0,1.0,0.7793103448275862,9.04,0.004767159324742626,0.0,10.042998304699669,11.871057243360449,1.0004814257530246,1.0000000000000004,0.6404561981862631,0.15824305965390173,0.05529904816701446,29.090197927049076,30,0.771701388888889,0.19427083333333334,0.5774305555555556,60.65718729225463,9.56193364531528,{}
test,pred_error,homog,low,hybrid,1007,0.7,0.7168914467663806,0.17633156295385782,0.7168914467663806,11.357746478873239,50.0,8.0,12.0,580,580,0,580,452,128,0,1.0,0.7793103448275862,9.04,0.006762683948371615,0.0,10.044993829323298,11.871057243360449,1.0006884841532528,1.0000000000000004,0.6404124517138595,0.1582364976830412,0.07844713380111074,28.933456165989426,30,0.771701388888889,0.19427083333333334,0.5774305555555556,60.65718729225463,9.56193364531528,"{'alpha': 0.1, 'beta': 0.9, 'gamma': 0.0, 'source': 'phase3_tuning'}"
test,pred_error,homog,low,binpack,1008,0.7,0.6817945234297358,0.16760021808582495,0.6817945234297358,11.357746478873239,50.0,8.0,12.0,554,554,0,554,434,120,0,1.0,0.7833935018050542,8.68,0.0,0.0,9.985823135471849,11.772546262431282,1.0,1.0000000000000004,0.6098756578726792,0.14971773194315632,0.0,21.135378179911505,24,0.7057291666666666,0.1765625,0.5291666666666667,61.9231682341742,8.946570658415668,{}
test,pred_error,homog,low,spread,1008,0.7,0.6817945234297358,0.16760021808582495,0.6817945234297358,11.357746478873239,50.0,8.0,12.0,554,554,0,554,434,120,0,1.0,0.7833935018050542,8.68,0.0,0.0,9.985823135471849,11.772546262431282,1.0,1.0000000000000004,0.6098756578726792,0.14971773194315632,0.0,29.272285771348916,30,0.7057291666666666,0.1765625,0.5291666666666667,61.9231682341742,8.946570658415668,{}
test,pred_error,homog,low,tetris,1008,0.7,0.6817945234297358,0.16760021808582495,0.6817945234297358,11.357746478873239,50.0,8.0,12.0,554,554,0,554,434,120,0,1.0,0.7833935018050542,8.68,0.0,0.0,9.985823135471849,11.772546262431282,1.0,1.0000000000000004,0.6098756578726792,0.14971773194315632,0.0,29.272179511494922,30,0.7057291666666666,0.1765625,0.5291666666666667,61.9231682341742,8.946570658415668,{}
test,pred_error,homog,low,hybrid,1008,0.7,0.6817945234297358,0.16760021808582495,0.6817945234297358,11.357746478873239,50.0,8.0,12.0,554,554,0,554,434,120,0,1.0,0.7833935018050542,8.68,4.8224102600093526e-05,0.0,9.98587135957445,11.772546262431282,1.0000057620738925,1.0000000000000004,0.6098756578726792,0.14971773194315632,0.0005343230568090363,28.9844758664449,30,0.7057291666666666,0.1765625,0.5291666666666667,61.9231682341742,8.946570658415668,"{'alpha': 0.1, 'beta': 0.9, 'gamma': 0.0, 'source': 'phase3_tuning'}"
test,pred_error,homog,low,binpack,1009,0.7,0.7140851113015946,0.1743086472117687,0.7140851113015946,11.357746478873239,50.0,8.0,12.0,579,579,0,579,470,109,0,1.0,0.8117443868739206,9.4,0.0,0.0,9.968320837981146,11.834172421199042,1.0,1.0000000000000004,0.6490264630807487,0.15856627623160066,0.0,22.430088292796015,22,0.6454861111111111,0.16791666666666666,0.4775694444444445,61.60648103584904,9.398361832468206,{}
test,pred_error,homog,low,spread,1009,0.7,0.7140851113015946,0.1743086472117687,0.7140851113015946,11.357746478873239,50.0,8.0,12.0,579,579,0,579,470,109,0,1.0,0.8117443868739206,9.4,0.0,0.0,9.968320837981146,11.834172421199042,1.0,1.0000000000000004,0.6490264630807487,0.15856627623160066,0.0,29.300977946555506,30,0.6454861111111111,0.16791666666666666,0.4775694444444445,61.60648103584904,9.398361832468206,{}
test,pred_error,homog,low,tetris,1009,0.7,0.7140851113015946,0.1743086472117687,0.7140851113015946,11.357746478873239,50.0,8.0,12.0,579,579,0,579,470,109,0,1.0,0.8117443868739206,9.4,0.00011435990601694107,0.0,9.968435197887164,11.834172421199042,1.0000114499496389,1.0000000000000004,0.6490264630807487,0.15856627623160072,0.0013242877116761776,29.300977946555495,30,0.6454861111111111,0.16791666666666666,0.4775694444444445,61.60648103584904,9.398361832468206,{}
test,pred_error,homog,low,hybrid,1009,0.7,0.7140851113015946,0.1743086472117687,0.7140851113015946,11.357746478873239,50.0,8.0,12.0,579,579,0,579,470,109,0,1.0,0.8117443868739206,9.4,0.00047239617934826447,0.0,9.968793234160495,11.834172421199042,1.0000445539258829,1.0000000000000004,0.6490264630807487,0.1585662762316007,0.005470347756852903,28.91793774085053,30,0.6454861111111111,0.16791666666666666,0.4775694444444445,61.60648103584904,9.398361832468206,"{'alpha': 0.1, 'beta': 0.9, 'gamma': 0.0, 'source': 'phase3_tuning'}"
test,pred_error,homog,med,binpack,1000,1.0,1.0166901011036111,0.24945417927473326,1.0166901011036111,16.225352112676056,50.0,8.0,12.0,830,830,0,802,639,163,28,0.9662650602409638,0.7698795180722892,12.78,1.089955560613406,3.9396296800163597,11.025295168281918,14.467372187588225,1.1120965902105813,1.4272191488518835,0.8718626473538879,0.21389277876203394,17.271469851446597,27.23233422051594,30,0.9631944444444444,0.24291666666666664,0.7202777777777778,64.57574710787128,12.853122684179205,{}
test,pred_error,homog,med,spread,1000,1.0,1.0166901011036111,0.24945417927473326,1.0166901011036111,16.225352112676056,50.0,8.0,12.0,830,830,0,793,634,159,37,0.9554216867469879,0.763855421686747,12.68,1.231678377490556,5.311390921567423,11.167017985159069,14.997912302928011,1.1266248532499312,1.5247080250242604,0.8666285728877718,0.2130176935277068,19.299097865131,29.321098289417428,30,0.9666666666666667,0.235625,0.7310416666666666,64.65773507652396,12.836824534878547,{}
test,pred_error,homog,med,tetris,1000,1.0,1.0166901011036111,0.24945417927473326,1.0166901011036111,16.225352112676056,50.0,8.0,12.0,830,830,0,785,626,159,45,0.9457831325301205,0.7542168674698795,12.52,1.382087286324028,7.2352839611823185,11.317426893992542,16.664807331155203,1.142136029385205,1.7209791384355906,0.8558404879536609,0.21193131286634728,21.376101511593944,29.321098289417407,30,0.9697916666666667,0.236875,0.7329166666666667,64.95093941763206,12.778875986121337,{}
test,pred_error,homog,med,hybrid,1000,1.0,1.0166901011036111,0.24945417927473326,1.0166901011036111,16.225352112676056,50.0,8.0,12.0,830,830,0,790,629,161,40,0.9518072289156626,0.7578313253012048,12.58,1.3052424394230486,7.687592965856901,11.240582047091563,17.358159691746064,1.1340354081724529,1.7884375806791943,0.856522421745133,0.2130800627206841,20.17850887599889,29.17725491871948,30,0.9644097222222222,0.23802083333333332,0.726388888888889,65.69990668373643,12.633199069755467,"{'alpha': 0.1, 'beta': 0.9, 'gamma': 0.0, 'source': 'phase3_tuning'}"
test,pred_error,homog,med,binpack,1001,1.0,0.9956872251619985,0.24407278269225202,0.9956872251619985,16.225352112676056,50.0,8.0,12.0,809,809,0,785,631,154,24,0.9703337453646477,0.7799752781211372,12.62,0.612826623230748,3.85554502408921,10.631309724253803,13.443119321808304,1.0629892793321127,1.3688834536373393,0.8610379963830187,0.21589972974480137,9.42802809529863,27.093540945479308,30,0.9652777777777778,0.22291666666666668,0.742361111111111,63.255775220143875,12.78934606657659,{}
test,pred_error,homog,med,spread,1001,1.0,0.9956872251619985,0.24407278269225202,0.9956872251619985,16.225352112676056,50.0,8.0,12.0,809,809,0,782,628,154,27,0.9666254635352287,0.7762669962917181,12.56,0.7207221062327809,3.8038848212724083,10.739205207255836,13.842896947673843,1.0739004802516214,1.3785784516871415,0.8558592167814929,0.21486179888432005,11.04383803262941,29.471758167313368,30,0.9595486111111111,0.22010416666666668,0.7394444444444445,63.01306733687706,12.838606882521175,{}
test,pred_error,homog,med,tetris,1001,1.0,0.9956872251619985,0.24407278269225202,0.9956872251619985,16.225352112676056,50.0,8.0,12.0,809,809,0,777,625,152,32,0.9604449938195303,0.7725587144622992,12.5,0.8565946375648499,4.640579346535699,10.875077738587905,14.341620429963314,1.0879979349350346,1.4595106597374683,0.8491719078406663,0.21373817253004115,12.940259536849773,29.471758167313304,30,0.9414930555555556,0.21739583333333332,0.7240972222222222,63.993145891956665,12.641978898269535,{}
test,pred_error,homog,med,hybrid,1001,1.0,0.9956872251619985,0.24407278269225202,0.9956872251619985,16.225352112676056,50.0,8.0,12.0,809,809,0,780,628,152,29,0.9641532756489494,0.7762669962917181,12.56,0.816130331518175,4.275542766151148,10.83461343254123,13.98068563702929,1.083743747982224,1.4324361602212379,0.8519576273771192,0.2140826137010272,12.419511431289324,29.2412715455545,30,0.9539930555555556,0.21927083333333333,0.7347222222222223,63.63565027312097,12.71299965550463,"{'alpha': 0.1, 'beta': 0.9, 'gamma': 0.0, 'source': 'phase3_tuning'}"
test,pred_error,homog,med,binpack,1002,1.0,0.9927740959425652,0.24242252407128942,0.9927740959425652,16.225352112676056,50.0,8.0,12.0,807,807,0,793,634,159,14,0.9826517967781908,0.7856257744733581,12.68,0.5751385456771605,2.3252737957776652,10.545692377913069,13.014098511337131,1.058190039048312,1.2376457129014367,0.8606152385809662,0.2135409249791579,8.942150129668523,27.145371403572145,30,0.9729166666666667,0.22874999999999998,0.7441666666666666,63.99902102648262,12.609567881765965,{}
test,pred_error,homog,med,spread,1002,1.0,0.9927740959425652,0.24242252407128942,0.9927740959425652,16.225352112676056,50.0,8.0,12.0,807,807,0,793,634,159,14,0.9826517967781908,0.7856257744733581,12.68,0.6699168046370583,2.9652794403681213,10.640470636872967,13.406080820736907,1.0675665293233114,1.3016713696412692,0.8575703175086072,0.21308643226097757,10.202151249975607,29.516852751160176,30,0.9645833333333333,0.2275,0.7370833333333333,65.39569005448072,12.340262780738204,{}
test,pred_error,homog,med,tetris,1002,1.0,0.9927740959425652,0.24242252407128942,0.9927740959425652,16.225352112676056,50.0,8.0,12.0,807,807,0,786,626,160,21,0.9739776951672863,0.7757125154894672,12.52,0.7936126643492178,3.7565017341213185,10.764166496585126,14.093662429706098,1.080177247891532,1.4045186193083645,0.8513435523303235,0.2118227699771085,12.126815201189883,29.51685275116017,30,0.9631944444444444,0.23041666666666666,0.7327777777777779,65.74930253467633,12.273894458034537,{}
test,pred_error,homog,med,hybrid,1002,1.0,0.9927740959425652,0.24242252407128942,0.9927740959425652,16.225352112676056,50.0,8.0,12.0,807,807,0,790,630,160,17,0.9789343246592317,0.7806691449814126,12.6,0.7665621919029948,3.639473522416239,10.737116024138903,13.74024137321131,1.077444346097728,1.3636425092332893,0.8528267050207866,0.2121554500693439,11.777802884658037,29.25604100034455,30,0.9699652777777777,0.22947916666666668,0.7404861111111111,65.15297399977923,12.386234279999782,"{'alpha': 0.1, 'beta': 0.9, 'gamma': 0.0, 'source': 'phase3_tuning'}"
test,pred_error,homog,med,binpack,1003,1.0,0.9388945216469881,0.23026036231990357,0.9388945216469881,16.225352112676056,50.0,8.0,12.0,762,762,0,741,584,157,21,0.9724409448818898,0.7664041994750657,11.68,0.201529104640496,1.5882021350767275,10.191142933780638,11.998823858030075,1.0204576300441015,1.1618118567224898,0.8063318432557129,0.19973555321578135,2.5387892110802857,26.22439322844514,30,0.9668402777777777,0.24072916666666666,0.726111111111111,62.60437541726985,12.171673224453206,{}
test,pred_error,homog,med,spread,1003,1.0,0.9388945216469881,0.23026036231990357,0.9388945216469881,16.225352112676056,50.0,8.0,12.0,762,762,0,740,586,154,22,0.9711286089238845,0.7690288713910761,11.72,0.26150585403269105,2.0824622905220593,10.251119683172835,12.17808190845858,1.0265354748656765,1.2075782427685438,0.802174105223729,0.19912355937664775,3.3473987035699286,29.551108836399102,30,0.9486111111111111,0.23291666666666666,0.7156944444444444,62.7471751018639,12.143972995803676,{}
test,pred_error,homog,med,tetris,1003,1.0,0.9388945216469881,0.23026036231990357,0.9388945216469881,16.225352112676056,50.0,8.0,12.0,762,762,0,737,584,153,25,0.9671916010498688,0.7664041994750657,11.68,0.31062936890309156,2.156185030417504,10.300243198043235,12.388830087336572,1.0314012497045713,1.2159037386487577,0.7988793323119797,0.19850278312701394,4.013012584883456,29.55110883639911,30,0.9416666666666667,0.231875,0.7097916666666666,63.20103084528877,12.056765369307298,{}
test,pred_error,homog,med,hybrid,1003,1.0,0.9388945216469881,0.23026036231990357,0.9388945216469881,16.225352112676056,50.0,8.0,12.0,762,762,0,741,585,156,21,0.9724409448818898,0.7677165354330708,11.7,0.29063341218351474,2.0546286860798304,10.280247241323657,12.346963752251725,1.0294919987057038,1.2064700389560334,0.8013635000284846,0.1990788346467305,3.8166679904585794,29.36993625270178,30,0.9625,0.24125,0.72125,63.171055508424445,12.062486432546315,"{'alpha': 0.1, 'beta': 0.9, 'gamma': 0.0, 'source': 'phase3_tuning'}"
test,pred_error,homog,med,binpack,1004,1.0,1.0040875893263532,0.24663936836825576,1.0040875893263532,16.225352112676056,50.0,8.0,12.0,813,813,0,783,624,159,30,0.9630996309963099,0.7675276752767528,12.48,0.9040639443736178,5.520806829693328,10.940144888386248,15.546489751421245,1.0923901485372405,1.5894695503916214,0.8489360274015105,0.21243883534689156,13.552227521955329,26.60132223715739,30,0.9697916666666667,0.243125,0.7266666666666667,64.93882922264511,12.519474245718232,{}
test,pred_error,homog,med,spread,1004,1.0,1.0040875893263532,0.24663936836825576,1.0040875893263532,16.225352112676056,50.0,8.0,12.0,813,813,0,783,624,159,30,0.9630996309963099,0.7675276752767528,12.48,1.0213932318950174,6.917046341639306,11.057474175907647,16.305736822021643,1.1040463475076387,1.685543227371317,0.8424179410034052,0.21102989405401884,15.109773976133733,29.297968858975814,30,0.965625,0.24250000000000002,0.723125,66.04606139997883,12.30959095465851,{}
test,pred_error,homog,med,tetris,1004,1.0,1.0040875893263532,0.24663936836825576,1.0040875893263532,16.225352112676056,50.0,8.0,12.0,813,813,0,781,622,159,32,0.9606396063960639,0.7650676506765067,12.44,1.1547090534336157,7.370215960486426,11.190789997446245,16.648339237644063,1.11767355554054,1.6871746235864085,0.8399188826237334,0.21076206043127343,17.009258106038896,29.297968858975864,30,0.9588541666666667,0.2434375,0.7154166666666666,66.20315982800493,12.280380605882936,{}
test,pred_error,homog,med,hybrid,1004,1.0,1.0040875893263532,0.24663936836825576,1.0040875893263532,16.225352112676056,50.0,8.0,12.0,813,813,0,775,618,157,38,0.9532595325953259,0.7601476014760148,12.36,1.1671120246061715,7.541570098983151,11.2031929686188,18.007396528305975,1.119066467074445,1.8218152534170964,0.833207107016448,0.21064452924067056,17.136653539013672,28.92594362187072,30,0.9282986111111111,0.2419791666666667,0.6863194444444445,65.69532188738556,12.37531039719447,"{'alpha': 0.1, 'beta': 0.9, 'gamma': 0.0, 'source': 'phase3_tuning'}"
test,pred_error,homog,med,binpack,1005,1.0,1.0080971834655577,0.24651548097739773,1.0080971834655577,16.225352112676056,50.0,8.0,12.0,816,816,0,796,638,158,20,0.9754901960784313,0.7818627450980392,12.76,1.184679030535727,4.5941145209524805,11.194173779542336,14.883976435106284,1.1200645354738514,1.451124215007541,0.8738572132734258,0.2149091881692945,18.770920932696214,27.276405361095712,30,0.9560763888888889,0.23364583333333336,0.7224305555555556,64.1391042242089,12.722347932199622,{}
test,pred_error,homog,med,spread,1005,1.0,1.0080971834655577,0.24651548097739773,1.0080971834655577,16.225352112676056,50.0,8.0,12.0,816,816,0,790,632,158,26,0.9681372549019608,0.7745098039215687,12.64,1.3423262879919413,5.238272693313817,11.35182103699855,15.788628866113974,1.1365079799655227,1.515480045346649,0.8664075344985918,0.21388140059015587,21.109273637175434,29.405380768616887,30,0.9545138888888889,0.2345833333333333,0.7199305555555555,65.02059496891505,12.54986978187622,{}
test,pred_error,homog,med,tetris,1005,1.0,1.0080971834655577,0.24651548097739773,1.0080971834655577,16.225352112676056,50.0,8.0,12.0,816,816,0,794,634,160,22,0.9730392156862745,0.7769607843137255,12.68,1.4081348577839878,5.3267481329646,11.417629606790596,15.772044591726047,1.1428810290761207,1.5280422668899385,0.8650592596107078,0.21336600800295324,22.099236582432628,29.405380768616833,30,0.9522569444444444,0.24010416666666667,0.7121527777777777,65.0205851823146,12.549871670825095,{}
test,pred_error,homog,med,hybrid,1005,1.0,1.0080971834655577,0.24651548097739773,1.0080971834655577,16.225352112676056,50.0,8.0,12.0,816,816,0,793,629,164,23,0.9718137254901961,0.7708333333333334,12.58,1.4844401852297013,4.905114611083469,11.49393493423631,15.478168086917847,1.1506238867654357,1.4837335334546378,0.8652905040522831,0.21295075495988922,23.422804444276856,29.124153924088755,30,0.9680555555555556,0.24833333333333335,0.7197222222222222,64.6882345237237,12.614349518237988,"{'alpha': 0.1, 'beta': 0.9, 'gamma': 0.0, 'source': 'phase3_tuning'}"
test,pred_error,homog,med,binpack,1006,1.0,1.0070879145303908,0.24536592197430965,1.0070879145303908,16.225352112676056,50.0,8.0,12.0,813,813,0,795,641,154,18,0.977859778597786,0.7884378843788438,12.82,0.7590970130324838,3.025209784709695,10.79262721936269,13.688949124352273,1.0762260809511033,1.2990724674846812,0.8668696585106226,0.214010741022588,11.855106719681132,27.254761032560246,30,0.9559027777777778,0.21916666666666668,0.7367361111111111,64.38392457534664,12.627375627724739,{}
test,pred_error,homog,med,spread,1006,1.0,1.0070879145303908,0.24536592197430965,1.0070879145303908,16.225352112676056,50.0,8.0,12.0,813,813,0,793,639,154,20,0.97539975399754,0.7859778597785978,12.78,0.8047822448895771,4.108887934221912,10.838312451219783,14.379661100865903,1.0808108913265868,1.4220679532339495,0.8634225111917705,0.21413540503857997,12.257019032244639,29.553408269087985,30,0.9434027777777777,0.21729166666666666,0.726111111111111,65.07003276973367,12.494230683377717,{}
test,pred_error,homog,med,tetris,1006,1.0,1.0070879145303908,0.24536592197430965,1.0070879145303908,16.225352112676056,50.0,8.0,12.0,813,813,0,791,637,154,22,0.972939729397294,0.7835178351783518,12.74,0.9006139474029723,3.860314392311775,10.93414415373318,14.152615862332278,1.0904515008341016,1.3878655284278414,0.8608507475581542,0.21340175928086005,13.87479984702261,29.553408269087967,30,0.9559027777777778,0.21916666666666668,0.7367361111111111,64.64774855377547,12.575843988189751,{}
test,pred_error,homog,med,hybrid,1006,1.0,1.0070879145303908,0.24536592197430965,1.0070879145303908,16.225352112676056,50.0,8.0,12.0,813,813,0,793,638,155,20,0.97539975399754,0.7847478474784748,12.76,0.8852506747967053,4.1901898699815945,10.918780881126912,14.515068707555777,1.0888944167027566,1.422710205158119,0.8602072461799365,0.21334186498428914,13.540111149511008,29.319055323392163,30,0.9545138888888889,0.2189583333333333,0.7355555555555555,65.11159394222312,12.486255531102753,"{'alpha': 0.1, 'beta': 0.9, 'gamma': 0.0, 'source': 'phase3_tuning'}"
test,pred_error,homog,med,binpack,1007,1.0,1.0876221595162692,0.2672221392844636,1.0876221595162692,16.225352112676056,50.0,8.0,12.0,879,879,0,786,620,166,93,0.89419795221843,0.7053469852104665,12.4,1.9327620774389158,7.010217154915992,11.962164138800423,17.31352576263074,1.1949852484075734,1.7065284443544846,0.8531703364428616,0.20929527780823684,27.800533690267034,26.77504682683705,30,0.9715277777777778,0.25354166666666667,0.7179861111111111,68.22711496053194,12.883440850583884,{}
test,pred_error,homog,med,spread,1007,1.0,1.0876221595162692,0.2672221392844636,1.0876221595162692,16.225352112676056,50.0,8.0,12.0,879,879,0,786,620,166,93,0.89419795221843,0.7053469852104665,12.4,2.0014125190333187,7.077097230069185,12.030814580394825,17.46825122445302,1.2019218453157188,1.7129909538147545,0.8509341825898105,0.20854824547493309,28.73665970967176,29.36313854893433,30,0.9710069444444444,0.25385416666666666,0.7171527777777779,68.69680923137375,12.795354105013683,{}
test,pred_error,homog,med,tetris,1007,1.0,1.0876221595162692,0.2672221392844636,1.0876221595162692,16.225352112676056,50.0,8.0,12.0,879,879,0,791,623,168,88,0.8998862343572241,0.7087599544937428,12.46,1.968331600244168,9.743564526144475,11.997733661605674,19.508796173185157,1.1996603311937464,2.0126745901517604,0.8447961003508531,0.21029948950889957,27.917808869332394,29.363138548934415,30,0.9645833333333333,0.265,0.6995833333333333,70.01301230558397,12.554809042688403,{}
test,pred_error,homog,med,hybrid,1007,1.0,1.0876221595162692,0.2672221392844636,1.0876221595162692,16.225352112676056,50.0,8.0,12.0,879,879,0,797,630,167,82,0.906712172923777,0.7167235494880546,12.6,1.9702665490131386,7.82897833137001,11.999668610374645,18.181599613154745,1.1993887263997687,1.8759475194956559,0.8487574797316267,0.2100910462931414,28.292788903154015,29.134643563438395,30,0.967013888888889,0.26145833333333335,0.7055555555555556,69.51261026380313,12.645187638101346,"{'alpha': 0.1, 'beta': 0.9, 'gamma': 0.0, 'source': 'phase3_tuning'}"
test,pred_error,homog,med,binpack,1008,1.0,0.992456614889906,0.24369217348695824,0.992456614889906,16.225352112676056,50.0,8.0,12.0,808,808,0,791,630,161,17,0.9789603960396039,0.7797029702970297,12.6,0.49520745237258873,2.164069427570361,10.469036505322942,12.714277260736992,1.0504948692664768,1.2292864494520566,0.8543334861978745,0.21297987570337398,7.484042534261034,27.141734230366854,30,0.9633680555555556,0.23239583333333333,0.7309722222222222,64.40365645560915,12.545871530709158,{}
test,pred_error,homog,med,spread,1008,1.0,0.992456614889906,0.24369217348695824,0.992456614889906,16.225352112676056,50.0,8.0,12.0,808,808,0,789,629,160,19,0.9764851485148515,0.7784653465346535,12.58,0.5073385393414978,2.160127687614228,10.481167592291852,12.74738167659801,1.0518841940770467,1.2437537733892168,0.8556156739790552,0.21321529858679764,7.701254460535746,29.4906000399442,30,0.9657986111111111,0.22572916666666665,0.7400694444444444,64.57522637822353,12.512538403930069,{}
test,pred_error,homog,med,tetris,1008,1.0,0.992456614889906,0.24369217348695824,0.992456614889906,16.225352112676056,50.0,8.0,12.0,808,808,0,784,624,160,24,0.9702970297029703,0.7722772277227723,12.48,0.6945549425781761,2.8480769909438735,10.66838399552853,13.236407298780414,1.0708376123872287,1.3003245995961683,0.8474653974456292,0.21156058006572132,10.496421951654662,29.4906000399442,30,0.9522569444444444,0.23385416666666667,0.7184027777777777,64.84347319126014,12.46077608484589,{}
test,pred_error,homog,med,hybrid,1008,1.0,0.992456614889906,0.24369217348695824,0.992456614889906,16.225352112676056,50.0,8.0,12.0,808,808,0,786,626,160,22,0.9727722772277227,0.7747524752475248,12.52,0.6755682405284589,2.6373068632760877,10.649397293478813,13.043248618383544,1.0690742199846004,1.2850035746196458,0.8496886194282355,0.21198585802825348,10.218069107134975,29.25221720713185,30,0.9538194444444444,0.22979166666666667,0.7240277777777777,64.71400191668677,12.4857059688601,"{'alpha': 0.1, 'beta': 0.9, 'gamma': 0.0, 'source': 'phase3_tuning'}"
test,pred_error,homog,med,binpack,1009,1.0,1.0247795449949033,0.25120526844175545,1.0247795449949033,16.225352112676056,50.0,8.0,12.0,832,832,0,796,635,161,36,0.9567307692307693,0.7632211538461539,12.7,1.1696056865599471,5.216214946709428,11.170357669490205,15.323262802110747,1.1184090457917673,1.5625571528358324,0.8749266406324504,0.2168276972196751,18.46668262984234,27.371372410946623,30,0.9743055555555556,0.24145833333333336,0.7328472222222222,64.96587892661248,12.806722755800067,{}
test,pred_error,homog,med,spread,1009,1.0,1.0247795449949033,0.25120526844175545,1.0247795449949033,16.225352112676056,50.0,8.0,12.0,832,832,0,793,628,165,39,0.953125,0.7548076923076923,12.56,1.2791434443891583,7.444581345130153,11.279895427319417,17.357777321457323,1.129323614498445,1.7540111604265913,0.8650231455556449,0.2158550543273336,20.094367997576526,29.510684562588857,30,0.975,0.243125,0.731875,66.15336443099852,12.576835768766081,{}
test,pred_error,homog,med,tetris,1009,1.0,1.0247795449949033,0.25120526844175545,1.0247795449949033,16.225352112676056,50.0,8.0,12.0,832,832,0,789,626,163,43,0.9483173076923077,0.7524038461538461,12.52,1.3388158340457963,7.431655632343087,11.339567816976055,17.611343248657676,1.135473100058133,1.7491733388808197,0.862541219530197,0.21548096610906992,20.901067952098103,29.510684562588857,30,0.9736111111111111,0.24604166666666666,0.7275694444444445,65.87849230677675,12.629311492522033,{}
test,pred_error,homog,med,hybrid,1009,1.0,1.0247795449949033,0.25120526844175545,1.0247795449949033,16.225352112676056,50.0,8.0,12.0,832,832,0,793,629,164,39,0.953125,0.7560096153846154,12.58,1.3076746630199214,6.94939421549363,11.30842664595018,17.096979977210893,1.1324398117833911,1.7162326943620714,0.8647225359867525,0.2153542883111294,20.523278590791943,29.38591645723688,30,0.976388888888889,0.24645833333333333,0.7299305555555555,65.78077937372029,12.648071487161303,"{'alpha': 0.1, 'beta': 0.9, 'gamma': 0.0, 'source': 'phase3_tuning'}"
test,pred_error,homog,high,binpack,1000,1.3,1.354187593024998,0.3306398172987703,1.354187593024998,21.092957746478874,50.0,8.0,12.0,1100,1100,0,868,697,171,232,0.7890909090909091,0.6336363636363637,13.94,6.514526898970685,18.72956797098643,16.49947708626014,28.83004265731163,1.659215048670451,2.923582867945004,0.8981079736726882,0.2277409165915478,100.70791276978588,27.866610872744968,30,0.971875,0.26375,0.708125,81.15952297926842,13.553554279526589,{}
test,pred_error,homog,high,spread,1000,1.3,1.354187593024998,0.3306398172987703,1.354187593024998,21.092957746478874,50.0,8.0,12.0,1100,1100,0,860,689,171,240,0.7818181818181819,0.6263636363636363,13.78,6.563162883292539,18.150324365052803,16.548113070581994,28.36113440338128,1.6640308274580335,2.867166695262579,0.9017926785402713,0.22544722180014695,102.2905534984866,29.477767914936408,30,0.9817708333333334,0.2640625,0.7177083333333333,80.6156800646704,13.644988160089614,{}
test,pred_error,homog,high,tetris,1000,1.3,1.354187593024998,0.3306398172987703,1.354187593024998,21.092957746478874,50.0,8.0,12.0,1100,1100,0,870,699,171,230,0.7909090909090909,0.6354545454545455,13.98,6.582182505125208,18.296707784259695,16.56713269241466,29.010660385251853,1.6656789558909981,2.9559657680878373,0.8955511840883926,0.22770588392686952,100.22738959917805,29.47776791493642,30,0.9744791666666667,0.2590625,0.7154166666666666,81.63062739781937,13.475334382023686,{}
test,pred_error,homog,high,hybrid,1000,1.3,1.354187593024998,0.3306398172987703,1.354187593024998,21.092957746478874,50.0,8.0,12.0,1100,1100,0,872,700,172,228,0.7927272727272727,0.6363636363636364,14.0,6.524323688021083,18.819977179044272,16.509273875310537,29.22589688330423,1.6597934232551,2.966873697460219,0.8924123892020439,0.22905756205006425,98.6690743374045,29.272287712250918,30,0.9736111111111111,0.2710416666666667,0.7025694444444445,81.62521359111365,13.476228135956198,"{'alpha': 0.1, 'beta': 0.9, 'gamma': 0.0, 'source': 'phase3_tuning'}"
test,pred_error,homog,high,binpack,1001,1.3,1.261752687125995,0.3103672847254534,1.261752687125995,21.092957746478874,50.0,8.0,12.0,1026,1026,0,851,686,165,175,0.8294346978557505,0.6686159844054581,13.72,5.439511395371348,20.173700422199744,15.430325422811162,29.410195886813817,1.555764320028039,2.9996322663693684,0.8942678124380844,0.22733388135757487,89.40348637957032,27.67784780730954,30,0.9703125,0.2459375,0.724375,75.71143466250358,13.551453681647523,{}
test,pred_error,homog,high,spread,1001,1.3,1.261752687125995,0.3103672847254534,1.261752687125995,21.092957746478874,50.0,8.0,12.0,1026,1026,0,847,680,167,179,0.8255360623781677,0.6627680311890838,13.6,5.40967720219836,21.208184991904446,15.400491229638174,31.036345465671985,1.5527559124593526,3.162451685511807,0.8931948960342752,0.2268089507474783,88.7899936821199,29.593660128702535,30,0.9727430555555556,0.25177083333333333,0.7209722222222222,75.2889531350156,13.627497226054867,{}
test,pred_error,homog,high,tetris,1001,1.3,1.261752687125995,0.3103672847254534,1.261752687125995,21.092957746478874,50.0,8.0,12.0,1026,1026,0,852,682,170,174,0.8304093567251462,0.6647173489278753,13.64,5.362828666881175,24.40754938832731,15.353642694320989,33.890888483322485,1.548192225316168,3.363574421917279,0.8880383661208601,0.22905405013167301,87.64735713492445,29.59366012870247,30,0.9737847222222222,0.2636458333333333,0.7101388888888889,75.52434649552296,13.585023209182228,{}
test,pred_error,homog,high,hybrid,1001,1.3,1.261752687125995,0.3103672847254534,1.261752687125995,21.092957746478874,50.0,8.0,12.0,1026,1026,0,855,689,166,171,0.8333333333333334,0.6715399610136452,13.78,5.345648778698379,23.11661033156652,15.336462806138194,32.4220694552027,1.5463492562774428,3.302146674839161,0.8886029901280019,0.22875648856926237,87.34085302167261,29.483719019046845,30,0.9684027777777777,0.2554166666666667,0.7129861111111111,75.66197298621903,13.560312525644479,"{'alpha': 0.1, 'beta': 0.9, 'gamma': 0.0, 'source': 'phase3_tuning'}"
test,pred_error,homog,high,binpack,1002,1.3,1.3167625876511417,0.3227317885489538,1.3167625876511417,21.092957746478874,50.0,8.0,12.0,1074,1074,0,878,702,176,196,0.8175046554934823,0.6536312849162011,14.04,5.313621629198711,17.9255887319283,15.279488870473273,27.22009532828131,1.542823595286603,2.7536950742435646,0.9026046263754887,0.2368438966085758,82.83240338350483,27.85279848774242,30,0.9784722222222223,0.24520833333333333,0.7332638888888888,77.93041058294911,13.781526261264013,{}
test,pred_error,homog,high,spread,1002,1.3,1.3167625876511417,0.3227317885489538,1.3167625876511417,21.092957746478874,50.0,8.0,12.0,1074,1074,0,874,700,174,200,0.813780260707635,0.6517690875232774,14.0,5.388193764773464,18.446472783011124,15.354061006048026,27.85527661498343,1.550383143564078,2.77095041889074,0.893757587669058,0.23546986114205398,82.827327557098,29.62834827012328,30,0.978125,0.24437499999999998,0.73375,78.54640848051486,13.673445047031388,{}
test,pred_error,homog,high,tetris,1002,1.3,1.3167625876511417,0.3227317885489538,1.3167625876511417,21.092957746478874,50.0,8.0,12.0,1074,1074,0,880,704,176,194,0.819366852886406,0.6554934823091247,14.08,5.3719868780289435,19.492908748148253,15.337854119303504,28.814359052014055,1.5488207529766318,2.905198777581451,0.8927554588855046,0.236018206447626,82.51112901108652,29.62834827012327,30,0.9774305555555556,0.24270833333333333,0.7347222222222223,79.04550740298384,13.587109948255682,{}
test,pred_error,homog,high,hybrid,1002,1.3,1.3167625876511417,0.3227317885489538,1.3167625876511417,21.092957746478874,50.0,8.0,12.0,1074,1074,0,869,698,171,205,0.8091247672253259,0.6499068901303539,13.96,5.3946410570401415,17.876369862877524,15.360508298314704,27.397890475208207,1.5511241180558104,2.7364655666643802,0.8978200298996742,0.23506475664541046,83.57958152596859,29.50791737079752,30,0.9739583333333334,0.24375,0.7302083333333333,77.89189753768724,13.788340430150074,"{'alpha': 0.1, 'beta': 0.9, 'gamma': 0.0, 'source': 'phase3_tuning'}"
test,pred_error,homog,high,binpack,1003,1.3,1.220048339008078,0.29938417685505575,1.220048339008078,21.092957746478874,50.0,8.0,12.0,990,990,0,863,690,173,127,0.8717171717171717,0.696969696969697,13.8,3.2143953989496037,16.496647924816727,13.199445439786334,25.786690109421137,1.3248558701914095,2.5434228378473174,0.8999439533289775,0.2347969641227396,49.71392293293594,27.93216558635996,30,0.9737847222222222,0.2573958333333333,0.7163888888888889,72.93821836319617,13.573131099395528,{}
test,pred_error,homog,high,spread,1003,1.3,1.220048339008078,0.29938417685505575,1.220048339008078,21.092957746478874,50.0,8.0,12.0,990,990,0,858,684,174,132,0.8666666666666667,0.6909090909090909,13.68,3.438272466208298,15.457581277905902,13.423322507045027,25.52923901145637,1.3475416994421974,2.5412103524274694,0.8945572535506477,0.23206992846621005,53.092032254195075,29.654699104922344,30,0.9765625,0.2609375,0.715625,73.71356536614744,13.43036380186614,{}
test,pred_error,homog,high,tetris,1003,1.3,1.220048339008078,0.29938417685505575,1.220048339008078,21.092957746478874,50.0,8.0,12.0,990,990,0,859,686,173,131,0.8676767676767677,0.692929292929293,13.72,3.4334929981497577,17.11481002047661,13.418543038986488,26.599301188695016,1.347024982365911,2.6145192028945456,0.8918445224621182,0.23225792454066038,52.73827913599621,29.654699104922344,30,0.976388888888889,0.2558333333333333,0.7205555555555556,73.5732927216377,13.455969732734875,{}
test,pred_error,homog,high,hybrid,1003,1.3,1.220048339008078,0.29938417685505575,1.220048339008078,21.092957746478874,50.0,8.0,12.0,990,990,0,862,688,174,128,0.8707070707070707,0.694949494949495,13.76,3.3644739187311066,16.62086280599322,13.349523959567835,26.140323685557917,1.3401517223550823,2.5801835269780646,0.8946176359200093,0.23362779181935786,52.11309292966169,29.472940869139805,30,0.978125,0.256875,0.72125,73.29399371737802,13.507245952750845,"{'alpha': 0.1, 'beta': 0.9, 'gamma': 0.0, 'source': 'phase3_tuning'}"
test,pred_error,homog,high,binpack,1004,1.3,1.2854821615401952,0.3158718488707682,1.2854821615401952,21.092957746478874,50.0,8.0,12.0,1039,1039,0,851,680,171,188,0.8190567853705486,0.6544754571703562,13.6,5.849940640008912,18.81283274278568,15.895673541874757,28.493721987724093,1.5918248875214354,2.792996438755301,0.8879291329031278,0.22730613663316315,94.42548243813462,27.49063963617048,30,0.9765625,0.2703125,0.70625,77.40110142935843,13.423581587508323,{}
test,pred_error,homog,high,spread,1004,1.3,1.2854821615401952,0.3158718488707682,1.2854821615401952,21.092957746478874,50.0,8.0,12.0,1039,1039,0,852,682,170,187,0.8200192492781521,0.6564003849855631,13.64,5.623250061766092,20.17297537689354,15.668982963631938,30.256463945921517,1.5681879372756058,3.017278516090548,0.887043498432436,0.23004359421089352,90.93286120531222,29.459976045365952,30,0.9784722222222223,0.2795833333333333,0.6988888888888888,77.4248840807891,13.41945825732014,{}
test,pred_error,homog,high,tetris,1004,1.3,1.2854821615401952,0.3158718488707682,1.2854821615401952,21.092957746478874,50.0,8.0,12.0,1039,1039,0,850,678,172,189,0.8180943214629451,0.6525505293551492,13.56,5.846881054109228,19.92503311692453,15.892613955975074,29.771014772052908,1.5912580372028005,2.9450826461500728,0.8831473808684841,0.22780368250103536,94.29184555944344,29.45997604536591,30,0.9777777777777777,0.27166666666666667,0.7061111111111111,77.71660776816849,13.369085834257916,{}
test,pred_error,homog,high,hybrid,1004,1.3,1.2854821615401952,0.3158718488707682,1.2854821615401952,21.092957746478874,50.0,8.0,12.0,1039,1039,0,843,675,168,196,0.8113570741097209,0.6496631376323387,13.5,5.920956121220178,18.978626907701532,15.966689023086024,28.685395147913404,1.598609482889203,2.8077688833197096,0.8860146076653221,0.22670346101631214,95.4264874416062,29.352234997698396,30,0.9760416666666667,0.270625,0.7054166666666667,77.42322538171231,13.41974575300264,"{'alpha': 0.1, 'beta': 0.9, 'gamma': 0.0, 'source': 'phase3_tuning'}"
test,pred_error,homog,high,binpack,1005,1.3,1.3186784776336888,0.32350270252364066,1.3186784776336888,21.092957746478874,50.0,8.0,12.0,1064,1064,0,874,705,169,190,0.8214285714285714,0.6625939849624061,14.1,5.720992888125393,18.49542758398229,15.76446664425516,28.95034390717629,1.5743447032996438,2.8223213267529057,0.9031770119180578,0.23364434092879335,91.9348339715435,28.01287622609424,30,0.9756944444444444,0.25104166666666666,0.7246527777777777,79.00036992464807,13.468291363886799,{}
test,pred_error,homog,high,spread,1005,1.3,1.3186784776336888,0.32350270252364066,1.3186784776336888,21.092957746478874,50.0,8.0,12.0,1064,1064,0,874,704,170,190,0.8214285714285714,0.6616541353383458,14.08,5.652584171244496,19.96685233079073,15.696057927374264,29.527691780028263,1.5676317656229792,2.9285508320426743,0.9021032793058236,0.23417609270610795,90.81426848772621,29.54260059124372,30,0.974826388888889,0.25677083333333334,0.7180555555555556,79.04879728705987,13.46004033604917,{}
test,pred_error,homog,high,tetris,1005,1.3,1.3186784776336888,0.32350270252364066,1.3186784776336888,21.092957746478874,50.0,8.0,12.0,1064,1064,0,876,706,170,188,0.8233082706766918,0.6635338345864662,14.12,5.7324566183492225,20.781510081330683,15.77593037447899,30.376868638397042,1.5756740732922299,2.987048910994483,0.8994150162435206,0.23382324898768608,91.89206398964961,29.54260059124379,30,0.9717013888888889,0.25552083333333336,0.7161805555555555,79.44141074699077,13.393518443279964,{}
test,pred_error,homog,high,hybrid,1005,1.3,1.3186784776336888,0.32350270252364066,1.3186784776336888,21.092957746478874,50.0,8.0,12.0,1064,1064,0,872,704,168,192,0.8195488721804511,0.6616541353383458,14.08,5.681737306324396,21.33286947253447,15.725211062454163,31.404393667092634,1.570817869445071,3.1189884087388284,0.8969290431057485,0.23383108084975335,90.97470142700138,29.399626845959457,30,0.9739583333333334,0.253125,0.7208333333333333,79.14255737245597,13.444094243665477,"{'alpha': 0.1, 'beta': 0.9, 'gamma': 0.0, 'source': 'phase3_tuning'}"
test,pred_error,homog,high,binpack,1006,1.3,1.2981025385769969,0.3185968661652559,1.2981025385769969,21.092957746478874,50.0,8.0,12.0,1053,1053,0,866,698,168,187,0.8224121557454891,0.6628679962013295,13.96,5.265932065015901,22.14565406782156,15.279314473391109,31.675969819643512,1.5347575755690908,3.204583273051948,0.9006290903577585,0.23646480888730165,84.23590645330314,28.032898271847444,30,0.9734375,0.23468750000000002,0.73875,77.59854159309094,13.569842659178981,{}
test,pred_error,homog,high,spread,1006,1.3,1.2981025385769969,0.3185968661652559,1.2981025385769969,21.092957746478874,50.0,8.0,12.0,1053,1053,0,868,698,170,185,0.8243114909781576,0.6628679962013295,13.96,5.172958960404042,22.14933861897378,15.186341368779248,31.80933161576595,1.525092905745621,3.2355952103400054,0.9029695349145043,0.23786795884825335,83.01159533851974,29.656467899298512,30,0.9753472222222223,0.24083333333333332,0.7345138888888889,77.4861917397487,13.589518033570286,{}
test,pred_error,homog,high,tetris,1006,1.3,1.2981025385769969,0.3185968661652559,1.2981025385769969,21.092957746478874,50.0,8.0,12.0,1053,1053,0,872,699,173,181,0.8281101614434948,0.6638176638176638,13.98,5.215710924567407,22.028829206273066,15.229093332942615,31.73716463850598,1.5296895750231208,3.2388115092790173,0.8990584907159651,0.23751345356565257,83.10677056715403,29.656467899298505,30,0.9769097222222223,0.24302083333333335,0.7338888888888888,78.17556277654882,13.469682373887304,{}
test,pred_error,homog,high,hybrid,1006,1.3,1.2981025385769969,0.3185968661652559,1.2981025385769969,21.092957746478874,50.0,8.0,12.0,1053,1053,0,866,696,170,187,0.8224121557454891,0.6609686609686609,13.92,5.233920976002881,21.725440339755757,15.247303384378087,31.374885056534474,1.531349705652417,3.1733411484546896,0.8994263922915486,0.23708753644083722,83.5539735529314,29.48927740606705,30,0.9743055555555556,0.2414583333333333,0.7328472222222222,78.03347479138465,13.494208771493248,"{'alpha': 0.1, 'beta': 0.9, 'gamma': 0.0, 'source': 'phase3_tuning'}"
test,pred_error,homog,high,binpack,1007,1.3,1.3722387047639302,0.33649914953190074,1.3722387047639302,21.092957746478874,50.0,8.0,12.0,1111,1111,0,865,688,177,246,0.7785778577857786,0.6192619261926192,13.76,7.165222177505283,24.666650366054945,17.193162842575028,34.46261770381799,1.7299488763468658,3.423288315942965,0.893849389991218,0.22775868685720316,115.56895687258827,27.606693055162758,30,0.9760416666666667,0.26125000000000004,0.7147916666666667,82.08520733092614,13.534716377349314,{}
test,pred_error,homog,high,spread,1007,1.3,1.3722387047639302,0.33649914953190074,1.3722387047639302,21.092957746478874,50.0,8.0,12.0,1111,1111,0,860,683,177,251,0.774077407740774,0.6147614761476148,13.66,7.266791957937951,25.06283732836991,17.294732623007697,34.92745987022538,1.7400199054883518,3.472633380951781,0.8930745638123981,0.22710481747240574,116.93565236028209,29.510106576103308,30,0.9817708333333334,0.2546875,0.7270833333333333,82.586335980777,13.452588576621189,{}
test,pred_error,homog,high,tetris,1007,1.3,1.3722387047639302,0.33649914953190074,1.3722387047639302,21.092957746478874,50.0,8.0,12.0,1111,1111,0,855,682,173,256,0.7695769576957696,0.6138613861386139,13.64,7.469665571009111,23.784707759427015,17.497606236078855,34.2035964042092,1.7601375996624966,3.431360815156316,0.8868273476795047,0.22500621432695453,119.55571275493027,29.51010657610331,30,0.974826388888889,0.2598958333333333,0.7149305555555556,82.33137994176361,13.494247281970207,{}
test,pred_error,homog,high,hybrid,1007,1.3,1.3722387047639302,0.33649914953190074,1.3722387047639302,21.092957746478874,50.0,8.0,12.0,1111,1111,0,867,689,178,244,0.7803780378037803,0.6201620162016201,13.78,7.272541693833448,25.35623266971303,17.300482358903192,35.034729117788636,1.7409423047241195,3.464492595699598,0.8858590115904703,0.2292510424571403,116.22674219944433,29.328418964091014,30,0.9803819444444444,0.26385416666666667,0.7165277777777778,82.93221288820133,13.396483239844438,"{'alpha': 0.1, 'beta': 0.9, 'gamma': 0.0, 'source': 'phase3_tuning'}"
test,pred_error,homog,high,binpack,1008,1.3,1.3105113553099768,0.32174028181427483,1.3105113553099768,21.092957746478874,50.0,8.0,12.0,1067,1067,0,857,682,175,210,0.8031865042174321,0.6391752577319587,13.64,5.892870655518436,15.590023778027408,15.874036452699686,25.555570810950222,1.6005791171860624,2.583759002111991,0.9045223867765937,0.22749832701249695,94.04278821349345,27.874048829658378,30,0.9746527777777777,0.25479166666666664,0.7198611111111111,77.8646093760441,13.703273008755044,{}
test,pred_error,homog,high,spread,1008,1.3,1.3105113553099768,0.32174028181427483,1.3105113553099768,21.092957746478874,50.0,8.0,12.0,1067,1067,0,852,679,173,215,0.7985004686035614,0.6363636363636364,13.58,6.025154044963135,15.401347943036441,16.006319842144386,25.73877799092879,1.6141029722888278,2.638972709756789,0.898923635615042,0.22529483875254294,95.24363116049388,29.608153876880206,30,0.9711805555555556,0.24645833333333333,0.7247222222222223,79.05226196146056,13.49739999242757,{}
test,pred_error,homog,high,tetris,1008,1.3,1.3105113553099768,0.32174028181427483,1.3105113553099768,21.092957746478874,50.0,8.0,12.0,1067,1067,0,858,681,177,209,0.8041237113402062,0.6382380506091846,13.62,5.856519781904001,16.324851007782158,15.837685579085248,26.346222374292218,1.5976029939913499,2.6600631756623554,0.8970775512444716,0.23000257440905436,92.59802087663445,29.60815387688019,30,0.9786458333333333,0.2596875,0.7189583333333334,78.474263878097,13.596814385637211,{}
test,pred_error,homog,high,hybrid,1008,1.3,1.3105113553099768,0.32174028181427483,1.3105113553099768,21.092957746478874,50.0,8.0,12.0,1067,1067,0,856,683,173,211,0.8022492970946579,0.6401124648547329,13.66,5.945824003898437,15.38085398716968,15.926989801079687,25.614125231493894,1.6062091627166586,2.659964186722516,0.8979438348156105,0.22615435334995113,94.19897388951928,29.447957840605827,30,0.9722222222222222,0.24895833333333334,0.7232638888888889,79.6118305796006,13.402530656962478,"{'alpha': 0.1, 'beta': 0.9, 'gamma': 0.0, 'source': 'phase3_tuning'}"
test,pred_error,homog,high,binpack,1009,1.3,1.3495575829085373,0.3309370782788885,1.3495575829085373,21.092957746478874,50.0,8.0,12.0,1093,1093,0,861,690,171,232,0.787740164684355,0.6312900274473925,13.8,6.869551050940595,19.454490928124898,16.8598460401268,29.066583295097367,1.6959337298557706,2.8876611891364132,0.898295245233495,0.22287016077636998,109.72334165536469,27.83525245838505,30,0.9734375,0.2628125,0.7106250000000001,79.7814319545939,13.699929585396015,{}
test,pred_error,homog,high,spread,1009,1.3,1.3495575829085373,0.3309370782788885,1.3495575829085373,21.092957746478874,50.0,8.0,12.0,1093,1093,0,863,690,173,230,0.7895699908508692,0.6312900274473925,13.8,6.723721337514153,20.519129372085104,16.71401632670036,30.20285526204171,1.68076549713194,2.9065038176109717,0.8975706174615466,0.22544075606698702,107.421943677298,29.623603509683672,30,0.9701388888888889,0.2689583333333333,0.7011805555555556,80.32232226694997,13.607674294667824,{}
test,pred_error,homog,high,tetris,1009,1.3,1.3495575829085373,0.3309370782788885,1.3495575829085373,21.092957746478874,50.0,8.0,12.0,1093,1093,0,864,691,173,229,0.7904849039341263,0.6322049405306496,13.82,6.741614302333636,19.013264279040712,16.73190929151984,29.22277978916626,1.682260785686118,2.9438242890673987,0.8961516242277177,0.22656116157593945,106.56130957638328,29.62360350968372,30,0.9727430555555556,0.2611458333333333,0.7115972222222222,79.20588032837064,13.79948048640651,{}
test,pred_error,homog,high,hybrid,1009,1.3,1.3495575829085373,0.3309370782788885,1.3495575829085373,21.092957746478874,50.0,8.0,12.0,1093,1093,0,861,690,171,232,0.787740164684355,0.6312900274473925,13.8,6.847865996718406,19.148472700313725,16.83816098590461,29.041593181064897,1.693711708891225,2.905955978824032,0.8974490969963653,0.22179833451112413,109.13683060667809,29.44863476424403,30,0.9723958333333333,0.2634375,0.7089583333333334,79.06098381885108,13.824771046415792,"{'alpha': 0.1, 'beta': 0.9, 'gamma': 0.0, 'source': 'phase3_tuning'}"
test,pred_error,hetero,low,binpack,1000,0.7,0.7151007987816478,0.16889718291916772,0.7151007987816478,11.156671405165465,50.0,8.0,12.0,574,574,0,574,460,114,0,1.0,0.8013937282229965,9.2,0.0,0.0,9.90160081608411,11.68577086688201,1.0,1.0000000000000004,0.6418461571879555,0.15146559048815406,0.0,23.195002743646906,25,0.74512761648302,0.24704471693638602,0.498082899546634,61.45412532287331,9.340300541001376,{}
test,pred_error,hetero,low,spread,1000,0.7,0.7151007987816478,0.16889718291916772,0.7151007987816478,11.156671405165465,50.0,8.0,12.0,574,574,0,574,460,114,0,1.0,0.8013937282229965,9.2,0.0,0.0,9.90160081608411,11.68577086688201,1.0,1.0000000000000004,0.6418461571879555,0.15146559048815406,0.0,28.909891313043868,30,0.7334881558356307,0.1923196771837731,0.5435326122949294,61.45412532287331,9.340300541001376,{}
test,pred_error,hetero,low,tetris,1000,0.7,0.7151007987816478,0.16889718291916772,0.7151007987816478,11.156671405165465,50.0,8.0,12.0,574,574,0,574,460,114,0,1.0,0.8013937282229965,9.2,0.0,0.0,9.90160081608411,11.68577086688201,1.0,1.0000000000000004,0.6418461571879555,0.15146559048815406,0.0,28.10920586815549,30,0.7289090397578988,0.24729483683831832,0.4816142029195805,61.45412532287331,9.340300541001376,{}
test,pred_error,hetero,low,hybrid,1000,0.7,0.7151007987816478,0.16889718291916772,0.7151007987816478,11.156671405165465,50.0,8.0,12.0,574,574,0,574,460,114,0,1.0,0.8013937282229965,9.2,0.0,0.0,9.90160081608411,11.68577086688201,1.0,1.0000000000000004,0.6418461571879555,0.15146559048815406,0.0,27.869139960755223,30,0.7260072576454488,0.24870899667643476,0.47987091157823886,61.45412532287331,9.340300541001376,"{'alpha': 0.1, 'beta': 0.9, 'gamma': 0.0, 'source': 'phase3_tuning'}"
test,pred_error,hetero,low,binpack,1001,0.7,0.7132777529350638,0.18243821114968495,0.7132777529350638,11.843857752230967,50.0,8.0,12.0,601,601,0,601,466,135,0,1.0,0.7753743760399334,9.32,0.0,0.0,10.029057473527377,11.81560183337293,1.0,1.0000000000000004,0.6285741106394394,0.16376638185396536,0.0,22.775895095107636,29,0.8515803209498589,0.24939217210917988,0.6021881488406791,61.60673693352923,9.755426596419978,{}
test,pred_error,hetero,low,spread,1001,0.7,0.7132777529350638,0.18243821114968495,0.7132777529350638,11.843857752230967,50.0,8.0,12.0,601,601,0,601,466,135,0,1.0,0.7753743760399334,9.32,0.0,0.0,10.029057473527377,11.81560183337293,1.0,1.0000000000000004,0.6285741106394394,0.16376638185396536,0.0,29.239847658892653,30,0.8585226481173325,0.20038566597429006,0.6581369821430424,61.60673693352923,9.755426596419978,{}
test,pred_error,hetero,low,tetris,1001,0.7,0.7132777529350638,0.18243821114968495,0.7132777529350638,11.843857752230967,50.0,8.0,12.0,601,601,0,601,466,135,0,1.0,0.7753743760399334,9.32,0.0,0.0,10.029057473527377,11.81560183337293,1.0,1.0000000000000004,0.6285741106394394,0.16376638185396536,0.0,28.12238348051475,30,0.852098586524057,0.24458730859953318,0.6075112779245238,61.60673693352923,9.755426596419978,{}
test,pred_error,hetero,low,hybrid,1001,0.7,0.7132777529350638,0.18243821114968495,0.7132777529350638,11.843857752230967,50.0,8.0,12.0,601,601,0,601,466,135,0,1.0,0.7753743760399334,9.32,0.0,0.0,10.029057473527377,11.81560183337293,1.0,1.0000000000000004,0.6285741106394394,0.16376638185396536,0.0,27.76501203368121,30,0.8568590050375704,0.2553613453540703,0.6014976596835001,61.60673693352923,9.755426596419978,"{'alpha': 0.1, 'beta': 0.9, 'gamma': 0.0, 'source': 'phase3_tuning'}"
test,pred_error,hetero,low,binpack,1002,0.7,0.6899975333700594,0.18344349757553063,0.6899975333700594,11.982121927473703,50.0,8.0,12.0,593,593,0,593,470,123,0,1.0,0.7925801011804384,9.4,0.0,0.0,9.958404648287372,11.789594486043502,1.0,1.0000000000000004,0.6186367744383577,0.1662997377072567,0.0,21.749015330061813,25,0.7511175412712411,0.2442606512552426,0.5068568900159984,60.50261238894899,9.801229675634858,{}
test,pred_error,hetero,low,spread,1002,0.7,0.6899975333700594,0.18344349757553063,0.6899975333700594,11.982121927473703,50.0,8.0,12.0,593,593,0,593,470,123,0,1.0,0.7925801011804384,9.4,0.0,0.0,9.958404648287372,11.789594486043502,1.0,1.0000000000000004,0.6186367744383577,0.1662997377072567,0.0,29.263949157628346,30,0.7461429934190977,0.18844419399128057,0.5598866369604977,60.50261238894899,9.801229675634858,{}
test,pred_error,hetero,low,tetris,1002,0.7,0.6899975333700594,0.18344349757553063,0.6899975333700594,11.982121927473703,50.0,8.0,12.0,593,593,0,593,470,123,0,1.0,0.7925801011804384,9.4,0.0,0.0,9.958404648287372,11.789594486043502,1.0,1.0000000000000004,0.6186367744383577,0.1662997377072567,0.0,28.481791480177392,30,0.7317835155455163,0.2437273490897097,0.48805616645580674,60.50261238894899,9.801229675634858,{}
test,pred_error,hetero,low,hybrid,1002,0.7,0.6899975333700594,0.18344349757553063,0.6899975333700594,11.982121927473703,50.0,8.0,12.0,593,593,0,593,470,123,0,1.0,0.7925801011804384,9.4,0.0,0.0,9.958404648287372,11.789594486043502,1.0,1.0000000000000004,0.6186367744383577,0.1662997377072567,0.0,27.992113417550712,30,0.7345150847222086,0.24414734059232315,0.4903677441298855,60.50261238894899,9.801229675634858,"{'alpha': 0.1, 'beta': 0.9, 'gamma': 0.0, 'source': 'phase3_tuning'}"
test,pred_error,hetero,low,binpack,1003,0.7,0.6332168123239538,0.14614645327604295,0.6332168123239538,11.65565266617892,50.0,8.0,12.0,527,527,0,527,416,111,0,1.0,0.7893738140417458,8.32,0.0,0.0,10.008324934630897,11.846584094838269,1.0,1.0000000000000004,0.5634786022853974,0.13099520094558093,0.0,20.78259380471278,22,0.6520867683363144,0.18468842608701902,0.4673983422492954,61.742303730522465,8.535476782662974,{}
test,pred_error,hetero,low,spread,1003,0.7,0.6332168123239538,0.14614645327604295,0.6332168123239538,11.65565266617892,50.0,8.0,12.0,527,527,0,527,416,111,0,1.0,0.7893738140417458,8.32,0.0,0.0,10.008324934630897,11.846584094838269,1.0,1.0000000000000004,0.5634786022853974,0.13099520094558093,0.0,29.349999419669956,30,0.649072598372687,0.14978821483903543,0.4992843835336517,61.742303730522465,8.535476782662974,{}
test,pred_error,hetero,low,tetris,1003,0.7,0.6332168123239538,0.14614645327604295,0.6332168123239538,11.65565266617892,50.0,8.0,12.0,527,527,0,527,416,111,0,1.0,0.7893738140417458,8.32,0.0,0.0,10.008324934630897,11.846584094838269,1.0,1.0000000000000004,0.5634786022853974,0.13099520094558093,0.0,28.80207834834484,30,0.6534430292696974,0.19117701772642706,0.46226601154327046,61.742303730522465,8.535476782662974,{}
test,pred_error,hetero,low,hybrid,1003,0.7,0.6332168123239538,0.14614645327604295,0.6332168123239538,11.65565266617892,50.0,8.0,12.0,527,527,0,527,416,111,0,1.0,0.7893738140417458,8.32,0.0,0.0,10.008324934630897,11.846584094838269,1.0,1.0000000000000004,0.5634786022853974,0.13099520094558093,0.0,28.58077284309684,30,0.6479474244108476,0.20139829448051466,0.44654912993033297,61.742303730522465,8.535476782662974,"{'alpha': 0.1, 'beta': 0.9, 'gamma': 0.0, 'source': 'phase3_tuning'}"
test,pred_error,hetero,low,binpack,1004,0.7,0.7059492666580987,0.1690781702148731,0.7059492666580987,10.849777803481015,50.0,8.0,12.0,542,542,0,542,420,122,0,1.0,0.7749077490774908,8.4,0.0,0.0,10.101848766095815,11.815591886046242,1.0,1.0000000000000004,0.6262208225135989,0.15023514287894377,0.0,22.62842401842509,29,0.7916725803281911,0.23292767706899273,0.5587449032591985,61.351094600470915,8.834398204785082,{}
test,pred_error,hetero,low,spread,1004,0.7,0.7059492666580987,0.1690781702148731,0.7059492666580987,10.849777803481015,50.0,8.0,12.0,542,542,0,542,420,122,0,1.0,0.7749077490774908,8.4,0.0,0.0,10.101848766095815,11.815591886046242,1.0,1.0000000000000004,0.6262208225135989,0.15023514287894377,0.0,28.863831922933972,30,0.7861494910499995,0.1921516303120373,0.5939978607379622,61.351094600470915,8.834398204785082,{}
test,pred_error,hetero,low,tetris,1004,0.7,0.7059492666580987,0.1690781702148731,0.7059492666580987,10.849777803481015,50.0,8.0,12.0,542,542,0,542,420,122,0,1.0,0.7749077490774908,8.4,0.0,0.0,10.101848766095815,11.815591886046242,1.0,1.0000000000000004,0.6262208225135989,0.15023514287894377,0.0,28.040050799660616,30,0.7678283275403435,0.23271744455285504,0.5351108829874885,61.351094600470915,8.834398204785082,{}
test,pred_error,hetero,low,hybrid,1004,0.7,0.7059492666580987,0.1690781702148731,0.7059492666580987,10.849777803481015,50.0,8.0,12.0,542,542,0,542,420,122,0,1.0,0.7749077490774908,8.4,0.0,0.0,10.101848766095815,11.815591886046242,1.0,1.0000000000000004,0.6262208225135989,0.15023514287894377,0.0,27.71598121011641,30,0.7722199244801291,0.23728225395941377,0.5349376705207153,61.351094600470915,8.834398204785082,"{'alpha': 0.1, 'beta': 0.9, 'gamma': 0.0, 'source': 'phase3_tuning'}"
test,pred_error,hetero,low,binpack,1005,0.7,0.7118352524289502,0.17494299712024178,0.7118352524289502,11.409606801550389,50.0,8.0,12.0,583,583,0,583,469,114,0,1.0,0.8044596912521441,9.38,0.0,0.0,9.994704531596637,11.737932727526285,1.0,1.0000000000000004,0.6488349364949522,0.16028980966701284,0.0,23.29613143369066,23,0.6778559674300343,0.23144068796059872,0.44641527946943554,61.33556534731535,9.505088877859635,{}
test,pred_error,hetero,low,spread,1005,0.7,0.7118352524289502,0.17494299712024178,0.7118352524289502,11.409606801550389,50.0,8.0,12.0,583,583,0,583,469,114,0,1.0,0.8044596912521441,9.38,0.0,0.0,9.994704531596637,11.737932727526285,1.0,1.0000000000000004,0.6488349364949522,0.16028980966701284,0.0,29.15359842560123,30,0.6926597156607854,0.16811908651396681,0.5261146590965767,61.33556534731535,9.505088877859635,{}
test,pred_error,hetero,low,tetris,1005,0.7,0.7118352524289502,0.17494299712024178,0.7118352524289502,11.409606801550389,50.0,8.0,12.0,583,583,0,583,469,114,0,1.0,0.8044596912521441,9.38,0.0,0.0,9.994704531596637,11.737932727526285,1.0,1.0000000000000004,0.6488349364949522,0.16028980966701284,0.0,28.147305482673556,30,0.6653837486360297,0.2330061175214907,0.432377631114539,61.33556534731535,9.505088877859635,{}
test,pred_error,hetero,low,hybrid,1005,0.7,0.7118352524289502,0.17494299712024178,0.7118352524289502,11.409606801550389,50.0,8.0,12.0,583,583,0,583,469,114,0,1.0,0.8044596912521441,9.38,0.0,0.0,9.994704531596637,11.737932727526285,1.0,1.0000000000000004,0.6488349364949522,0.16028980966701284,0.0,27.8381441374701,30,0.6619139209198482,0.23691784023404025,0.42499608068580785,61.33556534731535,9.505088877859635,"{'alpha': 0.1, 'beta': 0.9, 'gamma': 0.0, 'source': 'phase3_tuning'}"
test,pred_error,hetero,low,binpack,1006,0.7,0.7095240686084638,0.1646780260198444,0.7095240686084638,10.969851123153079,50.0,8.0,12.0,555,555,0,555,446,109,0,1.0,0.8036036036036036,8.92,0.0,0.0,10.02663279486579,11.807177807095577,1.0,1.0000000000000002,0.6438684160848076,0.14907656083533616,0.0,23.192174425164787,24,0.6833207487081651,0.21836235130299472,0.46495839740517025,61.50210254150282,9.024081731603813,{}
test,pred_error,hetero,low,spread,1006,0.7,0.7095240686084638,0.1646780260198444,0.7095240686084638,10.969851123153079,50.0,8.0,12.0,555,555,0,555,446,109,0,1.0,0.8036036036036036,8.92,0.0,0.0,10.02663279486579,11.807177807095577,1.0,1.0000000000000002,0.6438684160848076,0.14907656083533616,0.0,29.24004076281127,30,0.6777888263664884,0.17109596126470583,0.5066928651017827,61.50210254150282,9.024081731603813,{}
test,pred_error,hetero,low,tetris,1006,0.7,0.7095240686084638,0.1646780260198444,0.7095240686084638,10.969851123153079,50.0,8.0,12.0,555,555,0,555,446,109,0,1.0,0.8036036036036036,8.92,0.0,0.0,10.02663279486579,11.807177807095577,1.0,1.0000000000000002,0.6438684160848076,0.14907656083533616,0.0,28.32349568594405,30,0.6620853479433889,0.22471011709294772,0.43737523085044117,61.50210254150282,9.024081731603813,{}
test,pred_error,hetero,low,hybrid,1006,0.7,0.7095240686084638,0.1646780260198444,0.7095240686084638,10.969851123153079,50.0,8.0,12.0,555,555,0,555,446,109,0,1.0,0.8036036036036036,8.92,0.0,0.0,10.02663279486579,11.807177807095577,1.0,1.0000000000000002,0.6438684160848076,0.14907656083533616,0.0,27.926925628867355,30,0.6682467915190061,0.23064732444594285,0.43759946707306324,61.50210254150282,9.024081731603813,"{'alpha': 0.1, 'beta': 0.9, 'gamma': 0.0, 'source': 'phase3_tuning'}"
test,pred_error,hetero,low,binpack,1007,0.7,0.7191360467961995,0.1524425904543744,0.7191360467961995,11.42784499390021,50.0,8.0,12.0,582,582,0,582,457,125,0,1.0,0.7852233676975945,9.14,0.0,0.0,10.033346511664435,11.8622289024747,1.0,1.0000000000000004,0.6435411921563059,0.13756780817977962,0.0,22.855028298211582,26,0.7824895216415361,0.19480363896198785,0.5876858826795481,60.350742400524865,9.64362619000588,{}
test,pred_error,hetero,low,spread,1007,0.7,0.7191360467961995,0.1524425904543744,0.7191360467961995,11.42784499390021,50.0,8.0,12.0,582,582,0,582,457,125,0,1.0,0.7852233676975945,9.14,0.0,0.0,10.033346511664435,11.8622289024747,1.0,1.0000000000000004,0.6435411921563059,0.13756780817977962,0.0,29.07315933098268,30,0.7713455207007353,0.16128160554757603,0.6100639151531592,60.350742400524865,9.64362619000588,{}
test,pred_error,hetero,low,tetris,1007,0.7,0.7191360467961995,0.1524425904543744,0.7191360467961995,11.42784499390021,50.0,8.0,12.0,582,582,0,582,457,125,0,1.0,0.7852233676975945,9.14,0.0003924170678517725,0.0,10.033738928732287,11.871057243360447,1.0000335591972291,1.0000000000000004,0.6435411921563056,0.13756780817977965,0.004567734669794632,28.26411169983937,30,0.7620432683174253,0.19557837031442007,0.5664648980030053,60.350742400524865,9.64362619000588,{}
test,pred_error,hetero,low,hybrid,1007,0.7,0.7191360467961995,0.1524425904543744,0.7191360467961995,11.42784499390021,50.0,8.0,12.0,582,582,0,582,457,125,0,1.0,0.7852233676975945,9.14,0.0006366059836689091,0.0,10.033983117648106,11.871057243360447,1.0000564104623155,1.0000000000000004,0.6435411921563056,0.13756780817977965,0.0074100936499061024,27.91858682852005,30,0.7570134008463374,0.195751491622073,0.5612619092242643,60.350742400524865,9.64362619000588,"{'alpha': 0.1, 'beta': 0.9, 'gamma': 0.0, 'source': 'phase3_tuning'}"
test,pred_error,hetero,low,binpack,1008,0.7,0.6798389457054996,0.15504033901094388,0.6798389457054996,10.63472742885591,50.0,8.0,12.0,514,514,0,514,402,112,0,1.0,0.7821011673151751,8.04,0.0,0.0,9.984833037360971,11.769138536703393,1.0,1.0000000000000004,0.6100536815946423,0.1395715850263167,0.0,21.789893602478337,24,0.7140992612733912,0.21045915878825944,0.5036401024851318,60.66289824730367,8.473053791537996,{}
test,pred_error,hetero,low,spread,1008,0.7,0.6798389457054996,0.15504033901094388,0.6798389457054996,10.63472742885591,50.0,8.0,12.0,514,514,0,514,402,112,0,1.0,0.7821011673151751,8.04,0.0,0.0,9.984833037360971,11.769138536703393,1.0,1.0000000000000004,0.6100536815946423,0.1395715850263167,0.0,29.195292944566987,30,0.7020945874601495,0.16410415556247793,0.5379904318976717,60.66289824730367,8.473053791537996,{}
test,pred_error,hetero,low,tetris,1008,0.7,0.6798389457054996,0.15504033901094388,0.6798389457054996,10.63472742885591,50.0,8.0,12.0,514,514,0,514,402,112,0,1.0,0.7821011673151751,8.04,0.0,0.0,9.984833037360971,11.769138536703393,1.0,1.0000000000000004,0.6100536815946423,0.1395715850263167,0.0,28.406291804517362,29,0.687402838804023,0.21432289587627418,0.4730799429277488,60.66289824730367,8.473053791537996,{}
test,pred_error,hetero,low,hybrid,1008,0.7,0.6798389457054996,0.15504033901094388,0.6798389457054996,10.63472742885591,50.0,8.0,12.0,514,514,0,514,402,112,0,1.0,0.7821011673151751,8.04,0.0,0.0,9.984833037360971,11.769138536703393,1.0,1.0000000000000004,0.6100536815946423,0.1395715850263167,0.0,28.040875785913673,29,0.6754349898570603,0.21659893634974398,0.4588360535073164,60.66289824730367,8.473053791537996,"{'alpha': 0.1, 'beta': 0.9, 'gamma': 0.0, 'source': 'phase3_tuning'}"
test,pred_error,hetero,low,binpack,1009,0.7,0.708954398564384,0.14729390205429949,0.708954398564384,10.87064794188326,50.0,8.0,12.0,550,550,0,550,448,102,0,1.0,0.8145454545454546,8.96,0.0,0.0,9.97071391016164,11.81958144025581,1.0,1.0000000000000004,0.6546948556168196,0.13637088020893945,0.0,23.482875947823587,22,0.573692251061691,0.17294087671985875,0.40075137434183217,60.78482325884448,9.048311247988574,{}
test,pred_error,hetero,low,spread,1009,0.7,0.708954398564384,0.14729390205429949,0.708954398564384,10.87064794188326,50.0,8.0,12.0,550,550,0,550,448,102,0,1.0,0.8145454545454546,8.96,0.0,0.0,9.97071391016164,11.81958144025581,1.0,1.0000000000000004,0.6546948556168196,0.13637088020893945,0.0,29.2607878699326,30,0.612070839614431,0.1346283407726676,0.4774424988417634,60.78482325884448,9.048311247988574,{}
test,pred_error,hetero,low,tetris,1009,0.7,0.708954398564384,0.14729390205429949,0.708954398564384,10.87064794188326,50.0,8.0,12.0,550,550,0,550,448,102,0,1.0,0.8145454545454546,8.96,0.004146286582542599,0.0,9.974860196744181,11.81958144025581,1.000450132463267,1.0000000000000004,0.6546948556168196,0.13637088020893942,0.045609152407968596,28.567391304782262,30,0.5833131868140081,0.17641850601741918,0.40689468079658897,60.78482325884448,9.048311247988574,{}
test,pred_error,hetero,low,hybrid,1009,0.7,0.708954398564384,0.14729390205429949,0.708954398564384,10.87064794188326,50.0,8.0,12.0,550,550,0,550,448,102,0,1.0,0.8145454545454546,8.96,0.0022714977010227246,0.0,9.972985407862662,11.81958144025581,1.0002534652012345,1.0000000000000004,0.6546948556168196,0.13637088020893948,0.02498647471124997,28.3567590843521,29,0.5717156621875261,0.1743856024495007,0.3973300597380255,60.78482325884448,9.048311247988574,"{'alpha': 0.1, 'beta': 0.9, 'gamma': 0.0, 'source': 'phase3_tuning'}"
test,pred_error,hetero,med,binpack,1000,1.0,1.0117780727361116,0.24056967470893365,1.0117780727361116,15.938102007379236,50.0,8.0,12.0,813,813,0,785,627,158,28,0.965559655596556,0.7712177121771218,12.54,0.8419309840914381,4.392763689010003,10.771943447556744,14.5750933537024,1.0855744782018844,1.4288936660379896,0.869460583907541,0.2083320964967075,13.00283989949041,27.467383821475682,30,0.9648098444860793,0.2527072621602641,0.7121025823258152,63.305720154288394,12.84244137841826,{}
test,pred_error,hetero,med,spread,1000,1.0,1.0117780727361116,0.24056967470893365,1.0117780727361116,15.938102007379236,50.0,8.0,12.0,813,813,0,782,626,156,31,0.9618696186961869,0.7699876998769988,12.52,0.9321892513033226,4.782249237409367,10.862201714768629,15.140424662356907,1.0949426715145754,1.491007970703007,0.8659780526075296,0.2078017450469229,14.306115663405217,29.275698399447183,30,0.9696284189848791,0.24564339114980663,0.7239850278350723,63.83710469510858,12.735539994850281,{}
test,pred_error,hetero,med,tetris,1000,1.0,1.0117780727361116,0.24056967470893365,1.0117780727361116,15.938102007379236,50.0,8.0,12.0,813,813,0,781,624,157,32,0.9606396063960639,0.7675276752767528,12.48,1.0539704490960364,6.512260231439381,10.983982912561343,16.330508189090715,1.1071731003330467,1.6361118868133229,0.8591300915794037,0.2074600743854405,16.054602715662803,28.648654495745724,30,0.9625850432415916,0.2671653536486585,0.695419689592933,63.90885701885735,12.721241435441588,{}
test,pred_error,hetero,med,hybrid,1000,1.0,1.0117780727361116,0.24056967470893365,1.0117780727361116,15.938102007379236,50.0,8.0,12.0,813,813,0,782,625,157,31,0.9618696186961869,0.7687576875768758,12.5,0.9973211431222159,4.313055292643192,10.927333606587522,14.738076419485793,1.1017368144031991,1.4446357783473154,0.866036115562639,0.20702064571105233,15.400339057017215,28.43537132965691,30,0.9710544075420581,0.2668929687370909,0.7041614388049672,63.40682580712013,12.821963403011194,"{'alpha': 0.1, 'beta': 0.9, 'gamma': 0.0, 'source': 'phase3_tuning'}"
test,pred_error,hetero,med,binpack,1001,1.0,0.9979511538911152,0.25596871841316043,0.9979511538911152,16.919796788901383,50.0,8.0,12.0,843,843,0,825,661,164,18,0.9786476868327402,0.7841043890865955,13.22,0.6372687587315355,3.2356355134053914,10.642945300201152,12.933095938967206,1.065119189455087,1.3219060949359374,0.8715458378248967,0.22662385494142603,10.460379626788887,27.43971569525169,30,0.9674560720494709,0.28764580774996956,0.6798102642995013,63.076876495696865,13.364644015901927,{}
test,pred_error,hetero,med,spread,1001,1.0,0.9979511538911152,0.25596871841316043,0.9979511538911152,16.919796788901383,50.0,8.0,12.0,843,843,0,829,666,163,14,0.9833926453143536,0.7900355871886121,13.32,0.6187763629642444,3.616570683821564,10.624452904433863,13.122760732107572,1.063484127165577,1.3682109800760511,0.8706659908327334,0.22684424748985743,10.043712603540763,29.427406791117843,30,0.9622214918474548,0.27298338654345666,0.6892381053039982,63.56591937933183,13.261823446135786,{}
test,pred_error,hetero,med,tetris,1001,1.0,0.9979511538911152,0.25596871841316043,0.9979511538911152,16.919796788901383,50.0,8.0,12.0,843,843,0,825,663,162,18,0.9786476868327402,0.7864768683274022,13.26,0.7483078752603652,4.180445523471292,10.753984416729983,13.769324714154834,1.0766685640343745,1.410384144026474,0.864356834983074,0.22568285822651105,12.11929946871709,28.78467366159414,30,0.9440295821037314,0.28961130776484734,0.6544182743388841,63.36074736934219,13.304767304684525,{}
test,pred_error,hetero,med,hybrid,1001,1.0,0.9979511538911152,0.25596871841316043,0.9979511538911152,16.919796788901383,50.0,8.0,12.0,843,843,0,827,662,165,16,0.9810201660735468,0.7852906287069988,13.24,0.6479906258275447,2.9607935248455632,10.653667167297163,13.178064219903852,1.066194128993837,1.3048974040172658,0.870898249161917,0.22654591810885014,10.541057662880016,28.52645509469221,30,0.9630241599548207,0.294427860274857,0.6685962996799637,63.326893822061976,13.31187982105501,"{'alpha': 0.1, 'beta': 0.9, 'gamma': 0.0, 'source': 'phase3_tuning'}"
test,pred_error,hetero,med,binpack,1002,1.0,0.9884702227834973,0.2631782542020778,0.9884702227834973,17.117317039248146,50.0,8.0,12.0,850,850,0,837,668,169,13,0.9847058823529412,0.7858823529411765,13.36,0.4726338383730647,2.447555149497063,10.434958454351095,12.622148618033354,1.0480041932389894,1.2455136358952235,0.866481131578239,0.23355311457073158,7.74869402954821,27.483427616273712,30,0.9621759796057747,0.2985357575336178,0.663640222072157,63.85223602174381,13.311984872550848,{}
test,pred_error,hetero,med,spread,1002,1.0,0.9884702227834973,0.2631782542020778,0.9884702227834973,17.117317039248146,50.0,8.0,12.0,850,850,0,836,670,166,14,0.9835294117647059,0.788235294117647,13.4,0.5158925892702958,2.496240836271408,10.478217205248328,12.665581145344753,1.0524582134830949,1.2482634071877814,0.865665374698862,0.23364516813283426,8.341693320951354,29.47990024273072,30,0.9329491130974376,0.2788758848162691,0.6540732282811684,64.24720963547153,13.230146567030149,{}
test,pred_error,hetero,med,tetris,1002,1.0,0.9884702227834973,0.2631782542020778,0.9884702227834973,17.117317039248146,50.0,8.0,12.0,850,850,0,836,668,168,14,0.9835294117647059,0.7858823529411765,13.36,0.5899090376025887,2.8298847448927447,10.552233653580618,12.947739923528598,1.0599913355710817,1.2648195372783708,0.8616762348396115,0.23258882735422745,9.49790483547461,28.784451499563133,30,0.9514580809788655,0.30058951468288897,0.6508685662959766,64.58173162718141,13.161616738722575,{}
test,pred_error,hetero,med,hybrid,1002,1.0,0.9884702227834973,0.2631782542020778,0.9884702227834973,17.117317039248146,50.0,8.0,12.0,850,850,0,836,667,169,14,0.9835294117647059,0.7847058823529411,13.34,0.552622008798721,2.78002718740251,10.514946624776751,12.776420093266786,1.0561022377902565,1.2627117806626387,0.8636395173167974,0.2330961006077722,8.870092055632979,28.519491214413435,30,0.9486472491407142,0.3152831339670438,0.6333641151736704,64.39231983312196,13.200331999263973,"{'alpha': 0.1, 'beta': 0.9, 'gamma': 0.0, 'source': 'phase3_tuning'}"
test,pred_error,hetero,med,binpack,1003,1.0,0.9342324706795352,0.2174190728909178,0.9342324706795352,16.6509323802556,50.0,8.0,12.0,781,781,0,760,597,163,21,0.9731113956466069,0.764404609475032,11.94,0.21313700515467351,1.817551185608167,10.205225423225276,12.027683241892323,1.022071050557699,1.1927600851957303,0.8107974515674272,0.1896199214685745,2.9569733880346734,26.864409076731487,30,0.9570043910427333,0.25858365476940126,0.698420736273332,62.968905636896,12.402947011713364,{}
test,pred_error,hetero,med,spread,1003,1.0,0.9342324706795352,0.2174190728909178,0.9342324706795352,16.6509323802556,50.0,8.0,12.0,781,781,0,760,596,164,21,0.9731113956466069,0.7631241997439181,11.92,0.24534994238840976,2.0307615210299446,10.237438360459011,12.07743509884984,1.0255362176536786,1.1944279457953368,0.8088291898976968,0.18937755763729547,3.442325239872632,29.50789485604532,30,0.9635324956511186,0.2471792710679291,0.7163532245831895,63.217748069168465,12.354125603232246,{}
test,pred_error,hetero,med,tetris,1003,1.0,0.9342324706795352,0.2174190728909178,0.9342324706795352,16.6509323802556,50.0,8.0,12.0,781,781,0,764,600,164,17,0.9782330345710627,0.7682458386683739,12.0,0.21740462079187733,1.6285927738397348,10.20949303886248,12.052892879767455,1.0224428525568976,1.164875178597404,0.8113070373336575,0.18964605450440014,3.0684365450848423,29.10799768556194,30,0.961662285881735,0.2729846823828526,0.6886776034988824,63.06195907492175,12.384645378240164,{}
test,pred_error,hetero,med,hybrid,1003,1.0,0.9342324706795352,0.2174190728909178,0.9342324706795352,16.6509323802556,50.0,8.0,12.0,781,781,0,762,597,165,19,0.9756722151088348,0.764404609475032,11.94,0.2248483386093974,1.8172105582107179,10.21693675668,12.000983214912768,1.023315417233681,1.1947343762943181,0.8104557304507631,0.18959757298907198,3.1831020165998147,28.988643169480916,30,0.9693716898288228,0.2676343649716451,0.7017373248571778,62.91855988481706,12.412871518829279,"{'alpha': 0.1, 'beta': 0.9, 'gamma': 0.0, 'source': 'phase3_tuning'}"
test,pred_error,hetero,med,binpack,1004,1.0,1.0085082525297842,0.2411840166681982,1.0085082525297842,15.49968257640145,50.0,8.0,12.0,777,777,0,745,599,146,32,0.9588159588159588,0.7709137709137709,11.98,0.813499841475071,4.3260919923249475,10.860429506604815,14.599975372868911,1.0820402736391261,1.4147601601808002,0.8564162147900375,0.20753564064463564,11.625957269731492,27.193002178850662,30,0.9487844307296562,0.2596799029113001,0.6891045278183561,64.82495504698615,11.986124779212236,{}
test,pred_error,hetero,med,spread,1004,1.0,1.0085082525297842,0.2411840166681982,1.0085082525297842,15.49968257640145,50.0,8.0,12.0,777,777,0,743,594,149,34,0.9562419562419563,0.7644787644787645,11.88,0.9476971336158921,4.6319980803569365,10.994626798745635,14.902870117800752,1.0959318004608882,1.4391143411854717,0.8516189433168918,0.20654754383937887,13.56278560674786,29.23118063908903,30,0.9718163359581042,0.26567234302603887,0.7061439929320653,65.0059812804103,11.9527462657371,{}
test,pred_error,hetero,med,tetris,1004,1.0,1.0085082525297842,0.2411840166681982,1.0085082525297842,15.49968257640145,50.0,8.0,12.0,777,777,0,743,595,148,34,0.9562419562419563,0.7657657657657657,11.9,0.9763551395435284,5.414578712305513,11.023284804673272,15.956215357255267,1.098477942790758,1.559176650256175,0.8471646811484719,0.20645724592042114,13.91423952528535,28.781281953672778,30,0.9615024235592114,0.26726963628088357,0.6942327872783277,65.08600681036607,11.938049944650304,{}
test,pred_error,hetero,med,hybrid,1004,1.0,1.0085082525297842,0.2411840166681982,1.0085082525297842,15.49968257640145,50.0,8.0,12.0,777,777,0,742,593,149,35,0.954954954954955,0.7631917631917632,11.86,0.9850163617082826,5.49709776947833,11.031946026838026,15.563847653673946,1.0993198741137584,1.5220040152822538,0.8487149888019699,0.20665346606553503,14.02551838072708,28.586649950751283,30,0.9611298393419427,0.2764513150258318,0.6846785243161109,65.20795247685722,11.91572454718254,"{'alpha': 0.1, 'beta': 0.9, 'gamma': 0.0, 'source': 'phase3_tuning'}"
test,pred_error,hetero,med,binpack,1005,1.0,1.0090904140287262,0.24575767901204174,1.0090904140287262,16.299438287929128,50.0,8.0,12.0,821,821,0,805,644,161,16,0.9805115712545676,0.784409257003654,12.88,1.0585815509949734,4.676500842747441,11.064748959056718,14.789772082956631,1.107436851738199,1.481927321935069,0.8789080968630715,0.21578330366986684,16.93803242045903,27.56698786487654,30,0.957990053616976,0.29802082892241283,0.6599692246945632,63.049036456054786,13.021610577224878,{}
test,pred_error,hetero,med,spread,1005,1.0,1.0090904140287262,0.24575767901204174,1.0090904140287262,16.299438287929128,50.0,8.0,12.0,821,821,0,798,636,162,23,0.9719853836784409,0.7746650426309378,12.72,1.18023485289461,4.162791571423654,11.186402260956356,14.461696311269911,1.119801742041838,1.421412764506523,0.8765974942653071,0.21454058440350515,18.884516097380935,29.38375140185346,30,0.9576377455663143,0.28536203417909006,0.6722757113872242,63.1804108940245,12.994534039626654,{}
test,pred_error,hetero,med,tetris,1005,1.0,1.0090904140287262,0.24575767901204174,1.0090904140287262,16.299438287929128,50.0,8.0,12.0,821,821,0,802,643,159,19,0.976857490864799,0.7831912302070646,12.86,1.1359084022833508,5.0321557918304585,11.142075810345096,15.278563887072249,1.1151979130292164,1.5043158620527115,0.8730369854790101,0.21478911318412128,18.090248524269363,28.684173028978922,30,0.9500138560489809,0.3009752140639665,0.6490386419850144,63.3166818303717,12.966567044677053,{}
test,pred_error,hetero,med,hybrid,1005,1.0,1.0090904140287262,0.24575767901204174,1.0090904140287262,16.299438287929128,50.0,8.0,12.0,821,821,0,801,640,161,20,0.9756394640682094,0.7795371498172959,12.8,1.242491537447821,4.794929885920379,11.248658945509566,15.085846352892311,1.1260719625543316,1.4916159949268382,0.8721854468386332,0.21407284908414834,19.780034347503765,28.48022532270841,30,0.9569876490607594,0.30261251267674444,0.654375136384015,63.24332525724299,12.981607097042614,"{'alpha': 0.1, 'beta': 0.9, 'gamma': 0.0, 'source': 'phase3_tuning'}"
test,pred_error,hetero,med,binpack,1006,1.0,1.0026877332858901,0.2312713657670055,1.0026877332858901,15.671215890218686,50.0,8.0,12.0,784,784,0,768,619,149,16,0.9795918367346939,0.7895408163265306,12.38,0.6987740649191936,2.829294949806325,10.725075136465284,13.280750732012407,1.0706057858517826,1.2878796203720326,0.8726599041441638,0.20350733185558917,10.616512697509085,27.674012796661682,30,0.9512407687150141,0.236942624718853,0.714298143996161,63.54626704907511,12.337467429747484,{}
test,pred_error,hetero,med,spread,1006,1.0,1.0026877332858901,0.2312713657670055,1.0026877332858901,15.671215890218686,50.0,8.0,12.0,784,784,0,767,617,150,17,0.9783163265306123,0.7869897959183674,12.34,0.7176569489956252,2.816720371856924,10.743958020541715,13.235883651639824,1.0724639288558577,1.2841228697575067,0.8741362830169013,0.20360365344091297,10.981312819572313,29.45792390424884,30,0.9632659857422029,0.2378191087650681,0.7254468769771348,63.16761469725824,12.411423223078094,{}
test,pred_error,hetero,med,tetris,1006,1.0,1.0026877332858901,0.2312713657670055,1.0026877332858901,15.671215890218686,50.0,8.0,12.0,784,784,0,764,616,148,20,0.9744897959183674,0.7857142857142857,12.32,0.916332948255158,3.7553309442422815,10.942634019801247,13.785194868218227,1.0924969965242577,1.3706630102856343,0.864064984267118,0.20207522224537225,13.808697931247279,28.891745251988876,30,0.9486254242280872,0.24392793909573307,0.704697485132354,63.70257457078803,12.307194886272578,{}
test,pred_error,hetero,med,hybrid,1006,1.0,1.0026877332858901,0.2312713657670055,1.0026877332858901,15.671215890218686,50.0,8.0,12.0,784,784,0,764,616,148,20,0.9744897959183674,0.7857142857142857,12.32,0.8046130060023414,3.701028690966851,10.830914077548432,13.923169531601758,1.08132100738117,1.3534792379051666,0.8684507244943427,0.20273875943494846,12.151072516591716,28.707378197683386,30,0.9632974305162392,0.24108932305422826,0.722208107462011,63.84821010358289,12.279122605443332,"{'alpha': 0.1, 'beta': 0.9, 'gamma': 0.0, 'source': 'phase3_tuning'}"
test,pred_error,hetero,med,binpack,1007,1.0,1.0879507025271031,0.23234306726646659,1.0879507025271031,16.325492848428873,50.0,8.0,12.0,883,883,0,796,625,171,87,0.9014722536806342,0.7078142695356738,12.5,1.992516994281833,6.2862423098658695,12.019457449808659,16.8795662160337,1.2019610826108338,1.6878674250268806,0.856652417028919,0.18272371869421886,29.699844366875418,26.98059043435499,30,0.9778915055492489,0.2629430148060839,0.714948490743165,69.76135756906167,12.657437165351265,{}
test,pred_error,hetero,med,spread,1007,1.0,1.0879507025271031,0.23234306726646659,1.0879507025271031,16.325492848428873,50.0,8.0,12.0,883,883,0,796,626,170,87,0.9014722536806342,0.7089467723669309,12.52,2.059791769883841,6.39878446983608,12.086732225410666,16.88063578360613,1.2084970909786956,1.6894560271019101,0.8542470177557315,0.18199443773822688,30.391134251413224,29.337371105073984,30,0.9812767048940683,0.25097786043890674,0.7302988444551616,70.09398528549659,12.597371891518128,{}
test,pred_error,hetero,med,tetris,1007,1.0,1.0879507025271031,0.23234306726646659,1.0879507025271031,16.325492848428873,50.0,8.0,12.0,883,883,0,791,620,171,92,0.8958097395243488,0.7021517553793885,12.4,2.159882977216576,6.407611601455677,12.1868234327434,16.891415535244725,1.2189105815951178,1.7035359023161714,0.8518581646555315,0.18125614089426528,31.95015297328259,28.706779493292437,30,0.9795490782708882,0.2583348181868988,0.7212142600839894,70.3727187502195,12.547476006065855,{}
test,pred_error,hetero,med,hybrid,1007,1.0,1.0879507025271031,0.23234306726646659,1.0879507025271031,16.325492848428873,50.0,8.0,12.0,883,883,0,787,618,169,96,0.8912797281993206,0.6998867497168743,12.36,2.2617031914159744,6.83211129349516,12.288643646942798,17.386594337925693,1.2288462293230107,1.7325779764307072,0.8467215761295575,0.18029179508760426,33.30484752623606,28.54731745596961,30,0.9760836780754151,0.2600094022241257,0.7160742758512892,70.40966128594614,12.540892597309623,"{'alpha': 0.1, 'beta': 0.9, 'gamma': 0.0, 'source': 'phase3_tuning'}"
test,pred_error,hetero,med,binpack,1008,1.0,0.9903556433072345,0.22699228032979119,0.9903556433072345,15.192467755508446,50.0,8.0,12.0,756,756,0,728,579,149,28,0.9629629629629629,0.7658730158730159,11.58,0.5151972793097508,2.6531817005730645,10.481783226254985,12.946802795362466,1.0528749016299326,1.2777087542694252,0.8467502105772552,0.198442441035493,6.981889522095701,27.26520421644261,30,0.9602833012274566,0.266475808533868,0.6938074926935887,64.74688696346243,11.676237043282425,{}
test,pred_error,hetero,med,spread,1008,1.0,0.9903556433072345,0.22699228032979119,0.9903556433072345,15.192467755508446,50.0,8.0,12.0,756,756,0,726,577,149,30,0.9603174603174603,0.7632275132275133,11.54,0.620084565436918,2.851368249804665,10.586670512382153,13.489855205991866,1.0634953478281675,1.2927897066389795,0.8445226286776595,0.19801878273845244,8.521729571176266,29.441639599537574,30,0.9564949316290122,0.23335959464017378,0.7231353369888385,64.43192225958786,11.733314380318719,{}
test,pred_error,hetero,med,tetris,1008,1.0,0.9903556433072345,0.22699228032979119,0.9903556433072345,15.192467755508446,50.0,8.0,12.0,756,756,0,726,577,149,30,0.9603174603174603,0.7632275132275133,11.54,0.6466580112516207,2.765474999899098,10.613243958196854,13.229847009161011,1.0664344307958644,1.2898015108871648,0.8443760174821431,0.19804886616191258,8.945675476048025,28.66521448425133,30,0.958204946639868,0.2507217651292362,0.7074831815106318,64.30249599034326,11.756930868026236,{}
test,pred_error,hetero,med,hybrid,1008,1.0,0.9903556433072345,0.22699228032979119,0.9903556433072345,15.192467755508446,50.0,8.0,12.0,756,756,0,729,579,150,27,0.9642857142857143,0.7658730158730159,11.58,0.6154970958242807,2.725032925981232,10.582083042769515,13.151873869575667,1.0631849620990284,1.2788132552607265,0.8455332496530866,0.198210818368802,8.523709957611052,28.4381940594199,30,0.9607831557958654,0.25282551315095547,0.7079576426449098,64.08973075646969,11.795961553851336,"{'alpha': 0.1, 'beta': 0.9, 'gamma': 0.0, 'source': 'phase3_tuning'}"
test,pred_error,hetero,med,binpack,1009,1.0,1.0328034837653388,0.21434238341058134,1.0328034837653388,15.529497059833227,50.0,8.0,12.0,802,802,0,766,609,157,36,0.9551122194513716,0.7593516209476309,12.18,1.2639937520214606,4.313840845663115,11.253106491980489,14.398396267419338,1.1281309251719887,1.4590187443626623,0.8797872762275223,0.18305386782435462,19.38641566034791,27.613460298251486,30,0.9815160664320955,0.23733946785096105,0.7441765985811345,63.28471649066637,12.672886037472951,{}
test,pred_error,hetero,med,spread,1009,1.0,1.0328034837653388,0.21434238341058134,1.0328034837653388,15.529497059833227,50.0,8.0,12.0,802,802,0,762,604,158,40,0.9501246882793017,0.7531172069825436,12.08,1.3003643826060245,5.1663288551396676,11.289477122565051,14.843009774279828,1.1319831379949212,1.5589692168696778,0.8756177688258389,0.18301061680686234,19.76388440369557,29.488759021906866,30,0.9781159154911132,0.2384022697977555,0.7399026669219887,64.04052673427401,12.523319855374888,{}
test,pred_error,hetero,med,tetris,1009,1.0,1.0328034837653388,0.21434238341058134,1.0328034837653388,15.529497059833227,50.0,8.0,12.0,802,802,0,761,600,161,41,0.9488778054862843,0.7481296758104738,12.0,1.6194506441851717,6.560805458542891,11.6085633841442,16.291841421581047,1.1645878712326483,1.6724809283677406,0.8631671630622749,0.18135735324386507,24.481130078449425,29.00615431978848,30,0.9783527971408472,0.24346606271400748,0.7348867344268398,65.1853638422798,12.303375370282366,{}
test,pred_error,hetero,med,hybrid,1009,1.0,1.0328034837653388,0.21434238341058134,1.0328034837653388,15.529497059833227,50.0,8.0,12.0,802,802,0,761,601,160,41,0.9488778054862843,0.7493765586034913,12.02,1.4871912305266382,6.582707206375172,11.476303970485665,16.276484810462172,1.1511525480568483,1.700915107025577,0.8670638529672807,0.18234640130438234,22.505617753391597,28.853707340884498,30,0.9690395931598985,0.24108470155421857,0.72795489160568,65.47400177045635,12.249136730815867,"{'alpha': 0.1, 'beta': 0.9, 'gamma': 0.0, 'source': 'phase3_tuning'}"
test,pred_error,hetero,high,binpack,1000,1.3,1.3535641643303604,0.32039834899477326,1.3535641643303604,20.719532609593006,50.0,8.0,12.0,1079,1079,0,860,687,173,219,0.7970342910101946,0.6367006487488415,13.74,6.297528543471632,18.570382924162416,16.267910051134347,28.858295866505436,1.6352365504256903,2.8558875186383337,0.9080092557115667,0.22489636338837282,97.9407767879407,28.098095617671834,30,0.982406514626835,0.30124500392366105,0.681161510703174,79.86305367303856,13.510627885798787,{}
test,pred_error,hetero,high,spread,1000,1.3,1.3535641643303604,0.32039834899477326,1.3535641643303604,20.719532609593006,50.0,8.0,12.0,1079,1079,0,861,688,173,218,0.7979610750695088,0.6376274328081557,13.76,6.276383373556527,18.519092715815688,16.246764881219242,29.06352253724443,1.6329535307095813,2.8485509937030837,0.9070994786104255,0.22520836080336895,96.68713979429724,29.396509992265,30,0.9800086979991519,0.29997342267165866,0.6800352753274932,79.99226749889799,13.488803777375917,{}
test,pred_error,hetero,high,tetris,1000,1.3,1.3535641643303604,0.32039834899477326,1.3535641643303604,20.719532609593006,50.0,8.0,12.0,1079,1079,0,841,673,168,238,0.7794253938832252,0.623725671918443,13.46,6.465544229529445,20.20535821067333,16.435925737192157,29.888881992153756,1.6521804890230665,2.881754160034381,0.9046214303880632,0.2216397029736915,101.71785495616878,28.968650816776343,30,0.9802452536906819,0.2873827320330468,0.6928625216576351,81.02873221593231,13.31626412621869,{}
test,pred_error,hetero,high,hybrid,1000,1.3,1.3535641643303604,0.32039834899477326,1.3535641643303604,20.719532609593006,50.0,8.0,12.0,1079,1079,0,857,684,173,222,0.794253938832252,0.633920296570899,13.68,6.319572105311291,18.69864072634961,16.289953612974006,29.293050520634488,1.6374845270103517,2.8722191428761157,0.9040585703516784,0.22323171985399579,97.3991737452197,28.834271091433603,30,0.9796754405189726,0.30677303759372215,0.6729024029252505,80.2075560079038,13.452597906033608,"{'alpha': 0.1, 'beta': 0.9, 'gamma': 0.0, 'source': 'phase3_tuning'}"
test,pred_error,hetero,high,binpack,1001,1.3,1.2648756817998588,0.3233306329783923,1.2648756817998588,21.9957358255718,50.0,8.0,12.0,1068,1068,0,901,723,178,167,0.8436329588014981,0.6769662921348315,14.46,5.316862545684779,17.413625472459024,15.310886923780384,26.81834275362238,1.5390227316533658,2.699146058290917,0.9056952557842926,0.23708740791926278,91.50922499354243,28.05409454121223,30,0.9834972911425098,0.29978970381561687,0.683707587326893,76.68454760999518,13.927186549129427,{}
test,pred_error,hetero,high,spread,1001,1.3,1.2648756817998588,0.3233306329783923,1.2648756817998588,21.9957358255718,50.0,8.0,12.0,1068,1068,0,903,725,178,165,0.8455056179775281,0.6788389513108615,14.5,5.222279658946381,17.701418009310387,15.216304037041988,27.904098080394284,1.5288509354459283,2.775598081562785,0.9021129863494195,0.23719632895740125,89.64564708234845,29.600270882569617,30,0.9787041406852013,0.29102821506163246,0.6876759256235689,76.50104387502536,13.960593815487279,{}
test,pred_error,hetero,high,tetris,1001,1.3,1.2648756817998588,0.3233306329783923,1.2648756817998588,21.9957358255718,50.0,8.0,12.0,1068,1068,0,904,726,178,164,0.846441947565543,0.6797752808988764,14.52,5.203823455457839,17.813733637376878,15.197847833553444,27.964427127373277,1.5269394968152712,2.800634593684416,0.9034725074823724,0.23772933483619835,89.52542966260842,29.149683127420577,30,0.9793259631990664,0.2997086241190237,0.6796173390800426,76.91865211180607,13.884798688978522,{}
test,pred_error,hetero,high,hybrid,1001,1.3,1.2648756817998588,0.3233306329783923,1.2648756817998588,21.9957358255718,50.0,8.0,12.0,1068,1068,0,905,729,176,163,0.8473782771535581,0.6825842696629213,14.58,5.181868675960172,18.301208512126692,15.175893054055777,28.101184974313448,1.5245508773590095,2.8143025525397416,0.9025317976030744,0.23888912804251308,88.85647113021443,28.971087156945465,30,0.9661072617254607,0.3221441211731255,0.6439631405523353,76.83964981124032,13.899074275111674,"{'alpha': 0.1, 'beta': 0.9, 'gamma': 0.0, 'source': 'phase3_tuning'}"
test,pred_error,hetero,high,binpack,1002,1.3,1.3132052957308546,0.3496978763448026,1.3132052957308546,22.252512151022593,50.0,8.0,12.0,1129,1129,0,928,745,183,201,0.8219663418954827,0.6598759964570416,14.9,4.983707190318934,19.058847758695606,14.941027956953091,28.84124809661067,1.5097040445103043,3.057565353910507,0.9089016409473443,0.25852544190185367,82.77596970861053,28.136425664719116,30,0.9733920799182847,0.296797721993679,0.6765943579246058,79.67035159249453,14.17089265244763,{}
test,pred_error,hetero,high,spread,1002,1.3,1.3132052957308546,0.3496978763448026,1.3132052957308546,22.252512151022593,50.0,8.0,12.0,1129,1129,0,915,738,177,214,0.8104517271922055,0.6536758193091231,14.76,5.255972219970428,16.310559346871763,15.213292986604582,26.31237208441938,1.5356423420936813,2.7132776474539826,0.9044413305171188,0.25565019339879164,85.3505830742343,29.604847851822118,30,0.9680008153792102,0.29695751181125435,0.6710433035679559,78.21844669829164,14.433935313939932,{}
test,pred_error,hetero,high,tetris,1002,1.3,1.3132052957308546,0.3496978763448026,1.3132052957308546,22.252512151022593,50.0,8.0,12.0,1129,1129,0,921,741,180,208,0.8157661647475642,0.6563330380868024,14.82,5.166283830824959,18.2743069835063,15.123604597459114,27.743530052151357,1.5271957852832032,2.860052573630534,0.9043598742438416,0.25633659989005736,85.19036982985764,29.136111873525532,30,0.9726270887320246,0.2961811811492814,0.6764459075827431,79.52334825905041,14.197088335896503,{}
test,pred_error,hetero,high,hybrid,1002,1.3,1.3132052957308546,0.3496978763448026,1.3132052957308546,22.252512151022593,50.0,8.0,12.0,1129,1129,0,922,742,180,207,0.816651904340124,0.6572187776793623,14.84,5.15925950306183,19.34079269486599,15.116580269695987,28.678673724660193,1.5271510797594563,2.9881944193311876,0.9019515679097913,0.25695448777642116,84.60136959872864,28.96177896136724,30,0.9670369393988272,0.2977229592313161,0.669313980167511,80.30909994811965,14.058182705687692,"{'alpha': 0.1, 'beta': 0.9, 'gamma': 0.0, 'source': 'phase3_tuning'}"
test,pred_error,hetero,high,binpack,1003,1.3,1.2227915944938275,0.28351154258006117,1.2227915944938275,21.64621209433228,50.0,8.0,12.0,1018,1018,0,879,706,173,139,0.8634577603143418,0.693516699410609,14.12,3.6134751706799544,11.805785230064359,13.603339650084841,22.01402846191305,1.3665711827249056,2.2330036442071544,0.8968173956555765,0.2181358309802155,57.001769154716364,28.0090293804258,30,0.975163547087813,0.2774174773333154,0.6977460697544976,74.24825536655091,13.710759868690632,{}
test,pred_error,hetero,high,spread,1003,1.3,1.2227915944938275,0.28351154258006117,1.2227915944938275,21.64621209433228,50.0,8.0,12.0,1018,1018,0,874,703,171,144,0.8585461689587426,0.6905697445972495,14.06,3.6182372631869386,11.720338950910111,13.608101742591826,22.19864138319825,1.3670136346098685,2.2369018092842685,0.8954772135438834,0.2164036004748226,57.01127554812494,29.642870911463966,30,0.9790028512530572,0.26993986806342707,0.7090629831896302,74.57243525922802,13.651156710401608,{}
test,pred_error,hetero,high,tetris,1003,1.3,1.2227915944938275,0.28351154258006117,1.2227915944938275,21.64621209433228,50.0,8.0,12.0,1018,1018,0,878,705,173,140,0.862475442043222,0.6925343811394892,14.1,3.5512087348173376,12.909545099823347,13.541073214222223,22.497543533116144,1.3600390434363718,2.240581239937054,0.894694704143015,0.21693877337061568,55.936272593258224,29.27341159724404,30,0.9766665067335001,0.2925131839395474,0.6841533227939529,74.460990699217,13.671588175776243,{}
test,pred_error,hetero,high,hybrid,1003,1.3,1.2227915944938275,0.28351154258006117,1.2227915944938275,21.64621209433228,50.0,8.0,12.0,1018,1018,0,876,704,172,142,0.8605108055009824,0.6915520628683693,14.08,3.5546458677860415,12.752971082271955,13.544510347190927,22.14337310261844,1.3604227303701484,2.2211940776139047,0.895978652608252,0.21780035377800677,56.385617650671,29.06918602852167,30,0.9803469473952832,0.28888412869352587,0.6914628187017572,74.22158255987108,13.71568706688283,"{'alpha': 0.1, 'beta': 0.9, 'gamma': 0.0, 'source': 'phase3_tuning'}"
test,pred_error,hetero,high,binpack,1004,1.3,1.2882729654583833,0.3071802104084482,1.2882729654583833,20.149587349321884,50.0,8.0,12.0,993,993,0,827,660,167,166,0.8328298086606244,0.6646525679758308,13.2,5.5413855733199835,20.242353562337776,15.58044207154921,30.79198868612265,1.5602254218033167,3.027408141539538,0.8970946443610451,0.22751810928779148,86.0031156563932,27.963252323852934,30,0.9773328727544929,0.2816578120169382,0.6956750607375547,77.96290989457589,12.736825771931404,{}
test,pred_error,hetero,high,spread,1004,1.3,1.2882729654583833,0.3071802104084482,1.2882729654583833,20.149587349321884,50.0,8.0,12.0,993,993,0,825,658,167,168,0.8308157099697885,0.6626384692849949,13.16,5.606915102838777,20.529192070696133,15.645971601068004,31.08984165697268,1.5668353425869348,3.0912053120315752,0.8943192554214252,0.22688520917549793,86.5700901548639,29.41832530602408,30,0.974383672577121,0.2655449246772081,0.708838747899913,77.79811265839639,12.763805779712962,{}
test,pred_error,hetero,high,tetris,1004,1.3,1.2882729654583833,0.3071802104084482,1.2882729654583833,20.149587349321884,50.0,8.0,12.0,993,993,0,830,664,166,163,0.8358509566968781,0.6686807653575025,13.28,5.500066223255313,20.143510820476106,15.53912272148454,30.389481408648443,1.5552536537164954,2.97276193189472,0.8956327330444046,0.2273193726956534,85.27063962567964,29.09628929001883,30,0.9810520571082436,0.27591848314980655,0.705133573958437,78.13549806465784,12.70869226658392,{}
test,pred_error,hetero,high,hybrid,1004,1.3,1.2882729654583833,0.3071802104084482,1.2882729654583833,20.149587349321884,50.0,8.0,12.0,993,993,0,836,669,167,157,0.8418932527693856,0.6737160120845922,13.38,5.437280312038284,20.226222951269413,15.476336810267512,30.199422322673886,1.549052153330255,2.9560543050290167,0.8951255083190446,0.22830273243538726,83.45551787179353,28.972680594449226,30,0.9757007693596855,0.2959226018625739,0.6797781674971116,78.27624985530508,12.685840236796942,"{'alpha': 0.1, 'beta': 0.9, 'gamma': 0.0, 'source': 'phase3_tuning'}"
test,pred_error,hetero,high,binpack,1005,1.3,1.316357702921856,0.32055278202697735,1.316357702921856,21.189269774307867,50.0,8.0,12.0,1066,1066,0,885,712,173,181,0.8302063789868668,0.6679174484052532,14.24,5.373922787842888,22.354786655247786,15.416123213404298,32.44703845797591,1.5381905350970124,3.173121981323047,0.9106183419529897,0.2365947966857348,88.76415718913701,28.18806293258898,30,0.9789705927259909,0.3066932949067482,0.6722772978192426,79.71019647011948,13.373445897848281,{}
test,pred_error,hetero,high,spread,1005,1.3,1.316357702921856,0.32055278202697735,1.316357702921856,21.189269774307867,50.0,8.0,12.0,1066,1066,0,885,711,174,181,0.8302063789868668,0.6669793621013134,14.22,5.365074097400242,22.748378696814832,15.407274522961654,32.68991528772412,1.5375340569097125,3.1785804217814597,0.9093895668064158,0.23580979468818164,88.57969065013218,29.52673257940897,30,0.9822660993172138,0.30696233873996487,0.675303760577249,79.57135926420064,13.39678007083632,{}
test,pred_error,hetero,high,tetris,1005,1.3,1.316357702921856,0.32055278202697735,1.316357702921856,21.189269774307867,50.0,8.0,12.0,1066,1066,0,888,714,174,178,0.8330206378986866,0.6697936210131332,14.28,5.3822126016075975,22.80286073172296,15.424413027169008,32.957960449424135,1.5392153362408398,3.217963697158556,0.9073006348119762,0.23599169473837558,88.1091646001171,28.997107602952337,30,0.9762719140020529,0.3096195003621433,0.6666524136399095,79.94231775052852,13.334614632097685,{}
test,pred_error,hetero,high,hybrid,1005,1.3,1.316357702921856,0.32055278202697735,1.316357702921856,21.189269774307867,50.0,8.0,12.0,1066,1066,0,879,709,170,187,0.8245778611632271,0.6651031894934334,14.18,5.461602544408502,22.066202456162493,15.503802969969914,32.21676874783312,1.5473800264351518,3.0922005195634665,0.9090419291763264,0.23534931294685205,90.28299223777235,28.859087930155706,30,0.9750656206684372,0.31042815270539026,0.664637467963047,79.16165179289003,13.466116179447177,"{'alpha': 0.1, 'beta': 0.9, 'gamma': 0.0, 'source': 'phase3_tuning'}"
test,pred_error,hetero,high,binpack,1006,1.3,1.309670717835932,0.30286632479662395,1.309670717835932,20.372580657284292,50.0,8.0,12.0,1022,1022,0,830,668,162,192,0.812133072407045,0.6536203522504892,13.36,5.627860467846733,16.600045047171747,15.644852790921812,27.102537933793336,1.5678491911205357,2.7365512568134007,0.9030964215932953,0.22221669913598815,84.53298581346293,28.1435458847388,30,0.9799972620006373,0.25424557320682495,0.7257516887938124,77.502514661307,13.186668903147625,{}
test,pred_error,hetero,high,spread,1006,1.3,1.309670717835932,0.30286632479662395,1.309670717835932,20.372580657284292,50.0,8.0,12.0,1022,1022,0,839,672,167,183,0.8209393346379648,0.6575342465753424,13.44,5.335136636400729,20.579820396980665,15.352128959475808,30.812798576732135,1.5383516450399695,2.981898068722945,0.8988291895499826,0.2239537390269488,80.95656094879125,29.624538872639008,30,0.9778452809221195,0.26593552758136546,0.711909753340754,78.95420908059222,12.944211738690171,{}
test,pred_error,hetero,high,tetris,1006,1.3,1.309670717835932,0.30286632479662395,1.309670717835932,20.372580657284292,50.0,8.0,12.0,1022,1022,0,833,668,165,189,0.815068493150685,0.6536203522504892,13.36,5.531029919691197,19.77251769768926,15.548022242766276,29.585338834151678,1.5580579989684267,2.8924386101105606,0.8958502843793706,0.2220270429094799,83.10069039717752,29.21223025133887,30,0.9780655945614282,0.27426564860313557,0.7037999459582925,79.33555738109867,12.881991804641771,{}
test,pred_error,hetero,high,hybrid,1006,1.3,1.309670717835932,0.30286632479662395,1.309670717835932,20.372580657284292,50.0,8.0,12.0,1022,1022,0,829,667,162,193,0.8111545988258317,0.6526418786692759,13.34,5.454901438467448,20.39676442110033,15.471893761542528,30.691190438974694,1.5502568170887152,2.9746115690105914,0.8973892254833399,0.22272146905521814,82.99058481386335,28.986106133935287,30,0.9796680567606069,0.2616414042963188,0.7180266524642881,80.12344570152558,12.755317635828295,"{'alpha': 0.1, 'beta': 0.9, 'gamma': 0.0, 'source': 'phase3_tuning'}"
test,pred_error,hetero,high,binpack,1007,1.3,1.369836073433912,0.29303208705288736,1.369836073433912,21.223140702957533,50.0,8.0,12.0,1115,1115,0,870,694,176,245,0.7802690582959642,0.6224215246636772,13.88,7.1986473553362424,23.211883945334847,17.226576594460752,33.35008968951099,1.7284577286403966,3.3042072439562595,0.8957599281262391,0.19794435169330996,117.37461516670652,27.784787614599196,30,0.9810868800172631,0.24349250104757972,0.7375943789696834,81.64070010195383,13.65740370437264,{}
test,pred_error,hetero,high,spread,1007,1.3,1.369836073433912,0.29303208705288736,1.369836073433912,21.223140702957533,50.0,8.0,12.0,1115,1115,0,869,694,175,246,0.7793721973094171,0.6224215246636772,13.88,7.258051500193592,22.466142484067767,17.285980739318102,32.830128897396456,1.7342699971793667,3.201863633594127,0.8954140810259105,0.19743785438857725,118.27803820228786,29.498061125135465,30,0.9814603288406143,0.25101271030375644,0.7304476185368578,81.2464235072637,13.723681017175055,{}
test,pred_error,hetero,high,tetris,1007,1.3,1.369836073433912,0.29303208705288736,1.369836073433912,21.223140702957533,50.0,8.0,12.0,1115,1115,0,872,696,176,243,0.7820627802690583,0.6242152466367713,13.92,7.225752702033218,23.501971187825006,17.25368194115773,33.46433581857318,1.7310629502972608,3.318311293864865,0.8903468068465709,0.19718967357849052,116.55830703123718,29.116551478042,30,0.9756085489409541,0.26104846016173755,0.7145600887792164,82.29771715313956,13.54837094600338,{}
test,pred_error,hetero,high,hybrid,1007,1.3,1.369836073433912,0.29303208705288736,1.369836073433912,21.223140702957533,50.0,8.0,12.0,1115,1115,0,866,690,176,249,0.7766816143497758,0.6188340807174888,13.8,7.179475976066853,23.47897495889049,17.20740521519136,33.41094566661224,1.7265475587103676,3.299886619030055,0.8905641407452687,0.20026371978030652,115.63910069539853,28.976848617357728,30,0.9806214637038588,0.26718039972697766,0.7134410639768812,82.15628055706854,13.57169521842561,"{'alpha': 0.1, 'beta': 0.9, 'gamma': 0.0, 'source': 'phase3_tuning'}"
test,pred_error,hetero,high,binpack,1008,1.3,1.2971715056395043,0.2961917915820891,1.2971715056395043,19.750208082160977,50.0,8.0,12.0,985,985,0,807,644,163,178,0.8192893401015229,0.6538071065989848,12.88,5.404999989577996,16.033814191560502,15.390760753644216,26.43943303375037,1.549192108029336,2.6588320480981955,0.897362599465687,0.21823661952184176,77.67899742079635,28.048369154592223,30,0.9665459071575137,0.24681086602446128,0.7197350411330523,76.76000090690547,12.83220412144872,{}
test,pred_error,hetero,high,spread,1008,1.3,1.2971715056395043,0.2961917915820891,1.2971715056395043,19.750208082160977,50.0,8.0,12.0,985,985,0,805,643,162,180,0.817258883248731,0.6527918781725889,12.86,5.355066927097137,16.09045982737606,15.340827691163357,26.221684831913322,1.5442805246725109,2.6576484345209717,0.8982799209021683,0.2181093212831538,78.35040551818722,29.56307306124134,30,0.976042944657448,0.25604026671696195,0.7200026779404861,77.28430126104435,12.745149841918744,{}
test,pred_error,hetero,high,tetris,1008,1.3,1.2971715056395043,0.2961917915820891,1.2971715056395043,19.750208082160977,50.0,8.0,12.0,985,985,0,812,650,162,173,0.8243654822335026,0.6598984771573604,13.0,5.356499563135875,16.64766834602647,15.342260327202096,26.878576808541556,1.5446323178313321,2.7327006380214054,0.893961244808917,0.2186342884983451,77.4061752868913,29.156158051266434,30,0.9645364387611307,0.25355796643507816,0.7109784723260526,77.90813849574981,12.643095047813722,{}
test,pred_error,hetero,high,hybrid,1008,1.3,1.2971715056395043,0.2961917915820891,1.2971715056395043,19.750208082160977,50.0,8.0,12.0,985,985,0,808,646,162,177,0.8203045685279188,0.6558375634517767,12.92,5.34413464060998,15.989318860053494,15.3298954046762,26.253902699430355,1.543232672525423,2.6513458567854413,0.8983544280025696,0.21818766380024512,78.13856261049577,28.98248350306756,30,0.9785680167587448,0.27122851884294,0.7073394979158049,77.20048660719623,12.758986935040685,"{'alpha': 0.1, 'beta': 0.9, 'gamma': 0.0, 'source': 'phase3_tuning'}"
test,pred_error,hetero,high,binpack,1009,1.3,1.3423371733755982,0.2795507378174927,1.3423371733755982,20.188346177783195,50.0,8.0,12.0,1042,1042,0,809,642,167,233,0.7763915547024952,0.6161228406909789,12.84,7.160088637004055,18.28378162485145,17.158083316044745,28.27567237304458,1.7276062627526183,2.877514793155521,0.9127022470676321,0.1886725562963473,111.09377725863615,28.312491999560443,30,0.9803793799773232,0.24619199200704867,0.7341873879702745,79.60112616594029,13.090267062651819,{}
test,pred_error,hetero,high,spread,1009,1.3,1.3423371733755982,0.2795507378174927,1.3423371733755982,20.188346177783195,50.0,8.0,12.0,1042,1042,0,811,644,167,231,0.7783109404990403,0.6180422264875239,12.88,7.091871570896196,18.59267253335932,17.08986624993689,28.593860391720632,1.7209627100557363,2.928216219080337,0.9094242833626552,0.18791652155565444,109.11892794816713,29.56094876264037,30,0.981580928101424,0.24030065641722145,0.7412802716842026,79.87248415444131,13.045794318669124,{}
test,pred_error,hetero,high,tetris,1009,1.3,1.3423371733755982,0.2795507378174927,1.3423371733755982,20.188346177783195,50.0,8.0,12.0,1042,1042,0,812,650,162,230,0.7792706333973128,0.6238003838771593,13.0,6.958236151472566,18.65368384706639,16.956230830513256,28.764506528554342,1.7078689625038548,2.924431857794359,0.9056529638211714,0.18922774945933196,106.91282428274144,29.339459633119535,30,0.9791690552866134,0.2500784647434002,0.7290905905432131,79.46156333281229,13.113258238272339,{}
test,pred_error,hetero,high,hybrid,1009,1.3,1.3423371733755982,0.2795507378174927,1.3423371733755982,20.188346177783195,50.0,8.0,12.0,1042,1042,0,815,651,164,227,0.7821497120921305,0.6247600767754319,13.02,6.991417408418823,18.662943126137876,16.989412087459517,28.875804716212905,1.7110741447110485,2.9218175846533625,0.909055328434984,0.189564713998427,107.97900611844209,29.22320526916371,30,0.9813228500546707,0.24277319335686215,0.7385496566978086,79.42581348607823,13.119160563368256,"{'alpha': 0.1, 'beta': 0.9, 'gamma': 0.0, 'source': 'phase3_tuning'}"
