split,family,cluster_config,load,policy,seed,target_rho,realized_rho_cpu,realized_rho_ram,realized_rho,arrival_rate,observation_horizon,duration_min,duration_max,submitted,feasible_jobs,permanently_infeasible,started_by_horizon,completed_by_horizon,running_at_horizon,queued_at_horizon,admission_ratio_horizon,completion_ratio_horizon,throughput_horizon,mean_wait_time,p95_wait_time,mean_turnaround_time,p95_turnaround_time,mean_slowdown,p95_slowdown,time_weighted_cpu_utilization,time_weighted_ram_utilization,time_weighted_queue_length,time_weighted_active_nodes,horizon_active_nodes,horizon_cpu_utilization,horizon_ram_utilization,horizon_free_imbalance,makespan,drained_throughput,params
test,cpu_heavy,homog,low,binpack,1000,0.7,0.7116290962448847,0.14974895288584533,0.7116290962448847,10.897297297297298,50.0,8.0,12.0,559,559,0,559,454,105,0,1.0,0.8121645796064401,9.08,0.0,0.0,9.905120030981312,11.683265819784232,1.0,1.0000000000000004,0.6446596126350711,0.13430315312860863,0.0,22.24701634216821,24,0.6635416666666667,0.14875000000000002,0.5147916666666666,60.401814086520176,9.254688927045844,{}
test,cpu_heavy,homog,low,spread,1000,0.7,0.7116290962448847,0.14974895288584533,0.7116290962448847,10.897297297297298,50.0,8.0,12.0,559,559,0,559,454,105,0,1.0,0.8121645796064401,9.08,0.0,0.0,9.905120030981312,11.683265819784232,1.0,1.0000000000000004,0.6446596126350711,0.13430315312860863,0.0,28.98916043092325,30,0.6635416666666667,0.14875000000000002,0.5147916666666666,60.401814086520176,9.254688927045844,{}
test,cpu_heavy,homog,low,tetris,1000,0.7,0.7116290962448847,0.14974895288584533,0.7116290962448847,10.897297297297298,50.0,8.0,12.0,559,559,0,559,454,105,0,1.0,0.8121645796064401,9.08,0.00035064705658421555,0.0,9.905470678037895,11.683265819784232,1.0000369337243031,1.0000000000000004,0.6446596126350711,0.1343031531286086,0.003920234092611529,28.98916043092325,30,0.6635416666666667,0.14875000000000002,0.5147916666666666,60.401814086520176,9.254688927045844,{}
test,cpu_heavy,homog,low,hybrid,1000,0.7,0.7116290962448847,0.14974895288584533,0.7116290962448847,10.897297297297298,50.0,8.0,12.0,559,559,0,559,454,105,0,1.0,0.8121645796064401,9.08,0.0,0.0,9.905120030981312,11.683265819784232,1.0,1.0000000000000004,0.6446596126350711,0.13430315312860863,0.0,28.854126202428915,30,0.6635416666666667,0.14875000000000002,0.5147916666666666,60.401814086520176,9.254688927045844,"{'alpha': 0.1, 'beta': 0.9, 'gamma': 0.0, 'source': 'phase3_tuning'}"
test,cpu_heavy,homog,low,binpack,1001,0.7,0.7122326420267404,0.14983096669109244,0.7122326420267404,10.897297297297298,50.0,8.0,12.0,549,549,0,549,425,124,0,1.0,0.7741347905282332,8.5,0.0,0.0,10.060275192212908,11.818879710855459,1.0,1.0000000000000004,0.6342781481343241,0.13212877727732894,0.0,21.62050946718919,27,0.7777777777777778,0.17604166666666668,0.601736111111111,60.594842673352304,9.060177001522819,{}
test,cpu_heavy,homog,low,spread,1001,0.7,0.7122326420267404,0.14983096669109244,0.7122326420267404,10.897297297297298,50.0,8.0,12.0,549,549,0,549,425,124,0,1.0,0.7741347905282332,8.5,0.0,0.0,10.060275192212908,11.818879710855459,1.0,1.0000000000000004,0.6342781481343241,0.13212877727732894,0.0,29.21348298553689,30,0.7777777777777778,0.17604166666666668,0.601736111111111,60.594842673352304,9.060177001522819,{}
test,cpu_heavy,homog,low,tetris,1001,0.7,0.7122326420267404,0.14983096669109244,0.7122326420267404,10.897297297297298,50.0,8.0,12.0,549,549,0,549,425,124,0,1.0,0.7741347905282332,8.5,0.0026293182245935064,0.0,10.0629045104375,11.818879710855459,1.000282851309387,1.0000000000000004,0.633970105396772,0.13208257086669606,0.028869914106036704,29.21348298553689,30,0.7777777777777778,0.17604166666666668,0.601736111111111,60.594842673352304,9.060177001522819,{}
test,cpu_heavy,homog,low,hybrid,1001,0.7,0.7122326420267404,0.14983096669109244,0.7122326420267404,10.897297297297298,50.0,8.0,12.0,549,549,0,549,425,124,0,1.0,0.7741347905282332,8.5,0.003159597587445736,0.0,10.063434789800352,11.818879710855459,1.0003385082263418,1.0000000000000004,0.6339054113145042,0.1320728667543559,0.03469238151015418,28.873255907557972,30,0.7777777777777778,0.17604166666666668,0.601736111111111,60.594842673352304,9.060177001522819,"{'alpha': 0.1, 'beta': 0.9, 'gamma': 0.0, 'source': 'phase3_tuning'}"
test,cpu_heavy,homog,low,binpack,1002,0.7,0.6902159406879231,0.14604251520673273,0.6902159406879231,10.897297297297298,50.0,8.0,12.0,540,540,0,540,433,107,0,1.0,0.8018518518518518,8.66,0.0,0.0,9.972785081303824,11.786084086640201,1.0,1.0000000000000004,0.6186060611701721,0.1316625243031575,0.0,21.14184325724129,22,0.6690972222222222,0.13708333333333333,0.5320138888888889,61.32663553716771,8.80530939403527,{}
test,cpu_heavy,homog,low,spread,1002,0.7,0.6902159406879231,0.14604251520673273,0.6902159406879231,10.897297297297298,50.0,8.0,12.0,540,540,0,540,433,107,0,1.0,0.8018518518518518,8.66,0.0010603639986534903,0.0,9.973845445302477,11.786084086640201,1.0001035306894825,1.0000000000000004,0.618606061170172,0.13166252430315747,0.011451931185457696,29.27980003186581,30,0.6690972222222222,0.13708333333333333,0.5320138888888889,61.32663553716771,8.80530939403527,{}
test,cpu_heavy,homog,low,tetris,1002,0.7,0.6902159406879231,0.14604251520673273,0.6902159406879231,10.897297297297298,50.0,8.0,12.0,540,540,0,540,433,107,0,1.0,0.8018518518518518,8.66,0.0014910326439451695,0.0,9.974276113947768,11.786084086640201,1.0001471654987824,1.0000000000000004,0.6186060611701721,0.13166252430315747,0.01610315255460783,29.279494883074264,30,0.6690972222222222,0.13708333333333333,0.5320138888888889,61.32663553716771,8.80530939403527,{}
test,cpu_heavy,homog,low,hybrid,1002,0.7,0.6902159406879231,0.14604251520673273,0.6902159406879231,10.897297297297298,50.0,8.0,12.0,540,540,0,540,433,107,0,1.0,0.8018518518518518,8.66,0.00017535162066489738,0.0,9.97296043292449,11.786084086640201,1.0000169999294959,1.0000000000000004,0.6186060611701721,0.13166252430315747,0.0018937975031808917,29.03342856933669,30,0.6690972222222222,0.13708333333333333,0.5320138888888889,61.32663553716771,8.80530939403527,"{'alpha': 0.1, 'beta': 0.9, 'gamma': 0.0, 'source': 'phase3_tuning'}"
test,cpu_heavy,homog,low,binpack,1003,0.7,0.6333434418929698,0.13405579885407543,0.6333434418929698,10.897297297297298,50.0,8.0,12.0,491,491,0,491,391,100,0,1.0,0.7963340122199593,7.82,0.0,0.0,10.021927184680763,11.846584094838267,1.0,1.0000000000000002,0.5628057798690829,0.12053141105056456,0.0,19.558615480879112,22,0.6428819444444444,0.13197916666666668,0.5109027777777777,61.609070811998535,7.969605668916799,{}
test,cpu_heavy,homog,low,spread,1003,0.7,0.6333434418929698,0.13405579885407543,0.6333434418929698,10.897297297297298,50.0,8.0,12.0,491,491,0,491,391,100,0,1.0,0.7963340122199593,7.82,0.0,0.0,10.021927184680763,11.846584094838267,1.0,1.0000000000000002,0.5628057798690829,0.12053141105056456,0.0,29.329290296797048,30,0.6428819444444444,0.13197916666666668,0.5109027777777778,61.609070811998535,7.969605668916799,{}
test,cpu_heavy,homog,low,tetris,1003,0.7,0.6333434418929698,0.13405579885407543,0.6333434418929698,10.897297297297298,50.0,8.0,12.0,491,491,0,491,391,100,0,1.0,0.7963340122199593,7.82,0.0,0.0,10.021927184680763,11.846584094838267,1.0,1.0000000000000002,0.5628057798690829,0.12053141105056456,0.0,29.329534632921664,30,0.6428819444444444,0.13197916666666668,0.5109027777777777,61.609070811998535,7.969605668916799,{}
test,cpu_heavy,homog,low,hybrid,1003,0.7,0.6333434418929698,0.13405579885407543,0.6333434418929698,10.897297297297298,50.0,8.0,12.0,491,491,0,491,391,100,0,1.0,0.7963340122199593,7.82,0.0,0.0,10.021927184680763,11.846584094838267,1.0,1.0000000000000002,0.5628057798690829,0.12053141105056456,0.0,29.19577982918548,30,0.6428819444444444,0.13197916666666668,0.5109027777777778,61.609070811998535,7.969605668916799,"{'alpha': 0.1, 'beta': 0.9, 'gamma': 0.0, 'source': 'phase3_tuning'}"
test,cpu_heavy,homog,low,binpack,1004,0.7,0.7070449979030576,0.14826145651692532,0.7070449979030576,10.897297297297298,50.0,8.0,12.0,544,544,0,544,423,121,0,1.0,0.7775735294117647,8.46,0.0,0.0,10.10528718420271,11.815591886046242,1.0,1.0000000000000004,0.6274288907828585,0.131835625591853,0.0,21.411548376851233,28,0.7590277777777777,0.1560416666666667,0.6029861111111111,61.58205067602836,8.83374285247307,{}
test,cpu_heavy,homog,low,spread,1004,0.7,0.7070449979030576,0.14826145651692532,0.7070449979030576,10.897297297297298,50.0,8.0,12.0,544,544,0,544,423,121,0,1.0,0.7775735294117647,8.46,0.0006293484892556394,0.0,10.105916532691968,11.815591886046242,1.0000560340867006,1.0000000000000004,0.6274288907828582,0.131835625591853,0.006847311563101357,28.95472224475262,30,0.7590277777777777,0.1560416666666667,0.6029861111111111,61.58205067602836,8.83374285247307,{}
test,cpu_heavy,homog,low,tetris,1004,0.7,0.7070449979030576,0.14826145651692532,0.7070449979030576,10.897297297297298,50.0,8.0,12.0,544,544,0,544,423,121,0,1.0,0.7775735294117647,8.46,0.002082468807752614,0.0,10.107369653010464,11.815591886046242,1.0002104381111243,1.0000000000000004,0.6272789294354297,0.1318131313897387,0.022657260628348438,28.9537683339885,30,0.7590277777777777,0.1560416666666667,0.6029861111111111,61.58205067602836,8.83374285247307,{}
test,cpu_heavy,homog,low,hybrid,1004,0.7,0.7070449979030576,0.14826145651692532,0.7070449979030576,10.897297297297298,50.0,8.0,12.0,544,544,0,544,423,121,0,1.0,0.7775735294117647,8.46,0.001329236295180212,0.0,10.106616420497891,11.815591886046242,1.0001239308661536,1.0000000000000004,0.6274288907828585,0.131835625591853,0.014462090891560706,28.759313992880134,30,0.7590277777777777,0.1560416666666667,0.6029861111111111,61.58205067602836,8.83374285247307,"{'alpha': 0.1, 'beta': 0.9, 'gamma': 0.0, 'source': 'phase3_tuning'}"
test,cpu_heavy,homog,low,binpack,1005,0.7,0.7177861154977302,0.1521504872116472,0.7177861154977302,10.897297297297298,50.0,8.0,12.0,559,559,0,559,452,107,0,1.0,0.8085867620751341,9.04,0.0,0.0,10.00684099197422,11.750839858213489,1.0,1.0000000000000004,0.6498135062045369,0.13860277015172878,0.0,22.321925633763726,23,0.6852430555555556,0.14302083333333335,0.5422222222222222,60.31534024485114,9.267957334414927,{}
test,cpu_heavy,homog,low,spread,1005,0.7,0.7177861154977302,0.1521504872116472,0.7177861154977302,10.897297297297298,50.0,8.0,12.0,559,559,0,559,452,107,0,1.0,0.8085867620751341,9.04,0.0,0.0,10.00684099197422,11.750839858213489,1.0,1.0000000000000004,0.6498135062045369,0.13860277015172878,0.0,29.114651446230326,30,0.6852430555555556,0.14302083333333335,0.5422222222222222,60.31534024485114,9.267957334414927,{}
test,cpu_heavy,homog,low,tetris,1005,0.7,0.7177861154977302,0.1521504872116472,0.7177861154977302,10.897297297297298,50.0,8.0,12.0,559,559,0,559,452,107,0,1.0,0.8085867620751341,9.04,0.00108627769948663,0.0,10.007927269673706,11.750839858213489,1.000126146472305,1.0000000000000004,0.6498135062045369,0.1386027701517287,0.012144584680260521,29.114651446230326,30,0.6852430555555556,0.14302083333333335,0.5422222222222222,60.31534024485114,9.267957334414927,{}
test,cpu_heavy,homog,low,hybrid,1005,0.7,0.7177861154977302,0.1521504872116472,0.7177861154977302,10.897297297297298,50.0,8.0,12.0,559,559,0,559,452,107,0,1.0,0.8085867620751341,9.04,0.000990965655728863,0.0,10.007831957629948,11.750839858213489,1.0001158502751493,1.0000000000000004,0.6498135062045369,0.1386027701517287,0.011078996031048689,29.044661852528634,30,0.6852430555555556,0.14302083333333335,0.5422222222222222,60.31534024485114,9.267957334414927,"{'alpha': 0.1, 'beta': 0.9, 'gamma': 0.0, 'source': 'phase3_tuning'}"
test,cpu_heavy,homog,low,binpack,1006,0.7,0.7051039737049327,0.14897371024895628,0.7051039737049327,10.897297297297298,50.0,8.0,12.0,549,549,0,549,444,105,0,1.0,0.8087431693989071,8.88,0.0,0.0,10.026107011217766,11.807177807095577,1.0,1.0000000000000002,0.6414460253334265,0.13517213575743736,0.0,21.726118489859008,24,0.6776041666666667,0.1434375,0.5341666666666666,61.30146475106547,8.955740327403154,{}
test,cpu_heavy,homog,low,spread,1006,0.7,0.7051039737049327,0.14897371024895628,0.7051039737049327,10.897297297297298,50.0,8.0,12.0,549,549,0,549,444,105,0,1.0,0.8087431693989071,8.88,0.0,0.0,10.026107011217766,11.807177807095577,1.0,1.0000000000000002,0.6414460253334265,0.13517213575743736,0.0,29.332696828171002,30,0.6776041666666667,0.1434375,0.5341666666666666,61.30146475106547,8.955740327403154,{}
test,cpu_heavy,homog,low,tetris,1006,0.7,0.7051039737049327,0.14897371024895628,0.7051039737049327,10.897297297297298,50.0,8.0,12.0,549,549,0,549,444,105,0,1.0,0.8087431693989071,8.88,0.0,0.0,10.026107011217766,11.807177807095577,1.0,1.0000000000000002,0.6414460253334265,0.13517213575743736,0.0,29.331919284190867,30,0.6776041666666667,0.1434375,0.5341666666666666,61.30146475106547,8.955740327403154,{}
test,cpu_heavy,homog,low,hybrid,1006,0.7,0.7051039737049327,0.14897371024895628,0.7051039737049327,10.897297297297298,50.0,8.0,12.0,549,549,0,549,444,105,0,1.0,0.8087431693989071,8.88,0.0,0.0,10.026107011217766,11.807177807095577,1.0,1.0000000000000002,0.6414460253334265,0.13517213575743736,0.0,29.225354855213453,30,0.6776041666666667,0.1434375,0.5341666666666666,61.30146475106547,8.955740327403154,"{'alpha': 0.1, 'beta': 0.9, 'gamma': 0.0, 'source': 'phase3_tuning'}"
test,cpu_heavy,homog,low,binpack,1007,0.7,0.7181324065741082,0.15215053897506853,0.7181324065741082,10.897297297297298,50.0,8.0,12.0,556,556,0,556,430,126,0,1.0,0.7733812949640287,8.6,0.0,0.0,10.032059862561077,11.8622289024747,1.0,1.0000000000000004,0.635345562799149,0.13594573981621963,0.0,21.81194256094651,28,0.8489583333333334,0.178125,0.6708333333333333,61.73716209496486,9.005920925629106,{}
test,cpu_heavy,homog,low,spread,1007,0.7,0.7181324065741082,0.15215053897506853,0.7181324065741082,10.897297297297298,50.0,8.0,12.0,556,556,0,556,430,126,0,1.0,0.7733812949640287,8.6,0.007879803796980337,0.0,10.039939666358057,11.871057243360449,1.0007875477258936,1.0000000000000004,0.635345562799149,0.1359457398162198,0.08762341822242135,29.051755585938466,30,0.8489583333333334,0.178125,0.6708333333333333,61.73716209496486,9.005920925629106,{}
test,cpu_heavy,homog,low,tetris,1007,0.7,0.7181324065741082,0.15215053897506853,0.7181324065741082,10.897297297297298,50.0,8.0,12.0,556,556,0,556,430,126,0,1.0,0.7733812949640287,8.6,0.0072526930266644,0.0,10.03931255558774,11.871057243360449,1.0006870612786705,1.0000000000000004,0.6353024445260912,0.13593927207526088,0.08064994645650814,29.051755585938476,30,0.8489583333333334,0.178125,0.6708333333333333,61.73716209496486,9.005920925629106,{}
test,cpu_heavy,homog,low,hybrid,1007,0.7,0.7181324065741082,0.15215053897506853,0.7181324065741082,10.897297297297298,50.0,8.0,12.0,556,556,0,556,430,126,0,1.0,0.7733812949640287,8.6,0.0061993546836249655,0.0,10.0382592172447,11.871057243360449,1.0005765252050758,1.0000000000000004,0.6351599925165717,0.1359179042738331,0.06893682408190963,28.813743582939082,30,0.8489583333333334,0.178125,0.6708333333333333,61.73716209496486,9.005920925629106,"{'alpha': 0.1, 'beta': 0.9, 'gamma': 0.0, 'source': 'phase3_tuning'}"
test,cpu_heavy,homog,low,binpack,1008,0.7,0.6756589778144649,0.14225918320561232,0.6756589778144649,10.897297297297298,50.0,8.0,12.0,528,528,0,528,408,120,0,1.0,0.7727272727272727,8.16,0.0,0.0,9.985129502674512,11.76318217783753,1.0,1.0000000000000004,0.6099238442792513,0.12656523099239336,0.0,21.050785846221938,24,0.7359375,0.1615625,0.574375,60.916521374936536,8.667599332374879,{}
test,cpu_heavy,homog,low,spread,1008,0.7,0.6756589778144649,0.14225918320561232,0.6756589778144649,10.897297297297298,50.0,8.0,12.0,528,528,0,528,408,120,0,1.0,0.7727272727272727,8.16,0.0,0.0,9.985129502674512,11.76318217783753,1.0,1.0000000000000004,0.6099238442792513,0.12656523099239336,0.0,29.241537282814324,30,0.7359375,0.1615625,0.574375,60.916521374936536,8.667599332374879,{}
test,cpu_heavy,homog,low,tetris,1008,0.7,0.6756589778144649,0.14225918320561232,0.6756589778144649,10.897297297297298,50.0,8.0,12.0,528,528,0,528,408,120,0,1.0,0.7727272727272727,8.16,0.0,0.0,9.985129502674512,11.76318217783753,1.0,1.0000000000000004,0.6099238442792513,0.12656523099239336,0.0,29.24127445296818,30,0.7359375,0.1615625,0.574375,60.916521374936536,8.667599332374879,{}
test,cpu_heavy,homog,low,hybrid,1008,0.7,0.6756589778144649,0.14225918320561232,0.6756589778144649,10.897297297297298,50.0,8.0,12.0,528,528,0,528,408,120,0,1.0,0.7727272727272727,8.16,0.0,0.0,9.985129502674512,11.76318217783753,1.0,1.0000000000000004,0.6099238442792513,0.12656523099239336,0.0,29.12428431822337,30,0.7359375,0.1615625,0.574375,60.916521374936536,8.667599332374879,"{'alpha': 0.1, 'beta': 0.9, 'gamma': 0.0, 'source': 'phase3_tuning'}"
test,cpu_heavy,homog,low,binpack,1009,0.7,0.7070936136100054,0.14847889359941852,0.7070936136100054,10.897297297297298,50.0,8.0,12.0,551,551,0,551,450,101,0,1.0,0.8166969147005445,9.0,0.0,0.0,9.972977574558342,11.819581440255803,1.0,1.0000000000000004,0.6530461009724042,0.13815877943635835,0.0,22.6016110191525,23,0.5956597222222223,0.11864583333333333,0.4770138888888889,61.103800985316646,9.017442304978806,{}
test,cpu_heavy,homog,low,spread,1009,0.7,0.7070936136100054,0.14847889359941852,0.7070936136100054,10.897297297297298,50.0,8.0,12.0,551,551,0,551,450,101,0,1.0,0.8166969147005445,9.0,0.000591538921897903,0.0,9.97356911348024,11.819581440255803,1.0000680386624092,1.0000000000000004,0.6530461009724045,0.13815877943635838,0.006518758919314891,29.27144180345221,30,0.5956597222222223,0.11864583333333334,0.4770138888888889,61.103800985316646,9.017442304978806,{}
test,cpu_heavy,homog,low,tetris,1009,0.7,0.7070936136100054,0.14847889359941852,0.7070936136100054,10.897297297297298,50.0,8.0,12.0,551,551,0,551,450,101,0,1.0,0.8166969147005445,9.0,0.0018451279382694927,0.0,9.974822702496612,11.819581440255803,1.000200411186888,1.0000000000000004,0.6530461009724046,0.13815877943635838,0.02033330987972981,29.2714418034522,30,0.5956597222222223,0.11864583333333334,0.4770138888888889,61.103800985316646,9.017442304978806,{}
test,cpu_heavy,homog,low,hybrid,1009,0.7,0.7070936136100054,0.14847889359941852,0.7070936136100054,10.897297297297298,50.0,8.0,12.0,551,551,0,551,450,101,0,1.0,0.8166969147005445,9.0,0.0014468392138416023,0.0,9.974424413772184,11.819581440255803,1.0001638431049316,1.0000000000000004,0.6530461009724045,0.13815877943635843,0.01594416813653446,29.200352461306856,30,0.5956597222222223,0.11864583333333334,0.4770138888888889,61.103800985316646,9.017442304978806,"{'alpha': 0.1, 'beta': 0.9, 'gamma': 0.0, 'source': 'phase3_tuning'}"
test,cpu_heavy,homog,med,binpack,1000,1.0,1.0121589174091319,0.2126311989699562,1.0121589174091319,15.567567567567568,50.0,8.0,12.0,795,795,0,768,609,159,27,0.9660377358490566,0.7660377358490567,12.18,1.0844501256110501,3.7918471954882946,11.018129897970056,14.140625804005097,1.1115295775439766,1.406069255432002,0.8717976044953661,0.18348981406890708,16.328210950869547,27.18443153225558,30,0.9640625,0.2153125,0.7487499999999999,64.14808100402945,12.393200038985768,{}
test,cpu_heavy,homog,med,spread,1000,1.0,1.0121589174091319,0.2126311989699562,1.0121589174091319,15.567567567567568,50.0,8.0,12.0,795,795,0,766,611,155,29,0.9635220125786164,0.7685534591194969,12.22,1.181181159194841,6.2441195408645385,11.114860931553846,15.786322162565412,1.1216311918672663,1.6165234112769764,0.8643771120997211,0.18295091853760018,17.849147104574936,29.29241230164626,30,0.9690972222222223,0.2070833333333333,0.7620138888888889,64.44153463088672,12.336763929562872,{}
test,cpu_heavy,homog,med,tetris,1000,1.0,1.0121589174091319,0.2126311989699562,1.0121589174091319,15.567567567567568,50.0,8.0,12.0,795,795,0,762,608,154,33,0.9584905660377359,0.7647798742138365,12.16,1.3606413469709586,6.9922399616812,11.294321119329963,16.760703243362812,1.1401941503230242,1.7104429271764081,0.8566721075264455,0.18159381797830718,20.43951404030689,29.292412301646237,30,0.9621527777777777,0.20291666666666666,0.7592361111111111,64.63257882357536,12.300298308846314,{}
test,cpu_heavy,homog,med,hybrid,1000,1.0,1.0121589174091319,0.2126311989699562,1.0121589174091319,15.567567567567568,50.0,8.0,12.0,795,795,0,762,607,155,33,0.9584905660377359,0.7635220125786164,12.14,1.4295544981682167,7.338355352756423,11.36323427052722,17.2814329667409,1.1477388369808383,1.7590921598892664,0.8546243604261986,0.1815403629869845,21.48456333564436,29.19391710871274,30,0.9649305555555556,0.20645833333333333,0.7584722222222222,64.94801291344064,12.240559246355005,"{'alpha': 0.1, 'beta': 0.9, 'gamma': 0.0, 'source': 'phase3_tuning'}"
test,cpu_heavy,homog,med,binpack,1001,1.0,0.9968952377735381,0.21061486760040582,0.9968952377735381,15.567567567567568,50.0,8.0,12.0,774,774,0,753,609,144,21,0.9728682170542635,0.7868217054263565,12.18,0.7028994510034685,3.463516995007957,10.727716233465543,13.513011146003361,1.0716407244956427,1.3382449736274182,0.8622999819989762,0.18499055459598154,10.502803539970607,27.132069562599842,30,0.9651041666666667,0.1865625,0.7785416666666667,63.82328121561066,12.127236100338347,{}
test,cpu_heavy,homog,med,spread,1001,1.0,0.9968952377735381,0.21061486760040582,0.9968952377735381,15.567567567567568,50.0,8.0,12.0,774,774,0,745,600,145,29,0.962532299741602,0.7751937984496124,12.0,0.8801647806155902,3.8081534058062836,10.904981563077664,13.952960888794294,1.0894818764042777,1.3731763747456385,0.8567896982242322,0.1839956436729507,13.02520360969087,29.449438089875876,30,0.9553819444444444,0.18822916666666664,0.7671527777777778,64.40581857117074,12.017547749116831,{}
test,cpu_heavy,homog,med,tetris,1001,1.0,0.9968952377735381,0.21061486760040582,0.9968952377735381,15.567567567567568,50.0,8.0,12.0,774,774,0,743,600,143,31,0.9599483204134367,0.7751937984496124,12.0,0.9123594786950744,3.9048982585583047,10.937176261157148,14.141066384756655,1.0927341323900064,1.385256296030094,0.8530517910304881,0.1834127685206983,13.453639551458169,29.449438089875912,30,0.9498263888888889,0.18739583333333334,0.7624305555555555,64.70828997287146,11.961373115013465,{}
test,cpu_heavy,homog,med,hybrid,1001,1.0,0.9968952377735381,0.21061486760040582,0.9968952377735381,15.567567567567568,50.0,8.0,12.0,774,774,0,748,603,145,26,0.9664082687338501,0.7790697674418605,12.06,0.8870448534237647,4.616588704386615,10.91186163588584,14.621211152848971,1.0902209479643108,1.4689132064623038,0.8540195552222615,0.18363395359370915,13.062049422303057,29.248485350671263,30,0.9553819444444444,0.18822916666666664,0.7671527777777778,64.63045493615132,11.97577830396889,"{'alpha': 0.1, 'beta': 0.9, 'gamma': 0.0, 'source': 'phase3_tuning'}"
test,cpu_heavy,homog,med,binpack,1002,1.0,0.994014453624528,0.20932491449708596,0.994014453624528,15.567567567567568,50.0,8.0,12.0,774,774,0,759,608,151,15,0.9806201550387597,0.7855297157622739,12.16,0.6210085770300706,2.671297070723739,10.595358617202539,13.065809355230122,1.0629619822133962,1.2705128874529386,0.8660280124765937,0.18516877789930955,9.423305621029023,27.198737409029437,30,0.9642361111111111,0.19229166666666667,0.7719444444444444,63.08057497478798,12.270021322877161,{}
test,cpu_heavy,homog,med,spread,1002,1.0,0.994014453624528,0.20932491449708596,0.994014453624528,15.567567567567568,50.0,8.0,12.0,774,774,0,757,604,153,17,0.9780361757105943,0.7803617571059431,12.08,0.7952007685280863,3.7032812376526394,10.769550808700556,14.056558108740532,1.0805107325189498,1.3855638952592482,0.8587993053710727,0.1841946842359893,11.80492576254441,29.496438078673982,30,0.9614583333333333,0.19499999999999998,0.7664583333333332,64.18379401542923,12.059118845700164,{}
test,cpu_heavy,homog,med,tetris,1002,1.0,0.994014453624528,0.20932491449708596,0.994014453624528,15.567567567567568,50.0,8.0,12.0,774,774,0,753,600,153,21,0.9728682170542635,0.7751937984496124,12.0,0.8191220541513893,4.075304571668688,10.793472094323858,14.47149821989391,1.0829072046458326,1.3906855109446008,0.859544084997,0.18396756200120476,12.30248284580044,29.496438078674004,30,0.9671875,0.1946875,0.7725000000000001,63.492774194058086,12.190363546477926,{}
test,cpu_heavy,homog,med,hybrid,1002,1.0,0.994014453624528,0.20932491449708596,0.994014453624528,15.567567567567568,50.0,8.0,12.0,774,774,0,754,601,153,20,0.9741602067183462,0.7764857881136951,12.02,0.8577872329694801,3.658743604452056,10.832137273141948,14.157250904323877,1.0869616285202963,1.3713906804637936,0.8569470255106799,0.18353002711609576,12.901361322347114,29.378814712694503,30,0.9645833333333333,0.19625,0.7683333333333333,63.41252717174477,12.205790157262134,"{'alpha': 0.1, 'beta': 0.9, 'gamma': 0.0, 'source': 'phase3_tuning'}"
test,cpu_heavy,homog,med,binpack,1003,1.0,0.9308304197021454,0.19654740715126653,0.9308304197021454,15.567567567567568,50.0,8.0,12.0,725,725,0,722,567,155,3,0.9958620689655172,0.7820689655172414,11.34,0.08958818958761708,0.6476940214986939,10.088945185539357,11.927550568917525,1.0091829332284081,1.0676045443323645,0.8166670963498031,0.17019550672381262,1.287761554618159,26.873496525330342,30,0.9597222222222223,0.21583333333333332,0.7438888888888889,62.003981535043444,11.692797495435743,{}
test,cpu_heavy,homog,med,spread,1003,1.0,0.9308304197021454,0.19654740715126653,0.9308304197021454,15.567567567567568,50.0,8.0,12.0,725,725,0,715,563,152,10,0.9862068965517241,0.776551724137931,11.26,0.14138093603470844,0.9000421394573355,10.140737931986449,11.965303914921666,1.0144434785480319,1.0881277933439224,0.8138181393443289,0.16974363530997322,1.974158332964246,29.53214160413427,30,0.960763888888889,0.20895833333333333,0.7518055555555556,62.71985833035879,11.559337334298036,{}
test,cpu_heavy,homog,med,tetris,1003,1.0,0.9308304197021454,0.19654740715126653,0.9308304197021454,15.567567567567568,50.0,8.0,12.0,725,725,0,715,563,152,10,0.9862068965517241,0.776551724137931,11.26,0.16385310090759667,0.916392601238293,10.163210096859338,11.982130719165198,1.0167600226690645,1.0940349824367959,0.8128837923684032,0.16952293672317512,2.2851583137529787,29.532141604134303,30,0.9565972222222222,0.20833333333333334,0.748263888888889,62.62478095887689,11.576886799429728,{}
test,cpu_heavy,homog,med,hybrid,1003,1.0,0.9308304197021454,0.19654740715126653,0.9308304197021454,15.567567567567568,50.0,8.0,12.0,725,725,0,714,562,152,11,0.9848275862068966,0.7751724137931034,11.24,0.16162624476871224,1.032839474451336,10.160983240720451,11.979584877447849,1.0164213596572789,1.102096935903258,0.8135135374058449,0.16964667390542243,2.256782309884638,29.368385886223614,30,0.9539930555555556,0.20989583333333334,0.7440972222222223,62.51106406413281,11.597946873151784,"{'alpha': 0.1, 'beta': 0.9, 'gamma': 0.0, 'source': 'phase3_tuning'}"
test,cpu_heavy,homog,med,binpack,1004,1.0,1.0102883714770823,0.21232800316686268,1.0102883714770823,15.567567567567568,50.0,8.0,12.0,780,780,0,754,603,151,26,0.9666666666666667,0.7730769230769231,12.06,0.9140267276482936,5.469850370070553,10.961120686764902,15.366333797505604,1.0923935976961425,1.5598234751482465,0.8514029714746485,0.1817084737809201,13.31675240939847,26.746838384799698,30,0.9725694444444444,0.20604166666666665,0.7665277777777778,65.97747598833058,11.822216420312266,{}
test,cpu_heavy,homog,med,spread,1004,1.0,1.0102883714770823,0.21232800316686268,1.0102883714770823,15.567567567567568,50.0,8.0,12.0,780,780,0,749,599,150,31,0.9602564102564103,0.767948717948718,11.98,1.0088771019154035,6.060901948315497,11.055971061032013,15.925194254850808,1.1020097137063347,1.595401277263333,0.8475496768165545,0.18113931025658972,14.512315711199154,29.26830557132682,30,0.9614583333333333,0.204375,0.7570833333333333,66.5070132389776,11.728086438000906,{}
test,cpu_heavy,homog,med,tetris,1004,1.0,1.0102883714770823,0.21232800316686268,1.0102883714770823,15.567567567567568,50.0,8.0,12.0,780,780,0,748,599,149,32,0.958974358974359,0.767948717948718,11.98,1.0797529051904804,7.454458502640321,11.126846864307089,17.493737383051723,1.1091543844993332,1.7361836527620558,0.8427964556606459,0.18067232993066928,15.349550591501098,29.268305571326763,30,0.9461805555555556,0.20208333333333334,0.7440972222222223,66.72994699584319,11.688904833816045,{}
test,cpu_heavy,homog,med,hybrid,1004,1.0,1.0102883714770823,0.21232800316686268,1.0102883714770823,15.567567567567568,50.0,8.0,12.0,780,780,0,744,596,148,36,0.9538461538461539,0.764102564102564,11.92,1.1167047195959365,7.550116219074468,11.163798678712546,17.72122708106503,1.1128727095599362,1.7345096971394107,0.8406610229935646,0.18031610669281778,15.767795964074596,29.108711674221112,30,0.9350694444444444,0.20354166666666668,0.7315277777777778,66.81819121987107,11.673467745233364,"{'alpha': 0.1, 'beta': 0.9, 'gamma': 0.0, 'source': 'phase3_tuning'}"
test,cpu_heavy,homog,med,binpack,1005,1.0,0.9940952629227197,0.21140440594863394,0.9940952629227197,15.567567567567568,50.0,8.0,12.0,775,775,0,762,616,146,13,0.983225806451613,0.7948387096774193,12.32,0.9306789166243928,4.791016292811243,10.947246290846302,14.796274526172681,1.0946946872522043,1.4589332773226686,0.8674399296021826,0.18697663354724883,14.158341800974425,27.274910493522338,30,0.9571180555555556,0.18614583333333332,0.7709722222222222,62.70773486953857,12.358921935425712,{}
test,cpu_heavy,homog,med,spread,1005,1.0,0.9940952629227197,0.21140440594863394,0.9940952629227197,15.567567567567568,50.0,8.0,12.0,775,775,0,761,611,150,14,0.9819354838709677,0.7883870967741935,12.22,1.0696194104220815,4.859156142036014,11.086186784643989,14.78076445574796,1.1089247211272306,1.444088362630646,0.8655159002172327,0.18666667356971015,16.226458758352223,29.380256012361222,30,0.9682291666666667,0.1878125,0.7804166666666666,63.50523191677647,12.203718915878248,{}
test,cpu_heavy,homog,med,tetris,1005,1.0,0.9940952629227197,0.21140440594863394,0.9940952629227197,15.567567567567568,50.0,8.0,12.0,775,775,0,756,611,145,19,0.9754838709677419,0.7883870967741935,12.22,1.2117323361562262,6.040709870986575,11.228299710378135,15.996787844905441,1.1232525440359165,1.5663309691101117,0.8552538230474478,0.1851050962518525,18.15344138878284,29.380256012361247,30,0.9402777777777778,0.18166666666666667,0.7586111111111111,63.91427260666026,12.125617149231864,{}
test,cpu_heavy,homog,med,hybrid,1005,1.0,0.9940952629227197,0.21140440594863394,0.9940952629227197,15.567567567567568,50.0,8.0,12.0,775,775,0,756,610,146,19,0.9754838709677419,0.7870967741935484,12.2,1.2053109350960047,5.1045326302592,11.221878309317912,15.192117292895738,1.1227495763644506,1.5176136109933434,0.86042502037324,0.1857585209912614,18.23849103188109,29.244392973455373,30,0.952951388888889,0.18552083333333333,0.7674305555555556,63.173842406479956,12.267735671568168,"{'alpha': 0.1, 'beta': 0.9, 'gamma': 0.0, 'source': 'phase3_tuning'}"
test,cpu_heavy,homog,med,binpack,1006,1.0,1.0079706804752202,0.21237900792041378,1.0079706804752202,15.567567567567568,50.0,8.0,12.0,781,781,0,762,611,151,19,0.9756722151088348,0.7823303457106274,12.22,0.8313442844922044,2.8911423678090387,10.85349304114931,13.63868953613535,1.0836291167000611,1.2940236832517764,0.8700889195021966,0.18589735418900966,12.58952262192658,27.284114540820283,30,0.9699652777777777,0.18572916666666664,0.7842361111111111,63.7768224172973,12.245828035925793,{}
test,cpu_heavy,homog,med,spread,1006,1.0,1.0079706804752202,0.21237900792041378,1.0079706804752202,15.567567567567568,50.0,8.0,12.0,781,781,0,764,613,151,17,0.9782330345710627,0.7848911651728553,12.26,0.9152213010456081,3.3282755302474953,10.937370057702713,14.060852017690763,1.0918607791528983,1.3246876769755547,0.866303255146814,0.18555584317462714,13.721807380910475,29.5345381959509,30,0.9600694444444444,0.18229166666666666,0.7777777777777778,64.74188941010824,12.063287110030826,{}
test,cpu_heavy,homog,med,tetris,1006,1.0,1.0079706804752202,0.21237900792041378,1.0079706804752202,15.567567567567568,50.0,8.0,12.0,781,781,0,758,605,153,23,0.970550576184379,0.7746478873239436,12.1,1.1144160673526902,4.2839045558593725,11.136564824009795,14.657412886269796,1.1119994975705112,1.3801441438107431,0.8593072114521597,0.18431266536700894,16.788074406245354,29.534538195950823,30,0.96875,0.190625,0.778125,64.86689818281559,12.04003924773608,{}
test,cpu_heavy,homog,med,hybrid,1006,1.0,1.0079706804752202,0.21237900792041378,1.0079706804752202,15.567567567567568,50.0,8.0,12.0,781,781,0,761,610,151,20,0.9743918053777209,0.7810499359795134,12.2,1.06493521203496,3.47581068915936,11.087083968692067,14.254891759177632,1.1070554166248756,1.3415381518916583,0.862151485748186,0.18462216707019216,16.032192209185,29.428005304529275,30,0.9684027777777777,0.18666666666666665,0.7817361111111112,64.50687096251487,12.107237389546324,"{'alpha': 0.1, 'beta': 0.9, 'gamma': 0.0, 'source': 'phase3_tuning'}"
test,cpu_heavy,homog,med,binpack,1007,1.0,1.0946647283927033,0.22982239675608215,1.0946647283927033,15.567567567567568,50.0,8.0,12.0,849,849,0,755,594,161,94,0.889281507656066,0.6996466431095406,11.88,1.9821886315759496,7.564256995438612,12.005341033241455,17.502801260213857,1.201787317796978,1.7884926232817784,0.8467010652828827,0.17851921763102324,26.56990676132939,26.51273989968588,30,0.9722222222222222,0.21770833333333334,0.7545138888888889,70.2373947183784,12.087578182592381,{}
test,cpu_heavy,homog,med,spread,1007,1.0,1.0946647283927033,0.22982239675608215,1.0946647283927033,15.567567567567568,50.0,8.0,12.0,849,849,0,749,588,161,100,0.8822143698468787,0.6925795053003534,11.76,2.1472451146852207,7.558225696983058,12.170397516350727,17.79580118158487,1.2182700011328595,1.8148138884364973,0.8415071693609394,0.17708560674133494,28.90136630690745,29.336228910156976,30,0.9753472222222223,0.21583333333333332,0.7595138888888889,70.65334403722821,12.016416371639117,{}
test,cpu_heavy,homog,med,tetris,1007,1.0,1.0946647283927033,0.22982239675608215,1.0946647283927033,15.567567567567568,50.0,8.0,12.0,849,849,0,761,597,164,88,0.8963486454652533,0.7031802120141343,11.94,2.0719710989014213,10.886246702013366,12.095123500566928,20.544085558649883,1.2109788668559678,2.0788096331203474,0.8378881585263481,0.17819315088643123,27.430603993256035,29.336228910157004,30,0.9737847222222222,0.21989583333333332,0.7538888888888889,71.29669788024025,11.907984875065285,{}
test,cpu_heavy,homog,med,hybrid,1007,1.0,1.0946647283927033,0.22982239675608215,1.0946647283927033,15.567567567567568,50.0,8.0,12.0,849,849,0,761,599,162,88,0.8963486454652533,0.7055359246171967,11.98,2.0247913769745693,9.654134422558208,12.047943778640075,19.320290218856947,1.2061472394319697,1.9787824285012552,0.8418775649017347,0.17858681829542458,27.11550525906063,29.29818160091694,30,0.9708333333333333,0.2175,0.7533333333333334,70.63905386193,12.018847274758837,"{'alpha': 0.1, 'beta': 0.9, 'gamma': 0.0, 'source': 'phase3_tuning'}"
test,cpu_heavy,homog,med,binpack,1008,1.0,0.9960939499979271,0.21017890620865712,0.9960939499979271,15.567567567567568,50.0,8.0,12.0,777,777,0,755,601,154,22,0.9716859716859717,0.7734877734877735,12.02,0.44093898637174855,1.7646276981078088,10.403759324454745,12.666129874406089,1.045005935903899,1.190674487861186,0.8612968539903265,0.18340809267100341,6.357220731649659,27.192955323283158,30,0.9631944444444444,0.20854166666666665,0.7546527777777778,62.858730301348416,12.36105146055316,{}
test,cpu_heavy,homog,med,spread,1008,1.0,0.9960939499979271,0.21017890620865712,0.9960939499979271,15.567567567567568,50.0,8.0,12.0,777,777,0,755,600,155,22,0.9716859716859717,0.7722007722007722,12.0,0.5554524682540053,2.0591976572856936,10.518272806337002,12.971952325935256,1.0564795573755987,1.2145764911671906,0.8566391293653268,0.18278126916897744,8.074426497386467,29.469076097970063,30,0.9659722222222222,0.20895833333333333,0.7570138888888889,63.145384814399314,12.304937285342465,{}
test,cpu_heavy,homog,med,tetris,1008,1.0,0.9960939499979271,0.21017890620865712,0.9960939499979271,15.567567567567568,50.0,8.0,12.0,777,777,0,752,598,154,25,0.9678249678249679,0.7696267696267697,11.96,0.6745830102043077,2.3291621129027718,10.637403348287306,13.165672987707495,1.0687541656292345,1.2441132961643202,0.8539566058131074,0.18228672495059542,9.79791130141832,29.469076097970014,30,0.9616319444444444,0.20635416666666667,0.7552777777777777,63.613253424513196,12.214435800269651,{}
test,cpu_heavy,homog,med,hybrid,1008,1.0,0.9960939499979271,0.21017890620865712,0.9960939499979271,15.567567567567568,50.0,8.0,12.0,777,777,0,750,597,153,27,0.9652509652509652,0.7683397683397684,11.94,0.6295690420183452,2.253802698062451,10.592389380101343,12.973885742448594,1.0641362764482238,1.220753564656405,0.8556051604141695,0.18238812579455704,9.116484667470914,29.424895249110733,30,0.9572916666666667,0.200625,0.7566666666666666,63.34508472898669,12.266145089619638,"{'alpha': 0.1, 'beta': 0.9, 'gamma': 0.0, 'source': 'phase3_tuning'}"
test,cpu_heavy,homog,med,binpack,1009,1.0,1.029249429458197,0.21645474745752227,1.029249429458197,15.567567567567568,50.0,8.0,12.0,802,802,0,760,606,154,42,0.9476309226932669,0.7556109725685786,12.12,1.3790556487141699,4.429328891650037,11.368168388673196,14.597148421549825,1.1405912873751773,1.4729669795382463,0.8712704578110683,0.18418477865904095,20.82845208519149,27.287699054101257,30,0.9710069444444444,0.20697916666666666,0.7640277777777779,64.42628924374995,12.448334513970208,{}
test,cpu_heavy,homog,med,spread,1009,1.0,1.029249429458197,0.21645474745752227,1.029249429458197,15.567567567567568,50.0,8.0,12.0,802,802,0,770,610,160,32,0.9600997506234414,0.7605985037406484,12.2,1.3761377350962496,6.845266683601139,11.365250475055277,16.58018626488102,1.1404412881706292,1.7142375595428976,0.8667155468405913,0.18508857786972663,20.848948018668175,29.49000926241652,30,0.9715277777777778,0.20979166666666668,0.7617361111111111,65.39331146459853,12.264251221383285,{}
test,cpu_heavy,homog,med,tetris,1009,1.0,1.029249429458197,0.21645474745752227,1.029249429458197,15.567567567567568,50.0,8.0,12.0,802,802,0,762,602,160,40,0.9501246882793017,0.7506234413965087,12.04,1.531397365957338,6.2927143154973635,11.520510105916365,16.071494412017778,1.1558485286430957,1.6429328870718332,0.8631412707963156,0.1840120056573713,23.21616552499318,29.490009262416553,30,0.9741319444444444,0.21135416666666668,0.7627777777777778,65.46065261791053,12.251634652670218,{}
test,cpu_heavy,homog,med,hybrid,1009,1.0,1.029249429458197,0.21645474745752227,1.029249429458197,15.567567567567568,50.0,8.0,12.0,802,802,0,762,602,160,40,0.9501246882793017,0.7506234413965087,12.04,1.620792359921605,7.277162249931308,11.609905099880633,17.07524097131895,1.1651671038158138,1.764811621929296,0.8587605349122778,0.1835633868146106,24.372152497571843,29.35619064298612,30,0.9673611111111111,0.21229166666666668,0.7550694444444445,65.9608501391261,12.15872746194756,"{'alpha': 0.1, 'beta': 0.9, 'gamma': 0.0, 'source': 'phase3_tuning'}"
test,cpu_heavy,homog,high,binpack,1000,1.3,1.3529552317421343,0.2861358286990734,1.3529552317421343,20.23783783783784,50.0,8.0,12.0,1056,1056,0,846,679,167,210,0.8011363636363636,0.6429924242424242,13.58,6.137210707174589,20.200149594897972,16.102452941030965,29.738825490883634,1.6244656677376408,2.999388680604827,0.9034654859598495,0.20125778822115653,91.6763034566241,27.90327091668244,30,0.9722222222222222,0.21770833333333334,0.7545138888888889,80.74780350278601,13.077755111488143,{}
test,cpu_heavy,homog,high,spread,1000,1.3,1.3529552317421343,0.2861358286990734,1.3529552317421343,20.23783783783784,50.0,8.0,12.0,1056,1056,0,836,671,165,220,0.7916666666666666,0.6354166666666666,13.42,6.330642018941115,20.907979869566972,16.29588425279749,30.321535060172593,1.6438631596721511,3.0663399774234863,0.8947043153438575,0.19924102384900214,93.48412808841866,29.455701770497168,30,0.9677083333333333,0.219375,0.7483333333333333,81.16368329956693,13.010745164218473,{}
test,cpu_heavy,homog,high,tetris,1000,1.3,1.3529552317421343,0.2861358286990734,1.3529552317421343,20.23783783783784,50.0,8.0,12.0,1056,1056,0,831,668,163,225,0.7869318181818182,0.6325757575757576,13.36,6.555333592101121,18.37446029335411,16.520575825957494,28.924702778725376,1.6651688783959864,2.989867196512604,0.8909185266251894,0.19799522900705907,94.95047584337856,29.455701770497107,30,0.9746527777777777,0.22041666666666665,0.754236111111111,81.5474932886082,12.949509021235828,{}
test,cpu_heavy,homog,high,hybrid,1000,1.3,1.3529552317421343,0.2861358286990734,1.3529552317421343,20.23783783783784,50.0,8.0,12.0,1056,1056,0,836,672,164,220,0.7916666666666666,0.6363636363636364,13.44,6.392962903934351,18.82135077453892,16.358205137790726,28.676755927883065,1.6492464876843653,2.989265914970577,0.8938858424004402,0.19863308676975017,93.58429993817643,29.43479717821349,30,0.974826388888889,0.21927083333333333,0.7555555555555556,80.43084713480988,13.129291032208599,"{'alpha': 0.1, 'beta': 0.9, 'gamma': 0.0, 'source': 'phase3_tuning'}"
test,cpu_heavy,homog,high,binpack,1001,1.3,1.274487846507389,0.2679917253396153,1.274487846507389,20.23783783783784,50.0,8.0,12.0,995,995,0,826,666,160,169,0.8301507537688442,0.6693467336683417,13.32,5.29248477288672,18.19776207506598,15.284397510535621,27.856459798878404,1.5399045657113308,2.788050581667223,0.8983347803852859,0.19774998723012838,81.63523982710062,27.914969731877207,30,0.9657986111111111,0.20697916666666666,0.7588194444444445,76.84527160179968,12.948096600607208,{}
test,cpu_heavy,homog,high,spread,1001,1.3,1.274487846507389,0.2679917253396153,1.274487846507389,20.23783783783784,50.0,8.0,12.0,995,995,0,829,669,160,166,0.8331658291457287,0.6723618090452261,13.38,5.098177157829139,18.933810221080307,15.09008989547804,28.54770654278492,1.520337262801495,2.8706112589106483,0.8989620384652198,0.19788405053139307,78.79474305478976,29.576490838366016,30,0.970486111111111,0.20416666666666666,0.7663194444444444,76.41015318364994,13.021829672406778,{}
test,cpu_heavy,homog,high,tetris,1001,1.3,1.274487846507389,0.2679917253396153,1.274487846507389,20.23783783783784,50.0,8.0,12.0,995,995,0,832,669,163,163,0.8361809045226131,0.6723618090452261,13.38,5.049239059757777,19.714954551207505,15.041151797406677,29.270500635132073,1.5151181369525004,2.9126477336527836,0.8987091642677967,0.19928853565378102,78.2880052373674,29.576490838366016,30,0.9725694444444444,0.21229166666666668,0.7602777777777778,75.97233566793221,13.09687258200208,{}
test,cpu_heavy,homog,high,hybrid,1001,1.3,1.274487846507389,0.2679917253396153,1.274487846507389,20.23783783783784,50.0,8.0,12.0,995,995,0,831,668,163,164,0.8351758793969849,0.671356783919598,13.36,5.046169474628039,19.396404042861064,15.03808221227694,28.882480775616763,1.5146820013022537,2.8909886256508246,0.899246156643122,0.1989365937472949,78.27980480865202,29.542466231587653,30,0.9751736111111111,0.2107291666666667,0.7644444444444445,75.98772111931514,13.09422082072525,"{'alpha': 0.1, 'beta': 0.9, 'gamma': 0.0, 'source': 'phase3_tuning'}"
test,cpu_heavy,homog,high,binpack,1002,1.3,1.3079252616384318,0.27413610605566785,1.3079252616384318,20.23783783783784,50.0,8.0,12.0,1019,1019,0,836,671,165,183,0.8204121687929342,0.6584887144259077,13.42,5.48287991504483,17.1729306369619,15.443189804636587,27.044109427037867,1.5557407261522709,2.6712649534350104,0.900798463700727,0.19688270392888427,83.13936249695533,27.895453990452747,30,0.9765625,0.2078125,0.76875,78.10917072792276,13.045843279395156,{}
test,cpu_heavy,homog,high,spread,1002,1.3,1.3079252616384318,0.27413610605566785,1.3079252616384318,20.23783783783784,50.0,8.0,12.0,1019,1019,0,826,665,161,193,0.8105986261040236,0.6526005888125613,13.3,5.460555309978226,17.78598638866098,15.420865199569983,27.9810597679906,1.5532676968799999,2.6862143319761187,0.9008072547204415,0.19533524765397453,83.03433282528125,29.612644675903102,30,0.976388888888889,0.21520833333333333,0.7611805555555555,78.37074001834927,13.00230162126091,{}
test,cpu_heavy,homog,high,tetris,1002,1.3,1.3079252616384318,0.27413610605566785,1.3079252616384318,20.23783783783784,50.0,8.0,12.0,1019,1019,0,832,668,164,187,0.81648675171737,0.6555446516192346,13.36,5.539371386524544,15.76761812035869,15.499681276116302,26.246157953541505,1.5615938927989084,2.6596975057938175,0.8978965301120313,0.19615629531011902,83.13471444601811,29.612644675903056,30,0.9795138888888889,0.21020833333333336,0.7693055555555556,78.35833352133089,13.004360279339087,{}
test,cpu_heavy,homog,high,hybrid,1002,1.3,1.3079252616384318,0.27413610605566785,1.3079252616384318,20.23783783783784,50.0,8.0,12.0,1019,1019,0,827,666,161,192,0.8115799803729146,0.6535819430814525,13.32,5.581683262613828,16.00911970878905,15.541993152205585,26.36917075479539,1.565965107265715,2.65688886278713,0.8970717816609209,0.19592465448521829,83.68589596153744,29.52477396269749,30,0.9737847222222222,0.20739583333333333,0.7663888888888889,78.32073659138075,13.010602866471785,"{'alpha': 0.1, 'beta': 0.9, 'gamma': 0.0, 'source': 'phase3_tuning'}"
test,cpu_heavy,homog,high,binpack,1003,1.3,1.2235419503124079,0.2577471485975586,1.2235419503124079,20.23783783783784,50.0,8.0,12.0,952,952,0,813,654,159,139,0.8539915966386554,0.6869747899159664,13.08,3.557281014969689,15.204247631612361,13.554452326129484,25.098905146834177,1.3598411915304245,2.499456151082999,0.8953267579570994,0.19605449044177947,52.46762564821004,27.88454608790276,30,0.9697916666666667,0.22125,0.7485416666666667,73.8868646672382,12.884563505130316,{}
test,cpu_heavy,homog,high,spread,1003,1.3,1.2235419503124079,0.2577471485975586,1.2235419503124079,20.23783783783784,50.0,8.0,12.0,952,952,0,821,655,166,131,0.8623949579831933,0.6880252100840336,13.1,3.7296205717759907,14.144600543495876,13.726791882935785,23.97755688119694,1.3775235175202263,2.3814679903751577,0.8900023526771583,0.19571848289207175,54.83360717859282,29.640108926257163,30,0.9741319444444444,0.23010416666666667,0.7440277777777777,73.68915129685121,12.919133729264157,{}
test,cpu_heavy,homog,high,tetris,1003,1.3,1.2235419503124079,0.2577471485975586,1.2235419503124079,20.23783783783784,50.0,8.0,12.0,952,952,0,809,647,162,143,0.8497899159663865,0.6796218487394958,12.94,3.758590979760344,14.183187679955843,13.75576229092014,24.07907603651993,1.3804847640852551,2.3896894266585695,0.8892186275331794,0.1947603374173744,55.61368866481118,29.64010892625717,30,0.975,0.230625,0.744375,73.68023273713213,12.920697514575398,{}
test,cpu_heavy,homog,high,hybrid,1003,1.3,1.2235419503124079,0.2577471485975586,1.2235419503124079,20.23783783783784,50.0,8.0,12.0,952,952,0,808,645,163,144,0.8487394957983193,0.6775210084033614,12.9,3.7349566933298224,13.315501006987695,13.732128004489619,22.935268289410196,1.37817629269642,2.261379238448371,0.8934465123058538,0.19403866668388475,55.18461667519277,29.55847571170826,30,0.9793402777777778,0.23010416666666667,0.7492361111111111,73.0723849504759,13.028177479703295,"{'alpha': 0.1, 'beta': 0.9, 'gamma': 0.0, 'source': 'phase3_tuning'}"
test,cpu_heavy,homog,high,binpack,1004,1.3,1.2845850926183235,0.27024281750793744,1.2845850926183235,20.23783783783784,50.0,8.0,12.0,995,995,0,820,653,167,175,0.8241206030150754,0.6562814070351759,13.06,5.8392781457453715,18.917742857751563,15.876851648419706,28.49147893813025,1.5914560094132446,2.8300525945497044,0.8926884791256677,0.19625075248344587,90.64061711573541,27.653759187833685,30,0.976388888888889,0.23395833333333332,0.7424305555555556,77.05181238303352,12.913388656631971,{}
test,cpu_heavy,homog,high,spread,1004,1.3,1.2845850926183235,0.27024281750793744,1.2845850926183235,20.23783783783784,50.0,8.0,12.0,995,995,0,819,654,165,176,0.8231155778894472,0.6572864321608041,13.08,5.84696672446262,20.055117376773296,15.884540227136954,29.727600577373543,1.5923618141535532,3.024187422624938,0.8902217831532448,0.1962342873276249,90.7940638691287,29.437158131789833,30,0.9796875,0.22468749999999998,0.755,77.53314956442914,12.83322044299473,{}
test,cpu_heavy,homog,high,tetris,1004,1.3,1.2845850926183235,0.27024281750793744,1.2845850926183235,20.23783783783784,50.0,8.0,12.0,995,995,0,820,655,165,175,0.8241206030150754,0.6582914572864321,13.1,5.892672589352239,19.831971466577194,15.930246092026573,29.41698031624683,1.5970091900848904,3.006739307308994,0.8881143209736014,0.19586897879794854,91.24875826091954,29.437158131789857,30,0.9755208333333333,0.22093749999999998,0.7545833333333333,77.67516652744774,12.809756895061192,{}
test,cpu_heavy,homog,high,hybrid,1004,1.3,1.2845850926183235,0.27024281750793744,1.2845850926183235,20.23783783783784,50.0,8.0,12.0,995,995,0,817,652,165,178,0.821105527638191,0.6552763819095477,13.04,5.9483537007040805,20.217694442516844,15.985927203378415,29.93831740187629,1.602768262741558,3.0417767470116535,0.8851552194147864,0.1951206507439403,91.75265666443437,29.32408150617396,30,0.9708333333333333,0.22062500000000002,0.7502083333333334,77.98818030711274,12.758343585935075,"{'alpha': 0.1, 'beta': 0.9, 'gamma': 0.0, 'source': 'phase3_tuning'}"
test,cpu_heavy,homog,high,binpack,1005,1.3,1.3118526014930123,0.276645007265092,1.3118526014930123,20.23783783783784,50.0,8.0,12.0,1020,1020,0,810,653,157,210,0.7941176470588235,0.6401960784313725,13.06,6.379510025130749,17.164975556670534,16.406959221019484,27.45915338361864,1.645863281391744,2.7051564346912373,0.9052673452028966,0.19471367978760082,99.98080278201348,27.9085458842162,30,0.978298611111111,0.22135416666666666,0.7569444444444444,78.07057169158848,13.065102226091389,{}
test,cpu_heavy,homog,high,spread,1005,1.3,1.3118526014930123,0.276645007265092,1.3118526014930123,20.23783783783784,50.0,8.0,12.0,1020,1020,0,829,665,164,191,0.8127450980392157,0.6519607843137255,13.3,6.13792386301317,19.63496591075963,16.165373058901906,29.952288775295102,1.6227658233319706,3.0221734726565437,0.8972115011864007,0.195542215188489,95.15904279832738,29.523273855662488,30,0.9795138888888889,0.21958333333333332,0.7599305555555556,79.3691651171355,12.851338406982764,{}
test,cpu_heavy,homog,high,tetris,1005,1.3,1.3118526014930123,0.276645007265092,1.3118526014930123,20.23783783783784,50.0,8.0,12.0,1020,1020,0,831,666,165,189,0.8147058823529412,0.6529411764705882,13.32,5.969526517433352,21.849455117852855,15.996975713322087,31.21266881564909,1.6055208956328189,3.1385980609400215,0.8974173598089217,0.19799085086932824,92.73368829617556,29.523273855662527,30,0.9796875,0.2153125,0.7643749999999999,79.6699936514555,12.802812618039734,{}
test,cpu_heavy,homog,high,hybrid,1005,1.3,1.3118526014930123,0.276645007265092,1.3118526014930123,20.23783783783784,50.0,8.0,12.0,1020,1020,0,832,666,166,188,0.8156862745098039,0.6529411764705882,13.32,5.960748027159397,20.52270024408956,15.988197223048132,30.16697559920498,1.6044734208833555,3.0383851661526604,0.8990294542429436,0.19790644758578818,92.51591157117478,29.377799644901145,30,0.9809027777777778,0.21354166666666666,0.767361111111111,79.68677236470404,12.800116879270071,"{'alpha': 0.1, 'beta': 0.9, 'gamma': 0.0, 'source': 'phase3_tuning'}"
test,cpu_heavy,homog,high,binpack,1006,1.3,1.3106867528852766,0.27636136245851645,1.3106867528852766,20.23783783783784,50.0,8.0,12.0,1018,1018,0,822,661,161,196,0.8074656188605108,0.6493123772102161,13.22,5.99151235584577,16.583748292424914,16.00899165733412,26.77195956417954,1.6056025185046543,2.760959650489171,0.8964892153453305,0.20009405336013408,88.64578765810222,27.799057120266262,30,0.9727430555555556,0.20489583333333333,0.7678472222222222,78.34581093776023,12.993674936988313,{}
test,cpu_heavy,homog,high,spread,1006,1.3,1.3106867528852766,0.27636136245851645,1.3106867528852766,20.23783783783784,50.0,8.0,12.0,1018,1018,0,827,666,161,191,0.81237721021611,0.6542239685658153,13.32,5.810497393941876,17.148444079412194,15.827976695430229,27.58010512843297,1.5872533142163063,2.7816338573231123,0.8940536773104185,0.199866859099266,86.52597799846721,29.641952458423752,30,0.9743055555555556,0.20708333333333334,0.7672222222222221,78.03387899176036,13.045615739639077,{}
test,cpu_heavy,homog,high,tetris,1006,1.3,1.3106867528852766,0.27636136245851645,1.3106867528852766,20.23783783783784,50.0,8.0,12.0,1018,1018,0,818,659,159,200,0.8035363457760314,0.6473477406679764,13.18,5.750939435045087,20.992013432647752,15.76841873653344,30.669183576896017,1.5810264389279145,3.0402201278077374,0.8881073854136116,0.19992243893662903,86.54921618268037,29.641952458423784,30,0.9765625,0.2046875,0.771875,78.27054383065291,13.006170012087267,{}
test,cpu_heavy,homog,high,hybrid,1006,1.3,1.3106867528852766,0.27636136245851645,1.3106867528852766,20.23783783783784,50.0,8.0,12.0,1018,1018,0,825,663,162,193,0.8104125736738703,0.6512770137524558,13.26,5.623571170681246,19.888724153462185,15.641050472169598,29.63067382810477,1.5680826344301635,2.9515929093668896,0.8931227919410674,0.20070384744357295,84.14789914369521,29.44505377289115,30,0.9796875,0.2059375,0.7737499999999999,78.20233757129154,13.017513690968144,"{'alpha': 0.1, 'beta': 0.9, 'gamma': 0.0, 'source': 'phase3_tuning'}"
test,cpu_heavy,homog,high,binpack,1007,1.3,1.373369658923019,0.2894639044487434,1.373369658923019,20.23783783783784,50.0,8.0,12.0,1067,1067,0,819,655,164,248,0.767572633552015,0.6138706654170571,13.1,7.360354114310021,23.228022369612262,17.384271408720753,33.41813277612592,1.7462741093150138,3.381514460195884,0.88464542813062,0.19182333521863407,112.56546956853663,27.318672767569762,30,0.9774305555555556,0.22083333333333333,0.7565972222222223,82.66554018886977,12.907433950860007,{}
test,cpu_heavy,homog,high,spread,1007,1.3,1.373369658923019,0.2894639044487434,1.373369658923019,20.23783783783784,50.0,8.0,12.0,1067,1067,0,830,661,169,237,0.7778819119025304,0.619493908153702,13.22,7.200212658900247,23.75253911683683,17.224129953310978,34.04175994383794,1.7307481586713722,3.403117021423911,0.8792990165217998,0.18913419480499438,106.96260087342972,29.489406853966855,30,0.9746527777777777,0.21729166666666666,0.757361111111111,83.7798264151369,12.73576284000536,{}
test,cpu_heavy,homog,high,tetris,1007,1.3,1.373369658923019,0.2894639044487434,1.373369658923019,20.23783783783784,50.0,8.0,12.0,1067,1067,0,831,664,167,236,0.7788191190253045,0.6223055295220243,13.28,7.097250195617246,23.915844760657542,17.121167490027975,34.36238613068454,1.7197228855470263,3.430096549369511,0.8753048904313112,0.19459257985126788,105.1232059170026,29.489406853966816,30,0.9727430555555556,0.2267708333333333,0.7459722222222223,83.76170212647608,12.738518593961738,{}
test,cpu_heavy,homog,high,hybrid,1007,1.3,1.373369658923019,0.2894639044487434,1.373369658923019,20.23783783783784,50.0,8.0,12.0,1067,1067,0,824,659,165,243,0.7722586691658857,0.6176194939081537,13.18,7.201992343032312,24.002881351252093,17.225909637443046,34.17803308441153,1.7304123682379133,3.4383730329089848,0.8787870791661097,0.1922277835294886,107.8992861171455,29.39957163415111,30,0.9739583333333334,0.221875,0.7520833333333333,83.37680406288946,12.79732429172007,"{'alpha': 0.1, 'beta': 0.9, 'gamma': 0.0, 'source': 'phase3_tuning'}"
test,cpu_heavy,homog,high,binpack,1008,1.3,1.2931947104637689,0.2715744644660458,1.2931947104637689,20.23783783783784,50.0,8.0,12.0,1008,1008,0,817,651,166,191,0.810515873015873,0.6458333333333334,13.02,5.385616980553632,15.01199884802498,15.372965600546253,25.430956664746752,1.5461077760279098,2.5562727919234685,0.8992526580746113,0.1978543338112027,80.05254390345418,27.871841208000777,30,0.9762152777777777,0.20072916666666665,0.7754861111111111,76.9732636790965,13.095456159977543,{}
test,cpu_heavy,homog,high,spread,1008,1.3,1.2931947104637689,0.2715744644660458,1.2931947104637689,20.23783783783784,50.0,8.0,12.0,1008,1008,0,823,656,167,185,0.816468253968254,0.6507936507936508,13.12,5.392298067071479,15.140445266626827,15.379646687064099,25.57811087631879,1.5470341613325214,2.5770449705702383,0.8975379763930122,0.19774828617608214,79.85097972190724,29.59159699843846,30,0.9795138888888889,0.20708333333333334,0.7724305555555555,77.92652956531703,12.935261016020318,{}
test,cpu_heavy,homog,high,tetris,1008,1.3,1.2931947104637689,0.2715744644660458,1.2931947104637689,20.23783783783784,50.0,8.0,12.0,1008,1008,0,822,659,163,186,0.8154761904761905,0.6537698412698413,13.18,5.446449422354342,15.707829761053247,15.433798042346963,25.98562928662875,1.5525266006801584,2.628620676124496,0.891351495152479,0.19741534113663117,79.68288994137043,29.591596998438476,30,0.9647569444444444,0.1951041666666667,0.7696527777777777,77.67614530337974,12.976957031828166,{}
test,cpu_heavy,homog,high,hybrid,1008,1.3,1.2931947104637689,0.2715744644660458,1.2931947104637689,20.23783783783784,50.0,8.0,12.0,1008,1008,0,821,655,166,187,0.814484126984127,0.6498015873015873,13.1,5.532559814546997,15.541285038950747,15.519908434539618,26.00681235279579,1.5609466418981066,2.6445651298608057,0.8899262845329765,0.1969758846887039,81.06759274399946,29.481677466390153,30,0.9678819444444444,0.19947916666666668,0.7684027777777778,77.74703270216247,12.965125033922527,"{'alpha': 0.1, 'beta': 0.9, 'gamma': 0.0, 'source': 'phase3_tuning'}"
test,cpu_heavy,homog,high,binpack,1009,1.3,1.3433267025522388,0.28231185595640607,1.3433267025522388,20.23783783783784,50.0,8.0,12.0,1044,1044,0,816,653,163,228,0.7816091954022989,0.6254789272030651,13.06,6.959735783067484,18.28886348935727,16.956073651653455,29.049752475553312,1.7039003247406088,2.9394807664418603,0.9021084808554579,0.19186513817870499,106.76440251938317,27.95191558050536,30,0.9741319444444444,0.22072916666666667,0.7534027777777778,79.19281886477975,13.183013497506767,{}
test,cpu_heavy,homog,high,spread,1009,1.3,1.3433267025522388,0.28231185595640607,1.3433267025522388,20.23783783783784,50.0,8.0,12.0,1044,1044,0,817,653,164,227,0.7825670498084292,0.6254789272030651,13.06,7.004226762342245,18.28485390108564,17.000564630928213,28.855173249974506,1.7088480640748345,2.926132076525637,0.9008925115720965,0.1937656234518341,106.88882913567602,29.607699432628145,30,0.9732638888888889,0.22645833333333334,0.7468055555555555,80.0289473689934,13.045279668447693,{}
test,cpu_heavy,homog,high,tetris,1009,1.3,1.3433267025522388,0.28231185595640607,1.3433267025522388,20.23783783783784,50.0,8.0,12.0,1044,1044,0,820,655,165,224,0.7854406130268199,0.6273946360153256,13.1,7.028990344247881,18.80714079235557,17.025328212833852,29.308799048205664,1.7113845163850487,2.9686428476928075,0.8971804750974853,0.1924111587542344,106.72530261351775,29.607699432628173,30,0.9770833333333333,0.223125,0.7539583333333333,80.13174787117397,13.028543963354146,{}
test,cpu_heavy,homog,high,hybrid,1009,1.3,1.3433267025522388,0.28231185595640607,1.3433267025522388,20.23783783783784,50.0,8.0,12.0,1044,1044,0,819,653,166,225,0.7844827586206896,0.6254789272030651,13.06,7.09554698440747,18.56657078524278,17.091884852993438,29.13103629838355,1.7181547244775215,2.9640332304005104,0.8958063468364706,0.19387864386230405,107.25072696232287,29.587606299055206,30,0.9741319444444444,0.23322916666666668,0.7409027777777778,80.5115471981691,12.967084056033908,"{'alpha': 0.1, 'beta': 0.9, 'gamma': 0.0, 'source': 'phase3_tuning'}"
test,cpu_heavy,hetero,low,binpack,1000,0.7,0.7139808312341376,0.14513551716307274,0.7139808312341376,10.704373915766864,50.0,8.0,12.0,550,550,0,550,445,105,0,1.0,0.8090909090909091,8.9,0.0,0.0,9.913658863049998,11.683265819784232,1.0,1.0000000000000004,0.6450363615583519,0.12981149352070764,0.0,22.994029943057452,24,0.6725838100843317,0.19431907524705402,0.4782647348372776,61.28517005276895,8.974438669688414,{}
test,cpu_heavy,hetero,low,spread,1000,0.7,0.7139808312341376,0.14513551716307274,0.7139808312341376,10.704373915766864,50.0,8.0,12.0,550,550,0,550,445,105,0,1.0,0.8090909090909091,8.9,0.0,0.0,9.913658863049998,11.683265819784232,1.0,1.0000000000000004,0.6450363615583519,0.12981149352070764,0.0,28.891951877975174,30,0.6832596903845769,0.15310683607421158,0.5301528543103653,61.28517005276895,8.974438669688414,{}
test,cpu_heavy,hetero,low,tetris,1000,0.7,0.7139808312341376,0.14513551716307274,0.7139808312341376,10.704373915766864,50.0,8.0,12.0,550,550,0,550,445,105,0,1.0,0.8090909090909091,8.9,0.0,0.0,9.913658863049998,11.683265819784232,1.0,1.0000000000000004,0.6450363615583519,0.12981149352070764,0.0,28.258687724054948,30,0.6627509245456544,0.1925049590271501,0.4702459655185044,61.28517005276895,8.974438669688414,{}
test,cpu_heavy,hetero,low,hybrid,1000,0.7,0.7139808312341376,0.14513551716307274,0.7139808312341376,10.704373915766864,50.0,8.0,12.0,550,550,0,550,445,105,0,1.0,0.8090909090909091,8.9,0.0,0.0,9.913658863049998,11.683265819784232,1.0,1.0000000000000004,0.6450363615583519,0.12981149352070764,0.0,27.971494770509665,30,0.6689098246822395,0.19591730410350683,0.4729925205787326,61.28517005276895,8.974438669688414,"{'alpha': 0.1, 'beta': 0.9, 'gamma': 0.0, 'source': 'phase3_tuning'}"
test,cpu_heavy,hetero,low,binpack,1001,0.7,0.705210844890453,0.15513748207962172,0.705210844890453,11.363701356870251,50.0,8.0,12.0,570,570,0,570,441,129,0,1.0,0.7736842105263158,8.82,0.0,0.0,10.046576052156897,11.815601833372929,1.0,1.0000000000000004,0.6270699763244073,0.13773183164454048,0.0,22.3828826978119,27,0.8084090076318291,0.24557596144028962,0.5628330461915395,60.796488391892794,9.375541500453,{}
test,cpu_heavy,hetero,low,spread,1001,0.7,0.705210844890453,0.15513748207962172,0.705210844890453,11.363701356870251,50.0,8.0,12.0,570,570,0,570,441,129,0,1.0,0.7736842105263158,8.82,0.0,0.0,10.046576052156897,11.815601833372929,1.0,1.0000000000000004,0.6270699763244073,0.13773183164454048,0.0,29.15855898078512,30,0.8031042379601865,0.19569437777017748,0.607409860190009,60.796488391892794,9.375541500453,{}
test,cpu_heavy,hetero,low,tetris,1001,0.7,0.705210844890453,0.15513748207962172,0.705210844890453,11.363701356870251,50.0,8.0,12.0,570,570,0,570,441,129,0,1.0,0.7736842105263158,8.82,0.0,0.0,10.046576052156897,11.815601833372929,1.0,1.0000000000000004,0.6270699763244073,0.13773183164454048,0.0,28.07619931349682,30,0.8006477253046538,0.24354642503126187,0.557101300273392,60.796488391892794,9.375541500453,{}
test,cpu_heavy,hetero,low,hybrid,1001,0.7,0.705210844890453,0.15513748207962172,0.705210844890453,11.363701356870251,50.0,8.0,12.0,570,570,0,570,441,129,0,1.0,0.7736842105263158,8.82,0.0,0.0,10.046576052156897,11.815601833372929,1.0,1.0000000000000004,0.6270699763244073,0.13773183164454048,0.0,27.71242413240775,30,0.805269763261376,0.24841345859236472,0.5571083645321938,60.796488391892794,9.375541500453,"{'alpha': 0.1, 'beta': 0.9, 'gamma': 0.0, 'source': 'phase3_tuning'}"
test,cpu_heavy,hetero,low,binpack,1002,0.7,0.6963214088449694,0.1604864177255421,0.6963214088449694,11.496360227711255,50.0,8.0,12.0,574,574,0,574,450,124,0,1.0,0.7839721254355401,9.0,0.0,0.0,9.956115613704448,11.789594486043502,1.0,1.0000000000000004,0.6188096653281978,0.14315511767662628,0.0,22.015451847359806,25,0.7641469768102086,0.22084933689535097,0.5432976399148577,60.46811640409551,9.492605924154814,{}
test,cpu_heavy,hetero,low,spread,1002,0.7,0.6963214088449694,0.1604864177255421,0.6963214088449694,11.496360227711255,50.0,8.0,12.0,574,574,0,574,450,124,0,1.0,0.7839721254355401,9.0,0.0,0.0,9.956115613704448,11.789594486043502,1.0,1.0000000000000004,0.6188096653281978,0.14315511767662628,0.0,29.23101535291864,30,0.7548494600396721,0.17765850014915227,0.5771909598905199,60.46811640409551,9.492605924154814,{}
test,cpu_heavy,hetero,low,tetris,1002,0.7,0.6963214088449694,0.1604864177255421,0.6963214088449694,11.496360227711255,50.0,8.0,12.0,574,574,0,574,450,124,0,1.0,0.7839721254355401,9.0,0.0,0.0,9.956115613704448,11.789594486043502,1.0,1.0000000000000004,0.6188096653281978,0.14315511767662628,0.0,28.22241184109553,30,0.7469874985803948,0.2293930561240739,0.5175944424563208,60.46811640409551,9.492605924154814,{}
test,cpu_heavy,hetero,low,hybrid,1002,0.7,0.6963214088449694,0.1604864177255421,0.6963214088449694,11.496360227711255,50.0,8.0,12.0,574,574,0,574,450,124,0,1.0,0.7839721254355401,9.0,0.0,0.0,9.956115613704448,11.789594486043502,1.0,1.0000000000000004,0.6188096653281978,0.14315511767662628,0.0,27.870551674311155,30,0.7585639347162497,0.23049421462789316,0.5280697200883565,60.46811640409551,9.492605924154814,"{'alpha': 0.1, 'beta': 0.9, 'gamma': 0.0, 'source': 'phase3_tuning'}"
test,cpu_heavy,hetero,low,binpack,1003,0.7,0.6264530424085021,0.12489936439274008,0.6264530424085021,11.183126206739233,50.0,8.0,12.0,498,498,0,498,401,97,0,1.0,0.8052208835341366,8.02,0.0,0.0,10.012711942983316,11.846584094838269,1.0,1.0000000000000002,0.5650187640027994,0.11375686725916408,0.0,20.838220431745185,24,0.616315189901347,0.138980539761667,0.47733465013968,60.82156763487741,8.187884978394207,{}
test,cpu_heavy,hetero,low,spread,1003,0.7,0.6264530424085021,0.12489936439274008,0.6264530424085021,11.183126206739233,50.0,8.0,12.0,498,498,0,498,401,97,0,1.0,0.8052208835341366,8.02,0.0,0.0,10.012711942983316,11.846584094838269,1.0,1.0000000000000002,0.5650187640027994,0.11375686725916408,0.0,29.25061442092874,30,0.6157638983168706,0.11452641973981997,0.5012374785770507,60.82156763487741,8.187884978394207,{}
test,cpu_heavy,hetero,low,tetris,1003,0.7,0.6264530424085021,0.12489936439274008,0.6264530424085021,11.183126206739233,50.0,8.0,12.0,498,498,0,498,401,97,0,1.0,0.8052208835341366,8.02,0.0,0.0,10.012711942983316,11.846584094838269,1.0,1.0000000000000002,0.5650187640027994,0.11375686725916408,0.0,28.783787313880357,30,0.6118016155029466,0.13845569969343918,0.4733459158095075,60.82156763487741,8.187884978394207,{}
test,cpu_heavy,hetero,low,hybrid,1003,0.7,0.6264530424085021,0.12489936439274008,0.6264530424085021,11.183126206739233,50.0,8.0,12.0,498,498,0,498,401,97,0,1.0,0.8052208835341366,8.02,0.0,0.0,10.012711942983316,11.846584094838269,1.0,1.0000000000000002,0.5650187640027994,0.11375686725916408,0.0,28.444854147501882,30,0.6133398289982855,0.14515043999165997,0.46818938900662566,60.82156763487741,8.187884978394207,"{'alpha': 0.1, 'beta': 0.9, 'gamma': 0.0, 'source': 'phase3_tuning'}"
test,cpu_heavy,hetero,low,binpack,1004,0.7,0.6980684328301339,0.14397109507011482,0.6980684328301339,10.409921946583134,50.0,8.0,12.0,514,514,0,514,397,117,0,1.0,0.7723735408560312,7.94,0.0,0.0,10.116533962795602,11.826916835397633,1.0,1.0000000000000004,0.6219402817402491,0.12866356731992512,0.0,22.30895317623102,29,0.8227667345152859,0.19746614939264287,0.6253005851226431,61.713773765063905,8.328772794817723,{}
test,cpu_heavy,hetero,low,spread,1004,0.7,0.6980684328301339,0.14397109507011482,0.6980684328301339,10.409921946583134,50.0,8.0,12.0,514,514,0,514,397,117,0,1.0,0.7723735408560312,7.94,0.0,0.0,10.116533962795602,11.826916835397633,1.0,1.0000000000000004,0.6219402817402491,0.12866356731992512,0.0,28.848505996936183,30,0.8072828797397599,0.16796953903575293,0.639313340704007,61.713773765063905,8.328772794817723,{}
test,cpu_heavy,hetero,low,tetris,1004,0.7,0.6980684328301339,0.14397109507011482,0.6980684328301339,10.409921946583134,50.0,8.0,12.0,514,514,0,514,397,117,0,1.0,0.7723735408560312,7.94,0.0,0.0,10.116533962795602,11.826916835397633,1.0,1.0000000000000004,0.6219402817402491,0.12866356731992512,0.0,28.339269364985483,30,0.8101472427747076,0.19381763273098057,0.6163296100437271,61.713773765063905,8.328772794817723,{}
test,cpu_heavy,hetero,low,hybrid,1004,0.7,0.6980684328301339,0.14397109507011482,0.6980684328301339,10.409921946583134,50.0,8.0,12.0,514,514,0,514,397,117,0,1.0,0.7723735408560312,7.94,0.0,0.0,10.116533962795602,11.826916835397633,1.0,1.0000000000000004,0.6219402817402491,0.12866356731992512,0.0,28.057214043580707,30,0.8061024549970282,0.19637995508723188,0.6097224999097963,61.713773765063905,8.328772794817723,"{'alpha': 0.1, 'beta': 0.9, 'gamma': 0.0, 'source': 'phase3_tuning'}"
test,cpu_heavy,hetero,low,binpack,1005,0.7,0.7231388234679231,0.1512089874449097,0.7231388234679231,10.947055174460507,50.0,8.0,12.0,562,562,0,562,455,107,0,1.0,0.8096085409252669,9.1,0.0,0.0,10.009712978821534,11.718869763106698,1.0,1.0000000000000004,0.6552225471580626,0.13745750302059373,0.0,23.252375565706078,23,0.6903359942905464,0.20564220262806512,0.4846937916624812,61.383162382719405,9.15560518853643,{}
test,cpu_heavy,hetero,low,spread,1005,0.7,0.7231388234679231,0.1512089874449097,0.7231388234679231,10.947055174460507,50.0,8.0,12.0,562,562,0,562,455,107,0,1.0,0.8096085409252669,9.1,0.0,0.0,10.009712978821534,11.718869763106698,1.0,1.0000000000000004,0.6552225471580626,0.13745750302059373,0.0,29.112838700250173,30,0.6925232101644431,0.14695415047170393,0.5455690596927391,61.383162382719405,9.15560518853643,{}
test,cpu_heavy,hetero,low,tetris,1005,0.7,0.7231388234679231,0.1512089874449097,0.7231388234679231,10.947055174460507,50.0,8.0,12.0,562,562,0,562,455,107,0,1.0,0.8096085409252669,9.1,0.0,0.0,10.009712978821534,11.718869763106698,1.0,1.0000000000000004,0.6552225471580626,0.13745750302059373,0.0,28.380385923171676,30,0.6704572876232588,0.20068964636875475,0.469767641254504,61.383162382719405,9.15560518853643,{}
test,cpu_heavy,hetero,low,hybrid,1005,0.7,0.7231388234679231,0.1512089874449097,0.7231388234679231,10.947055174460507,50.0,8.0,12.0,562,562,0,562,455,107,0,1.0,0.8096085409252669,9.1,0.0,0.0,10.009712978821534,11.718869763106698,1.0,1.0000000000000004,0.6552225471580626,0.13745750302059373,0.0,28.1082994598943,30,0.6660419623409388,0.20062527640573033,0.46932672124006997,61.383162382719405,9.15560518853643,"{'alpha': 0.1, 'beta': 0.9, 'gamma': 0.0, 'source': 'phase3_tuning'}"
test,cpu_heavy,hetero,low,binpack,1006,0.7,0.7167936197400964,0.1427108576785618,0.7167936197400964,10.5251274289712,50.0,8.0,12.0,538,538,0,538,425,113,0,1.0,0.7899628252788105,8.5,0.0,0.0,10.020990214650594,11.826247321352206,1.0,1.0000000000000002,0.6451072497200204,0.12757959773038052,0.0,23.384809681266656,27,0.7560639393557121,0.20472419906619593,0.5513397402895162,60.76094222265328,8.854372238477557,{}
test,cpu_heavy,hetero,low,spread,1006,0.7,0.7167936197400964,0.1427108576785618,0.7167936197400964,10.5251274289712,50.0,8.0,12.0,538,538,0,538,425,113,0,1.0,0.7899628252788105,8.5,0.0,0.0,10.020990214650594,11.826247321352206,1.0,1.0000000000000002,0.6451072497200204,0.12757959773038052,0.0,29.218189531175167,30,0.7461946672657124,0.1659176793805162,0.5802769878851961,60.76094222265328,8.854372238477557,{}
test,cpu_heavy,hetero,low,tetris,1006,0.7,0.7167936197400964,0.1427108576785618,0.7167936197400964,10.5251274289712,50.0,8.0,12.0,538,538,0,538,425,113,0,1.0,0.7899628252788105,8.5,0.0,0.0,10.020990214650594,11.826247321352206,1.0,1.0000000000000002,0.6451072497200204,0.12757959773038052,0.0,28.594918537185805,30,0.7320698666911195,0.2043503051497262,0.5277195615413933,60.76094222265328,8.854372238477557,{}
test,cpu_heavy,hetero,low,hybrid,1006,0.7,0.7167936197400964,0.1427108576785618,0.7167936197400964,10.5251274289712,50.0,8.0,12.0,538,538,0,538,425,113,0,1.0,0.7899628252788105,8.5,0.0,0.0,10.020990214650594,11.826247321352206,1.0,1.0000000000000002,0.6451072497200204,0.12757959773038052,0.0,28.285133844252513,30,0.7348852492452486,0.20638923720342126,0.5284960120418273,60.76094222265328,8.854372238477557,"{'alpha': 0.1, 'beta': 0.9, 'gamma': 0.0, 'source': 'phase3_tuning'}"
test,cpu_heavy,hetero,low,binpack,1007,0.7,0.7178397033657269,0.1316937102156436,0.7178397033657269,10.964553980633987,50.0,8.0,12.0,560,560,0,560,432,128,0,1.0,0.7714285714285715,8.64,0.00028352594290399806,0.0,10.037266299207012,11.871057243360449,1.0000240835918175,1.0000000000000004,0.6337320877723728,0.11763641819066532,0.0031754905605247785,22.808665746076613,29,0.8746768887274429,0.19429108938323372,0.6803857993442093,61.786187013516,9.063514469301975,{}
test,cpu_heavy,hetero,low,spread,1007,0.7,0.7178397033657269,0.1316937102156436,0.7178397033657269,10.964553980633987,50.0,8.0,12.0,560,560,0,560,432,128,0,1.0,0.7714285714285715,8.64,0.006741955877495259,0.0,10.043724729141603,11.872617006534886,1.0006918676930177,1.0000000000000004,0.6337320877723726,0.11763641819066528,0.0755099058279469,29.018982628897366,30,0.868124993222658,0.16538411817155865,0.7027408750510994,61.786187013516,9.063514469301975,{}
test,cpu_heavy,hetero,low,tetris,1007,0.7,0.7178397033657269,0.1316937102156436,0.7178397033657269,10.964553980633987,50.0,8.0,12.0,560,560,0,560,432,128,0,1.0,0.7714285714285715,8.64,0.010170721638177215,0.0,10.047153494902286,11.874912481112055,1.0010640874960215,1.0000000000000004,0.633675104676581,0.11762896021642293,0.1139120823475848,28.21045696689852,30,0.8623160641890865,0.1961167765958193,0.6661992875932672,61.786187013516,9.063514469301975,{}
test,cpu_heavy,hetero,low,hybrid,1007,0.7,0.7178397033657269,0.1316937102156436,0.7178397033657269,10.964553980633987,50.0,8.0,12.0,560,560,0,560,432,128,0,1.0,0.7714285714285715,8.64,0.009748262363823366,0.0,10.046731035627932,11.872617006534886,1.0009880787205,1.0000000000000004,0.6337281494601155,0.11763590274251406,0.1091805384748217,27.98248385933107,30,0.8652989233632878,0.19477388781347535,0.6705250355498126,61.786187013516,9.063514469301975,"{'alpha': 0.1, 'beta': 0.9, 'gamma': 0.0, 'source': 'phase3_tuning'}"
test,cpu_heavy,hetero,low,binpack,1008,0.7,0.6700545698869802,0.13137462962774132,0.6700545698869802,10.203589830388777,50.0,8.0,12.0,487,487,0,487,388,99,0,1.0,0.7967145790554415,7.76,0.0,0.0,10.010551526958837,11.769138536703394,1.0,1.0000000000000004,0.6050723870039066,0.11878634835499544,0.0,22.08433147549032,21,0.6415891142105317,0.17555977990780583,0.46602933430272575,61.489057286324574,7.920108414287087,{}
test,cpu_heavy,hetero,low,spread,1008,0.7,0.6700545698869802,0.13137462962774132,0.6700545698869802,10.203589830388777,50.0,8.0,12.0,487,487,0,487,388,99,0,1.0,0.7967145790554415,7.76,0.0,0.0,10.010551526958837,11.769138536703394,1.0,1.0000000000000004,0.6050723870039066,0.11878634835499544,0.0,29.16971862301589,30,0.6371304357414657,0.13558672590085616,0.5015437098406096,61.489057286324574,7.920108414287087,{}
test,cpu_heavy,hetero,low,tetris,1008,0.7,0.6700545698869802,0.13137462962774132,0.6700545698869802,10.203589830388777,50.0,8.0,12.0,487,487,0,487,388,99,0,1.0,0.7967145790554415,7.76,0.000579428615693185,0.0,10.01113095557453,11.769138536703394,1.0000628102492766,1.0000000000000004,0.6050723870039066,0.11878634835499544,0.005643634716851622,28.355083271064046,30,0.6171108962612296,0.17385358384609673,0.44325731241513294,61.489057286324574,7.920108414287087,{}
test,cpu_heavy,hetero,low,hybrid,1008,0.7,0.6700545698869802,0.13137462962774132,0.6700545698869802,10.203589830388777,50.0,8.0,12.0,487,487,0,487,388,99,0,1.0,0.7967145790554415,7.76,0.00017267909906531096,0.0,10.010724206057901,11.769138536703394,1.000018371159108,1.0000000000000004,0.6050723870039066,0.11878634835499544,0.0016818944248961287,27.987959980645055,30,0.6185122808233495,0.1727715531847279,0.4457407276386217,61.489057286324574,7.920108414287087,"{'alpha': 0.1, 'beta': 0.9, 'gamma': 0.0, 'source': 'phase3_tuning'}"
test,cpu_heavy,hetero,low,binpack,1009,0.7,0.7116933090353985,0.12818135262846142,0.7116933090353985,10.429945998293396,50.0,8.0,12.0,530,530,0,530,427,103,0,1.0,0.8056603773584906,8.54,0.0,0.0,9.986569699985068,11.834172421199042,1.0,1.0000000000000004,0.6550822375481457,0.11804841467249559,0.0,23.16548038951987,23,0.6376958667610797,0.1461006910107857,0.491595175750294,60.98765083789169,8.6902838971248,{}
test,cpu_heavy,hetero,low,spread,1009,0.7,0.7116933090353985,0.12818135262846142,0.7116933090353985,10.429945998293396,50.0,8.0,12.0,530,530,0,530,427,103,0,1.0,0.8056603773584906,8.54,0.00024872647617752526,0.0,9.986818426461245,11.834172421199042,1.0000275659593834,1.0000000000000004,0.6550822375481457,0.11804841467249559,0.002636500647481768,29.19637963765516,30,0.6624460161242948,0.12874074340905783,0.5337052727152369,60.98765083789169,8.6902838971248,{}
test,cpu_heavy,hetero,low,tetris,1009,0.7,0.7116933090353985,0.12818135262846142,0.7116933090353985,10.429945998293396,50.0,8.0,12.0,530,530,0,530,427,103,0,1.0,0.8056603773584906,8.54,0.0012733299375067193,0.0,9.987843029922574,11.834172421199042,1.000124485397355,1.0000000000000004,0.6550822375481455,0.11804841467249563,0.013497297337571226,28.6556833039215,30,0.6554804957084035,0.15697350311854177,0.4985069925898618,60.98765083789169,8.6902838971248,{}
test,cpu_heavy,hetero,low,hybrid,1009,0.7,0.7116933090353985,0.12818135262846142,0.7116933090353985,10.429945998293396,50.0,8.0,12.0,530,530,0,530,427,103,0,1.0,0.8056603773584906,8.54,0.003789118240960288,0.0,9.990358818226028,11.834172421199042,1.0004019553539851,1.0000000000000004,0.6550822375481455,0.11804841467249556,0.04016465335417905,28.461720336928014,30,0.6447133392154729,0.1537131298355926,0.49100020937988037,60.98765083789169,8.6902838971248,"{'alpha': 0.1, 'beta': 0.9, 'gamma': 0.0, 'source': 'phase3_tuning'}"
test,cpu_heavy,hetero,med,binpack,1000,1.0,1.025065431085965,0.20984868047331723,1.025065431085965,15.291962736809806,50.0,8.0,12.0,787,787,0,748,595,153,39,0.9504447268106735,0.7560355781448539,11.9,1.1806151009062438,6.136795005573163,11.113049157285673,15.908239255251068,1.1210727123728004,1.6113591861813343,0.8704233494213363,0.17839237076756873,17.57759938715712,27.463101566259983,30,0.9738914178474084,0.23588319327095528,0.7380082245764531,65.29023437783675,12.053870038903597,{}
test,cpu_heavy,hetero,med,spread,1000,1.0,1.025065431085965,0.20984868047331723,1.025065431085965,15.291962736809806,50.0,8.0,12.0,787,787,0,747,594,153,40,0.9491740787801779,0.7547649301143583,11.88,1.2272832011945651,6.0206046550349654,11.159717257573996,15.931341908241347,1.1258634201138815,1.642298976638928,0.8694583627305302,0.17813601076159347,18.215652354021802,29.230365614515108,30,0.9726082739251579,0.2325083649715805,0.7400999089535775,65.67093359510814,11.983992870456527,{}
test,cpu_heavy,hetero,med,tetris,1000,1.0,1.025065431085965,0.20984868047331723,1.025065431085965,15.291962736809806,50.0,8.0,12.0,787,787,0,739,590,149,48,0.9390088945362135,0.7496823379923762,11.8,1.4694094915969722,5.6150754184797975,11.401843547976402,15.451616559539772,1.1505679213107807,1.5668076030845899,0.864144122905816,0.1764429847012864,21.638893724958105,28.801894582602216,30,0.9624344538903317,0.24130065438466147,0.7211337995056702,65.76179355702443,11.967435153932714,{}
test,cpu_heavy,hetero,med,hybrid,1000,1.0,1.025065431085965,0.20984868047331723,1.025065431085965,15.291962736809806,50.0,8.0,12.0,787,787,0,739,587,152,48,0.9390088945362135,0.7458703939008895,11.74,1.643433335108832,5.635120165262574,11.575867391488263,15.626030164073121,1.1683083764240951,1.5713897915643404,0.8566824277039788,0.17513028439291659,24.130690657178057,28.649100533359732,30,0.9631466646548107,0.24852966685313377,0.7146169978016769,66.67643570065518,11.803270401754045,"{'alpha': 0.1, 'beta': 0.9, 'gamma': 0.0, 'source': 'phase3_tuning'}"
test,cpu_heavy,hetero,med,binpack,1001,1.0,0.9947131240218774,0.21875024485675257,0.9947131240218774,16.233859081243217,50.0,8.0,12.0,809,809,0,787,635,152,22,0.9728059332509271,0.7849196538936959,12.7,0.6092769477895017,2.893077130538977,10.627760048812556,13.002490463422324,1.0623278000223941,1.2792803660174266,0.8625043679614741,0.19312599590970803,9.448263523207386,27.38429521788306,30,0.9595104180516881,0.226730689547915,0.7327797285037732,62.30757554900728,12.983974948017206,{}
test,cpu_heavy,hetero,med,spread,1001,1.0,0.9947131240218774,0.21875024485675257,0.9947131240218774,16.233859081243217,50.0,8.0,12.0,809,809,0,789,635,154,20,0.9752781211372065,0.7849196538936959,12.7,0.5978858920344056,2.9935314349425965,10.616368993057462,13.194811196006704,1.0612174389082045,1.2977459454814764,0.8634898680707949,0.1933517576556943,9.277338686239675,29.45959250081336,30,0.961179996180335,0.22519243445265982,0.7359875617276753,62.649837655851215,12.913042240332812,{}
test,cpu_heavy,hetero,med,tetris,1001,1.0,0.9947131240218774,0.21875024485675257,0.9947131240218774,16.233859081243217,50.0,8.0,12.0,809,809,0,784,631,153,25,0.969097651421508,0.7799752781211372,12.62,0.710288347753696,3.020478675824748,10.728771448776751,13.411378412672441,1.0725859283729462,1.3044758701829189,0.8584942122199816,0.192469023403842,10.991354947596918,28.794760910561337,30,0.9543656091660925,0.22830273295881182,0.7260628762072805,62.901985583104185,12.861279218780366,{}
test,cpu_heavy,hetero,med,hybrid,1001,1.0,0.9947131240218774,0.21875024485675257,0.9947131240218774,16.233859081243217,50.0,8.0,12.0,809,809,0,784,630,154,25,0.969097651421508,0.7787391841779975,12.6,0.7265086208632596,3.2056656602973206,10.744991721886315,13.517478724467491,1.0741755953135441,1.3150779915805424,0.8584914650805904,0.19245923112848973,11.28019505427617,28.566054678240178,30,0.9488652882242096,0.231763360565794,0.7171019276584155,62.82091233212752,12.877877285877393,"{'alpha': 0.1, 'beta': 0.9, 'gamma': 0.0, 'source': 'phase3_tuning'}"
test,cpu_heavy,hetero,med,binpack,1002,1.0,0.9950652064028023,0.2273129928396684,0.9950652064028023,16.423371753873223,50.0,8.0,12.0,819,819,0,806,648,158,13,0.9841269841269841,0.7912087912087912,12.96,0.5008375546399539,2.080582211993306,10.467661488527241,12.690525529812508,1.050777632424741,1.2042310137944772,0.8685068849145496,0.201641617657922,7.902133428648813,27.52188924182466,30,0.9681177807127099,0.24575704943886115,0.7223607312738487,63.87301060299114,12.822317161321447,{}
test,cpu_heavy,hetero,med,spread,1002,1.0,0.9950652064028023,0.2273129928396684,0.9950652064028023,16.423371753873223,50.0,8.0,12.0,819,819,0,805,645,160,14,0.9829059829059829,0.7875457875457875,12.9,0.5780241214811108,2.3116574585752634,10.544848055368401,12.974751546985445,1.0584628426086273,1.2442730046221633,0.8665457360368305,0.20140982361508888,9.095014044851753,29.465574284074922,30,0.9708134549891384,0.24048720051787667,0.7303262544712619,64.04564282086454,12.787755168462285,{}
test,cpu_heavy,hetero,med,tetris,1002,1.0,0.9950652064028023,0.2273129928396684,0.9950652064028023,16.423371753873223,50.0,8.0,12.0,819,819,0,805,645,160,14,0.9829059829059829,0.7875457875457875,12.9,0.5755130846730937,2.6989750673322455,10.542337018560383,12.984959603773596,1.0579420405380686,1.2578579803841388,0.866645393885653,0.2013089480640533,8.948620543399437,28.954097873360766,30,0.9645437123286933,0.250239054238145,0.7143046580905482,64.38523898642921,12.7203069040813,{}
test,cpu_heavy,hetero,med,hybrid,1002,1.0,0.9950652064028023,0.2273129928396684,0.9950652064028023,16.423371753873223,50.0,8.0,12.0,819,819,0,802,642,160,17,0.9792429792429792,0.7838827838827839,12.84,0.6838933815060254,2.6989750673322455,10.650717315393315,13.21595730746391,1.0690671043669628,1.2805774318159513,0.8632109228303568,0.20063623784141849,10.67314888001798,28.710114074127137,30,0.961535421763502,0.2404355734609889,0.7210998483025132,64.4086431785738,12.715684721525834,"{'alpha': 0.1, 'beta': 0.9, 'gamma': 0.0, 'source': 'phase3_tuning'}"
test,cpu_heavy,hetero,med,binpack,1003,1.0,0.9374156384581271,0.18675212953093204,0.9374156384581271,15.975894581056048,50.0,8.0,12.0,748,748,0,734,576,158,14,0.9812834224598931,0.7700534759358288,11.52,0.2226634241259568,1.2522122190190217,10.220833026659419,12.176307655871938,1.0226977376103121,1.1285168997099926,0.8109883196049092,0.1613109222876184,3.097935325405329,27.133754725877864,30,0.9665317029841567,0.23230033257994645,0.7342313704042103,62.71095496493987,11.927740542592408,{}
test,cpu_heavy,hetero,med,spread,1003,1.0,0.9374156384581271,0.18675212953093204,0.9374156384581271,15.975894581056048,50.0,8.0,12.0,748,748,0,728,573,155,20,0.9732620320855615,0.766042780748663,11.46,0.285893630630646,1.869449263692296,10.284063233164108,12.522367618326216,1.0291659608541122,1.1744485606526978,0.8057900910211037,0.16056537909982635,3.874794737496105,29.46225872998964,30,0.9643233640105305,0.20596998844231906,0.7583533755682115,62.92718807377442,11.886753927778589,{}
test,cpu_heavy,hetero,med,tetris,1003,1.0,0.9374156384581271,0.18675212953093204,0.9374156384581271,15.975894581056048,50.0,8.0,12.0,748,748,0,732,575,157,16,0.9786096256684492,0.7687165775401069,11.5,0.27222686270121643,1.6129848650773582,10.270396465234677,12.350353084066171,1.0276454574423743,1.1599228300030286,0.8094681068670666,0.16106982896412272,3.793685436764895,28.868326614416084,30,0.9660440039892431,0.23453524858865438,0.7315087554005887,62.84545960721388,11.90221226282732,{}
test,cpu_heavy,hetero,med,hybrid,1003,1.0,0.9374156384581271,0.18675212953093204,0.9374156384581271,15.975894581056048,50.0,8.0,12.0,748,748,0,734,577,157,14,0.9812834224598931,0.7713903743315508,11.54,0.26410648176360113,1.5311305933086068,10.262276084297064,12.376396500521585,1.0268062803463434,1.1401130760716531,0.8089796468995933,0.16105995883606944,3.678497057621752,28.7136054294738,30,0.9708237292278407,0.22092130852928563,0.7499024206985551,62.92600854695052,11.886976740975081,"{'alpha': 0.1, 'beta': 0.9, 'gamma': 0.0, 'source': 'phase3_tuning'}"
test,cpu_heavy,hetero,med,binpack,1004,1.0,1.012053609703861,0.20869309304785033,1.012053609703861,14.871317066547336,50.0,8.0,12.0,747,747,0,713,574,139,34,0.9544846050870147,0.7684069611780455,11.48,0.9835134685811419,6.4089749712795125,11.045090663700549,16.806293292965798,1.0990004880185718,1.6370961751014146,0.8432136191117263,0.17762650552284184,13.205959869498606,26.94722883926959,30,0.9476405024977913,0.2125778109642588,0.7350626915335324,66.0650755713343,11.307033156927531,{}
test,cpu_heavy,hetero,med,spread,1004,1.0,1.012053609703861,0.20869309304785033,1.012053609703861,14.871317066547336,50.0,8.0,12.0,747,747,0,711,572,139,36,0.9518072289156626,0.7657295850066934,11.44,1.1306948742569654,7.54112486144092,11.192272069376374,17.392499237549515,1.1139054099902672,1.7128423031997764,0.8379532203918325,0.17687775884565277,14.847814125241438,29.194052725608397,30,0.9338125965146854,0.21003116553902193,0.7237814309756634,67.42478418386744,11.079012102774113,{}
test,cpu_heavy,hetero,med,tetris,1004,1.0,1.012053609703861,0.20869309304785033,1.012053609703861,14.871317066547336,50.0,8.0,12.0,747,747,0,707,566,141,40,0.9464524765729585,0.7576974564926372,11.32,1.2266473683735983,8.857773618852093,11.288224563493007,18.879717484458453,1.1230448087067846,1.8955074980634747,0.8292810082885219,0.17595387693594197,15.998280920966415,28.682733294137183,30,0.9355866439285964,0.22678427264515955,0.7088023712834368,67.25497095789257,11.106985689841226,{}
test,cpu_heavy,hetero,med,hybrid,1004,1.0,1.012053609703861,0.20869309304785033,1.012053609703861,14.871317066547336,50.0,8.0,12.0,747,747,0,710,570,140,37,0.9504685408299867,0.7630522088353414,11.4,1.1143962518692845,7.711574104464837,11.175973446988694,17.658945066964947,1.112237928153979,1.7398663827276355,0.836785775067815,0.17674177351961912,14.695256884980058,28.440834927910746,30,0.9487771895483941,0.22012945501225545,0.7286477345361386,67.08425049894475,11.135251485171626,"{'alpha': 0.1, 'beta': 0.9, 'gamma': 0.0, 'source': 'phase3_tuning'}"
test,cpu_heavy,hetero,med,binpack,1005,1.0,0.9980895179669155,0.20958285980431873,0.9980895179669155,15.638650249229297,50.0,8.0,12.0,781,781,0,765,615,150,16,0.9795134443021767,0.7874519846350833,12.3,0.9272926342626502,4.460968568990911,10.942818737635253,14.670817343075925,1.094333232405199,1.4362658636225767,0.8662650844299559,0.18434991153669983,13.956838490065373,27.47665685142087,30,0.9467169502431737,0.23512836970033538,0.7115885805428382,64.3204918688217,12.14232008040002,{}
test,cpu_heavy,hetero,med,spread,1005,1.0,0.9980895179669155,0.20958285980431873,0.9980895179669155,15.638650249229297,50.0,8.0,12.0,781,781,0,765,617,148,16,0.9795134443021767,0.7900128040973111,12.34,0.9385919948619469,4.356529269467508,10.954118098234549,14.58171741129096,1.0953711951867102,1.4261331563666666,0.8659812629047743,0.1842810872153908,14.234869134610683,29.336616919809586,30,0.9596047941865237,0.22793719013276767,0.731667604053756,64.12516009269325,12.1793068254498,{}
test,cpu_heavy,hetero,med,tetris,1005,1.0,0.9980895179669155,0.20958285980431873,0.9980895179669155,15.638650249229297,50.0,8.0,12.0,781,781,0,759,613,146,22,0.971830985915493,0.7848911651728553,12.26,1.1109124009061566,5.763779791792352,11.12643850427876,16.060500730093466,1.1130117205920191,1.58786669482986,0.8560086552270461,0.18278784638938192,16.684684748992495,28.69431689984627,30,0.9524314965297038,0.22481668480904954,0.7276148117206543,64.98956103931056,12.017314588839778,{}
test,cpu_heavy,hetero,med,hybrid,1005,1.0,0.9980895179669155,0.20958285980431873,0.9980895179669155,15.638650249229297,50.0,8.0,12.0,781,781,0,758,612,146,23,0.970550576184379,0.7836107554417413,12.24,1.2031959009485889,6.070521632227397,11.21872200432119,15.937320694602413,1.1223904810420369,1.5702608514436411,0.8535557827363118,0.18236306889805523,18.041124779618247,28.497312458582417,30,0.9433242940932594,0.23129330726413214,0.7120309868291272,64.90776116934046,12.032459384362646,"{'alpha': 0.1, 'beta': 0.9, 'gamma': 0.0, 'source': 'phase3_tuning'}"
test,cpu_heavy,hetero,med,binpack,1006,1.0,1.0057899769242729,0.20040592195559176,1.0057899769242729,15.035896327101714,50.0,8.0,12.0,757,757,0,735,587,148,22,0.9709379128137384,0.7754293262879789,11.74,0.6328172971239556,2.5564216802173974,10.644052790855854,13.06979174104687,1.0644349065774092,1.2535201538265381,0.8727521986648401,0.1762552361199094,9.118221953453375,27.61287817302823,30,0.9647027665591879,0.21367125884545143,0.7510315077137364,63.45924323981808,11.928916283152482,{}
test,cpu_heavy,hetero,med,spread,1006,1.0,1.0057899769242729,0.20040592195559176,1.0057899769242729,15.035896327101714,50.0,8.0,12.0,757,757,0,733,585,148,24,0.9682959048877147,0.7727873183619551,11.7,0.7552601905115243,3.4711580269439963,10.766495684243424,13.624114232678618,1.077062177631257,1.3331711376871245,0.8654973262416522,0.17527261660063695,10.773137745760014,29.483198965335536,30,0.9656696415752706,0.20401677386123265,0.7616528677140378,64.40613307381464,11.753539047786283,{}
test,cpu_heavy,hetero,med,tetris,1006,1.0,1.0057899769242729,0.20040592195559176,1.0057899769242729,15.035896327101714,50.0,8.0,12.0,757,757,0,731,584,147,26,0.9656538969616909,0.7714663143989432,11.68,0.836235209808673,2.9680525693509594,10.847470703540573,13.57297175403103,1.0852706118046362,1.3223100035722857,0.8645567611669976,0.17508671396896616,11.96749626038808,28.988514264903465,30,0.9709913297850405,0.21497989284740635,0.7560114369376342,64.24413904371596,11.783176041706888,{}
test,cpu_heavy,hetero,med,hybrid,1006,1.0,1.0057899769242729,0.20040592195559176,1.0057899769242729,15.035896327101714,50.0,8.0,12.0,757,757,0,731,584,147,26,0.9656538969616909,0.7714663143989432,11.68,0.8109037235408441,3.5067155268888826,10.822139217272742,13.691365408229348,1.0828094219745203,1.3488734490145518,0.8654745880098127,0.17535742858240383,11.603413556108373,28.839759610254543,30,0.9664651487683595,0.2149560616413517,0.7515090871270078,64.28237608136037,11.776167063922571,"{'alpha': 0.1, 'beta': 0.9, 'gamma': 0.0, 'source': 'phase3_tuning'}"
test,cpu_heavy,hetero,med,binpack,1007,1.0,1.0912898330379825,0.20062686134553245,1.0912898330379825,15.663648543762838,50.0,8.0,12.0,854,854,0,763,601,162,91,0.8934426229508197,0.7037470725995316,12.02,1.9873448253366557,7.391910055773039,12.005708278433374,17.44501629022306,1.2028178182070925,1.7629552861399362,0.846515298228145,0.15601999498914196,26.804014270162966,26.84804286899685,30,0.9740778658961644,0.21033910295409672,0.7637387629420677,69.48898621438616,12.28971735701043,{}
test,cpu_heavy,hetero,med,spread,1007,1.0,1.0912898330379825,0.20062686134553245,1.0912898330379825,15.663648543762838,50.0,8.0,12.0,854,854,0,765,601,164,89,0.8957845433255269,0.7037470725995316,12.02,1.9959102158348854,8.369427631154956,12.014273668931603,18.362736162893036,1.2038233348218106,1.880148838269727,0.8429758163636705,0.15640501012773225,27.188519567615153,29.316705161217392,30,0.9795178094438545,0.21570235639476065,0.7638154530490938,69.93362358393017,12.211579441112185,{}
test,cpu_heavy,hetero,med,tetris,1007,1.0,1.0912898330379825,0.20062686134553245,1.0912898330379825,15.663648543762838,50.0,8.0,12.0,854,854,0,759,598,161,95,0.8887587822014051,0.7002341920374707,11.96,2.1832152839764594,7.391910055773039,12.201578737073179,17.58532927384403,1.2227370355303113,1.7783443613248027,0.8414560827774646,0.15446212583643554,29.596197358447863,28.90747960320299,30,0.9709693911112539,0.2106820539978158,0.760287337113438,69.79292954368897,12.236196497030736,{}
test,cpu_heavy,hetero,med,hybrid,1007,1.0,1.0912898330379825,0.20062686134553245,1.0912898330379825,15.663648543762838,50.0,8.0,12.0,854,854,0,761,597,164,93,0.8911007025761124,0.6990632318501171,11.94,2.175169956513328,6.772156965762143,12.193533409610046,17.142449378317096,1.221627908460905,1.7157889915918645,0.8456904469320914,0.1548021135748803,29.772794793552894,28.728019277139808,30,0.9818649092553884,0.21863765647672748,0.7632272527786609,69.0069044714729,12.375573234893318,"{'alpha': 0.1, 'beta': 0.9, 'gamma': 0.0, 'source': 'phase3_tuning'}"
test,cpu_heavy,hetero,med,binpack,1008,1.0,0.984524464309764,0.19348934796028375,0.984524464309764,14.576556900555397,50.0,8.0,12.0,719,719,0,698,557,141,21,0.9707927677329624,0.7746870653685675,11.14,0.6283359302879181,2.4641350697920785,10.591835130066146,13.059074362460258,1.0644630973150206,1.2582827634606906,0.8536427538128959,0.16820641426586966,8.544643915913987,27.217950430760148,30,0.9510334601568152,0.22229771720980418,0.728735742947011,63.83212696067485,11.26392044625045,{}
test,cpu_heavy,hetero,med,spread,1008,1.0,0.984524464309764,0.19348934796028375,0.984524464309764,14.576556900555397,50.0,8.0,12.0,719,719,0,701,560,141,18,0.9749652294853964,0.7788595271210014,11.2,0.632246303079882,2.6960773384288217,10.59574550285811,13.075754510795285,1.0647504030873538,1.2826753137533242,0.8531931523982066,0.16847385126923128,8.544820371695735,29.412751650218148,30,0.9554509858888203,0.22388987259459184,0.7315611132942285,63.6099594394451,11.303261412774015,{}
test,cpu_heavy,hetero,med,tetris,1008,1.0,0.984524464309764,0.19348934796028375,0.984524464309764,14.576556900555397,50.0,8.0,12.0,719,719,0,696,556,140,23,0.9680111265646731,0.7732962447844228,11.12,0.8460966785048816,3.9113073635483744,10.809595878283108,14.136293203325632,1.0866204561204647,1.3996836806108957,0.8427516681909464,0.16717165199162698,11.291518559508338,28.861211750803772,30,0.9344735491296536,0.23196681507327496,0.7025067340563785,64.97701583018916,11.065451234003014,{}
test,cpu_heavy,hetero,med,hybrid,1008,1.0,0.984524464309764,0.19348934796028375,0.984524464309764,14.576556900555397,50.0,8.0,12.0,719,719,0,695,555,140,24,0.9666203059805285,0.7719054242002782,11.1,0.7064843148993734,2.7920342039204407,10.6699835146776,13.297331439144521,1.072437325491747,1.2884490587394477,0.8511287456151841,0.16784846565190314,9.579561311190943,28.617856382796347,30,0.9527910077836268,0.22093128535176315,0.7318597224318637,63.78580215726354,11.272100932858217,"{'alpha': 0.1, 'beta': 0.9, 'gamma': 0.0, 'source': 'phase3_tuning'}"
test,cpu_heavy,hetero,med,binpack,1009,1.0,1.0292738971447826,0.18475110212536425,1.0292738971447826,14.899922854704853,50.0,8.0,12.0,768,768,0,736,587,149,32,0.9583333333333334,0.7643229166666666,11.74,1.1725366255095626,4.807155313806113,11.159688922638749,14.955806241482172,1.1193109013027167,1.4815705845892124,0.8672926758458774,0.15776367730902283,16.520086369983343,27.64877713976932,30,0.9658101971127707,0.18568083671688737,0.7801293603958835,65.51771510089287,11.722020507237342,{}
test,cpu_heavy,hetero,med,spread,1009,1.0,1.0292738971447826,0.18475110212536425,1.0292738971447826,14.899922854704853,50.0,8.0,12.0,768,768,0,735,587,148,33,0.95703125,0.7643229166666666,11.74,1.2197251207017905,4.580051181164201,11.206877417830976,14.924458698830641,1.1241669906366591,1.473908025180629,0.8679255735942963,0.15765491737200144,17.367289094770697,29.46019849738194,30,0.9673792494548746,0.18388387006180154,0.7834953793930732,65.34124956512275,11.753677885124743,{}
test,cpu_heavy,hetero,med,tetris,1009,1.0,1.0292738971447826,0.18475110212536425,1.0292738971447826,14.899922854704853,50.0,8.0,12.0,768,768,0,732,583,149,36,0.953125,0.7591145833333334,11.66,1.3136927062887522,6.632894507566888,11.300845003417939,16.747669187250843,1.1336002254233553,1.6577678424740616,0.8590144672877777,0.15702699276051407,18.533771935917795,29.179037727989375,30,0.9665099384798553,0.19060276361267098,0.7759071748671843,65.25140100730309,11.76986222738794,{}
test,cpu_heavy,hetero,med,hybrid,1009,1.0,1.0292738971447826,0.18475110212536425,1.0292738971447826,14.899922854704853,50.0,8.0,12.0,768,768,0,730,583,147,38,0.9505208333333334,0.7591145833333334,11.66,1.3069701983519153,6.087335661404225,11.294122495481103,16.004387658837423,1.1327662205195292,1.6148151414609075,0.8607259500476061,0.15709864496046583,18.507792739400735,28.995905033209418,30,0.9691621705932735,0.19103816231239126,0.7781240082808822,65.10974197221222,11.795469874965407,"{'alpha': 0.1, 'beta': 0.9, 'gamma': 0.0, 'source': 'phase3_tuning'}"
test,cpu_heavy,hetero,high,binpack,1000,1.3,1.3501849721998218,0.2752474301596959,1.3501849721998218,19.879551557852746,50.0,8.0,12.0,1038,1038,0,829,667,162,209,0.7986512524084779,0.6425818882466281,13.34,5.987751334512891,20.837084279436404,15.940196213759508,30.789907116569104,1.6071363188836905,2.9729794765450475,0.9056612493192118,0.19320382000198794,88.8507161554517,28.038721449167394,30,0.9775190783045098,0.23413001572295314,0.7433890625815567,80.88035521396911,12.833771528994516,{}
test,cpu_heavy,hetero,high,spread,1000,1.3,1.3501849721998218,0.2752474301596959,1.3501849721998218,19.879551557852746,50.0,8.0,12.0,1038,1038,0,824,661,163,214,0.7938342967244701,0.6368015414258189,13.22,6.231909885567851,20.302638965964782,16.18435476481447,30.231061706982494,1.6326887609921663,2.9688510965917394,0.8946582149605039,0.19147782554012457,90.74080373127262,29.413282536960704,30,0.9781645014223092,0.24230692863998224,0.735857572782327,80.81592638859517,12.844002987837849,{}
test,cpu_heavy,hetero,high,tetris,1000,1.3,1.3501849721998218,0.2752474301596959,1.3501849721998218,19.879551557852746,50.0,8.0,12.0,1038,1038,0,817,658,159,221,0.7870905587668593,0.6339113680154143,13.16,6.323763157532417,22.332381310301244,16.276208036779035,32.405021155458705,1.641424843649714,3.0894487197799516,0.8907501379150894,0.18968967040491663,92.93418195555226,29.07369634487952,30,0.9743136340539931,0.24177250011896445,0.7325411339350285,81.48951889373993,12.737834436763864,{}
test,cpu_heavy,hetero,high,hybrid,1000,1.3,1.3501849721998218,0.2752474301596959,1.3501849721998218,19.879551557852746,50.0,8.0,12.0,1038,1038,0,816,658,158,222,0.7861271676300579,0.6339113680154143,13.16,6.372840410083227,19.740590418319762,16.325285289329845,29.654275580285336,1.647097228722936,2.9276032920618875,0.8926061146178194,0.18983776273372244,93.22106325194038,28.958964847707676,30,0.97915876384034,0.2532869932812149,0.7258717705591251,79.73043528609898,13.01886784231536,"{'alpha': 0.1, 'beta': 0.9, 'gamma': 0.0, 'source': 'phase3_tuning'}"
test,cpu_heavy,hetero,high,binpack,1001,1.3,1.2606547330321831,0.2781885154543711,1.2606547330321831,21.104016805616183,50.0,8.0,12.0,1026,1026,0,861,691,170,165,0.8391812865497076,0.6734892787524367,13.82,5.06636643055892,19.90767930733525,15.057180457998735,29.687861410552962,1.5178084124625357,3.025693172445701,0.8998566306410829,0.20625301891519254,83.43009995896918,27.892797693781635,30,0.978603368328674,0.2684783436994909,0.7101250246291831,76.06178905371229,13.489033228964324,{}
test,cpu_heavy,hetero,high,spread,1001,1.3,1.2606547330321831,0.2781885154543711,1.2606547330321831,21.104016805616183,50.0,8.0,12.0,1026,1026,0,858,688,170,168,0.8362573099415205,0.6705653021442495,13.76,5.1678661476160945,21.064281559040005,15.158680175055908,30.869003358444388,1.5281793895614926,3.1400440190877124,0.8939382526591748,0.2047841907399419,84.3454686133797,29.56774600246115,30,0.9735596896711746,0.277674783571882,0.6958849060992925,76.37570459067436,13.433591290564367,{}
test,cpu_heavy,hetero,high,tetris,1001,1.3,1.2606547330321831,0.2781885154543711,1.2606547330321831,21.104016805616183,50.0,8.0,12.0,1026,1026,0,857,687,170,169,0.8352826510721247,0.6695906432748538,13.74,5.232052577869609,21.225563919962532,15.222866605309422,30.93275653269387,1.5345407203870125,3.1535233603721404,0.8941943816767015,0.20518247299965048,85.47012353032332,29.08141016143943,30,0.9753349536304057,0.27288489084978523,0.7024500627806205,76.21809482560634,13.461370326135514,{}
test,cpu_heavy,hetero,high,hybrid,1001,1.3,1.2606547330321831,0.2781885154543711,1.2606547330321831,21.104016805616183,50.0,8.0,12.0,1026,1026,0,856,685,171,170,0.834307992202729,0.6676413255360624,13.7,5.284389640736398,21.421422296204796,15.275203668176212,30.893681856441766,1.5399535371678483,3.162301836172958,0.8901893868851546,0.2045027991592316,85.91726355862944,28.90859067091307,30,0.9717245546104336,0.2777199183822497,0.694004636228184,76.7019527876827,13.376452133364221,"{'alpha': 0.1, 'beta': 0.9, 'gamma': 0.0, 'source': 'phase3_tuning'}"
test,cpu_heavy,hetero,high,binpack,1002,1.3,1.3155390003713852,0.3009506360125294,1.3155390003713852,21.35038328003519,50.0,8.0,12.0,1085,1085,0,870,699,171,215,0.8018433179723502,0.6442396313364055,13.98,5.471280923180984,17.174857867756202,15.434889977300807,26.482612574823577,1.5568462762800699,2.6472724636874596,0.9076818237623379,0.21613191807351623,86.966204891602,28.110553921523664,30,0.9796657498797907,0.2668078265532655,0.7128579233265253,78.16455963989338,13.880971184365773,{}
test,cpu_heavy,hetero,high,spread,1002,1.3,1.3155390003713852,0.3009506360125294,1.3155390003713852,21.35038328003519,50.0,8.0,12.0,1085,1085,0,882,707,175,203,0.8129032258064516,0.6516129032258065,14.14,5.388109536244555,17.373709002085498,15.351718590364378,27.109751258131382,1.5488859705026798,2.7005311462012136,0.9005628090901371,0.21808451560716108,83.87733420963212,29.551790790948175,30,0.9695119356659683,0.2609180721155902,0.708593863550378,78.51339066718978,13.819298730826743,{}
test,cpu_heavy,hetero,high,tetris,1002,1.3,1.3155390003713852,0.3009506360125294,1.3155390003713852,21.35038328003519,50.0,8.0,12.0,1085,1085,0,885,708,177,200,0.815668202764977,0.6525345622119816,14.16,5.348804157203347,17.250159671007367,15.312413211323172,26.906381170516752,1.5449389449273985,2.675130756489552,0.9025485377067382,0.21848634441583215,83.19814333281873,29.049048281841973,30,0.9766786429065639,0.26905733527227393,0.70762130763429,78.94878113156379,13.74308740994883,{}
test,cpu_heavy,hetero,high,hybrid,1002,1.3,1.3155390003713852,0.3009506360125294,1.3155390003713852,21.35038328003519,50.0,8.0,12.0,1085,1085,0,880,706,174,205,0.8110599078341014,0.6506912442396313,14.12,5.372990576566678,16.85206876088867,15.3365996306865,26.67049613137842,1.5470253207375613,2.635989065688178,0.9051414773803217,0.2174414042710927,84.24588043171744,28.891320751559938,30,0.9773444321351957,0.26923122763955837,0.7081132044956374,78.05977837222133,13.899603901336626,"{'alpha': 0.1, 'beta': 0.9, 'gamma': 0.0, 'source': 'phase3_tuning'}"
test,cpu_heavy,hetero,high,binpack,1003,1.3,1.215422580952908,0.24144037431587329,1.215422580952908,20.768662955372864,50.0,8.0,12.0,975,975,0,838,671,167,137,0.8594871794871795,0.6882051282051282,13.42,3.570519661488687,13.26175113481056,13.562784021610659,22.936408803673928,1.36507174643617,2.3316384229425218,0.9015329661707021,0.18438557411978665,54.937434502281995,28.14338535481311,30,0.9744681488470843,0.23833334639110737,0.736134802455977,74.0801990321429,13.161411723218428,{}
test,cpu_heavy,hetero,high,spread,1003,1.3,1.215422580952908,0.24144037431587329,1.215422580952908,20.768662955372864,50.0,8.0,12.0,975,975,0,834,666,168,141,0.8553846153846154,0.683076923076923,13.32,3.7066804905666673,14.121129693572485,13.698944850688639,23.785429504908286,1.3787437192005763,2.417077384267984,0.8938426143507775,0.18420955925115584,56.81907833989281,29.582752350605347,30,0.9823784788764346,0.24146956730571884,0.7409089115707157,74.12766191414713,13.15298465948139,{}
test,cpu_heavy,hetero,high,tetris,1003,1.3,1.215422580952908,0.24144037431587329,1.215422580952908,20.768662955372864,50.0,8.0,12.0,975,975,0,826,660,166,149,0.8471794871794872,0.676923076923077,13.2,3.7940958797406403,14.273015286202728,13.786360239862612,23.905413331607953,1.387331941470384,2.4168293740053426,0.8949473292630912,0.18361447466664388,58.16834738917121,29.36324268198689,30,0.979987041961715,0.2391217314888287,0.7408653104728863,73.97452695617908,13.180212704537727,{}
test,cpu_heavy,hetero,high,hybrid,1003,1.3,1.215422580952908,0.24144037431587329,1.215422580952908,20.768662955372864,50.0,8.0,12.0,975,975,0,840,671,169,135,0.8615384615384616,0.6882051282051282,13.42,3.613480843614578,13.71452614646092,13.605745203736548,23.570028141359266,1.3698554572820762,2.3843240864269637,0.8973675450752171,0.18349613132918233,55.5982764384336,29.185933566389227,30,0.9799182281847902,0.23975597287606126,0.740162255308729,73.62237000785836,13.243257448733715,"{'alpha': 0.1, 'beta': 0.9, 'gamma': 0.0, 'source': 'phase3_tuning'}"
test,cpu_heavy,hetero,high,binpack,1004,1.3,1.2930693249281429,0.2670656568221349,1.2930693249281429,19.332712186511536,50.0,8.0,12.0,958,958,0,772,616,156,186,0.8058455114822547,0.6430062630480167,12.32,6.171552286080141,21.08102287010356,16.207648527385974,30.660660838434453,1.6266686082504973,3.0972437635024694,0.8829639263886422,0.1890816841286638,90.202349071971,27.701957502246433,30,0.9750389624615562,0.23068125892280691,0.7443577035387494,78.7015954445562,12.172561364081787,{}
test,cpu_heavy,hetero,high,spread,1004,1.3,1.2930693249281429,0.2670656568221349,1.2930693249281429,19.332712186511536,50.0,8.0,12.0,958,958,0,783,624,159,175,0.8173277661795407,0.651356993736952,12.48,5.982886774022012,22.056872579880505,16.018983015327844,31.675255507204476,1.6072650444988095,3.1444037310952164,0.880834501728317,0.19022954926669244,87.16165893029371,29.35828597659414,30,0.9779428610335894,0.23750947717968077,0.7404333838539087,78.6561082210158,12.179600817626469,{}
test,cpu_heavy,hetero,high,tetris,1004,1.3,1.2930693249281429,0.2670656568221349,1.2930693249281429,19.332712186511536,50.0,8.0,12.0,958,958,0,783,623,160,175,0.8173277661795407,0.6503131524008351,12.46,6.035051773252341,21.763817619371558,16.071148014558172,31.122005039952207,1.6130044484547907,3.1513906855451443,0.8812666282616454,0.19012554781252242,87.88054100696405,28.99799440494865,30,0.9776064991677518,0.23919558918381362,0.7384109099839381,78.86314468476046,12.147626167196504,{}
test,cpu_heavy,hetero,high,hybrid,1004,1.3,1.2930693249281429,0.2670656568221349,1.2930693249281429,19.332712186511536,50.0,8.0,12.0,958,958,0,772,614,158,186,0.8058455114822547,0.6409185803757829,12.28,6.1346579864701285,22.08369416348654,16.170754227775962,31.76397774343979,1.6226044724530528,3.1657987184201692,0.8776897610507074,0.18884218021613006,89.21939092645037,28.800900020167045,30,0.9694299633336345,0.22763506487118204,0.7417948984624524,78.7337312998714,12.16759302758416,"{'alpha': 0.1, 'beta': 0.9, 'gamma': 0.0, 'source': 'phase3_tuning'}"
test,cpu_heavy,hetero,high,binpack,1005,1.3,1.3110291206158733,0.2754903142097165,1.3110291206158733,20.33024532399809,50.0,8.0,12.0,1022,1022,0,817,654,163,205,0.799412915851272,0.639921722113503,13.08,6.395895001114714,17.79247856511119,16.423873028423653,27.686166974832766,1.6462299959371431,2.7172945499831833,0.9071436833563438,0.19331004598661775,101.28450032473373,28.071500513215405,30,0.9806679519493265,0.2753497142220898,0.7053182377272368,78.10091264786317,13.085634538074272,{}
test,cpu_heavy,hetero,high,spread,1005,1.3,1.3110291206158733,0.2754903142097165,1.3110291206158733,20.33024532399809,50.0,8.0,12.0,1022,1022,0,825,663,162,197,0.8072407045009785,0.6487279843444227,13.26,6.128963028138536,18.68080003206621,16.156941055447476,28.92141798998531,1.6200446424473318,2.9220783533954195,0.9041326033339762,0.1954720190146392,96.58445838531529,29.51225606954964,30,0.9791362178364447,0.25483740682497286,0.7242988110114719,78.16566971975908,13.074793623135223,{}
test,cpu_heavy,hetero,high,tetris,1005,1.3,1.3110291206158733,0.2754903142097165,1.3110291206158733,20.33024532399809,50.0,8.0,12.0,1022,1022,0,831,667,164,191,0.8131115459882583,0.6526418786692759,13.34,6.049960681720334,19.718358551612056,16.077938709029276,30.556165617683355,1.6118984726591299,3.0537752394871625,0.9032910584079574,0.19471105606914782,94.80123430901702,28.984734228672696,30,0.9791535241276696,0.2688015416597141,0.7103519824679556,78.48484177250685,13.021622735283456,{}
test,cpu_heavy,hetero,high,hybrid,1005,1.3,1.3110291206158733,0.2754903142097165,1.3110291206158733,20.33024532399809,50.0,8.0,12.0,1022,1022,0,817,656,161,205,0.799412915851272,0.6418786692759295,13.12,6.455333438280408,17.812202158505023,16.48331146558935,28.005621441311856,1.6523742102997079,2.7731741404724506,0.9022659609570925,0.19357270702651924,101.54837501263717,28.835605919393917,30,0.9787521341926259,0.27091089045144423,0.7078412437411817,78.44567755692809,13.028123815468785,"{'alpha': 0.1, 'beta': 0.9, 'gamma': 0.0, 'source': 'phase3_tuning'}"
test,cpu_heavy,hetero,high,binpack,1006,1.3,1.2932997312793362,0.2586228004570952,1.2932997312793362,19.54666522523223,50.0,8.0,12.0,974,974,0,803,641,162,171,0.824435318275154,0.6581108829568788,12.82,5.652284036939224,16.270586170929896,15.657683973857845,26.50934704869956,1.5757914562453645,2.683993324932716,0.9082702886236378,0.1928490102085062,84.54448157478855,28.334369985461425,30,0.9739693883466106,0.2262177638971316,0.7477516244494791,76.19538404104675,12.782926580897636,{}
test,cpu_heavy,hetero,high,spread,1006,1.3,1.2932997312793362,0.2586228004570952,1.2932997312793362,19.54666522523223,50.0,8.0,12.0,974,974,0,802,640,162,172,0.8234086242299795,0.6570841889117043,12.8,5.569070811109856,15.954312291986433,15.574470748028476,26.290474928115778,1.5680703414300867,2.640028102565657,0.9099549747108294,0.1933066092951846,82.53482259845455,29.600744696743295,30,0.9790641315072066,0.22133871973098157,0.757725411776225,76.48318202775863,12.734825803226894,{}
test,cpu_heavy,hetero,high,tetris,1006,1.3,1.2932997312793362,0.2586228004570952,1.2932997312793362,19.54666522523223,50.0,8.0,12.0,974,974,0,803,642,161,171,0.824435318275154,0.6591375770020534,12.84,5.605676930394613,16.431535315567793,15.611076867313233,26.846481357527814,1.5713877961895115,2.70670671701711,0.9066862366791462,0.19236780844013182,83.90800855900694,29.324272906493526,30,0.9819901647138248,0.22902863962946224,0.7529615250843626,76.29229572901205,12.766688833950138,{}
test,cpu_heavy,hetero,high,hybrid,1006,1.3,1.2932997312793362,0.2586228004570952,1.2932997312793362,19.54666522523223,50.0,8.0,12.0,974,974,0,804,643,161,170,0.8254620123203286,0.660164271047228,12.86,5.626899136427076,16.380872496837178,15.632299073345697,26.83881769022036,1.5737718862558803,2.6950206120425517,0.9076513424696933,0.1928853989035007,83.92370578324255,29.15959505767476,30,0.9807569760536962,0.23260667435026933,0.7481503017034269,76.24850332895882,12.774021226329822,"{'alpha': 0.1, 'beta': 0.9, 'gamma': 0.0, 'source': 'phase3_tuning'}"
test,cpu_heavy,hetero,high,binpack,1007,1.3,1.3697288268926295,0.25290588877388925,1.3697288268926295,20.362743106891692,50.0,8.0,12.0,1072,1072,0,832,664,168,240,0.7761194029850746,0.6194029850746269,13.28,7.260492246593638,23.386528670226546,17.289031652212948,33.54646023642395,1.7403370476066888,3.373864260078754,0.8893439049085923,0.17065771944475785,111.7014459191707,27.6893189448717,30,0.980288025427037,0.21007477226745952,0.7702132531595774,82.03680672062933,13.067305309074522,{}
test,cpu_heavy,hetero,high,spread,1007,1.3,1.3697288268926295,0.25290588877388925,1.3697288268926295,20.362743106891692,50.0,8.0,12.0,1072,1072,0,828,663,165,244,0.7723880597014925,0.6184701492537313,13.26,7.249910030215826,23.02120819947443,17.278449435835135,33.058899960130006,1.7384679281971418,3.3193275985954025,0.8904829267421295,0.16963311313840848,111.64175362714408,29.460177145770427,30,0.9840228888086465,0.20761709632388156,0.776405792484765,82.50409763125614,12.993294039663306,{}
test,cpu_heavy,hetero,high,tetris,1007,1.3,1.3697288268926295,0.25290588877388925,1.3697288268926295,20.362743106891692,50.0,8.0,12.0,1072,1072,0,828,663,165,244,0.7723880597014925,0.6184701492537313,13.26,7.340259737547755,23.272493918584154,17.368799143167063,33.31134489958879,1.7479154073617662,3.345334995105025,0.8847830374124973,0.16782838302335823,112.05016955776563,29.15095831116329,30,0.9756734465997006,0.21109526752365934,0.7645781790760413,82.30536417310924,13.024667477873127,{}
test,cpu_heavy,hetero,high,hybrid,1007,1.3,1.3697288268926295,0.25290588877388925,1.3697288268926295,20.362743106891692,50.0,8.0,12.0,1072,1072,0,835,666,169,237,0.7789179104477612,0.621268656716418,13.32,7.167839025248499,23.09019874562688,17.196378430867806,33.03999174567116,1.7310699426921556,3.318464862097567,0.8858197257942318,0.16909415925262983,108.51051466735986,28.990600115567922,30,0.9790484540551532,0.21549166371921863,0.7635567903359346,82.84015469725577,12.940584236203895,"{'alpha': 0.1, 'beta': 0.9, 'gamma': 0.0, 'source': 'phase3_tuning'}"
test,cpu_heavy,hetero,high,binpack,1008,1.3,1.282161998257145,0.25051552934613197,1.282161998257145,18.949523970722016,50.0,8.0,12.0,935,935,0,769,614,155,166,0.8224598930481284,0.6566844919786097,12.28,5.555658741945836,15.386910607446794,15.53807125330978,25.88736533627435,1.5662307421423667,2.6120294420455177,0.8945827599134781,0.18239117635678848,78.42207401150623,28.017383760653093,30,0.976425332541416,0.22096123523859493,0.755464097302821,77.99008961742062,11.988702726033916,{}
test,cpu_heavy,hetero,high,spread,1008,1.3,1.282161998257145,0.25051552934613197,1.282161998257145,18.949523970722016,50.0,8.0,12.0,935,935,0,778,622,156,157,0.8320855614973262,0.66524064171123,12.44,5.280548353599604,19.770251518566198,15.26296086496355,29.94525705327147,1.5375413228596766,2.999539104989328,0.8936388454314889,0.18316449783668481,75.42808602991622,29.5587144829954,30,0.9746764412696944,0.21981773848849687,0.7548587027811975,78.25979138733291,11.947386817994236,{}
test,cpu_heavy,hetero,high,tetris,1008,1.3,1.282161998257145,0.25051552934613197,1.282161998257145,18.949523970722016,50.0,8.0,12.0,935,935,0,771,614,157,164,0.8245989304812834,0.6566844919786097,12.28,5.546805426311301,19.196011703867242,15.529217937675245,29.060165528050398,1.5645830947570216,2.8940679121686856,0.8868334377060026,0.18171419452506107,79.06632749295794,29.24262231010209,30,0.9784038054603414,0.219642534789868,0.7587612706704735,78.61441651969677,11.893492840028095,{}
test,cpu_heavy,hetero,high,hybrid,1008,1.3,1.282161998257145,0.25051552934613197,1.282161998257145,18.949523970722016,50.0,8.0,12.0,935,935,0,765,611,154,170,0.8181818181818182,0.653475935828877,12.22,5.623045852686262,18.552689354243647,15.605458364050207,28.28835182785388,1.5725968720035648,2.8073335219151434,0.8859064021489645,0.18161032605064029,79.71411074620337,29.0883158014358,30,0.9724269272029638,0.2191983773597113,0.7532285498432525,79.04393094421087,11.828865149177894,"{'alpha': 0.1, 'beta': 0.9, 'gamma': 0.0, 'source': 'phase3_tuning'}"
test,cpu_heavy,hetero,high,binpack,1009,1.3,1.3482224898303423,0.24174864106959268,1.3482224898303423,19.36989971111631,50.0,8.0,12.0,1004,1004,0,787,628,159,217,0.7838645418326693,0.6254980079681275,12.56,6.80801873482946,19.05156631465021,16.805452346431743,29.580081913471382,1.6904074021777906,2.9943943197440146,0.9040024300500415,0.16765571458206757,98.88238691238719,28.16228432048687,30,0.9789496816746542,0.20310343368508768,0.7758462479895665,80.13267703232061,12.52922075216641,{}
test,cpu_heavy,hetero,high,spread,1009,1.3,1.3482224898303423,0.24174864106959268,1.3482224898303423,19.36989971111631,50.0,8.0,12.0,1004,1004,0,788,632,156,216,0.7848605577689243,0.6294820717131474,12.64,6.702835677839814,19.21684983252341,16.700269289442094,29.56744498438077,1.6797768629584486,2.989109360002775,0.906070001734069,0.16680181076851353,97.78455909233742,29.557055094899557,30,0.9846981762176287,0.20186871867973427,0.7828294575378943,79.79013389452328,12.5830093395659,{}
test,cpu_heavy,hetero,high,tetris,1009,1.3,1.3482224898303423,0.24174864106959268,1.3482224898303423,19.36989971111631,50.0,8.0,12.0,1004,1004,0,788,631,157,216,0.7848605577689243,0.6284860557768924,12.62,6.956260425770568,19.101496226466885,16.95369403737285,29.85654197409293,1.7054485631687268,3.0185261624780533,0.8989640172725138,0.16635611778587503,101.05589662778257,29.3051720206531,30,0.975701949994169,0.20674033342778253,0.7689616165663865,80.01834120437832,12.54712338307089,{}
test,cpu_heavy,hetero,high,hybrid,1009,1.3,1.3482224898303423,0.24174864106959268,1.3482224898303423,19.36989971111631,50.0,8.0,12.0,1004,1004,0,796,636,160,208,0.7928286852589641,0.6334661354581673,12.72,6.833401417711494,20.084782417724867,16.830835029313775,30.590767015849025,1.6929378819157959,3.1317363323289378,0.8977365022737284,0.16760700014130997,98.2879528102214,29.143148226716622,30,0.9747395158746615,0.20410381996420923,0.7706356959104522,80.46755165217004,12.477079013661331,"{'alpha': 0.1, 'beta': 0.9, 'gamma': 0.0, 'source': 'phase3_tuning'}"
