split,family,cluster_config,load,policy,seed,target_rho,realized_rho_cpu,realized_rho_ram,realized_rho,arrival_rate,observation_horizon,duration_min,duration_max,submitted,feasible_jobs,permanently_infeasible,started_by_horizon,completed_by_horizon,running_at_horizon,queued_at_horizon,admission_ratio_horizon,completion_ratio_horizon,throughput_horizon,mean_wait_time,p95_wait_time,mean_turnaround_time,p95_turnaround_time,mean_slowdown,p95_slowdown,time_weighted_cpu_utilization,time_weighted_ram_utilization,time_weighted_queue_length,time_weighted_active_nodes,horizon_active_nodes,horizon_cpu_utilization,horizon_ram_utilization,horizon_free_imbalance,makespan,drained_throughput,params
test,adversarial,homog,low,binpack,1000,0.7,0.7136663077485876,0.42556140782476914,0.7136663077485876,16.128,50.0,8.0,12.0,825,825,0,825,659,166,0,1.0,0.7987878787878788,13.18,0.15617877353658866,1.22567367152379,10.091473737319088,11.94168225563692,1.0160282024324865,1.1368227133734132,0.685801111584476,0.4087936578480767,2.576949763353712,24.038896401315732,14,0.28611111111111115,0.17416666666666666,0.11194444444444444,61.79685552500513,13.350193840626352,{}
test,adversarial,homog,low,spread,1000,0.7,0.7136663077485876,0.42556140782476914,0.7136663077485876,16.128,50.0,8.0,12.0,825,825,0,825,659,166,0,1.0,0.7987878787878788,13.18,0.24445900884249971,1.7363370827515823,10.179753972625,12.237852310089018,1.0249633842721788,1.172337644882855,0.6858011115844753,0.40879365784807725,4.033573645901246,29.317000291164266,30,0.28611111111111115,0.17416666666666666,0.13388888888888892,61.79685552500513,13.350193840626352,{}
test,adversarial,homog,low,tetris,1000,0.7,0.7136663077485876,0.42556140782476914,0.7136663077485876,16.128,50.0,8.0,12.0,825,825,0,825,659,166,0,1.0,0.7987878787878788,13.18,0.3408820716504619,2.453785728478838,10.276177035432962,12.805328593355288,1.0346886095331302,1.2536644645488795,0.6858011115844768,0.4087936578480768,5.624554182232616,28.747634739159203,30,0.28611111111111115,0.17416666666666666,0.11194444444444443,61.79685552500513,13.350193840626352,{}
test,adversarial,homog,low,hybrid,1000,0.7,0.7136663077485876,0.42556140782476914,0.7136663077485876,16.128,50.0,8.0,12.0,825,825,0,825,659,166,0,1.0,0.7987878787878788,13.18,0.1707102720385208,1.3295031498656655,10.106005235821021,11.964444337392997,1.0174910785806133,1.1361204204049729,0.685801111584476,0.4087936578480771,2.816719488635592,28.304656729921007,30,0.28611111111111115,0.17416666666666666,0.11194444444444447,61.79685552500513,13.350193840626352,"{'alpha': 0.1, 'beta': 0.9, 'gamma': 0.0, 'source': 'phase3_tuning'}"
test,adversarial,homog,low,binpack,1001,0.7,0.700363350401653,0.4200977561848874,0.700363350401653,16.128,50.0,8.0,12.0,803,803,0,803,652,151,0,1.0,0.8119551681195517,13.04,0.10209805647883544,1.093617871883497,10.123123326774124,11.914805487400528,1.010272649486776,1.1101860258238172,0.6744147480226084,0.4038342911194865,1.6396947870500975,23.945800796464678,10,0.2569444444444444,0.16041666666666668,0.10125,60.67168807650542,13.235168254877594,{}
test,adversarial,homog,low,spread,1001,0.7,0.700363350401653,0.4200977561848874,0.700363350401653,16.128,50.0,8.0,12.0,803,803,0,803,652,151,0,1.0,0.8119551681195517,13.04,0.14055931161389804,1.2347072609549912,10.161584581909185,11.94602954662627,1.0141383882064001,1.1197968083481542,0.6744147480226084,0.40383429111948677,2.257382544519204,29.46757199200377,30,0.2569444444444445,0.16041666666666668,0.13013888888888892,60.67168807650542,13.235168254877594,{}
test,adversarial,homog,low,tetris,1001,0.7,0.700363350401653,0.4200977561848874,0.700363350401653,16.128,50.0,8.0,12.0,803,803,0,803,652,151,0,1.0,0.8119551681195517,13.04,0.19868137522474785,1.8056408032372566,10.219706645520036,12.040807842895758,1.0199553210094365,1.1884359317667519,0.6744147480226084,0.40383429111948677,3.1908228861094505,28.822720430554718,30,0.2569444444444444,0.16041666666666668,0.09652777777777777,60.67168807650542,13.235168254877594,{}
test,adversarial,homog,low,hybrid,1001,0.7,0.700363350401653,0.4200977561848874,0.700363350401653,16.128,50.0,8.0,12.0,803,803,0,803,652,151,0,1.0,0.8119551681195517,13.04,0.11793051753463751,1.101035492929265,10.138955787829925,11.932784499560142,1.0118907747889332,1.115821063218959,0.6744147480226087,0.40383429111948665,1.893964111606278,28.127764399760444,27,0.2569444444444444,0.16041666666666668,0.10652777777777782,60.67168807650542,13.235168254877594,"{'alpha': 0.1, 'beta': 0.9, 'gamma': 0.0, 'source': 'phase3_tuning'}"
test,adversarial,homog,low,binpack,1002,0.7,0.6980212246390205,0.41633059628760255,0.6980212246390205,16.128,50.0,8.0,12.0,803,803,0,803,641,162,0,1.0,0.7982565379825654,12.82,0.2547359916243405,2.1648989636516607,10.229059348565471,12.148097258800039,1.0259093419923058,1.2304404095934547,0.6679020651725684,0.39818057684157365,4.091060025486906,23.276538534628084,12,0.2833333333333333,0.1675,0.11583333333333333,61.30076799054342,13.099346489816817,{}
test,adversarial,homog,low,spread,1002,0.7,0.6980212246390205,0.41633059628760255,0.6980212246390205,16.128,50.0,8.0,12.0,803,803,0,803,641,162,0,1.0,0.7982565379825654,12.82,0.3083579891834182,2.3950669681752466,10.282681346124548,12.59514914607642,1.0313299965674625,1.2479853065121431,0.6679020651725679,0.39818057684157354,4.952229306285695,29.513936369376466,30,0.2833333333333333,0.1675,0.1275,61.30076799054342,13.099346489816817,{}
test,adversarial,homog,low,tetris,1002,0.7,0.6980212246390205,0.41633059628760255,0.6980212246390205,16.128,50.0,8.0,12.0,803,803,0,803,641,162,0,1.0,0.7982565379825654,12.82,0.39881457255365893,3.448237375550409,10.373137929494789,13.100005610559169,1.040673786048491,1.3276104383523675,0.6679020651725684,0.3981805768415734,6.4049620352117635,28.827356298984938,30,0.2833333333333333,0.1675,0.11583333333333332,61.30076799054342,13.099346489816817,{}
test,adversarial,homog,low,hybrid,1002,0.7,0.6980212246390205,0.41633059628760255,0.6980212246390205,16.128,50.0,8.0,12.0,803,803,0,803,641,162,0,1.0,0.7982565379825654,12.82,0.2616603025309763,2.1597037470671303,10.235983659472106,12.35498754725896,1.0266125737994252,1.2295835189926736,0.6679020651725684,0.3981805768415734,4.202264458647479,28.332328037177753,29,0.2833333333333333,0.1675,0.11583333333333332,61.30076799054342,13.099346489816817,"{'alpha': 0.1, 'beta': 0.9, 'gamma': 0.0, 'source': 'phase3_tuning'}"
test,adversarial,homog,low,binpack,1003,0.7,0.6607965615922003,0.39655561603306505,0.6607965615922003,16.128,50.0,8.0,12.0,761,761,0,761,587,174,0,1.0,0.771353482260184,11.74,0.050110741004716824,0.5276213100770271,10.039125531490026,11.900487922787786,1.0049553330382737,1.0465873911763415,0.6277994283065224,0.3768796959378779,0.7626854780917904,22.559590072271657,11,0.30520833333333336,0.179375,0.12583333333333332,61.04014451935472,12.467205082692765,{}
test,adversarial,homog,low,spread,1003,0.7,0.6607965615922003,0.39655561603306505,0.6607965615922003,16.128,50.0,8.0,12.0,761,761,0,761,587,174,0,1.0,0.771353482260184,11.74,0.09213284228120106,0.9797429674905267,10.081147632766509,11.91304003297629,1.0091233459417075,1.1016621096903885,0.6277994283065227,0.37687969593787807,1.40226185951988,29.54839923178984,30,0.30520833333333336,0.17937499999999998,0.15444444444444447,61.04014451935472,12.467205082692765,{}
test,adversarial,homog,low,tetris,1003,0.7,0.6607965615922003,0.39655561603306505,0.6607965615922003,16.128,50.0,8.0,12.0,761,761,0,761,587,174,0,1.0,0.771353482260184,11.74,0.13358927044840582,1.2942015911162486,10.122604060933714,11.933182390505237,1.0133502656996993,1.1383226480110251,0.627799428306523,0.3768796959378778,2.0332286962247377,28.932857979694678,30,0.30520833333333336,0.17937499999999998,0.1258333333333333,61.04014451935472,12.467205082692765,{}
test,adversarial,homog,low,hybrid,1003,0.7,0.6607965615922003,0.39655561603306505,0.6607965615922003,16.128,50.0,8.0,12.0,761,761,0,761,587,174,0,1.0,0.771353482260184,11.74,0.055953449873481775,0.5529247343603672,10.04496824035879,11.902607944883314,1.0055567957516296,1.0546687864411064,0.6277994283065229,0.37687969593787807,0.8516115070743924,28.452244264450133,30,0.30520833333333336,0.17937499999999998,0.1325,61.04014451935472,12.467205082692765,"{'alpha': 0.1, 'beta': 0.9, 'gamma': 0.0, 'source': 'phase3_tuning'}"
test,adversarial,homog,low,binpack,1004,0.7,0.704527975763143,0.4250699485705226,0.704527975763143,16.128,50.0,8.0,12.0,809,809,0,809,654,155,0,1.0,0.8084054388133498,13.08,0.13678515594221913,1.3918657712214628,10.173241337385615,11.96122990248152,1.0137433016012238,1.1342969412923796,0.6773215428341739,0.4089122553744008,2.2131838231451053,24.27611570776657,13,0.2638888888888889,0.16458333333333333,0.09930555555555555,61.75579222787554,13.099985779711702,{}
test,adversarial,homog,low,spread,1004,0.7,0.704527975763143,0.4250699485705226,0.704527975763143,16.128,50.0,8.0,12.0,809,809,0,809,654,155,0,1.0,0.8084054388133498,13.08,0.18783824729742393,1.6617555951387981,10.22429442874082,11.995839389743473,1.0189228084484263,1.1649883592925447,0.6773215428341739,0.40891225537440107,3.0392228412723217,29.293731246454534,30,0.2638888888888889,0.16458333333333333,0.11708333333333334,61.75579222787554,13.099985779711702,{}
test,adversarial,homog,low,tetris,1004,0.7,0.704527975763143,0.4250699485705226,0.704527975763143,16.128,50.0,8.0,12.0,809,809,0,809,654,155,0,1.0,0.8084054388133498,13.08,0.2452619626802279,2.178715792237357,10.281718144123623,12.22951645433072,1.0250913273141844,1.2134445025283658,0.6773215428341739,0.40891225537440107,3.968338556166085,28.626495309264055,30,0.2638888888888889,0.16458333333333333,0.09930555555555555,61.75579222787554,13.099985779711702,{}
test,adversarial,homog,low,hybrid,1004,0.7,0.704527975763143,0.4250699485705226,0.704527975763143,16.128,50.0,8.0,12.0,809,809,0,809,654,155,0,1.0,0.8084054388133498,13.08,0.14406309234295436,1.5526666881757585,10.180519273786352,11.96122990248152,1.0144519767122628,1.1505256171746956,0.6773215428341741,0.4089122553744008,2.3309408341090005,28.139844923076122,26,0.2638888888888889,0.16458333333333333,0.09930555555555558,61.75579222787554,13.099985779711702,"{'alpha': 0.1, 'beta': 0.9, 'gamma': 0.0, 'source': 'phase3_tuning'}"
test,adversarial,homog,low,binpack,1005,0.7,0.7065785967749073,0.4216946111094242,0.7065785967749073,16.128,50.0,8.0,12.0,811,811,0,811,655,156,0,1.0,0.8076448828606658,13.1,0.21604262996072437,1.6743471548441846,10.226247532897082,12.080130698036502,1.02175635505399,1.1701965852916572,0.676344345341181,0.40343720123773585,3.504211457962949,23.79603500348133,10,0.27291666666666664,0.16125,0.11361111111111111,61.36974442003305,13.214980894319378,{}
test,adversarial,homog,low,spread,1005,0.7,0.7065785967749073,0.4216946111094242,0.7065785967749073,16.128,50.0,8.0,12.0,811,811,0,811,655,156,0,1.0,0.8076448828606658,13.1,0.29971920657516,2.1133809511150954,10.309924109511517,12.406617659930056,1.0302991197530307,1.2138225971678487,0.6763443453411804,0.4034372012377356,4.8614455306490925,29.401791517723158,30,0.27291666666666664,0.16125,0.12972222222222224,61.36974442003305,13.214980894319378,{}
test,adversarial,homog,low,tetris,1005,0.7,0.7065785967749073,0.4216946111094242,0.7065785967749073,16.128,50.0,8.0,12.0,811,811,0,811,655,156,0,1.0,0.8076448828606658,13.1,0.4132393491413719,2.6767724617816384,10.42344425207773,13.033362738280033,1.041758249692442,1.262016280887125,0.6763443453411813,0.4034372012377354,6.702742243073044,28.88437202171922,30,0.27291666666666664,0.16125,0.11166666666666665,61.36974442003305,13.214980894319378,{}
test,adversarial,homog,low,hybrid,1005,0.7,0.7065785967749073,0.4216946111094242,0.7065785967749073,16.128,50.0,8.0,12.0,811,811,0,811,655,156,0,1.0,0.8076448828606658,13.1,0.24160421835301973,1.8571997259914426,10.251809121289376,12.18506448367151,1.024365943288949,1.1882668775356933,0.6763443453411804,0.4034372012377353,3.918820421685981,28.053804823313207,29,0.27291666666666664,0.16125,0.11361111111111112,61.36974442003305,13.214980894319378,"{'alpha': 0.1, 'beta': 0.9, 'gamma': 0.0, 'source': 'phase3_tuning'}"
test,adversarial,homog,low,binpack,1006,0.7,0.7031636759294904,0.42171159186905965,0.7031636759294904,16.128,50.0,8.0,12.0,809,809,0,809,650,159,0,1.0,0.8034610630407911,13.0,0.12967818369304712,1.1834084575920798,10.165378876094303,11.944597269436237,1.0134468250822422,1.120070390787088,0.6741673144909841,0.404645442311636,2.098193012153503,24.181347161096642,11,0.27708333333333335,0.165,0.11208333333333333,61.9209388564298,13.065047380430576,{}
test,adversarial,homog,low,spread,1006,0.7,0.7031636759294904,0.42171159186905965,0.7031636759294904,16.128,50.0,8.0,12.0,809,809,0,809,650,159,0,1.0,0.8034610630407911,13.0,0.18747611483908244,1.6220187797220493,10.223176807240339,11.974492721751684,1.0193814919542852,1.1603149777660877,0.6741673144909847,0.4046454423116364,3.0333635380963546,29.550600937048213,30,0.27708333333333335,0.165,0.1429166666666667,61.9209388564298,13.065047380430576,{}
test,adversarial,homog,low,tetris,1006,0.7,0.7031636759294904,0.42171159186905965,0.7031636759294904,16.128,50.0,8.0,12.0,809,809,0,809,650,159,0,1.0,0.8034610630407911,13.0,0.24017203785316488,2.2057196999348765,10.275872730254418,12.118558044891149,1.0248437898732112,1.2250102792999684,0.6741673144909845,0.4046454423116361,3.885983572464209,28.97896395451443,30,0.27708333333333335,0.165,0.11208333333333333,61.9209388564298,13.065047380430576,{}
test,adversarial,homog,low,hybrid,1006,0.7,0.7031636759294904,0.42171159186905965,0.7031636759294904,16.128,50.0,8.0,12.0,809,809,0,809,650,159,0,1.0,0.8034610630407911,13.0,0.14956059173509514,1.4820718409685991,10.18526128413635,11.95461115849375,1.0153874574717685,1.1410574999093477,0.6741673144909839,0.4046454423116361,2.4198903742738405,28.491977292986068,27,0.27708333333333335,0.165,0.11208333333333335,61.9209388564298,13.065047380430576,"{'alpha': 0.1, 'beta': 0.9, 'gamma': 0.0, 'source': 'phase3_tuning'}"
test,adversarial,homog,low,binpack,1007,0.7,0.7637550315446133,0.4573835220779435,0.7637550315446133,16.128,50.0,8.0,12.0,874,874,0,874,669,205,0,1.0,0.7654462242562929,13.38,0.10458653416410309,1.0637777960492407,10.126723005028207,11.928299916251746,1.0107065482439381,1.1012353328661073,0.7279677926399687,0.4357461038150136,1.828172617188522,25.168651351845526,17,0.3689236111111111,0.22135416666666666,0.14756944444444448,61.32978647878831,14.250824113047974,{}
test,adversarial,homog,low,spread,1007,0.7,0.7637550315446133,0.4573835220779435,0.7637550315446133,16.128,50.0,8.0,12.0,874,874,0,874,669,205,0,1.0,0.7654462242562929,13.38,0.13000800632276277,1.2580551105619975,10.152144477186868,11.935951700163145,1.013315883893356,1.1222169055329387,0.7279677926399692,0.4357461038150139,2.2725399505218924,29.35929431482329,30,0.3689236111111111,0.22135416666666666,0.16729166666666667,61.32978647878831,14.250824113047974,{}
test,adversarial,homog,low,tetris,1007,0.7,0.7637550315446133,0.4573835220779435,0.7637550315446133,16.128,50.0,8.0,12.0,874,874,0,874,669,205,0,1.0,0.7654462242562929,13.38,0.2859557539229442,2.0112080235330296,10.308092224787048,12.500038910324825,1.0290305596700169,1.2058369667896531,0.7279677926399681,0.435746103815014,4.998506578573062,28.642043950226316,30,0.3689236111111111,0.22135416666666666,0.15701388888888887,61.32978647878831,14.250824113047974,{}
test,adversarial,homog,low,hybrid,1007,0.7,0.7637550315446133,0.4573835220779435,0.7637550315446133,16.128,50.0,8.0,12.0,874,874,0,874,669,205,0,1.0,0.7654462242562929,13.38,0.10618936697492735,1.0373442762043474,10.128325837839034,11.92603136905931,1.0108522252058276,1.100738923668185,0.7279677926399689,0.43574610381501344,1.8561901347217307,28.18565896908893,28,0.3689236111111111,0.22135416666666666,0.14756944444444445,61.32978647878831,14.250824113047974,"{'alpha': 0.1, 'beta': 0.9, 'gamma': 0.0, 'source': 'phase3_tuning'}"
test,adversarial,homog,low,binpack,1008,0.7,0.6998981532202851,0.4172084841617461,0.6998981532202851,16.128,50.0,8.0,12.0,803,803,0,803,647,156,0,1.0,0.8057285180572852,12.94,0.10634015083272046,1.1894124708443172,10.08044987579659,11.95082415012007,1.0105900861017467,1.1110236115905108,0.6718383199356682,0.39975952372668105,1.7078228223734901,23.833091957604616,14,0.26875,0.16374999999999998,0.10694444444444445,61.54136139030328,13.048135138045941,{}
test,adversarial,homog,low,spread,1008,0.7,0.6998981532202851,0.4172084841617461,0.6998981532202851,16.128,50.0,8.0,12.0,803,803,0,803,647,156,0,1.0,0.8057285180572852,12.94,0.14732961063831254,1.2513286258464902,10.121439335602183,11.982054936877493,1.0146145022769684,1.1299577480945975,0.6718383199356682,0.3997595237266809,2.366113546851299,29.48752519109075,30,0.26875,0.16374999999999998,0.11555555555555558,61.54136139030328,13.048135138045941,{}
test,adversarial,homog,low,tetris,1008,0.7,0.6998981532202851,0.4172084841617461,0.6998981532202851,16.128,50.0,8.0,12.0,803,803,0,803,647,156,0,1.0,0.8057285180572852,12.94,0.2166340597561632,2.1259249402825393,10.190743784720032,12.23304708306772,1.021803104325956,1.208149689870822,0.6718383199356691,0.3997595237266809,3.479142999683979,28.928420703035805,30,0.26875,0.16374999999999998,0.10500000000000004,61.54136139030328,13.048135138045941,{}
test,adversarial,homog,low,hybrid,1008,0.7,0.6998981532202851,0.4172084841617461,0.6998981532202851,16.128,50.0,8.0,12.0,803,803,0,803,647,156,0,1.0,0.8057285180572852,12.94,0.1224601094829652,1.3295127913222213,10.096569834446834,11.960283622319787,1.0121028821510643,1.1278241366834434,0.6718383199356686,0.3997595237266809,1.9667093582964212,28.322851861103118,25,0.26875,0.16374999999999998,0.105,61.54136139030328,13.048135138045941,"{'alpha': 0.1, 'beta': 0.9, 'gamma': 0.0, 'source': 'phase3_tuning'}"
test,adversarial,homog,low,binpack,1009,0.7,0.716552521940417,0.4285733222364206,0.716552521940417,16.128,50.0,8.0,12.0,824,824,0,824,654,170,0,1.0,0.7936893203883495,13.08,0.1687600875465409,1.33393624753597,10.163848932164166,11.994396105681796,1.0166167101360502,1.1274236370797428,0.6879168576085357,0.41170397570025563,2.781166242766991,23.62329321104078,14,0.2972222222222222,0.17583333333333334,0.12333333333333334,61.63549372274991,13.368920247585496,{}
test,adversarial,homog,low,spread,1009,0.7,0.716552521940417,0.4285733222364206,0.716552521940417,16.128,50.0,8.0,12.0,824,824,0,824,654,170,0,1.0,0.7936893203883495,13.08,0.23329271859667483,1.5582597686806388,10.2283815632143,12.165002878153642,1.0230809921769137,1.1560218724085294,0.6879168576085359,0.4117039757002559,3.8446640024732,29.507730948278528,30,0.2972222222222222,0.17583333333333334,0.1411111111111111,61.63549372274991,13.368920247585496,{}
test,adversarial,homog,low,tetris,1009,0.7,0.716552521940417,0.4285733222364206,0.716552521940417,16.128,50.0,8.0,12.0,824,824,0,824,654,170,0,1.0,0.7936893203883495,13.08,0.37409425198947976,2.3161952290116457,10.369183096607106,12.965965035632944,1.0373729542267436,1.2340252671530572,0.6879168576085363,0.4117039757002555,6.165073272786624,28.907156411910467,30,0.2972222222222222,0.17583333333333334,0.12694444444444442,61.63549372274991,13.368920247585496,{}
test,adversarial,homog,low,hybrid,1009,0.7,0.716552521940417,0.4285733222364206,0.716552521940417,16.128,50.0,8.0,12.0,824,824,0,824,654,170,0,1.0,0.7936893203883495,13.08,0.18352178473691322,1.33393624753597,10.17861062935454,12.064389233393136,1.0181199108281707,1.134221888234335,0.6879168576085357,0.4117039757002555,3.0244390124643337,28.440453936269364,29,0.2972222222222222,0.17583333333333334,0.1213888888888889,61.63549372274991,13.368920247585496,"{'alpha': 0.1, 'beta': 0.9, 'gamma': 0.0, 'source': 'phase3_tuning'}"
test,adversarial,homog,med,binpack,1000,1.0,1.0565298052647718,0.631220878740976,1.0565298052647718,23.04,50.0,8.0,12.0,1218,1218,0,1118,812,306,100,0.9178981937602627,0.6666666666666666,16.24,3.9682591436193193,10.735999162185852,13.94338230664145,21.295727408031258,1.4041653040909283,2.1569399119871946,0.9114416461920883,0.5716954276586446,94.06959181897419,28.197832782636425,30,0.9911458333333333,0.41781250000000003,0.5736111111111111,64.1645051046394,18.982457637812168,{}
test,adversarial,homog,med,spread,1000,1.0,1.0565298052647718,0.631220878740976,1.0565298052647718,23.04,50.0,8.0,12.0,1218,1218,0,1095,802,293,123,0.8990147783251231,0.6584564860426929,16.04,4.338128346365536,11.480784370928443,14.313251509387666,21.962077547692598,1.4417929138415073,2.2120992947835227,0.9018092343873855,0.5704850497615362,101.86026185891366,29.52190020381508,30,0.9821180555555556,0.39927083333333335,0.5828472222222222,64.32722149264832,18.934441310187786,{}
test,adversarial,homog,med,tetris,1000,1.0,1.0565298052647718,0.631220878740976,1.0565298052647718,23.04,50.0,8.0,12.0,1218,1218,0,1083,794,289,135,0.8891625615763546,0.6518883415435139,15.88,4.27271603697665,12.408121462922438,14.24783919999878,23.0210839533468,1.4337178340577525,2.35284284283938,0.885399831967733,0.5652556586206259,98.99413422510986,29.127679707807275,30,0.9871527777777778,0.3754166666666666,0.6117361111111111,65.06574944566931,18.719526177394524,{}
test,adversarial,homog,med,hybrid,1000,1.0,1.0565298052647718,0.631220878740976,1.0565298052647718,23.04,50.0,8.0,12.0,1218,1218,0,1113,814,299,105,0.9137931034482759,0.6683087027914614,16.28,4.007154315895706,10.719601289870337,13.982277478917835,21.10803954345284,1.4080744065162671,2.129618386584148,0.9113268298135248,0.5737251118236667,95.01740335899844,28.907047849368265,30,0.9800347222222222,0.4161458333333333,0.5638888888888889,63.85933702961002,19.073170136972188,"{'alpha': 0.1, 'beta': 0.9, 'gamma': 0.0, 'source': 'phase3_tuning'}"
test,adversarial,homog,med,binpack,1001,1.0,0.974980970830948,0.5804629977793446,0.974980970830948,23.04,50.0,8.0,12.0,1116,1116,0,1116,823,293,0,1.0,0.7374551971326165,16.46,3.0195558595854184,9.221666671530542,13.012706365877552,19.79379460248145,1.305014667860656,1.9845474895113717,0.9032798511693853,0.5466932395139433,67.39648678594655,28.140517791976357,30,0.812326388888889,0.36989583333333337,0.45243055555555556,61.386532850245075,18.179883244465476,{}
test,adversarial,homog,med,spread,1001,1.0,0.974980970830948,0.5804629977793446,0.974980970830948,23.04,50.0,8.0,12.0,1116,1116,0,1116,812,304,0,1.0,0.7275985663082437,16.24,3.287075516132618,9.545801841877516,13.28022602242475,20.030556997241213,1.3316688256411382,2.000668432380978,0.9013811594911856,0.5479267128458611,73.36752552008006,29.627998709375582,30,0.875173611111111,0.3676041666666666,0.5075694444444444,61.386532850245075,18.179883244465476,{}
test,adversarial,homog,med,tetris,1001,1.0,0.974980970830948,0.5804629977793446,0.974980970830948,23.04,50.0,8.0,12.0,1116,1116,0,1107,794,313,9,0.9919354838709677,0.7114695340501792,15.88,3.458841861869237,11.017186956579469,13.45199236816137,21.560461423145618,1.3491784016104795,2.1556078227964295,0.8811325445607703,0.5437112022773846,77.17744786984886,29.206618503393234,30,0.9798611111111111,0.37041666666666667,0.6094444444444445,61.84690023172972,18.044558350031117,{}
test,adversarial,homog,med,hybrid,1001,1.0,0.974980970830948,0.5804629977793446,0.974980970830948,23.04,50.0,8.0,12.0,1116,1116,0,1116,819,297,0,1.0,0.7338709677419355,16.38,2.9981682376539434,9.133684569000053,12.991318743946078,19.68309390011111,1.3031244879747557,1.9781708136338068,0.9036945898565307,0.5478404552727839,66.91911506443593,28.956304223757748,30,0.8229166666666666,0.365625,0.45729166666666665,61.386532850245075,18.179883244465476,"{'alpha': 0.1, 'beta': 0.9, 'gamma': 0.0, 'source': 'phase3_tuning'}"
test,adversarial,homog,med,binpack,1002,1.0,1.0127377371864656,0.6057757299965797,1.0127377371864656,23.04,50.0,8.0,12.0,1168,1168,0,1138,808,330,30,0.9743150684931506,0.6917808219178082,16.16,3.2843248787706356,8.843171594724382,13.238248512326278,19.468086771993555,1.3334646497963019,1.9656516948011689,0.9090255575053487,0.5616228984816931,76.4769315833641,28.182037343409526,30,0.9796875,0.4153125,0.564375,62.38244356741825,18.723216552710277,{}
test,adversarial,homog,med,spread,1002,1.0,1.0127377371864656,0.6057757299965797,1.0127377371864656,23.04,50.0,8.0,12.0,1168,1168,0,1116,797,319,52,0.9554794520547946,0.6823630136986302,15.94,3.6837956789324102,9.356377894220433,13.637719312488054,19.976673769156314,1.3736523043548374,2.0054547794836584,0.9004158856709463,0.5593491034619857,85.44173651811802,29.65975545856355,30,0.9798611111111111,0.4204166666666667,0.5594444444444444,62.642435464827926,18.64550749556666,{}
test,adversarial,homog,med,tetris,1002,1.0,1.0127377371864656,0.6057757299965797,1.0127377371864656,23.04,50.0,8.0,12.0,1168,1168,0,1096,790,306,72,0.9383561643835616,0.6763698630136986,15.8,3.5985453956039817,10.101572086089725,13.552469029159626,20.990000533580687,1.365487900773002,2.1193369922864345,0.8867256445926144,0.5519041701552024,82.83117423444558,29.183538131532742,30,0.975,0.418125,0.556875,63.05645736587398,18.52308310349384,{}
test,adversarial,homog,med,hybrid,1002,1.0,1.0127377371864656,0.6057757299965797,1.0127377371864656,23.04,50.0,8.0,12.0,1168,1168,0,1135,808,327,33,0.9717465753424658,0.6917808219178082,16.16,3.2998606853113412,8.933976443422814,13.253784318866984,19.506357985778557,1.3349966528081165,1.9658770926845859,0.9080712108943884,0.5614456439277764,76.79553179552953,28.89635363677936,30,0.9723958333333333,0.41343749999999996,0.5589583333333333,62.35153589536564,18.73249765587271,"{'alpha': 0.1, 'beta': 0.9, 'gamma': 0.0, 'source': 'phase3_tuning'}"
test,adversarial,homog,med,binpack,1003,1.0,0.940865510688023,0.5631006241239896,0.940865510688023,23.04,50.0,8.0,12.0,1083,1083,0,1083,800,283,0,1.0,0.7386888273314867,16.0,1.7983240037395403,5.84467880988408,11.789899980634752,16.488879789874332,1.1824056645814598,1.6251169871127482,0.8872370527392114,0.5329528209016248,38.951697920998434,28.16216163829139,29,0.673611111111111,0.3541666666666667,0.3194444444444445,61.408454803630725,17.636007996996018,{}
test,adversarial,homog,med,spread,1003,1.0,0.940865510688023,0.5631006241239896,0.940865510688023,23.04,50.0,8.0,12.0,1083,1083,0,1083,805,278,0,1.0,0.7433056325023084,16.1,1.930155940244128,5.8397164022998,11.921731917139338,16.515753217443322,1.1959282731093974,1.6259717123712802,0.8882633805201895,0.5332640891263009,41.80717766568784,29.683879462252857,30,0.6508680555555556,0.36052083333333335,0.29034722222222226,61.408454803630725,17.636007996996018,{}
test,adversarial,homog,med,tetris,1003,1.0,0.940865510688023,0.5631006241239896,0.940865510688023,23.04,50.0,8.0,12.0,1083,1083,0,1083,785,298,0,1.0,0.7248384118190212,15.7,2.17562081996778,7.027445985184253,12.16719679686299,17.770037095647158,1.2203487871634202,1.7575405070887762,0.8791594221019658,0.5299124984193504,47.123946960502145,29.277415215879273,30,0.7845486111111111,0.3844791666666667,0.4000694444444444,61.408454803630725,17.636007996996018,{}
test,adversarial,homog,med,hybrid,1003,1.0,0.940865510688023,0.5631006241239896,0.940865510688023,23.04,50.0,8.0,12.0,1083,1083,0,1083,800,283,0,1.0,0.7386888273314867,16.0,1.863284600203706,6.056237833029897,11.854860577098917,16.74873014644784,1.1889085787057012,1.6467637385486376,0.8852235728576265,0.53250417078412,40.35874444041223,29.02855592251486,30,0.6918402777777778,0.35885416666666664,0.35034722222222225,61.408454803630725,17.636007996996018,"{'alpha': 0.1, 'beta': 0.9, 'gamma': 0.0, 'source': 'phase3_tuning'}"
test,adversarial,homog,med,binpack,1004,1.0,0.9719860617709432,0.5862529385291869,0.9719860617709432,23.04,50.0,8.0,12.0,1118,1118,0,1118,815,303,0,1.0,0.7289803220035778,16.3,3.240327238519162,9.835750372486192,13.287706787626107,20.427382363056147,1.3294222022835558,2.0884328047995364,0.8950261823189902,0.5524355260512305,72.45371705328839,27.871980843879324,30,0.853125,0.369375,0.4965277777777778,60.45441937191666,18.493271651854666,{}
test,adversarial,homog,med,spread,1004,1.0,0.9719860617709432,0.5862529385291869,0.9719860617709432,23.04,50.0,8.0,12.0,1118,1118,0,1118,807,311,0,1.0,0.721824686940966,16.14,3.5995677941859294,11.099246681989467,13.646947343292874,21.317494964311777,1.3655146276969754,2.1832452996623513,0.8866716641319005,0.5526152933205255,80.48633587799729,29.50561187251818,30,0.9253472222222222,0.3645833333333333,0.560763888888889,60.71582966309947,18.41364939264716,{}
test,adversarial,homog,med,tetris,1004,1.0,0.9719860617709432,0.5862529385291869,0.9719860617709432,23.04,50.0,8.0,12.0,1118,1118,0,1118,797,321,0,1.0,0.7128801431127012,15.94,3.5302809214836532,11.35800902660512,13.577660470590597,21.71297207153287,1.3592457298240395,2.228039776755571,0.8772286579871301,0.5473881672878487,78.93708140437451,29.047916821754665,30,0.9729166666666667,0.39125000000000004,0.5816666666666667,61.41877806537585,18.20290203119915,{}
test,adversarial,homog,med,hybrid,1004,1.0,0.9719860617709432,0.5862529385291869,0.9719860617709432,23.04,50.0,8.0,12.0,1118,1118,0,1118,815,303,0,1.0,0.7289803220035778,16.3,3.1979098909943855,9.908251796763935,13.24528944010133,20.283103010330027,1.3251626100095715,2.0819588448620325,0.8955528735051262,0.55194227476254,71.50526516263447,28.765540401743078,30,0.8505208333333333,0.37093750000000003,0.4876388888888889,60.45441937191666,18.493271651854666,"{'alpha': 0.1, 'beta': 0.9, 'gamma': 0.0, 'source': 'phase3_tuning'}"
test,adversarial,homog,med,binpack,1005,1.0,1.0068656325990324,0.6013654025407504,1.0068656325990324,23.04,50.0,8.0,12.0,1155,1155,0,1138,803,335,17,0.9852813852813853,0.6952380952380952,16.06,3.569537990789614,9.830824709754353,13.61007435477366,20.40515166129982,1.3606936813080028,2.041138256079855,0.9075996863456564,0.5597390726338992,82.36807665294424,28.24899318398037,30,0.9789930555555556,0.4073958333333333,0.5715972222222222,62.10722182995401,18.596871120114233,{}
test,adversarial,homog,med,spread,1005,1.0,1.0068656325990324,0.6013654025407504,1.0068656325990324,23.04,50.0,8.0,12.0,1155,1155,0,1122,799,323,33,0.9714285714285714,0.6917748917748918,15.98,3.9050024678675763,10.123981893633687,13.945538831851623,20.656977404213894,1.3947785006643283,2.060815092377374,0.9036731262269094,0.5575303815932282,89.97526662722704,29.581254062406227,30,0.974826388888889,0.41302083333333334,0.5618055555555556,62.31808232895451,18.53394643794035,{}
test,adversarial,homog,med,tetris,1005,1.0,1.0068656325990324,0.6013654025407504,1.0068656325990324,23.04,50.0,8.0,12.0,1155,1155,0,1103,793,310,52,0.9549783549783549,0.6865800865800866,15.86,3.8023534820288623,11.116925938119877,13.842889846012909,21.707708375585444,1.3845893934251605,2.219324162830329,0.8874989532825238,0.5497850666496218,87.19657291680609,29.220376163909144,30,0.9835069444444444,0.4244791666666667,0.5590277777777778,62.81384581694896,18.38766572844276,{}
test,adversarial,homog,med,hybrid,1005,1.0,1.0068656325990324,0.6013654025407504,1.0068656325990324,23.04,50.0,8.0,12.0,1155,1155,0,1135,802,333,20,0.9826839826839827,0.6943722943722944,16.04,3.517680582016509,9.835482224676166,13.558216946000556,20.435314124591137,1.355316906969842,2.0256508945801532,0.9079030842968326,0.559781888349011,81.14464235175289,29.008946550556008,30,0.9765625,0.4046875,0.571875,62.16709235859434,18.57896125071589,"{'alpha': 0.1, 'beta': 0.9, 'gamma': 0.0, 'source': 'phase3_tuning'}"
test,adversarial,homog,med,binpack,1006,1.0,0.9898486658449375,0.5964704117801362,0.9898486658449375,23.04,50.0,8.0,12.0,1143,1143,0,1143,831,312,0,1.0,0.7270341207349081,16.62,3.049320302097221,8.868571985540228,13.038953941817173,19.525468634707035,1.3094781807620097,1.9608118234506953,0.9120970048586934,0.5603764054247649,69.7074621059426,28.301216244235032,30,0.8703125,0.38718749999999996,0.483125,61.20510303871788,18.67491341819892,{}
test,adversarial,homog,med,spread,1006,1.0,0.9898486658449375,0.5964704117801362,0.9898486658449375,23.04,50.0,8.0,12.0,1143,1143,0,1143,813,330,0,1.0,0.7112860892388452,16.26,3.5070184428728477,9.643377061270048,13.496652082592801,20.275968814318055,1.356203861623017,2.0297562915538934,0.9018805310685764,0.5590415395406487,80.17044160407337,29.685498781047983,30,0.9807291666666667,0.3959375,0.5847916666666666,61.348736184488516,18.63119065016693,{}
test,adversarial,homog,med,tetris,1006,1.0,0.9898486658449375,0.5964704117801362,0.9898486658449375,23.04,50.0,8.0,12.0,1143,1143,0,1123,810,313,20,0.9825021872265967,0.7086614173228346,16.2,3.453168053322645,10.31775269614134,13.442801693042597,21.130932881852637,1.3514237089203076,2.1340234297858713,0.8893255989239195,0.5519899955388349,78.82849689368861,29.286248030712013,30,0.9762152777777777,0.39760416666666665,0.5786111111111112,61.99298525670939,18.437569916449462,{}
test,adversarial,homog,med,hybrid,1006,1.0,0.9898486658449375,0.5964704117801362,0.9898486658449375,23.04,50.0,8.0,12.0,1143,1143,0,1143,826,317,0,1.0,0.7226596675415573,16.52,3.0923515853877195,8.964520707424114,13.081985225107672,19.57465792488548,1.3140092208631073,1.9746914815704433,0.9108253676478942,0.5601175629654224,70.6911572419633,29.049619653052968,30,0.9076388888888889,0.3908333333333333,0.5227777777777778,61.20510303871788,18.67491341819892,"{'alpha': 0.1, 'beta': 0.9, 'gamma': 0.0, 'source': 'phase3_tuning'}"
test,adversarial,homog,med,binpack,1007,1.0,1.0471648927995332,0.6260441639897751,1.0471648927995332,23.04,50.0,8.0,12.0,1199,1199,0,1123,838,285,76,0.9366138448707256,0.6989157631359466,16.76,4.181239218747841,13.680927390438157,14.22741205895034,23.563925623575468,1.4233369030414809,2.3647987843356706,0.9030702890463397,0.5727198988700186,98.31205877210425,27.916406101294484,30,0.9859375,0.36781250000000004,0.6181249999999999,64.19621638660108,18.67711319276837,{}
test,adversarial,homog,med,spread,1007,1.0,1.0471648927995332,0.6260441639897751,1.0471648927995332,23.04,50.0,8.0,12.0,1199,1199,0,1110,836,274,89,0.9257714762301918,0.6972477064220184,16.72,4.37501205122301,14.413463654151869,14.421184891425508,24.475991413464754,1.4430115531741048,2.483633403480567,0.8966740482479862,0.5753592295528693,102.05701778064179,29.55150602037635,30,0.9876736111111111,0.3501041666666667,0.6375694444444444,64.34683851069177,18.633394083545785,{}
test,adversarial,homog,med,tetris,1007,1.0,1.0471648927995332,0.6260441639897751,1.0471648927995332,23.04,50.0,8.0,12.0,1199,1199,0,1085,813,272,114,0.9049207673060884,0.6780650542118432,16.26,4.464337101842201,15.030643334447895,14.5105099420447,25.188973421036295,1.4512864208194172,2.561964462195851,0.8810933523869936,0.5631498093967805,103.47707393560808,29.049430765158437,30,0.9935763888888889,0.3205208333333333,0.6730555555555555,64.85052919015571,18.48866948308585,{}
test,adversarial,homog,med,hybrid,1007,1.0,1.0471648927995332,0.6260441639897751,1.0471648927995332,23.04,50.0,8.0,12.0,1199,1199,0,1125,840,285,74,0.9382819015846539,0.700583819849875,16.8,4.1271081152832725,13.595905727043949,14.17328095548577,23.388873835685217,1.4178652254203818,2.3478580631317234,0.9056555791408194,0.5733765924440873,97.11641238132428,28.769253932053886,30,0.9817708333333334,0.3671875,0.6145833333333334,63.95869685468661,18.746473254827464,"{'alpha': 0.1, 'beta': 0.9, 'gamma': 0.0, 'source': 'phase3_tuning'}"
test,adversarial,homog,med,binpack,1008,1.0,1.0080416778591592,0.6062178332665685,1.0080416778591592,23.04,50.0,8.0,12.0,1162,1162,0,1143,808,335,19,0.9836488812392427,0.6953528399311532,16.16,3.0784238206183416,9.099645959400402,13.069448081872984,19.385195247353764,1.313224440809053,1.9531884173455663,0.9049154307000938,0.5623868718012319,71.40850970605757,28.13358884781011,30,0.982638888888889,0.4083333333333333,0.5743055555555556,62.290878811893705,18.65441654000441,{}
test,adversarial,homog,med,spread,1008,1.0,1.0080416778591592,0.6062178332665685,1.0080416778591592,23.04,50.0,8.0,12.0,1162,1162,0,1132,804,328,30,0.9741824440619621,0.6919104991394148,16.08,3.370942976747869,9.55448673172268,13.361967238002512,19.714867416012623,1.3431003334546885,1.9872973648883268,0.898717972519619,0.5601916251391569,78.03218723591937,29.64126763376357,30,0.9809027777777778,0.40729166666666666,0.5736111111111111,62.61526068038201,18.55777628925637,{}
test,adversarial,homog,med,tetris,1008,1.0,1.0080416778591592,0.6062178332665685,1.0080416778591592,23.04,50.0,8.0,12.0,1162,1162,0,1110,795,315,52,0.955249569707401,0.6841652323580034,15.9,3.5216821010044543,10.77341640439467,13.512706362259097,20.975783266160708,1.3588625465357471,2.1379277530403415,0.8800497853674741,0.5546854362418883,81.03588321369267,29.249894492125105,30,0.9770833333333333,0.41062499999999996,0.5664583333333333,63.326211356248216,18.34943185631377,{}
test,adversarial,homog,med,hybrid,1008,1.0,1.0080416778591592,0.6062178332665685,1.0080416778591592,23.04,50.0,8.0,12.0,1162,1162,0,1147,811,336,15,0.9870912220309811,0.697934595524957,16.22,3.04389202621821,9.226962100866569,13.034916287472853,19.4060018972159,1.309738538984762,1.9520898243067997,0.9054168033258653,0.5629885442535582,70.6194997696968,28.946020635313012,30,0.9786458333333333,0.4034375,0.5752083333333334,62.23034417421072,18.67256264479334,"{'alpha': 0.1, 'beta': 0.9, 'gamma': 0.0, 'source': 'phase3_tuning'}"
test,adversarial,homog,med,binpack,1009,1.0,1.0247131669218943,0.6154304568052316,1.0247131669218943,23.04,50.0,8.0,12.0,1181,1181,0,1129,827,302,52,0.955969517358171,0.7002540220152413,16.54,3.7926495819144774,10.682265972576069,13.783306042833233,21.14714358733137,1.3859407849765752,2.1291812997043515,0.9064153382158082,0.5688230205482729,88.80646115557707,28.18563605634314,30,0.9795138888888889,0.39458333333333334,0.5849305555555555,63.01811346051672,18.740643525292803,{}
test,adversarial,homog,med,spread,1009,1.0,1.0247131669218943,0.6154304568052316,1.0247131669218943,23.04,50.0,8.0,12.0,1181,1181,0,1113,822,291,68,0.9424216765453006,0.6960203217612193,16.44,4.125501510421194,11.32468621342639,14.11615797133995,21.704183922765985,1.419454628123265,2.1882449728079765,0.9000299483723263,0.5672420053039682,96.10105939245166,29.655411663794908,30,0.9833333333333333,0.388125,0.5952083333333333,63.332153895815004,18.64771569182397,{}
test,adversarial,homog,med,tetris,1009,1.0,1.0247131669218943,0.6154304568052316,1.0247131669218943,23.04,50.0,8.0,12.0,1181,1181,0,1099,810,289,82,0.930567315834039,0.6858594411515665,16.2,3.993638027486175,11.736089063192516,13.984294488404931,22.340512910031595,1.4063257517356078,2.2623948858765894,0.8888053151533967,0.5607183173368241,92.40550369536811,29.25567521685816,30,0.9814236111111111,0.3726041666666667,0.6088194444444445,63.68656296432311,18.543943102434184,{}
test,adversarial,homog,med,hybrid,1009,1.0,1.0247131669218943,0.6154304568052316,1.0247131669218943,23.04,50.0,8.0,12.0,1181,1181,0,1130,828,302,51,0.9568162574089755,0.7011007620660458,16.56,3.7708230488050614,10.636810406730405,13.761479509723817,21.00897736370223,1.383838642509585,2.115844330800192,0.9087632154047792,0.5692106062999444,88.47475476745471,28.973222074350392,30,0.9769097222222223,0.3930208333333333,0.5838888888888889,62.73642776585697,18.82478875602693,"{'alpha': 0.1, 'beta': 0.9, 'gamma': 0.0, 'source': 'phase3_tuning'}"
test,adversarial,homog,high,binpack,1000,1.3,1.3574101000484962,0.8150279467333984,1.3574101000484962,29.952,50.0,8.0,12.0,1570,1570,0,1218,865,353,352,0.7757961783439491,0.5509554140127388,17.3,10.23746177243432,28.396809788712368,20.206982020015882,38.17900232490216,2.043951043641563,3.847042063557893,0.9338990373400516,0.6938172746659272,262.3214024718875,28.61371752510502,30,0.9815972222222222,0.5152083333333334,0.4663888888888889,78.84068280834862,19.913576900601743,{}
test,adversarial,homog,high,spread,1000,1.3,1.3574101000484962,0.8150279467333984,1.3574101000484962,29.952,50.0,8.0,12.0,1570,1570,0,1203,833,370,367,0.7662420382165606,0.5305732484076433,16.66,10.828689159792116,28.339262979538695,20.79820940737368,38.54592245556884,2.1037439112124194,3.844311090969946,0.924670073340465,0.6890958870181475,276.63539091219155,29.63223092601166,30,0.9913194444444444,0.6010416666666667,0.3902777777777778,79.43996988084062,19.763350896972753,{}
test,adversarial,homog,high,tetris,1000,1.3,1.3574101000484962,0.8150279467333984,1.3574101000484962,29.952,50.0,8.0,12.0,1570,1570,0,1213,913,300,357,0.7726114649681529,0.5815286624203821,18.26,8.761142090873859,29.84231676472865,18.73066233845542,39.57653161920055,1.8954251318927995,4.020934890432836,0.9160027632954139,0.7022329545771295,216.30136217363503,29.328984390620967,30,0.9744791666666667,0.3809375,0.5935416666666666,79.53938867525083,19.73864806039822,{}
test,adversarial,homog,high,hybrid,1000,1.3,1.3574101000484962,0.8150279467333984,1.3574101000484962,29.952,50.0,8.0,12.0,1570,1570,0,1221,872,349,349,0.7777070063694268,0.5554140127388535,17.44,10.111368674954633,28.6537179221802,20.080888922536193,38.2032446238389,2.03115668149732,3.883427278200046,0.9340313640458503,0.6947128675431251,260.33461411027383,29.159267576437042,30,0.9788194444444444,0.48666666666666664,0.4921527777777778,78.73750984892729,19.939670469796926,"{'alpha': 0.1, 'beta': 0.9, 'gamma': 0.0, 'source': 'phase3_tuning'}"
test,adversarial,homog,high,binpack,1001,1.3,1.269430148176823,0.7556123594849454,1.269430148176823,29.952,50.0,8.0,12.0,1453,1453,0,1182,875,307,271,0.8134893324156917,0.6022023399862354,17.5,8.51085334832995,25.16237023576234,18.54582808729681,34.82590589200948,1.8615439927989457,3.572897232968493,0.9293102886777477,0.6541670594706386,215.0155461805035,28.56962907075108,30,0.9704861111111112,0.34791666666666665,0.6225694444444444,74.36868156013891,19.53779426390689,{}
test,adversarial,homog,high,spread,1001,1.3,1.269430148176823,0.7556123594849454,1.269430148176823,29.952,50.0,8.0,12.0,1453,1453,0,1178,862,316,275,0.8107364074328974,0.5932553337921541,17.24,8.820109526523662,25.517724294386632,18.85508426549052,35.30426433263285,1.8929314096089673,3.613767581934352,0.9222503687888991,0.6531741299353243,223.33201989979509,29.71384516105817,30,0.978298611111111,0.3619791666666667,0.6163194444444444,74.48970888497718,19.506050188001687,{}
test,adversarial,homog,high,tetris,1001,1.3,1.269430148176823,0.7556123594849454,1.269430148176823,29.952,50.0,8.0,12.0,1453,1453,0,1164,875,289,289,0.8011011699931176,0.6022023399862354,17.5,7.789816525980844,24.42208550093133,17.824791264947702,34.57670524700161,1.7859625832428674,3.5483662868877683,0.9155272699720001,0.6616080546091762,187.32244707816474,29.389706541071735,30,0.986111111111111,0.38229166666666664,0.6038194444444444,74.9173305548995,19.394711333651166,{}
test,adversarial,homog,high,hybrid,1001,1.3,1.269430148176823,0.7556123594849454,1.269430148176823,29.952,50.0,8.0,12.0,1453,1453,0,1185,875,310,268,0.8155540261527874,0.6022023399862354,17.5,8.47726696209297,25.372789720586375,18.51224170105983,35.23274248382193,1.858559599164536,3.6074460125364145,0.9275795759623378,0.6550374142171136,214.33895450682306,29.197157095198268,30,0.9725694444444444,0.3560416666666667,0.6165277777777778,74.29894212124871,19.55613308233708,"{'alpha': 0.1, 'beta': 0.9, 'gamma': 0.0, 'source': 'phase3_tuning'}"
test,adversarial,homog,high,binpack,1002,1.3,1.301824944497206,0.7770634952666499,1.301824944497206,29.952,50.0,8.0,12.0,1501,1501,0,1201,879,322,300,0.8001332445036642,0.5856095936042638,17.58,8.903838144620014,26.910383972875934,18.861970584876367,36.08130195922891,1.9054915870497482,3.6900779941611974,0.9325593724353246,0.6703963329694888,227.85804309083196,28.601567187238132,30,0.978298611111111,0.37447916666666664,0.6038194444444444,75.20432782594432,19.958957727459115,{}
test,adversarial,homog,high,spread,1002,1.3,1.301824944497206,0.7770634952666499,1.301824944497206,29.952,50.0,8.0,12.0,1501,1501,0,1184,844,340,317,0.7888074616922052,0.5622918054630246,16.88,9.574129737628914,26.85832028237492,19.532262177885265,35.84435518310928,1.973577567519071,3.6712132647455498,0.9243433852913782,0.6671951853688117,243.83426968512194,29.73827342966425,30,0.9819444444444444,0.45666666666666667,0.5252777777777777,75.49259485162965,19.88274483013877,{}
test,adversarial,homog,high,tetris,1002,1.3,1.301824944497206,0.7770634952666499,1.301824944497206,29.952,50.0,8.0,12.0,1501,1501,0,1195,901,294,306,0.7961359093937375,0.6002664890073285,18.02,7.996710292046099,26.858233422962755,17.954842732302453,36.54630191665805,1.8102232122236916,3.744734402683974,0.9145021109947475,0.6767182827154471,196.3265041891434,29.371952408871344,30,0.9875,0.373125,0.614375,76.08212332840846,19.72868177615041,{}
test,adversarial,homog,high,hybrid,1002,1.3,1.301824944497206,0.7770634952666499,1.301824944497206,29.952,50.0,8.0,12.0,1501,1501,0,1199,884,315,302,0.798800799467022,0.5889407061958695,17.68,8.842758111838917,26.94078112436621,18.800890552095268,36.22902013016254,1.8992479895719627,3.7015306939155423,0.9302895812450492,0.6701458985955656,225.90222673743617,29.15104125906095,30,0.9770833333333333,0.354375,0.6227083333333333,75.35147250448726,19.91998231899999,"{'alpha': 0.1, 'beta': 0.9, 'gamma': 0.0, 'source': 'phase3_tuning'}"
test,adversarial,homog,high,binpack,1003,1.3,1.2464409323309855,0.7473509474841147,1.2464409323309855,29.952,50.0,8.0,12.0,1435,1435,0,1178,861,317,257,0.8209059233449477,0.6,17.22,7.154595498132413,22.247408206943312,17.158241006663,32.11869014931623,1.7241545181917104,3.2201379736118763,0.9338269904757496,0.6482012179799446,178.69994288396174,28.637871049265932,30,0.9852430555555556,0.37552083333333336,0.6097222222222223,73.32314973799234,19.570899574387155,{}
test,adversarial,homog,high,spread,1003,1.3,1.2464409323309855,0.7473509474841147,1.2464409323309855,29.952,50.0,8.0,12.0,1435,1435,0,1180,853,327,255,0.8222996515679443,0.5944250871080139,17.06,7.339105812365268,23.394689274087064,17.342751320895857,33.0606602286176,1.7432944140604865,3.3547319438517906,0.9238686258626528,0.6461262482162854,183.70550106987048,29.75683035557917,30,0.9932291666666667,0.37281250000000005,0.6204166666666667,73.77903497225671,19.449969771759772,{}
test,adversarial,homog,high,tetris,1003,1.3,1.2464409323309855,0.7473509474841147,1.2464409323309855,29.952,50.0,8.0,12.0,1435,1435,0,1150,846,304,285,0.8013937282229965,0.5895470383275261,16.92,6.984813391271584,22.565295150450986,16.988458899802172,33.06387888985224,1.7071020353024118,3.363163003632485,0.90398787920913,0.6506201982288712,165.4262696096087,29.444165550676384,30,0.9897569444444444,0.40197916666666667,0.5877777777777777,74.38936473186887,19.290391915193183,{}
test,adversarial,homog,high,hybrid,1003,1.3,1.2464409323309855,0.7473509474841147,1.2464409323309855,29.952,50.0,8.0,12.0,1435,1435,0,1177,863,314,258,0.8202090592334494,0.6013937282229965,17.26,7.173175178585899,21.459920829152885,17.176820687116486,31.68174222984681,1.7259194003345282,3.163976080465451,0.9358432613325324,0.6480514936434666,178.6676543382533,29.25273532501144,30,0.9795138888888889,0.37270833333333336,0.6068055555555555,73.58141010912301,19.502208477275175,"{'alpha': 0.1, 'beta': 0.9, 'gamma': 0.0, 'source': 'phase3_tuning'}"
test,adversarial,homog,high,binpack,1004,1.3,1.2841506560881244,0.7729323341773566,1.2841506560881244,29.952,50.0,8.0,12.0,1474,1474,0,1191,873,318,283,0.8080054274084125,0.5922659430122117,17.46,8.806674413578198,25.8773237213043,18.840847513425363,35.79260185560213,1.8864162949792724,3.5608987727240775,0.9212013342023663,0.6637342444086467,222.1858232366862,28.363062187599525,30,0.975,0.365,0.61,75.18625184056076,19.604647976411304,{}
test,adversarial,homog,high,spread,1004,1.3,1.2841506560881244,0.7729323341773566,1.2841506560881244,29.952,50.0,8.0,12.0,1474,1474,0,1188,857,331,286,0.8059701492537313,0.5814111261872456,17.14,9.216390962469113,26.272766106091062,19.250564062316283,35.99181076743134,1.9281939152606713,3.5969337201260934,0.9150026628557986,0.6625537948953937,233.7751739890988,29.619701440398504,30,0.9902777777777777,0.3891666666666667,0.601111111111111,75.16396005617065,19.61046223347556,{}
test,adversarial,homog,high,tetris,1004,1.3,1.2841506560881244,0.7729323341773566,1.2841506560881244,29.952,50.0,8.0,12.0,1474,1474,0,1172,875,297,302,0.7951153324287653,0.5936227951153324,17.5,7.996515649367905,24.81553229991342,18.03068874921507,35.05706084109412,1.8062565312521766,3.5238437125458413,0.9107834750652886,0.6719394011964802,191.2591537167335,29.267628324426624,30,0.9880208333333333,0.4009375,0.5870833333333334,75.48158854106354,19.527940899099036,{}
test,adversarial,homog,high,hybrid,1004,1.3,1.2841506560881244,0.7729323341773566,1.2841506560881244,29.952,50.0,8.0,12.0,1474,1474,0,1190,871,319,284,0.8073270013568521,0.5909090909090909,17.42,8.83868246219691,25.703744894254896,18.872855562044077,35.643468380382146,1.8896484511996325,3.5446826571388588,0.9238810459865241,0.6641407791041076,223.58719365346144,29.05041569364853,30,0.9777777777777777,0.36541666666666667,0.6123611111111111,74.99959644672037,19.653439082797302,"{'alpha': 0.1, 'beta': 0.9, 'gamma': 0.0, 'source': 'phase3_tuning'}"
test,adversarial,homog,high,binpack,1005,1.3,1.2951030399689938,0.7727784677052577,1.2951030399689938,29.952,50.0,8.0,12.0,1482,1482,0,1191,877,314,291,0.8036437246963563,0.5917678812415654,17.54,9.055201199803927,26.41923883546987,19.09259269923148,36.149141812490285,1.9090426932105797,3.5381630237799366,0.934511714022961,0.6666613652113219,231.9276835217428,28.653071679984922,30,0.9711805555555556,0.3589583333333334,0.6122222222222222,74.78746897262978,19.816153967483142,{}
test,adversarial,homog,high,spread,1005,1.3,1.2951030399689938,0.7727784677052577,1.2951030399689938,29.952,50.0,8.0,12.0,1482,1482,0,1186,856,330,296,0.8002699055330634,0.5775978407557355,17.12,9.56471653080472,26.444920207306552,19.602108030232277,36.10973639664056,1.960849233857468,3.5168296340217955,0.9276130040019042,0.6645340736550832,244.61605743385823,29.67788774031248,30,0.9864583333333333,0.405,0.5814583333333334,74.78340908291668,19.817229759569013,{}
test,adversarial,homog,high,tetris,1005,1.3,1.2951030399689938,0.7727784677052577,1.2951030399689938,29.952,50.0,8.0,12.0,1482,1482,0,1188,890,298,294,0.8016194331983806,0.6005398110661269,17.8,7.964071311387307,26.04632604445627,18.00146281081486,36.67571054507668,1.7994853462072282,3.6753054920735457,0.9181586719901317,0.6736097986836094,195.73034700142026,29.400289356853158,30,0.9928819444444444,0.3813541666666667,0.6115277777777777,74.84119354359487,19.801928988969657,{}
test,adversarial,homog,high,hybrid,1005,1.3,1.2951030399689938,0.7727784677052577,1.2951030399689938,29.952,50.0,8.0,12.0,1482,1482,0,1193,875,318,289,0.8049932523616734,0.5904183535762483,17.5,9.10082973015742,26.30304963286555,19.138221229584975,35.926846751517104,1.9137438179053567,3.5101197712455194,0.9337649703922944,0.6665479603596842,232.9469415860861,29.237651192735388,30,0.9802083333333333,0.37124999999999997,0.6089583333333334,74.67930517193952,19.84485523248891,"{'alpha': 0.1, 'beta': 0.9, 'gamma': 0.0, 'source': 'phase3_tuning'}"
test,adversarial,homog,high,binpack,1006,1.3,1.3007426700971803,0.7801052184807153,1.3007426700971803,29.952,50.0,8.0,12.0,1499,1499,0,1205,885,320,294,0.8038692461641094,0.590393595730487,17.7,8.59474740477654,26.122589336250428,18.59845435028503,35.80199266724488,1.869911489975368,3.713276826350312,0.9341200650407204,0.671756027450871,219.24312547845236,28.6932432647962,30,0.9732638888888889,0.36395833333333333,0.6093055555555555,76.03064053505096,19.71573551730035,{}
test,adversarial,homog,high,spread,1006,1.3,1.3007426700971803,0.7801052184807153,1.3007426700971803,29.952,50.0,8.0,12.0,1499,1499,0,1206,875,331,293,0.8045363575717145,0.5837224816544363,17.5,9.153761808466795,25.782237746884263,19.157468753975287,35.40272651874201,1.9263678645352922,3.657352656471365,0.929392643585429,0.6709889758792151,233.16848248228405,29.758075985421453,30,0.9850694444444444,0.3954166666666667,0.5896527777777778,75.93982304425444,19.739313839676026,{}
test,adversarial,homog,high,tetris,1006,1.3,1.3007426700971803,0.7801052184807153,1.3007426700971803,29.952,50.0,8.0,12.0,1499,1499,0,1189,886,303,310,0.7931954636424283,0.5910607071380921,17.72,7.893339549728678,26.044576963173355,17.89704649523717,35.75039322837791,1.7967776532408173,3.680503735513632,0.9180132552886924,0.6740067691546203,193.316569578435,29.45096002362463,30,0.9958333333333333,0.38375,0.6120833333333333,76.1239617503911,19.691565776820575,{}
test,adversarial,homog,high,hybrid,1006,1.3,1.3007426700971803,0.7801052184807153,1.3007426700971803,29.952,50.0,8.0,12.0,1499,1499,0,1200,881,319,299,0.800533689126084,0.5877251501000668,17.62,8.698426360413198,25.991908055756483,18.70213330592169,35.63468032234088,1.880321702489764,3.700595903528846,0.9331553252741785,0.6716215033774598,221.75692259575928,29.268938194656183,30,0.9746527777777777,0.3641666666666667,0.6104861111111111,75.97976215113111,19.728937779751714,"{'alpha': 0.1, 'beta': 0.9, 'gamma': 0.0, 'source': 'phase3_tuning'}"
test,adversarial,homog,high,binpack,1007,1.3,1.34443145243262,0.8050279424828157,1.34443145243262,29.952,50.0,8.0,12.0,1542,1542,0,1197,852,345,345,0.7762645914396887,0.5525291828793775,17.04,10.353101208110125,29.22340929153787,20.36763087020074,38.85729608658048,2.048969440259463,3.889795492061337,0.9277624565055063,0.6859208148445614,264.5463160287464,28.39723546253405,30,0.9802083333333333,0.46499999999999997,0.5152083333333334,77.86350593935578,19.8038860618605,{}
test,adversarial,homog,high,spread,1007,1.3,1.34443145243262,0.8050279424828157,1.34443145243262,29.952,50.0,8.0,12.0,1542,1542,0,1176,813,363,366,0.7626459143968871,0.5272373540856031,16.26,11.1005524319465,28.46595630998751,21.11508209403711,38.24505158165271,2.1256781301580823,3.806375312047709,0.9184451041993641,0.678847040528433,280.34641722054124,29.655004631058702,30,0.9895833333333334,0.58125,0.4083333333333333,78.10536959028322,19.742560698308687,{}
test,adversarial,homog,high,tetris,1007,1.3,1.34443145243262,0.8050279424828157,1.34443145243262,29.952,50.0,8.0,12.0,1542,1542,0,1210,908,302,332,0.7846952010376135,0.5888456549935149,18.16,8.873268311272733,33.22195501320931,18.887797973363345,42.88323308276506,1.9000668168371588,4.293500107019397,0.9077550137309198,0.7043655328820566,220.18323906691273,29.268792896275684,30,0.9784722222222223,0.4202083333333333,0.5582638888888888,79.69564315797633,19.348611026871033,{}
test,adversarial,homog,high,hybrid,1007,1.3,1.34443145243262,0.8050279424828157,1.34443145243262,29.952,50.0,8.0,12.0,1542,1542,0,1196,854,342,346,0.7756160830090791,0.5538261997405967,17.08,10.36302680909063,29.339507899535597,20.37755647118124,39.00256460275792,2.0499983727581697,3.8834650038518115,0.9264016536667943,0.6859839183089486,264.23829704800204,29.05327225542602,30,0.9791666666666666,0.453125,0.5260416666666666,77.92034640187605,19.789439744622005,"{'alpha': 0.1, 'beta': 0.9, 'gamma': 0.0, 'source': 'phase3_tuning'}"
test,adversarial,homog,high,binpack,1008,1.3,1.313404538962378,0.7949136908723542,1.313404538962378,29.952,50.0,8.0,12.0,1520,1520,0,1198,874,324,322,0.7881578947368421,0.575,17.48,9.025344287441612,26.081457086825033,19.015382750033687,35.68325029696464,1.922227501180879,3.6023499381540125,0.9328321930712467,0.681532317230229,229.43127797563938,28.564299113700073,30,0.9739583333333334,0.41875,0.5552083333333333,76.10994882255437,19.971107897389153,{}
test,adversarial,homog,high,spread,1008,1.3,1.313404538962378,0.7949136908723542,1.313404538962378,29.952,50.0,8.0,12.0,1520,1520,0,1198,866,332,322,0.7881578947368421,0.5697368421052632,17.32,9.19743037951113,26.61600661673892,19.187468842103208,36.343786614616896,1.9398913315483808,3.6831015007629127,0.9251876273463313,0.6804801205640095,235.31016823074265,29.72405202597193,30,0.9857638888888889,0.4189583333333333,0.5668055555555556,76.26610613939792,19.930216408607112,{}
test,adversarial,homog,high,tetris,1008,1.3,1.313404538962378,0.7949136908723542,1.313404538962378,29.952,50.0,8.0,12.0,1520,1520,0,1194,890,304,326,0.7855263157894737,0.5855263157894737,17.8,8.001221881845206,26.75666605907398,17.991260344437283,36.36945816274034,1.8204436963720914,3.71111873150619,0.9157207000339719,0.6837673520682224,194.79658273308553,29.42299576317315,30,0.9913194444444444,0.37604166666666666,0.6152777777777777,76.48871156555077,19.872213414097857,{}
test,adversarial,homog,high,hybrid,1008,1.3,1.313404538962378,0.7949136908723542,1.313404538962378,29.952,50.0,8.0,12.0,1520,1520,0,1208,883,325,312,0.7947368421052632,0.5809210526315789,17.66,8.8340962903619,26.33778894774695,18.824134752953977,36.03671064824346,1.9030476655946729,3.6408138241294856,0.9317991915445265,0.6822490374553286,225.33223672101113,29.189246642548422,30,0.9777777777777777,0.38104166666666667,0.5967361111111111,76.03943403585114,19.989628003850594,"{'alpha': 0.1, 'beta': 0.9, 'gamma': 0.0, 'source': 'phase3_tuning'}"
test,adversarial,homog,high,binpack,1009,1.3,1.3048256073632802,0.7808783632784324,1.3048256073632802,29.952,50.0,8.0,12.0,1500,1500,0,1193,881,312,307,0.7953333333333333,0.5873333333333334,17.62,9.35142169845413,27.68798675013508,19.36773679615066,37.05072945286557,1.9487971991532893,3.7785834936100002,0.9310680432563757,0.6737794930066456,239.9593856923197,28.604335427956286,30,0.9739583333333334,0.353125,0.6208333333333333,75.47267701834895,19.87474221479277,{}
test,adversarial,homog,high,spread,1009,1.3,1.3048256073632802,0.7808783632784324,1.3048256073632802,29.952,50.0,8.0,12.0,1500,1500,0,1189,845,344,311,0.7926666666666666,0.5633333333333334,16.9,10.04472169622631,27.38820931517248,20.061036793922842,36.66428873033094,2.01910978896616,3.7364435385074275,0.9257809883922594,0.6703463144415719,257.2218629091703,29.734932049073073,30,0.9909722222222223,0.4408333333333333,0.5501388888888888,75.8317955399557,19.780620903399964,{}
test,adversarial,homog,high,tetris,1009,1.3,1.3048256073632802,0.7808783632784324,1.3048256073632802,29.952,50.0,8.0,12.0,1500,1500,0,1206,910,296,294,0.804,0.6066666666666667,18.2,8.133545878689791,28.278282841610505,18.14986097638632,38.02180968709593,1.8241199257997738,3.8370408173631136,0.9190759525789884,0.6809432111976467,202.44262890104645,29.427442474506393,30,0.9888888888888889,0.3733333333333333,0.6155555555555555,76.28205649766637,19.663864201745636,{}
test,adversarial,homog,high,hybrid,1009,1.3,1.3048256073632802,0.7808783632784324,1.3048256073632802,29.952,50.0,8.0,12.0,1500,1500,0,1197,889,308,303,0.798,0.5926666666666667,17.78,9.260698317193558,27.79486326872002,19.27701341489009,37.23607870963258,1.9396521853197206,3.8180402345963005,0.9306754100013022,0.6737930877571691,237.8809533577235,29.21017082642338,30,0.967013888888889,0.34270833333333334,0.6243055555555556,75.79018870107696,19.791479948890608,"{'alpha': 0.1, 'beta': 0.9, 'gamma': 0.0, 'source': 'phase3_tuning'}"
test,adversarial,hetero,low,binpack,1000,0.7,0.7081787770412105,0.40973250407883327,0.7081787770412105,15.84247339533496,50.0,8.0,12.0,806,806,0,806,649,157,0,1.0,0.8052109181141439,12.98,0.29153968166227046,2.073289110661163,10.226275263458781,12.53800046719848,1.0297398615874176,1.201915728470696,0.6822361837745057,0.39429046089065634,4.699619668395801,24.32248292717124,10,0.252803824486973,0.2157927761267596,0.06360551866369067,61.71314399589937,13.060426803948863,{}
test,adversarial,hetero,low,spread,1000,0.7,0.7081787770412105,0.40973250407883327,0.7081787770412105,15.84247339533496,50.0,8.0,12.0,806,806,0,806,649,157,0,1.0,0.8052109181141439,12.98,0.27220756702447907,2.092589137082939,10.20694314882099,12.523654739939294,1.0277463517182608,1.2138294645950864,0.6822361837745041,0.3942904608906565,4.387985980434605,29.30435977664755,30,0.27529771164097494,0.16425398899032906,0.12334873685821232,61.71314399589937,13.060426803948863,{}
test,adversarial,hetero,low,tetris,1000,0.7,0.7081787770412105,0.40973250407883327,0.7081787770412105,15.84247339533496,50.0,8.0,12.0,806,806,0,806,649,157,0,1.0,0.8052109181141439,12.98,0.2746575445197613,2.009532560315856,10.209393126316272,12.48130173395729,1.0280205238135656,1.208651416918826,0.6822361837745042,0.39429046089065595,4.427479617658557,28.72387241856019,29,0.28946424744684857,0.1752081540041298,0.11434307954393261,61.71314399589937,13.060426803948863,{}
test,adversarial,hetero,low,hybrid,1000,0.7,0.7081787770412105,0.40973250407883327,0.7081787770412105,15.84247339533496,50.0,8.0,12.0,806,806,0,806,649,157,0,1.0,0.8052109181141439,12.98,0.2668953092625752,1.9589226651823832,10.201630891059086,12.307337597747335,1.0272811955184595,1.1970403044948574,0.6822361837745048,0.3942904608906565,4.302352385312705,25.826289980691637,14,0.25726060069617196,0.20955467032061478,0.049846192966833236,61.71314399589937,13.060426803948863,"{'alpha': 0.1, 'beta': 0.9, 'gamma': 0.0, 'source': 'phase3_tuning'}"
test,adversarial,hetero,low,binpack,1001,0.7,0.6987964278608243,0.43862441923306067,0.6987964278608243,16.818278008167972,50.0,8.0,12.0,838,838,0,838,682,156,0,1.0,0.8138424821002387,13.64,0.19162195335089774,1.6603293871346647,10.200221334388969,12.0780158314914,1.0193248220623932,1.1643510356718125,0.6719176929604015,0.42125024348002305,3.2115839381610454,24.41233204757937,12,0.23626620069236476,0.22760248542149597,0.04168446674917523,61.499403436722794,13.626148436744181,{}
test,adversarial,hetero,low,spread,1001,0.7,0.6987964278608243,0.43862441923306067,0.6987964278608243,16.818278008167972,50.0,8.0,12.0,838,838,0,838,682,156,0,1.0,0.8138424821002387,13.64,0.16380428276727765,1.6731390265434403,10.172403663805348,11.973426953073101,1.0165953384533162,1.169178394360542,0.6719176929604006,0.4212502434800228,2.745359779179571,29.489698051627443,30,0.25760904894275477,0.1724248783262733,0.13711200655379294,61.499403436722794,13.626148436744181,{}
test,adversarial,hetero,low,tetris,1001,0.7,0.6987964278608243,0.43862441923306067,0.6987964278608243,16.818278008167972,50.0,8.0,12.0,838,838,0,838,682,156,0,1.0,0.8138424821002387,13.64,0.14726342027493816,1.517718924754469,10.15586280131301,11.94602954662627,1.0149060137655372,1.1533563790062236,0.6719176929604014,0.421250243480023,2.468134923807963,28.033604481837546,25,0.25756106416421426,0.17923325471593618,0.09070823012251852,61.499403436722794,13.626148436744181,{}
test,adversarial,hetero,low,hybrid,1001,0.7,0.6987964278608243,0.43862441923306067,0.6987964278608243,16.818278008167972,50.0,8.0,12.0,838,838,0,838,682,156,0,1.0,0.8138424821002387,13.64,0.16313018597537515,1.731522931397036,10.171729567013447,11.973426953073101,1.016507669827144,1.1675257032238455,0.6719176929604009,0.42125024348002293,2.734061916947285,26.567513406945285,13,0.2554901963983566,0.21626017474038947,0.05252062937692493,61.499403436722794,13.626148436744181,"{'alpha': 0.1, 'beta': 0.9, 'gamma': 0.0, 'source': 'phase3_tuning'}"
test,adversarial,hetero,low,binpack,1002,0.7,0.6915206172089845,0.4487409163992484,0.6915206172089845,17.014613137012656,50.0,8.0,12.0,842,842,0,842,669,173,0,1.0,0.7945368171021377,13.38,0.3230768020564162,2.5219399012774764,10.290747866324994,12.785005517339707,1.0329090624717283,1.2522535382106552,0.6639735387857131,0.43048298877471725,5.440613346630042,25.114869157031833,14,0.2792159959240352,0.24101738598681546,0.061699827957440015,61.14881159391038,13.769687064267528,{}
test,adversarial,hetero,low,spread,1002,0.7,0.6915206172089845,0.4487409163992484,0.6915206172089845,17.014613137012656,50.0,8.0,12.0,842,842,0,842,669,173,0,1.0,0.7945368171021377,13.38,0.28353378623355313,2.7991862852581155,10.25120485050213,12.59152236910286,1.0288473942073182,1.2797091133244092,0.6639735387857132,0.4304829887747168,4.774708960173037,29.513160191756352,30,0.28326288701840335,0.18965389823633053,0.11970421323861064,61.14881159391038,13.769687064267528,{}
test,adversarial,hetero,low,tetris,1002,0.7,0.6915206172089845,0.4487409163992484,0.6915206172089845,17.014613137012656,50.0,8.0,12.0,842,842,0,842,669,173,0,1.0,0.7945368171021377,13.38,0.2827523735857279,2.803330580818736,10.250423437854305,12.6416708613827,1.0287764980338836,1.280455972697909,0.663973538785713,0.4304829887747168,4.761549971183656,28.29875062621766,27,0.29661465229775213,0.17574709622173626,0.1227072233826788,61.14881159391038,13.769687064267528,{}
test,adversarial,hetero,low,hybrid,1002,0.7,0.6915206172089845,0.4487409163992484,0.6915206172089845,17.014613137012656,50.0,8.0,12.0,842,842,0,842,669,173,0,1.0,0.7945368171021377,13.38,0.3009338378831747,2.8426607046808083,10.26860490215175,12.595505899448595,1.030613997611109,1.2822661168444744,0.6639735387857125,0.43048298877471697,5.067725829952657,26.168535570129798,18,0.29424806692426736,0.22569870948003706,0.06999056652339242,61.14881159391038,13.769687064267528,"{'alpha': 0.1, 'beta': 0.9, 'gamma': 0.0, 'source': 'phase3_tuning'}"
test,adversarial,hetero,low,binpack,1003,0.7,0.6564971966945741,0.3715941501190533,0.6564971966945741,16.551026785974067,50.0,8.0,12.0,776,776,0,776,603,173,0,1.0,0.7770618556701031,12.06,0.09815897928941256,0.9542970575678584,10.086990018960265,11.924837399017328,1.0097651137607084,1.0966939546160785,0.626362067353012,0.35440395059623214,1.5234273585716833,23.293239274567938,15,0.2836559814723627,0.22219685348289814,0.08018650843930408,61.25780594046315,12.667773324336808,{}
test,adversarial,hetero,low,spread,1003,0.7,0.6564971966945741,0.3715941501190533,0.6564971966945741,16.551026785974067,50.0,8.0,12.0,776,776,0,776,603,173,0,1.0,0.7770618556701031,12.06,0.10204667665193332,0.993390546172348,10.090877716322785,11.916074649627873,1.0102322926935252,1.1030061209208832,0.6263620673530124,0.354403950596232,1.5837644216380047,29.541852291186746,30,0.29168356095392045,0.17368139991839784,0.1528156961932407,61.25780594046315,12.667773324336808,{}
test,adversarial,hetero,low,tetris,1003,0.7,0.6564971966945741,0.3715941501190533,0.6564971966945741,16.551026785974067,50.0,8.0,12.0,776,776,0,776,603,173,0,1.0,0.7770618556701031,12.06,0.10036121055643002,1.0505013744395555,10.089192250227283,11.916074649627873,1.0100788937699345,1.1108451715927163,0.6263620673530123,0.3544039505962321,1.5576059878357933,28.9036341580191,30,0.30302295083276953,0.17709958616312693,0.13188602267092092,61.25780594046315,12.667773324336808,{}
test,adversarial,hetero,low,hybrid,1003,0.7,0.6564971966945741,0.3715941501190533,0.6564971966945741,16.551026785974067,50.0,8.0,12.0,776,776,0,776,603,173,0,1.0,0.7770618556701031,12.06,0.0899613830843023,0.9954467022892342,10.078792422755154,11.903155081755376,1.0090174106419265,1.104835847044679,0.6263620673530124,0.35440395059623214,1.3962006654683716,27.885279530821137,22,0.3025521281399104,0.22047878274562036,0.0875207909524875,61.25780594046315,12.667773324336808,"{'alpha': 0.1, 'beta': 0.9, 'gamma': 0.0, 'source': 'phase3_tuning'}"
test,adversarial,hetero,low,binpack,1004,0.7,0.7046746234837982,0.41546011376593944,0.7046746234837982,15.40668448094304,50.0,8.0,12.0,773,773,0,773,620,153,0,1.0,0.8020698576972833,12.4,0.2101714596492663,1.6816294455533498,10.261361088383415,11.995839389743466,1.021473489668865,1.1709597522985182,0.6774832023046438,0.3997586597130079,3.2492507661776573,24.8540608261357,13,0.2800031727084141,0.23149798916025865,0.06561754378455288,61.72568784273203,12.523149227101207,{}
test,adversarial,hetero,low,spread,1004,0.7,0.7046746234837982,0.41546011376593944,0.7046746234837982,15.40668448094304,50.0,8.0,12.0,773,773,0,773,620,153,0,1.0,0.8020698576972833,12.4,0.2214210584803124,2.0259229432284247,10.272610687214462,12.076419068391115,1.0227659623512302,1.2065631380722082,0.677483202304645,0.3997586597130081,3.423169564105629,29.25818263198494,30,0.27421396191750497,0.18079883456418278,0.1639870901221882,61.72568784273203,12.523149227101207,{}
test,adversarial,hetero,low,tetris,1004,0.7,0.7046746234837982,0.41546011376593944,0.7046746234837982,15.40668448094304,50.0,8.0,12.0,773,773,0,773,620,153,0,1.0,0.8020698576972833,12.4,0.1956106279060543,1.8427189634306842,10.246800256640205,11.975332997330874,1.0201033062551483,1.1813763996409992,0.6774832023046444,0.3997586597130081,3.024140307427598,28.56371909337557,28,0.2735935973456837,0.15401993246321485,0.12216517952218045,61.72568784273203,12.523149227101207,{}
test,adversarial,hetero,low,hybrid,1004,0.7,0.7046746234837982,0.41546011376593944,0.7046746234837982,15.40668448094304,50.0,8.0,12.0,773,773,0,773,620,153,0,1.0,0.8020698576972833,12.4,0.19779508032427875,1.9147264687959176,10.248984709058428,11.993352482842807,1.0203591388281807,1.188745235211791,0.6774832023046434,0.3997586597130075,3.057911941813347,27.097504689281667,16,0.27731579228091857,0.236404055546675,0.057043636170839136,61.72568784273203,12.523149227101207,"{'alpha': 0.1, 'beta': 0.9, 'gamma': 0.0, 'source': 'phase3_tuning'}"
test,adversarial,hetero,low,binpack,1005,0.7,0.7067571342172045,0.42079571857917,0.7067571342172045,16.201641658201552,50.0,8.0,12.0,814,814,0,814,659,155,0,1.0,0.8095823095823096,13.18,0.41065902451694464,2.27274003288891,10.422952610464959,12.896078041219607,1.041717351212043,1.2388365897515456,0.6764562304978198,0.4027962177282238,6.685528919135854,24.953718160656432,10,0.276101349600829,0.2343086502830268,0.05869844950988486,61.302214363418315,13.278476290829538,{}
test,adversarial,hetero,low,spread,1005,0.7,0.7067571342172045,0.42079571857917,0.7067571342172045,16.201641658201552,50.0,8.0,12.0,814,814,0,814,659,155,0,1.0,0.8095823095823096,13.18,0.347426499111538,2.3530367283024134,10.359720085059552,12.667487033293742,1.0351161567478186,1.2380259081459997,0.6764562304978198,0.40279621772822355,5.656103405535837,29.404471793114684,30,0.27008403134553977,0.1681593972452507,0.15071423148213686,61.302214363418315,13.278476290829538,{}
test,adversarial,hetero,low,tetris,1005,0.7,0.7067571342172045,0.42079571857917,0.7067571342172045,16.201641658201552,50.0,8.0,12.0,814,814,0,814,659,155,0,1.0,0.8095823095823096,13.18,0.36608627196217974,2.302542827747221,10.378379857910193,12.793486483407602,1.0371069030099769,1.2434306370013724,0.67645623049782,0.4027962177282239,5.959884507544283,27.812303599408946,23,0.2635161751777971,0.16996619512061537,0.09939112786320455,61.302214363418315,13.278476290829538,{}
test,adversarial,hetero,low,hybrid,1005,0.7,0.7067571342172045,0.42079571857917,0.7067571342172045,16.201641658201552,50.0,8.0,12.0,814,814,0,814,659,155,0,1.0,0.8095823095823096,13.18,0.3195084897760601,2.1170948902015194,10.331802075724074,12.527273931582648,1.0323541850603462,1.2167405239434426,0.67645623049782,0.4027962177282238,5.201598213554259,25.515762525242422,14,0.2577710048911499,0.22925249760727967,0.03602940293814916,61.302214363418315,13.278476290829538,"{'alpha': 0.1, 'beta': 0.9, 'gamma': 0.0, 'source': 'phase3_tuning'}"
test,adversarial,hetero,low,binpack,1006,0.7,0.6989815618413476,0.3998945244368653,0.6989815618413476,15.577188594877372,50.0,8.0,12.0,781,781,0,781,629,152,0,1.0,0.8053777208706786,12.58,0.2275464081373656,1.9647218550310654,10.24969516479447,11.97781085501417,1.0237195243040538,1.2003293234872654,0.6714879127436333,0.3838315640654777,3.55427489510565,23.983225500750255,12,0.2578636693890344,0.2136856022918001,0.07170135668828216,61.59207874263608,12.680201999082161,{}
test,adversarial,hetero,low,spread,1006,0.7,0.6989815618413476,0.3998945244368653,0.6989815618413476,15.577188594877372,50.0,8.0,12.0,781,781,0,781,629,152,0,1.0,0.8053777208706786,12.58,0.20713304072572206,1.9138732785924564,10.229281797382829,11.977068781746922,1.0216153908928485,1.1963592583368137,0.6714879127436335,0.38383156406547786,3.2354180961357817,29.523342534936354,30,0.26839452042000655,0.1636072033915513,0.1214596749054879,61.59207874263608,12.680201999082161,{}
test,adversarial,hetero,low,tetris,1006,0.7,0.6989815618413476,0.3998945244368653,0.6989815618413476,15.577188594877372,50.0,8.0,12.0,781,781,0,781,629,152,0,1.0,0.8053777208706786,12.58,0.20480723992323935,1.8562115972494855,10.226955996580346,11.96416639538366,1.021442123917217,1.2055175963683222,0.6714879127436335,0.3838315640654774,3.1990890876009996,28.64840147131755,24,0.26567625391689026,0.1744370020863971,0.10006479369706013,61.59207874263608,12.680201999082161,{}
test,adversarial,hetero,low,hybrid,1006,0.7,0.6989815618413476,0.3998945244368653,0.6989815618413476,15.577188594877372,50.0,8.0,12.0,781,781,0,781,629,152,0,1.0,0.8053777208706786,12.58,0.19782510906146078,1.9103373220741995,10.219973865718567,11.96416639538366,1.020724615691152,1.1898334811775118,0.6714879127436332,0.3838315640654775,3.090028203540019,25.84853201646454,15,0.25010555930232276,0.21555170129684637,0.055621588577663195,61.59207874263608,12.680201999082161,"{'alpha': 0.1, 'beta': 0.9, 'gamma': 0.0, 'source': 'phase3_tuning'}"
test,adversarial,hetero,low,binpack,1007,0.7,0.7644404863247712,0.39833873656503394,0.7644404863247712,16.2275398913383,50.0,8.0,12.0,879,879,0,879,672,207,0,1.0,0.764505119453925,13.44,0.16732988572716737,1.3986004135168049,10.196731947088674,11.971548697798415,1.017061147748694,1.1356264427938385,0.7288408554976025,0.3796305656223196,2.941659391083599,25.218589399123754,16,0.3407528910091166,0.23434575392659857,0.1066403764827497,61.77308300759247,14.229498629556225,{}
test,adversarial,hetero,low,spread,1007,0.7,0.7644404863247712,0.39833873656503394,0.7644404863247712,16.2275398913383,50.0,8.0,12.0,879,879,0,879,672,207,0,1.0,0.764505119453925,13.44,0.1896347493722437,1.5723956172686169,10.21903681073375,11.991214024655783,1.0192198711027354,1.150567935375432,0.7288408554976027,0.37963056562232034,3.333778893964044,29.359145298422703,30,0.3721912333376382,0.20478483315613918,0.1779431061528195,61.77308300759247,14.229498629556225,{}
test,adversarial,hetero,low,tetris,1007,0.7,0.7644404863247712,0.39833873656503394,0.7644404863247712,16.2275398913383,50.0,8.0,12.0,879,879,0,879,672,207,0,1.0,0.764505119453925,13.44,0.26842031762114027,1.8672895873853808,10.297822378982648,12.390373890747902,1.0272398651990893,1.1998622653725135,0.7288408554976029,0.37963056562231984,4.718829183779648,28.795441676360785,30,0.38089996743057813,0.2109121604471365,0.17062239405009955,61.77308300759247,14.229498629556225,{}
test,adversarial,hetero,low,hybrid,1007,0.7,0.7644404863247712,0.39833873656503394,0.7644404863247712,16.2275398913383,50.0,8.0,12.0,879,879,0,879,672,207,0,1.0,0.764505119453925,13.44,0.1862170250105001,1.5369594293775606,10.215619086372005,11.991214024655783,1.0189006801058533,1.1488979545250813,0.7288408554976041,0.3796305656223198,3.2736952996845914,28.010969625381705,24,0.35404764785335285,0.2471743971636061,0.10773319446527796,61.77308300759247,14.229498629556225,"{'alpha': 0.1, 'beta': 0.9, 'gamma': 0.0, 'source': 'phase3_tuning'}"
test,adversarial,hetero,low,binpack,1008,0.7,0.6967591052493379,0.38745097896611697,0.6967591052493379,15.10131294897539,50.0,8.0,12.0,750,750,0,750,594,156,0,1.0,0.792,11.88,0.17894829898691333,1.507649315206626,10.147495946315328,11.998059710423764,1.0180019633783441,1.1467018361069625,0.6687584032842654,0.37144408751188557,2.684224484803698,24.149969187054857,12,0.26602395930452827,0.22353089884352215,0.053905973933374145,61.27902757098903,12.239097611840501,{}
test,adversarial,hetero,low,spread,1008,0.7,0.6967591052493379,0.38745097896611697,0.6967591052493379,15.10131294897539,50.0,8.0,12.0,750,750,0,750,594,156,0,1.0,0.792,11.88,0.21206850132759036,2.1650230234631467,10.180616148656005,12.123507320962316,1.0213903205694905,1.2021995933088236,0.6687584032842645,0.37144408751188573,3.181027519913856,29.45268376690063,30,0.2876672936885875,0.16800640465222313,0.14861070100187518,61.27902757098903,12.239097611840501,{}
test,adversarial,hetero,low,tetris,1008,0.7,0.6967591052493379,0.38745097896611697,0.6967591052493379,15.10131294897539,50.0,8.0,12.0,750,750,0,750,594,156,0,1.0,0.792,11.88,0.18762684891338136,1.997071262797398,10.156174496241796,12.046178983019786,1.0188497880604417,1.1905587177866404,0.6687584032842647,0.3714440875118856,2.814402733700719,28.65790982113198,28,0.27884060518272163,0.1680670957423578,0.11725329859104759,61.27902757098903,12.239097611840501,{}
test,adversarial,hetero,low,hybrid,1008,0.7,0.6967591052493379,0.38745097896611697,0.6967591052493379,15.10131294897539,50.0,8.0,12.0,750,750,0,750,594,156,0,1.0,0.792,11.88,0.18262501820224183,1.827499540147155,10.151172665530655,11.996479912987638,1.018394875214076,1.1746328586280157,0.6687584032842644,0.371444087511886,2.7393752730336267,27.008869616941762,17,0.2693169224041226,0.19919899100585067,0.07438274180555199,61.27902757098903,12.239097611840501,"{'alpha': 0.1, 'beta': 0.9, 'gamma': 0.0, 'source': 'phase3_tuning'}"
test,adversarial,hetero,low,binpack,1009,0.7,0.723151910741558,0.3689533046942307,0.723151910741558,15.436320077474226,50.0,8.0,12.0,797,797,0,797,626,171,0,1.0,0.7854454203262233,12.52,0.2827884208364738,1.7595683050339446,10.273069704781676,12.370908690349825,1.028259846887875,1.1869080467648079,0.6908374195466085,0.3528241768620603,4.507647428133392,24.65571754010151,12,0.28140921337043473,0.19077569954510026,0.09855978708569427,61.30140769400211,13.00133275859472,{}
test,adversarial,hetero,low,spread,1009,0.7,0.723151910741558,0.3689533046942307,0.723151910741558,15.436320077474226,50.0,8.0,12.0,797,797,0,797,626,171,0,1.0,0.7854454203262233,12.52,0.3156499991503404,2.1693790491823552,10.305931283095543,12.609196193033046,1.0315126029339954,1.2200122580027328,0.6908374195466078,0.35282417686206036,5.031460986456424,29.48567306026848,30,0.3125736977124254,0.16030154072035308,0.16259098286046836,61.30140769400211,13.00133275859472,{}
test,adversarial,hetero,low,tetris,1009,0.7,0.723151910741558,0.3689533046942307,0.723151910741558,15.436320077474226,50.0,8.0,12.0,797,797,0,797,626,171,0,1.0,0.7854454203262233,12.52,0.3318941557591176,2.180486764804135,10.32217543970432,12.798633633205945,1.0331262479202232,1.2233309246622204,0.6908374195466073,0.3528241768620601,5.290392842800332,28.81227210903907,30,0.31536287937192564,0.16332638560302903,0.1520364937688966,61.30140769400211,13.00133275859472,{}
test,adversarial,hetero,low,hybrid,1009,0.7,0.723151910741558,0.3689533046942307,0.723151910741558,15.436320077474226,50.0,8.0,12.0,797,797,0,797,626,171,0,1.0,0.7854454203262233,12.52,0.30465883183754516,1.972085827989277,10.294940115782747,12.603246112147115,1.0303556340252944,1.196819512874032,0.6908374195466078,0.3528241768620601,4.85626177949047,26.956273069777875,18,0.29478285069520155,0.2095637452462114,0.09109144860172272,61.30140769400211,13.00133275859472,"{'alpha': 0.1, 'beta': 0.9, 'gamma': 0.0, 'source': 'phase3_tuning'}"
test,adversarial,hetero,med,binpack,1000,1.0,1.0576068831173797,0.6102604396208278,1.0576068831173797,22.632104850478513,50.0,8.0,12.0,1198,1198,0,1057,776,281,141,0.8823038397328882,0.6477462437395659,15.52,4.69924905861958,12.234062740008472,14.673875385186196,22.91321865465416,1.4783686206778532,2.3416673963641275,0.8881080007408295,0.5470926327339801,107.70995040939366,28.563885141826848,30,0.9806656822651012,0.4322984789483354,0.5528831076094214,64.44229669513211,18.590274733186153,{}
test,adversarial,hetero,med,spread,1000,1.0,1.0576068831173797,0.6102604396208278,1.0576068831173797,22.632104850478513,50.0,8.0,12.0,1198,1198,0,1064,781,283,134,0.8881469115191987,0.6519198664440734,15.62,4.2416058134438765,12.317797229514849,14.216232140010492,22.899254047880085,1.4315193892405509,2.3406042252638586,0.8889250119380137,0.547741097370513,96.51986030589143,29.513051843653265,30,0.9839377959625056,0.3929868083905811,0.5909509875719245,64.64377392978827,18.532333853236775,{}
test,adversarial,hetero,med,tetris,1000,1.0,1.0576068831173797,0.6102604396208278,1.0576068831173797,22.632104850478513,50.0,8.0,12.0,1198,1198,0,1060,778,282,138,0.8848080133555927,0.6494156928213689,15.56,4.2683656987892755,12.227038734715173,14.24299202535589,23.026978210688668,1.4338362488476477,2.3450903065124766,0.8865786123258238,0.546515098505951,97.28650513538825,29.19339989968482,30,0.9804563319668904,0.4371301905420874,0.543369246469653,64.51112120928018,18.570441460993596,{}
test,adversarial,hetero,med,hybrid,1000,1.0,1.0576068831173797,0.6102604396208278,1.0576068831173797,22.632104850478513,50.0,8.0,12.0,1198,1198,0,1066,779,287,132,0.8898163606010017,0.6502504173622704,15.58,4.513727527896917,11.949476689881724,14.488353854463533,22.817115282133955,1.4593447503719068,2.317796480738196,0.8886093946053903,0.5466262816418663,103.5787460019877,28.90192647877896,30,0.9793424432975607,0.431904283027426,0.5489354035500743,64.35219187618382,18.61630451228452,"{'alpha': 0.1, 'beta': 0.9, 'gamma': 0.0, 'source': 'phase3_tuning'}"
test,adversarial,hetero,med,binpack,1001,1.0,0.9730454230179045,0.6078495047056498,0.9730454230179045,24.026111440239962,50.0,8.0,12.0,1166,1166,0,1166,837,329,0,1.0,0.7178387650085764,16.74,3.7046520741835955,10.32741060159045,13.706687217439445,20.957014834103518,1.3769975247824076,2.1345388270776495,0.8862724204040953,0.5686744384321412,86.39248636996145,28.532255713449878,30,0.9188261304103494,0.4526010171813277,0.47549961174874245,61.14968544608629,19.06796398859688,{}
test,adversarial,hetero,med,spread,1001,1.0,0.9730454230179045,0.6078495047056498,0.9730454230179045,24.026111440239962,50.0,8.0,12.0,1166,1166,0,1166,840,326,0,1.0,0.7204116638078902,16.8,3.348329775801004,10.445442629515934,13.350364919056855,20.96220016180674,1.3412314312628995,2.1454186356905307,0.8874913457138076,0.568914107496593,78.08305037167929,29.642788636139166,30,0.9322318667398289,0.42784597605979635,0.5051752847499759,61.14968544608629,19.06796398859688,{}
test,adversarial,hetero,med,tetris,1001,1.0,0.9730454230179045,0.6078495047056498,0.9730454230179045,24.026111440239962,50.0,8.0,12.0,1166,1166,0,1166,843,323,0,1.0,0.7229845626072041,16.86,3.273250869747363,10.025321390966624,13.275286013003214,20.787848582758944,1.3336173204018948,2.12503238683514,0.8896182133221285,0.5683748184482481,76.33221028250851,29.255518046160905,30,0.8932614512699165,0.4850157709778919,0.432136868908043,61.14968544608629,19.06796398859688,{}
test,adversarial,hetero,med,hybrid,1001,1.0,0.9730454230179045,0.6078495047056498,0.9730454230179045,24.026111440239962,50.0,8.0,12.0,1166,1166,0,1166,840,326,0,1.0,0.7204116638078902,16.8,3.445390769055695,10.331226287868233,13.447425912311544,20.936292937311556,1.3508771283878667,2.135656046925883,0.8878205198097737,0.5690145389214571,80.3465127343788,28.93125794081353,30,0.912915149726238,0.48244555749032225,0.44779385033110713,61.14968544608629,19.06796398859688,"{'alpha': 0.1, 'beta': 0.9, 'gamma': 0.0, 'source': 'phase3_tuning'}"
test,adversarial,hetero,med,binpack,1002,1.0,1.0163992199459089,0.6597294473965692,1.0163992199459089,24.30659019573237,50.0,8.0,12.0,1238,1238,0,1163,839,324,75,0.9394184168012925,0.6777059773828756,16.78,4.00024295889749,10.117436309680208,13.957531153483798,20.679344124014335,1.4058057087791938,2.091893296497076,0.8888524690045523,0.6044189405107886,97.76349190133993,28.545228576577788,30,0.9840050839275506,0.5168106041457647,0.46719447978178585,63.08212240756358,19.625211593254242,{}
test,adversarial,hetero,med,spread,1002,1.0,1.0163992199459089,0.6597294473965692,1.0163992199459089,24.30659019573237,50.0,8.0,12.0,1238,1238,0,1157,838,319,81,0.9345718901453958,0.6768982229402262,16.76,3.6706432490765897,10.215601030659933,13.627931443662899,20.830352453291475,1.372025324247416,2.1058192185383326,0.8897826545504546,0.6036285704523677,89.65170497237484,29.65921213422937,30,0.9820735452355386,0.4805729332509141,0.5015006119846245,63.18888133000904,19.592054392203035,{}
test,adversarial,hetero,med,tetris,1002,1.0,1.0163992199459089,0.6597294473965692,1.0163992199459089,24.30659019573237,50.0,8.0,12.0,1238,1238,0,1159,840,319,79,0.9361873990306947,0.678513731825525,16.8,3.678360978399736,10.308058845966045,13.635649172986046,20.995315842648715,1.3728175325574348,2.135122234146825,0.8883156811993212,0.6013359136526768,89.79732101233017,29.127187301941934,30,0.9780761375365279,0.5288315069189902,0.45340353529990723,63.19989177068003,19.588641140273886,{}
test,adversarial,hetero,med,hybrid,1002,1.0,1.0163992199459089,0.6597294473965692,1.0163992199459089,24.30659019573237,50.0,8.0,12.0,1238,1238,0,1162,838,324,76,0.938610662358643,0.6768982229402262,16.76,3.913182557471246,10.16531258305227,13.870470752057555,20.711928440856,1.397049232263162,2.1076426003608772,0.8882565276885752,0.6016976777950215,95.51913238460966,28.846225250246935,30,0.9755240875652154,0.5465936653643291,0.43931065068559183,63.40880307070025,19.52410296437296,"{'alpha': 0.1, 'beta': 0.9, 'gamma': 0.0, 'source': 'phase3_tuning'}"
test,adversarial,hetero,med,binpack,1003,1.0,0.9414145271810881,0.5317088974943338,0.9414145271810881,23.644323979962955,50.0,8.0,12.0,1112,1112,0,1112,814,298,0,1.0,0.7320143884892086,16.28,2.1291701977876714,6.561099834625459,12.132254573590096,17.124802536919084,1.2157238111021356,1.6878569680673852,0.8840125659992869,0.5023745091321696,47.35274519879779,28.543781360559716,29,0.7127182967139739,0.40605550068450325,0.3492262973547946,61.899069496975976,17.964728856777494,{}
test,adversarial,hetero,med,spread,1003,1.0,0.9414145271810881,0.5317088974943338,0.9414145271810881,23.644323979962955,50.0,8.0,12.0,1112,1112,0,1112,801,311,0,1.0,0.7203237410071942,16.02,2.203019341444925,7.351445022838973,12.20610371724735,17.88998888828236,1.2233412468190632,1.7597655891702917,0.8785903921332521,0.5011371706926137,48.99515015373523,29.67929660383077,30,0.8124817901506567,0.36643691900257025,0.4460448711480865,61.899069496975976,17.964728856777494,{}
test,adversarial,hetero,med,tetris,1003,1.0,0.9414145271810881,0.5317088974943338,0.9414145271810881,23.644323979962955,50.0,8.0,12.0,1112,1112,0,1112,809,303,0,1.0,0.7275179856115108,16.18,2.1208475177113524,7.017355334623659,12.123931893513776,17.53394009120439,1.214955613400569,1.733043237358776,0.8809297486333993,0.5015378501669524,47.167648793900504,29.30410516617751,30,0.7653979443876024,0.43492029604278026,0.3386887837405466,61.899069496975976,17.964728856777494,{}
test,adversarial,hetero,med,hybrid,1003,1.0,0.9414145271810881,0.5317088974943338,0.9414145271810881,23.644323979962955,50.0,8.0,12.0,1112,1112,0,1112,813,299,0,1.0,0.7311151079136691,16.26,2.085341035394625,6.71735471071473,12.08842541119705,17.339002196512723,1.2116503754891585,1.7165270510142423,0.8833900843922453,0.5015938897014766,46.37798462717643,29.05220238605524,30,0.721677183177161,0.4202065917381786,0.31241343501335217,61.899069496975976,17.964728856777494,"{'alpha': 0.1, 'beta': 0.9, 'gamma': 0.0, 'source': 'phase3_tuning'}"
test,adversarial,hetero,med,binpack,1004,1.0,0.9883112455666305,0.5814556124225716,0.9883112455666305,22.009549258490058,50.0,8.0,12.0,1085,1085,0,1050,764,286,35,0.967741935483871,0.7041474654377881,15.28,3.9954883494617364,12.405469620377602,14.041823252084223,22.096912782745292,1.404081843190477,2.2388349334218725,0.8775600279559715,0.5419486136409821,86.38648617186129,28.19118704451132,30,0.9787680487979115,0.4100556965760688,0.5687123522218427,62.41526057792078,17.383569177692667,{}
test,adversarial,hetero,med,spread,1004,1.0,0.9883112455666305,0.5814556124225716,0.9883112455666305,22.009549258490058,50.0,8.0,12.0,1085,1085,0,1044,760,284,41,0.9622119815668203,0.7004608294930875,15.2,3.697217011881899,11.798635948471677,13.743551914504385,21.88086111844772,1.3743346104573804,2.213095835366496,0.8758922999748797,0.5382964110077065,79.91947684867888,29.480727842389438,30,0.9705018219891949,0.3908195641022303,0.5796822578869646,62.383918773138475,17.39230271739812,{}
test,adversarial,hetero,med,tetris,1004,1.0,0.9883112455666305,0.5814556124225716,0.9883112455666305,22.009549258490058,50.0,8.0,12.0,1085,1085,0,1059,763,296,26,0.976036866359447,0.7032258064516129,15.26,3.6051357260427177,11.434848244786647,13.651470628665205,21.55639452599936,1.3651590191821474,2.1859240240368623,0.8803567326961076,0.5382289846650823,78.13922703594659,29.0541869582059,30,0.9753989539649424,0.4316260522685222,0.5468889055731728,62.16596404384945,17.45328037114784,{}
test,adversarial,hetero,med,hybrid,1004,1.0,0.9883112455666305,0.5814556124225716,0.9883112455666305,22.009549258490058,50.0,8.0,12.0,1085,1085,0,1055,763,292,30,0.9723502304147466,0.7032258064516129,15.26,3.708572648416545,11.570300189970027,13.754907551039032,21.609241542656875,1.375143064165002,2.163891932525589,0.8833698866985484,0.5411529686780842,80.34098211678462,28.766020557673723,30,0.9695566214962772,0.4159768458887621,0.5544805168173658,62.17306565631841,17.45128679994141,"{'alpha': 0.1, 'beta': 0.9, 'gamma': 0.0, 'source': 'phase3_tuning'}"
test,adversarial,hetero,med,binpack,1005,1.0,1.0094057135540835,0.6001950813143251,1.0094057135540835,23.145202368859362,50.0,8.0,12.0,1161,1161,0,1098,794,304,63,0.9457364341085271,0.6838931955211025,15.88,4.419255154792933,11.048770316049808,14.457816118614492,21.6284292049098,1.4451690145017078,2.1702020430666837,0.8871802375765913,0.5531670614805103,101.64387436372026,28.60530873010264,30,0.9822740434586403,0.4613965701297723,0.5221445418634134,63.16624940037212,18.38006864458792,{}
test,adversarial,hetero,med,spread,1005,1.0,1.0094057135540835,0.6001950813143251,1.0094057135540835,23.145202368859362,50.0,8.0,12.0,1161,1161,0,1119,803,316,42,0.9638242894056848,0.6916451335055986,16.06,3.7509582132935355,10.469386800442841,13.789519177115093,21.272788603184146,1.377899622062863,2.145130456692846,0.8953737823718655,0.5534355992587119,86.52853978808066,29.583130255180208,30,0.9854492929333563,0.4447381620004675,0.5407111309328887,62.734466314421226,18.50657331140972,{}
test,adversarial,hetero,med,tetris,1005,1.0,1.0094057135540835,0.6001950813143251,1.0094057135540835,23.145202368859362,50.0,8.0,12.0,1161,1161,0,1116,801,315,45,0.9612403100775194,0.689922480620155,16.02,3.7880633691892376,10.684330745239734,13.826624333010795,21.482331831296868,1.3815383037611577,2.1644778302549117,0.8913973412380263,0.5524532398327388,87.31649149550907,29.105869829078316,30,0.9830466447135678,0.49680215681240725,0.4862444879011606,62.88696665380628,18.461695034383244,{}
test,adversarial,hetero,med,hybrid,1005,1.0,1.0094057135540835,0.6001950813143251,1.0094057135540835,23.145202368859362,50.0,8.0,12.0,1161,1161,0,1124,806,318,37,0.9681309216192937,0.694229112833764,16.12,3.8316225629428935,10.353702535029498,13.870183526764452,20.839933531729685,1.3859367865058065,2.0971297924521344,0.9015278179362701,0.556148491092318,88.61345150825198,28.759466341586332,30,0.9805556570126995,0.4711091392569677,0.5094465177557319,62.43404013960523,18.595625037302625,"{'alpha': 0.1, 'beta': 0.9, 'gamma': 0.0, 'source': 'phase3_tuning'}"
test,adversarial,hetero,med,binpack,1006,1.0,0.994725209667038,0.5653894253571558,0.994725209667038,22.253126564110534,50.0,8.0,12.0,1108,1108,0,1095,785,310,13,0.9882671480144405,0.7084837545126353,15.7,3.8624582212355545,10.490267597440877,13.860955466643757,21.1410002495288,1.3920454168018939,2.1316144740816956,0.8906596212038151,0.5254933908885884,85.51823204031975,28.632774791966536,30,0.982671284492991,0.404764392666664,0.577906891826327,61.75523426699777,17.941798993257475,{}
test,adversarial,hetero,med,spread,1006,1.0,0.994725209667038,0.5653894253571558,0.994725209667038,22.253126564110534,50.0,8.0,12.0,1108,1108,0,1096,787,309,12,0.9891696750902527,0.7102888086642599,15.74,3.4505146731347223,10.310196070707637,13.449011918542926,21.172049469737765,1.3503459248116512,2.1245378394506744,0.891751267708733,0.5254791630264499,76.4064895320076,29.666339774455526,30,0.9761964486489918,0.3793807919577656,0.5968156566912263,61.78542612152975,17.933031615264788,{}
test,adversarial,hetero,med,tetris,1006,1.0,0.994725209667038,0.5653894253571558,0.994725209667038,22.253126564110534,50.0,8.0,12.0,1108,1108,0,1094,784,310,14,0.9873646209386282,0.7075812274368231,15.68,3.424967246484207,10.091406191974322,13.42346449189241,20.97108476911281,1.3477856964376873,2.104754612771304,0.8934821856888306,0.5256109054322836,75.8390278716192,29.30047312492196,30,0.9753652508776146,0.436327462267162,0.5390377886104526,61.735943502294155,17.947405306259324,{}
test,adversarial,hetero,med,hybrid,1006,1.0,0.994725209667038,0.5653894253571558,0.994725209667038,22.253126564110534,50.0,8.0,12.0,1108,1108,0,1096,788,308,12,0.9891696750902527,0.7111913357400722,15.76,3.5120656802713093,10.153731385962587,13.510562925679512,20.91153685465801,1.3565267071993043,2.0977776888119837,0.8953344958339298,0.5258319240027745,77.79578444334575,28.80670479309425,30,0.9762590126169378,0.4146995040674663,0.5615595085494716,61.64844924277338,17.972877073300968,"{'alpha': 0.1, 'beta': 0.9, 'gamma': 0.0, 'source': 'phase3_tuning'}"
test,adversarial,hetero,med,binpack,1007,1.0,1.046016652803372,0.5458352683009189,1.046016652803372,23.182199844769,50.0,8.0,12.0,1205,1205,0,1102,833,269,103,0.9145228215767635,0.6912863070539419,16.66,4.520659072748084,14.523727422949435,14.563735711352118,24.700415298470105,1.4588919061261965,2.488541540868648,0.8907150083568282,0.5023831030131566,105.47743714740128,28.263679596715043,30,0.9771224548766979,0.33900513752424294,0.638117317352455,64.59529524496948,18.654609371010537,{}
test,adversarial,hetero,med,spread,1007,1.0,1.046016652803372,0.5458352683009189,1.046016652803372,23.182199844769,50.0,8.0,12.0,1205,1205,0,1099,829,270,106,0.9120331950207469,0.6879668049792531,16.58,4.317631184840672,13.988304838567952,14.360707823444706,24.067606076786646,1.4373676814812384,2.4189325583062233,0.8921147659503373,0.4986738552912245,100.64553363628069,29.551401708895874,30,0.9813161076932867,0.3106967496741237,0.6706193580191631,64.5189719628493,18.676677004305827,{}
test,adversarial,hetero,med,tetris,1007,1.0,1.046016652803372,0.5458352683009189,1.046016652803372,23.182199844769,50.0,8.0,12.0,1205,1205,0,1102,833,269,103,0.9145228215767635,0.6912863070539419,16.66,4.296816613180664,14.530255398875902,14.339893251784698,24.54614583960764,1.4351484987999383,2.466271065570758,0.8875434873330096,0.4965964831651963,100.15366622171153,29.16615282474363,30,0.9816295055023254,0.3297056119156425,0.6519238935866828,64.61946689428264,18.647631401406922,{}
test,adversarial,hetero,med,hybrid,1007,1.0,1.046016652803372,0.5458352683009189,1.046016652803372,23.182199844769,50.0,8.0,12.0,1205,1205,0,1102,833,269,103,0.9145228215767635,0.6912863070539419,16.66,4.500453551272221,14.709532640601864,14.543530189876254,24.875575513706472,1.4564929075289403,2.496190762759503,0.888538769242423,0.501388990743467,104.67405559763276,28.82878459462984,30,0.9802250676775902,0.33888412162296666,0.6413409460546237,64.53728763677577,18.671376565775375,"{'alpha': 0.1, 'beta': 0.9, 'gamma': 0.0, 'source': 'phase3_tuning'}"
test,adversarial,hetero,med,binpack,1008,1.0,1.01081990278505,0.5646564617935893,1.01081990278505,21.573304212821988,50.0,8.0,12.0,1089,1089,0,1041,743,298,48,0.9559228650137741,0.682277318640955,14.86,3.6794098965489552,10.230070045739275,13.663640160979382,20.70723085239909,1.3729348831890056,2.0937668895901314,0.8865958828582966,0.5177891821955418,79.48653452524621,28.390816276087,30,0.9829605836063483,0.44378841351104154,0.5391721700953069,63.038370506817536,17.275192731738294,{}
test,adversarial,hetero,med,spread,1008,1.0,1.01081990278505,0.5646564617935893,1.01081990278505,21.573304212821988,50.0,8.0,12.0,1089,1089,0,1016,738,278,73,0.9329660238751147,0.6776859504132231,14.76,3.5888783625340137,11.22772932810858,13.57310862696444,21.42351116754441,1.3643515360807554,2.1839691872970426,0.8771798526892856,0.5169005261098996,76.81969554217035,29.616878636830428,30,0.9789648519260888,0.37983968612427105,0.5991251658018177,63.54810533861307,17.1366242029926,{}
test,adversarial,hetero,med,tetris,1008,1.0,1.01081990278505,0.5646564617935893,1.01081990278505,21.573304212821988,50.0,8.0,12.0,1089,1089,0,1021,737,284,68,0.9375573921028466,0.6767676767676768,14.74,3.4917091666610736,10.600631787995468,13.4759394310915,20.950449438990024,1.3542781563418764,2.1380353041687967,0.8824066232469263,0.5165399856059434,75.26807800448736,29.214387677231667,30,0.9800069507711915,0.4512478169205792,0.5287591338506125,62.91046738517787,17.31031488500077,{}
test,adversarial,hetero,med,hybrid,1008,1.0,1.01081990278505,0.5646564617935893,1.01081990278505,21.573304212821988,50.0,8.0,12.0,1089,1089,0,1039,742,297,50,0.9540863177226814,0.6813590449954087,14.84,3.4981679007513162,10.295998513597569,13.482398165181744,20.768013323811417,1.354402641757117,2.0966708958675953,0.8850782614854791,0.5169048545508543,75.5195946630426,28.786599761182174,30,0.9789379044114338,0.45771664468130957,0.5224018430210688,63.08458210868387,17.262538065542554,"{'alpha': 0.1, 'beta': 0.9, 'gamma': 0.0, 'source': 'phase3_tuning'}"
test,adversarial,hetero,med,binpack,1009,1.0,1.0336196695400939,0.5293833231806709,1.0336196695400939,22.05188582496318,50.0,8.0,12.0,1140,1140,0,1045,772,273,95,0.9166666666666666,0.6771929824561403,15.44,4.3122157429437165,11.541274547681724,14.300916817708663,21.939237714490098,1.4372040430328126,2.2382232994471982,0.8917777527627321,0.4831752930951062,95.65472367690607,28.53647063976608,30,0.9808749813941148,0.3751702299754867,0.607778382450276,63.80300629705171,17.867496630055793,{}
test,adversarial,hetero,med,spread,1009,1.0,1.0336196695400939,0.5293833231806709,1.0336196695400939,22.05188582496318,50.0,8.0,12.0,1140,1140,0,1040,770,270,100,0.9122807017543859,0.6754385964912281,15.4,4.0567668650739055,11.88356882074357,14.04546793983885,22.279272237018738,1.4121903428983715,2.268876040466939,0.8886998983222396,0.48245205001782265,89.59875287959602,29.6399711421879,30,0.975425420073652,0.335081907167697,0.6403435129059549,64.07590746729971,17.791398437576305,{}
test,adversarial,hetero,med,tetris,1009,1.0,1.0336196695400939,0.5293833231806709,1.0336196695400939,22.05188582496318,50.0,8.0,12.0,1140,1140,0,1051,771,280,89,0.9219298245614035,0.6763157894736842,15.42,4.026252355948627,11.576413656695841,14.014953430713572,22.086609394514298,1.4084377939182127,2.2322716618957146,0.8913926685601753,0.4815147181733663,89.16667316075589,29.22310379198694,30,0.984894769140377,0.3913766347547834,0.5935181343855935,63.935785948654114,17.830390024696296,{}
test,adversarial,hetero,med,hybrid,1009,1.0,1.0336196695400939,0.5293833231806709,1.0336196695400939,22.05188582496318,50.0,8.0,12.0,1140,1140,0,1048,771,277,92,0.9192982456140351,0.6763157894736842,15.42,4.126243137763007,11.38333798623615,14.114944212527954,21.860918270246465,1.4184047042508443,2.2149400583002024,0.8920480726812575,0.48237041055223245,91.44756248420771,29.076096575541087,30,0.9852925662783517,0.392998737098818,0.5922938291795338,63.8521926983865,17.853733001541965,"{'alpha': 0.1, 'beta': 0.9, 'gamma': 0.0, 'source': 'phase3_tuning'}"
test,adversarial,hetero,high,binpack,1000,1.3,1.361312593683338,0.7902865809192199,1.361312593683338,29.42173630562207,50.0,8.0,12.0,1545,1545,0,1158,794,364,387,0.7495145631067961,0.513915857605178,15.88,11.543087052308746,29.451850447951117,21.512866156815935,39.04946804253533,2.17337683783756,3.9725506238887154,0.9048148994125923,0.6551274466885835,285.39724007744564,28.895296262943706,30,0.980748193062563,0.7037419928188281,0.27700620024373507,80.94872053057323,19.08615713594231,{}
test,adversarial,hetero,high,spread,1000,1.3,1.361312593683338,0.7902865809192199,1.361312593683338,29.42173630562207,50.0,8.0,12.0,1545,1545,0,1187,875,312,358,0.7682847896440129,0.5663430420711975,17.5,9.730120078179153,30.616358924476263,19.699899182686345,40.485895647267824,1.9912837972661734,4.138579358401137,0.9058410450870811,0.674498823699233,241.64122439011007,29.625424495117905,30,0.9809739776305552,0.3748993356486384,0.6060746419819167,81.03680934896563,19.065410057629826,{}
test,adversarial,hetero,high,tetris,1000,1.3,1.361312593683338,0.7902865809192199,1.361312593683338,29.42173630562207,50.0,8.0,12.0,1545,1545,0,1188,883,305,357,0.7689320388349514,0.5715210355987055,17.66,9.512814194950506,30.74065581407035,19.482593299457697,40.62505705241069,1.9702169333125916,4.127468375558536,0.9080697913840384,0.6774363067286003,235.544189756929,29.37953838437301,30,0.9760856602035445,0.42010337473666637,0.5559822854668782,80.86866029588019,19.105052493106644,{}
test,adversarial,hetero,high,hybrid,1000,1.3,1.361312593683338,0.7902865809192199,1.361312593683338,29.42173630562207,50.0,8.0,12.0,1545,1545,0,1176,835,341,369,0.7611650485436893,0.540453074433657,16.7,10.839682116130312,29.6397546246978,20.809461220637502,39.45371229504357,2.102868374721896,4.030056388806569,0.9063832650831516,0.6659099758292508,267.87875549715756,29.15532806059926,30,0.982143657260706,0.5548651057243347,0.42727855153637145,80.6162731422657,19.164865104511804,"{'alpha': 0.1, 'beta': 0.9, 'gamma': 0.0, 'source': 'phase3_tuning'}"
test,adversarial,hetero,high,binpack,1001,1.3,1.2691479152881349,0.7901906164676968,1.2691479152881349,31.23394487231195,50.0,8.0,12.0,1516,1516,0,1202,853,349,314,0.7928759894459103,0.5626649076517151,17.06,9.843485937770637,25.40185276808873,19.879841438721023,35.148049545621674,1.9967353591794392,3.608936124904804,0.9024028925142384,0.6769516288219887,255.052637982464,28.87096593342307,30,0.9841923645337105,0.5268377497481673,0.45735461478554323,75.21397544053369,20.155828635844315,{}
test,adversarial,hetero,high,spread,1001,1.3,1.2691479152881349,0.7901906164676968,1.2691479152881349,31.23394487231195,50.0,8.0,12.0,1516,1516,0,1217,899,318,299,0.8027704485488126,0.5930079155672823,17.98,8.826423153906177,26.132922439100113,18.862778654856562,36.02338094280082,1.8939225000372615,3.70354428474997,0.9064560329429437,0.6820135128088417,229.10964184773493,29.72522202779939,30,0.9817039892328988,0.38565561578357205,0.5960483734493267,75.1592762543959,20.17049758260987,{}
test,adversarial,hetero,high,tetris,1001,1.3,1.2691479152881349,0.7901906164676968,1.2691479152881349,31.23394487231195,50.0,8.0,12.0,1516,1516,0,1217,906,311,299,0.8027704485488126,0.5976253298153035,18.12,8.688364646217215,25.756669377601938,18.724720147167602,35.880646818615126,1.8797017470361108,3.6457698152606293,0.9053373702992495,0.6869354374121547,223.90054822727703,29.427321573969934,30,0.9771017760386028,0.4619833211249923,0.5151184549136104,74.92598697152154,20.233300371154446,{}
test,adversarial,hetero,high,hybrid,1001,1.3,1.2691479152881349,0.7901906164676968,1.2691479152881349,31.23394487231195,50.0,8.0,12.0,1516,1516,0,1213,882,331,303,0.8001319261213721,0.5817941952506597,17.64,9.363970258028077,25.87440307430503,19.400325758978465,35.47230117392104,1.9483471864631192,3.6628788945724104,0.9037391677732236,0.6796551674788502,242.36288166855195,29.177890723702767,30,0.9801221053229928,0.4732662579150987,0.5068558474078941,75.35091528325515,20.11919821147671,"{'alpha': 0.1, 'beta': 0.9, 'gamma': 0.0, 'source': 'phase3_tuning'}"
test,adversarial,hetero,high,binpack,1002,1.3,1.3074242075170228,0.8542623747497712,1.3074242075170228,31.59856725445208,50.0,8.0,12.0,1596,1596,0,1226,853,373,370,0.768170426065163,0.5344611528822055,17.06,10.320841889654709,27.461170039939304,20.289623751997034,36.60866540407183,2.0525879745009923,3.783428655797863,0.9024312525178726,0.7219729879268645,272.77478559996905,28.880945058906065,30,0.9809472945071388,0.6307806213184021,0.35055158020925065,77.04531524139503,20.715081702235654,{}
test,adversarial,hetero,high,spread,1002,1.3,1.3074242075170228,0.8542623747497712,1.3074242075170228,31.59856725445208,50.0,8.0,12.0,1596,1596,0,1241,907,334,355,0.7775689223057645,0.568295739348371,18.14,9.496042417144649,27.435903579557817,19.464824279486972,36.785924262675934,1.9693285416966897,3.8090406064200906,0.902669087868274,0.7317214147366943,248.12631784947015,29.737855487868792,30,0.9827139282592784,0.46899708089617886,0.5137168473630995,77.05466426326834,20.71256834689509,{}
test,adversarial,hetero,high,tetris,1002,1.3,1.3074242075170228,0.8542623747497712,1.3074242075170228,31.59856725445208,50.0,8.0,12.0,1596,1596,0,1250,909,341,346,0.7832080200501254,0.5695488721804511,18.18,9.360803719278126,27.964836749146365,19.329585581620453,37.26337689876342,1.9556886168924867,3.8405605761945467,0.9066188825952569,0.7311242056698509,246.90204172899882,29.328605616878413,30,0.983568178282223,0.5103592699978041,0.47320890828441886,77.29543941188294,20.648048735390727,{}
test,adversarial,hetero,high,hybrid,1002,1.3,1.3074242075170228,0.8542623747497712,1.3074242075170228,31.59856725445208,50.0,8.0,12.0,1596,1596,0,1223,865,358,373,0.7662907268170426,0.5419799498746867,17.3,10.20843936996591,26.753497471157765,20.177221232308234,36.15220715443982,2.04108059131701,3.723525120395088,0.9028790477465297,0.7231608498325818,266.7934475768517,29.11248096172845,30,0.9838959628507359,0.6323311732813699,0.351564789569366,76.85864117397344,20.76539443869913,"{'alpha': 0.1, 'beta': 0.9, 'gamma': 0.0, 'source': 'phase3_tuning'}"
test,adversarial,hetero,high,binpack,1003,1.3,1.2473640290197228,0.7069077547965819,1.2473640290197228,30.73762117395184,50.0,8.0,12.0,1476,1476,0,1195,868,327,281,0.809620596205962,0.5880758807588076,17.36,7.847640147097637,24.163423792355722,17.8494458027927,33.446704867140866,1.7942684181468171,3.375759823182149,0.9087119441734559,0.6100796312843577,198.4803720036383,28.88868677319613,30,0.9808566399089833,0.40959893660912533,0.5712577032998579,74.33196373116819,19.85686810775184,{}
test,adversarial,hetero,high,spread,1003,1.3,1.2473640290197228,0.7069077547965819,1.2473640290197228,30.73762117395184,50.0,8.0,12.0,1476,1476,0,1189,876,313,287,0.8055555555555556,0.5934959349593496,17.52,7.034026269757055,22.670952711914882,17.03583192545212,33.12718366674882,1.7139383368834056,3.3614744288621417,0.907992041741085,0.6182382658882679,171.91722310892092,29.753305079869815,30,0.9899268023877428,0.3895347611000428,0.6003920412877,74.19890627994413,19.892476506745506,{}
test,adversarial,hetero,high,tetris,1003,1.3,1.2473640290197228,0.7069077547965819,1.2473640290197228,30.73762117395184,50.0,8.0,12.0,1476,1476,0,1195,882,313,281,0.809620596205962,0.5975609756097561,17.64,7.02591584377807,22.36391220270267,17.02772149947313,32.74236640284665,1.7122127106727638,3.3326704913756426,0.9117227014513699,0.6161101114972847,172.76843484570952,29.46469628167507,30,0.9873750220896756,0.44249001487144846,0.5448850072182272,73.91337841872091,19.96932127277998,{}
test,adversarial,hetero,high,hybrid,1003,1.3,1.2473640290197228,0.7069077547965819,1.2473640290197228,30.73762117395184,50.0,8.0,12.0,1476,1476,0,1193,875,318,283,0.8082655826558266,0.5928184281842819,17.5,7.429702901756459,23.008320437170262,17.431508557451522,33.327115341984275,1.7531620360943976,3.405301719075576,0.9084025826083912,0.6161658381427616,185.2929101014657,29.27092491235003,30,0.9855514853276335,0.43863038371839014,0.5469211016092433,74.0358393395404,19.936290493457147,"{'alpha': 0.1, 'beta': 0.9, 'gamma': 0.0, 'source': 'phase3_tuning'}"
test,adversarial,hetero,high,binpack,1004,1.3,1.2733198652939919,0.7510276597299506,1.2733198652939919,28.612414036037077,50.0,8.0,12.0,1399,1399,0,1116,799,317,283,0.7977126518942101,0.5711222301644031,15.98,9.77280479904594,27.039551685296317,19.79887402253676,36.79073100170427,1.9890222931341568,3.7784197685981438,0.8963576489149229,0.6445806237863533,234.07789509884972,28.608605418854832,30,0.9791577965757767,0.4818627317781015,0.4972950647976752,76.3527516510903,18.322849795813777,{}
test,adversarial,hetero,high,spread,1004,1.3,1.2733198652939919,0.7510276597299506,1.2733198652939919,28.612414036037077,50.0,8.0,12.0,1399,1399,0,1128,834,294,271,0.806290207290922,0.5961401000714797,16.68,8.698138909216475,28.797999944804747,18.724208132707297,38.07675938617071,1.882374550780238,3.9264491621759032,0.8945958493537276,0.6518567278613715,207.646517547006,29.600559878761118,30,0.9779008798839292,0.3769090322849154,0.6009918475990138,76.20318084480739,18.35881369373743,{}
test,adversarial,hetero,high,tetris,1004,1.3,1.2733198652939919,0.7510276597299506,1.2733198652939919,28.612414036037077,50.0,8.0,12.0,1399,1399,0,1128,838,290,271,0.806290207290922,0.5989992852037169,16.76,8.68247524934107,27.897914574828093,18.708544472831896,37.47983263390991,1.8805314110050713,3.8511799485560774,0.8996013944757513,0.653168981340502,207.4623113371467,29.272451506312194,30,0.9758557416593985,0.437389111035168,0.5384666306242305,75.88060033094166,18.43685993387605,{}
test,adversarial,hetero,high,hybrid,1004,1.3,1.2733198652939919,0.7510276597299506,1.2733198652939919,28.612414036037077,50.0,8.0,12.0,1399,1399,0,1123,825,298,276,0.8027162258756254,0.5897069335239457,16.5,9.283093778522197,27.02180735159515,19.30916300201302,37.16027622383794,1.9402390698276393,3.770575441094603,0.8967099333076806,0.6481801309578885,221.8593606173289,29.050785044364492,30,0.9782186740317038,0.4298617046327685,0.5483569693989353,75.9579046041914,18.41809627701081,"{'alpha': 0.1, 'beta': 0.9, 'gamma': 0.0, 'source': 'phase3_tuning'}"
test,adversarial,hetero,high,binpack,1005,1.3,1.2959635453518048,0.7720062002350089,1.2959635453518048,30.08876307951717,50.0,8.0,12.0,1490,1490,0,1152,809,343,338,0.7731543624161074,0.5429530201342282,16.18,10.64118190357466,26.239406792010527,20.679298522016268,36.115658934339585,2.0698353523274964,3.5487902171119896,0.9026248435564748,0.6537654511725235,266.0861221745044,28.927160561617466,30,0.9809920389978798,0.5976606760261226,0.384030244792515,76.12431886620924,19.57324574054606,{}
test,adversarial,hetero,high,spread,1005,1.3,1.2959635453518048,0.7720062002350089,1.2959635453518048,30.08876307951717,50.0,8.0,12.0,1490,1490,0,1184,874,310,306,0.7946308724832215,0.5865771812080537,17.48,9.016220204213644,27.338183281587277,19.05433682265525,37.236320658574954,1.9053853207703826,3.709263108013367,0.9105998921487424,0.6655421577793881,227.60631254043167,29.679330965523274,30,0.9776655269210967,0.377237103385434,0.6004284235356626,75.7677402105355,19.665361483129146,{}
test,adversarial,hetero,high,tetris,1005,1.3,1.2959635453518048,0.7720062002350089,1.2959635453518048,30.08876307951717,50.0,8.0,12.0,1490,1490,0,1184,880,304,306,0.7946308724832215,0.5906040268456376,17.6,8.77379977681625,27.145687447484946,18.811916395257857,37.436926416159984,1.8810739614674228,3.731535441046297,0.9102382994996581,0.6675363497762469,220.14477969423808,29.31220756082946,30,0.9811641245930113,0.43519592411054264,0.5459682004824686,75.31602023861406,19.783307658575488,{}
test,adversarial,hetero,high,hybrid,1005,1.3,1.2959635453518048,0.7720062002350089,1.2959635453518048,30.08876307951717,50.0,8.0,12.0,1490,1490,0,1178,859,319,312,0.7906040268456376,0.5765100671140939,17.18,9.603189271324684,27.15489966062859,19.64130588976629,36.66178727070023,1.9645598356646652,3.6222848560286103,0.9122559135444436,0.6632048340264174,243.27640751933316,29.045743339681785,30,0.9748121871827189,0.4567507701022804,0.5180614170804385,75.40365465109983,19.760315423627375,"{'alpha': 0.1, 'beta': 0.9, 'gamma': 0.0, 'source': 'phase3_tuning'}"
test,adversarial,hetero,high,binpack,1006,1.3,1.302805421167886,0.7382929229496297,1.302805421167886,28.929064533343695,50.0,8.0,12.0,1450,1450,0,1139,823,316,311,0.7855172413793103,0.5675862068965517,16.46,9.677623587797273,27.06664786656478,19.682005592423522,36.846405988036,1.9789607404443783,3.7900022142351926,0.9068286559365213,0.6326639236709276,235.66659602866085,28.948288301512793,30,0.980650563514249,0.44232448067999225,0.5383260828342566,75.87200316582863,19.111133744957634,{}
test,adversarial,hetero,high,spread,1006,1.3,1.302805421167886,0.7382929229496297,1.302805421167886,28.929064533343695,50.0,8.0,12.0,1450,1450,0,1163,861,302,287,0.8020689655172414,0.5937931034482758,17.22,8.276439626608893,28.549759060246114,18.280821631235142,37.99082493414859,1.8351093527287927,3.8010509045743373,0.9121545242140877,0.6424664157911874,199.40844153713635,29.74333828804262,30,0.9885612692879808,0.3995328808935067,0.5890283883944741,76.90855523982685,18.853559210394867,{}
test,adversarial,hetero,high,tetris,1006,1.3,1.302805421167886,0.7382929229496297,1.302805421167886,28.929064533343695,50.0,8.0,12.0,1450,1450,0,1157,856,301,293,0.7979310344827586,0.5903448275862069,17.12,8.3628784876237,27.336836621665185,18.367260492249947,37.168676526870776,1.8440921908855041,3.7612996156393286,0.913174880538655,0.6413783859417796,201.60057609559874,29.46190240378612,30,0.9908620194773011,0.4223886763285849,0.5684733431487162,76.42302942226236,18.973338415941004,{}
test,adversarial,hetero,high,hybrid,1006,1.3,1.302805421167886,0.7382929229496297,1.302805421167886,28.929064533343695,50.0,8.0,12.0,1450,1450,0,1150,841,309,300,0.7931034482758621,0.58,16.82,8.935574865221007,27.140227501696913,18.939956869847254,37.42747704874265,1.9032786875109882,3.782753887129992,0.911028526165514,0.6354239318149569,217.73046149067653,29.082080610072484,30,0.9823185426437919,0.4292612107879204,0.5530573318558715,75.8260295332769,19.122720903692514,"{'alpha': 0.1, 'beta': 0.9, 'gamma': 0.0, 'source': 'phase3_tuning'}"
test,adversarial,hetero,high,binpack,1007,1.3,1.3368429727664282,0.7002865223288172,1.3368429727664282,30.1368597981997,50.0,8.0,12.0,1545,1545,0,1200,853,347,345,0.7766990291262136,0.5521035598705502,17.06,10.976363029714202,29.669071963555325,20.990528145248724,39.22868146834874,2.115389450508603,4.017734200974651,0.9055812113790916,0.596244626672772,279.02787946919995,28.664368920549983,30,0.9831690079387784,0.4578513174459973,0.5253176904927811,78.67688431578969,19.637279913103185,{}
test,adversarial,hetero,high,spread,1007,1.3,1.3368429727664282,0.7002865223288172,1.3368429727664282,30.1368597981997,50.0,8.0,12.0,1545,1545,0,1216,892,324,329,0.7870550161812297,0.5773462783171521,17.84,9.68079738561783,32.83173534845787,19.694962501152354,42.12277042451311,1.9830346809840556,4.245387470172257,0.9103553282313258,0.6046994272367694,250.44517286452378,29.65492439145838,30,0.9836810630152376,0.34930323185545825,0.6343778311597794,78.51481319419518,19.677815397441794,{}
test,adversarial,hetero,high,tetris,1007,1.3,1.3368429727664282,0.7002865223288172,1.3368429727664282,30.1368597981997,50.0,8.0,12.0,1545,1545,0,1230,914,316,315,0.7961165048543689,0.5915857605177993,18.28,8.98218274092392,33.638704936712394,18.996347856458446,43.40248231545391,1.9138838857693399,4.402342437593697,0.9071484983919155,0.6185259837318277,228.72784555625708,29.358579095956635,30,0.9740234857851482,0.4094130021029601,0.564610483682188,79.25833058853782,19.49321905378909,{}
test,adversarial,hetero,high,hybrid,1007,1.3,1.3368429727664282,0.7002865223288172,1.3368429727664282,30.1368597981997,50.0,8.0,12.0,1545,1545,0,1205,880,325,340,0.7799352750809061,0.56957928802589,17.6,10.402813431422008,31.105599421937583,20.416978546956532,40.36525728398689,2.0557188213087922,4.138628435022452,0.905199073600414,0.599810571354778,267.734886334964,29.099065072792033,30,0.9785259673175288,0.39550060125586395,0.5830253660616649,78.41827491119018,19.702040139874725,"{'alpha': 0.1, 'beta': 0.9, 'gamma': 0.0, 'source': 'phase3_tuning'}"
test,adversarial,hetero,high,binpack,1008,1.3,1.3059731015267502,0.7356868952951334,1.3059731015267502,28.045295476668585,50.0,8.0,12.0,1414,1414,0,1108,804,304,306,0.7835926449787836,0.5685997171145686,16.08,9.608289764428092,27.196530173591107,19.598292517932173,36.412732111531945,1.9838618698865427,3.7532214414996203,0.9048522125014472,0.6309177521357996,224.40476554258504,28.76216636622077,30,0.9719131892611781,0.4409412436644608,0.5309719455967173,77.08452979526376,18.343499062076127,{}
test,adversarial,hetero,high,spread,1008,1.3,1.3059731015267502,0.7356868952951334,1.3059731015267502,28.045295476668585,50.0,8.0,12.0,1414,1414,0,1112,823,289,302,0.7864214992927864,0.582036775106082,16.46,8.511867259142244,28.35371504019149,18.501870012646325,38.079216909503515,1.8737868326112743,3.917740378789087,0.9018281036201036,0.6387289295357035,196.78316363810583,29.705291259100342,30,0.9782639947339847,0.38578788880636616,0.5924761059276185,76.84062283268719,18.401724867311973,{}
test,adversarial,hetero,high,tetris,1008,1.3,1.3059731015267502,0.7356868952951334,1.3059731015267502,28.045295476668585,50.0,8.0,12.0,1414,1414,0,1117,821,296,297,0.78995756718529,0.5806223479490806,16.42,8.66567311683956,27.814311630826268,18.655675870343643,37.54946396494794,1.8892026114142175,3.8820341612681926,0.904591344542618,0.6344280590681887,202.1156969500206,29.395682828639774,30,0.9822600904775515,0.40879368769806707,0.5734664027794844,77.11857175864196,18.335401807302613,{}
test,adversarial,hetero,high,hybrid,1008,1.3,1.3059731015267502,0.7356868952951334,1.3059731015267502,28.045295476668585,50.0,8.0,12.0,1414,1414,0,1108,816,292,306,0.7835926449787836,0.5770862800565771,16.32,9.109141320067025,27.94737792923965,19.099144073571104,37.37732601512647,1.9339382286769895,3.8721004609782073,0.902207536060848,0.6332290299125133,212.5490163342664,29.066615200909332,30,0.9773911290799128,0.4224580103362559,0.5558226914592475,77.06440288777283,18.348289833104612,"{'alpha': 0.1, 'beta': 0.9, 'gamma': 0.0, 'source': 'phase3_tuning'}"
test,adversarial,hetero,high,binpack,1009,1.3,1.307565989690649,0.6656988143089237,1.307565989690649,28.667451572452137,50.0,8.0,12.0,1437,1437,0,1152,850,302,285,0.8016701461377871,0.5915100904662491,17.0,9.730541909331293,28.44540869814795,19.749127599305893,38.63393200062422,1.984165870945494,3.909980681999532,0.9116207287736554,0.5744525411525006,239.12785823081114,28.874208184435393,30,0.9773684427196723,0.3316035252344154,0.6457649174852569,76.83713573846606,18.7018944184903,{}
test,adversarial,hetero,high,spread,1009,1.3,1.307565989690649,0.6656988143089237,1.307565989690649,28.667451572452137,50.0,8.0,12.0,1437,1437,0,1156,878,278,281,0.8044537230340988,0.6109951287404315,17.56,8.485077293770823,31.444316245917065,18.503662983745425,40.60952121712395,1.85695694710878,4.096896409096437,0.9106029451234248,0.589823063579076,204.8987551243229,29.723054724759944,30,0.9803598925384633,0.3487320193306493,0.631627873207814,76.92118630306504,18.68145915402686,{}
test,adversarial,hetero,high,tetris,1009,1.3,1.307565989690649,0.6656988143089237,1.307565989690649,28.667451572452137,50.0,8.0,12.0,1437,1437,0,1154,875,279,283,0.8030619345859429,0.6089074460681977,17.5,8.703695789525506,31.076646549498918,18.722281479500108,40.19660942808556,1.8791771875758088,4.052567343325464,0.9135037989515835,0.5884091345121617,212.0795220966755,29.4023875322977,30,0.9770240637353524,0.37376197132113675,0.6032620924142156,76.70993891900707,18.732905021828174,{}
test,adversarial,hetero,high,hybrid,1009,1.3,1.307565989690649,0.6656988143089237,1.307565989690649,28.667451572452137,50.0,8.0,12.0,1437,1437,0,1151,864,287,286,0.8009742519137091,0.6012526096033403,17.28,9.145856909464841,30.54810377244096,19.164442599439443,40.104575637759496,1.9246785747511703,4.007181326429447,0.9088005617465281,0.5798080021140611,223.56975108581642,29.28930505810857,30,0.9743055775579819,0.35475959666118884,0.619545980896793,77.00624948570203,18.66082310977646,"{'alpha': 0.1, 'beta': 0.9, 'gamma': 0.0, 'source': 'phase3_tuning'}"
