split,family,cluster_config,load,policy,seed,target_rho,realized_rho_cpu,realized_rho_ram,realized_rho,arrival_rate,observation_horizon,duration_min,duration_max,submitted,feasible_jobs,permanently_infeasible,started_by_horizon,completed_by_horizon,running_at_horizon,queued_at_horizon,admission_ratio_horizon,completion_ratio_horizon,throughput_horizon,mean_wait_time,p95_wait_time,mean_turnaround_time,p95_turnaround_time,mean_slowdown,p95_slowdown,time_weighted_cpu_utilization,time_weighted_ram_utilization,time_weighted_queue_length,time_weighted_active_nodes,horizon_active_nodes,horizon_cpu_utilization,horizon_ram_utilization,horizon_free_imbalance,makespan,drained_throughput,params
test,bimodal,homog,low,binpack,1000,0.7,0.7094992254241255,0.42612049414426784,0.7094992254241255,16.128,50.0,8.0,12.0,825,825,0,825,659,166,0,1.0,0.7987878787878788,13.18,0.0,0.0,9.935294963782498,11.736798172747935,1.0,1.0000000000000004,0.6399044866151572,0.38687846565309847,0.0,21.700745025280945,25,0.7147569444444444,0.3982291666666667,0.32180555555555557,61.79685552500513,13.350193840626352,{}
test,bimodal,homog,low,spread,1000,0.7,0.7094992254241255,0.42612049414426784,0.7094992254241255,16.128,50.0,8.0,12.0,825,825,0,825,659,166,0,1.0,0.7987878787878788,13.18,0.0,0.0,9.935294963782498,11.736798172747935,1.0,1.0000000000000004,0.6399044866151572,0.38687846565309847,0.0,29.31700029116425,30,0.7147569444444444,0.3982291666666667,0.41041666666666665,61.79685552500513,13.350193840626352,{}
test,bimodal,homog,low,tetris,1000,0.7,0.7094992254241255,0.42612049414426784,0.7094992254241255,16.128,50.0,8.0,12.0,825,825,0,825,659,166,0,1.0,0.7987878787878788,13.18,0.0,0.0,9.935294963782498,11.736798172747935,1.0,1.0000000000000004,0.6399044866151572,0.38687846565309847,0.0,28.643782882127308,30,0.7147569444444444,0.3982291666666667,0.3165277777777778,61.79685552500513,13.350193840626352,{}
test,bimodal,homog,low,hybrid,1000,0.7,0.7094992254241255,0.42612049414426784,0.7094992254241255,16.128,50.0,8.0,12.0,825,825,0,825,659,166,0,1.0,0.7987878787878788,13.18,0.0,0.0,9.935294963782498,11.736798172747935,1.0,1.0000000000000004,0.6399044866151572,0.38687846565309847,0.0,28.212174942288275,30,0.7147569444444444,0.3982291666666667,0.3165277777777778,61.79685552500513,13.350193840626352,"{'alpha': 0.1, 'beta': 0.9, 'gamma': 0.0, 'source': 'phase3_tuning'}"
test,bimodal,homog,low,binpack,1001,0.7,0.6979539402600743,0.4196240332564134,0.6979539402600743,16.128,50.0,8.0,12.0,803,803,0,803,652,151,0,1.0,0.8119551681195517,13.04,0.0,0.0,10.021025270295288,11.80206045997937,1.0,1.0000000000000004,0.6262917732037416,0.3824180546073498,0.0,21.26591373122942,25,0.7085069444444444,0.35822916666666665,0.36777777777777776,60.67168807650542,13.235168254877594,{}
test,bimodal,homog,low,spread,1001,0.7,0.6979539402600743,0.4196240332564134,0.6979539402600743,16.128,50.0,8.0,12.0,803,803,0,803,652,151,0,1.0,0.8119551681195517,13.04,0.0,0.0,10.021025270295288,11.80206045997937,1.0,1.0000000000000004,0.6262917732037416,0.3824180546073498,0.0,29.468569584822273,30,0.7085069444444444,0.35822916666666665,0.4568055555555555,60.67168807650542,13.235168254877594,{}
test,bimodal,homog,low,tetris,1001,0.7,0.6979539402600743,0.4196240332564134,0.6979539402600743,16.128,50.0,8.0,12.0,803,803,0,803,652,151,0,1.0,0.8119551681195517,13.04,0.0,0.0,10.021025270295288,11.80206045997937,1.0,1.0000000000000004,0.6262917732037416,0.3824180546073498,0.0,29.029663168598553,30,0.7085069444444444,0.35822916666666665,0.3511111111111111,60.67168807650542,13.235168254877594,{}
test,bimodal,homog,low,hybrid,1001,0.7,0.6979539402600743,0.4196240332564134,0.6979539402600743,16.128,50.0,8.0,12.0,803,803,0,803,652,151,0,1.0,0.8119551681195517,13.04,0.0,0.0,10.021025270295288,11.80206045997937,1.0,1.0000000000000004,0.6262917732037416,0.3824180546073498,0.0,28.47067086820388,30,0.7085069444444444,0.35822916666666665,0.35027777777777774,60.67168807650542,13.235168254877594,"{'alpha': 0.1, 'beta': 0.9, 'gamma': 0.0, 'source': 'phase3_tuning'}"
test,bimodal,homog,low,binpack,1002,0.7,0.6979557373765761,0.4153793883947777,0.6979557373765761,16.128,50.0,8.0,12.0,803,803,0,803,641,162,0,1.0,0.7982565379825654,12.82,0.0,0.0,9.97432335694113,11.787864117778682,1.0,1.0000000000000004,0.6228156340262767,0.3712046889568182,0.0,20.916379688734754,23,0.6947916666666667,0.426875,0.2758333333333333,61.30076799054342,13.099346489816817,{}
test,bimodal,homog,low,spread,1002,0.7,0.6979557373765761,0.4153793883947777,0.6979557373765761,16.128,50.0,8.0,12.0,803,803,0,803,641,162,0,1.0,0.7982565379825654,12.82,0.0,0.0,9.97432335694113,11.787864117778682,1.0,1.0000000000000004,0.6228156340262767,0.3712046889568182,0.0,29.513936369376474,30,0.6947916666666667,0.426875,0.41333333333333333,61.30076799054342,13.099346489816817,{}
test,bimodal,homog,low,tetris,1002,0.7,0.6979557373765761,0.4153793883947777,0.6979557373765761,16.128,50.0,8.0,12.0,803,803,0,803,641,162,0,1.0,0.7982565379825654,12.82,0.0,0.0,9.97432335694113,11.787864117778682,1.0,1.0000000000000004,0.6228156340262767,0.3712046889568182,0.0,28.847927947488092,30,0.6947916666666667,0.426875,0.26791666666666664,61.30076799054342,13.099346489816817,{}
test,bimodal,homog,low,hybrid,1002,0.7,0.6979557373765761,0.4153793883947777,0.6979557373765761,16.128,50.0,8.0,12.0,803,803,0,803,641,162,0,1.0,0.7982565379825654,12.82,0.0,0.0,9.97432335694113,11.787864117778682,1.0,1.0000000000000004,0.6228156340262767,0.3712046889568182,0.0,28.168409839609488,30,0.6947916666666667,0.426875,0.2797222222222222,61.30076799054342,13.099346489816817,"{'alpha': 0.1, 'beta': 0.9, 'gamma': 0.0, 'source': 'phase3_tuning'}"
test,bimodal,homog,low,binpack,1003,0.7,0.6614252954528191,0.3956101036033902,0.6614252954528191,16.128,50.0,8.0,12.0,761,761,0,761,587,174,0,1.0,0.771353482260184,11.74,0.0,0.0,9.989014790485308,11.832042282236934,1.0,1.0000000000000004,0.5847513901530665,0.34124233481756905,0.0,19.922563404649598,23,0.7234375,0.4971875,0.24416666666666667,61.04014451935472,12.467205082692765,{}
test,bimodal,homog,low,spread,1003,0.7,0.6614252954528191,0.3956101036033902,0.6614252954528191,16.128,50.0,8.0,12.0,761,761,0,761,587,174,0,1.0,0.771353482260184,11.74,0.0,0.0,9.989014790485308,11.832042282236934,1.0,1.0000000000000004,0.5847513901530665,0.34124233481756905,0.0,29.548399231789848,30,0.7234375,0.4971875,0.44708333333333333,61.04014451935472,12.467205082692765,{}
test,bimodal,homog,low,tetris,1003,0.7,0.6614252954528191,0.3956101036033902,0.6614252954528191,16.128,50.0,8.0,12.0,761,761,0,761,587,174,0,1.0,0.771353482260184,11.74,0.0,0.0,9.989014790485308,11.832042282236934,1.0,1.0000000000000004,0.5847513901530665,0.34124233481756905,0.0,29.14394872130089,30,0.7234375,0.4971875,0.22958333333333333,61.04014451935472,12.467205082692765,{}
test,bimodal,homog,low,hybrid,1003,0.7,0.6614252954528191,0.3956101036033902,0.6614252954528191,16.128,50.0,8.0,12.0,761,761,0,761,587,174,0,1.0,0.771353482260184,11.74,0.0,0.0,9.989014790485308,11.832042282236934,1.0,1.0000000000000004,0.5847513901530665,0.34124233481756905,0.0,28.488171902822263,30,0.7234375,0.4971875,0.23291666666666666,61.04014451935472,12.467205082692765,"{'alpha': 0.1, 'beta': 0.9, 'gamma': 0.0, 'source': 'phase3_tuning'}"
test,bimodal,homog,low,binpack,1004,0.7,0.7017581212826355,0.4254477283499126,0.7017581212826355,16.128,50.0,8.0,12.0,809,809,0,809,654,155,0,1.0,0.8084054388133498,13.08,0.0,0.0,10.036456181443395,11.819548386290862,1.0,1.0000000000000004,0.638209369680443,0.3823816880531069,0.0,21.85781571167315,25,0.6664930555555556,0.4292708333333334,0.24694444444444444,61.75579222787554,13.099985779711702,{}
test,bimodal,homog,low,spread,1004,0.7,0.7017581212826355,0.4254477283499126,0.7017581212826355,16.128,50.0,8.0,12.0,809,809,0,809,654,155,0,1.0,0.8084054388133498,13.08,0.0,0.0,10.036456181443395,11.819548386290862,1.0,1.0000000000000004,0.638209369680443,0.3823816880531069,0.0,29.29373124645451,30,0.6664930555555556,0.4292708333333334,0.3973611111111111,61.75579222787554,13.099985779711702,{}
test,bimodal,homog,low,tetris,1004,0.7,0.7017581212826355,0.4254477283499126,0.7017581212826355,16.128,50.0,8.0,12.0,809,809,0,809,654,155,0,1.0,0.8084054388133498,13.08,0.0002346643707416795,0.0,10.036690845814137,11.819548386290862,1.0000198660756936,1.0000000000000004,0.6382093696804432,0.38238168805310685,0.003796869518600374,28.423662301738695,30,0.6664930555555556,0.4292708333333334,0.25375,61.75579222787554,13.099985779711702,{}
test,bimodal,homog,low,hybrid,1004,0.7,0.7017581212826355,0.4254477283499126,0.7017581212826355,16.128,50.0,8.0,12.0,809,809,0,809,654,155,0,1.0,0.8084054388133498,13.08,0.0,0.0,10.036456181443395,11.819548386290862,1.0,1.0000000000000004,0.638209369680443,0.3823816880531069,0.0,27.707362015456354,28,0.6664930555555556,0.4292708333333334,0.2520833333333333,61.75579222787554,13.099985779711702,"{'alpha': 0.1, 'beta': 0.9, 'gamma': 0.0, 'source': 'phase3_tuning'}"
test,bimodal,homog,low,binpack,1005,0.7,0.7035776235923895,0.4232298290607319,0.7035776235923895,16.128,50.0,8.0,12.0,811,811,0,811,655,156,0,1.0,0.8076448828606658,13.1,0.0,0.0,10.010204902936358,11.782477565714679,1.0,1.0000000000000004,0.6300131379096319,0.378144679933342,0.0,21.514372663268883,21,0.646875,0.38687499999999997,0.2694444444444445,61.36974442003305,13.214980894319378,{}
test,bimodal,homog,low,spread,1005,0.7,0.7035776235923895,0.4232298290607319,0.7035776235923895,16.128,50.0,8.0,12.0,811,811,0,811,655,156,0,1.0,0.8076448828606658,13.1,0.0,0.0,10.010204902936358,11.782477565714679,1.0,1.0000000000000004,0.6300131379096319,0.378144679933342,0.0,29.40179151772314,30,0.646875,0.38687499999999997,0.37569444444444444,61.36974442003305,13.214980894319378,{}
test,bimodal,homog,low,tetris,1005,0.7,0.7035776235923895,0.4232298290607319,0.7035776235923895,16.128,50.0,8.0,12.0,811,811,0,811,655,156,0,1.0,0.8076448828606658,13.1,0.0,0.0,10.010204902936358,11.782477565714679,1.0,1.0000000000000004,0.6300131379096319,0.378144679933342,0.0,28.908498175488262,30,0.646875,0.38687499999999997,0.26,61.36974442003305,13.214980894319378,{}
test,bimodal,homog,low,hybrid,1005,0.7,0.7035776235923895,0.4232298290607319,0.7035776235923895,16.128,50.0,8.0,12.0,811,811,0,811,655,156,0,1.0,0.8076448828606658,13.1,0.0,0.0,10.010204902936358,11.782477565714679,1.0,1.0000000000000004,0.6300131379096319,0.378144679933342,0.0,28.35553521231671,30,0.646875,0.38687499999999997,0.26763888888888887,61.36974442003305,13.214980894319378,"{'alpha': 0.1, 'beta': 0.9, 'gamma': 0.0, 'source': 'phase3_tuning'}"
test,bimodal,homog,low,binpack,1006,0.7,0.7080643620678285,0.42311469411095504,0.7080643620678285,16.128,50.0,8.0,12.0,809,809,0,809,650,159,0,1.0,0.8034610630407911,13.0,0.0,0.0,10.035700692401255,11.814857587461688,1.0,1.0000000000000002,0.6328851616276212,0.3811776434087143,0.0,21.362558133882338,23,0.6838541666666667,0.4084375,0.2776388888888889,61.9209388564298,13.065047380430576,{}
test,bimodal,homog,low,spread,1006,0.7,0.7080643620678285,0.42311469411095504,0.7080643620678285,16.128,50.0,8.0,12.0,809,809,0,809,650,159,0,1.0,0.8034610630407911,13.0,0.0,0.0,10.035700692401255,11.814857587461688,1.0,1.0000000000000002,0.6328851616276212,0.3811776434087143,0.0,29.550712544354102,30,0.6838541666666667,0.4084375,0.44625,61.9209388564298,13.065047380430576,{}
test,bimodal,homog,low,tetris,1006,0.7,0.7080643620678285,0.42311469411095504,0.7080643620678285,16.128,50.0,8.0,12.0,809,809,0,809,650,159,0,1.0,0.8034610630407911,13.0,0.0,0.0,10.035700692401255,11.814857587461688,1.0,1.0000000000000002,0.6328851616276212,0.3811776434087143,0.0,28.891143880621176,30,0.6838541666666667,0.4084375,0.2872222222222222,61.9209388564298,13.065047380430576,{}
test,bimodal,homog,low,hybrid,1006,0.7,0.7080643620678285,0.42311469411095504,0.7080643620678285,16.128,50.0,8.0,12.0,809,809,0,809,650,159,0,1.0,0.8034610630407911,13.0,0.0,0.0,10.035700692401255,11.814857587461688,1.0,1.0000000000000002,0.6328851616276212,0.3811776434087143,0.0,28.191654350003446,30,0.6838541666666667,0.4084375,0.27541666666666664,61.9209388564298,13.065047380430576,"{'alpha': 0.1, 'beta': 0.9, 'gamma': 0.0, 'source': 'phase3_tuning'}"
test,bimodal,homog,low,binpack,1007,0.7,0.7570062226151604,0.4590086000759567,0.7570062226151604,16.128,50.0,8.0,12.0,874,874,0,874,669,205,0,1.0,0.7654462242562929,13.38,0.0023425440668753215,0.0,10.02447901493098,11.872617006534886,1.0002488780317,1.0000000000000004,0.6618061630385986,0.40784075016465293,0.040947670288980616,22.196850400718333,30,0.9272569444444444,0.5394791666666666,0.38999999999999996,61.32978647878831,14.250824113047974,{}
test,bimodal,homog,low,spread,1007,0.7,0.7570062226151604,0.4590086000759567,0.7570062226151604,16.128,50.0,8.0,12.0,874,874,0,874,669,205,0,1.0,0.7654462242562929,13.38,0.00900196602382161,0.0,10.031138436887925,11.876052049249395,1.0009444510381673,1.0000000000000004,0.6608792254213138,0.40764283248153793,0.15735436609640174,29.359294314823263,30,0.9272569444444444,0.5394791666666666,0.3877777777777778,61.32978647878831,14.250824113047974,{}
test,bimodal,homog,low,tetris,1007,0.7,0.7570062226151604,0.4590086000759567,0.7570062226151604,16.128,50.0,8.0,12.0,874,874,0,873,669,204,1,0.9988558352402745,0.7654462242562929,13.38,0.007100466224942541,0.0,10.029236937089047,11.876052049249395,1.0007433437331432,1.0000000000000004,0.6610705240406776,0.4077121044661966,0.12158452410288717,28.909065739230872,30,0.9161458333333333,0.5378124999999999,0.3852777777777778,61.32978647878831,14.250824113047974,{}
test,bimodal,homog,low,hybrid,1007,0.7,0.7570062226151604,0.4590086000759567,0.7570062226151604,16.128,50.0,8.0,12.0,874,874,0,873,669,204,1,0.9988558352402745,0.7654462242562929,13.38,0.007850808935420995,0.0,10.029987279799526,11.874912481112055,1.0008182225719944,1.0000000000000004,0.6610422335047051,0.4077113266583479,0.13470051468205058,27.97874076759034,30,0.9161458333333333,0.5378124999999999,0.3786111111111111,61.32978647878831,14.250824113047974,"{'alpha': 0.1, 'beta': 0.9, 'gamma': 0.0, 'source': 'phase3_tuning'}"
test,bimodal,homog,low,binpack,1008,0.7,0.6962220647324759,0.4195236229875384,0.6962220647324759,16.128,50.0,8.0,12.0,803,803,0,803,647,156,0,1.0,0.8057285180572852,12.94,0.0,0.0,9.974109724963869,11.78242336874562,1.0,1.0000000000000004,0.6314534413302957,0.37161851462227186,0.0,21.629834282626327,24,0.621875,0.43312500000000004,0.24041666666666667,61.54136139030328,13.048135138045941,{}
test,bimodal,homog,low,spread,1008,0.7,0.6962220647324759,0.4195236229875384,0.6962220647324759,16.128,50.0,8.0,12.0,803,803,0,803,647,156,0,1.0,0.8057285180572852,12.94,0.0,0.0,9.974109724963869,11.78242336874562,1.0,1.0000000000000004,0.6314534413302957,0.37161851462227186,0.0,29.487525191090757,30,0.621875,0.43312500000000004,0.3063888888888889,61.54136139030328,13.048135138045941,{}
test,bimodal,homog,low,tetris,1008,0.7,0.6962220647324759,0.4195236229875384,0.6962220647324759,16.128,50.0,8.0,12.0,803,803,0,803,647,156,0,1.0,0.8057285180572852,12.94,0.0,0.0,9.974109724963869,11.78242336874562,1.0,1.0000000000000004,0.6314534413302957,0.37161851462227186,0.0,28.915243235351383,29,0.621875,0.43312500000000004,0.19958333333333336,61.54136139030328,13.048135138045941,{}
test,bimodal,homog,low,hybrid,1008,0.7,0.6962220647324759,0.4195236229875384,0.6962220647324759,16.128,50.0,8.0,12.0,803,803,0,803,647,156,0,1.0,0.8057285180572852,12.94,0.0,0.0,9.974109724963869,11.78242336874562,1.0,1.0000000000000004,0.6314534413302957,0.37161851462227186,0.0,28.473156065953287,30,0.621875,0.43312500000000004,0.22055555555555553,61.54136139030328,13.048135138045941,"{'alpha': 0.1, 'beta': 0.9, 'gamma': 0.0, 'source': 'phase3_tuning'}"
test,bimodal,homog,low,binpack,1009,0.7,0.7128086523071041,0.431435478652736,0.7128086523071041,16.128,50.0,8.0,12.0,824,824,0,824,654,170,0,1.0,0.7936893203883495,13.08,0.0,0.0,9.995088844617625,11.821070664133337,1.0,1.0000000000000004,0.6492950245257433,0.39098575965236426,0.0,22.045230519598835,25,0.6675347222222222,0.40677083333333336,0.2710416666666667,61.63549372274991,13.368920247585496,{}
test,bimodal,homog,low,spread,1009,0.7,0.7128086523071041,0.431435478652736,0.7128086523071041,16.128,50.0,8.0,12.0,824,824,0,824,654,170,0,1.0,0.7936893203883495,13.08,0.0,0.0,9.995088844617625,11.821070664133337,1.0,1.0000000000000004,0.6492950245257433,0.39098575965236426,0.0,29.507730948278553,30,0.6675347222222222,0.40677083333333336,0.37687499999999996,61.63549372274991,13.368920247585496,{}
test,bimodal,homog,low,tetris,1009,0.7,0.7128086523071041,0.431435478652736,0.7128086523071041,16.128,50.0,8.0,12.0,824,824,0,824,654,170,0,1.0,0.7936893203883495,13.08,0.0,0.0,9.995088844617625,11.821070664133337,1.0,1.0000000000000004,0.6492950245257433,0.39098575965236426,0.0,29.187868372041116,30,0.6675347222222222,0.40677083333333336,0.28173611111111113,61.63549372274991,13.368920247585496,{}
test,bimodal,homog,low,hybrid,1009,0.7,0.7128086523071041,0.431435478652736,0.7128086523071041,16.128,50.0,8.0,12.0,824,824,0,824,654,170,0,1.0,0.7936893203883495,13.08,0.0,0.0,9.995088844617625,11.821070664133337,1.0,1.0000000000000004,0.6492950245257433,0.39098575965236426,0.0,28.675786028587595,29,0.6675347222222222,0.40677083333333336,0.26187499999999997,61.63549372274991,13.368920247585496,"{'alpha': 0.1, 'beta': 0.9, 'gamma': 0.0, 'source': 'phase3_tuning'}"
test,bimodal,homog,med,binpack,1000,1.0,1.055562838377195,0.6323648148225511,1.055562838377195,23.04,50.0,8.0,12.0,1218,1218,0,1164,926,238,54,0.9556650246305419,0.7602627257799671,18.52,0.6935237498101026,4.54829795411964,10.668646912832232,14.542530434622968,1.0705650239142352,1.4575552785164865,0.8685715902423362,0.5490951471183867,14.091233257881253,27.175222651859208,30,0.984548611111111,0.6144791666666667,0.37229166666666663,66.67042475830245,18.268970153041103,{}
test,bimodal,homog,med,spread,1000,1.0,1.055562838377195,0.6323648148225511,1.055562838377195,23.04,50.0,8.0,12.0,1218,1218,0,1159,923,236,59,0.951559934318555,0.7577996715927751,18.46,0.7343491538922171,4.767894159708405,10.709472316914345,14.976975091964128,1.0746769813295816,1.4808030405518702,0.8632776786629448,0.5486343058671795,14.983556376447618,29.52190020381503,30,0.9873263888888889,0.6055208333333333,0.3818055555555555,66.7742433178714,18.2405661147195,{}
test,bimodal,homog,med,tetris,1000,1.0,1.055562838377195,0.6323648148225511,1.055562838377195,23.04,50.0,8.0,12.0,1218,1218,0,1162,923,239,56,0.9540229885057471,0.7577996715927751,18.46,0.739139304992392,5.182524693293203,10.714262468014521,15.151959746312428,1.0752073134693023,1.5137507446955358,0.8614030104517326,0.5495359913107023,14.96530561763368,29.231256699393963,30,0.9810763888888889,0.6155208333333333,0.3655555555555556,66.56026562470466,18.299205818492474,{}
test,bimodal,homog,med,hybrid,1000,1.0,1.055562838377195,0.6323648148225511,1.055562838377195,23.04,50.0,8.0,12.0,1218,1218,0,1164,925,239,54,0.9556650246305419,0.7594417077175698,18.5,0.6798098143307982,4.189029297675518,10.654932977352928,14.691469586345917,1.0692188676230678,1.41779166617655,0.8656874204011202,0.5492633754028353,13.872328928346688,28.95614203078057,30,0.9836805555555556,0.6108333333333333,0.3747916666666667,67.09263937694055,18.154003349861078,"{'alpha': 0.1, 'beta': 0.9, 'gamma': 0.0, 'source': 'phase3_tuning'}"
test,bimodal,homog,med,binpack,1001,1.0,0.9706154183366907,0.5826089136015488,0.9706154183366907,23.04,50.0,8.0,12.0,1116,1116,0,1115,897,218,1,0.9991039426523297,0.803763440860215,17.94,0.4533063143582811,2.389462133356677,10.446456820650413,12.92800687138977,1.0459705532317538,1.232482253839457,0.8765810326238718,0.5234149455783494,10.113184142155369,27.330062715894385,30,0.9222222222222223,0.5789583333333332,0.3452083333333333,61.386532850245075,18.179883244465476,{}
test,bimodal,homog,med,spread,1001,1.0,0.9706154183366907,0.5826089136015488,0.9706154183366907,23.04,50.0,8.0,12.0,1116,1116,0,1114,899,215,2,0.9982078853046595,0.8055555555555556,17.98,0.3961779898656334,1.9574231264733655,10.389328496157768,12.578690607060938,1.0402104128066683,1.2012443418084526,0.8806971345385602,0.5241552748306553,8.826875888913206,29.62799870937561,30,0.8972222222222223,0.5689583333333333,0.3340972222222222,61.386532850245075,18.179883244465476,{}
test,bimodal,homog,med,tetris,1001,1.0,0.9706154183366907,0.5826089136015488,0.9706154183366907,23.04,50.0,8.0,12.0,1116,1116,0,1113,895,218,3,0.9973118279569892,0.8019713261648745,17.9,0.5173167182671373,2.570556309133668,10.510467224559271,13.085139529288458,1.0525560486794507,1.2576450045928882,0.8742228693503826,0.5229800293439584,11.501042111336819,29.24352130654527,30,0.9180555555555556,0.5658333333333334,0.3565277777777778,61.386532850245075,18.179883244465476,{}
test,bimodal,homog,med,hybrid,1001,1.0,0.9706154183366907,0.5826089136015488,0.9706154183366907,23.04,50.0,8.0,12.0,1116,1116,0,1114,895,219,2,0.9982078853046595,0.8019713261648745,17.9,0.48697140160925706,2.374322827962537,10.48012190790139,12.953496400743887,1.0494027204439849,1.234815714157811,0.8772547313136169,0.5231150595689317,10.84438572555634,29.00894078082179,30,0.9166666666666666,0.584375,0.3439583333333333,61.386532850245075,18.179883244465476,"{'alpha': 0.1, 'beta': 0.9, 'gamma': 0.0, 'source': 'phase3_tuning'}"
test,bimodal,homog,med,binpack,1002,1.0,1.0089342598127908,0.6059112895041385,1.0089342598127908,23.04,50.0,8.0,12.0,1168,1168,0,1151,913,238,17,0.985445205479452,0.7816780821917808,18.26,0.3500218582061785,1.8131778027050274,10.303945491761821,12.395145017782212,1.0357217637426304,1.1861289870252474,0.8765918134997237,0.5379456061632367,7.699114621962534,27.288577824874743,30,0.9814236111111111,0.6288541666666667,0.35451388888888885,64.3635394375748,18.146919983056947,{}
test,bimodal,homog,med,spread,1002,1.0,1.0089342598127908,0.6059112895041385,1.0089342598127908,23.04,50.0,8.0,12.0,1168,1168,0,1146,908,238,22,0.9811643835616438,0.7773972602739726,18.16,0.46468045292677257,2.2332380213693135,10.418604086482416,12.853616630956694,1.047264978271316,1.235819241437284,0.8709795487310403,0.537582766966717,10.0921714994753,29.659755458563577,30,0.9730902777777778,0.6276041666666666,0.3454861111111111,64.93335551746583,17.987673526063663,{}
test,bimodal,homog,med,tetris,1002,1.0,1.0089342598127908,0.6059112895041385,1.0089342598127908,23.04,50.0,8.0,12.0,1168,1168,0,1143,906,237,25,0.978595890410959,0.7756849315068494,18.12,0.4857058452502673,2.362229754625652,10.43962947880591,12.993115772824972,1.0494448647662076,1.2548623107152221,0.8688272991168204,0.5369909055919213,10.522917069128745,29.358018157243517,30,0.9744791666666667,0.6278125,0.34694444444444444,64.955082843482,17.981656690584984,{}
test,bimodal,homog,med,hybrid,1002,1.0,1.0089342598127908,0.6059112895041385,1.0089342598127908,23.04,50.0,8.0,12.0,1168,1168,0,1146,908,238,22,0.9811643835616438,0.7773972602739726,18.16,0.40854964276908967,2.141711118752646,10.362473276324733,12.68346175997992,1.0415189504624536,1.2313774273152087,0.8719730803978378,0.5378088351405194,8.78222731025827,29.007009624635952,30,0.9730902777777778,0.6276041666666666,0.3454861111111111,64.79421931125718,18.02629945102332,"{'alpha': 0.1, 'beta': 0.9, 'gamma': 0.0, 'source': 'phase3_tuning'}"
test,bimodal,homog,med,binpack,1003,1.0,0.9394167299237516,0.5613348290811656,0.9394167299237516,23.04,50.0,8.0,12.0,1083,1083,0,1082,859,223,1,0.9990766389658357,0.7931671283471837,17.18,0.16851077946949478,1.1328117649809144,10.160086756364706,11.940273388967135,1.0172164782470954,1.1127719960198328,0.8376669378148582,0.5019129582510581,3.642164120567777,26.969182398730563,30,0.9579861111111111,0.5804166666666667,0.3854861111111111,61.408454803630725,17.636007996996018,{}
test,bimodal,homog,med,spread,1003,1.0,0.9394167299237516,0.5613348290811656,0.9394167299237516,23.04,50.0,8.0,12.0,1083,1083,0,1082,859,223,1,0.9990766389658357,0.7931671283471837,17.18,0.19813119734767629,1.1975867589504574,10.189707174242887,11.979584877447845,1.020239125602529,1.126782781883094,0.8362451159065656,0.5017863766366615,4.283745547645047,29.683879462252936,30,0.9579861111111111,0.5804166666666667,0.37756944444444446,61.408454803630725,17.636007996996018,{}
test,bimodal,homog,med,tetris,1003,1.0,0.9394167299237516,0.5613348290811656,0.9394167299237516,23.04,50.0,8.0,12.0,1083,1083,0,1080,857,223,3,0.997229916897507,0.791320406278855,17.14,0.24290054015685716,1.5619614326942752,10.23447651705207,12.022268559184297,1.0248691878034168,1.1553584025531185,0.8330299360667159,0.5012030430451773,5.249303556110757,28.88935221326876,30,0.9538194444444444,0.5860416666666667,0.36777777777777776,61.48831493262013,17.613102606353234,{}
test,bimodal,homog,med,hybrid,1003,1.0,0.9394167299237516,0.5613348290811656,0.9394167299237516,23.04,50.0,8.0,12.0,1083,1083,0,1083,858,225,0,1.0,0.7922437673130194,17.16,0.21199022202509674,1.4763969398334957,10.203566198920308,11.974710379053342,1.0217223146230159,1.1633355607481544,0.8363642343658565,0.5015978919269548,4.591708209063593,28.63294135905431,30,0.9744791666666667,0.5871875000000001,0.3872916666666667,61.408454803630725,17.636007996996018,"{'alpha': 0.1, 'beta': 0.9, 'gamma': 0.0, 'source': 'phase3_tuning'}"
test,bimodal,homog,med,binpack,1004,1.0,0.9730031323051963,0.5848195013183787,0.9730031323051963,23.04,50.0,8.0,12.0,1118,1118,0,1109,900,209,9,0.9919499105545617,0.8050089445438283,18.0,0.3553220261204184,2.3322183085519583,10.402701575227363,12.744385382603895,1.0359908830218156,1.2452631949768522,0.859850043399572,0.5282972092438789,7.839378427478156,26.74280422982313,30,0.9638888888888889,0.5633333333333332,0.4005555555555555,62.126713651485986,17.995479469132665,{}
test,bimodal,homog,med,spread,1004,1.0,0.9730031323051963,0.5848195013183787,0.9730031323051963,23.04,50.0,8.0,12.0,1118,1118,0,1106,896,210,12,0.9892665474060823,0.8014311270125224,17.92,0.3857433621166268,3.924647367509756,10.43312291122357,13.260318407814445,1.039038658582062,1.3655274356193452,0.8552692783588948,0.528320986888461,8.4096301500445,29.505611872518188,30,0.9708333333333333,0.564375,0.4064583333333333,63.200263356246566,17.689799703809296,{}
test,bimodal,homog,med,tetris,1004,1.0,0.9730031323051963,0.5848195013183787,0.9730031323051963,23.04,50.0,8.0,12.0,1118,1118,0,1103,894,209,15,0.9865831842576028,0.7996422182468694,17.88,0.44641295619995686,4.37823776807884,10.493792505306901,13.75352827580312,1.0452273264208236,1.414867150201502,0.8509010077990079,0.5275685307776531,9.62033297646267,29.006624949269394,30,0.9597222222222223,0.5627083333333334,0.3970138888888889,63.35916666597049,17.645434099442873,{}
test,bimodal,homog,med,hybrid,1004,1.0,0.9730031323051963,0.5848195013183787,0.9730031323051963,23.04,50.0,8.0,12.0,1118,1118,0,1107,898,209,11,0.9901610017889088,0.8032200357781754,17.96,0.3849762277616876,2.922024580795167,10.432355776868631,12.936454529005452,1.0388829825896038,1.299591295833122,0.8568877707699114,0.5281927234354634,8.43178579670404,28.604524519501425,30,0.9680555555555556,0.5639583333333333,0.4040972222222222,62.37821458204725,17.922924012669093,"{'alpha': 0.1, 'beta': 0.9, 'gamma': 0.0, 'source': 'phase3_tuning'}"
test,bimodal,homog,med,binpack,1005,1.0,1.0089189519102724,0.603621336432701,1.0089189519102724,23.04,50.0,8.0,12.0,1155,1155,0,1138,905,233,17,0.9852813852813853,0.7835497835497836,18.1,0.45773356649114527,2.974311530456159,10.498269930475193,13.27608367054976,1.045881005334827,1.2952100333044472,0.877917825453914,0.5355459972017752,10.129793318628916,27.29557802475061,30,0.974826388888889,0.6005208333333333,0.37430555555555556,64.03613846062174,18.036690340256126,{}
test,bimodal,homog,med,spread,1005,1.0,1.0089189519102724,0.603621336432701,1.0089189519102724,23.04,50.0,8.0,12.0,1155,1155,0,1138,905,233,17,0.9852813852813853,0.7835497835497836,18.1,0.5017830547790049,2.8760942875967928,10.54231941876305,13.336553468587184,1.050262250645033,1.2777200257543597,0.8761308341200992,0.5349412122696422,11.117959939225242,29.58125406240622,30,0.9789930555555556,0.6011458333333334,0.3778472222222222,64.02278698323786,18.040451758252832,{}
test,bimodal,homog,med,tetris,1005,1.0,1.0089189519102724,0.603621336432701,1.0089189519102724,23.04,50.0,8.0,12.0,1155,1155,0,1137,905,232,18,0.9844155844155844,0.7835497835497836,18.1,0.5620692046563845,3.383468989166275,10.602605568640431,13.586867977541075,1.056402190302067,1.3092015663634045,0.8726107944240978,0.5338084145591074,12.487835587851878,29.158953623730312,30,0.9720486111111111,0.5938541666666667,0.37819444444444444,64.1223045741237,18.012453040655306,{}
test,bimodal,homog,med,hybrid,1005,1.0,1.0089189519102724,0.603621336432701,1.0089189519102724,23.04,50.0,8.0,12.0,1155,1155,0,1137,905,232,18,0.9844155844155844,0.7835497835497836,18.1,0.49921599700861735,3.155718663911138,10.539752360992665,13.410320531223135,1.050046339842749,1.3062151236869557,0.875694717025296,0.534582302248758,11.077167394009377,28.988865707572007,30,0.9803819444444444,0.5794791666666667,0.4009027777777778,64.34903937246841,17.94898589417271,"{'alpha': 0.1, 'beta': 0.9, 'gamma': 0.0, 'source': 'phase3_tuning'}"
test,bimodal,homog,med,binpack,1006,1.0,0.994572325326856,0.5935227854251448,0.994572325326856,23.04,50.0,8.0,12.0,1143,1143,0,1134,914,220,9,0.9921259842519685,0.799650043744532,18.28,0.4040130481296005,2.0758902933279657,10.393646687849554,12.917350962554004,1.040348725816545,1.209388945773609,0.8822708941690115,0.5360298968535385,9.049714600276879,27.462619007316594,30,0.9282986111111111,0.5638541666666667,0.36444444444444446,63.092777655573315,18.116178150210715,{}
test,bimodal,homog,med,spread,1006,1.0,0.994572325326856,0.5935227854251448,0.994572325326856,23.04,50.0,8.0,12.0,1143,1143,0,1134,914,220,9,0.9921259842519685,0.799650043744532,18.28,0.4188976722788733,2.971071493372925,10.408531311998827,13.214865037814029,1.0417782646187566,1.2902748221904978,0.8805690508231383,0.5359958210526977,9.379556790232943,29.68549878104786,30,0.9449652777777777,0.5663541666666667,0.37861111111111106,63.166051577503765,18.095163010110845,{}
test,bimodal,homog,med,tetris,1006,1.0,0.994572325326856,0.5935227854251448,0.994572325326856,23.04,50.0,8.0,12.0,1143,1143,0,1134,909,225,9,0.9921259842519685,0.7952755905511811,18.18,0.5008366327749645,2.6973347142108537,10.490470272494917,13.31451493683091,1.050111086562259,1.2567894284403276,0.8789841854137298,0.5343262427774235,11.241260336152816,29.516364270507356,30,0.9473958333333333,0.5846874999999999,0.3671527777777778,63.10509192061697,18.11264297717586,{}
test,bimodal,homog,med,hybrid,1006,1.0,0.994572325326856,0.5935227854251448,0.994572325326856,23.04,50.0,8.0,12.0,1143,1143,0,1133,909,224,10,0.9912510936132983,0.7952755905511811,18.18,0.4234693677808128,2.294510147888687,10.413103007500766,12.855977404952071,1.0423420921689779,1.2320838545509467,0.8817996907354501,0.5353149367123088,9.507523663208318,29.31606677193174,30,0.9456597222222223,0.5805208333333333,0.36513888888888885,62.647539253770205,18.244930505091034,"{'alpha': 0.1, 'beta': 0.9, 'gamma': 0.0, 'source': 'phase3_tuning'}"
test,bimodal,homog,med,binpack,1007,1.0,1.043872761431771,0.6277310883992462,1.043872761431771,23.04,50.0,8.0,12.0,1199,1199,0,1137,925,212,62,0.9482902418682235,0.7714762301918265,18.5,1.2484346112950397,6.398361714259735,11.294607451497539,16.737769698032828,1.1261728306071999,1.663923834432831,0.8442173951544918,0.5534169303836116,26.474510103913428,26.241355487856794,30,0.9477430555555556,0.5573958333333333,0.3946527777777778,67.58496467140382,17.740632192818385,{}
test,bimodal,homog,med,spread,1007,1.0,1.043872761431771,0.6277310883992462,1.043872761431771,23.04,50.0,8.0,12.0,1199,1199,0,1138,932,206,61,0.9491242702251876,0.7773144286905754,18.64,1.2181028156011475,7.309431465012402,11.264275655803646,17.33563646057354,1.123323773541666,1.7077222089622806,0.8415986837044338,0.5539269325014632,25.521714727050757,29.551506020376266,30,0.9321180555555556,0.5355208333333333,0.3965972222222222,67.9020541266607,17.65778687288977,{}
test,bimodal,homog,med,tetris,1007,1.0,1.043872761431771,0.6277310883992462,1.043872761431771,23.04,50.0,8.0,12.0,1199,1199,0,1135,926,209,64,0.9466221851542952,0.7723102585487907,18.52,1.2898979250898543,6.68996800678395,11.336070765292353,17.06080250935686,1.130355397723773,1.6976924747476547,0.8405405679063263,0.5532097028365236,27.08599767340635,29.064210195557333,30,0.9378472222222223,0.5414583333333333,0.3963888888888889,68.05194191640902,17.61889471828417,{}
test,bimodal,homog,med,hybrid,1007,1.0,1.043872761431771,0.6277310883992462,1.043872761431771,23.04,50.0,8.0,12.0,1199,1199,0,1141,930,211,58,0.9516263552960801,0.7756463719766472,18.6,1.2384592600142612,6.301263275598032,11.284632100216761,16.9720718343007,1.1250266608080213,1.6538186477752208,0.844423786898279,0.5535965798033353,26.057095587969034,28.22307090511052,30,0.9559027777777778,0.5441666666666667,0.4117361111111111,67.25800976920533,17.826873023961713,"{'alpha': 0.1, 'beta': 0.9, 'gamma': 0.0, 'source': 'phase3_tuning'}"
test,bimodal,homog,med,binpack,1008,1.0,1.0053576229013992,0.60374759122415,1.0053576229013992,23.04,50.0,8.0,12.0,1162,1162,0,1146,900,246,16,0.9862306368330465,0.774526678141136,18.0,0.419873576381342,2.1363899648409053,10.410897837635984,12.698342750843743,1.0429540815307812,1.2263445634227463,0.8729089233790494,0.5292009824501007,9.406850348422584,27.16816791774871,30,0.9817708333333334,0.6609375,0.32111111111111107,63.54207921866353,18.287094383570285,{}
test,bimodal,homog,med,spread,1008,1.0,1.0053576229013992,0.60374759122415,1.0053576229013992,23.04,50.0,8.0,12.0,1162,1162,0,1141,897,244,21,0.9819277108433735,0.7719449225473322,17.94,0.4499456111622585,2.2730546279662036,10.440969872416902,12.94425829009483,1.0461313954782294,1.2398265880939028,0.8718908781964064,0.5293004176077852,10.121044614820459,29.641267633763558,30,0.9897569444444444,0.6551041666666666,0.33465277777777774,62.826851661141326,18.49527660986874,{}
test,bimodal,homog,med,tetris,1008,1.0,1.0053576229013992,0.60374759122415,1.0053576229013992,23.04,50.0,8.0,12.0,1162,1162,0,1142,896,246,20,0.9827882960413081,0.7710843373493976,17.92,0.5233318520431134,2.600514255261743,10.514356113297756,13.194487693788677,1.0534755406417342,1.2693211536122317,0.8669637727221433,0.5288418599718598,11.711616696746146,29.487490884177397,30,0.984375,0.6625,0.32284722222222223,63.93476993546747,18.174774088854377,{}
test,bimodal,homog,med,hybrid,1008,1.0,1.0053576229013992,0.60374759122415,1.0053576229013992,23.04,50.0,8.0,12.0,1162,1162,0,1143,899,244,19,0.9836488812392427,0.7736660929432013,17.98,0.476201643000129,2.3811287274237998,10.467225904254772,12.978286435121897,1.0487366165565395,1.2490951778654789,0.8697428884636768,0.5284059339514182,10.626827104754309,29.206232210393203,30,0.9788194444444444,0.6585416666666667,0.3222222222222222,63.569240126365486,18.279280949247305,"{'alpha': 0.1, 'beta': 0.9, 'gamma': 0.0, 'source': 'phase3_tuning'}"
test,bimodal,homog,med,binpack,1009,1.0,1.0186974693688942,0.6186271311577674,1.0186974693688942,23.04,50.0,8.0,12.0,1181,1181,0,1155,924,231,26,0.9779847586790855,0.7823878069432684,18.48,0.5486726123677287,2.570092033138785,10.539329073286487,13.405817959568317,1.0563519802868147,1.2613657425199567,0.8662192448292771,0.5556836243533894,11.875653622271527,27.036971731898053,30,0.9760416666666667,0.558125,0.41791666666666666,64.98115683743,18.17449946227686,{}
test,bimodal,homog,med,spread,1009,1.0,1.0186974693688942,0.6186271311577674,1.0186974693688942,23.04,50.0,8.0,12.0,1181,1181,0,1146,917,229,35,0.9703640982218459,0.7764606265876376,18.34,0.6550548430999295,3.563695960700432,10.645711304018686,14.074463203687905,1.0673708900372214,1.3881064150724114,0.8589185852153598,0.5549871411723797,14.157060556674248,29.655411663794922,30,0.9663194444444444,0.5566666666666666,0.40965277777777775,64.82116099641905,18.219358953864504,{}
test,bimodal,homog,med,tetris,1009,1.0,1.0186974693688942,0.6186271311577674,1.0186974693688942,23.04,50.0,8.0,12.0,1181,1181,0,1147,917,230,34,0.9712108382726503,0.7764606265876376,18.34,0.6397447007759427,3.317542675564468,10.6304011616947,13.809051285989511,1.065727291192537,1.3495817372841574,0.8608765725063777,0.555062230082391,13.838253408327752,29.220835041398633,30,0.9706597222222223,0.5592708333333333,0.4113888888888889,65.0785102536543,18.14731153796939,{}
test,bimodal,homog,med,hybrid,1009,1.0,1.0186974693688942,0.6186271311577674,1.0186974693688942,23.04,50.0,8.0,12.0,1181,1181,0,1149,919,230,32,0.9729043183742591,0.7781541066892464,18.38,0.5641296464004107,2.7904677189134404,10.554786107319167,13.509110591254512,1.0580088221295008,1.2870044115559234,0.8654749138379485,0.555785737342062,12.264092828359098,28.865745739671965,30,0.9732638888888889,0.5577083333333334,0.41555555555555557,64.86937314191754,18.20581798156543,"{'alpha': 0.1, 'beta': 0.9, 'gamma': 0.0, 'source': 'phase3_tuning'}"
test,bimodal,homog,high,binpack,1000,1.3,1.3615243467406493,0.8137248742358552,1.3615243467406493,29.952,50.0,8.0,12.0,1570,1570,0,1321,1056,265,249,0.8414012738853504,0.6726114649681528,21.12,5.039873557362109,18.885305602078773,15.00939380494367,29.146173004397433,1.510192934137994,2.971156041199952,0.9148290471406354,0.6552684992003585,116.53999207830857,27.766269238380627,30,0.9855902777777777,0.7232291666666666,0.26430555555555557,80.67431729746463,19.460964190264562,{}
test,bimodal,homog,high,spread,1000,1.3,1.3615243467406493,0.8137248742358552,1.3615243467406493,29.952,50.0,8.0,12.0,1570,1570,0,1308,1046,262,262,0.8331210191082803,0.6662420382165605,20.92,5.287067615847071,18.851633129235942,15.256587863428631,28.953837979650366,1.5355511665395651,2.929988722251649,0.9136618470683626,0.6455673244657366,123.48601924536408,29.632230926011633,30,0.9918402777777777,0.7226041666666667,0.2695138888888889,81.03817487456166,19.373585380349326,{}
test,bimodal,homog,high,tetris,1000,1.3,1.3615243467406493,0.8137248742358552,1.3615243467406493,29.952,50.0,8.0,12.0,1570,1570,0,1327,1062,265,243,0.8452229299363058,0.6764331210191082,21.24,4.910030670804897,18.651331365322697,14.879550918386458,28.856766559245735,1.4968751770434046,2.9515348870188305,0.9148599405909796,0.6600508253055369,113.35878573555122,29.246366563633714,30,0.9902777777777777,0.7172916666666667,0.2729861111111111,80.45424491409044,19.5141971896754,{}
test,bimodal,homog,high,hybrid,1000,1.3,1.3615243467406493,0.8137248742358552,1.3615243467406493,29.952,50.0,8.0,12.0,1570,1570,0,1319,1059,260,251,0.8401273885350319,0.6745222929936305,21.18,5.041169633534517,18.86431854041073,15.010689881116077,29.159406812960327,1.510415520906751,2.9776140542192038,0.9129322146168355,0.6527143010881575,116.25958402102708,28.950692417640475,30,0.9862847222222223,0.6936458333333333,0.29291666666666666,80.7231329142954,19.44919558148078,"{'alpha': 0.1, 'beta': 0.9, 'gamma': 0.0, 'source': 'phase3_tuning'}"
test,bimodal,homog,high,binpack,1001,1.3,1.2613519108429243,0.7636177530975534,1.2613519108429243,29.952,50.0,8.0,12.0,1453,1453,0,1304,1039,265,149,0.8974535443909153,0.7150722642807984,20.78,3.534646305505666,13.213847552740972,13.569621044472523,23.974078183478156,1.357589230469232,2.3905679493713112,0.9145380731147803,0.6381961250266243,82.80261574799844,27.87245633082536,30,0.9887152777777778,0.7744791666666667,0.21618055555555554,74.07738935358365,19.614622122610047,{}
test,bimodal,homog,high,spread,1001,1.3,1.2613519108429243,0.7636177530975534,1.2613519108429243,29.952,50.0,8.0,12.0,1453,1453,0,1291,1029,262,162,0.8885065381968341,0.7081899518238128,20.58,3.7102879709815557,13.159125838335719,13.745262709948415,23.90340706258256,1.375208603654444,2.3666599118558453,0.9143442041231213,0.6263657709771678,88.06034324857593,29.713845161058188,30,0.9949652777777778,0.7582291666666666,0.23868055555555553,74.53764598236424,19.493505340157682,{}
test,bimodal,homog,high,tetris,1001,1.3,1.2613519108429243,0.7636177530975534,1.2613519108429243,29.952,50.0,8.0,12.0,1453,1453,0,1292,1031,261,161,0.8891947694425327,0.70956641431521,20.62,3.596267068520024,13.164293329256083,13.631241807486882,23.75719102698404,1.3638441207301693,2.3609811374526117,0.9155639137848568,0.6279999222685128,85.12311988470948,29.279072123809794,30,0.9916666666666667,0.745625,0.24604166666666666,74.46767742164205,19.511821105591835,{}
test,bimodal,homog,high,hybrid,1001,1.3,1.2613519108429243,0.7636177530975534,1.2613519108429243,29.952,50.0,8.0,12.0,1453,1453,0,1306,1041,265,147,0.8988300068823124,0.7164487267721955,20.82,3.5676474130265112,13.484772543532713,13.602622151993371,24.031704634910874,1.3606632305633024,2.4037653486302872,0.9135408265755507,0.6374379092262703,83.57170350873656,29.028281928625855,30,0.9907986111111111,0.7732291666666666,0.21784722222222222,74.54763622009561,19.490892987004177,"{'alpha': 0.1, 'beta': 0.9, 'gamma': 0.0, 'source': 'phase3_tuning'}"
test,bimodal,homog,high,binpack,1002,1.3,1.2982520832536866,0.7794950559375247,1.2982520832536866,29.952,50.0,8.0,12.0,1501,1501,0,1296,1034,262,205,0.8634243837441705,0.6888740839440373,20.68,4.164441640201183,15.94215610289736,14.122574080457536,25.673675090003375,1.4240190241903639,2.620761601624641,0.9160401111972429,0.6285390654132115,98.49748307515301,27.806901157512968,30,0.9944444444444444,0.6991666666666667,0.29527777777777775,76.91153060274004,19.5159293832403,{}
test,bimodal,homog,high,spread,1002,1.3,1.2982520832536866,0.7794950559375247,1.2982520832536866,29.952,50.0,8.0,12.0,1501,1501,0,1296,1033,263,205,0.8634243837441705,0.6882078614257162,20.66,4.19038660545772,16.49169320515195,14.148519045714073,26.269240072479025,1.4263246847759765,2.6484405175876784,0.9131623702769851,0.6297244680126968,98.89501521072906,29.73827342966425,30,0.9951388888888889,0.7102083333333333,0.2849305555555555,77.46766322487542,19.375826474110273,{}
test,bimodal,homog,high,tetris,1002,1.3,1.2982520832536866,0.7794950559375247,1.2982520832536866,29.952,50.0,8.0,12.0,1501,1501,0,1298,1036,262,203,0.8647568287808128,0.6902065289806796,20.72,4.178258734110889,15.765033440206704,14.136391174367242,26.37241184350184,1.4250935075838842,2.680066909882189,0.9098745217637425,0.6302241789682462,97.19344133399261,28.912187226381825,30,0.9934027777777777,0.6997916666666666,0.29388888888888887,77.69074004564388,19.320191815886314,{}
test,bimodal,homog,high,hybrid,1002,1.3,1.2982520832536866,0.7794950559375247,1.2982520832536866,29.952,50.0,8.0,12.0,1501,1501,0,1309,1045,264,192,0.8720852764823451,0.6962025316455697,20.9,3.9996843556057047,16.505783717401542,13.957816795862056,26.60181345366952,1.4070114059396228,2.6879155175562883,0.9127544032931203,0.6404684461030786,93.01166009511923,28.74781715385674,30,0.9890625,0.7065625,0.28277777777777774,77.82072388919343,19.287921327193363,"{'alpha': 0.1, 'beta': 0.9, 'gamma': 0.0, 'source': 'phase3_tuning'}"
test,bimodal,homog,high,binpack,1003,1.3,1.2488374866845247,0.7486800952910749,1.2488374866845247,29.952,50.0,8.0,12.0,1435,1435,0,1285,1027,258,150,0.8954703832752613,0.7156794425087109,20.54,2.507057968213684,14.443748207572742,12.510703476744272,24.261307846221698,1.2533205500293252,2.4833509875452235,0.9076523144174939,0.6209434378875109,54.68477889556,27.758472227317643,30,0.9854166666666667,0.715,0.27069444444444446,74.09334673516292,19.36746095609936,{}
test,bimodal,homog,high,spread,1003,1.3,1.2488374866845247,0.7486800952910749,1.2488374866845247,29.952,50.0,8.0,12.0,1435,1435,0,1271,1018,253,164,0.8857142857142857,0.7094076655052265,20.36,2.667873312973462,13.913452808756258,12.67151882150405,23.55524185270852,1.2696025681996637,2.407752233803387,0.9068482874086099,0.6162331276729376,58.8261531943272,29.7568303555792,30,0.9918402777777777,0.6819791666666667,0.3101388888888889,74.2859442223689,19.31724789960864,{}
test,bimodal,homog,high,tetris,1003,1.3,1.2488374866845247,0.7486800952910749,1.2488374866845247,29.952,50.0,8.0,12.0,1435,1435,0,1281,1023,258,154,0.8926829268292683,0.7128919860627178,20.46,2.5660040597848086,14.76688135189864,12.569649568315397,24.593719678254743,1.25921550118951,2.4833509875452235,0.9055333481073867,0.6191736286151303,56.22948310140332,29.44152673712478,30,0.9890625,0.7096874999999999,0.279375,74.1501443197374,19.352625853460808,{}
test,bimodal,homog,high,hybrid,1003,1.3,1.2488374866845247,0.7486800952910749,1.2488374866845247,29.952,50.0,8.0,12.0,1435,1435,0,1272,1018,254,163,0.886411149825784,0.7094076655052265,20.36,2.5900797342665745,13.78994839608528,12.593725242797163,23.504285338018995,1.2617382542545397,2.385416391209341,0.9071623169564564,0.6177588733015403,56.50360370729948,29.2341971230354,30,0.9831597222222223,0.6923958333333332,0.2907638888888889,74.44201067053082,19.276749607840323,"{'alpha': 0.1, 'beta': 0.9, 'gamma': 0.0, 'source': 'phase3_tuning'}"
test,bimodal,homog,high,binpack,1004,1.3,1.2885484968708845,0.7691301697886835,1.2885484968708845,29.952,50.0,8.0,12.0,1474,1474,0,1274,1017,257,200,0.864314789687924,0.6899592944369064,20.34,4.354238085984178,14.4120727345787,14.388411185831343,25.341703427645975,1.4394409746306127,2.5377043229979264,0.9070110533873407,0.6132613675474788,101.88644894645137,27.523140117262933,30,0.992013888888889,0.7027083333333334,0.2893055555555556,76.50910165726354,19.26568170415922,{}
test,bimodal,homog,high,spread,1004,1.3,1.2885484968708845,0.7691301697886835,1.2885484968708845,29.952,50.0,8.0,12.0,1474,1474,0,1289,1028,261,185,0.8744911804613297,0.6974219810040706,20.56,4.092053340051618,15.46509728153259,14.126226439898785,26.110179862395878,1.4122622849407074,2.62465843674482,0.9056547195983181,0.6249569470827585,94.68438149371379,29.61970144039856,30,0.9947916666666666,0.728125,0.2672222222222222,76.4339385394192,19.284627067069366,{}
test,bimodal,homog,high,tetris,1004,1.3,1.2885484968708845,0.7691301697886835,1.2885484968708845,29.952,50.0,8.0,12.0,1474,1474,0,1290,1032,258,184,0.8751696065128901,0.7001356852103121,20.64,3.903817007870795,16.711317799950145,13.937990107717962,26.385436046123957,1.393084326402404,2.6656232324763884,0.9028267597722455,0.6289789666634031,88.80905936599679,29.289538238983255,30,0.9916666666666667,0.708125,0.28354166666666664,77.29886372979522,19.068844338417353,{}
test,bimodal,homog,high,hybrid,1004,1.3,1.2885484968708845,0.7691301697886835,1.2885484968708845,29.952,50.0,8.0,12.0,1474,1474,0,1275,1014,261,199,0.8649932157394844,0.6879240162822252,20.28,4.3201881517195675,15.619632030074285,14.354361251566733,25.770325138630668,1.4357169687891587,2.5861006822391284,0.9036254097261474,0.616899726669974,100.28851844291208,28.81287013097751,30,0.9947916666666666,0.725,0.26979166666666665,76.38400370551814,19.29723408689973,"{'alpha': 0.1, 'beta': 0.9, 'gamma': 0.0, 'source': 'phase3_tuning'}"
test,bimodal,homog,high,binpack,1005,1.3,1.2867187998602778,0.7727861188034723,1.2867187998602778,29.952,50.0,8.0,12.0,1482,1482,0,1301,1031,270,181,0.8778677462887989,0.6956815114709851,20.62,4.308722809202929,14.472043194122577,14.346114308630483,25.045075874899567,1.4387655098225176,2.5829884705521486,0.9283578954728022,0.6280994508361893,104.36410530976146,28.180906983894065,30,0.9942708333333333,0.7471875,0.24708333333333332,75.42819351555147,19.6478257124698,{}
test,bimodal,homog,high,spread,1005,1.3,1.2867187998602778,0.7727861188034723,1.2867187998602778,29.952,50.0,8.0,12.0,1482,1482,0,1287,1019,268,195,0.868421052631579,0.6875843454790823,20.38,4.475046048828179,14.571341893659756,14.512437548255734,25.35499435101911,1.455361406638796,2.605887001117078,0.9256479760665107,0.6229689518154464,108.63445805576532,29.677887740312432,30,0.993923611111111,0.7432291666666667,0.25166666666666665,75.53093393009831,19.621099897580347,{}
test,bimodal,homog,high,tetris,1005,1.3,1.2867187998602778,0.7727861188034723,1.2867187998602778,29.952,50.0,8.0,12.0,1482,1482,0,1303,1036,267,179,0.8792172739541161,0.699055330634278,20.72,4.19781997465625,15.429762606852691,14.235211474083805,25.798735951416454,1.427314460303444,2.6195477791052406,0.9241065905024668,0.6349229606765597,99.6647850045843,29.514641578181696,30,0.9875,0.748125,0.23965277777777777,75.75222708472396,19.563781251506693,{}
test,bimodal,homog,high,hybrid,1005,1.3,1.2867187998602778,0.7727861188034723,1.2867187998602778,29.952,50.0,8.0,12.0,1482,1482,0,1303,1035,268,179,0.8792172739541161,0.6983805668016194,20.7,4.242385631154423,15.120896966138979,14.279777130581977,25.398147360799733,1.4320097772800127,2.592472616679267,0.9269871639299457,0.6293026210671813,101.73036481876755,29.317139650475802,30,0.9949652777777778,0.7488541666666666,0.24611111111111109,75.79530075646542,19.552663360512938,"{'alpha': 0.1, 'beta': 0.9, 'gamma': 0.0, 'source': 'phase3_tuning'}"
test,bimodal,homog,high,binpack,1006,1.3,1.3012630408964412,0.7825194521081822,1.3012630408964412,29.952,50.0,8.0,12.0,1499,1499,0,1318,1052,266,181,0.8792528352234823,0.7018012008005337,21.04,3.551000082666799,19.71422851430222,13.554707028175292,29.77136836938991,1.3599260360244911,2.984971996993683,0.9158088543839265,0.6413971300893286,82.86885345176917,27.902476281960958,30,0.9940972222222223,0.6983333333333334,0.2957638888888889,76.7383120672274,19.533919363339468,{}
test,bimodal,homog,high,spread,1006,1.3,1.3012630408964412,0.7825194521081822,1.3012630408964412,29.952,50.0,8.0,12.0,1499,1499,0,1313,1049,264,186,0.875917278185457,0.6997998665777185,20.98,3.6406235265701614,19.32502350400265,13.644330472078652,29.291496219868883,1.3689751265934182,2.9101115245193743,0.9132671793995977,0.6411467798150378,84.3862909821286,29.758075985421556,30,0.9890625,0.7034374999999999,0.28756944444444443,77.60057716535701,19.31686663625994,{}
test,bimodal,homog,high,tetris,1006,1.3,1.3012630408964412,0.7825194521081822,1.3012630408964412,29.952,50.0,8.0,12.0,1499,1499,0,1315,1051,264,184,0.8772515010006671,0.7011340893929286,21.02,3.6224916531976215,19.355826993396633,13.626198598706114,29.19954461375201,1.3669896371895403,2.945094978029004,0.9126547641062995,0.6421517859464071,83.89384433857634,29.5219838308336,30,0.9890625,0.7003125,0.2890277777777778,77.38637658016276,19.370334498698494,{}
test,bimodal,homog,high,hybrid,1006,1.3,1.3012630408964412,0.7825194521081822,1.3012630408964412,29.952,50.0,8.0,12.0,1499,1499,0,1320,1053,267,179,0.8805870580386924,0.7024683122081388,21.06,3.576425615116851,19.464573191763762,13.580132560625344,29.178917314964597,1.362489312217567,2.908308600044745,0.9122200480327473,0.6447279544737566,82.83984596571976,29.392526558244196,30,0.9911458333333333,0.7115625,0.2795833333333333,77.08928667653457,19.444984700530185,"{'alpha': 0.1, 'beta': 0.9, 'gamma': 0.0, 'source': 'phase3_tuning'}"
test,bimodal,homog,high,binpack,1007,1.3,1.3396240018427321,0.8052799816732279,1.3396240018427321,29.952,50.0,8.0,12.0,1542,1542,0,1345,1086,259,197,0.8722438391699092,0.7042801556420234,21.72,4.402219904532006,22.036074350543785,14.416749566622617,32.49980844827368,1.4467910227936929,3.267137450316919,0.8912734247438863,0.6780083355566724,99.13428659781378,27.30987889522523,30,0.9746527777777777,0.7047916666666667,0.2718055555555556,80.0179434482484,19.270677719895268,{}
test,bimodal,homog,high,spread,1007,1.3,1.3396240018427321,0.8052799816732279,1.3396240018427321,29.952,50.0,8.0,12.0,1542,1542,0,1344,1083,261,198,0.8715953307392996,0.7023346303501945,21.66,4.430445425088405,22.81889993271615,14.444975087179017,32.768962823037455,1.4495082654429037,3.331050849574959,0.8938893777421639,0.674621467559839,100.95340472788197,29.65500463105865,30,0.984375,0.728125,0.25625,79.70794526655034,19.345624766055845,{}
test,bimodal,homog,high,tetris,1007,1.3,1.3396240018427321,0.8052799816732279,1.3396240018427321,29.952,50.0,8.0,12.0,1542,1542,0,1352,1094,258,190,0.8767833981841764,0.7094682230869002,21.88,4.140725342671979,24.39899174692662,14.15525500476259,34.669865916758184,1.419687031613899,3.423813846687364,0.8898885626094439,0.6795355737067095,91.8024480530716,29.243799238028064,30,0.971875,0.7075,0.264375,79.50941468467447,19.393929714052117,{}
test,bimodal,homog,high,hybrid,1007,1.3,1.3396240018427321,0.8052799816732279,1.3396240018427321,29.952,50.0,8.0,12.0,1542,1542,0,1344,1084,260,198,0.8715953307392996,0.7029831387808041,21.68,4.351298563858338,22.88983497414504,14.365828225948949,32.743941853482006,1.441479452881806,3.323737472598459,0.8903940528219535,0.6771225614032249,97.75323986503126,28.88503808488588,30,0.9727430555555556,0.7142708333333334,0.2604166666666667,79.54643097713175,19.384904904700235,"{'alpha': 0.1, 'beta': 0.9, 'gamma': 0.0, 'source': 'phase3_tuning'}"
test,bimodal,homog,high,binpack,1008,1.3,1.3190298250239438,0.7914484553478764,1.3190298250239438,29.952,50.0,8.0,12.0,1520,1520,0,1317,1048,269,203,0.8664473684210526,0.6894736842105263,20.96,4.124667084770075,18.069197180547633,14.114705547362153,27.642785071050405,1.4191878033783412,2.8147445620311933,0.9185424475220658,0.6341620220325573,96.3270640114148,27.858526779666757,30,0.9961805555555556,0.7064583333333334,0.2897222222222222,78.13691269303415,19.453033753348013,{}
test,bimodal,homog,high,spread,1008,1.3,1.3190298250239438,0.7914484553478764,1.3190298250239438,29.952,50.0,8.0,12.0,1520,1520,0,1315,1046,269,205,0.8651315789473685,0.6881578947368421,20.92,4.108134478551392,19.350185085049517,14.098172941143469,29.680425659158345,1.4175706775841936,2.9337804338654605,0.9155925576684605,0.6353246954016921,96.01749270731642,29.72405202597189,30,0.9951388888888889,0.7070833333333333,0.2880555555555555,78.37111148004786,19.3949016582082,{}
test,bimodal,homog,high,tetris,1008,1.3,1.3190298250239438,0.7914484553478764,1.3190298250239438,29.952,50.0,8.0,12.0,1520,1520,0,1324,1058,266,196,0.8710526315789474,0.6960526315789474,21.16,3.863601079736153,20.82543653930245,13.85363954232823,30.60135415707585,1.3925766054191195,3.053195600925947,0.9135567428768024,0.6424294178049721,89.0799443314757,29.582375967098223,30,0.9909722222222223,0.6783333333333333,0.31263888888888886,78.75364252618195,19.30069456145689,{}
test,bimodal,homog,high,hybrid,1008,1.3,1.3190298250239438,0.7914484553478764,1.3190298250239438,29.952,50.0,8.0,12.0,1520,1520,0,1316,1046,270,204,0.8657894736842106,0.6881578947368421,20.92,4.001370269069092,20.745636540160774,13.991408731661169,30.375695413659912,1.4065453948360833,3.041711612310522,0.9143216638707051,0.6363335648663995,93.2842048893885,29.38743138578297,30,0.9916666666666667,0.7112499999999999,0.2806944444444444,78.81833285965186,19.284853470658827,"{'alpha': 0.1, 'beta': 0.9, 'gamma': 0.0, 'source': 'phase3_tuning'}"
test,bimodal,homog,high,binpack,1009,1.3,1.3061105837576987,0.7857913582832616,1.3061105837576987,29.952,50.0,8.0,12.0,1500,1500,0,1321,1049,272,179,0.8806666666666667,0.6993333333333334,20.98,4.245805612326814,16.123039416448194,14.262120710023344,26.85350275028405,1.4302013409979908,2.752167533187867,0.9107847918938893,0.6659886596170169,99.0274096272944,27.7713789041438,30,0.9883680555555556,0.7111458333333334,0.27819444444444447,77.13662920125489,19.4460143712839,{}
test,bimodal,homog,high,spread,1009,1.3,1.3061105837576987,0.7857913582832616,1.3061105837576987,29.952,50.0,8.0,12.0,1500,1500,0,1324,1050,274,176,0.8826666666666667,0.7,21.0,4.280224771707495,16.36327710698977,14.296539869404027,27.080960030359435,1.4336250390321588,2.7487228120757936,0.9108927755693048,0.6658550213893132,99.89085922578525,29.734932049073088,30,0.986111111111111,0.7229166666666667,0.2634722222222222,77.37835653408666,19.385265689110636,{}
test,bimodal,homog,high,tetris,1009,1.3,1.3061105837576987,0.7857913582832616,1.3061105837576987,29.952,50.0,8.0,12.0,1500,1500,0,1321,1048,273,179,0.8806666666666667,0.6986666666666667,20.96,4.2555466452937365,15.688160238743563,14.271861742990266,26.394183250351897,1.4309520736167782,2.7063975534839035,0.9115496520527937,0.6624475293318786,99.71800225183907,29.32051063020423,30,0.9895833333333334,0.71875,0.2711111111111111,77.33434433466985,19.396298150646288,{}
test,bimodal,homog,high,hybrid,1009,1.3,1.3061105837576987,0.7857913582832616,1.3061105837576987,29.952,50.0,8.0,12.0,1500,1500,0,1323,1048,275,177,0.882,0.6986666666666667,20.96,4.214064961825746,16.06535390390507,14.230380059522275,27.100617458099975,1.4268802050534377,2.7336043366055223,0.9122236389929035,0.663927596746221,98.5034753528044,28.952781319594763,30,0.9821180555555556,0.7211458333333333,0.26097222222222227,77.20465258698806,19.428880899501742,"{'alpha': 0.1, 'beta': 0.9, 'gamma': 0.0, 'source': 'phase3_tuning'}"
test,bimodal,hetero,low,binpack,1000,0.7,0.7105901932291924,0.41089509302567195,0.7105901932291924,15.84247339533496,50.0,8.0,12.0,806,806,0,806,649,157,0,1.0,0.8052109181141439,12.98,0.0,0.0,9.934735581796511,11.736798172747935,1.0,1.0000000000000004,0.6452176794335556,0.3747132894658734,0.0,23.316263354653458,28,0.707074781119232,0.46584159785284524,0.2602039964071963,61.71314399589937,13.060426803948863,{}
test,bimodal,hetero,low,spread,1000,0.7,0.7105901932291924,0.41089509302567195,0.7105901932291924,15.84247339533496,50.0,8.0,12.0,806,806,0,806,649,157,0,1.0,0.8052109181141439,12.98,0.0,0.0,9.934735581796511,11.736798172747935,1.0,1.0000000000000004,0.6452176794335556,0.3747132894658734,0.0,29.238774722044273,30,0.6734540924672555,0.38746358717486856,0.3894337927185666,61.71314399589937,13.060426803948863,{}
test,bimodal,hetero,low,tetris,1000,0.7,0.7105901932291924,0.41089509302567195,0.7105901932291924,15.84247339533496,50.0,8.0,12.0,806,806,0,806,649,157,0,1.0,0.8052109181141439,12.98,0.0,0.0,9.934735581796511,11.736798172747935,1.0,1.0000000000000004,0.6452176794335556,0.3747132894658734,0.0,28.227463550605215,30,0.6936880667140147,0.3972274163469117,0.29809187200098286,61.71314399589937,13.060426803948863,{}
test,bimodal,hetero,low,hybrid,1000,0.7,0.7105901932291924,0.41089509302567195,0.7105901932291924,15.84247339533496,50.0,8.0,12.0,806,806,0,806,649,157,0,1.0,0.8052109181141439,12.98,0.0,0.0,9.934735581796511,11.736798172747935,1.0,1.0000000000000004,0.6452176794335556,0.3747132894658734,0.0,27.25768676913158,29,0.6655702794645044,0.4577503381164225,0.21970127659654354,61.71314399589937,13.060426803948863,"{'alpha': 0.1, 'beta': 0.9, 'gamma': 0.0, 'source': 'phase3_tuning'}"
test,bimodal,hetero,low,binpack,1001,0.7,0.6944500170654886,0.43893874805824457,0.6944500170654886,16.818278008167972,50.0,8.0,12.0,838,838,0,838,682,156,0,1.0,0.8138424821002387,13.64,0.0,0.0,10.00859938103807,11.799604162778484,1.0,1.0000000000000004,0.6183081009494473,0.4013215895359536,0.0,22.63252239855818,26,0.7513940729974548,0.4815118591494233,0.30331435504313553,61.499403436722794,13.626148436744181,{}
test,bimodal,hetero,low,spread,1001,0.7,0.6944500170654886,0.43893874805824457,0.6944500170654886,16.818278008167972,50.0,8.0,12.0,838,838,0,838,682,156,0,1.0,0.8138424821002387,13.64,0.0,0.0,10.00859938103807,11.799604162778484,1.0,1.0000000000000004,0.6183081009494473,0.4013215895359536,0.0,29.418461793933115,30,0.724502475693941,0.3848890075835705,0.4187505179086816,61.499403436722794,13.626148436744181,{}
test,bimodal,hetero,low,tetris,1001,0.7,0.6944500170654886,0.43893874805824457,0.6944500170654886,16.818278008167972,50.0,8.0,12.0,838,838,0,838,682,156,0,1.0,0.8138424821002387,13.64,0.0,0.0,10.00859938103807,11.799604162778484,1.0,1.0000000000000004,0.6183081009494473,0.4013215895359536,0.0,28.222492657703345,30,0.7216080026288542,0.403436500566689,0.3181715020621651,61.499403436722794,13.626148436744181,{}
test,bimodal,hetero,low,hybrid,1001,0.7,0.6944500170654886,0.43893874805824457,0.6944500170654886,16.818278008167972,50.0,8.0,12.0,838,838,0,838,682,156,0,1.0,0.8138424821002387,13.64,0.0,0.0,10.00859938103807,11.799604162778484,1.0,1.0000000000000004,0.6183081009494473,0.4013215895359536,0.0,26.70611730800351,30,0.720881521344485,0.4267096853185241,0.29570031368544597,61.499403436722794,13.626148436744181,"{'alpha': 0.1, 'beta': 0.9, 'gamma': 0.0, 'source': 'phase3_tuning'}"
test,bimodal,hetero,low,binpack,1002,0.7,0.691972694859481,0.4497413788871317,0.691972694859481,17.014613137012656,50.0,8.0,12.0,842,842,0,842,669,173,0,1.0,0.7945368171021377,13.38,0.0,0.0,9.967671064268577,11.792889983791063,1.0,1.0000000000000004,0.621693507575026,0.4045551805792796,0.0,21.767618854107123,25,0.7438495501340748,0.538202708590921,0.21314866551512007,61.14881159391038,13.769687064267528,{}
test,bimodal,hetero,low,spread,1002,0.7,0.691972694859481,0.4497413788871317,0.691972694859481,17.014613137012656,50.0,8.0,12.0,842,842,0,842,669,173,0,1.0,0.7945368171021377,13.38,0.0,0.0,9.967671064268577,11.792889983791063,1.0,1.0000000000000004,0.621693507575026,0.4045551805792796,0.0,29.467325055612147,30,0.7256274422339734,0.46866308209779056,0.4171590757283999,61.14881159391038,13.769687064267528,{}
test,bimodal,hetero,low,tetris,1002,0.7,0.691972694859481,0.4497413788871317,0.691972694859481,17.014613137012656,50.0,8.0,12.0,842,842,0,842,669,173,0,1.0,0.7945368171021377,13.38,0.0,0.0,9.967671064268577,11.792889983791063,1.0,1.0000000000000004,0.621693507575026,0.4045551805792796,0.0,28.13302698248056,30,0.7393462061952855,0.5086667172965735,0.2312289917991038,61.14881159391038,13.769687064267528,{}
test,bimodal,hetero,low,hybrid,1002,0.7,0.691972694859481,0.4497413788871317,0.691972694859481,17.014613137012656,50.0,8.0,12.0,842,842,0,842,669,173,0,1.0,0.7945368171021377,13.38,0.0,0.0,9.967671064268577,11.792889983791063,1.0,1.0000000000000004,0.621693507575026,0.4045551805792796,0.0,27.13822188846037,30,0.7327184568751128,0.550445439592316,0.18882612920106792,61.14881159391038,13.769687064267528,"{'alpha': 0.1, 'beta': 0.9, 'gamma': 0.0, 'source': 'phase3_tuning'}"
test,bimodal,hetero,low,binpack,1003,0.7,0.6588009949410948,0.3698874923155662,0.6588009949410948,16.551026785974067,50.0,8.0,12.0,776,776,0,776,603,173,0,1.0,0.7770618556701031,12.06,0.0,0.0,9.988831039670853,11.832042282236934,1.0,1.0000000000000004,0.5870370828824647,0.3247208499423864,0.0,21.310238525541394,24,0.6976621073225332,0.5225442652907155,0.19125075580800183,61.25780594046315,12.667773324336808,{}
test,bimodal,hetero,low,spread,1003,0.7,0.6588009949410948,0.3698874923155662,0.6588009949410948,16.551026785974067,50.0,8.0,12.0,776,776,0,776,603,173,0,1.0,0.7770618556701031,12.06,0.0,0.0,9.988831039670853,11.832042282236934,1.0,1.0000000000000004,0.5870370828824647,0.3247208499423864,0.0,29.500044867381817,30,0.6665258104323982,0.4380532596221958,0.402143637017218,61.25780594046315,12.667773324336808,{}
test,bimodal,hetero,low,tetris,1003,0.7,0.6588009949410948,0.3698874923155662,0.6588009949410948,16.551026785974067,50.0,8.0,12.0,776,776,0,776,603,173,0,1.0,0.7770618556701031,12.06,0.0,0.0,9.988831039670853,11.832042282236934,1.0,1.0000000000000004,0.5870370828824647,0.3247208499423864,0.0,28.371860531271746,30,0.6770794499373488,0.4634847810149816,0.21628375358416163,61.25780594046315,12.667773324336808,{}
test,bimodal,hetero,low,hybrid,1003,0.7,0.6588009949410948,0.3698874923155662,0.6588009949410948,16.551026785974067,50.0,8.0,12.0,776,776,0,776,603,173,0,1.0,0.7770618556701031,12.06,0.0,0.0,9.988831039670853,11.832042282236934,1.0,1.0000000000000004,0.5870370828824647,0.3247208499423864,0.0,27.549064368839332,30,0.6745328768303497,0.5153710600702428,0.1769019322219716,61.25780594046315,12.667773324336808,"{'alpha': 0.1, 'beta': 0.9, 'gamma': 0.0, 'source': 'phase3_tuning'}"
test,bimodal,hetero,low,binpack,1004,0.7,0.7074771258131172,0.41086816014507566,0.7074771258131172,15.40668448094304,50.0,8.0,12.0,773,773,0,773,620,153,0,1.0,0.8020698576972833,12.4,0.0,0.0,10.05118962873415,11.826916835397633,1.0,1.0000000000000004,0.6430588654065911,0.37022322070271485,0.0,23.38043758909154,26,0.6710851659451189,0.5336802832303961,0.18696539101413256,61.72568784273203,12.523149227101207,{}
test,bimodal,hetero,low,spread,1004,0.7,0.7074771258131172,0.41086816014507566,0.7074771258131172,15.40668448094304,50.0,8.0,12.0,773,773,0,773,620,153,0,1.0,0.8020698576972833,12.4,0.0,0.0,10.05118962873415,11.826916835397633,1.0,1.0000000000000004,0.6430588654065911,0.37022322070271485,0.0,29.195480713571975,30,0.671568025335785,0.4554931870422838,0.3422479927746935,61.72568784273203,12.523149227101207,{}
test,bimodal,hetero,low,tetris,1004,0.7,0.7074771258131172,0.41086816014507566,0.7074771258131172,15.40668448094304,50.0,8.0,12.0,773,773,0,773,620,153,0,1.0,0.8020698576972833,12.4,0.0,0.0,10.05118962873415,11.826916835397633,1.0,1.0000000000000004,0.6430588654065911,0.37022322070271485,0.0,28.66341600663778,30,0.6784163102269983,0.4435460204980041,0.23487028972899424,61.72568784273203,12.523149227101207,{}
test,bimodal,hetero,low,hybrid,1004,0.7,0.7074771258131172,0.41086816014507566,0.7074771258131172,15.40668448094304,50.0,8.0,12.0,773,773,0,773,620,153,0,1.0,0.8020698576972833,12.4,0.0,0.0,10.05118962873415,11.826916835397633,1.0,1.0000000000000004,0.6430588654065911,0.37022322070271485,0.0,27.818720721832133,29,0.6634234648778765,0.5393885328494218,0.1383291865642726,61.72568784273203,12.523149227101207,"{'alpha': 0.1, 'beta': 0.9, 'gamma': 0.0, 'source': 'phase3_tuning'}"
test,bimodal,hetero,low,binpack,1005,0.7,0.7057752521731644,0.42274945416886045,0.7057752521731644,16.201641658201552,50.0,8.0,12.0,814,814,0,814,659,155,0,1.0,0.8095823095823096,13.18,0.0,0.0,10.012293585948013,11.782477565714679,1.0,1.0000000000000004,0.6319910217894207,0.37713789830669936,0.0,22.441635327497334,21,0.6319219802713365,0.5031736722542567,0.19539130973768087,61.302214363418315,13.278476290829538,{}
test,bimodal,hetero,low,spread,1005,0.7,0.7057752521731644,0.42274945416886045,0.7057752521731644,16.201641658201552,50.0,8.0,12.0,814,814,0,814,659,155,0,1.0,0.8095823095823096,13.18,0.0,0.0,10.012293585948013,11.782477565714679,1.0,1.0000000000000004,0.6319910217894207,0.37713789830669936,0.0,29.390013625963732,30,0.6290849212947843,0.4061014386014554,0.425213882732688,61.302214363418315,13.278476290829538,{}
test,bimodal,hetero,low,tetris,1005,0.7,0.7057752521731644,0.42274945416886045,0.7057752521731644,16.201641658201552,50.0,8.0,12.0,814,814,0,814,659,155,0,1.0,0.8095823095823096,13.18,0.0,0.0,10.012293585948013,11.782477565714679,1.0,1.0000000000000004,0.6319910217894207,0.37713789830669936,0.0,28.18617136785731,30,0.6269328319993199,0.3779427249436113,0.24948870428207806,61.302214363418315,13.278476290829538,{}
test,bimodal,hetero,low,hybrid,1005,0.7,0.7057752521731644,0.42274945416886045,0.7057752521731644,16.201641658201552,50.0,8.0,12.0,814,814,0,814,659,155,0,1.0,0.8095823095823096,13.18,0.0,0.0,10.012293585948013,11.782477565714679,1.0,1.0000000000000004,0.6319910217894207,0.37713789830669936,0.0,26.531600945670917,29,0.6321915216435534,0.49139145702007686,0.15766718737810442,61.302214363418315,13.278476290829538,"{'alpha': 0.1, 'beta': 0.9, 'gamma': 0.0, 'source': 'phase3_tuning'}"
test,bimodal,hetero,low,binpack,1006,0.7,0.7040625472193657,0.3998030840888689,0.7040625472193657,15.577188594877372,50.0,8.0,12.0,781,781,0,781,629,152,0,1.0,0.8053777208706786,12.58,0.0,0.0,10.022148756657106,11.807177807095577,1.0,1.0000000000000002,0.6329497364909703,0.36135303494665133,0.0,23.301265216526293,27,0.7128813586226652,0.4425002552723597,0.27487360159662233,61.59207874263608,12.680201999082161,{}
test,bimodal,hetero,low,spread,1006,0.7,0.7040625472193657,0.3998030840888689,0.7040625472193657,15.577188594877372,50.0,8.0,12.0,781,781,0,781,629,152,0,1.0,0.8053777208706786,12.58,0.0,0.0,10.022148756657106,11.807177807095577,1.0,1.0000000000000002,0.6329497364909703,0.36135303494665133,0.0,29.51194586342106,30,0.6806880089054664,0.388082542387041,0.46606258751950785,61.59207874263608,12.680201999082161,{}
test,bimodal,hetero,low,tetris,1006,0.7,0.7040625472193657,0.3998030840888689,0.7040625472193657,15.577188594877372,50.0,8.0,12.0,781,781,0,781,629,152,0,1.0,0.8053777208706786,12.58,0.0,0.0,10.022148756657106,11.807177807095577,1.0,1.0000000000000002,0.6329497364909703,0.36135303494665133,0.0,28.323739709831607,30,0.6933351163150739,0.4085713855833033,0.28839829279237883,61.59207874263608,12.680201999082161,{}
test,bimodal,hetero,low,hybrid,1006,0.7,0.7040625472193657,0.3998030840888689,0.7040625472193657,15.577188594877372,50.0,8.0,12.0,781,781,0,781,629,152,0,1.0,0.8053777208706786,12.58,0.0,0.0,10.022148756657106,11.807177807095577,1.0,1.0000000000000002,0.6329497364909703,0.36135303494665133,0.0,27.189394514910855,29,0.6748860188025202,0.4467712029596722,0.2383562936882813,61.59207874263608,12.680201999082161,"{'alpha': 0.1, 'beta': 0.9, 'gamma': 0.0, 'source': 'phase3_tuning'}"
test,bimodal,hetero,low,binpack,1007,0.7,0.7641856464639054,0.3975642656351403,0.7641856464639054,16.2275398913383,50.0,8.0,12.0,879,879,0,877,672,205,2,0.9977246871444824,0.764505119453925,13.44,0.006673165859971718,0.0,10.036075227221477,11.876580453837917,1.000660096911603,1.0000000000000004,0.6701616855757464,0.3521977730228638,0.11258250503776622,23.789488558890167,30,0.9120570943102846,0.5311003868827459,0.3848906609763216,61.95972425430506,14.186635117875396,{}
test,bimodal,hetero,low,spread,1007,0.7,0.7641856464639054,0.3975642656351403,0.7641856464639054,16.2275398913383,50.0,8.0,12.0,879,879,0,879,672,207,0,1.0,0.764505119453925,13.44,0.004923429432631354,0.0,10.034325490794137,11.874912481112057,1.0004893400139434,1.0000000000000004,0.6703214412769068,0.35225314188914686,0.08655388942565921,29.320629124337433,30,0.9307202185369087,0.4618018454533017,0.46891837308360695,61.77308300759247,14.229498629556225,{}
test,bimodal,hetero,low,tetris,1007,0.7,0.7641856464639054,0.3975642656351403,0.7641856464639054,16.2275398913383,50.0,8.0,12.0,879,879,0,877,672,205,2,0.9977246871444824,0.764505119453925,13.44,0.009072292874050874,0.0,10.038474354235557,11.881548391354968,1.0009039644050794,1.0000000000000004,0.6698022380488695,0.3521721294331002,0.15475915794527778,28.048155578000703,30,0.9113399631165467,0.491992750988081,0.4193472121284658,61.95972425430506,14.186635117875396,{}
test,bimodal,hetero,low,hybrid,1007,0.7,0.7641856464639054,0.3975642656351403,0.7641856464639054,16.2275398913383,50.0,8.0,12.0,879,879,0,877,672,205,2,0.9977246871444824,0.764505119453925,13.44,0.008386693769500684,0.0,10.037788755131007,11.876580453837917,1.0008361005304418,1.0000000000000004,0.669852164776266,0.35217866386654473,0.14270632568728545,27.006712635165727,30,0.9063272719212033,0.5047450155779224,0.403266843026068,61.77308300759247,14.229498629556225,"{'alpha': 0.1, 'beta': 0.9, 'gamma': 0.0, 'source': 'phase3_tuning'}"
test,bimodal,hetero,low,binpack,1008,0.7,0.6926594881843646,0.38869832217259076,0.6926594881843646,15.10131294897539,50.0,8.0,12.0,750,750,0,750,594,156,0,1.0,0.792,11.88,0.0,0.0,9.968547647328414,11.782412373949782,1.0,1.0000000000000004,0.6331695839957748,0.34113544152801006,0.0,22.372732730833405,23,0.6162105852406018,0.5530697855834673,0.10928585846357307,61.27902757098903,12.239097611840501,{}
test,bimodal,hetero,low,spread,1008,0.7,0.6926594881843646,0.38869832217259076,0.6926594881843646,15.10131294897539,50.0,8.0,12.0,750,750,0,750,594,156,0,1.0,0.792,11.88,0.0,0.0,9.968547647328414,11.782412373949782,1.0,1.0000000000000004,0.6331695839957748,0.34113544152801006,0.0,29.443813750532094,30,0.6121622199721759,0.45882932091816425,0.2526618047239858,61.27902757098903,12.239097611840501,{}
test,bimodal,hetero,low,tetris,1008,0.7,0.6926594881843646,0.38869832217259076,0.6926594881843646,15.10131294897539,50.0,8.0,12.0,750,750,0,750,594,156,0,1.0,0.792,11.88,0.0,0.0,9.968547647328414,11.782412373949782,1.0,1.0000000000000004,0.6331695839957748,0.34113544152801006,0.0,28.219541776076976,29,0.6133466719651344,0.46511057214714263,0.15612392325157196,61.27902757098903,12.239097611840501,{}
test,bimodal,hetero,low,hybrid,1008,0.7,0.6926594881843646,0.38869832217259076,0.6926594881843646,15.10131294897539,50.0,8.0,12.0,750,750,0,750,594,156,0,1.0,0.792,11.88,0.0,0.0,9.968547647328414,11.782412373949782,1.0,1.0000000000000004,0.6331695839957748,0.34113544152801006,0.0,26.972576183856372,25,0.610118668741454,0.5530208168819678,0.09697969183041556,61.27902757098903,12.239097611840501,"{'alpha': 0.1, 'beta': 0.9, 'gamma': 0.0, 'source': 'phase3_tuning'}"
test,bimodal,hetero,low,binpack,1009,0.7,0.72463583727906,0.3683453354071767,0.72463583727906,15.436320077474226,50.0,8.0,12.0,797,797,0,797,626,171,0,1.0,0.7854454203262233,12.52,0.0,0.0,9.990281283945201,11.821070664133337,1.0,1.0000000000000004,0.6505142581655581,0.3300477549083617,0.0,23.68041187255147,28,0.7326338250637642,0.4330990439453075,0.32110654461164606,61.30140769400211,13.00133275859472,{}
test,bimodal,hetero,low,spread,1009,0.7,0.72463583727906,0.3683453354071767,0.72463583727906,15.436320077474226,50.0,8.0,12.0,797,797,0,797,626,171,0,1.0,0.7854454203262233,12.52,0.0,0.0,9.990281283945201,11.821070664133337,1.0,1.0000000000000004,0.6505142581655581,0.3300477549083617,0.0,29.46382849980661,30,0.7161235107131884,0.3804677542778576,0.44317954564239614,61.30140769400211,13.00133275859472,{}
test,bimodal,hetero,low,tetris,1009,0.7,0.72463583727906,0.3683453354071767,0.72463583727906,15.436320077474226,50.0,8.0,12.0,797,797,0,797,626,171,0,1.0,0.7854454203262233,12.52,0.0,0.0,9.990281283945201,11.821070664133337,1.0,1.0000000000000004,0.6505142581655581,0.3300477549083617,0.0,28.545845193119945,30,0.716942116472848,0.412844708652295,0.3067227333757246,61.30140769400211,13.00133275859472,{}
test,bimodal,hetero,low,hybrid,1009,0.7,0.72463583727906,0.3683453354071767,0.72463583727906,15.436320077474226,50.0,8.0,12.0,797,797,0,797,626,171,0,1.0,0.7854454203262233,12.52,0.0,0.0,9.990281283945201,11.821070664133337,1.0,1.0000000000000004,0.6505142581655581,0.3300477549083617,0.0,27.76620929291853,29,0.706470366133514,0.4349397431417931,0.2817522893317241,61.30140769400211,13.00133275859472,"{'alpha': 0.1, 'beta': 0.9, 'gamma': 0.0, 'source': 'phase3_tuning'}"
test,bimodal,hetero,med,binpack,1000,1.0,1.0575409398998323,0.6147005141255232,1.0575409398998323,22.632104850478513,50.0,8.0,12.0,1198,1198,0,1139,906,233,59,0.9507512520868113,0.7562604340567612,18.12,0.7221864326440913,5.287164276190204,10.696812759210708,15.051569338893238,1.0729325059006602,1.5120206486233012,0.8643494188324283,0.531497094107911,14.143001526274954,27.64028627792094,30,0.9809535413851874,0.6219919189091383,0.35911530220715265,66.93261588859224,17.898598225923855,{}
test,bimodal,hetero,med,spread,1000,1.0,1.0575409398998323,0.6147005141255232,1.0575409398998323,22.632104850478513,50.0,8.0,12.0,1198,1198,0,1145,908,237,53,0.9557595993322203,0.7579298831385642,18.16,0.7291082557992241,5.284375911070967,10.70373458236584,15.087888252361317,1.0737115656282272,1.5077771258344967,0.8634909384543168,0.5331455230941125,14.289645546943119,29.504175671643942,30,0.9824005205093023,0.6245113714150932,0.3578891490942091,66.88723110389762,17.910742906058054,{}
test,bimodal,hetero,med,tetris,1000,1.0,1.0575409398998323,0.6147005141255232,1.0575409398998323,22.632104850478513,50.0,8.0,12.0,1198,1198,0,1142,904,238,56,0.9532554257095158,0.7545909849749582,18.08,0.7396991632806414,5.224585008487061,10.714325489847257,15.279756885737719,1.0746586261523499,1.5031609796488814,0.8627399441997727,0.5333839318880802,14.413208687380592,28.97351930938028,30,0.9819426898535204,0.6544476353242348,0.33142826469550485,66.87821057403924,17.913158706208552,{}
test,bimodal,hetero,med,hybrid,1000,1.0,1.0575409398998323,0.6147005141255232,1.0575409398998323,22.632104850478513,50.0,8.0,12.0,1198,1198,0,1145,907,238,53,0.9557595993322203,0.7570951585976627,18.14,0.686640419787803,4.491263180508113,10.66126674635442,14.907816215219718,1.0694189643624614,1.472269416552016,0.8628388507071137,0.5330562049180989,13.437321868027547,28.49910667000661,30,0.9797316550093254,0.6427132397835583,0.3428415253864138,67.63322777627754,17.71318683713925,"{'alpha': 0.1, 'beta': 0.9, 'gamma': 0.0, 'source': 'phase3_tuning'}"
test,bimodal,hetero,med,binpack,1001,1.0,0.9744501672059156,0.6091637769102769,0.9744501672059156,24.026111440239962,50.0,8.0,12.0,1166,1166,0,1166,938,228,0,1.0,0.8044596912521441,18.76,0.34292332345240023,1.825963554298756,10.344958466708249,12.586050280377599,1.034499318119018,1.1812716014163576,0.8773623910207872,0.5400615875870635,7.9969719029099835,27.609651312271982,30,0.9541757555560333,0.711780393162039,0.26333080502028916,61.14968544608629,19.06796398859688,{}
test,bimodal,hetero,med,spread,1001,1.0,0.9744501672059156,0.6091637769102769,0.9744501672059156,24.026111440239962,50.0,8.0,12.0,1166,1166,0,1161,938,223,5,0.9957118353344768,0.8044596912521441,18.76,0.3771950744438348,1.9268917756729707,10.379230217699684,12.786984165804753,1.0377749399659442,1.2028569742668138,0.8722836172928728,0.5403655351025426,8.738630673199525,29.602207769105593,30,0.9301701632371455,0.6333627829819907,0.29850941038349454,62.572987385896134,18.634238969750943,{}
test,bimodal,hetero,med,tetris,1001,1.0,0.9744501672059156,0.6091637769102769,0.9744501672059156,24.026111440239962,50.0,8.0,12.0,1166,1166,0,1163,938,225,3,0.9974271012006861,0.8044596912521441,18.76,0.36619228153573874,1.8144063557296697,10.368227424791588,12.675632569856603,1.0367163371091461,1.1817205053791833,0.8751376839568185,0.5400587157488418,8.535420017836621,29.00278206416514,30,0.9242781510816481,0.693875277476506,0.26069751748208914,61.7475686651843,18.88333460257256,{}
test,bimodal,hetero,med,hybrid,1001,1.0,0.9744501672059156,0.6091637769102769,0.9744501672059156,24.026111440239962,50.0,8.0,12.0,1166,1166,0,1164,937,227,2,0.9982847341337907,0.8036020583190394,18.74,0.3614658986380978,1.946300999891669,10.363501041893947,12.642427057801193,1.036333282670588,1.1844618956069346,0.8767637784736655,0.5394826198770994,8.422544037026867,28.441266445670934,30,0.9412015356506651,0.7102076209995991,0.2574411087241727,61.77919033218978,18.8736691712915,"{'alpha': 0.1, 'beta': 0.9, 'gamma': 0.0, 'source': 'phase3_tuning'}"
test,bimodal,hetero,med,binpack,1002,1.0,1.0123610241428764,0.658252181740138,1.0123610241428764,24.30659019573237,50.0,8.0,12.0,1238,1238,0,1218,962,256,20,0.9838449111470113,0.777059773828756,19.24,0.4274850251339907,1.7220051123661264,10.3847732197203,12.494725996282032,1.0440875572796935,1.1891138347995414,0.880537124797836,0.5822025719264089,9.989248086291466,27.67211597331063,30,0.9579958693910073,0.7565137888049168,0.2194998679892377,64.21988764247747,19.277517377360525,{}
test,bimodal,hetero,med,spread,1002,1.0,1.0123610241428764,0.658252181740138,1.0123610241428764,24.30659019573237,50.0,8.0,12.0,1238,1238,0,1221,966,255,17,0.9862681744749596,0.7802907915993538,19.32,0.4553837998384949,1.997995923888313,10.412671994424803,12.633139314638981,1.0471055684519939,1.2172665424985734,0.8796630393103616,0.5825587942527507,10.574531411067879,29.62419839297315,30,0.9610552847076171,0.7144688624960566,0.26553385079063574,64.45714492840531,19.20655966650536,{}
test,bimodal,hetero,med,tetris,1002,1.0,1.0123610241428764,0.658252181740138,1.0123610241428764,24.30659019573237,50.0,8.0,12.0,1238,1238,0,1220,961,259,18,0.9854604200323102,0.7762520193861067,19.22,0.46720804704070257,2.083697706640823,10.424496241627011,12.721094103107706,1.048172777764893,1.2180262605542427,0.8776859861431958,0.5819715451669255,10.944943699962135,28.906284138465757,30,0.9732884685917078,0.7666024809163758,0.20929936658059833,64.27345420068909,19.261451176008634,{}
test,bimodal,hetero,med,hybrid,1002,1.0,1.0123610241428764,0.658252181740138,1.0123610241428764,24.30659019573237,50.0,8.0,12.0,1238,1238,0,1219,964,255,19,0.9846526655896607,0.778675282714055,19.28,0.4412469091146843,1.9533730030330254,10.398535103700992,12.624080653286232,1.045522713732598,1.2068344519938388,0.8785494964135262,0.5823889440610074,10.223337537589172,28.37537267662895,30,0.9500274171202252,0.7507561131243757,0.2112975985167805,64.54159311900187,19.18142921754928,"{'alpha': 0.1, 'beta': 0.9, 'gamma': 0.0, 'source': 'phase3_tuning'}"
test,bimodal,hetero,med,binpack,1003,1.0,0.9439751616607169,0.5326755714492689,0.9439751616607169,23.644323979962955,50.0,8.0,12.0,1112,1112,0,1102,877,225,10,0.9910071942446043,0.7886690647482014,17.54,0.19454120171321979,1.2309367793800092,10.197625577515645,12.095273160346814,1.0194949043195398,1.128812570060467,0.8263713024792868,0.47571798727514947,4.1616599438669315,26.663613311018548,30,0.9738410878556957,0.6068967411287569,0.3697501881899045,64.18403518205271,17.32518058183634,{}
test,bimodal,hetero,med,spread,1003,1.0,0.9439751616607169,0.5326755714492689,0.9439751616607169,23.644323979962955,50.0,8.0,12.0,1112,1112,0,1102,876,226,10,0.9910071942446043,0.7877697841726619,17.52,0.2343303255890689,1.1892476883218492,10.237414701391494,12.202962239978064,1.0234195482893191,1.1179272283696204,0.8209413478654389,0.47549825228818554,4.968151650054332,29.641789455036356,30,0.9673001149989114,0.5622485079752143,0.4050516070236972,64.39783329292854,17.26766170752685,{}
test,bimodal,hetero,med,tetris,1003,1.0,0.9439751616607169,0.5326755714492689,0.9439751616607169,23.644323979962955,50.0,8.0,12.0,1112,1112,0,1101,875,226,11,0.9901079136690647,0.7868705035971223,17.5,0.26208976525918676,1.3892822360992945,10.265174141061612,12.468937698577143,1.026284438459355,1.139993164458447,0.8193638500384476,0.4750196565181416,5.492016161541589,28.941913809321935,30,0.9679458498255455,0.6264607696732764,0.3444959011030819,64.6161017787728,17.20933280387561,{}
test,bimodal,hetero,med,hybrid,1003,1.0,0.9439751616607169,0.5326755714492689,0.9439751616607169,23.644323979962955,50.0,8.0,12.0,1112,1112,0,1101,876,225,11,0.9901079136690647,0.7877697841726619,17.52,0.2461025941224349,1.352370796739784,10.249186969924859,12.401798738907566,1.0247152040263345,1.146080941387547,0.8222303957287785,0.47511946435509467,5.293330358046828,28.520537549999894,30,0.9700848842164445,0.6230079731746689,0.3569501087008575,63.171686390633916,17.602822776073136,"{'alpha': 0.1, 'beta': 0.9, 'gamma': 0.0, 'source': 'phase3_tuning'}"
test,bimodal,hetero,med,binpack,1004,1.0,0.9890564207881319,0.5810896018228214,0.9890564207881319,22.009549258490058,50.0,8.0,12.0,1085,1085,0,1066,856,210,19,0.9824884792626728,0.7889400921658987,17.12,0.4724371674866324,4.4176679668701695,10.51877207010912,14.325811512619623,1.0481331543195356,1.418566850518672,0.8533998715954618,0.5158304349797256,9.699793006429926,27.194461263014723,30,0.9710351682819065,0.6325138664813424,0.3414288624299864,64.09885194412252,16.92698023586814,{}
test,bimodal,hetero,med,spread,1004,1.0,0.9890564207881319,0.5810896018228214,0.9890564207881319,22.009549258490058,50.0,8.0,12.0,1085,1085,0,1065,856,209,20,0.9815668202764977,0.7889400921658987,17.12,0.5267399736832906,4.820632328912659,10.573074876305778,14.521711593896278,1.053632530526127,1.465588068850009,0.8490414301055174,0.5154555781335683,10.7397014061072,29.448891995169753,30,0.9529556645464587,0.5869730967392827,0.3659825678071761,64.62882733718986,16.788174019299436,{}
test,bimodal,hetero,med,tetris,1004,1.0,0.9890564207881319,0.5810896018228214,0.9890564207881319,22.009549258490058,50.0,8.0,12.0,1085,1085,0,1064,853,211,21,0.9806451612903225,0.7861751152073733,17.06,0.5503290824411167,4.79225896932271,10.596663985063604,14.569836650999115,1.05612455901336,1.4405995830164136,0.8488607376406583,0.5152582935253348,11.240697884738152,28.858495137385283,30,0.9655336508961311,0.66587172878764,0.30466669505913396,64.29858224445434,16.874400058697713,{}
test,bimodal,hetero,med,hybrid,1004,1.0,0.9890564207881319,0.5810896018228214,0.9890564207881319,22.009549258490058,50.0,8.0,12.0,1085,1085,0,1066,856,210,19,0.9824884792626728,0.7889400921658987,17.12,0.5289168371715139,3.35884324252401,10.575251739794002,13.311682511745488,1.053848687218382,1.3343927738712795,0.8560488008700113,0.5147848805829947,11.019717457461718,28.326733263882133,30,0.9746485917082451,0.6647971947884634,0.31394210516946436,63.24758186276544,17.154806050201763,"{'alpha': 0.1, 'beta': 0.9, 'gamma': 0.0, 'source': 'phase3_tuning'}"
test,bimodal,hetero,med,binpack,1005,1.0,1.0102581691103707,0.6032779990982476,1.0102581691103707,23.145202368859362,50.0,8.0,12.0,1161,1161,0,1138,901,237,23,0.9801894918173988,0.7760551248923342,18.02,0.502622762502611,2.3890285301072396,10.541183726324169,13.157709927767705,1.0502453221077337,1.2458180371179204,0.8751985211158068,0.5332167857175727,10.954468139147073,27.705170092737106,30,0.9774754483123449,0.6766878527650242,0.30259176516182457,64.12674303259365,18.104771037722895,{}
test,bimodal,hetero,med,spread,1005,1.0,1.0102581691103707,0.6032779990982476,1.0102581691103707,23.145202368859362,50.0,8.0,12.0,1161,1161,0,1135,899,236,26,0.9776055124892334,0.7743324720068906,17.98,0.5442295423025715,2.771098899178945,10.58279050612413,13.328059079413883,1.0544529975229884,1.2758029491871834,0.8720992745370018,0.5333037112288329,11.84832879974499,29.565227568066103,30,0.9732487594934572,0.6045237217021879,0.36872503779126936,64.14621079756405,18.0992764118826,{}
test,bimodal,hetero,med,tetris,1005,1.0,1.0102581691103707,0.6032779990982476,1.0102581691103707,23.145202368859362,50.0,8.0,12.0,1161,1161,0,1133,898,235,28,0.9758828596037898,0.7734711455641688,17.96,0.5668649003064594,2.7706050408256786,10.605425864128017,13.422036628089302,1.0566595083942159,1.28138497371109,0.8705983717768734,0.5321759776041389,12.313478683822067,28.77866925589248,30,0.971932971533317,0.685491739993369,0.2868616936351802,64.21351017466463,18.080307350306963,{}
test,bimodal,hetero,med,hybrid,1005,1.0,1.0102581691103707,0.6032779990982476,1.0102581691103707,23.145202368859362,50.0,8.0,12.0,1161,1161,0,1135,898,237,26,0.9776055124892334,0.7734711455641688,17.96,0.5185324706724139,2.5345860711005983,10.557093434493972,13.294113670843423,1.0518522403909207,1.2589129075977172,0.8730370224628724,0.533572095967505,11.323630829255194,28.203084444180462,30,0.9792950477130591,0.6763973017136949,0.30349875406028204,64.01911397603166,18.135208813334575,"{'alpha': 0.1, 'beta': 0.9, 'gamma': 0.0, 'source': 'phase3_tuning'}"
test,bimodal,hetero,med,binpack,1006,1.0,1.0022018840807139,0.5588204361494193,1.0022018840807139,22.253126564110534,50.0,8.0,12.0,1108,1108,0,1089,869,220,19,0.9828519855595668,0.7842960288808665,17.38,0.602359718716238,4.6055967610891635,10.600856964124441,15.16352002723631,1.0599898044974048,1.444716458543603,0.8636669517572321,0.5012586623239864,12.686649687180102,27.55774078334948,30,0.9554467496976271,0.6077680072010991,0.3540439936734268,63.98065310677185,17.31773506830187,{}
test,bimodal,hetero,med,spread,1006,1.0,1.0022018840807139,0.5588204361494193,1.0022018840807139,22.253126564110534,50.0,8.0,12.0,1108,1108,0,1090,866,224,18,0.983754512635379,0.7815884476534296,17.32,0.720915542275707,4.069220304246677,10.71941278768391,14.693090788915086,1.0719806905379838,1.3935066490578187,0.8652225468988162,0.495772650295179,15.426458099688709,29.66224819969502,30,0.981934647621255,0.5503239358464078,0.4316107117748473,64.6119704028335,17.148525158604503,{}
test,bimodal,hetero,med,tetris,1006,1.0,1.0022018840807139,0.5588204361494193,1.0022018840807139,22.253126564110534,50.0,8.0,12.0,1108,1108,0,1086,866,220,22,0.98014440433213,0.7815884476534296,17.32,0.7107629849215203,4.621489031152695,10.709260230329722,14.668887443399296,1.0710972711458802,1.4388734956486662,0.8628289957729751,0.4960552868100915,15.267617447363984,28.863915725787407,30,0.9782953070800434,0.5795264959699205,0.39876881111012297,64.39016888135642,17.207595806148152,{}
test,bimodal,hetero,med,hybrid,1006,1.0,1.0022018840807139,0.5588204361494193,1.0022018840807139,22.253126564110534,50.0,8.0,12.0,1108,1108,0,1090,868,222,18,0.983754512635379,0.7833935018050542,17.36,0.5980706784361314,4.611533825703884,10.596567923844335,15.174956883442547,1.0594507199026872,1.4432365500543416,0.8643227334109568,0.5007121020026205,12.752683687794674,28.090897194776392,30,0.9579695292392743,0.6037424985662277,0.3624337747324869,63.75717907365903,17.378435120536327,"{'alpha': 0.1, 'beta': 0.9, 'gamma': 0.0, 'source': 'phase3_tuning'}"
test,bimodal,hetero,med,binpack,1007,1.0,1.0464495386600319,0.5456596476637411,1.0464495386600319,23.182199844769,50.0,8.0,12.0,1205,1205,0,1139,927,212,66,0.9452282157676348,0.7692946058091287,18.54,1.2046101529335937,6.7480787369787905,11.247686791537626,16.864235984151804,1.120709840594586,1.6513566243440687,0.8482248982114329,0.4815144665807917,25.465834975152756,26.86501616097644,30,0.9400206406371664,0.5205236914691792,0.4264006277754477,66.01469666730954,18.253511124541994,{}
test,bimodal,hetero,med,spread,1007,1.0,1.0464495386600319,0.5456596476637411,1.0464495386600319,23.182199844769,50.0,8.0,12.0,1205,1205,0,1141,928,213,64,0.9468879668049792,0.7701244813278009,18.56,1.2014706971210884,6.394517096883309,11.244547335725121,16.789442669565247,1.120255919535949,1.6429935901801025,0.843846110642162,0.4817178046972226,25.21796134179515,29.52877999726811,30,0.9441650601758699,0.469849176590921,0.4743158835849489,66.89842582128685,18.012381983681493,{}
test,bimodal,hetero,med,tetris,1007,1.0,1.0464495386600319,0.5456596476637411,1.0464495386600319,23.182199844769,50.0,8.0,12.0,1205,1205,0,1141,928,213,64,0.9468879668049792,0.7701244813278009,18.56,1.2044739063618999,6.389143509875467,11.247550544965934,16.862924328179815,1.120492603785922,1.632075841909383,0.8463796039939108,0.48186501516356733,25.398288034383114,28.56316003057252,30,0.9514145967500306,0.5233188589483695,0.42876752412902436,66.04880807237582,18.24408396105452,{}
test,bimodal,hetero,med,hybrid,1007,1.0,1.0464495386600319,0.5456596476637411,1.0464495386600319,23.182199844769,50.0,8.0,12.0,1205,1205,0,1143,932,211,62,0.9485477178423236,0.7734439834024897,18.64,1.1447002224865561,6.071669665523231,11.187776861090589,16.71482322166254,1.1145722175774426,1.6376515798260833,0.8483303601903546,0.4822895279488863,24.221334324774396,28.190368078746797,30,0.9427848201750069,0.5389441934235308,0.40685348688709466,66.7237313135931,18.05954157954165,"{'alpha': 0.1, 'beta': 0.9, 'gamma': 0.0, 'source': 'phase3_tuning'}"
test,bimodal,hetero,med,binpack,1008,1.0,1.0095589641444374,0.5643035065885811,1.0095589641444374,21.573304212821988,50.0,8.0,12.0,1089,1089,0,1052,826,226,37,0.9660238751147842,0.758494031221304,16.52,0.6642604762382456,3.0239280706812224,10.648490740668672,13.662602543008525,1.0677403519161794,1.3177797620461613,0.862407101712904,0.49069705834886024,13.580145005710564,27.46849160367307,30,0.9815892732278724,0.6286580179420616,0.35981626665420335,63.97082146256934,17.023386211121217,{}
test,bimodal,hetero,med,spread,1008,1.0,1.0095589641444374,0.5643035065885811,1.0095589641444374,21.573304212821988,50.0,8.0,12.0,1089,1089,0,1047,822,225,42,0.9614325068870524,0.7548209366391184,16.44,0.716282314278022,3.2616436262037887,10.70051257870845,13.969066707976836,1.0729757905012556,1.3331361049265869,0.8553880416057064,0.489807633608357,14.451332319041347,29.595446130028822,30,0.9854303598318825,0.5705011991185508,0.41492916071333175,64.3340743259603,16.927266171304233,{}
test,bimodal,hetero,med,tetris,1008,1.0,1.0095589641444374,0.5643035065885811,1.0095589641444374,21.573304212821988,50.0,8.0,12.0,1089,1089,0,1044,821,223,45,0.9586776859504132,0.7539026629935721,16.42,0.7344283860236943,3.3629131441968063,10.71865865045412,13.875303337388015,1.0747759451708843,1.351258912205934,0.8574976204994804,0.4887182635627461,14.907050378002628,28.68430370590859,30,0.9824158229297949,0.6144739165717744,0.36912248964896505,64.22696874711764,16.955494261106193,{}
test,bimodal,hetero,med,hybrid,1008,1.0,1.0095589641444374,0.5643035065885811,1.0095589641444374,21.573304212821988,50.0,8.0,12.0,1089,1089,0,1055,827,228,34,0.9687786960514233,0.7594123048668503,16.54,0.5976351976801907,3.1249557765192932,10.581865462110619,13.774106293685826,1.0609986340188715,1.2866335089632244,0.8603262786942508,0.49127310673369967,12.142556748808524,27.76346321657404,30,0.9834767831593502,0.6432682910132714,0.3402084921460787,63.986244683967705,17.01928290023337,"{'alpha': 0.1, 'beta': 0.9, 'gamma': 0.0, 'source': 'phase3_tuning'}"
test,bimodal,hetero,med,binpack,1009,1.0,1.0308715974555347,0.5287967603348593,1.0308715974555347,22.05188582496318,50.0,8.0,12.0,1140,1140,0,1091,877,214,49,0.9570175438596491,0.769298245614035,17.54,0.6329945469347447,3.9553779102810083,10.621695621699692,14.17340998739293,1.064225301506983,1.3976564151436113,0.8551241278716986,0.47328253568320194,12.350712140517384,27.378460212379583,30,0.9771230712463794,0.4993051792222235,0.4782804653157192,65.51023943453305,17.401859767880207,{}
test,bimodal,hetero,med,spread,1009,1.0,1.0308715974555347,0.5287967603348593,1.0308715974555347,22.05188582496318,50.0,8.0,12.0,1140,1140,0,1089,875,214,51,0.9552631578947368,0.7675438596491229,17.5,0.7256387192784122,4.389832876151267,10.714339794043358,14.633445425248738,1.0738365640819683,1.4283497163610066,0.849270741981421,0.47279681945208824,13.984349218319567,29.630244017293563,30,0.9689287276312204,0.45870200941127687,0.5102267182199436,66.07545879456394,17.253001655945948,{}
test,bimodal,hetero,med,tetris,1009,1.0,1.0308715974555347,0.5287967603348593,1.0308715974555347,22.05188582496318,50.0,8.0,12.0,1140,1140,0,1090,876,214,50,0.956140350877193,0.7684210526315789,17.52,0.7379763854883691,4.072672615739016,10.726677460253315,14.528326002330772,1.0748919783627764,1.4201510441458616,0.8482893014087388,0.47211507332398883,14.398196420130231,28.891760896786295,30,0.9648680463251736,0.5048963111011963,0.4599717352239773,66.12719719181793,17.239502782692487,{}
test,bimodal,hetero,med,hybrid,1009,1.0,1.0308715974555347,0.5287967603348593,1.0308715974555347,22.05188582496318,50.0,8.0,12.0,1140,1140,0,1094,879,215,46,0.9596491228070175,0.7710526315789473,17.58,0.6395959111478965,3.6237129661341783,10.628296985912844,14.034835846656613,1.0649684920104372,1.3666724946863433,0.8551170047271994,0.4732381227103275,12.581866259226468,28.609571493241233,30,0.9736061872134412,0.5114265102960781,0.4626422502089264,65.84216091392653,17.3141340468805,"{'alpha': 0.1, 'beta': 0.9, 'gamma': 0.0, 'source': 'phase3_tuning'}"
test,bimodal,hetero,high,binpack,1000,1.3,1.3620581403421361,0.7896092687791814,1.3620581403421361,29.42173630562207,50.0,8.0,12.0,1545,1545,0,1306,1040,266,239,0.8453074433656957,0.6731391585760518,20.8,5.136450194180288,19.05649969609722,15.106229298687479,29.143907225261692,1.5211060881524203,2.9293642021733377,0.9142885251064072,0.6387539406688862,117.42487003601843,28.303523083463723,30,0.9876603508584109,0.7443389892379556,0.24608155238840093,80.04243985399867,19.30226018619817,{}
test,bimodal,hetero,high,spread,1000,1.3,1.3620581403421361,0.7896092687791814,1.3620581403421361,29.42173630562207,50.0,8.0,12.0,1545,1545,0,1316,1045,271,229,0.8517799352750809,0.6763754045307443,20.9,4.996568900796795,18.845149873572105,14.966348005303987,29.002842168891206,1.5068431438762697,2.9136325576038553,0.9172296561455796,0.6458329236445419,114.17641588673702,29.604510349448798,30,0.9872406141557918,0.7424113730683214,0.24490294407625737,79.69399078129868,19.38665619393923,{}
test,bimodal,hetero,high,tetris,1000,1.3,1.3620581403421361,0.7896092687791814,1.3620581403421361,29.42173630562207,50.0,8.0,12.0,1545,1545,0,1306,1041,265,239,0.8453074433656957,0.6737864077669903,20.82,4.8563311819901,18.754022268793086,14.826110286497292,28.935302324443846,1.4922842458473011,2.8985504056425544,0.9191642854558815,0.6419781522030843,109.88685728637566,29.19889927927719,30,0.9875041301068385,0.7204201059099177,0.2684105329692656,79.69417547929442,19.38661126372292,{}
test,bimodal,hetero,high,hybrid,1000,1.3,1.3620581403421361,0.7896092687791814,1.3620581403421361,29.42173630562207,50.0,8.0,12.0,1545,1545,0,1304,1040,264,241,0.8440129449838187,0.6731391585760518,20.8,5.016142178195637,18.603066362919463,14.985921282702828,28.980849256542754,1.5089000949828617,2.904920761741888,0.9177944152091841,0.6348818011365601,114.24182659816469,28.88123865401461,30,0.989891348523759,0.7650755958223715,0.22677223827249382,79.77070311980253,19.36801281141603,"{'alpha': 0.1, 'beta': 0.9, 'gamma': 0.0, 'source': 'phase3_tuning'}"
test,bimodal,hetero,high,binpack,1001,1.3,1.270210926408248,0.7934064985303546,1.270210926408248,31.23394487231195,50.0,8.0,12.0,1516,1516,0,1308,1039,269,208,0.862796833773087,0.6853562005277045,20.78,4.647552397792771,13.670854518429756,14.68390789874316,24.200760677309354,1.4677827211122938,2.36328656761159,0.907793693926549,0.620417427794079,116.45249366624329,28.168832110109562,30,0.9903772466248113,0.7932590317472493,0.20119959188725142,76.24780302279501,19.882540085079924,{}
test,bimodal,hetero,high,spread,1001,1.3,1.270210926408248,0.7934064985303546,1.270210926408248,31.23394487231195,50.0,8.0,12.0,1516,1516,0,1318,1048,270,198,0.8693931398416886,0.6912928759894459,20.96,4.2360182645185445,12.633126678512827,14.272373765468933,23.3973809146214,1.4263052307794848,2.3380833406643817,0.9131707078607003,0.6310859283598105,106.17441271075377,29.714153836445835,30,0.9916802016102271,0.787904454704764,0.20442882993215925,76.67322678551017,19.772221198423544,{}
test,bimodal,hetero,high,tetris,1001,1.3,1.270210926408248,0.7934064985303546,1.270210926408248,31.23394487231195,50.0,8.0,12.0,1516,1516,0,1326,1057,269,190,0.8746701846965699,0.6972295514511874,21.14,4.045445384434176,13.129050966402847,14.081800885384563,23.711816678370276,1.406766409790279,2.3608403862118785,0.9142923476636473,0.6369471343009857,100.78661898007988,29.237923815018867,30,0.9916430834234233,0.7681479946546058,0.22349508876881757,76.55143586362612,19.803678179214096,{}
test,bimodal,hetero,high,hybrid,1001,1.3,1.270210926408248,0.7934064985303546,1.270210926408248,31.23394487231195,50.0,8.0,12.0,1516,1516,0,1329,1052,277,187,0.8766490765171504,0.6939313984168866,21.04,4.213520421198261,12.382925442976642,14.249875922148648,23.668795986304122,1.4237405863358499,2.3697364842734125,0.9136216319639858,0.6303948940757294,105.61585175882249,28.877869203885265,30,0.990055396778082,0.8040197573278522,0.18688013156578662,76.69824425819468,19.765771885163147,"{'alpha': 0.1, 'beta': 0.9, 'gamma': 0.0, 'source': 'phase3_tuning'}"
test,bimodal,hetero,high,binpack,1002,1.3,1.3112862279070896,0.850097971465668,1.3112862279070896,31.59856725445208,50.0,8.0,12.0,1596,1596,0,1370,1084,286,226,0.8583959899749374,0.6791979949874687,21.68,4.560910742918568,15.740198583094035,14.529692605260895,26.555318045899952,1.464260931446458,2.742336830259596,0.9099919847099384,0.6846304930498421,113.12737354695048,28.339437731984987,30,0.9899089171893732,0.8234253008812987,0.16940357232724915,78.87092200408425,20.235594556855222,{}
test,bimodal,hetero,high,spread,1002,1.3,1.3112862279070896,0.850097971465668,1.3112862279070896,31.59856725445208,50.0,8.0,12.0,1596,1596,0,1374,1094,280,222,0.8609022556390977,0.6854636591478697,21.88,4.280818758952475,15.10688516784871,14.2496006212948,26.076950304007042,1.4357862211030237,2.6944077931491743,0.915816425683386,0.6847544705092362,105.66616809079409,29.708268916014703,30,0.9891865049945489,0.7807445539924719,0.2101751784190807,78.65352505085804,20.29152538259427,{}
test,bimodal,hetero,high,tetris,1002,1.3,1.3112862279070896,0.850097971465668,1.3112862279070896,31.59856725445208,50.0,8.0,12.0,1596,1596,0,1374,1094,280,222,0.8609022556390977,0.6854636591478697,21.88,4.165476210144806,16.009492938916054,14.13425807248713,25.765383231362186,1.4241366250658192,2.6563593062440907,0.9168073024637031,0.6846117098855496,102.67207016211174,29.0285505798943,30,0.9909977658891196,0.7869664707311618,0.20403129515795784,77.92488076814514,20.481263291870544,{}
test,bimodal,hetero,high,hybrid,1002,1.3,1.3112862279070896,0.850097971465668,1.3112862279070896,31.59856725445208,50.0,8.0,12.0,1596,1596,0,1366,1089,277,230,0.8558897243107769,0.6823308270676691,21.78,4.305573831465384,14.94768029634212,14.274355693807708,25.848359065628145,1.438296726937916,2.649953517703214,0.9178281136050204,0.6781465820471868,106.42222595653148,28.61307166273772,30,0.9892113315557839,0.8146060644377909,0.17585919550741497,78.03108640339431,20.453386894413082,"{'alpha': 0.1, 'beta': 0.9, 'gamma': 0.0, 'source': 'phase3_tuning'}"
test,bimodal,hetero,high,binpack,1003,1.3,1.2474518295303774,0.7071534697706136,1.2474518295303774,30.73762117395184,50.0,8.0,12.0,1476,1476,0,1299,1035,264,177,0.8800813008130082,0.7012195121951219,20.7,2.81100478141141,14.43619589496122,12.812810437106473,23.214433799490145,1.286309543993309,2.4370908729612064,0.9033197865295672,0.5701954406949362,63.28905548511489,28.026042912170073,30,0.9887029516049534,0.725515038562747,0.26428656319305427,74.97298793698005,19.68709051906374,{}
test,bimodal,hetero,high,spread,1003,1.3,1.2474518295303774,0.7071534697706136,1.2474518295303774,30.73762117395184,50.0,8.0,12.0,1476,1476,0,1310,1045,265,166,0.8875338753387534,0.7079945799457995,20.9,2.646553918980206,16.24218631096251,12.64835957467527,26.311965579848476,1.270565639456777,2.612963489790515,0.904283462660176,0.5742884390169501,59.39246903958226,29.736206519502222,30,0.9926091549937281,0.7121373976018243,0.28094401861575957,75.37718709771198,19.581521370473148,{}
test,bimodal,hetero,high,tetris,1003,1.3,1.2474518295303774,0.7071534697706136,1.2474518295303774,30.73762117395184,50.0,8.0,12.0,1476,1476,0,1309,1044,265,167,0.8868563685636857,0.7073170731707317,20.88,2.700480095819852,16.23917775509911,12.702285751514916,26.458845552659294,1.275969599268588,2.6078798622509227,0.9015769351761886,0.5741142801805904,60.464146654692186,29.284539235830618,30,0.9909160815513148,0.7176124155846089,0.27511073367312655,75.07135319805803,19.6612947165868,{}
test,bimodal,hetero,high,hybrid,1003,1.3,1.2474518295303774,0.7071534697706136,1.2474518295303774,30.73762117395184,50.0,8.0,12.0,1476,1476,0,1305,1042,263,171,0.8841463414634146,0.7059620596205962,20.84,2.669817683567279,15.395031189299957,12.671623339262343,24.84562590045648,1.2724563013333674,2.5371612920939417,0.9044834144971078,0.5753731022433901,59.51306025424179,28.71628464355047,30,0.9891552537735906,0.7288632876083371,0.2618027816659898,75.30662056838233,19.59987035482113,"{'alpha': 0.1, 'beta': 0.9, 'gamma': 0.0, 'source': 'phase3_tuning'}"
test,bimodal,hetero,high,binpack,1004,1.3,1.2749995618590453,0.7473463311232107,1.2749995618590453,28.612414036037077,50.0,8.0,12.0,1399,1399,0,1229,981,248,170,0.8784846318799142,0.7012151536812009,19.62,4.330734017152652,15.346803890528378,14.356803240643476,25.937243016220016,1.4391824247227205,2.644138007535,0.8975559547903964,0.6011466458168472,95.91542406168402,27.789131276272165,30,0.9877054309372649,0.7574373712906767,0.23114117299798753,77.41300625938523,18.071898607223915,{}
test,bimodal,hetero,high,spread,1004,1.3,1.2749995618590453,0.7473463311232107,1.2749995618590453,28.612414036037077,50.0,8.0,12.0,1399,1399,0,1229,981,248,170,0.8784846318799142,0.7012151536812009,19.62,4.1832442110631245,15.346473998520302,14.20931343455395,25.94265948317727,1.424362670652292,2.6410199958913183,0.8983703180056111,0.6090242077922607,92.12835795984338,29.556705472798452,30,0.9849265678134312,0.7506905214726145,0.23472224741681946,77.3378687447382,18.08945633888034,{}
test,bimodal,hetero,high,tetris,1004,1.3,1.2749995618590453,0.7473463311232107,1.2749995618590453,28.612414036037077,50.0,8.0,12.0,1399,1399,0,1229,983,246,170,0.8784846318799142,0.7026447462473195,19.66,4.1112484343465905,16.013897279389845,14.137317657837414,26.367826787137275,1.4169885876709185,2.668360467192558,0.8955091028515137,0.6099192792125065,89.46246026962352,28.866122363926564,30,0.9872795699250518,0.7364119280316231,0.25110573512430784,77.76380742003633,17.990374268114074,{}
test,bimodal,hetero,high,hybrid,1004,1.3,1.2749995618590453,0.7473463311232107,1.2749995618590453,28.612414036037077,50.0,8.0,12.0,1399,1399,0,1228,983,245,171,0.8777698355968548,0.7026447462473195,19.66,4.098831732113572,15.71485958148039,14.124900955604396,26.19829131434623,1.4157523885755003,2.6483435862575364,0.8976972870024384,0.6096083867318512,89.64494163173012,28.299964085822584,30,0.9838652931997445,0.7599228321158524,0.229147365613604,77.86054822933237,17.96802144109429,"{'alpha': 0.1, 'beta': 0.9, 'gamma': 0.0, 'source': 'phase3_tuning'}"
test,bimodal,hetero,high,binpack,1005,1.3,1.2968852105243784,0.775459092295377,1.2968852105243784,30.08876307951717,50.0,8.0,12.0,1490,1490,0,1312,1043,269,178,0.8805369127516779,0.7,20.86,4.2576360645414955,15.696264771844483,14.295752682983103,25.674323391714147,1.4269001531688599,2.6334986862300416,0.9162384983495059,0.6329575425923027,101.52148838383566,28.370558851325026,30,0.9877264413009913,0.7608989146966404,0.22787600227038357,77.7758099933466,19.157627546758604,{}
test,bimodal,hetero,high,spread,1005,1.3,1.2968852105243784,0.775459092295377,1.2968852105243784,30.08876307951717,50.0,8.0,12.0,1490,1490,0,1315,1048,267,175,0.8825503355704698,0.7033557046979866,20.96,4.088810691841379,15.931087315573706,14.126927310282985,25.826037733745572,1.409607980002566,2.6612543027059483,0.9174875025263247,0.6384900657666569,96.94517814975747,29.676396559090747,30,0.9845320571333092,0.7489866421169572,0.2378096494229683,77.40181902635345,19.25019358385739,{}
test,bimodal,hetero,high,tetris,1005,1.3,1.2968852105243784,0.775459092295377,1.2968852105243784,30.08876307951717,50.0,8.0,12.0,1490,1490,0,1309,1041,268,181,0.8785234899328859,0.6986577181208053,20.82,4.1086880821770935,14.73452545223952,14.1468047006187,25.05712889445641,1.411563435605121,2.5835338773656065,0.9214340259358512,0.6315417617401548,98.26753451035724,29.227997916265636,30,0.9860363382204812,0.7656778013046787,0.225349554739795,77.11339968371006,19.322193109257476,{}
test,bimodal,hetero,high,hybrid,1005,1.3,1.2968852105243784,0.775459092295377,1.2968852105243784,30.08876307951717,50.0,8.0,12.0,1490,1490,0,1320,1051,269,170,0.8859060402684564,0.7053691275167785,21.02,3.963095631401523,15.80738288801745,14.001212249843128,25.873858070887152,1.3968326345304023,2.652305766718913,0.9209102458674221,0.6400752095770383,93.471711034577,28.901277388692403,30,0.9880783836634804,0.7817809345626138,0.20798497973064392,77.47471624169101,19.23208076492696,"{'alpha': 0.1, 'beta': 0.9, 'gamma': 0.0, 'source': 'phase3_tuning'}"
test,bimodal,hetero,high,binpack,1006,1.3,1.3006063259154168,0.737824641226459,1.3006063259154168,28.929064533343695,50.0,8.0,12.0,1450,1450,0,1241,993,248,209,0.8558620689655172,0.6848275862068965,19.86,4.2329216273708,16.934863600710905,14.23730363199705,27.233835676677806,1.4308335179065728,2.6769152665689173,0.9082410231909377,0.5933133803745054,96.41611482055606,28.325198483191063,30,0.9902897085576206,0.6885405269771318,0.30180537522376266,77.95130775425353,18.601355663861565,{}
test,bimodal,hetero,high,spread,1006,1.3,1.3006063259154168,0.737824641226459,1.3006063259154168,28.929064533343695,50.0,8.0,12.0,1450,1450,0,1258,1006,252,192,0.8675862068965517,0.6937931034482758,20.12,3.9796136037672865,16.748369826694322,13.983995608393535,26.315931103051447,1.405344849145371,2.576686535646476,0.9140545475624076,0.5970541575717668,90.11461376489507,29.72760519387909,30,0.9933824445718288,0.6793678185469924,0.31448950441982343,77.84396311665756,18.6270064105937,{}
test,bimodal,hetero,high,tetris,1006,1.3,1.3006063259154168,0.737824641226459,1.3006063259154168,28.929064533343695,50.0,8.0,12.0,1450,1450,0,1262,1010,252,188,0.8703448275862069,0.696551724137931,20.2,3.846271644311858,16.980795648390504,13.850653648938106,27.325761311180454,1.3917668189408694,2.6814799507141487,0.912045023957763,0.6018576629814796,86.48223421003917,29.25375715046623,30,0.98950817575175,0.6944816867444324,0.2950264890073175,77.95130775425353,18.601355663861565,{}
test,bimodal,hetero,high,hybrid,1006,1.3,1.3006063259154168,0.737824641226459,1.3006063259154168,28.929064533343695,50.0,8.0,12.0,1450,1450,0,1261,1009,252,189,0.8696551724137931,0.6958620689655173,20.18,3.9217482194505333,17.04936849256915,13.92613022407678,27.39285008269392,1.3994827944667776,2.710336602413802,0.9110988614675132,0.5993487800337902,88.2043253542848,28.77610428747873,30,0.9892187402407487,0.6955276501589113,0.29369109008183764,78.1513997139854,18.55373039135112,"{'alpha': 0.1, 'beta': 0.9, 'gamma': 0.0, 'source': 'phase3_tuning'}"
test,bimodal,hetero,high,binpack,1007,1.3,1.3349803615125713,0.6987039008761615,1.3349803615125713,30.1368597981997,50.0,8.0,12.0,1545,1545,0,1333,1076,257,212,0.8627831715210356,0.6964401294498382,21.52,4.853381397517913,22.630737846850344,14.867546513052437,32.535791415393774,1.4918256214807035,3.3320783226147364,0.8861753062707031,0.5725686054640873,113.27248714488827,27.6011089127513,30,0.9799235328583163,0.6645428504617841,0.31623296172543935,80.69720273077192,19.14564504986059,{}
test,bimodal,hetero,high,spread,1007,1.3,1.3349803615125713,0.6987039008761615,1.3349803615125713,30.1368597981997,50.0,8.0,12.0,1545,1545,0,1355,1098,257,190,0.8770226537216829,0.7106796116504854,21.96,4.453264442898893,22.644304048747877,14.467429558433414,32.67336611421267,1.4513181730634659,3.3275951743526297,0.8895062235326866,0.5861979380807546,101.16076199068098,29.65712083608834,30,0.9739488497637614,0.6302521508943996,0.3436966988693619,81.00913537073305,19.071923097677907,{}
test,bimodal,hetero,high,tetris,1007,1.3,1.3349803615125713,0.6987039008761615,1.3349803615125713,30.1368597981997,50.0,8.0,12.0,1545,1545,0,1357,1105,252,188,0.8783171521035599,0.7152103559870551,22.1,4.297315101238718,23.78072246042882,14.31148021677324,33.15962401083564,1.435438400121336,3.402246745894683,0.8879921153638457,0.5894346970273705,96.84382998978539,29.018981187894045,30,0.9605814037882054,0.6093991707103456,0.3511822330778598,81.06945422497333,19.05773283871529,{}
test,bimodal,hetero,high,hybrid,1007,1.3,1.3349803615125713,0.6987039008761615,1.3349803615125713,30.1368597981997,50.0,8.0,12.0,1545,1545,0,1346,1086,260,199,0.8711974110032362,0.7029126213592233,21.72,4.557697932495617,22.877150150921203,14.57186304803014,32.86990908116495,1.4618877357772189,3.3630632817669577,0.8898315786073451,0.5805907624935062,104.56076902157155,28.408391843009852,30,0.983130026848466,0.6839804916318684,0.29914953521659754,80.89934749808182,19.097805455558625,"{'alpha': 0.1, 'beta': 0.9, 'gamma': 0.0, 'source': 'phase3_tuning'}"
test,bimodal,hetero,high,binpack,1008,1.3,1.3134409898610204,0.7305653619863425,1.3134409898610204,28.045295476668585,50.0,8.0,12.0,1414,1414,0,1183,942,241,231,0.8366336633663366,0.6661951909476662,18.84,4.789147049182592,16.190828986565243,14.779149802686671,26.713146799519343,1.485581574959496,2.684703353298945,0.9103846595949697,0.5640761433698117,104.91552375255931,28.04372735487359,30,0.9876957344537051,0.6815085880161877,0.30791795522689686,76.92719040756526,18.381017069628253,{}
test,bimodal,hetero,high,spread,1008,1.3,1.3134409898610204,0.7305653619863425,1.3134409898610204,28.045295476668585,50.0,8.0,12.0,1414,1414,0,1186,946,240,228,0.8387553041018387,0.669024045261669,18.92,4.669012434474873,15.960324957147606,14.659015187978955,26.594175793118715,1.4731863638901188,2.7046666858140096,0.9113515168169175,0.5660893773087018,101.7183237289737,29.693870630864602,30,0.989740758763772,0.6519155857794099,0.33987946219313553,76.81171639381395,18.408649961034808,{}
test,bimodal,hetero,high,tetris,1008,1.3,1.3134409898610204,0.7305653619863425,1.3134409898610204,28.045295476668585,50.0,8.0,12.0,1414,1414,0,1196,953,243,218,0.8458274398868458,0.673974540311174,19.06,4.3343143662015615,18.17390237958723,14.324317119705642,27.937422924897238,1.4395066256867168,2.783152230750593,0.9100828554281085,0.5749622974110038,94.16276020033781,29.03535490639406,30,0.9912335299786286,0.6840577968429347,0.3085478121374511,78.24713826630406,18.07094842481821,{}
test,bimodal,hetero,high,hybrid,1008,1.3,1.3134409898610204,0.7305653619863425,1.3134409898610204,28.045295476668585,50.0,8.0,12.0,1414,1414,0,1187,944,243,227,0.8394625176803394,0.6676096181046676,18.88,4.587583314977786,16.682777176976778,14.577586068481866,26.218601754382505,1.4651563978415971,2.689838434642802,0.9089920617225498,0.566926030740825,100.02086499104468,28.68619126757794,30,0.9918322997076553,0.6743424270156116,0.3174898726920437,78.32236143764402,18.053592537882675,"{'alpha': 0.1, 'beta': 0.9, 'gamma': 0.0, 'source': 'phase3_tuning'}"
test,bimodal,hetero,high,binpack,1009,1.3,1.3066939209947495,0.6688314930654204,1.3066939209947495,28.667451572452137,50.0,8.0,12.0,1437,1437,0,1252,999,253,185,0.8712595685455811,0.6951983298538622,19.98,4.551181591191875,16.803692107073935,14.569767281166476,27.195163328749658,1.4602995645349617,2.7314576982974104,0.908742252082621,0.5572498422620878,102.51151352047468,28.130850693041456,30,0.979244639659394,0.6493041991535249,0.3352713620144143,77.83333085885546,18.462527353556087,{}
test,bimodal,hetero,high,spread,1009,1.3,1.3066939209947495,0.6688314930654204,1.3066939209947495,28.667451572452137,50.0,8.0,12.0,1437,1437,0,1265,1009,256,172,0.8803061934585943,0.7021572720946416,20.18,4.390282722051917,16.72359401405364,14.408868412026518,27.19416974693604,1.44428289093909,2.7092377569677346,0.9093144987477311,0.5623739750282185,98.02222384229852,29.71314634343469,30,0.975789936494,0.6190612582608541,0.3580011009928968,78.82203416159358,18.23094284846794,{}
test,bimodal,hetero,high,tetris,1009,1.3,1.3066939209947495,0.6688314930654204,1.3066939209947495,28.667451572452137,50.0,8.0,12.0,1437,1437,0,1254,1000,254,183,0.872651356993737,0.6958942240779401,20.0,4.416235376452768,17.615115101061612,14.43482106642737,27.43966386130365,1.4464190878880925,2.7340417396093333,0.9088098312708941,0.5585464338501582,98.27021628928112,28.991124256772697,30,0.9902096910731103,0.6394827180450267,0.3521751008771441,78.24908920172251,18.364431006928154,{}
test,bimodal,hetero,high,hybrid,1009,1.3,1.3066939209947495,0.6688314930654204,1.3066939209947495,28.667451572452137,50.0,8.0,12.0,1437,1437,0,1255,1001,254,182,0.8733472512178149,0.6965901183020181,20.02,4.380730390695646,16.62302131351861,14.399316080670246,27.154455260517835,1.4429385237793624,2.6843306319279523,0.9083368462021534,0.5577038348554744,98.44430245014601,28.662815401130842,30,0.9840915375858634,0.6383873475116479,0.3489530898998888,78.52959213265065,18.298834375360663,"{'alpha': 0.1, 'beta': 0.9, 'gamma': 0.0, 'source': 'phase3_tuning'}"
