split,family,cluster_config,load,policy,seed,target_rho,realized_rho_cpu,realized_rho_ram,realized_rho,arrival_rate,observation_horizon,duration_min,duration_max,submitted,feasible_jobs,permanently_infeasible,started_by_horizon,completed_by_horizon,running_at_horizon,queued_at_horizon,admission_ratio_horizon,completion_ratio_horizon,throughput_horizon,mean_wait_time,p95_wait_time,mean_turnaround_time,p95_turnaround_time,mean_slowdown,p95_slowdown,time_weighted_cpu_utilization,time_weighted_ram_utilization,time_weighted_queue_length,time_weighted_active_nodes,horizon_active_nodes,horizon_cpu_utilization,horizon_ram_utilization,horizon_free_imbalance,makespan,drained_throughput,params
test,balanced,homog,low,binpack,1000,0.7,0.7093029131058837,0.42558174786353015,0.7093029131058837,16.128,50.0,8.0,12.0,825,825,0,825,659,166,0,1.0,0.7987878787878788,13.18,0.0,0.0,9.935294963782498,11.736798172747935,1.0,1.0000000000000004,0.6418038532920914,0.38508231197525483,0.0,21.523357829863034,24,0.689236111111111,0.41354166666666664,0.27569444444444446,61.79685552500513,13.350193840626352,{}
test,balanced,homog,low,spread,1000,0.7,0.7093029131058837,0.42558174786353015,0.7093029131058837,16.128,50.0,8.0,12.0,825,825,0,825,659,166,0,1.0,0.7987878787878788,13.18,0.0,0.0,9.935294963782498,11.736798172747935,1.0,1.0000000000000004,0.6418038532920914,0.38508231197525483,0.0,29.31700029116425,30,0.689236111111111,0.41354166666666664,0.27569444444444446,61.79685552500513,13.350193840626352,{}
test,balanced,homog,low,tetris,1000,0.7,0.7093029131058837,0.42558174786353015,0.7093029131058837,16.128,50.0,8.0,12.0,825,825,0,825,659,166,0,1.0,0.7987878787878788,13.18,0.0,0.0,9.935294963782498,11.736798172747935,1.0,1.0000000000000004,0.6418038532920914,0.38508231197525483,0.0,29.31700029116425,30,0.689236111111111,0.41354166666666664,0.27569444444444446,61.79685552500513,13.350193840626352,{}
test,balanced,homog,low,hybrid,1000,0.7,0.7093029131058837,0.42558174786353015,0.7093029131058837,16.128,50.0,8.0,12.0,825,825,0,825,659,166,0,1.0,0.7987878787878788,13.18,0.0,0.0,9.935294963782498,11.736798172747935,1.0,1.0000000000000004,0.6418038532920914,0.38508231197525483,0.0,27.438944588751802,30,0.689236111111111,0.41354166666666664,0.27569444444444446,61.79685552500513,13.350193840626352,"{'alpha': 0.1, 'beta': 0.9, 'gamma': 0.0, 'source': 'phase3_tuning'}"
test,balanced,homog,low,binpack,1001,0.7,0.6981082150394756,0.4188649290236854,0.6981082150394756,16.128,50.0,8.0,12.0,803,803,0,803,652,151,0,1.0,0.8119551681195517,13.04,0.0,0.0,10.021025270295288,11.80206045997937,1.0,1.0000000000000004,0.631454988003832,0.3788729928023004,0.0,21.03797536903223,22,0.650173611111111,0.39010416666666664,0.26006944444444446,60.67168807650542,13.235168254877594,{}
test,balanced,homog,low,spread,1001,0.7,0.6981082150394756,0.4188649290236854,0.6981082150394756,16.128,50.0,8.0,12.0,803,803,0,803,652,151,0,1.0,0.8119551681195517,13.04,0.0,0.0,10.021025270295288,11.80206045997937,1.0,1.0000000000000004,0.631454988003832,0.3788729928023004,0.0,29.468569584822273,30,0.650173611111111,0.39010416666666664,0.2600694444444444,60.67168807650542,13.235168254877594,{}
test,balanced,homog,low,tetris,1001,0.7,0.6981082150394756,0.4188649290236854,0.6981082150394756,16.128,50.0,8.0,12.0,803,803,0,803,652,151,0,1.0,0.8119551681195517,13.04,0.0,0.0,10.021025270295288,11.80206045997937,1.0,1.0000000000000004,0.631454988003832,0.3788729928023004,0.0,29.468569584822273,30,0.650173611111111,0.39010416666666664,0.2600694444444444,60.67168807650542,13.235168254877594,{}
test,balanced,homog,low,hybrid,1001,0.7,0.6981082150394756,0.4188649290236854,0.6981082150394756,16.128,50.0,8.0,12.0,803,803,0,803,652,151,0,1.0,0.8119551681195517,13.04,0.0,0.0,10.021025270295288,11.80206045997937,1.0,1.0000000000000004,0.631454988003832,0.3788729928023004,0.0,27.54002316809585,30,0.650173611111111,0.39010416666666664,0.2600694444444444,60.67168807650542,13.235168254877594,"{'alpha': 0.1, 'beta': 0.9, 'gamma': 0.0, 'source': 'phase3_tuning'}"
test,balanced,homog,low,binpack,1002,0.7,0.6946507725614189,0.41679046353685134,0.6946507725614189,16.128,50.0,8.0,12.0,803,803,0,803,641,162,0,1.0,0.7982565379825654,12.82,0.0,0.0,9.97432335694113,11.787864117778682,1.0,1.0000000000000004,0.6203006323321771,0.37218037939930554,0.0,21.029182622971916,23,0.7005208333333334,0.4203125,0.28020833333333334,61.30076799054342,13.099346489816817,{}
test,balanced,homog,low,spread,1002,0.7,0.6946507725614189,0.41679046353685134,0.6946507725614189,16.128,50.0,8.0,12.0,803,803,0,803,641,162,0,1.0,0.7982565379825654,12.82,0.0,0.0,9.97432335694113,11.787864117778682,1.0,1.0000000000000004,0.6203006323321771,0.37218037939930554,0.0,29.513936369376474,30,0.7005208333333334,0.4203125,0.28020833333333334,61.30076799054342,13.099346489816817,{}
test,balanced,homog,low,tetris,1002,0.7,0.6946507725614189,0.41679046353685134,0.6946507725614189,16.128,50.0,8.0,12.0,803,803,0,803,641,162,0,1.0,0.7982565379825654,12.82,0.0,0.0,9.97432335694113,11.787864117778682,1.0,1.0000000000000004,0.6203006323321771,0.37218037939930554,0.0,29.513936369376474,30,0.7005208333333334,0.4203125,0.28020833333333334,61.30076799054342,13.099346489816817,{}
test,balanced,homog,low,hybrid,1002,0.7,0.6946507725614189,0.41679046353685134,0.6946507725614189,16.128,50.0,8.0,12.0,803,803,0,803,641,162,0,1.0,0.7982565379825654,12.82,0.0,0.0,9.97432335694113,11.787864117778682,1.0,1.0000000000000004,0.6203006323321771,0.37218037939930554,0.0,27.287329687648658,30,0.7005208333333334,0.4203125,0.28020833333333334,61.30076799054342,13.099346489816817,"{'alpha': 0.1, 'beta': 0.9, 'gamma': 0.0, 'source': 'phase3_tuning'}"
test,balanced,homog,low,binpack,1003,0.7,0.6598715155439779,0.39592290932638674,0.6598715155439779,16.128,50.0,8.0,12.0,761,761,0,761,587,174,0,1.0,0.771353482260184,11.74,0.0,0.0,9.989014790485308,11.832042282236934,1.0,1.0000000000000004,0.5762280889059166,0.34573685334354987,0.0,19.746307340766784,24,0.7760416666666666,0.465625,0.3104166666666667,61.04014451935472,12.467205082692765,{}
test,balanced,homog,low,spread,1003,0.7,0.6598715155439779,0.39592290932638674,0.6598715155439779,16.128,50.0,8.0,12.0,761,761,0,761,587,174,0,1.0,0.771353482260184,11.74,0.0,0.0,9.989014790485308,11.832042282236934,1.0,1.0000000000000004,0.5762280889059166,0.34573685334354987,0.0,29.548399231789848,30,0.7760416666666666,0.465625,0.3104166666666667,61.04014451935472,12.467205082692765,{}
test,balanced,homog,low,tetris,1003,0.7,0.6598715155439779,0.39592290932638674,0.6598715155439779,16.128,50.0,8.0,12.0,761,761,0,761,587,174,0,1.0,0.771353482260184,11.74,0.0,0.0,9.989014790485308,11.832042282236934,1.0,1.0000000000000004,0.5762280889059166,0.34573685334354987,0.0,29.548399231789848,30,0.7760416666666666,0.465625,0.3104166666666667,61.04014451935472,12.467205082692765,{}
test,balanced,homog,low,hybrid,1003,0.7,0.6598715155439779,0.39592290932638674,0.6598715155439779,16.128,50.0,8.0,12.0,761,761,0,761,587,174,0,1.0,0.771353482260184,11.74,0.0,0.0,9.989014790485308,11.832042282236934,1.0,1.0000000000000004,0.5762280889059166,0.34573685334354987,0.0,27.366635943193636,30,0.7760416666666666,0.465625,0.3104166666666667,61.04014451935472,12.467205082692765,"{'alpha': 0.1, 'beta': 0.9, 'gamma': 0.0, 'source': 'phase3_tuning'}"
test,balanced,homog,low,binpack,1004,0.7,0.705418834266245,0.42325130055974697,0.705418834266245,16.128,50.0,8.0,12.0,809,809,0,809,654,155,0,1.0,0.8084054388133498,13.08,0.0,0.0,10.036456181443395,11.819548386290862,1.0,1.0000000000000004,0.6377560915511442,0.3826536549306864,0.0,21.2926164472698,24,0.6909722222222222,0.41458333333333336,0.2763888888888889,61.75579222787554,13.099985779711702,{}
test,balanced,homog,low,spread,1004,0.7,0.705418834266245,0.42325130055974697,0.705418834266245,16.128,50.0,8.0,12.0,809,809,0,809,654,155,0,1.0,0.8084054388133498,13.08,0.0,0.0,10.036456181443395,11.819548386290862,1.0,1.0000000000000004,0.6377560915511442,0.3826536549306864,0.0,29.29373124645451,30,0.6909722222222222,0.41458333333333336,0.27638888888888885,61.75579222787554,13.099985779711702,{}
test,balanced,homog,low,tetris,1004,0.7,0.705418834266245,0.42325130055974697,0.705418834266245,16.128,50.0,8.0,12.0,809,809,0,809,654,155,0,1.0,0.8084054388133498,13.08,0.0,0.0,10.036456181443395,11.819548386290862,1.0,1.0000000000000004,0.6377560915511442,0.3826536549306864,0.0,29.29373124645451,30,0.6909722222222222,0.41458333333333336,0.27638888888888885,61.75579222787554,13.099985779711702,{}
test,balanced,homog,low,hybrid,1004,0.7,0.705418834266245,0.42325130055974697,0.705418834266245,16.128,50.0,8.0,12.0,809,809,0,809,654,155,0,1.0,0.8084054388133498,13.08,0.0,0.0,10.036456181443395,11.819548386290862,1.0,1.0000000000000004,0.6377560915511442,0.3826536549306864,0.0,26.886555742785248,30,0.6909722222222222,0.41458333333333336,0.2763888888888889,61.75579222787554,13.099985779711702,"{'alpha': 0.1, 'beta': 0.9, 'gamma': 0.0, 'source': 'phase3_tuning'}"
test,balanced,homog,low,binpack,1005,0.7,0.7044581006004309,0.42267486036025853,0.7044581006004309,16.128,50.0,8.0,12.0,811,811,0,811,655,156,0,1.0,0.8076448828606658,13.1,0.0,0.0,10.010204902936358,11.782477565714679,1.0,1.0000000000000004,0.6301049001528934,0.37806294009173697,0.0,21.3886752991835,21,0.6458333333333334,0.3875,0.25833333333333336,61.36974442003305,13.214980894319378,{}
test,balanced,homog,low,spread,1005,0.7,0.7044581006004309,0.42267486036025853,0.7044581006004309,16.128,50.0,8.0,12.0,811,811,0,811,655,156,0,1.0,0.8076448828606658,13.1,0.0,0.0,10.010204902936358,11.782477565714679,1.0,1.0000000000000004,0.6301049001528934,0.37806294009173697,0.0,29.40179151772314,30,0.6458333333333334,0.3875,0.25833333333333336,61.36974442003305,13.214980894319378,{}
test,balanced,homog,low,tetris,1005,0.7,0.7044581006004309,0.42267486036025853,0.7044581006004309,16.128,50.0,8.0,12.0,811,811,0,811,655,156,0,1.0,0.8076448828606658,13.1,0.0,0.0,10.010204902936358,11.782477565714679,1.0,1.0000000000000004,0.6301049001528934,0.37806294009173697,0.0,29.40179151772314,30,0.6458333333333334,0.3875,0.25833333333333336,61.36974442003305,13.214980894319378,{}
test,balanced,homog,low,hybrid,1005,0.7,0.7044581006004309,0.42267486036025853,0.7044581006004309,16.128,50.0,8.0,12.0,811,811,0,811,655,156,0,1.0,0.8076448828606658,13.1,0.0,0.0,10.010204902936358,11.782477565714679,1.0,1.0000000000000004,0.6301049001528934,0.37806294009173697,0.0,27.540621841359226,30,0.6458333333333334,0.3875,0.25833333333333336,61.36974442003305,13.214980894319378,"{'alpha': 0.1, 'beta': 0.9, 'gamma': 0.0, 'source': 'phase3_tuning'}"
test,balanced,homog,low,binpack,1006,0.7,0.7066277594597101,0.4239766556758261,0.7066277594597101,16.128,50.0,8.0,12.0,809,809,0,809,650,159,0,1.0,0.8034610630407911,13.0,0.0,0.0,10.035700692401255,11.814857587461688,1.0,1.0000000000000002,0.6340906169877399,0.3804543701926441,0.0,21.37991747023011,23,0.6822916666666666,0.409375,0.27291666666666664,61.9209388564298,13.065047380430576,{}
test,balanced,homog,low,spread,1006,0.7,0.7066277594597101,0.4239766556758261,0.7066277594597101,16.128,50.0,8.0,12.0,809,809,0,809,650,159,0,1.0,0.8034610630407911,13.0,0.0,0.0,10.035700692401255,11.814857587461688,1.0,1.0000000000000002,0.6340906169877399,0.3804543701926441,0.0,29.550712544354102,30,0.6822916666666666,0.409375,0.27291666666666664,61.9209388564298,13.065047380430576,{}
test,balanced,homog,low,tetris,1006,0.7,0.7066277594597101,0.4239766556758261,0.7066277594597101,16.128,50.0,8.0,12.0,809,809,0,809,650,159,0,1.0,0.8034610630407911,13.0,0.0,0.0,10.035700692401255,11.814857587461688,1.0,1.0000000000000002,0.6340906169877399,0.3804543701926441,0.0,29.550712544354102,30,0.6822916666666666,0.409375,0.27291666666666664,61.9209388564298,13.065047380430576,{}
test,balanced,homog,low,hybrid,1006,0.7,0.7066277594597101,0.4239766556758261,0.7066277594597101,16.128,50.0,8.0,12.0,809,809,0,809,650,159,0,1.0,0.8034610630407911,13.0,0.0,0.0,10.035700692401255,11.814857587461688,1.0,1.0000000000000002,0.6340906169877399,0.3804543701926441,0.0,27.477668921414935,30,0.6822916666666666,0.409375,0.27291666666666664,61.9209388564298,13.065047380430576,"{'alpha': 0.1, 'beta': 0.9, 'gamma': 0.0, 'source': 'phase3_tuning'}"
test,balanced,homog,low,binpack,1007,0.7,0.7614853667918351,0.456891220075101,0.7614853667918351,16.128,50.0,8.0,12.0,874,874,0,874,669,205,0,1.0,0.7654462242562929,13.38,0.0016302940284647794,0.0,10.023766764892569,11.872617006534886,1.00016181493541,1.0000000000000004,0.6709159499609599,0.4025495699765758,0.028497539617564342,22.25196243014344,30,0.9157986111111112,0.5494791666666666,0.3663194444444445,61.32978647878831,14.250824113047974,{}
test,balanced,homog,low,spread,1007,0.7,0.7614853667918351,0.456891220075101,0.7614853667918351,16.128,50.0,8.0,12.0,874,874,0,874,669,205,0,1.0,0.7654462242562929,13.38,0.010518080392433474,0.0,10.032654551256538,11.876580453837917,1.001071651781266,1.0000000000000004,0.6700862543591574,0.40205175261549464,0.18385604525973712,29.359294314823263,30,0.915798611111111,0.5494791666666666,0.3663194444444445,61.32978647878831,14.250824113047974,{}
test,balanced,homog,low,tetris,1007,0.7,0.7614853667918351,0.456891220075101,0.7614853667918351,16.128,50.0,8.0,12.0,874,874,0,874,669,205,0,1.0,0.7654462242562929,13.38,0.010518080392433474,0.0,10.032654551256538,11.876580453837917,1.001071651781266,1.0000000000000004,0.6700862543591574,0.40205175261549464,0.18385604525973712,29.359294314823263,30,0.915798611111111,0.5494791666666666,0.3663194444444445,61.32978647878831,14.250824113047974,{}
test,balanced,homog,low,hybrid,1007,0.7,0.7614853667918351,0.456891220075101,0.7614853667918351,16.128,50.0,8.0,12.0,874,874,0,874,669,205,0,1.0,0.7654462242562929,13.38,0.0036464531665528657,0.0,10.025782924030658,11.874912481112055,1.0003586038808616,1.0000000000000004,0.6707323381593294,0.4024394028955978,0.0637400013513441,26.908376237678322,30,0.915798611111111,0.5494791666666666,0.3663194444444445,61.32978647878831,14.250824113047974,"{'alpha': 0.1, 'beta': 0.9, 'gamma': 0.0, 'source': 'phase3_tuning'}"
test,balanced,homog,low,binpack,1008,0.7,0.6971999011313741,0.4183199406788245,0.6971999011313741,16.128,50.0,8.0,12.0,803,803,0,803,647,156,0,1.0,0.8057285180572852,12.94,0.0,0.0,9.974109724963869,11.78242336874562,1.0,1.0000000000000004,0.6248946657925621,0.3749367994755372,0.0,20.858737803173476,25,0.671875,0.403125,0.26875,61.54136139030328,13.048135138045941,{}
test,balanced,homog,low,spread,1008,0.7,0.6971999011313741,0.4183199406788245,0.6971999011313741,16.128,50.0,8.0,12.0,803,803,0,803,647,156,0,1.0,0.8057285180572852,12.94,0.0,0.0,9.974109724963869,11.78242336874562,1.0,1.0000000000000004,0.6248946657925621,0.3749367994755372,0.0,29.487525191090757,30,0.671875,0.403125,0.26875,61.54136139030328,13.048135138045941,{}
test,balanced,homog,low,tetris,1008,0.7,0.6971999011313741,0.4183199406788245,0.6971999011313741,16.128,50.0,8.0,12.0,803,803,0,803,647,156,0,1.0,0.8057285180572852,12.94,0.0,0.0,9.974109724963869,11.78242336874562,1.0,1.0000000000000004,0.6248946657925621,0.3749367994755372,0.0,29.487525191090757,30,0.671875,0.403125,0.26875,61.54136139030328,13.048135138045941,{}
test,balanced,homog,low,hybrid,1008,0.7,0.6971999011313741,0.4183199406788245,0.6971999011313741,16.128,50.0,8.0,12.0,803,803,0,803,647,156,0,1.0,0.8057285180572852,12.94,0.0,0.0,9.974109724963869,11.78242336874562,1.0,1.0000000000000004,0.6248946657925621,0.3749367994755372,0.0,27.40253661756054,30,0.671875,0.403125,0.26875,61.54136139030328,13.048135138045941,"{'alpha': 0.1, 'beta': 0.9, 'gamma': 0.0, 'source': 'phase3_tuning'}"
test,balanced,homog,low,binpack,1009,0.7,0.7153520971536793,0.4292112582922076,0.7153520971536793,16.128,50.0,8.0,12.0,824,824,0,824,654,170,0,1.0,0.7936893203883495,13.08,0.0,0.0,9.995088844617625,11.821070664133337,1.0,1.0000000000000004,0.6498871840960231,0.38993231045761406,0.0,21.78762996000396,24,0.6727430555555556,0.4036458333333333,0.2690972222222222,61.63549372274991,13.368920247585496,{}
test,balanced,homog,low,spread,1009,0.7,0.7153520971536793,0.4292112582922076,0.7153520971536793,16.128,50.0,8.0,12.0,824,824,0,824,654,170,0,1.0,0.7936893203883495,13.08,0.0,0.0,9.995088844617625,11.821070664133337,1.0,1.0000000000000004,0.6498871840960231,0.38993231045761406,0.0,29.507730948278553,30,0.6727430555555556,0.4036458333333333,0.2690972222222222,61.63549372274991,13.368920247585496,{}
test,balanced,homog,low,tetris,1009,0.7,0.7153520971536793,0.4292112582922076,0.7153520971536793,16.128,50.0,8.0,12.0,824,824,0,824,654,170,0,1.0,0.7936893203883495,13.08,0.0,0.0,9.995088844617625,11.821070664133337,1.0,1.0000000000000004,0.6498871840960231,0.38993231045761406,0.0,29.507730948278553,30,0.6727430555555556,0.4036458333333333,0.2690972222222222,61.63549372274991,13.368920247585496,{}
test,balanced,homog,low,hybrid,1009,0.7,0.7153520971536793,0.4292112582922076,0.7153520971536793,16.128,50.0,8.0,12.0,824,824,0,824,654,170,0,1.0,0.7936893203883495,13.08,0.0,0.0,9.995088844617625,11.821070664133337,1.0,1.0000000000000004,0.6498871840960231,0.38993231045761406,0.0,27.464980458429668,30,0.6727430555555556,0.4036458333333333,0.26909722222222227,61.63549372274991,13.368920247585496,"{'alpha': 0.1, 'beta': 0.9, 'gamma': 0.0, 'source': 'phase3_tuning'}"
test,balanced,homog,med,binpack,1000,1.0,1.0547520982073901,0.6328512589244341,1.0547520982073901,23.04,50.0,8.0,12.0,1218,1218,0,1140,917,223,78,0.9359605911330049,0.7528735632183908,18.34,0.9080026599560633,3.9493266796799276,10.883125822978192,14.315848307414079,1.09186000412536,1.3926671023884707,0.8814171661094654,0.5288502996656791,19.054832016746012,27.16290426833996,30,0.9835069444444445,0.5901041666666667,0.3934027777777778,64.92605496099965,18.75980299021154,{}
test,balanced,homog,med,spread,1000,1.0,1.0547520982073901,0.6328512589244341,1.0547520982073901,23.04,50.0,8.0,12.0,1218,1218,0,1140,911,229,78,0.9359605911330049,0.7479474548440066,18.22,1.1323601541679171,4.708319810550265,11.107483317190047,15.15732948083604,1.1145906556354492,1.4848925190634361,0.8697902661217364,0.5218741596730415,23.586550760547606,29.521900203815044,30,0.9861111111111112,0.5916666666666667,0.3944444444444445,65.8343111247721,18.500991036294014,{}
test,balanced,homog,med,tetris,1000,1.0,1.0547520982073901,0.6328512589244341,1.0547520982073901,23.04,50.0,8.0,12.0,1218,1218,0,1140,911,229,78,0.9359605911330049,0.7479474548440066,18.22,1.1323601541679171,4.708319810550265,11.107483317190047,15.15732948083604,1.1145906556354492,1.4848925190634361,0.8697902661217364,0.5218741596730415,23.586550760547606,29.521900203815044,30,0.9861111111111112,0.5916666666666667,0.3944444444444445,65.8343111247721,18.500991036294014,{}
test,balanced,homog,med,hybrid,1000,1.0,1.0547520982073901,0.6328512589244341,1.0547520982073901,23.04,50.0,8.0,12.0,1218,1218,0,1135,909,226,83,0.9318555008210181,0.7463054187192119,18.18,1.1561791761755236,4.663731988523388,11.131302339197653,15.05733321765122,1.1169457911409395,1.4671253058625253,0.8707180725985882,0.5224308435591531,24.06156830167604,28.250037729921143,30,0.9835069444444445,0.5901041666666667,0.3934027777777778,65.82612896028567,18.503290702918985,"{'alpha': 0.1, 'beta': 0.9, 'gamma': 0.0, 'source': 'phase3_tuning'}"
test,balanced,homog,med,binpack,1001,1.0,0.9697505621306161,0.5818503372783697,0.9697505621306161,23.04,50.0,8.0,12.0,1116,1116,0,1115,894,221,1,0.9991039426523297,0.8010752688172043,17.88,0.4179831897201476,2.0271816238794074,10.411133696012282,12.612186399924635,1.0425121298871605,1.194812333174369,0.8751173656881793,0.5250704194129074,9.325556862259418,27.11047900840304,30,0.9774305555555556,0.5864583333333333,0.3909722222222223,61.632899626438856,18.10721232919676,{}
test,balanced,homog,med,spread,1001,1.0,0.9697505621306161,0.5818503372783697,0.9697505621306161,23.04,50.0,8.0,12.0,1116,1116,0,1108,890,218,8,0.992831541218638,0.7974910394265233,17.8,0.6172139032651005,2.305656263615319,10.610364409557235,13.093837264624916,1.0628148829233361,1.2362355725398928,0.8684981329323423,0.5210988797594046,13.713363424927815,29.62799870937563,30,0.9618055555555556,0.5770833333333333,0.3847222222222222,62.1381524747009,17.959980391344452,{}
test,balanced,homog,med,tetris,1001,1.0,0.9697505621306161,0.5818503372783697,0.9697505621306161,23.04,50.0,8.0,12.0,1116,1116,0,1108,890,218,8,0.992831541218638,0.7974910394265233,17.8,0.6172139032651005,2.305656263615319,10.610364409557235,13.093837264624916,1.0628148829233361,1.2362355725398928,0.8684981329323423,0.5210988797594046,13.713363424927815,29.62799870937563,30,0.9618055555555556,0.5770833333333333,0.3847222222222222,62.1381524747009,17.959980391344452,{}
test,balanced,homog,med,hybrid,1001,1.0,0.9697505621306161,0.5818503372783697,0.9697505621306161,23.04,50.0,8.0,12.0,1116,1116,0,1108,891,217,8,0.992831541218638,0.7983870967741935,17.82,0.5724340149009335,2.159415302026744,10.565584521193067,12.960857919396958,1.058316637455736,1.2163753369044725,0.869999687189828,0.5219998123138962,12.715468948247153,28.201018542212864,30,0.954861111111111,0.5729166666666666,0.3819444444444445,61.99827019684645,18.00050221492737,"{'alpha': 0.1, 'beta': 0.9, 'gamma': 0.0, 'source': 'phase3_tuning'}"
test,balanced,homog,med,binpack,1002,1.0,1.0084042825606891,0.6050425695364136,1.0084042825606891,23.04,50.0,8.0,12.0,1168,1168,0,1132,903,229,36,0.9691780821917808,0.7731164383561644,18.06,0.4343843147784242,1.8673302831641152,10.388307948334067,12.524610436054793,1.0445564404001326,1.1854488295399674,0.873902450105563,0.5243414700633386,9.260623480531653,27.255399931479314,30,0.978298611111111,0.5869791666666667,0.39131944444444444,63.674315932686625,18.34334586703299,{}
test,balanced,homog,med,spread,1002,1.0,1.0084042825606891,0.6050425695364136,1.0084042825606891,23.04,50.0,8.0,12.0,1168,1168,0,1125,898,227,43,0.9631849315068494,0.7688356164383562,17.96,0.5312827849060713,2.2298943076757283,10.485206418461715,12.81805637375426,1.0544019135363152,1.220170743926741,0.8692464617309682,0.5215478770385819,11.26700681972614,29.659755458563577,30,0.9722222222222222,0.5833333333333334,0.38888888888888895,63.88008705324545,18.284258113587832,{}
test,balanced,homog,med,tetris,1002,1.0,1.0084042825606891,0.6050425695364136,1.0084042825606891,23.04,50.0,8.0,12.0,1168,1168,0,1125,898,227,43,0.9631849315068494,0.7688356164383562,17.96,0.5312827849060713,2.2298943076757283,10.485206418461715,12.81805637375426,1.0544019135363152,1.220170743926741,0.8692464617309682,0.5215478770385819,11.26700681972614,29.659755458563577,30,0.9722222222222222,0.5833333333333334,0.38888888888888895,63.88008705324545,18.284258113587832,{}
test,balanced,homog,med,hybrid,1002,1.0,1.0084042825606891,0.6050425695364136,1.0084042825606891,23.04,50.0,8.0,12.0,1168,1168,0,1121,896,225,47,0.9597602739726028,0.7671232876712328,17.92,0.5883311275414377,2.386065337567132,10.54225476109708,12.935520038495255,1.0603575654554074,1.2351935974388883,0.8668533690713874,0.5201120214428318,12.463891430873817,28.129836036755318,30,0.9635416666666666,0.578125,0.3854166666666667,64.04325476242536,18.237673964772853,"{'alpha': 0.1, 'beta': 0.9, 'gamma': 0.0, 'source': 'phase3_tuning'}"
test,balanced,homog,med,binpack,1003,1.0,0.9374873891961806,0.5624924335177083,0.9374873891961806,23.04,50.0,8.0,12.0,1083,1083,0,1083,861,222,0,1.0,0.7950138504155124,17.22,0.14417417611609853,0.8561717652842624,10.13575015301131,11.90442496216368,1.014862568301907,1.0915075667239167,0.8382424936994817,0.5029454962196884,3.122812654674687,26.543206425870302,30,0.9609375,0.5765625,0.384375,61.416493232234004,17.633699727935547,{}
test,balanced,homog,med,spread,1003,1.0,0.9374873891961806,0.5624924335177083,0.9374873891961806,23.04,50.0,8.0,12.0,1083,1083,0,1076,853,223,7,0.9935364727608494,0.7876269621421976,17.06,0.2330662066693164,1.1507098031684961,10.224642183564526,11.993580554201628,1.0239079798345678,1.1150917198135302,0.8337745885605566,0.5002647531363356,5.025180384173832,29.683879462252982,30,0.9678819444444444,0.5807291666666666,0.3871527777777778,61.77014935264634,17.532740512203446,{}
test,balanced,homog,med,tetris,1003,1.0,0.9374873891961806,0.5624924335177083,0.9374873891961806,23.04,50.0,8.0,12.0,1083,1083,0,1076,853,223,7,0.9935364727608494,0.7876269621421976,17.06,0.2330662066693164,1.1507098031684961,10.224642183564526,11.993580554201628,1.0239079798345678,1.1150917198135302,0.8337745885605566,0.5002647531363356,5.025180384173832,29.683879462252982,30,0.9678819444444444,0.5807291666666666,0.3871527777777778,61.77014935264634,17.532740512203446,{}
test,balanced,homog,med,hybrid,1003,1.0,0.9374873891961806,0.5624924335177083,0.9374873891961806,23.04,50.0,8.0,12.0,1083,1083,0,1075,853,222,8,0.9926131117266851,0.7876269621421976,17.06,0.2416898761443874,1.324313457574057,10.233265853039597,11.979584877447845,1.024781443977582,1.1307854122295578,0.8312742700956044,0.49876456205736197,5.190314215836583,28.28409882083791,30,0.9635416666666666,0.578125,0.3854166666666667,61.75006116833051,17.538444165225112,"{'alpha': 0.1, 'beta': 0.9, 'gamma': 0.0, 'source': 'phase3_tuning'}"
test,balanced,homog,med,binpack,1004,1.0,0.9743356468164078,0.5846013880898447,0.9743356468164078,23.04,50.0,8.0,12.0,1118,1118,0,1114,900,214,4,0.9964221824686941,0.8050089445438283,18.0,0.4187273167800464,2.2373548714179563,10.46610686588699,12.64831967137787,1.042425686016159,1.2238708375964027,0.8675004462485147,0.5205002677491086,9.35060453324939,26.857167719375248,30,0.9756944444444445,0.5854166666666667,0.3902777777777778,61.39337786308135,18.21043309415794,{}
test,balanced,homog,med,spread,1004,1.0,0.9743356468164078,0.5846013880898447,0.9743356468164078,23.04,50.0,8.0,12.0,1118,1118,0,1100,887,213,18,0.9838998211091234,0.7933810375670841,17.74,0.5815465845339415,3.100423385392382,10.628926133640885,13.310119621178064,1.0588035928235555,1.3142058071826028,0.8578967873714956,0.5147380724228989,12.864598027925538,29.505611872518195,30,0.9765625,0.5859375,0.390625,62.342094414359785,17.933308312825652,{}
test,balanced,homog,med,tetris,1004,1.0,0.9743356468164078,0.5846013880898447,0.9743356468164078,23.04,50.0,8.0,12.0,1118,1118,0,1100,887,213,18,0.9838998211091234,0.7933810375670841,17.74,0.5815465845339415,3.100423385392382,10.628926133640885,13.310119621178064,1.0588035928235555,1.3142058071826028,0.8578967873714956,0.5147380724228989,12.864598027925538,29.505611872518195,30,0.9765625,0.5859375,0.390625,62.342094414359785,17.933308312825652,{}
test,balanced,homog,med,hybrid,1004,1.0,0.9743356468164078,0.5846013880898447,0.9743356468164078,23.04,50.0,8.0,12.0,1118,1118,0,1101,889,212,17,0.9847942754919499,0.7951699463327371,17.78,0.5659298092903449,3.0504727796103097,10.61330935839729,13.31665533340405,1.0572474815061383,1.3064303402959625,0.8577734072706815,0.5146640443624084,12.4909674313558,27.95756041353272,30,0.967013888888889,0.5802083333333333,0.38680555555555557,62.39869972490044,17.917040017323597,"{'alpha': 0.1, 'beta': 0.9, 'gamma': 0.0, 'source': 'phase3_tuning'}"
test,balanced,homog,med,binpack,1005,1.0,1.0074772563157204,0.6044863537894322,1.0074772563157204,23.04,50.0,8.0,12.0,1155,1155,0,1133,905,228,22,0.9809523809523809,0.7835497835497836,18.1,0.46076142782301666,1.7977219032921177,10.501297791807062,12.624021384309387,1.046506011370598,1.1805726983610307,0.8878252298259488,0.5326951378955699,10.353148316533458,27.350199143769704,30,0.9817708333333334,0.5890625,0.3927083333333333,63.3891226635007,18.22079169846353,{}
test,balanced,homog,med,spread,1005,1.0,1.0074772563157204,0.6044863537894322,1.0074772563157204,23.04,50.0,8.0,12.0,1155,1155,0,1132,901,231,23,0.9800865800865801,0.78008658008658,18.02,0.6372104079673582,2.8230971128044473,10.677746771951405,13.338431546944204,1.0641642431172713,1.2725807632183834,0.877463202178752,0.5264779213072517,14.1766566190752,29.58125406240629,30,0.9791666666666666,0.5875,0.39166666666666666,64.13254955395756,18.009575606038354,{}
test,balanced,homog,med,tetris,1005,1.0,1.0074772563157204,0.6044863537894322,1.0074772563157204,23.04,50.0,8.0,12.0,1155,1155,0,1132,901,231,23,0.9800865800865801,0.78008658008658,18.02,0.6372104079673582,2.8230971128044473,10.677746771951405,13.338431546944204,1.0641642431172713,1.2725807632183834,0.877463202178752,0.5264779213072517,14.1766566190752,29.58125406240629,30,0.9791666666666666,0.5875,0.39166666666666666,64.13254955395756,18.009575606038354,{}
test,balanced,homog,med,hybrid,1005,1.0,1.0074772563157204,0.6044863537894322,1.0074772563157204,23.04,50.0,8.0,12.0,1155,1155,0,1133,902,231,22,0.9809523809523809,0.780952380952381,18.04,0.5795412443543382,2.413353448115636,10.620077608338384,12.969112095531415,1.0583759536095683,1.2328940962484878,0.8818000592610983,0.5290800355566588,12.945791331693151,28.40713750920065,30,0.984375,0.590625,0.39375,63.90937742279508,18.072465208963788,"{'alpha': 0.1, 'beta': 0.9, 'gamma': 0.0, 'source': 'phase3_tuning'}"
test,balanced,homog,med,binpack,1006,1.0,0.9918884838510486,0.5951330903106291,0.9918884838510486,23.04,50.0,8.0,12.0,1143,1143,0,1132,906,226,11,0.9903762029746281,0.7926509186351706,18.12,0.48978682490865016,1.4076473876712257,10.479420464628603,12.565386495479466,1.0495474597086714,1.1458684944144357,0.8850100867333448,0.5310060520400071,11.118987704343875,27.32372595781792,30,0.9652777777777779,0.5791666666666667,0.3861111111111111,61.92688459390578,18.457250150647535,{}
test,balanced,homog,med,spread,1006,1.0,0.9918884838510486,0.5951330903106291,0.9918884838510486,23.04,50.0,8.0,12.0,1143,1143,0,1129,904,225,14,0.9877515310586177,0.7909011373578303,18.08,0.6426626828442396,1.895380667583563,10.632296322564192,12.921497373868178,1.0649890940872768,1.1907657233621098,0.8791150742456729,0.5274690445474037,14.498896374545852,29.685498781047926,30,0.9583333333333334,0.575,0.38333333333333336,62.43976645921421,18.30564181796884,{}
test,balanced,homog,med,tetris,1006,1.0,0.9918884838510486,0.5951330903106291,0.9918884838510486,23.04,50.0,8.0,12.0,1143,1143,0,1129,904,225,14,0.9877515310586177,0.7909011373578303,18.08,0.6426626828442396,1.895380667583563,10.632296322564192,12.921497373868178,1.0649890940872768,1.1907657233621098,0.8791150742456729,0.5274690445474037,14.498896374545852,29.685498781047926,30,0.9583333333333334,0.575,0.38333333333333336,62.43976645921421,18.30564181796884,{}
test,balanced,homog,med,hybrid,1006,1.0,0.9918884838510486,0.5951330903106291,0.9918884838510486,23.04,50.0,8.0,12.0,1143,1143,0,1126,902,224,17,0.9851268591426072,0.7891513560804899,18.04,0.7339577923117494,2.1459871598617752,10.723591432031702,13.11646986052935,1.0742555598784342,1.2129362182623973,0.8768079545945239,0.5260847727567143,16.514519987156927,28.32950874396204,30,0.9565972222222222,0.5739583333333333,0.38263888888888886,62.553790119148246,18.27227411517177,"{'alpha': 0.1, 'beta': 0.9, 'gamma': 0.0, 'source': 'phase3_tuning'}"
test,balanced,homog,med,binpack,1007,1.0,1.0450456210485906,0.6270273726291543,1.0450456210485906,23.04,50.0,8.0,12.0,1199,1199,0,1125,906,219,74,0.9382819015846539,0.755629691409508,18.12,1.5879352299554668,6.0319046122854445,11.634108070157966,16.022523386799364,1.1599262316497914,1.5957923070043105,0.8639602486391962,0.5183761491835178,35.038230938018366,26.595530805048575,30,0.9791666666666666,0.5875,0.39166666666666666,66.38010379338498,18.06264123557283,{}
test,balanced,homog,med,spread,1007,1.0,1.0450456210485906,0.6270273726291543,1.0450456210485906,23.04,50.0,8.0,12.0,1199,1199,0,1117,902,215,82,0.9316096747289407,0.7522935779816514,18.04,1.7859208666560809,6.54017811903703,11.832093706858581,16.678580158433395,1.1798118043543626,1.6588931022377102,0.8536540802771914,0.5121924481663153,38.59875652082274,29.551506020376337,30,0.9565972222222222,0.5739583333333333,0.38263888888888886,66.80020271317788,17.94904732771821,{}
test,balanced,homog,med,tetris,1007,1.0,1.0450456210485906,0.6270273726291543,1.0450456210485906,23.04,50.0,8.0,12.0,1199,1199,0,1117,902,215,82,0.9316096747289407,0.7522935779816514,18.04,1.7859208666560809,6.54017811903703,11.832093706858581,16.678580158433395,1.1798118043543626,1.6588931022377102,0.8536540802771914,0.5121924481663153,38.59875652082274,29.551506020376337,30,0.9565972222222222,0.5739583333333333,0.38263888888888886,66.80020271317788,17.94904732771821,{}
test,balanced,homog,med,hybrid,1007,1.0,1.0450456210485906,0.6270273726291543,1.0450456210485906,23.04,50.0,8.0,12.0,1199,1199,0,1125,907,218,74,0.9382819015846539,0.7564637197664721,18.14,1.726902375593283,7.846683174723857,11.773075215795782,17.778315195403103,1.1743131431837024,1.7793544086143793,0.8536949284311797,0.5122169570587072,37.69344580063274,27.90148975215998,30,0.9696180555555556,0.5817708333333333,0.3878472222222223,67.12837061903156,17.86130050444084,"{'alpha': 0.1, 'beta': 0.9, 'gamma': 0.0, 'source': 'phase3_tuning'}"
test,balanced,homog,med,binpack,1008,1.0,1.006240410394803,0.6037442462368818,1.006240410394803,23.04,50.0,8.0,12.0,1162,1162,0,1133,901,232,29,0.9750430292598967,0.7753872633390706,18.02,0.46172786713394803,1.6780807231395833,10.45275212838859,12.504263647815527,1.0473488815924994,1.1747033596683063,0.8750541676443455,0.525032500586609,10.34461112544417,27.06237843018715,30,0.978298611111111,0.5869791666666667,0.39131944444444444,63.432596548932565,18.318657334224387,{}
test,balanced,homog,med,spread,1008,1.0,1.006240410394803,0.6037442462368818,1.006240410394803,23.04,50.0,8.0,12.0,1162,1162,0,1131,895,236,31,0.9733218588640276,0.770223752151463,17.9,0.6897221069749448,2.1297643645821474,10.680746368229588,12.982805977609647,1.0711061483635058,1.2452937427156354,0.8643546917150486,0.5186128150290267,15.16110076115898,29.641267633763583,30,0.9774305555555556,0.5864583333333333,0.3909722222222223,64.43526715598594,18.033602579578222,{}
test,balanced,homog,med,tetris,1008,1.0,1.006240410394803,0.6037442462368818,1.006240410394803,23.04,50.0,8.0,12.0,1162,1162,0,1131,895,236,31,0.9733218588640276,0.770223752151463,17.9,0.6897221069749448,2.1297643645821474,10.680746368229588,12.982805977609647,1.0711061483635058,1.2452937427156354,0.8643546917150486,0.5186128150290267,15.16110076115898,29.641267633763583,30,0.9774305555555556,0.5864583333333333,0.3909722222222223,64.43526715598594,18.033602579578222,{}
test,balanced,homog,med,hybrid,1008,1.0,1.006240410394803,0.6037442462368818,1.006240410394803,23.04,50.0,8.0,12.0,1162,1162,0,1133,898,235,29,0.9750430292598967,0.7728055077452668,17.96,0.6762203116766954,2.4049176065143385,10.667244572931338,12.961143716686301,1.0697363398081692,1.2626887311503459,0.8635127827165873,0.5181076696299529,14.817381586500904,28.14228958512125,30,0.9730902777777778,0.5838541666666667,0.3892361111111111,64.53079488407303,18.006906657317426,"{'alpha': 0.1, 'beta': 0.9, 'gamma': 0.0, 'source': 'phase3_tuning'}"
test,balanced,homog,med,binpack,1009,1.0,1.0248713439825867,0.614922806389552,1.0248713439825867,23.04,50.0,8.0,12.0,1181,1181,0,1130,903,227,51,0.9568162574089755,0.7646062658763759,18.06,1.0206063548551882,3.067828591884769,11.011262815773945,13.894271591787572,1.1039650287376925,1.3280605029661556,0.8813088179531213,0.5287852907718729,23.054857438887336,27.131659278730794,30,0.9774305555555556,0.5864583333333333,0.3909722222222222,63.93247010434479,18.472616466601067,{}
test,balanced,homog,med,spread,1009,1.0,1.0248713439825867,0.614922806389552,1.0248713439825867,23.04,50.0,8.0,12.0,1181,1181,0,1127,898,229,54,0.9542760372565622,0.7603725656223539,17.96,1.1734657565883688,3.603412882824543,11.164122217507126,14.43039810782258,1.1195165521860295,1.3821818301247661,0.8750353135349376,0.5250211881209642,26.248640978776212,29.65541166379493,30,0.9835069444444445,0.5901041666666667,0.3934027777777778,64.39242455043367,18.34066675149051,{}
test,balanced,homog,med,tetris,1009,1.0,1.0248713439825867,0.614922806389552,1.0248713439825867,23.04,50.0,8.0,12.0,1181,1181,0,1127,898,229,54,0.9542760372565622,0.7603725656223539,17.96,1.1734657565883688,3.603412882824543,11.164122217507126,14.43039810782258,1.1195165521860295,1.3821818301247661,0.8750353135349376,0.5250211881209642,26.248640978776212,29.65541166379493,30,0.9835069444444445,0.5901041666666667,0.3934027777777778,64.39242455043367,18.34066675149051,{}
test,balanced,homog,med,hybrid,1009,1.0,1.0248713439825867,0.614922806389552,1.0248713439825867,23.04,50.0,8.0,12.0,1181,1181,0,1119,892,227,62,0.947502116850127,0.7552921253175275,17.84,1.2491884157543052,3.775772998029286,11.239844876673061,14.548325505167242,1.1272798529889327,1.3944912744977054,0.871538233704892,0.5229229402229368,27.933479365213998,28.18064306587648,30,0.9852430555555556,0.5911458333333334,0.39409722222222227,64.22121398637162,18.38956205733856,"{'alpha': 0.1, 'beta': 0.9, 'gamma': 0.0, 'source': 'phase3_tuning'}"
test,balanced,homog,high,binpack,1000,1.3,1.35945796087037,0.815674776522222,1.35945796087037,29.952,50.0,8.0,12.0,1570,1570,0,1220,977,243,350,0.7770700636942676,0.6222929936305732,19.54,7.21687931190867,18.113398757180036,17.186399559490233,28.389761710978192,1.7326477598939485,2.952988695738667,0.9041841616339571,0.5425104969803747,161.24718840851088,27.82949777720596,30,0.9765625,0.5859375,0.390625,80.43218786211004,19.519548600263736,{}
test,balanced,homog,high,spread,1000,1.3,1.35945796087037,0.815674776522222,1.35945796087037,29.952,50.0,8.0,12.0,1570,1570,0,1228,982,246,342,0.7821656050955414,0.6254777070063694,19.64,7.211670412270726,18.19609466039369,17.181190659852287,28.518957144141474,1.7321126803488751,2.985053770784849,0.9023842897968976,0.5414305738781384,159.77380578156868,29.632230926011502,30,0.9791666666666666,0.5875,0.39166666666666666,80.93837604066277,19.397473445862627,{}
test,balanced,homog,high,tetris,1000,1.3,1.35945796087037,0.815674776522222,1.35945796087037,29.952,50.0,8.0,12.0,1570,1570,0,1228,982,246,342,0.7821656050955414,0.6254777070063694,19.64,7.211670412270726,18.19609466039369,17.181190659852287,28.518957144141474,1.7321126803488751,2.985053770784849,0.9023842897968976,0.5414305738781384,159.77380578156868,29.632230926011502,30,0.9791666666666666,0.5875,0.39166666666666666,80.93837604066277,19.397473445862627,{}
test,balanced,homog,high,hybrid,1000,1.3,1.35945796087037,0.815674776522222,1.35945796087037,29.952,50.0,8.0,12.0,1570,1570,0,1223,980,243,347,0.7789808917197453,0.6242038216560509,19.6,7.193051090350013,18.13922119478829,17.162571337931574,28.514047198750823,1.7302404488601684,2.981154182384569,0.9038838207032088,0.5423302924219255,159.75547201556085,28.62989207226412,30,0.9765625,0.5859375,0.390625,80.51578371912944,19.499282345394217,"{'alpha': 0.1, 'beta': 0.9, 'gamma': 0.0, 'source': 'phase3_tuning'}"
test,balanced,homog,high,binpack,1001,1.3,1.2660560426849692,0.7596336256109815,1.2660560426849692,29.952,50.0,8.0,12.0,1453,1453,0,1217,979,238,236,0.8375774260151411,0.673778389538885,19.58,5.424536129589804,14.05252716086946,15.459510868556661,24.21677645971576,1.5469406229051705,2.400857672159285,0.90609504660996,0.5436570279659753,125.88475288952878,27.86365640852975,30,0.970486111111111,0.5822916666666667,0.38819444444444445,76.00331955116488,19.11758602888195,{}
test,balanced,homog,high,spread,1001,1.3,1.2660560426849692,0.7596336256109815,1.2660560426849692,29.952,50.0,8.0,12.0,1453,1453,0,1211,971,240,242,0.8334480385409497,0.6682725395732966,19.42,5.3695376934430765,16.453802708286133,15.404512432409934,26.44951503064123,1.541880066296703,2.646449085810302,0.9005188539715573,0.5403113123829337,124.4333180598008,29.71384516105816,30,0.9739583333333334,0.584375,0.38958333333333334,76.16241453040044,19.077651476241357,{}
test,balanced,homog,high,tetris,1001,1.3,1.2660560426849692,0.7596336256109815,1.2660560426849692,29.952,50.0,8.0,12.0,1453,1453,0,1211,971,240,242,0.8334480385409497,0.6682725395732966,19.42,5.3695376934430765,16.453802708286133,15.404512432409934,26.44951503064123,1.541880066296703,2.646449085810302,0.9005188539715573,0.5403113123829337,124.4333180598008,29.71384516105816,30,0.9739583333333334,0.584375,0.38958333333333334,76.16241453040044,19.077651476241357,{}
test,balanced,homog,high,hybrid,1001,1.3,1.2660560426849692,0.7596336256109815,1.2660560426849692,29.952,50.0,8.0,12.0,1453,1453,0,1221,978,243,232,0.8403303509979353,0.6730901582931865,19.56,5.3337908049282134,15.684943920840148,15.368765543895071,25.810061702651637,1.538092109801268,2.563328476111564,0.9037788079040342,0.5422672847424206,124.05407700410214,28.677130363619778,30,0.9765625,0.5859375,0.390625,76.12957531606054,19.085880802141695,"{'alpha': 0.1, 'beta': 0.9, 'gamma': 0.0, 'source': 'phase3_tuning'}"
test,balanced,homog,high,binpack,1002,1.3,1.2987052549081137,0.7792231529448682,1.2987052549081137,29.952,50.0,8.0,12.0,1501,1501,0,1209,970,239,292,0.8054630246502332,0.6462358427714857,19.4,5.784833352809713,14.939345190937864,15.742965793066066,25.329202889387723,1.5884849093881779,2.5945316828991114,0.9111663841965705,0.5466998305179438,131.27617026384277,27.967813740956984,30,0.9800347222222222,0.5880208333333333,0.39201388888888894,76.6510935711704,19.582238557448942,{}
test,balanced,homog,high,spread,1002,1.3,1.2987052549081137,0.7792231529448682,1.2987052549081137,29.952,50.0,8.0,12.0,1501,1501,0,1206,965,241,295,0.8034643570952699,0.64290473017988,19.3,6.04826573232975,15.447434608640137,16.006398172586103,25.864602001222686,1.6151577916049906,2.6793729011045593,0.9011385513004317,0.540683130780258,136.26306472315483,29.7382734296642,30,0.978298611111111,0.5869791666666667,0.39131944444444444,77.41964601120094,19.38784374941262,{}
test,balanced,homog,high,tetris,1002,1.3,1.2987052549081137,0.7792231529448682,1.2987052549081137,29.952,50.0,8.0,12.0,1501,1501,0,1206,965,241,295,0.8034643570952699,0.64290473017988,19.3,6.04826573232975,15.447434608640137,16.006398172586103,25.864602001222686,1.6151577916049906,2.6793729011045593,0.9011385513004317,0.540683130780258,136.26306472315483,29.7382734296642,30,0.978298611111111,0.5869791666666667,0.39131944444444444,77.41964601120094,19.38784374941262,{}
test,balanced,homog,high,hybrid,1002,1.3,1.2987052549081137,0.7792231529448682,1.2987052549081137,29.952,50.0,8.0,12.0,1501,1501,0,1206,962,244,295,0.8034643570952699,0.6409060626249167,19.24,6.064428615523694,15.554372249878078,16.022561055780045,25.922217088771582,1.6168428310377878,2.6651141366659963,0.8996964693760073,0.5398178816256044,136.7054195423938,28.6359774790449,30,0.9809027777777778,0.5885416666666666,0.3923611111111111,77.14401679401806,19.457114918034595,"{'alpha': 0.1, 'beta': 0.9, 'gamma': 0.0, 'source': 'phase3_tuning'}"
test,balanced,homog,high,binpack,1003,1.3,1.2478615535367286,0.7487169321220372,1.2478615535367286,29.952,50.0,8.0,12.0,1435,1435,0,1208,969,239,227,0.8418118466898955,0.6752613240418118,19.38,3.9282094649012342,15.773020064537711,13.931854973431824,25.13457179756506,1.397526708718687,2.494405778287797,0.905422141393536,0.5432532848361223,86.87681107647838,27.81076638808744,30,0.9800347222222222,0.5880208333333333,0.39201388888888894,74.56516019784877,19.244912720530845,{}
test,balanced,homog,high,spread,1003,1.3,1.2478615535367286,0.7487169321220372,1.2478615535367286,29.952,50.0,8.0,12.0,1435,1435,0,1213,972,241,222,0.8452961672473868,0.6773519163763067,19.44,3.878616765709779,16.265001394733076,13.882262274240366,25.607178426291703,1.392626316764655,2.571029662693264,0.9052415438915543,0.5431449263349333,85.63122860093918,29.75683035557922,30,0.9835069444444445,0.5901041666666667,0.3934027777777778,74.7707649108055,19.191993043160924,{}
test,balanced,homog,high,tetris,1003,1.3,1.2478615535367286,0.7487169321220372,1.2478615535367286,29.952,50.0,8.0,12.0,1435,1435,0,1213,972,241,222,0.8452961672473868,0.6773519163763067,19.44,3.878616765709779,16.265001394733076,13.882262274240366,25.607178426291703,1.392626316764655,2.571029662693264,0.9052415438915543,0.5431449263349333,85.63122860093918,29.75683035557922,30,0.9835069444444445,0.5901041666666667,0.3934027777777778,74.7707649108055,19.191993043160924,{}
test,balanced,homog,high,hybrid,1003,1.3,1.2478615535367286,0.7487169321220372,1.2478615535367286,29.952,50.0,8.0,12.0,1435,1435,0,1208,969,239,227,0.8418118466898955,0.6752613240418118,19.38,4.013892803041432,15.317979131612503,14.017538311572022,24.900222051635488,1.4061997413977585,2.4745614934343108,0.9041529471286741,0.5424917682772064,88.8256328586017,28.661959549787,30,0.982638888888889,0.5895833333333333,0.3930555555555556,74.39610439693152,19.28864436696482,"{'alpha': 0.1, 'beta': 0.9, 'gamma': 0.0, 'source': 'phase3_tuning'}"
test,balanced,homog,high,binpack,1004,1.3,1.285671468510622,0.7714028811063732,1.285671468510622,29.952,50.0,8.0,12.0,1474,1474,0,1207,969,238,267,0.8188602442333786,0.6573948439620081,19.38,5.6609480114050905,16.53651707510857,15.695121111252258,26.492569616908852,1.571645739666718,2.6000796563225848,0.8984404019780956,0.5390642411868574,128.84170222452926,27.56566974688552,30,0.9809027777777778,0.5885416666666666,0.3923611111111111,77.497204542142,19.020040899648933,{}
test,balanced,homog,high,spread,1004,1.3,1.285671468510622,0.7714028811063732,1.285671468510622,29.952,50.0,8.0,12.0,1474,1474,0,1206,969,237,268,0.8181818181818182,0.6573948439620081,19.38,5.542408631444505,15.898013239474096,15.576581731291672,26.004100084935104,1.5586949937850014,2.5918453502620444,0.8937757184781779,0.5362654310869075,123.30513098388415,29.619701440398536,30,0.9817708333333334,0.5890625,0.3927083333333333,77.742199399059,18.960101610115256,{}
test,balanced,homog,high,tetris,1004,1.3,1.285671468510622,0.7714028811063732,1.285671468510622,29.952,50.0,8.0,12.0,1474,1474,0,1206,969,237,268,0.8181818181818182,0.6573948439620081,19.38,5.542408631444505,15.898013239474096,15.576581731291672,26.004100084935104,1.5586949937850014,2.5918453502620444,0.8937757184781779,0.5362654310869075,123.30513098388415,29.619701440398536,30,0.9817708333333334,0.5890625,0.3927083333333333,77.742199399059,18.960101610115256,{}
test,balanced,homog,high,hybrid,1004,1.3,1.285671468510622,0.7714028811063732,1.285671468510622,29.952,50.0,8.0,12.0,1474,1474,0,1201,963,238,273,0.8147896879240163,0.6533242876526458,19.26,5.666987749173188,14.338146396201822,15.701160849020354,24.899294785849996,1.5714146517283145,2.5036458985860106,0.89595276532242,0.5375716591934517,125.54564636412793,28.34683154171158,30,0.9861111111111112,0.5916666666666667,0.3944444444444445,77.18730490778681,19.096404541665763,"{'alpha': 0.1, 'beta': 0.9, 'gamma': 0.0, 'source': 'phase3_tuning'}"
test,balanced,homog,high,binpack,1005,1.3,1.2879516904562267,0.772771014273736,1.2879516904562267,29.952,50.0,8.0,12.0,1482,1482,0,1182,948,234,300,0.7975708502024291,0.6396761133603239,18.96,6.189397817517625,14.156447582936387,16.226789316945176,24.509290095207618,1.626137173876535,2.465093286373835,0.9103535998496433,0.5462121599097867,143.6817865824224,28.01198793009617,30,0.9765625,0.5859375,0.390625,76.67899875047654,19.327325919090587,{}
test,balanced,homog,high,spread,1005,1.3,1.2879516904562267,0.772771014273736,1.2879516904562267,29.952,50.0,8.0,12.0,1482,1482,0,1214,975,239,268,0.8191632928475033,0.6578947368421053,19.5,5.652615210304711,15.576169947931746,15.690006709732266,25.27338551976333,1.5727511338990987,2.527838429521304,0.9141257152548355,0.5484754291529003,131.18486168080943,29.677887740312425,30,0.982638888888889,0.5895833333333333,0.3930555555555556,76.84875418661149,19.284632726787816,{}
test,balanced,homog,high,tetris,1005,1.3,1.2879516904562267,0.772771014273736,1.2879516904562267,29.952,50.0,8.0,12.0,1482,1482,0,1214,975,239,268,0.8191632928475033,0.6578947368421053,19.5,5.652615210304711,15.576169947931746,15.690006709732266,25.27338551976333,1.5727511338990987,2.527838429521304,0.9141257152548355,0.5484754291529003,131.18486168080943,29.677887740312425,30,0.982638888888889,0.5895833333333333,0.3930555555555556,76.84875418661149,19.284632726787816,{}
test,balanced,homog,high,hybrid,1005,1.3,1.2879516904562267,0.772771014273736,1.2879516904562267,29.952,50.0,8.0,12.0,1482,1482,0,1218,979,239,264,0.8218623481781376,0.6605937921727395,19.58,5.635403664076984,16.41622470139562,15.672795163504537,25.904406499619327,1.5711869332753245,2.605720993388779,0.9139814431108507,0.54838886586651,131.3668357086297,28.785450456352063,30,0.982638888888889,0.5895833333333333,0.3930555555555556,77.06982604664303,19.22931549246117,"{'alpha': 0.1, 'beta': 0.9, 'gamma': 0.0, 'source': 'phase3_tuning'}"
test,balanced,homog,high,binpack,1006,1.3,1.3027310638717058,0.7816386383230234,1.3027310638717058,29.952,50.0,8.0,12.0,1499,1499,0,1206,973,233,293,0.8045363575717145,0.6490993995997332,19.46,5.639070468948162,15.333275442411797,15.642777414456654,25.616685748120368,1.570378141221112,2.5898499479075814,0.9084962148423952,0.5450977289054368,126.48146639312907,27.859624922569587,30,0.9878472222222222,0.5927083333333333,0.39513888888888893,76.32732126908532,19.639101373876414,{}
test,balanced,homog,high,spread,1006,1.3,1.3027310638717058,0.7816386383230234,1.3027310638717058,29.952,50.0,8.0,12.0,1499,1499,0,1201,962,239,298,0.8012008005336891,0.6417611741160774,19.24,6.017505220270403,15.521500396216645,16.021212165778895,25.943799246688528,1.6085381895560245,2.6275882818271294,0.8965385398295589,0.5379231238977359,132.89867090659226,29.758075985421474,30,0.9852430555555556,0.5911458333333334,0.39409722222222227,77.10812147302457,19.440234976083662,{}
test,balanced,homog,high,tetris,1006,1.3,1.3027310638717058,0.7816386383230234,1.3027310638717058,29.952,50.0,8.0,12.0,1499,1499,0,1201,962,239,298,0.8012008005336891,0.6417611741160774,19.24,6.017505220270403,15.521500396216645,16.021212165778895,25.943799246688528,1.6085381895560245,2.6275882818271294,0.8965385398295589,0.5379231238977359,132.89867090659226,29.758075985421474,30,0.9852430555555556,0.5911458333333334,0.39409722222222227,77.10812147302457,19.440234976083662,{}
test,balanced,homog,high,hybrid,1006,1.3,1.3027310638717058,0.7816386383230234,1.3027310638717058,29.952,50.0,8.0,12.0,1499,1499,0,1195,961,234,304,0.7971981320880587,0.6410940627084724,19.22,6.02979836563803,15.464371972617087,16.033505311146524,25.871643163562794,1.609843666078444,2.6238944405221174,0.8972541655274895,0.5383524993164926,133.10713023069624,28.703757045644206,30,0.9817708333333334,0.5890625,0.3927083333333333,77.18803618956545,19.420108011539746,"{'alpha': 0.1, 'beta': 0.9, 'gamma': 0.0, 'source': 'phase3_tuning'}"
test,balanced,homog,high,binpack,1007,1.3,1.3408786523157226,0.8045271913894336,1.3408786523157226,29.952,50.0,8.0,12.0,1542,1542,0,1205,965,240,337,0.7814526588845655,0.625810635538262,19.3,7.388132838135723,19.783390847480717,17.402662500226334,29.30827521600242,1.7504035172385721,2.9586221078211166,0.8935054854434563,0.5361032912660735,169.42581642049612,27.456995966142962,30,0.9791666666666666,0.5875,0.39166666666666666,79.7334958087087,19.33942547432592,{}
test,balanced,homog,high,spread,1007,1.3,1.3408786523157226,0.8045271913894336,1.3408786523157226,29.952,50.0,8.0,12.0,1542,1542,0,1218,978,240,324,0.7898832684824902,0.6342412451361867,19.56,7.055484629479519,19.777118308186864,17.07001429157013,29.35570218934747,1.7165514284371217,2.954810537842259,0.8937663201960814,0.5362597921176493,159.0147706499271,29.65500463105869,30,0.9765625,0.5859375,0.390625,80.3525984533635,19.190418601023513,{}
test,balanced,homog,high,tetris,1007,1.3,1.3408786523157226,0.8045271913894336,1.3408786523157226,29.952,50.0,8.0,12.0,1542,1542,0,1218,978,240,324,0.7898832684824902,0.6342412451361867,19.56,7.055484629479519,19.777118308186864,17.07001429157013,29.35570218934747,1.7165514284371217,2.954810537842259,0.8937663201960814,0.5362597921176493,159.0147706499271,29.65500463105869,30,0.9765625,0.5859375,0.390625,80.3525984533635,19.190418601023513,{}
test,balanced,homog,high,hybrid,1007,1.3,1.3408786523157226,0.8045271913894336,1.3408786523157226,29.952,50.0,8.0,12.0,1542,1542,0,1219,978,241,323,0.7905317769130998,0.6342412451361867,19.56,7.171045383492361,18.950543310747435,17.185575045582972,29.10360148240602,1.7284342136660658,2.9995215607645904,0.8916124530218162,0.5349674718130892,160.44037022645742,28.361844564913817,30,0.9756944444444444,0.5854166666666667,0.3902777777777778,80.48411923485703,19.159059136875936,"{'alpha': 0.1, 'beta': 0.9, 'gamma': 0.0, 'source': 'phase3_tuning'}"
test,balanced,homog,high,binpack,1008,1.3,1.3190552919685357,0.7914331751811213,1.3190552919685357,29.952,50.0,8.0,12.0,1520,1520,0,1170,938,232,350,0.7697368421052632,0.6171052631578947,18.76,6.595926743747144,15.242805466460418,16.58596520633922,25.130408519115804,1.6695572336283622,2.5508713109622505,0.9063774842922092,0.543826490575326,148.48422911256242,27.743289468408864,30,0.9809027777777778,0.5885416666666666,0.3923611111111111,77.64261489724937,19.576878007155432,{}
test,balanced,homog,high,spread,1008,1.3,1.3190552919685357,0.7914331751811213,1.3190552919685357,29.952,50.0,8.0,12.0,1520,1520,0,1189,954,235,331,0.7822368421052631,0.6276315789473684,19.08,6.255861718860801,15.501563227252639,16.245900181452875,25.758429618965508,1.634494747230499,2.619009148152063,0.9029918546552852,0.5417951127931715,140.42920317378793,29.72405202597203,30,0.9835069444444445,0.5901041666666667,0.3934027777777778,78.50247054643961,19.362447951250342,{}
test,balanced,homog,high,tetris,1008,1.3,1.3190552919685357,0.7914331751811213,1.3190552919685357,29.952,50.0,8.0,12.0,1520,1520,0,1189,954,235,331,0.7822368421052631,0.6276315789473684,19.08,6.255861718860801,15.501563227252639,16.245900181452875,25.758429618965508,1.634494747230499,2.619009148152063,0.9029918546552852,0.5417951127931715,140.42920317378793,29.72405202597203,30,0.9835069444444445,0.5901041666666667,0.3934027777777778,78.50247054643961,19.362447951250342,{}
test,balanced,homog,high,hybrid,1008,1.3,1.3190552919685357,0.7914331751811213,1.3190552919685357,29.952,50.0,8.0,12.0,1520,1520,0,1174,943,231,346,0.7723684210526316,0.6203947368421052,18.86,6.447450065695899,15.20934985083339,16.437488528287975,25.41657549070564,1.6544794053416039,2.5653056250379955,0.9047997478451457,0.5428798487070867,144.7218466035857,28.534973083624877,30,0.984375,0.590625,0.39375,77.89197955724661,19.51420426904002,"{'alpha': 0.1, 'beta': 0.9, 'gamma': 0.0, 'source': 'phase3_tuning'}"
test,balanced,homog,high,binpack,1009,1.3,1.3073441233864744,0.7844064740318846,1.3073441233864744,29.952,50.0,8.0,12.0,1500,1500,0,1208,971,237,292,0.8053333333333333,0.6473333333333333,19.42,6.496861995072747,15.855187922535748,16.51317709276928,26.38957620969103,1.6561221872989729,2.6696589076422828,0.907720463735808,0.5446322782414854,150.2560190208697,27.824180644418256,30,0.9869791666666666,0.5921875,0.39479166666666665,76.81594996717779,19.52719455583021,{}
test,balanced,homog,high,spread,1009,1.3,1.3073441233864744,0.7844064740318846,1.3073441233864744,29.952,50.0,8.0,12.0,1500,1500,0,1193,958,235,307,0.7953333333333333,0.6386666666666667,19.16,6.642768106400482,16.381419272399896,16.659083204097016,26.96462962423255,1.6701988358913853,2.721722734168239,0.8983826985462323,0.5390296191277413,151.70332600077208,29.73493204907315,30,0.9835069444444445,0.5901041666666667,0.3934027777777778,77.10743237937842,19.45337762798025,{}
test,balanced,homog,high,tetris,1009,1.3,1.3073441233864744,0.7844064740318846,1.3073441233864744,29.952,50.0,8.0,12.0,1500,1500,0,1193,958,235,307,0.7953333333333333,0.6386666666666667,19.16,6.642768106400482,16.381419272399896,16.659083204097016,26.96462962423255,1.6701988358913853,2.721722734168239,0.8983826985462323,0.5390296191277413,151.70332600077208,29.73493204907315,30,0.9835069444444445,0.5901041666666667,0.3934027777777778,77.10743237937842,19.45337762798025,{}
test,balanced,homog,high,hybrid,1009,1.3,1.3073441233864744,0.7844064740318846,1.3073441233864744,29.952,50.0,8.0,12.0,1500,1500,0,1199,964,235,301,0.7993333333333333,0.6426666666666667,19.28,6.553683996146583,16.3768813547471,16.569999093843116,26.869656481855685,1.6613569995827613,2.7053331173353166,0.9009910481936899,0.540594628916214,149.8810761383384,28.605722884211655,30,0.9809027777777778,0.5885416666666666,0.3923611111111111,77.10359883062955,19.45434483927256,"{'alpha': 0.1, 'beta': 0.9, 'gamma': 0.0, 'source': 'phase3_tuning'}"
test,balanced,hetero,low,binpack,1000,0.7,0.7097891534080571,0.41195675622433975,0.7097891534080571,15.84247339533496,50.0,8.0,12.0,806,806,0,806,649,157,0,1.0,0.8052109181141439,12.98,0.0,0.0,9.934735581796511,11.736798172747935,1.0,1.0000000000000004,0.6459328145423384,0.3748949751345967,0.0,23.544344899664665,24,0.6693667333377262,0.4665703135798744,0.2560294364797383,61.71314399589937,13.060426803948863,{}
test,balanced,hetero,low,spread,1000,0.7,0.7097891534080571,0.41195675622433975,0.7097891534080571,15.84247339533496,50.0,8.0,12.0,806,806,0,806,649,157,0,1.0,0.8052109181141439,12.98,0.0,0.0,9.934735581796511,11.736798172747935,1.0,1.0000000000000004,0.6459328145423384,0.3748949751345967,0.0,29.223557817507572,30,0.6871164514748032,0.4131844412330768,0.30759370323183255,61.71314399589937,13.060426803948863,{}
test,balanced,hetero,low,tetris,1000,0.7,0.7097891534080571,0.41195675622433975,0.7097891534080571,15.84247339533496,50.0,8.0,12.0,806,806,0,806,649,157,0,1.0,0.8052109181141439,12.98,0.0,0.0,9.934735581796511,11.736798172747935,1.0,1.0000000000000004,0.6459328145423384,0.3748949751345967,0.0,27.325981513957494,30,0.6499624743917088,0.45715695625936503,0.23710264742245207,61.71314399589937,13.060426803948863,{}
test,balanced,hetero,low,hybrid,1000,0.7,0.7097891534080571,0.41195675622433975,0.7097891534080571,15.84247339533496,50.0,8.0,12.0,806,806,0,806,649,157,0,1.0,0.8052109181141439,12.98,0.0,0.0,9.934735581796511,11.736798172747935,1.0,1.0000000000000004,0.6459328145423384,0.3748949751345967,0.0,26.462800021303124,29,0.6481276324677043,0.4695453512842857,0.22870756152442212,61.71314399589937,13.060426803948863,"{'alpha': 0.1, 'beta': 0.9, 'gamma': 0.0, 'source': 'phase3_tuning'}"
test,balanced,hetero,low,binpack,1001,0.7,0.6982490233952913,0.4372731653040468,0.6982490233952913,16.818278008167972,50.0,8.0,12.0,838,838,0,838,682,156,0,1.0,0.8138424821002387,13.64,0.0,0.0,10.00859938103807,11.799604162778484,1.0,1.0000000000000004,0.6301440428026012,0.39462293674815707,0.0,23.221645043581063,23,0.6459814752022727,0.5186958796214672,0.2122704790979437,61.499403436722794,13.626148436744181,{}
test,balanced,hetero,low,spread,1001,0.7,0.6982490233952913,0.4372731653040468,0.6982490233952913,16.818278008167972,50.0,8.0,12.0,838,838,0,838,682,156,0,1.0,0.8138424821002387,13.64,0.0,0.0,10.00859938103807,11.799604162778484,1.0,1.0000000000000004,0.6301440428026012,0.39462293674815707,0.0,29.39461300354476,30,0.6697637775832938,0.4368376450713173,0.28394148416584203,61.499403436722794,13.626148436744181,{}
test,balanced,hetero,low,tetris,1001,0.7,0.6982490233952913,0.4372731653040468,0.6982490233952913,16.818278008167972,50.0,8.0,12.0,838,838,0,838,682,156,0,1.0,0.8138424821002387,13.64,0.0,0.0,10.00859938103807,11.799604162778484,1.0,1.0000000000000004,0.6301440428026012,0.39462293674815707,0.0,27.46768981105573,29,0.6374554043610758,0.5064395012378372,0.2072905803542606,61.499403436722794,13.626148436744181,{}
test,balanced,hetero,low,hybrid,1001,0.7,0.6982490233952913,0.4372731653040468,0.6982490233952913,16.818278008167972,50.0,8.0,12.0,838,838,0,838,682,156,0,1.0,0.8138424821002387,13.64,0.0,0.0,10.00859938103807,11.799604162778484,1.0,1.0000000000000004,0.6301440428026012,0.39462293674815707,0.0,25.350502840137693,25,0.6257472472836132,0.5191425213985679,0.19077554578186914,61.499403436722794,13.626148436744181,"{'alpha': 0.1, 'beta': 0.9, 'gamma': 0.0, 'source': 'phase3_tuning'}"
test,balanced,hetero,low,binpack,1002,0.7,0.692067330077794,0.45042077857879814,0.692067330077794,17.014613137012656,50.0,8.0,12.0,842,842,0,842,669,173,0,1.0,0.7945368171021377,13.38,0.0,0.0,9.967671064268577,11.792889983791063,1.0,1.0000000000000004,0.622213650067313,0.40495764577439514,0.0,22.259796555792786,26,0.7552977351231339,0.5843770335563138,0.2407135031548383,61.14881159391038,13.769687064267528,{}
test,balanced,hetero,low,spread,1002,0.7,0.692067330077794,0.45042077857879814,0.692067330077794,17.014613137012656,50.0,8.0,12.0,842,842,0,842,669,173,0,1.0,0.7945368171021377,13.38,0.0,0.0,9.967671064268577,11.792889983791063,1.0,1.0000000000000004,0.622213650067313,0.40495764577439514,0.0,29.440588151147914,30,0.739237082803605,0.5028232469256039,0.2804312203737831,61.14881159391038,13.769687064267528,{}
test,balanced,hetero,low,tetris,1002,0.7,0.692067330077794,0.45042077857879814,0.692067330077794,17.014613137012656,50.0,8.0,12.0,842,842,0,842,669,173,0,1.0,0.7945368171021377,13.38,0.0,0.0,9.967671064268577,11.792889983791063,1.0,1.0000000000000004,0.622213650067313,0.40495764577439514,0.0,27.055348986060835,30,0.7305575305235948,0.5694875562481816,0.2242147067535283,61.14881159391038,13.769687064267528,{}
test,balanced,hetero,low,hybrid,1002,0.7,0.692067330077794,0.45042077857879814,0.692067330077794,17.014613137012656,50.0,8.0,12.0,842,842,0,842,669,173,0,1.0,0.7945368171021377,13.38,0.0,0.0,9.967671064268577,11.792889983791063,1.0,1.0000000000000004,0.622213650067313,0.40495764577439514,0.0,25.593053457963496,28,0.7206320812461103,0.5714938468785622,0.21610417949363664,61.14881159391038,13.769687064267528,"{'alpha': 0.1, 'beta': 0.9, 'gamma': 0.0, 'source': 'phase3_tuning'}"
test,balanced,hetero,low,binpack,1003,0.7,0.6557128925358218,0.371096706141006,0.6557128925358218,16.551026785974067,50.0,8.0,12.0,776,776,0,776,603,173,0,1.0,0.7770618556701031,12.06,0.0,0.0,9.988831039670853,11.832042282236934,1.0,1.0000000000000004,0.5799271200261249,0.3282062111227718,0.0,20.78942668253007,26,0.7685029394037806,0.4909579710472803,0.2918406096083464,61.25780594046315,12.667773324336808,{}
test,balanced,hetero,low,spread,1003,0.7,0.6557128925358218,0.371096706141006,0.6557128925358218,16.551026785974067,50.0,8.0,12.0,776,776,0,776,603,173,0,1.0,0.7770618556701031,12.06,0.0,0.0,9.988831039670853,11.832042282236934,1.0,1.0000000000000004,0.5799271200261249,0.3282062111227718,0.0,29.44880431857808,30,0.7333122120229834,0.42705237107224725,0.31510518691134953,61.25780594046315,12.667773324336808,{}
test,balanced,hetero,low,tetris,1003,0.7,0.6557128925358218,0.371096706141006,0.6557128925358218,16.551026785974067,50.0,8.0,12.0,776,776,0,776,603,173,0,1.0,0.7770618556701031,12.06,0.0,0.0,9.988831039670853,11.832042282236934,1.0,1.0000000000000004,0.5799271200261249,0.3282062111227718,0.0,27.262732461957544,30,0.7291443506117418,0.48121120878908374,0.2621691631933106,61.25780594046315,12.667773324336808,{}
test,balanced,hetero,low,hybrid,1003,0.7,0.6557128925358218,0.371096706141006,0.6557128925358218,16.551026785974067,50.0,8.0,12.0,776,776,0,776,603,173,0,1.0,0.7770618556701031,12.06,0.0,0.0,9.988831039670853,11.832042282236934,1.0,1.0000000000000004,0.5799271200261249,0.3282062111227718,0.0,24.788687457650944,30,0.7286073125979132,0.48525355800094744,0.25753015608642466,61.25780594046315,12.667773324336808,"{'alpha': 0.1, 'beta': 0.9, 'gamma': 0.0, 'source': 'phase3_tuning'}"
test,balanced,hetero,low,binpack,1004,0.7,0.7045051217142086,0.41260877912000443,0.7045051217142086,15.40668448094304,50.0,8.0,12.0,773,773,0,773,620,153,0,1.0,0.8020698576972833,12.4,0.0,0.0,10.05118962873415,11.826916835397633,1.0,1.0000000000000004,0.6375965747050573,0.3734223303019105,0.0,22.483517497665716,27,0.7337867275486062,0.5127231996749846,0.23070821415440648,61.72568784273203,12.523149227101207,{}
test,balanced,hetero,low,spread,1004,0.7,0.7045051217142086,0.41260877912000443,0.7045051217142086,15.40668448094304,50.0,8.0,12.0,773,773,0,773,620,153,0,1.0,0.8020698576972833,12.4,0.0,0.0,10.05118962873415,11.826916835397633,1.0,1.0000000000000004,0.6375965747050573,0.3734223303019105,0.0,29.176399770623515,30,0.7243290432924295,0.43973331703633856,0.2904919060580406,61.72568784273203,12.523149227101207,{}
test,balanced,hetero,low,tetris,1004,0.7,0.7045051217142086,0.41260877912000443,0.7045051217142086,15.40668448094304,50.0,8.0,12.0,773,773,0,773,620,153,0,1.0,0.8020698576972833,12.4,0.0,0.0,10.05118962873415,11.826916835397633,1.0,1.0000000000000004,0.6375965747050573,0.3734223303019105,0.0,26.424399989754633,30,0.7018105160437905,0.5044286229746656,0.2068518328464914,61.72568784273203,12.523149227101207,{}
test,balanced,hetero,low,hybrid,1004,0.7,0.7045051217142086,0.41260877912000443,0.7045051217142086,15.40668448094304,50.0,8.0,12.0,773,773,0,773,620,153,0,1.0,0.8020698576972833,12.4,0.0,0.0,10.05118962873415,11.826916835397633,1.0,1.0000000000000004,0.6375965747050573,0.3734223303019105,0.0,24.982502604616272,30,0.6988212433937193,0.5015551290231924,0.20666090021938935,61.72568784273203,12.523149227101207,"{'alpha': 0.1, 'beta': 0.9, 'gamma': 0.0, 'source': 'phase3_tuning'}"
test,balanced,hetero,low,binpack,1005,0.7,0.7057978256902874,0.42273593381431535,0.7057978256902874,16.201641658201552,50.0,8.0,12.0,814,814,0,814,659,155,0,1.0,0.8095823095823096,13.18,0.0,0.0,10.012293585948013,11.782477565714679,1.0,1.0000000000000004,0.6308292963840612,0.3778337109830689,0.0,23.159884799870145,23,0.6535092860715623,0.5097528825383634,0.22963490260576871,61.302214363418315,13.278476290829538,{}
test,balanced,hetero,low,spread,1005,0.7,0.7057978256902874,0.42273593381431535,0.7057978256902874,16.201641658201552,50.0,8.0,12.0,814,814,0,814,659,155,0,1.0,0.8095823095823096,13.18,0.0,0.0,10.012293585948013,11.782477565714679,1.0,1.0000000000000004,0.6308292963840612,0.3778337109830689,0.0,29.386518887641092,30,0.660821815165973,0.41066175237841024,0.299803494384062,61.302214363418315,13.278476290829538,{}
test,balanced,hetero,low,tetris,1005,0.7,0.7057978256902874,0.42273593381431535,0.7057978256902874,16.201641658201552,50.0,8.0,12.0,814,814,0,814,659,155,0,1.0,0.8095823095823096,13.18,0.0,0.0,10.012293585948013,11.782477565714679,1.0,1.0000000000000004,0.6308292963840612,0.3778337109830689,0.0,27.452862997312128,30,0.6345540463584721,0.4949184381554727,0.21669151578326373,61.302214363418315,13.278476290829538,{}
test,balanced,hetero,low,hybrid,1005,0.7,0.7057978256902874,0.42273593381431535,0.7057978256902874,16.201641658201552,50.0,8.0,12.0,814,814,0,814,659,155,0,1.0,0.8095823095823096,13.18,0.0,0.0,10.012293585948013,11.782477565714679,1.0,1.0000000000000004,0.6308292963840612,0.3778337109830689,0.0,26.49137315337227,28,0.6300430240455955,0.5005348833365368,0.2112077904536806,61.302214363418315,13.278476290829538,"{'alpha': 0.1, 'beta': 0.9, 'gamma': 0.0, 'source': 'phase3_tuning'}"
test,balanced,hetero,low,binpack,1006,0.7,0.7050469580508403,0.3992456435787438,0.7050469580508403,15.577188594877372,50.0,8.0,12.0,781,781,0,781,629,152,0,1.0,0.8053777208706786,12.58,0.0,0.0,10.022148756657106,11.807177807095577,1.0,1.0000000000000002,0.635540163220115,0.3598861587693826,0.0,23.316271265967902,25,0.6813844558079567,0.4700949203902802,0.2583557211333566,61.59207874263608,12.680201999082161,{}
test,balanced,hetero,low,spread,1006,0.7,0.7050469580508403,0.3992456435787438,0.7050469580508403,15.577188594877372,50.0,8.0,12.0,781,781,0,781,629,152,0,1.0,0.8053777208706786,12.58,0.0,0.0,10.022148756657106,11.807177807095577,1.0,1.0000000000000002,0.635540163220115,0.3598861587693826,0.0,29.487897224063353,30,0.6816010370709247,0.39673635812038677,0.31214144472189936,61.59207874263608,12.680201999082161,{}
test,balanced,hetero,low,tetris,1006,0.7,0.7050469580508403,0.3992456435787438,0.7050469580508403,15.577188594877372,50.0,8.0,12.0,781,781,0,781,629,152,0,1.0,0.8053777208706786,12.58,0.0,0.0,10.022148756657106,11.807177807095577,1.0,1.0000000000000002,0.635540163220115,0.3598861587693826,0.0,27.511595139751226,30,0.655945555149796,0.45480164832332476,0.2444581362694677,61.59207874263608,12.680201999082161,{}
test,balanced,hetero,low,hybrid,1006,0.7,0.7050469580508403,0.3992456435787438,0.7050469580508403,15.577188594877372,50.0,8.0,12.0,781,781,0,781,629,152,0,1.0,0.8053777208706786,12.58,0.0,0.0,10.022148756657106,11.807177807095577,1.0,1.0000000000000002,0.635540163220115,0.3598861587693826,0.0,26.701121378347,29,0.6483644585487519,0.4585384016543813,0.23500692619106842,61.59207874263608,12.680201999082161,"{'alpha': 0.1, 'beta': 0.9, 'gamma': 0.0, 'source': 'phase3_tuning'}"
test,balanced,hetero,low,binpack,1007,0.7,0.7617945005281314,0.3988160828311451,0.7617945005281314,16.2275398913383,50.0,8.0,12.0,879,879,0,879,672,207,0,1.0,0.764505119453925,13.44,0.004164916693775778,0.0,10.033566978055282,11.876580453837917,1.0004116976192716,1.0000000000000004,0.6716574970805885,0.3516273900692986,0.07321923547657817,23.29845207123633,30,0.9076381257533365,0.5226850259438539,0.40232729616331075,61.77308300759247,14.229498629556225,{}
test,balanced,hetero,low,spread,1007,0.7,0.7617945005281314,0.3988160828311451,0.7617945005281314,16.2275398913383,50.0,8.0,12.0,879,879,0,879,672,207,0,1.0,0.764505119453925,13.44,0.0030542411071121053,0.0,10.032456302468617,11.874912481112057,1.0003053491650904,1.0000000000000004,0.6717644312005154,0.35168337241992026,0.05369355866303081,29.322217128201768,30,0.9088941668280571,0.5119262995233851,0.4143420636585003,61.77308300759247,14.229498629556225,{}
test,balanced,hetero,low,tetris,1007,0.7,0.7617945005281314,0.3988160828311451,0.7617945005281314,16.2275398913383,50.0,8.0,12.0,879,879,0,879,672,207,0,1.0,0.764505119453925,13.44,0.0030336842968624695,0.0,10.032435745658368,11.874912481112057,1.0003042498792774,1.0000000000000004,0.6717342110054274,0.35166755148682205,0.05333216993884221,26.999794292105875,30,0.9068614126894753,0.5215474445110256,0.40324862247917564,61.77308300759247,14.229498629556225,{}
test,balanced,hetero,low,hybrid,1007,0.7,0.7617945005281314,0.3988160828311451,0.7617945005281314,16.2275398913383,50.0,8.0,12.0,879,879,0,879,672,207,0,1.0,0.764505119453925,13.44,0.009049117562958814,0.0,10.038451178924465,11.876580453837917,1.0009039540088183,1.0000000000000004,0.6712414760091678,0.3514095939392869,0.15908348675681594,25.4544083786299,30,0.9060248147397049,0.524268282734245,0.3991307283592881,61.77308300759247,14.229498629556225,"{'alpha': 0.1, 'beta': 0.9, 'gamma': 0.0, 'source': 'phase3_tuning'}"
test,balanced,hetero,low,binpack,1008,0.7,0.6946524422238388,0.38813622164712325,0.6946524422238388,15.10131294897539,50.0,8.0,12.0,750,750,0,750,594,156,0,1.0,0.792,11.88,0.0,0.0,9.968547647328414,11.782412373949782,1.0,1.0000000000000004,0.6223455371910231,0.34773482490174096,0.0,22.12738776233474,25,0.7221761140349879,0.48832744478504786,0.27453718182416476,61.27902757098903,12.239097611840501,{}
test,balanced,hetero,low,spread,1008,0.7,0.6946524422238388,0.38813622164712325,0.6946524422238388,15.10131294897539,50.0,8.0,12.0,750,750,0,750,594,156,0,1.0,0.792,11.88,0.0,0.0,9.968547647328414,11.782412373949782,1.0,1.0000000000000004,0.6223455371910231,0.34773482490174096,0.0,29.441942344194636,30,0.7331563030516876,0.4255347232184583,0.3336280264722228,61.27902757098903,12.239097611840501,{}
test,balanced,hetero,low,tetris,1008,0.7,0.6946524422238388,0.38813622164712325,0.6946524422238388,15.10131294897539,50.0,8.0,12.0,750,750,0,750,594,156,0,1.0,0.792,11.88,0.0,0.0,9.968547647328414,11.782412373949782,1.0,1.0000000000000004,0.6223455371910231,0.34773482490174096,0.0,27.10783511304979,30,0.6986428527658349,0.47414817327727393,0.25929251919249985,61.27902757098903,12.239097611840501,{}
test,balanced,hetero,low,hybrid,1008,0.7,0.6946524422238388,0.38813622164712325,0.6946524422238388,15.10131294897539,50.0,8.0,12.0,750,750,0,750,594,156,0,1.0,0.792,11.88,0.0,0.0,9.968547647328414,11.782412373949782,1.0,1.0000000000000004,0.6223455371910231,0.34773482490174096,0.0,25.310641436589076,29,0.6966561561511223,0.4779763769926202,0.2570745108328197,61.27902757098903,12.239097611840501,"{'alpha': 0.1, 'beta': 0.9, 'gamma': 0.0, 'source': 'phase3_tuning'}"
test,balanced,hetero,low,binpack,1009,0.7,0.7221251781028478,0.3689783228882847,0.7221251781028478,15.436320077474226,50.0,8.0,12.0,797,797,0,797,626,171,0,1.0,0.7854454203262233,12.52,0.0,0.0,9.990281283945201,11.821070664133337,1.0,1.0000000000000004,0.6475884103881765,0.3308928878711495,0.0,23.245449658473728,25,0.745851981486241,0.43424570942161406,0.3483138406191497,61.30140769400211,13.00133275859472,{}
test,balanced,hetero,low,spread,1009,0.7,0.7221251781028478,0.3689783228882847,0.7221251781028478,15.436320077474226,50.0,8.0,12.0,797,797,0,797,626,171,0,1.0,0.7854454203262233,12.52,0.0,0.0,9.990281283945201,11.821070664133337,1.0,1.0000000000000004,0.6475884103881765,0.3308928878711495,0.0,29.468267637676668,30,0.7383681782508948,0.3863642171991683,0.3738319958621478,61.30140769400211,13.00133275859472,{}
test,balanced,hetero,low,tetris,1009,0.7,0.7221251781028478,0.3689783228882847,0.7221251781028478,15.436320077474226,50.0,8.0,12.0,797,797,0,797,626,171,0,1.0,0.7854454203262233,12.52,0.0,0.0,9.990281283945201,11.821070664133337,1.0,1.0000000000000004,0.6475884103881765,0.3308928878711495,0.0,27.891577033772815,30,0.7101737322754879,0.42406671638693866,0.3204416329348932,61.30140769400211,13.00133275859472,{}
test,balanced,hetero,low,hybrid,1009,0.7,0.7221251781028478,0.3689783228882847,0.7221251781028478,15.436320077474226,50.0,8.0,12.0,797,797,0,797,626,171,0,1.0,0.7854454203262233,12.52,0.0,0.0,9.990281283945201,11.821070664133337,1.0,1.0000000000000004,0.6475884103881765,0.3308928878711495,0.0,26.733444180320163,30,0.709169822074938,0.423781284326063,0.31883179836629455,61.30140769400211,13.00133275859472,"{'alpha': 0.1, 'beta': 0.9, 'gamma': 0.0, 'source': 'phase3_tuning'}"
test,balanced,hetero,med,binpack,1000,1.0,1.058907548683152,0.61458267825374,1.058907548683152,22.632104850478513,50.0,8.0,12.0,1198,1198,0,1099,884,215,99,0.9173622704507512,0.7378964941569283,17.68,1.4959654545327317,7.0039516821547565,11.470591781099348,17.119144341468505,1.1505267123764626,1.6699449056031686,0.8551392704524051,0.4963169672065914,30.097768174349895,27.496629427033245,30,0.9539104910859793,0.6130711437379682,0.39543163279422083,67.61278616934325,17.718542126033448,{}
test,balanced,hetero,med,spread,1000,1.0,1.058907548683152,0.61458267825374,1.058907548683152,22.632104850478513,50.0,8.0,12.0,1198,1198,0,1096,883,213,102,0.9148580968280468,0.7370617696160268,17.66,1.6353124892735553,6.428945093778239,11.60993881584017,16.757276812460418,1.164656333818041,1.6542511180540727,0.8519525773649859,0.49446743239604807,32.80931081595613,29.505135042870478,30,0.9476018676717428,0.6090608008194592,0.39289693893418615,67.69852653504083,17.696101544838115,{}
test,balanced,hetero,med,tetris,1000,1.0,1.058907548683152,0.61458267825374,1.058907548683152,22.632104850478513,50.0,8.0,12.0,1198,1198,0,1097,883,214,101,0.9156928213689483,0.7370617696160268,17.66,1.6444265531662654,6.5531471183268195,11.619052879732882,16.652496450448496,1.1655874348085882,1.6515802125218135,0.8518913669215715,0.4944319062745282,33.18036873370363,28.170839359243505,30,0.9522879657940007,0.6128045737448395,0.3940756774953707,67.53184025941212,17.7397801599673,{}
test,balanced,hetero,med,hybrid,1000,1.0,1.058907548683152,0.61458267825374,1.058907548683152,22.632104850478513,50.0,8.0,12.0,1198,1198,0,1100,883,217,98,0.9181969949916527,0.7370617696160268,17.66,1.6531934991009014,7.325637876272097,11.627819825667517,17.461942202154304,1.1664230961372033,1.7123541162276392,0.8499719320518622,0.49331787944147254,33.3907126556832,27.67356997833696,30,0.94959621265164,0.6097357364542978,0.39373201533587465,67.96501257352355,17.62671637416415,"{'alpha': 0.1, 'beta': 0.9, 'gamma': 0.0, 'source': 'phase3_tuning'}"
test,balanced,hetero,med,binpack,1001,1.0,0.9740427751199272,0.6099869146212983,0.9740427751199272,24.026111440239962,50.0,8.0,12.0,1166,1166,0,1133,915,218,33,0.9716981132075472,0.7847341337907375,18.3,1.0450277526376621,3.661785329198036,11.04706289589351,14.131153297104305,1.1054930426077525,1.3681375158395856,0.8410113085776009,0.5266769657191993,23.56836878231225,27.590051687395995,30,0.9348958558619397,0.6554383248280332,0.367271846097514,64.37154377477972,18.113593858794946,{}
test,balanced,hetero,med,spread,1001,1.0,0.9740427751199272,0.6099869146212983,0.9740427751199272,24.026111440239962,50.0,8.0,12.0,1166,1166,0,1123,911,212,43,0.9631217838765008,0.7813036020583191,18.22,1.1528078838629487,3.8003329982820873,11.1548430271188,14.094353114968094,1.116435280310732,1.3714421248502469,0.8371519014354185,0.5242600412113042,25.851408736779636,29.59412524163803,30,0.9209419385605572,0.6434423403856009,0.36363814390356775,64.19201928878483,18.164251770215227,{}
test,balanced,hetero,med,tetris,1001,1.0,0.9740427751199272,0.6099869146212983,0.9740427751199272,24.026111440239962,50.0,8.0,12.0,1166,1166,0,1124,909,215,42,0.9639794168096055,0.7795883361921098,18.18,1.1336704850346753,3.637369054341633,11.135705628290525,14.04801617914837,1.1145733791900243,1.3661516598761854,0.8386959340375373,0.5252269799403788,25.571801111673416,28.32020023950046,30,0.9346753691360352,0.6539246886198201,0.36789210076711926,64.001958541108,18.218192483142317,{}
test,balanced,hetero,med,hybrid,1001,1.0,0.9740427751199272,0.6099869146212983,0.9740427751199272,24.026111440239962,50.0,8.0,12.0,1166,1166,0,1118,904,214,48,0.9588336192109777,0.7753001715265866,18.08,1.2104534376224256,3.544829378679381,11.212488580878276,14.062868950939752,1.1224699640634075,1.3496066459597742,0.8364700627757348,0.5238330449120497,27.160215773951276,27.716739986403773,30,0.9308258456981379,0.6519194278800142,0.3661276558370074,63.54587641385184,18.348948284326962,"{'alpha': 0.1, 'beta': 0.9, 'gamma': 0.0, 'source': 'phase3_tuning'}"
test,balanced,hetero,med,binpack,1002,1.0,1.0124308952017176,0.6589242003703988,1.0124308952017176,24.30659019573237,50.0,8.0,12.0,1238,1238,0,1183,948,235,55,0.9555735056542811,0.7657512116316639,18.96,0.8445303098767005,3.598870647792509,10.801818504463009,13.520121100771235,1.0870758688708635,1.3653710678217523,0.8581998838960425,0.5585454522715859,18.739659663487707,27.710990408242814,30,0.9383826088150582,0.6802350546019704,0.3278567514118877,65.37490805069329,18.936929120267745,{}
test,balanced,hetero,med,spread,1002,1.0,1.0124308952017176,0.6589242003703988,1.0124308952017176,24.30659019573237,50.0,8.0,12.0,1238,1238,0,1179,944,235,59,0.9523424878836834,0.7625201938610663,18.88,0.9606357491119519,3.8081746103978915,10.917923943698261,13.738194716999594,1.098860848967979,1.3820123250077814,0.8545869390669972,0.5561940258248564,21.392895007512593,29.621485143683945,30,0.9398308268140003,0.6793346116427519,0.32853091970704296,65.58602411144162,18.87597269040781,{}
test,balanced,hetero,med,tetris,1002,1.0,1.0124308952017176,0.6589242003703988,1.0124308952017176,24.30659019573237,50.0,8.0,12.0,1238,1238,0,1178,944,234,60,0.9515347334410339,0.7625201938610663,18.88,0.9627253182703156,3.504909048627283,10.920013512856624,13.687255653111464,1.0990929105053129,1.3665783962910034,0.8548939527602546,0.5563938406994238,21.476000235992082,28.212928109304972,30,0.9301294686550001,0.674765730896875,0.3246119407348018,65.43565012651635,18.919350500933252,{}
test,balanced,hetero,med,hybrid,1002,1.0,1.0124308952017176,0.6589242003703988,1.0124308952017176,24.30659019573237,50.0,8.0,12.0,1238,1238,0,1181,945,236,57,0.9539579967689822,0.7633279483037156,18.9,0.9168795235662639,3.8209562475073824,10.874167718152572,13.792654249133058,1.0945381991593712,1.389953585274918,0.8552838342147048,0.5566475887101103,20.33633608229332,27.8290882214618,30,0.9391440083106184,0.6808118325888385,0.3282469525028891,65.70039879797253,18.843112411034618,"{'alpha': 0.1, 'beta': 0.9, 'gamma': 0.0, 'source': 'phase3_tuning'}"
test,balanced,hetero,med,binpack,1003,1.0,0.9425956918135031,0.5334562739828765,0.9425956918135031,23.644323979962955,50.0,8.0,12.0,1112,1112,0,1091,866,225,21,0.9811151079136691,0.7787769784172662,17.32,0.39286503399317774,2.070122764722541,10.395949409795602,12.635748741203358,1.0393880942132627,1.2041790511687225,0.8218474239611443,0.46511952937663276,8.42044671355905,26.624599394989563,30,0.9673014066952198,0.5981863043775848,0.38341074356948107,63.65212024025937,17.469960086210456,{}
test,balanced,hetero,med,spread,1003,1.0,0.9425956918135031,0.5334562739828765,0.9425956918135031,23.644323979962955,50.0,8.0,12.0,1112,1112,0,1089,864,225,23,0.97931654676259,0.7769784172661871,17.28,0.4373605926076889,1.77114342904256,10.440444968410112,12.754689999359869,1.0439301718469918,1.1804222560426876,0.8203800550716049,0.4642890809169483,9.400500240150961,29.632629651991568,30,0.9717392029302129,0.6015782955494927,0.3849405498474326,63.610595108494664,17.481364513307337,{}
test,balanced,hetero,med,tetris,1003,1.0,0.9425956918135031,0.5334562739828765,0.9425956918135031,23.644323979962955,50.0,8.0,12.0,1112,1112,0,1087,861,226,25,0.9775179856115108,0.7742805755395683,17.22,0.4360000695143829,2.1701471567340462,10.439084445316807,12.740491113978521,1.043809780150238,1.2157120563505597,0.8198580912341652,0.4639936786715376,9.30653281968243,28.25229319954115,30,0.96713759224227,0.5987822029588978,0.3831350317500845,63.79587863102758,17.43059307061837,{}
test,balanced,hetero,med,hybrid,1003,1.0,0.9425956918135031,0.5334562739828765,0.9425956918135031,23.644323979962955,50.0,8.0,12.0,1112,1112,0,1089,863,226,23,0.97931654676259,0.7760791366906474,17.26,0.4468476179495776,2.0201832276227876,10.449931993752001,12.789599682559846,1.0448065417211587,1.1912993445533453,0.8192601168824832,0.4636552587399002,9.581033662615884,27.68035537448968,30,0.964423429139363,0.5959094777793935,0.3829288323742029,64.00576677184462,17.3734345526059,"{'alpha': 0.1, 'beta': 0.9, 'gamma': 0.0, 'source': 'phase3_tuning'}"
test,balanced,hetero,med,binpack,1004,1.0,0.990616298403437,0.580176025500109,0.990616298403437,22.009549258490058,50.0,8.0,12.0,1085,1085,0,1049,844,205,36,0.9668202764976959,0.7778801843317973,16.88,0.7710857898756689,4.342977418626926,10.817420692498157,14.876920065598867,1.0773251305164067,1.425198961833504,0.8513947757456257,0.4986379064424454,16.110045974956474,26.985887417778855,30,0.9666888502554413,0.6277109692400976,0.34872215987104316,63.715371729166165,17.028857723878485,{}
test,balanced,hetero,med,spread,1004,1.0,0.990616298403437,0.580176025500109,0.990616298403437,22.009549258490058,50.0,8.0,12.0,1085,1085,0,1046,843,203,39,0.9640552995391705,0.7769585253456222,16.86,0.7995633542620235,4.626686574213949,10.845898256884512,15.199836623914692,1.0799923662147572,1.4627363869076946,0.8482671804590523,0.4968061620973722,16.58449551334428,29.436560193352506,30,0.9606877791202069,0.6213653589706226,0.34889195250186517,63.932693364067696,16.970972798242943,{}
test,balanced,hetero,med,tetris,1004,1.0,0.990616298403437,0.580176025500109,0.990616298403437,22.009549258490058,50.0,8.0,12.0,1085,1085,0,1046,842,204,39,0.9640552995391705,0.776036866359447,16.84,0.8498057085513205,4.8889366874041755,10.896140611173807,15.511528920442018,1.0850839146766167,1.4965943968759647,0.8456098527114709,0.49524984018592505,17.559015231890495,27.518989031551605,30,0.9610071830345995,0.6244657319455434,0.3462105760162517,64.1291678450102,16.918978312992756,{}
test,balanced,hetero,med,hybrid,1004,1.0,0.990616298403437,0.580176025500109,0.990616298403437,22.009549258490058,50.0,8.0,12.0,1085,1085,0,1048,843,205,37,0.9658986175115207,0.7769585253456222,16.86,0.8135388410218507,4.557946039705556,10.859873743644338,15.160876436169879,1.081446266288888,1.4585956546374277,0.8485897728586237,0.4969950953670358,16.971743042316916,27.076189629076662,30,0.9695228039801964,0.6298851138835398,0.34928237637744153,63.624322381140445,17.053226806885668,"{'alpha': 0.1, 'beta': 0.9, 'gamma': 0.0, 'source': 'phase3_tuning'}"
test,balanced,hetero,med,binpack,1005,1.0,1.008138354080076,0.6038220762571165,1.008138354080076,23.145202368859362,50.0,8.0,12.0,1161,1161,0,1083,869,214,78,0.9328165374677002,0.7484926787252368,17.38,1.6501718669736531,4.378947592080635,11.688732830795212,14.99769389664803,1.166035303890903,1.4423210141809133,0.840271010375251,0.503278328862337,34.96075737154484,27.64268685141911,30,0.9345032772021383,0.6390110452415675,0.3862526678254495,65.69407577524079,17.672826450472193,{}
test,balanced,hetero,med,spread,1005,1.0,1.008138354080076,0.6038220762571165,1.008138354080076,23.145202368859362,50.0,8.0,12.0,1161,1161,0,1087,872,215,74,0.9362618432385874,0.7510766580534023,17.44,1.647932823599438,4.507416568148486,11.686493787420996,15.051705185517847,1.1657781595989276,1.4581279752560536,0.8396332870600368,0.502896365995126,35.039522023276966,29.554816090759637,30,0.9334004623551679,0.6387726208070621,0.38542992645716617,66.03190351628854,17.582409989341112,{}
test,balanced,hetero,med,tetris,1005,1.0,1.008138354080076,0.6038220762571165,1.008138354080076,23.145202368859362,50.0,8.0,12.0,1161,1161,0,1085,871,214,76,0.9345391903531438,0.7502153316106804,17.42,1.7054419711575508,4.743836039110342,11.744002934979108,15.18807132321944,1.1716130504821476,1.4836105936104307,0.837253134771166,0.5014707794265212,36.132379336414466,28.230061602129567,30,0.9310694721950289,0.638658870676154,0.3834345925078697,66.41771436823417,17.480276324523377,{}
test,balanced,hetero,med,hybrid,1005,1.0,1.008138354080076,0.6038220762571165,1.008138354080076,23.145202368859362,50.0,8.0,12.0,1161,1161,0,1081,868,213,80,0.9310938845822567,0.7476313522825151,17.36,1.7346240534613577,4.426609800775871,11.773185017282914,15.087790709967877,1.1745176855698116,1.4578095419547894,0.8378731955909935,0.5018421633840093,36.73258303325266,27.826103570768325,30,0.9348652552279009,0.6404537934633764,0.3853938037093376,65.86826691978435,17.626089986759304,"{'alpha': 0.1, 'beta': 0.9, 'gamma': 0.0, 'source': 'phase3_tuning'}"
test,balanced,hetero,med,binpack,1006,1.0,0.994023604289982,0.5628839172987385,0.994023604289982,22.253126564110534,50.0,8.0,12.0,1108,1108,0,1078,860,218,30,0.9729241877256317,0.776173285198556,17.2,1.0491952746092121,3.0847873910200647,11.047692520017414,13.672864513415377,1.1063752801181785,1.3060574495353958,0.8612646548003948,0.4877067512609732,22.545081671760656,27.66659807680344,30,0.9476574922526413,0.592998354916105,0.40217465948671466,63.97822795223994,17.318391513236776,{}
test,balanced,hetero,med,spread,1006,1.0,0.994023604289982,0.5628839172987385,0.994023604289982,22.253126564110534,50.0,8.0,12.0,1108,1108,0,1072,857,215,36,0.9675090252707581,0.7734657039711191,17.14,1.1866295717875879,3.1952731180855807,11.18512681719579,14.005760148026546,1.1204079898279709,1.3340521995640644,0.8560113594763084,0.4847319773843914,25.360162201723732,29.649934333283095,30,0.9385763281132044,0.5874437074683848,0.3972539374143642,64.09649473741237,17.286436716066994,{}
test,balanced,hetero,med,tetris,1006,1.0,0.994023604289982,0.5628839172987385,0.994023604289982,22.253126564110534,50.0,8.0,12.0,1108,1108,0,1074,858,216,34,0.9693140794223827,0.7743682310469314,17.16,1.166163941115299,3.405063329808975,11.164661186523501,13.967123555864141,1.1183126826090122,1.3378836612102483,0.8564884275796568,0.4850021258614225,24.929185741855733,28.305336259456237,30,0.9396557251091675,0.5875468878529319,0.3991332483680654,63.96589482933677,17.321730634054013,{}
test,balanced,hetero,med,hybrid,1006,1.0,0.994023604289982,0.5628839172987385,0.994023604289982,22.253126564110534,50.0,8.0,12.0,1108,1108,0,1075,858,217,33,0.970216606498195,0.7743682310469314,17.16,1.1467768052092335,3.005944004615472,11.145274050617436,13.89128367799885,1.116323126777079,1.3102354694846732,0.8578962632069352,0.48579933835152334,24.55840056020514,27.89362105178141,30,0.9420937364931784,0.5908588764370398,0.3988970142509685,63.92896772946878,17.331736133903735,"{'alpha': 0.1, 'beta': 0.9, 'gamma': 0.0, 'source': 'phase3_tuning'}"
test,balanced,hetero,med,binpack,1007,1.0,1.0438941961074346,0.5465014434904817,1.0438941961074346,23.182199844769,50.0,8.0,12.0,1205,1205,0,1124,903,221,81,0.9327800829875519,0.7493775933609959,18.06,1.7723198732385652,7.608342185210745,11.815396511842598,17.751810743264855,1.1784626621944387,1.7585221779877251,0.8540876501101091,0.4471335652531292,39.06855748203981,26.942159777528932,30,0.9657947271425351,0.5521624754497959,0.43100644804656757,66.20683828672489,18.200536850611307,{}
test,balanced,hetero,med,spread,1007,1.0,1.0438941961074346,0.5465014434904817,1.0438941961074346,23.182199844769,50.0,8.0,12.0,1205,1205,0,1122,900,222,83,0.9311203319502075,0.7468879668049793,18.0,1.8207684013245533,8.355100577288965,11.863845039928588,18.39972308141025,1.1833444445084484,1.7992167011857811,0.850934887313603,0.4454830249726131,40.12997076752317,29.50454268310099,30,0.9714533906860958,0.5540833995950994,0.43530464539172226,66.65635737187048,18.077795539852282,{}
test,balanced,hetero,med,tetris,1007,1.0,1.0438941961074346,0.5465014434904817,1.0438941961074346,23.182199844769,50.0,8.0,12.0,1205,1205,0,1128,904,224,77,0.9360995850622407,0.750207468879668,18.08,1.8173718277816,8.753679802403127,11.860448466385634,18.92886737304243,1.1831803487994137,1.8523439818381746,0.8507801658340842,0.44540202489405095,39.97853474366675,27.883507985658504,30,0.9701973422646297,0.5529462959904998,0.43518570057485584,66.65562814892283,18.077993313749502,{}
test,balanced,hetero,med,hybrid,1007,1.0,1.0438941961074346,0.5465014434904817,1.0438941961074346,23.182199844769,50.0,8.0,12.0,1205,1205,0,1126,902,224,79,0.9344398340248963,0.7485477178423237,18.04,1.8010303287803333,8.627402448122147,11.844106967384368,18.768217381410075,1.1815030020903246,1.8393559830475537,0.8508062867069343,0.44541569974229733,39.43431909744223,27.21474295994943,30,0.9650638107687278,0.5526013061681119,0.43039715890134184,66.71926727904203,18.06074990242761,"{'alpha': 0.1, 'beta': 0.9, 'gamma': 0.0, 'source': 'phase3_tuning'}"
test,balanced,hetero,med,binpack,1008,1.0,1.0092631866760042,0.5639245989978559,1.0092631866760042,21.573304212821988,50.0,8.0,12.0,1089,1089,0,1020,811,209,69,0.9366391184573003,0.7447199265381084,16.22,1.0788731143723935,3.1296318891909465,11.06310337880282,13.852764270420614,1.1098860841847085,1.325450006259767,0.8530436518683446,0.4766371206819327,21.551266203241543,27.462127347431586,30,0.9507681642485445,0.5896029288876982,0.4021741154470277,65.02823029234418,16.746572913090777,{}
test,balanced,hetero,med,spread,1008,1.0,1.0092631866760042,0.5639245989978559,1.0092631866760042,21.573304212821988,50.0,8.0,12.0,1089,1089,0,1019,810,209,70,0.9357208448117539,0.743801652892562,16.2,1.1719673991675632,3.3784512360305,11.15619766359799,14.02961950794488,1.119239688796755,1.3533702253875295,0.849907735849648,0.474884931355421,23.272417554118565,29.600473890755847,30,0.9517620295397887,0.5882836066047669,0.4040720599844747,65.16065543380125,16.712539073618576,{}
test,balanced,hetero,med,tetris,1008,1.0,1.0092631866760042,0.5639245989978559,1.0092631866760042,21.573304212821988,50.0,8.0,12.0,1089,1089,0,1024,810,214,65,0.9403122130394858,0.743801652892562,16.2,1.1360660570598218,3.2497409635224344,11.12029632149025,14.044129603449711,1.1155303899702638,1.3406662952327417,0.8514936685295998,0.4757710693443877,22.712786131100685,28.097348811362025,30,0.9573337042582566,0.5931331967187344,0.40520938762570324,65.18551716623554,16.706164917321153,{}
test,balanced,hetero,med,hybrid,1008,1.0,1.0092631866760042,0.5639245989978559,1.0092631866760042,21.573304212821988,50.0,8.0,12.0,1089,1089,0,1024,812,212,65,0.9403122130394858,0.7456382001836547,16.24,1.087202175621498,3.086597523276545,11.071432440051925,13.88452064369448,1.110663909522538,1.317629330762023,0.8548492446941411,0.4776459935147904,21.883655118956234,27.5940572840711,30,0.9596205102693031,0.5943532504742833,0.40627613988120087,64.92007420594506,16.774472508231895,"{'alpha': 0.1, 'beta': 0.9, 'gamma': 0.0, 'source': 'phase3_tuning'}"
test,balanced,hetero,med,binpack,1009,1.0,1.0322978731283996,0.5274646965623618,1.0322978731283996,22.05188582496318,50.0,8.0,12.0,1140,1140,0,1055,843,212,85,0.9254385964912281,0.7394736842105263,16.86,1.6700345386355087,4.284039720378779,11.658735613400456,14.945745124287754,1.1699969170264661,1.4400052117701145,0.8581138293900625,0.43846331801838095,34.60625119743977,27.58062289769147,30,0.9514651781020177,0.5264663149996742,0.46170643165686637,65.3548252883225,17.44324148937314,{}
test,balanced,hetero,med,spread,1009,1.0,1.0322978731283996,0.5274646965623618,1.0322978731283996,22.05188582496318,50.0,8.0,12.0,1140,1140,0,1062,846,216,78,0.9315789473684211,0.7421052631578947,16.92,1.6054888687818631,4.33674261016882,11.59418994354681,14.881952427935552,1.16338675509468,1.4307646879286633,0.8602709289836574,0.43956551333642574,33.52017460556671,29.635657600947308,30,0.9541753332806937,0.5287233476555531,0.4627102036921541,65.28393107501246,17.46218374457443,{}
test,balanced,hetero,med,tetris,1009,1.0,1.0322978731283996,0.5274646965623618,1.0322978731283996,22.05188582496318,50.0,8.0,12.0,1140,1140,0,1058,845,213,82,0.9280701754385965,0.7412280701754386,16.9,1.6445604995149443,4.2006208104656295,11.63326157427989,14.88835341512035,1.1675019968645592,1.435339804513607,0.8602352381485341,0.43954727668593385,34.12498557365009,28.5055834085217,30,0.96057209869761,0.5305759592184425,0.4667037080336905,65.38228428526747,17.435915744792585,{}
test,balanced,hetero,med,hybrid,1009,1.0,1.0322978731283996,0.5274646965623618,1.0322978731283996,22.05188582496318,50.0,8.0,12.0,1140,1140,0,1061,847,214,79,0.9307017543859649,0.7429824561403509,16.94,1.6934879767319313,4.795163526025462,11.682189051496879,15.11623062741414,1.1724418204225884,1.4613361273849075,0.8563737603292749,0.4375742093385734,35.18552028775887,27.805825624886946,30,0.9591631216695313,0.5296524966214171,0.4654971906319296,65.36969004826095,17.43927497833268,"{'alpha': 0.1, 'beta': 0.9, 'gamma': 0.0, 'source': 'phase3_tuning'}"
test,balanced,hetero,high,binpack,1000,1.3,1.360774637790529,0.7897842662781014,1.360774637790529,29.42173630562207,50.0,8.0,12.0,1545,1545,0,1143,914,229,402,0.7398058252427184,0.5915857605177993,18.28,8.387994783618677,20.08322935434714,18.35777388812587,30.52221456469939,1.8529683729433093,3.187604942675869,0.880916313138524,0.5112777859779714,179.87084758075508,28.25577409036995,30,0.9440243593953198,0.6056740851362815,0.3921193711568225,82.88381307112658,18.64055166808218,{}
test,balanced,hetero,high,spread,1000,1.3,1.360774637790529,0.7897842662781014,1.360774637790529,29.42173630562207,50.0,8.0,12.0,1545,1545,0,1147,919,228,398,0.7423948220064724,0.594822006472492,18.38,8.353077267537468,20.110098394452102,18.32285637204466,30.506650441274317,1.849395340221836,3.1844152789746945,0.8790504076826237,0.5101948272495329,178.25145694830167,29.598847102316228,30,0.9424791305509935,0.6053433801747509,0.3901966679496957,82.91348212581661,18.633881491740368,{}
test,balanced,hetero,high,tetris,1000,1.3,1.360774637790529,0.7897842662781014,1.360774637790529,29.42173630562207,50.0,8.0,12.0,1545,1545,0,1146,917,229,399,0.7417475728155339,0.5935275080906149,18.34,8.280179914955932,19.92261011615691,18.249959019463123,30.22622230025401,1.842020902641115,3.1745521087304,0.8819139006326365,0.5118567789171459,177.63965393711766,28.689137495336062,30,0.9466699202030903,0.6078009499791363,0.39274050936248656,82.96631531364741,18.622015382498947,{}
test,balanced,hetero,high,hybrid,1000,1.3,1.360774637790529,0.7897842662781014,1.360774637790529,29.42173630562207,50.0,8.0,12.0,1545,1545,0,1153,923,230,392,0.7462783171521036,0.597411003236246,18.46,8.192202677677269,20.01453692692027,18.16198178218446,30.369720669039907,1.8331199802786156,3.178939382118004,0.8817650465972899,0.5117703850560132,174.48675486468903,28.374191083318962,30,0.9466821444403877,0.6070547020000742,0.3931446972277112,83.01218606490113,18.611725256724093,"{'alpha': 0.1, 'beta': 0.9, 'gamma': 0.0, 'source': 'phase3_tuning'}"
test,balanced,hetero,high,binpack,1001,1.3,1.26745752048168,0.7937356778166036,1.26745752048168,31.23394487231195,50.0,8.0,12.0,1516,1516,0,1198,960,238,318,0.7902374670184696,0.633245382585752,19.2,6.913701379641444,17.521216892373545,16.95005688059183,27.453858503424584,1.6958758077601006,2.7012718865129295,0.8613452073955972,0.5394109159306614,159.4320389775023,28.106642149960873,30,0.9326793259233644,0.6541384233354746,0.36662654258827027,78.46247828992313,19.321337192515095,{}
test,balanced,hetero,high,spread,1001,1.3,1.26745752048168,0.7937356778166036,1.26745752048168,31.23394487231195,50.0,8.0,12.0,1516,1516,0,1201,964,237,315,0.7922163588390502,0.6358839050131926,19.28,6.885743345251255,16.71629798397423,16.922098846201642,27.18890106199325,1.692765048799921,2.7088255422422316,0.8594607726282948,0.5382308029224089,156.97851755539816,29.696168439404367,30,0.931484386198994,0.6530463098939884,0.3661437781503808,78.29192715019424,19.363426794843416,{}
test,balanced,hetero,high,tetris,1001,1.3,1.26745752048168,0.7937356778166036,1.26745752048168,31.23394487231195,50.0,8.0,12.0,1516,1516,0,1213,972,241,303,0.8001319261213721,0.6411609498680739,19.44,6.68506210667309,16.695171713496038,16.72141760762348,27.171111819782823,1.672430474175778,2.7099826512313263,0.8620958684869582,0.5398810117567814,151.50414558654353,28.708993024478005,30,0.9378319984196075,0.6575744405904088,0.3682423393164899,78.27387116926474,19.367893491835847,{}
test,balanced,hetero,high,hybrid,1001,1.3,1.26745752048168,0.7937356778166036,1.26745752048168,31.23394487231195,50.0,8.0,12.0,1516,1516,0,1211,971,240,305,0.7988126649076517,0.6405013192612137,19.42,6.66800136445535,17.374535714683596,16.704356865405735,27.44243121420819,1.670995124820173,2.6995422987288076,0.8635833001750883,0.540812504591927,153.05252589305107,28.21399762427735,30,0.9364435515628806,0.6564422805450663,0.36850446320090685,78.21288274494765,19.382996084464484,"{'alpha': 0.1, 'beta': 0.9, 'gamma': 0.0, 'source': 'phase3_tuning'}"
test,balanced,hetero,high,binpack,1002,1.3,1.3077918988219503,0.8511551111944743,1.3077918988219503,31.59856725445208,50.0,8.0,12.0,1596,1596,0,1257,1010,247,339,0.7875939849624061,0.6328320802005013,20.2,6.6254410878234316,20.106916126604176,16.594222950165754,29.890118425362758,1.675692255890334,3.084378585791316,0.8800295562853655,0.5727529399052141,155.41128674706025,28.279113825898957,30,0.943097080977329,0.6828876536576967,0.3300240758279008,80.0554228727908,19.93618848951765,{}
test,balanced,hetero,high,spread,1002,1.3,1.3077918988219503,0.8511551111944743,1.3077918988219503,31.59856725445208,50.0,8.0,12.0,1596,1596,0,1260,1014,246,336,0.7894736842105263,0.6353383458646616,20.28,6.562913376792502,19.82375938466315,16.531695239134827,29.645093223810676,1.6692973620152285,3.0489409886794445,0.8807073629388961,0.573194079354139,153.49677832126804,29.705027253989382,30,0.9444992412925631,0.6840596918728312,0.33037395130442654,80.18657421740495,19.903581311166416,{}
test,balanced,hetero,high,tetris,1002,1.3,1.3077918988219503,0.8511551111944743,1.3077918988219503,31.59856725445208,50.0,8.0,12.0,1596,1596,0,1266,1019,247,330,0.793233082706767,0.6384711779448622,20.38,6.551958097226595,19.761299075685457,16.52073995956892,29.743785726135588,1.6682156474617316,3.0772624290575785,0.8794597267786731,0.5723820756281325,153.00387430945614,28.649486702467215,30,0.9423823625563095,0.6814507610597911,0.32959624895019973,80.21815868519958,19.895744631376903,{}
test,balanced,hetero,high,hybrid,1002,1.3,1.3077918988219503,0.8511551111944743,1.3077918988219503,31.59856725445208,50.0,8.0,12.0,1596,1596,0,1251,1006,245,345,0.7838345864661654,0.6303258145363408,20.12,6.698679190096642,20.10910926457683,16.667461052438966,30.054178460439147,1.6831242060130494,3.0929505992922324,0.877369043819141,0.5710213885887829,156.41204169927093,28.349165388438518,30,0.938888659679866,0.6784873444924586,0.32872232985148025,80.47778273277862,19.83156028663733,"{'alpha': 0.1, 'beta': 0.9, 'gamma': 0.0, 'source': 'phase3_tuning'}"
test,balanced,hetero,high,binpack,1003,1.3,1.2484817256586478,0.7065706063478883,1.2484817256586478,30.73762117395184,50.0,8.0,12.0,1476,1476,0,1239,994,245,237,0.8394308943089431,0.6734417344173442,19.88,4.061284409180131,15.315913523405577,14.063090064875196,25.312094990993067,1.4110561117452387,2.4848527263046356,0.8995710248851049,0.509106726548792,90.72168262753763,28.117602677684626,30,0.9706299679304007,0.5999727442824601,0.3850124847809803,75.22960417462978,19.61993574462754,{}
test,balanced,hetero,high,spread,1003,1.3,1.2484817256586478,0.7065706063478883,1.2484817256586478,30.73762117395184,50.0,8.0,12.0,1476,1476,0,1239,993,246,237,0.8394308943089431,0.6727642276422764,19.86,4.017225517550752,16.05894150803495,14.019031173245816,26.028257936525442,1.406548025847409,2.553697241446929,0.8972755810278029,0.5078076341193563,89.30750814067838,29.727034228802985,30,0.9671398852265478,0.5984242306200238,0.3834356771920428,75.40814057641816,19.573483561820893,{}
test,balanced,hetero,high,tetris,1003,1.3,1.2484817256586478,0.7065706063478883,1.2484817256586478,30.73762117395184,50.0,8.0,12.0,1476,1476,0,1234,989,245,242,0.8360433604336044,0.6700542005420054,19.78,4.116533521887017,15.763559041734688,14.11833917758208,25.82641351536722,1.4166224999585908,2.5311942291663883,0.8962831362098163,0.5072459660369165,91.81775365061665,28.757095851492608,30,0.967000675226699,0.5981735724498213,0.38324198379111113,75.36246693736777,19.58534612762443,{}
test,balanced,hetero,high,hybrid,1003,1.3,1.2484817256586478,0.7065706063478883,1.2484817256586478,30.73762117395184,50.0,8.0,12.0,1476,1476,0,1237,991,246,239,0.8380758807588076,0.6714092140921409,19.82,4.033682991147617,15.672169277257822,14.035488646842682,25.71550499882779,1.4083174860597523,2.530644097692711,0.896643294899319,0.5074497956472281,89.57040702056501,28.357558984515933,30,0.9690364261529445,0.5990411637583358,0.3847152849801274,75.36796502376129,19.5839173783538,"{'alpha': 0.1, 'beta': 0.9, 'gamma': 0.0, 'source': 'phase3_tuning'}"
test,balanced,hetero,high,binpack,1004,1.3,1.274913879673927,0.7466811001961775,1.274913879673927,28.612414036037077,50.0,8.0,12.0,1399,1399,0,1153,923,230,246,0.8241601143674053,0.6597569692637598,18.46,5.728920386445232,18.265238194507262,15.754989609936056,27.806545386436703,1.5801049222234926,2.810529098425514,0.885760828793482,0.5187651344131184,123.70479401111801,27.751608045006186,30,0.9655378782760934,0.6267792588109,0.348502898320893,77.9331395276663,17.95128501788837,{}
test,balanced,hetero,high,spread,1004,1.3,1.274913879673927,0.7466811001961775,1.274913879673927,28.612414036037077,50.0,8.0,12.0,1399,1399,0,1159,930,229,240,0.8284488920657612,0.6647605432451751,18.6,5.506925224889413,18.349416032918185,15.532994448380236,27.992903166658422,1.5575763695482974,2.837298532470388,0.8889573609734271,0.5206372531522626,118.40044121123117,29.550095771316556,30,0.9717580578505811,0.6311899522587373,0.3503875383760472,78.0052267781309,17.934695632372875,{}
test,balanced,hetero,high,tetris,1004,1.3,1.274913879673927,0.7466811001961775,1.274913879673927,28.612414036037077,50.0,8.0,12.0,1399,1399,0,1148,927,221,251,0.8205861329521087,0.6626161543959972,18.54,5.732410764116763,16.844767428720374,15.758479987607588,26.51686469490712,1.580630517072029,2.6389171476343005,0.8842454024368466,0.5178775919388542,121.61316021648891,28.1163289204523,30,0.9688776988789279,0.6283583288001597,0.35016405635955317,78.09717274068093,17.913580618921163,{}
test,balanced,hetero,high,hybrid,1004,1.3,1.274913879673927,0.7466811001961775,1.274913879673927,28.612414036037077,50.0,8.0,12.0,1399,1399,0,1155,928,227,244,0.825589706933524,0.6633309506790565,18.56,5.599452453863623,17.616654148822633,15.625521677354445,27.318966880195703,1.567021913692541,2.742138257218294,0.8874310683836097,0.5197433466317097,119.47658192354307,27.775183830712468,30,0.9712220935192685,0.6295221353106604,0.3515193909928115,78.22384469868958,17.884572222048252,"{'alpha': 0.1, 'beta': 0.9, 'gamma': 0.0, 'source': 'phase3_tuning'}"
test,balanced,hetero,high,binpack,1005,1.3,1.2962166657363918,0.7763658978119353,1.2962166657363918,30.08876307951717,50.0,8.0,12.0,1490,1490,0,1136,912,224,354,0.7624161073825504,0.6120805369127517,18.24,7.567697092455619,20.08255066512251,17.605813710897223,30.08704526456559,1.7618030003024827,2.9201558595865147,0.8654141957383488,0.5183377801055319,168.15862068925642,28.233394723177074,30,0.9360288829636001,0.6400600638910435,0.38677090398161695,80.77593412033556,18.446088135363183,{}
test,balanced,hetero,high,spread,1005,1.3,1.2962166657363918,0.7763658978119353,1.2962166657363918,30.08876307951717,50.0,8.0,12.0,1490,1490,0,1141,916,225,349,0.7657718120805369,0.614765100671141,18.32,7.5180418143255645,21.00501127207213,17.55615843276717,30.60575149698873,1.7563308648294678,2.9699734847722032,0.8598844030318804,0.5150257238785503,165.73615587581648,29.677434861138735,30,0.9286855302358321,0.6361996554408468,0.38340978466284936,81.33618470357602,18.31902990569572,{}
test,balanced,hetero,high,tetris,1005,1.3,1.2962166657363918,0.7763658978119353,1.2962166657363918,30.08876307951717,50.0,8.0,12.0,1490,1490,0,1154,927,227,336,0.774496644295302,0.6221476510067114,18.54,7.316690297082142,20.32792176011089,17.35480691552375,30.425353600245387,1.7359106927097265,2.930771392236272,0.8629954838869959,0.5168890983784269,161.11284163036905,28.689666327548522,30,0.9335634779582889,0.6387654511054863,0.3855895507590303,81.17772113766614,18.354789702376184,{}
test,balanced,hetero,high,hybrid,1005,1.3,1.2962166657363918,0.7763658978119353,1.2962166657363918,30.08876307951717,50.0,8.0,12.0,1490,1490,0,1137,913,224,353,0.7630872483221477,0.612751677852349,18.26,7.601131003079764,20.9790901480575,17.63924762152137,30.645580376855307,1.7647540491701479,2.9786926035606647,0.8586287273443535,0.5142736399034898,167.42152369696578,28.404260493896345,30,0.9274423762859666,0.6338508056730495,0.38334076195331046,81.49153913545001,18.28410674049753,"{'alpha': 0.1, 'beta': 0.9, 'gamma': 0.0, 'source': 'phase3_tuning'}"
test,balanced,hetero,high,binpack,1006,1.3,1.301783056650108,0.737158296078627,1.301783056650108,28.929064533343695,50.0,8.0,12.0,1450,1450,0,1122,902,220,328,0.7737931034482759,0.6220689655172413,18.04,6.776275754296335,18.61003634992607,16.780657758922583,28.555991859700043,1.6879804600897725,2.862048891032428,0.8783219258581894,0.49736574075579304,144.82389294023895,28.14820143838551,30,0.9493668513321967,0.5934365175151631,0.4034458559672118,79.47050614218098,18.245762741284164,{}
test,balanced,hetero,high,spread,1006,1.3,1.301783056650108,0.737158296078627,1.301783056650108,28.929064533343695,50.0,8.0,12.0,1450,1450,0,1144,919,225,306,0.7889655172413793,0.6337931034482759,18.38,6.338892938978072,20.258676840953058,16.34327494360432,29.89442216395674,1.643841322215461,3.0044875806446756,0.8809573502726348,0.49885809768951633,135.66307684413675,29.725452620518936,30,0.9548912544061886,0.5971681829085705,0.40491279121938045,79.25786451698258,18.294714459399906,{}
test,balanced,hetero,high,tetris,1006,1.3,1.301783056650108,0.737158296078627,1.301783056650108,28.929064533343695,50.0,8.0,12.0,1450,1450,0,1133,912,221,317,0.7813793103448275,0.6289655172413793,18.24,6.784493259501924,17.53099320504613,16.788875264128173,27.882789440682743,1.6893173939216126,2.7995650222719597,0.8773488323386232,0.49681470887905654,143.63696276666903,28.70643352135555,30,0.9487738987495701,0.5926848066223054,0.40327881184902714,79.82262006071417,18.16527694652356,{}
test,balanced,hetero,high,hybrid,1006,1.3,1.301783056650108,0.737158296078627,1.301783056650108,28.929064533343695,50.0,8.0,12.0,1450,1450,0,1131,909,222,319,0.78,0.6268965517241379,18.18,6.51723578459748,19.94722535386728,16.521617789223725,29.790783959207857,1.6617340959300781,2.982455380531724,0.8781698765954958,0.4972796400995923,139.25768353881955,28.33360337250212,30,0.9507290067843114,0.5933122608476424,0.40391157370475894,79.41033818907604,18.25958726617622,"{'alpha': 0.1, 'beta': 0.9, 'gamma': 0.0, 'source': 'phase3_tuning'}"
test,balanced,hetero,high,binpack,1007,1.3,1.334205045492354,0.6984855227596396,1.334205045492354,30.1368597981997,50.0,8.0,12.0,1545,1545,0,1174,942,232,371,0.7598705501618123,0.6097087378640776,18.84,8.115563672610305,20.84499480638766,18.129728788144828,30.508998489437907,1.8241348427588886,3.0413474506656137,0.8835274530068961,0.46254594597060533,187.69384905695927,27.69241665523324,30,0.9686269208526884,0.5519576115923038,0.4340435056142128,80.97775942307679,19.07931277683278,{}
test,balanced,hetero,high,spread,1007,1.3,1.334205045492354,0.6984855227596396,1.334205045492354,30.1368597981997,50.0,8.0,12.0,1545,1545,0,1205,964,241,340,0.7799352750809061,0.623948220064725,19.28,7.395283329911545,20.937814425183255,17.40944844544607,30.803453867379382,1.751202081107564,3.0898270421281357,0.88480876291787,0.4632167397335341,169.61651186658366,29.647613386098673,30,0.9706593233541846,0.5540938282918406,0.43450014936306985,80.90500004704961,19.096471158785224,{}
test,balanced,hetero,high,tetris,1007,1.3,1.334205045492354,0.6984855227596396,1.334205045492354,30.1368597981997,50.0,8.0,12.0,1545,1545,0,1204,963,241,341,0.7792880258899676,0.6233009708737864,19.26,7.4768100781542275,21.1366928686343,17.49097519368875,30.913222936874796,1.7594513960633238,3.1182897466664223,0.880376203627848,0.46089619799722753,169.98721197175783,28.398017204213012,30,0.964345514075785,0.5496985049925235,0.4320212054370897,81.05601538171004,19.060892553430687,{}
test,balanced,hetero,high,hybrid,1007,1.3,1.334205045492354,0.6984855227596396,1.334205045492354,30.1368597981997,50.0,8.0,12.0,1545,1545,0,1198,959,239,347,0.7754045307443366,0.6207119741100323,19.18,7.54686553626383,20.630053603702493,17.56103065179835,30.379930523931428,1.7665395265748163,3.0594305983652585,0.884095051601387,0.46284309624921505,173.05705937068623,27.89713082624543,30,0.9692568947552409,0.5535764061007111,0.43361514295525583,80.87145377396507,19.104392562525955,"{'alpha': 0.1, 'beta': 0.9, 'gamma': 0.0, 'source': 'phase3_tuning'}"
test,balanced,hetero,high,binpack,1008,1.3,1.310471658316316,0.7322244724371595,1.310471658316316,28.045295476668585,50.0,8.0,12.0,1414,1414,0,1093,881,212,321,0.772984441301273,0.6230551626591231,17.62,6.8854839435880315,17.517615703950618,16.875486697092114,27.903857495404637,1.6980820049961618,2.8709695034235385,0.8754260233663331,0.4891432439986819,138.64561642218706,28.010532781501023,30,0.9543356867926794,0.5908282403643543,0.4043561427585281,80.07891839346905,17.65758115078788,{}
test,balanced,hetero,high,spread,1008,1.3,1.310471658316316,0.7322244724371595,1.310471658316316,28.045295476668585,50.0,8.0,12.0,1414,1414,0,1092,878,214,322,0.7722772277227723,0.620933521923621,17.56,6.813809672950894,17.361270746444738,16.803812426454975,27.577958197661566,1.6905525131348869,2.854147306136236,0.8781477516285899,0.4906640064114359,137.62153264333836,29.68874518123201,30,0.9551133173495342,0.5917069701919926,0.4044152272437228,79.81591625337637,17.71576480449393,{}
test,balanced,hetero,high,tetris,1008,1.3,1.310471658316316,0.7322244724371595,1.310471658316316,28.045295476668585,50.0,8.0,12.0,1414,1414,0,1084,872,212,330,0.7666195190947667,0.6166902404526167,17.44,6.872397564740429,17.396693444233108,16.86240031824451,27.675269990420738,1.6966633247956309,2.856273404767262,0.877608839896381,0.4903628901253264,138.27583473886415,28.508440153406745,30,0.9565685673536743,0.5914508877606995,0.4051872907475666,79.81805638867331,17.715289797518242,{}
test,balanced,hetero,high,hybrid,1008,1.3,1.310471658316316,0.7322244724371595,1.310471658316316,28.045295476668585,50.0,8.0,12.0,1414,1414,0,1100,887,213,314,0.7779349363507779,0.6272984441301273,17.74,6.732924445732698,18.092319359075738,16.72292719923678,28.209811950368,1.6829277257712405,2.9055513092766514,0.8759221944770121,0.48942047901360863,136.3141126998517,28.147230281058224,30,0.9524582701113614,0.5903281009041667,0.40313904929337596,79.29481973271858,17.832186323976927,"{'alpha': 0.1, 'beta': 0.9, 'gamma': 0.0, 'source': 'phase3_tuning'}"
test,balanced,hetero,high,binpack,1009,1.3,1.3072138694187425,0.667936246817497,1.3072138694187425,28.667451572452137,50.0,8.0,12.0,1437,1437,0,1137,912,225,300,0.791231732776618,0.6346555323590815,18.24,6.9930728448341615,19.787025990237595,17.011658534808763,29.208720339110393,1.7054699592227534,2.915176283499702,0.8915575824599706,0.4555517956023429,154.53148716697092,28.1843741856811,30,0.96211830796001,0.5326061273779865,0.4667703986490368,78.96173442668503,18.198688395506768,{}
test,balanced,hetero,high,spread,1009,1.3,1.3072138694187425,0.667936246817497,1.3072138694187425,28.667451572452137,50.0,8.0,12.0,1437,1437,0,1132,908,224,305,0.7877522616562282,0.6318719554627696,18.16,6.986944056121224,20.82333642186252,17.005529746095824,31.044768221979275,1.7049154809693061,3.0850149516933127,0.8871162591114797,0.45328244938617124,154.2829470225558,29.708546365237435,30,0.9588105068898142,0.530043722919122,0.465474352525215,79.58501581704445,18.056162774453362,{}
test,balanced,hetero,high,tetris,1009,1.3,1.3072138694187425,0.667936246817497,1.3072138694187425,28.667451572452137,50.0,8.0,12.0,1437,1437,0,1140,915,225,297,0.7933194154488518,0.6367432150313153,18.3,6.944427256525088,20.403222523825704,16.963012946499692,30.595630833160833,1.7005774138257714,3.054159255166489,0.8868026187496777,0.45312219116751457,152.7821287505755,28.84347902308052,30,0.9567777582267886,0.529807940287016,0.4642280360067858,79.61794605084461,18.048694688535686,{}
test,balanced,hetero,high,hybrid,1009,1.3,1.3072138694187425,0.667936246817497,1.3072138694187425,28.667451572452137,50.0,8.0,12.0,1437,1437,0,1136,912,224,301,0.7905358385525401,0.6346555323590815,18.24,6.948250280473667,20.337085746791807,16.96683597044827,30.083360268577074,1.7009793167202931,3.0025592354566477,0.8899164153511175,0.45471322203398334,153.63204173110435,28.38125403782991,30,0.9607652467701002,0.531579639572934,0.4664438252641796,79.44161834605113,18.08875536422692,"{'alpha': 0.1, 'beta': 0.9, 'gamma': 0.0, 'source': 'phase3_tuning'}"
test,cpu_heavy,homog,low,binpack,1000,0.7,0.7116290962448847,0.14974895288584533,0.7116290962448847,10.897297297297298,50.0,8.0,12.0,559,559,0,559,454,105,0,1.0,0.8121645796064401,9.08,0.0,0.0,9.905120030981312,11.683265819784232,1.0,1.0000000000000004,0.6446596126350711,0.13430315312860863,0.0,22.24701634216821,24,0.6635416666666667,0.14875000000000002,0.5147916666666666,60.401814086520176,9.254688927045844,{}
test,cpu_heavy,homog,low,spread,1000,0.7,0.7116290962448847,0.14974895288584533,0.7116290962448847,10.897297297297298,50.0,8.0,12.0,559,559,0,559,454,105,0,1.0,0.8121645796064401,9.08,0.0,0.0,9.905120030981312,11.683265819784232,1.0,1.0000000000000004,0.6446596126350711,0.13430315312860863,0.0,28.98916043092325,30,0.6635416666666667,0.14875000000000002,0.5147916666666666,60.401814086520176,9.254688927045844,{}
test,cpu_heavy,homog,low,tetris,1000,0.7,0.7116290962448847,0.14974895288584533,0.7116290962448847,10.897297297297298,50.0,8.0,12.0,559,559,0,559,454,105,0,1.0,0.8121645796064401,9.08,0.00035064705658421555,0.0,9.905470678037895,11.683265819784232,1.0000369337243031,1.0000000000000004,0.6446596126350711,0.1343031531286086,0.003920234092611529,28.98916043092325,30,0.6635416666666667,0.14875000000000002,0.5147916666666666,60.401814086520176,9.254688927045844,{}
test,cpu_heavy,homog,low,hybrid,1000,0.7,0.7116290962448847,0.14974895288584533,0.7116290962448847,10.897297297297298,50.0,8.0,12.0,559,559,0,559,454,105,0,1.0,0.8121645796064401,9.08,0.0,0.0,9.905120030981312,11.683265819784232,1.0,1.0000000000000004,0.6446596126350711,0.13430315312860863,0.0,28.854126202428915,30,0.6635416666666667,0.14875000000000002,0.5147916666666666,60.401814086520176,9.254688927045844,"{'alpha': 0.1, 'beta': 0.9, 'gamma': 0.0, 'source': 'phase3_tuning'}"
test,cpu_heavy,homog,low,binpack,1001,0.7,0.7122326420267404,0.14983096669109244,0.7122326420267404,10.897297297297298,50.0,8.0,12.0,549,549,0,549,425,124,0,1.0,0.7741347905282332,8.5,0.0,0.0,10.060275192212908,11.818879710855459,1.0,1.0000000000000004,0.6342781481343241,0.13212877727732894,0.0,21.62050946718919,27,0.7777777777777778,0.17604166666666668,0.601736111111111,60.594842673352304,9.060177001522819,{}
test,cpu_heavy,homog,low,spread,1001,0.7,0.7122326420267404,0.14983096669109244,0.7122326420267404,10.897297297297298,50.0,8.0,12.0,549,549,0,549,425,124,0,1.0,0.7741347905282332,8.5,0.0,0.0,10.060275192212908,11.818879710855459,1.0,1.0000000000000004,0.6342781481343241,0.13212877727732894,0.0,29.21348298553689,30,0.7777777777777778,0.17604166666666668,0.601736111111111,60.594842673352304,9.060177001522819,{}
test,cpu_heavy,homog,low,tetris,1001,0.7,0.7122326420267404,0.14983096669109244,0.7122326420267404,10.897297297297298,50.0,8.0,12.0,549,549,0,549,425,124,0,1.0,0.7741347905282332,8.5,0.0026293182245935064,0.0,10.0629045104375,11.818879710855459,1.000282851309387,1.0000000000000004,0.633970105396772,0.13208257086669606,0.028869914106036704,29.21348298553689,30,0.7777777777777778,0.17604166666666668,0.601736111111111,60.594842673352304,9.060177001522819,{}
test,cpu_heavy,homog,low,hybrid,1001,0.7,0.7122326420267404,0.14983096669109244,0.7122326420267404,10.897297297297298,50.0,8.0,12.0,549,549,0,549,425,124,0,1.0,0.7741347905282332,8.5,0.003159597587445736,0.0,10.063434789800352,11.818879710855459,1.0003385082263418,1.0000000000000004,0.6339054113145042,0.1320728667543559,0.03469238151015418,28.873255907557972,30,0.7777777777777778,0.17604166666666668,0.601736111111111,60.594842673352304,9.060177001522819,"{'alpha': 0.1, 'beta': 0.9, 'gamma': 0.0, 'source': 'phase3_tuning'}"
test,cpu_heavy,homog,low,binpack,1002,0.7,0.6902159406879231,0.14604251520673273,0.6902159406879231,10.897297297297298,50.0,8.0,12.0,540,540,0,540,433,107,0,1.0,0.8018518518518518,8.66,0.0,0.0,9.972785081303824,11.786084086640201,1.0,1.0000000000000004,0.6186060611701721,0.1316625243031575,0.0,21.14184325724129,22,0.6690972222222222,0.13708333333333333,0.5320138888888889,61.32663553716771,8.80530939403527,{}
test,cpu_heavy,homog,low,spread,1002,0.7,0.6902159406879231,0.14604251520673273,0.6902159406879231,10.897297297297298,50.0,8.0,12.0,540,540,0,540,433,107,0,1.0,0.8018518518518518,8.66,0.0010603639986534903,0.0,9.973845445302477,11.786084086640201,1.0001035306894825,1.0000000000000004,0.618606061170172,0.13166252430315747,0.011451931185457696,29.27980003186581,30,0.6690972222222222,0.13708333333333333,0.5320138888888889,61.32663553716771,8.80530939403527,{}
test,cpu_heavy,homog,low,tetris,1002,0.7,0.6902159406879231,0.14604251520673273,0.6902159406879231,10.897297297297298,50.0,8.0,12.0,540,540,0,540,433,107,0,1.0,0.8018518518518518,8.66,0.0014910326439451695,0.0,9.974276113947768,11.786084086640201,1.0001471654987824,1.0000000000000004,0.6186060611701721,0.13166252430315747,0.01610315255460783,29.279494883074264,30,0.6690972222222222,0.13708333333333333,0.5320138888888889,61.32663553716771,8.80530939403527,{}
test,cpu_heavy,homog,low,hybrid,1002,0.7,0.6902159406879231,0.14604251520673273,0.6902159406879231,10.897297297297298,50.0,8.0,12.0,540,540,0,540,433,107,0,1.0,0.8018518518518518,8.66,0.00017535162066489738,0.0,9.97296043292449,11.786084086640201,1.0000169999294959,1.0000000000000004,0.6186060611701721,0.13166252430315747,0.0018937975031808917,29.03342856933669,30,0.6690972222222222,0.13708333333333333,0.5320138888888889,61.32663553716771,8.80530939403527,"{'alpha': 0.1, 'beta': 0.9, 'gamma': 0.0, 'source': 'phase3_tuning'}"
test,cpu_heavy,homog,low,binpack,1003,0.7,0.6333434418929698,0.13405579885407543,0.6333434418929698,10.897297297297298,50.0,8.0,12.0,491,491,0,491,391,100,0,1.0,0.7963340122199593,7.82,0.0,0.0,10.021927184680763,11.846584094838267,1.0,1.0000000000000002,0.5628057798690829,0.12053141105056456,0.0,19.558615480879112,22,0.6428819444444444,0.13197916666666668,0.5109027777777777,61.609070811998535,7.969605668916799,{}
test,cpu_heavy,homog,low,spread,1003,0.7,0.6333434418929698,0.13405579885407543,0.6333434418929698,10.897297297297298,50.0,8.0,12.0,491,491,0,491,391,100,0,1.0,0.7963340122199593,7.82,0.0,0.0,10.021927184680763,11.846584094838267,1.0,1.0000000000000002,0.5628057798690829,0.12053141105056456,0.0,29.329290296797048,30,0.6428819444444444,0.13197916666666668,0.5109027777777778,61.609070811998535,7.969605668916799,{}
test,cpu_heavy,homog,low,tetris,1003,0.7,0.6333434418929698,0.13405579885407543,0.6333434418929698,10.897297297297298,50.0,8.0,12.0,491,491,0,491,391,100,0,1.0,0.7963340122199593,7.82,0.0,0.0,10.021927184680763,11.846584094838267,1.0,1.0000000000000002,0.5628057798690829,0.12053141105056456,0.0,29.329534632921664,30,0.6428819444444444,0.13197916666666668,0.5109027777777777,61.609070811998535,7.969605668916799,{}
test,cpu_heavy,homog,low,hybrid,1003,0.7,0.6333434418929698,0.13405579885407543,0.6333434418929698,10.897297297297298,50.0,8.0,12.0,491,491,0,491,391,100,0,1.0,0.7963340122199593,7.82,0.0,0.0,10.021927184680763,11.846584094838267,1.0,1.0000000000000002,0.5628057798690829,0.12053141105056456,0.0,29.19577982918548,30,0.6428819444444444,0.13197916666666668,0.5109027777777778,61.609070811998535,7.969605668916799,"{'alpha': 0.1, 'beta': 0.9, 'gamma': 0.0, 'source': 'phase3_tuning'}"
test,cpu_heavy,homog,low,binpack,1004,0.7,0.7070449979030576,0.14826145651692532,0.7070449979030576,10.897297297297298,50.0,8.0,12.0,544,544,0,544,423,121,0,1.0,0.7775735294117647,8.46,0.0,0.0,10.10528718420271,11.815591886046242,1.0,1.0000000000000004,0.6274288907828585,0.131835625591853,0.0,21.411548376851233,28,0.7590277777777777,0.1560416666666667,0.6029861111111111,61.58205067602836,8.83374285247307,{}
test,cpu_heavy,homog,low,spread,1004,0.7,0.7070449979030576,0.14826145651692532,0.7070449979030576,10.897297297297298,50.0,8.0,12.0,544,544,0,544,423,121,0,1.0,0.7775735294117647,8.46,0.0006293484892556394,0.0,10.105916532691968,11.815591886046242,1.0000560340867006,1.0000000000000004,0.6274288907828582,0.131835625591853,0.006847311563101357,28.95472224475262,30,0.7590277777777777,0.1560416666666667,0.6029861111111111,61.58205067602836,8.83374285247307,{}
test,cpu_heavy,homog,low,tetris,1004,0.7,0.7070449979030576,0.14826145651692532,0.7070449979030576,10.897297297297298,50.0,8.0,12.0,544,544,0,544,423,121,0,1.0,0.7775735294117647,8.46,0.002082468807752614,0.0,10.107369653010464,11.815591886046242,1.0002104381111243,1.0000000000000004,0.6272789294354297,0.1318131313897387,0.022657260628348438,28.9537683339885,30,0.7590277777777777,0.1560416666666667,0.6029861111111111,61.58205067602836,8.83374285247307,{}
test,cpu_heavy,homog,low,hybrid,1004,0.7,0.7070449979030576,0.14826145651692532,0.7070449979030576,10.897297297297298,50.0,8.0,12.0,544,544,0,544,423,121,0,1.0,0.7775735294117647,8.46,0.001329236295180212,0.0,10.106616420497891,11.815591886046242,1.0001239308661536,1.0000000000000004,0.6274288907828585,0.131835625591853,0.014462090891560706,28.759313992880134,30,0.7590277777777777,0.1560416666666667,0.6029861111111111,61.58205067602836,8.83374285247307,"{'alpha': 0.1, 'beta': 0.9, 'gamma': 0.0, 'source': 'phase3_tuning'}"
test,cpu_heavy,homog,low,binpack,1005,0.7,0.7177861154977302,0.1521504872116472,0.7177861154977302,10.897297297297298,50.0,8.0,12.0,559,559,0,559,452,107,0,1.0,0.8085867620751341,9.04,0.0,0.0,10.00684099197422,11.750839858213489,1.0,1.0000000000000004,0.6498135062045369,0.13860277015172878,0.0,22.321925633763726,23,0.6852430555555556,0.14302083333333335,0.5422222222222222,60.31534024485114,9.267957334414927,{}
test,cpu_heavy,homog,low,spread,1005,0.7,0.7177861154977302,0.1521504872116472,0.7177861154977302,10.897297297297298,50.0,8.0,12.0,559,559,0,559,452,107,0,1.0,0.8085867620751341,9.04,0.0,0.0,10.00684099197422,11.750839858213489,1.0,1.0000000000000004,0.6498135062045369,0.13860277015172878,0.0,29.114651446230326,30,0.6852430555555556,0.14302083333333335,0.5422222222222222,60.31534024485114,9.267957334414927,{}
test,cpu_heavy,homog,low,tetris,1005,0.7,0.7177861154977302,0.1521504872116472,0.7177861154977302,10.897297297297298,50.0,8.0,12.0,559,559,0,559,452,107,0,1.0,0.8085867620751341,9.04,0.00108627769948663,0.0,10.007927269673706,11.750839858213489,1.000126146472305,1.0000000000000004,0.6498135062045369,0.1386027701517287,0.012144584680260521,29.114651446230326,30,0.6852430555555556,0.14302083333333335,0.5422222222222222,60.31534024485114,9.267957334414927,{}
test,cpu_heavy,homog,low,hybrid,1005,0.7,0.7177861154977302,0.1521504872116472,0.7177861154977302,10.897297297297298,50.0,8.0,12.0,559,559,0,559,452,107,0,1.0,0.8085867620751341,9.04,0.000990965655728863,0.0,10.007831957629948,11.750839858213489,1.0001158502751493,1.0000000000000004,0.6498135062045369,0.1386027701517287,0.011078996031048689,29.044661852528634,30,0.6852430555555556,0.14302083333333335,0.5422222222222222,60.31534024485114,9.267957334414927,"{'alpha': 0.1, 'beta': 0.9, 'gamma': 0.0, 'source': 'phase3_tuning'}"
test,cpu_heavy,homog,low,binpack,1006,0.7,0.7051039737049327,0.14897371024895628,0.7051039737049327,10.897297297297298,50.0,8.0,12.0,549,549,0,549,444,105,0,1.0,0.8087431693989071,8.88,0.0,0.0,10.026107011217766,11.807177807095577,1.0,1.0000000000000002,0.6414460253334265,0.13517213575743736,0.0,21.726118489859008,24,0.6776041666666667,0.1434375,0.5341666666666666,61.30146475106547,8.955740327403154,{}
test,cpu_heavy,homog,low,spread,1006,0.7,0.7051039737049327,0.14897371024895628,0.7051039737049327,10.897297297297298,50.0,8.0,12.0,549,549,0,549,444,105,0,1.0,0.8087431693989071,8.88,0.0,0.0,10.026107011217766,11.807177807095577,1.0,1.0000000000000002,0.6414460253334265,0.13517213575743736,0.0,29.332696828171002,30,0.6776041666666667,0.1434375,0.5341666666666666,61.30146475106547,8.955740327403154,{}
test,cpu_heavy,homog,low,tetris,1006,0.7,0.7051039737049327,0.14897371024895628,0.7051039737049327,10.897297297297298,50.0,8.0,12.0,549,549,0,549,444,105,0,1.0,0.8087431693989071,8.88,0.0,0.0,10.026107011217766,11.807177807095577,1.0,1.0000000000000002,0.6414460253334265,0.13517213575743736,0.0,29.331919284190867,30,0.6776041666666667,0.1434375,0.5341666666666666,61.30146475106547,8.955740327403154,{}
test,cpu_heavy,homog,low,hybrid,1006,0.7,0.7051039737049327,0.14897371024895628,0.7051039737049327,10.897297297297298,50.0,8.0,12.0,549,549,0,549,444,105,0,1.0,0.8087431693989071,8.88,0.0,0.0,10.026107011217766,11.807177807095577,1.0,1.0000000000000002,0.6414460253334265,0.13517213575743736,0.0,29.225354855213453,30,0.6776041666666667,0.1434375,0.5341666666666666,61.30146475106547,8.955740327403154,"{'alpha': 0.1, 'beta': 0.9, 'gamma': 0.0, 'source': 'phase3_tuning'}"
test,cpu_heavy,homog,low,binpack,1007,0.7,0.7181324065741082,0.15215053897506853,0.7181324065741082,10.897297297297298,50.0,8.0,12.0,556,556,0,556,430,126,0,1.0,0.7733812949640287,8.6,0.0,0.0,10.032059862561077,11.8622289024747,1.0,1.0000000000000004,0.635345562799149,0.13594573981621963,0.0,21.81194256094651,28,0.8489583333333334,0.178125,0.6708333333333333,61.73716209496486,9.005920925629106,{}
test,cpu_heavy,homog,low,spread,1007,0.7,0.7181324065741082,0.15215053897506853,0.7181324065741082,10.897297297297298,50.0,8.0,12.0,556,556,0,556,430,126,0,1.0,0.7733812949640287,8.6,0.007879803796980337,0.0,10.039939666358057,11.871057243360449,1.0007875477258936,1.0000000000000004,0.635345562799149,0.1359457398162198,0.08762341822242135,29.051755585938466,30,0.8489583333333334,0.178125,0.6708333333333333,61.73716209496486,9.005920925629106,{}
test,cpu_heavy,homog,low,tetris,1007,0.7,0.7181324065741082,0.15215053897506853,0.7181324065741082,10.897297297297298,50.0,8.0,12.0,556,556,0,556,430,126,0,1.0,0.7733812949640287,8.6,0.0072526930266644,0.0,10.03931255558774,11.871057243360449,1.0006870612786705,1.0000000000000004,0.6353024445260912,0.13593927207526088,0.08064994645650814,29.051755585938476,30,0.8489583333333334,0.178125,0.6708333333333333,61.73716209496486,9.005920925629106,{}
test,cpu_heavy,homog,low,hybrid,1007,0.7,0.7181324065741082,0.15215053897506853,0.7181324065741082,10.897297297297298,50.0,8.0,12.0,556,556,0,556,430,126,0,1.0,0.7733812949640287,8.6,0.0061993546836249655,0.0,10.0382592172447,11.871057243360449,1.0005765252050758,1.0000000000000004,0.6351599925165717,0.1359179042738331,0.06893682408190963,28.813743582939082,30,0.8489583333333334,0.178125,0.6708333333333333,61.73716209496486,9.005920925629106,"{'alpha': 0.1, 'beta': 0.9, 'gamma': 0.0, 'source': 'phase3_tuning'}"
test,cpu_heavy,homog,low,binpack,1008,0.7,0.6756589778144649,0.14225918320561232,0.6756589778144649,10.897297297297298,50.0,8.0,12.0,528,528,0,528,408,120,0,1.0,0.7727272727272727,8.16,0.0,0.0,9.985129502674512,11.76318217783753,1.0,1.0000000000000004,0.6099238442792513,0.12656523099239336,0.0,21.050785846221938,24,0.7359375,0.1615625,0.574375,60.916521374936536,8.667599332374879,{}
test,cpu_heavy,homog,low,spread,1008,0.7,0.6756589778144649,0.14225918320561232,0.6756589778144649,10.897297297297298,50.0,8.0,12.0,528,528,0,528,408,120,0,1.0,0.7727272727272727,8.16,0.0,0.0,9.985129502674512,11.76318217783753,1.0,1.0000000000000004,0.6099238442792513,0.12656523099239336,0.0,29.241537282814324,30,0.7359375,0.1615625,0.574375,60.916521374936536,8.667599332374879,{}
test,cpu_heavy,homog,low,tetris,1008,0.7,0.6756589778144649,0.14225918320561232,0.6756589778144649,10.897297297297298,50.0,8.0,12.0,528,528,0,528,408,120,0,1.0,0.7727272727272727,8.16,0.0,0.0,9.985129502674512,11.76318217783753,1.0,1.0000000000000004,0.6099238442792513,0.12656523099239336,0.0,29.24127445296818,30,0.7359375,0.1615625,0.574375,60.916521374936536,8.667599332374879,{}
test,cpu_heavy,homog,low,hybrid,1008,0.7,0.6756589778144649,0.14225918320561232,0.6756589778144649,10.897297297297298,50.0,8.0,12.0,528,528,0,528,408,120,0,1.0,0.7727272727272727,8.16,0.0,0.0,9.985129502674512,11.76318217783753,1.0,1.0000000000000004,0.6099238442792513,0.12656523099239336,0.0,29.12428431822337,30,0.7359375,0.1615625,0.574375,60.916521374936536,8.667599332374879,"{'alpha': 0.1, 'beta': 0.9, 'gamma': 0.0, 'source': 'phase3_tuning'}"
test,cpu_heavy,homog,low,binpack,1009,0.7,0.7070936136100054,0.14847889359941852,0.7070936136100054,10.897297297297298,50.0,8.0,12.0,551,551,0,551,450,101,0,1.0,0.8166969147005445,9.0,0.0,0.0,9.972977574558342,11.819581440255803,1.0,1.0000000000000004,0.6530461009724042,0.13815877943635835,0.0,22.6016110191525,23,0.5956597222222223,0.11864583333333333,0.4770138888888889,61.103800985316646,9.017442304978806,{}
test,cpu_heavy,homog,low,spread,1009,0.7,0.7070936136100054,0.14847889359941852,0.7070936136100054,10.897297297297298,50.0,8.0,12.0,551,551,0,551,450,101,0,1.0,0.8166969147005445,9.0,0.000591538921897903,0.0,9.97356911348024,11.819581440255803,1.0000680386624092,1.0000000000000004,0.6530461009724045,0.13815877943635838,0.006518758919314891,29.27144180345221,30,0.5956597222222223,0.11864583333333334,0.4770138888888889,61.103800985316646,9.017442304978806,{}
test,cpu_heavy,homog,low,tetris,1009,0.7,0.7070936136100054,0.14847889359941852,0.7070936136100054,10.897297297297298,50.0,8.0,12.0,551,551,0,551,450,101,0,1.0,0.8166969147005445,9.0,0.0018451279382694927,0.0,9.974822702496612,11.819581440255803,1.000200411186888,1.0000000000000004,0.6530461009724046,0.13815877943635838,0.02033330987972981,29.2714418034522,30,0.5956597222222223,0.11864583333333334,0.4770138888888889,61.103800985316646,9.017442304978806,{}
test,cpu_heavy,homog,low,hybrid,1009,0.7,0.7070936136100054,0.14847889359941852,0.7070936136100054,10.897297297297298,50.0,8.0,12.0,551,551,0,551,450,101,0,1.0,0.8166969147005445,9.0,0.0014468392138416023,0.0,9.974424413772184,11.819581440255803,1.0001638431049316,1.0000000000000004,0.6530461009724045,0.13815877943635843,0.01594416813653446,29.200352461306856,30,0.5956597222222223,0.11864583333333334,0.4770138888888889,61.103800985316646,9.017442304978806,"{'alpha': 0.1, 'beta': 0.9, 'gamma': 0.0, 'source': 'phase3_tuning'}"
test,cpu_heavy,homog,med,binpack,1000,1.0,1.0121589174091319,0.2126311989699562,1.0121589174091319,15.567567567567568,50.0,8.0,12.0,795,795,0,768,609,159,27,0.9660377358490566,0.7660377358490567,12.18,1.0844501256110501,3.7918471954882946,11.018129897970056,14.140625804005097,1.1115295775439766,1.406069255432002,0.8717976044953661,0.18348981406890708,16.328210950869547,27.18443153225558,30,0.9640625,0.2153125,0.7487499999999999,64.14808100402945,12.393200038985768,{}
test,cpu_heavy,homog,med,spread,1000,1.0,1.0121589174091319,0.2126311989699562,1.0121589174091319,15.567567567567568,50.0,8.0,12.0,795,795,0,766,611,155,29,0.9635220125786164,0.7685534591194969,12.22,1.181181159194841,6.2441195408645385,11.114860931553846,15.786322162565412,1.1216311918672663,1.6165234112769764,0.8643771120997211,0.18295091853760018,17.849147104574936,29.29241230164626,30,0.9690972222222223,0.2070833333333333,0.7620138888888889,64.44153463088672,12.336763929562872,{}
test,cpu_heavy,homog,med,tetris,1000,1.0,1.0121589174091319,0.2126311989699562,1.0121589174091319,15.567567567567568,50.0,8.0,12.0,795,795,0,762,608,154,33,0.9584905660377359,0.7647798742138365,12.16,1.3606413469709586,6.9922399616812,11.294321119329963,16.760703243362812,1.1401941503230242,1.7104429271764081,0.8566721075264455,0.18159381797830718,20.43951404030689,29.292412301646237,30,0.9621527777777777,0.20291666666666666,0.7592361111111111,64.63257882357536,12.300298308846314,{}
test,cpu_heavy,homog,med,hybrid,1000,1.0,1.0121589174091319,0.2126311989699562,1.0121589174091319,15.567567567567568,50.0,8.0,12.0,795,795,0,762,607,155,33,0.9584905660377359,0.7635220125786164,12.14,1.4295544981682167,7.338355352756423,11.36323427052722,17.2814329667409,1.1477388369808383,1.7590921598892664,0.8546243604261986,0.1815403629869845,21.48456333564436,29.19391710871274,30,0.9649305555555556,0.20645833333333333,0.7584722222222222,64.94801291344064,12.240559246355005,"{'alpha': 0.1, 'beta': 0.9, 'gamma': 0.0, 'source': 'phase3_tuning'}"
test,cpu_heavy,homog,med,binpack,1001,1.0,0.9968952377735381,0.21061486760040582,0.9968952377735381,15.567567567567568,50.0,8.0,12.0,774,774,0,753,609,144,21,0.9728682170542635,0.7868217054263565,12.18,0.7028994510034685,3.463516995007957,10.727716233465543,13.513011146003361,1.0716407244956427,1.3382449736274182,0.8622999819989762,0.18499055459598154,10.502803539970607,27.132069562599842,30,0.9651041666666667,0.1865625,0.7785416666666667,63.82328121561066,12.127236100338347,{}
test,cpu_heavy,homog,med,spread,1001,1.0,0.9968952377735381,0.21061486760040582,0.9968952377735381,15.567567567567568,50.0,8.0,12.0,774,774,0,745,600,145,29,0.962532299741602,0.7751937984496124,12.0,0.8801647806155902,3.8081534058062836,10.904981563077664,13.952960888794294,1.0894818764042777,1.3731763747456385,0.8567896982242322,0.1839956436729507,13.02520360969087,29.449438089875876,30,0.9553819444444444,0.18822916666666664,0.7671527777777778,64.40581857117074,12.017547749116831,{}
test,cpu_heavy,homog,med,tetris,1001,1.0,0.9968952377735381,0.21061486760040582,0.9968952377735381,15.567567567567568,50.0,8.0,12.0,774,774,0,743,600,143,31,0.9599483204134367,0.7751937984496124,12.0,0.9123594786950744,3.9048982585583047,10.937176261157148,14.141066384756655,1.0927341323900064,1.385256296030094,0.8530517910304881,0.1834127685206983,13.453639551458169,29.449438089875912,30,0.9498263888888889,0.18739583333333334,0.7624305555555555,64.70828997287146,11.961373115013465,{}
test,cpu_heavy,homog,med,hybrid,1001,1.0,0.9968952377735381,0.21061486760040582,0.9968952377735381,15.567567567567568,50.0,8.0,12.0,774,774,0,748,603,145,26,0.9664082687338501,0.7790697674418605,12.06,0.8870448534237647,4.616588704386615,10.91186163588584,14.621211152848971,1.0902209479643108,1.4689132064623038,0.8540195552222615,0.18363395359370915,13.062049422303057,29.248485350671263,30,0.9553819444444444,0.18822916666666664,0.7671527777777778,64.63045493615132,11.97577830396889,"{'alpha': 0.1, 'beta': 0.9, 'gamma': 0.0, 'source': 'phase3_tuning'}"
test,cpu_heavy,homog,med,binpack,1002,1.0,0.994014453624528,0.20932491449708596,0.994014453624528,15.567567567567568,50.0,8.0,12.0,774,774,0,759,608,151,15,0.9806201550387597,0.7855297157622739,12.16,0.6210085770300706,2.671297070723739,10.595358617202539,13.065809355230122,1.0629619822133962,1.2705128874529386,0.8660280124765937,0.18516877789930955,9.423305621029023,27.198737409029437,30,0.9642361111111111,0.19229166666666667,0.7719444444444444,63.08057497478798,12.270021322877161,{}
test,cpu_heavy,homog,med,spread,1002,1.0,0.994014453624528,0.20932491449708596,0.994014453624528,15.567567567567568,50.0,8.0,12.0,774,774,0,757,604,153,17,0.9780361757105943,0.7803617571059431,12.08,0.7952007685280863,3.7032812376526394,10.769550808700556,14.056558108740532,1.0805107325189498,1.3855638952592482,0.8587993053710727,0.1841946842359893,11.80492576254441,29.496438078673982,30,0.9614583333333333,0.19499999999999998,0.7664583333333332,64.18379401542923,12.059118845700164,{}
test,cpu_heavy,homog,med,tetris,1002,1.0,0.994014453624528,0.20932491449708596,0.994014453624528,15.567567567567568,50.0,8.0,12.0,774,774,0,753,600,153,21,0.9728682170542635,0.7751937984496124,12.0,0.8191220541513893,4.075304571668688,10.793472094323858,14.47149821989391,1.0829072046458326,1.3906855109446008,0.859544084997,0.18396756200120476,12.30248284580044,29.496438078674004,30,0.9671875,0.1946875,0.7725000000000001,63.492774194058086,12.190363546477926,{}
test,cpu_heavy,homog,med,hybrid,1002,1.0,0.994014453624528,0.20932491449708596,0.994014453624528,15.567567567567568,50.0,8.0,12.0,774,774,0,754,601,153,20,0.9741602067183462,0.7764857881136951,12.02,0.8577872329694801,3.658743604452056,10.832137273141948,14.157250904323877,1.0869616285202963,1.3713906804637936,0.8569470255106799,0.18353002711609576,12.901361322347114,29.378814712694503,30,0.9645833333333333,0.19625,0.7683333333333333,63.41252717174477,12.205790157262134,"{'alpha': 0.1, 'beta': 0.9, 'gamma': 0.0, 'source': 'phase3_tuning'}"
test,cpu_heavy,homog,med,binpack,1003,1.0,0.9308304197021454,0.19654740715126653,0.9308304197021454,15.567567567567568,50.0,8.0,12.0,725,725,0,722,567,155,3,0.9958620689655172,0.7820689655172414,11.34,0.08958818958761708,0.6476940214986939,10.088945185539357,11.927550568917525,1.0091829332284081,1.0676045443323645,0.8166670963498031,0.17019550672381262,1.287761554618159,26.873496525330342,30,0.9597222222222223,0.21583333333333332,0.7438888888888889,62.003981535043444,11.692797495435743,{}
test,cpu_heavy,homog,med,spread,1003,1.0,0.9308304197021454,0.19654740715126653,0.9308304197021454,15.567567567567568,50.0,8.0,12.0,725,725,0,715,563,152,10,0.9862068965517241,0.776551724137931,11.26,0.14138093603470844,0.9000421394573355,10.140737931986449,11.965303914921666,1.0144434785480319,1.0881277933439224,0.8138181393443289,0.16974363530997322,1.974158332964246,29.53214160413427,30,0.960763888888889,0.20895833333333333,0.7518055555555556,62.71985833035879,11.559337334298036,{}
test,cpu_heavy,homog,med,tetris,1003,1.0,0.9308304197021454,0.19654740715126653,0.9308304197021454,15.567567567567568,50.0,8.0,12.0,725,725,0,715,563,152,10,0.9862068965517241,0.776551724137931,11.26,0.16385310090759667,0.916392601238293,10.163210096859338,11.982130719165198,1.0167600226690645,1.0940349824367959,0.8128837923684032,0.16952293672317512,2.2851583137529787,29.532141604134303,30,0.9565972222222222,0.20833333333333334,0.748263888888889,62.62478095887689,11.576886799429728,{}
test,cpu_heavy,homog,med,hybrid,1003,1.0,0.9308304197021454,0.19654740715126653,0.9308304197021454,15.567567567567568,50.0,8.0,12.0,725,725,0,714,562,152,11,0.9848275862068966,0.7751724137931034,11.24,0.16162624476871224,1.032839474451336,10.160983240720451,11.979584877447849,1.0164213596572789,1.102096935903258,0.8135135374058449,0.16964667390542243,2.256782309884638,29.368385886223614,30,0.9539930555555556,0.20989583333333334,0.7440972222222223,62.51106406413281,11.597946873151784,"{'alpha': 0.1, 'beta': 0.9, 'gamma': 0.0, 'source': 'phase3_tuning'}"
test,cpu_heavy,homog,med,binpack,1004,1.0,1.0102883714770823,0.21232800316686268,1.0102883714770823,15.567567567567568,50.0,8.0,12.0,780,780,0,754,603,151,26,0.9666666666666667,0.7730769230769231,12.06,0.9140267276482936,5.469850370070553,10.961120686764902,15.366333797505604,1.0923935976961425,1.5598234751482465,0.8514029714746485,0.1817084737809201,13.31675240939847,26.746838384799698,30,0.9725694444444444,0.20604166666666665,0.7665277777777778,65.97747598833058,11.822216420312266,{}
test,cpu_heavy,homog,med,spread,1004,1.0,1.0102883714770823,0.21232800316686268,1.0102883714770823,15.567567567567568,50.0,8.0,12.0,780,780,0,749,599,150,31,0.9602564102564103,0.767948717948718,11.98,1.0088771019154035,6.060901948315497,11.055971061032013,15.925194254850808,1.1020097137063347,1.595401277263333,0.8475496768165545,0.18113931025658972,14.512315711199154,29.26830557132682,30,0.9614583333333333,0.204375,0.7570833333333333,66.5070132389776,11.728086438000906,{}
test,cpu_heavy,homog,med,tetris,1004,1.0,1.0102883714770823,0.21232800316686268,1.0102883714770823,15.567567567567568,50.0,8.0,12.0,780,780,0,748,599,149,32,0.958974358974359,0.767948717948718,11.98,1.0797529051904804,7.454458502640321,11.126846864307089,17.493737383051723,1.1091543844993332,1.7361836527620558,0.8427964556606459,0.18067232993066928,15.349550591501098,29.268305571326763,30,0.9461805555555556,0.20208333333333334,0.7440972222222223,66.72994699584319,11.688904833816045,{}
test,cpu_heavy,homog,med,hybrid,1004,1.0,1.0102883714770823,0.21232800316686268,1.0102883714770823,15.567567567567568,50.0,8.0,12.0,780,780,0,744,596,148,36,0.9538461538461539,0.764102564102564,11.92,1.1167047195959365,7.550116219074468,11.163798678712546,17.72122708106503,1.1128727095599362,1.7345096971394107,0.8406610229935646,0.18031610669281778,15.767795964074596,29.108711674221112,30,0.9350694444444444,0.20354166666666668,0.7315277777777778,66.81819121987107,11.673467745233364,"{'alpha': 0.1, 'beta': 0.9, 'gamma': 0.0, 'source': 'phase3_tuning'}"
test,cpu_heavy,homog,med,binpack,1005,1.0,0.9940952629227197,0.21140440594863394,0.9940952629227197,15.567567567567568,50.0,8.0,12.0,775,775,0,762,616,146,13,0.983225806451613,0.7948387096774193,12.32,0.9306789166243928,4.791016292811243,10.947246290846302,14.796274526172681,1.0946946872522043,1.4589332773226686,0.8674399296021826,0.18697663354724883,14.158341800974425,27.274910493522338,30,0.9571180555555556,0.18614583333333332,0.7709722222222222,62.70773486953857,12.358921935425712,{}
test,cpu_heavy,homog,med,spread,1005,1.0,0.9940952629227197,0.21140440594863394,0.9940952629227197,15.567567567567568,50.0,8.0,12.0,775,775,0,761,611,150,14,0.9819354838709677,0.7883870967741935,12.22,1.0696194104220815,4.859156142036014,11.086186784643989,14.78076445574796,1.1089247211272306,1.444088362630646,0.8655159002172327,0.18666667356971015,16.226458758352223,29.380256012361222,30,0.9682291666666667,0.1878125,0.7804166666666666,63.50523191677647,12.203718915878248,{}
test,cpu_heavy,homog,med,tetris,1005,1.0,0.9940952629227197,0.21140440594863394,0.9940952629227197,15.567567567567568,50.0,8.0,12.0,775,775,0,756,611,145,19,0.9754838709677419,0.7883870967741935,12.22,1.2117323361562262,6.040709870986575,11.228299710378135,15.996787844905441,1.1232525440359165,1.5663309691101117,0.8552538230474478,0.1851050962518525,18.15344138878284,29.380256012361247,30,0.9402777777777778,0.18166666666666667,0.7586111111111111,63.91427260666026,12.125617149231864,{}
test,cpu_heavy,homog,med,hybrid,1005,1.0,0.9940952629227197,0.21140440594863394,0.9940952629227197,15.567567567567568,50.0,8.0,12.0,775,775,0,756,610,146,19,0.9754838709677419,0.7870967741935484,12.2,1.2053109350960047,5.1045326302592,11.221878309317912,15.192117292895738,1.1227495763644506,1.5176136109933434,0.86042502037324,0.1857585209912614,18.23849103188109,29.244392973455373,30,0.952951388888889,0.18552083333333333,0.7674305555555556,63.173842406479956,12.267735671568168,"{'alpha': 0.1, 'beta': 0.9, 'gamma': 0.0, 'source': 'phase3_tuning'}"
test,cpu_heavy,homog,med,binpack,1006,1.0,1.0079706804752202,0.21237900792041378,1.0079706804752202,15.567567567567568,50.0,8.0,12.0,781,781,0,762,611,151,19,0.9756722151088348,0.7823303457106274,12.22,0.8313442844922044,2.8911423678090387,10.85349304114931,13.63868953613535,1.0836291167000611,1.2940236832517764,0.8700889195021966,0.18589735418900966,12.58952262192658,27.284114540820283,30,0.9699652777777777,0.18572916666666664,0.7842361111111111,63.7768224172973,12.245828035925793,{}
test,cpu_heavy,homog,med,spread,1006,1.0,1.0079706804752202,0.21237900792041378,1.0079706804752202,15.567567567567568,50.0,8.0,12.0,781,781,0,764,613,151,17,0.9782330345710627,0.7848911651728553,12.26,0.9152213010456081,3.3282755302474953,10.937370057702713,14.060852017690763,1.0918607791528983,1.3246876769755547,0.866303255146814,0.18555584317462714,13.721807380910475,29.5345381959509,30,0.9600694444444444,0.18229166666666666,0.7777777777777778,64.74188941010824,12.063287110030826,{}
test,cpu_heavy,homog,med,tetris,1006,1.0,1.0079706804752202,0.21237900792041378,1.0079706804752202,15.567567567567568,50.0,8.0,12.0,781,781,0,758,605,153,23,0.970550576184379,0.7746478873239436,12.1,1.1144160673526902,4.2839045558593725,11.136564824009795,14.657412886269796,1.1119994975705112,1.3801441438107431,0.8593072114521597,0.18431266536700894,16.788074406245354,29.534538195950823,30,0.96875,0.190625,0.778125,64.86689818281559,12.04003924773608,{}
test,cpu_heavy,homog,med,hybrid,1006,1.0,1.0079706804752202,0.21237900792041378,1.0079706804752202,15.567567567567568,50.0,8.0,12.0,781,781,0,761,610,151,20,0.9743918053777209,0.7810499359795134,12.2,1.06493521203496,3.47581068915936,11.087083968692067,14.254891759177632,1.1070554166248756,1.3415381518916583,0.862151485748186,0.18462216707019216,16.032192209185,29.428005304529275,30,0.9684027777777777,0.18666666666666665,0.7817361111111112,64.50687096251487,12.107237389546324,"{'alpha': 0.1, 'beta': 0.9, 'gamma': 0.0, 'source': 'phase3_tuning'}"
test,cpu_heavy,homog,med,binpack,1007,1.0,1.0946647283927033,0.22982239675608215,1.0946647283927033,15.567567567567568,50.0,8.0,12.0,849,849,0,755,594,161,94,0.889281507656066,0.6996466431095406,11.88,1.9821886315759496,7.564256995438612,12.005341033241455,17.502801260213857,1.201787317796978,1.7884926232817784,0.8467010652828827,0.17851921763102324,26.56990676132939,26.51273989968588,30,0.9722222222222222,0.21770833333333334,0.7545138888888889,70.2373947183784,12.087578182592381,{}
test,cpu_heavy,homog,med,spread,1007,1.0,1.0946647283927033,0.22982239675608215,1.0946647283927033,15.567567567567568,50.0,8.0,12.0,849,849,0,749,588,161,100,0.8822143698468787,0.6925795053003534,11.76,2.1472451146852207,7.558225696983058,12.170397516350727,17.79580118158487,1.2182700011328595,1.8148138884364973,0.8415071693609394,0.17708560674133494,28.90136630690745,29.336228910156976,30,0.9753472222222223,0.21583333333333332,0.7595138888888889,70.65334403722821,12.016416371639117,{}
test,cpu_heavy,homog,med,tetris,1007,1.0,1.0946647283927033,0.22982239675608215,1.0946647283927033,15.567567567567568,50.0,8.0,12.0,849,849,0,761,597,164,88,0.8963486454652533,0.7031802120141343,11.94,2.0719710989014213,10.886246702013366,12.095123500566928,20.544085558649883,1.2109788668559678,2.0788096331203474,0.8378881585263481,0.17819315088643123,27.430603993256035,29.336228910157004,30,0.9737847222222222,0.21989583333333332,0.7538888888888889,71.29669788024025,11.907984875065285,{}
test,cpu_heavy,homog,med,hybrid,1007,1.0,1.0946647283927033,0.22982239675608215,1.0946647283927033,15.567567567567568,50.0,8.0,12.0,849,849,0,761,599,162,88,0.8963486454652533,0.7055359246171967,11.98,2.0247913769745693,9.654134422558208,12.047943778640075,19.320290218856947,1.2061472394319697,1.9787824285012552,0.8418775649017347,0.17858681829542458,27.11550525906063,29.29818160091694,30,0.9708333333333333,0.2175,0.7533333333333334,70.63905386193,12.018847274758837,"{'alpha': 0.1, 'beta': 0.9, 'gamma': 0.0, 'source': 'phase3_tuning'}"
test,cpu_heavy,homog,med,binpack,1008,1.0,0.9960939499979271,0.21017890620865712,0.9960939499979271,15.567567567567568,50.0,8.0,12.0,777,777,0,755,601,154,22,0.9716859716859717,0.7734877734877735,12.02,0.44093898637174855,1.7646276981078088,10.403759324454745,12.666129874406089,1.045005935903899,1.190674487861186,0.8612968539903265,0.18340809267100341,6.357220731649659,27.192955323283158,30,0.9631944444444444,0.20854166666666665,0.7546527777777778,62.858730301348416,12.36105146055316,{}
test,cpu_heavy,homog,med,spread,1008,1.0,0.9960939499979271,0.21017890620865712,0.9960939499979271,15.567567567567568,50.0,8.0,12.0,777,777,0,755,600,155,22,0.9716859716859717,0.7722007722007722,12.0,0.5554524682540053,2.0591976572856936,10.518272806337002,12.971952325935256,1.0564795573755987,1.2145764911671906,0.8566391293653268,0.18278126916897744,8.074426497386467,29.469076097970063,30,0.9659722222222222,0.20895833333333333,0.7570138888888889,63.145384814399314,12.304937285342465,{}
test,cpu_heavy,homog,med,tetris,1008,1.0,0.9960939499979271,0.21017890620865712,0.9960939499979271,15.567567567567568,50.0,8.0,12.0,777,777,0,752,598,154,25,0.9678249678249679,0.7696267696267697,11.96,0.6745830102043077,2.3291621129027718,10.637403348287306,13.165672987707495,1.0687541656292345,1.2441132961643202,0.8539566058131074,0.18228672495059542,9.79791130141832,29.469076097970014,30,0.9616319444444444,0.20635416666666667,0.7552777777777777,63.613253424513196,12.214435800269651,{}
test,cpu_heavy,homog,med,hybrid,1008,1.0,0.9960939499979271,0.21017890620865712,0.9960939499979271,15.567567567567568,50.0,8.0,12.0,777,777,0,750,597,153,27,0.9652509652509652,0.7683397683397684,11.94,0.6295690420183452,2.253802698062451,10.592389380101343,12.973885742448594,1.0641362764482238,1.220753564656405,0.8556051604141695,0.18238812579455704,9.116484667470914,29.424895249110733,30,0.9572916666666667,0.200625,0.7566666666666666,63.34508472898669,12.266145089619638,"{'alpha': 0.1, 'beta': 0.9, 'gamma': 0.0, 'source': 'phase3_tuning'}"
test,cpu_heavy,homog,med,binpack,1009,1.0,1.029249429458197,0.21645474745752227,1.029249429458197,15.567567567567568,50.0,8.0,12.0,802,802,0,760,606,154,42,0.9476309226932669,0.7556109725685786,12.12,1.3790556487141699,4.429328891650037,11.368168388673196,14.597148421549825,1.1405912873751773,1.4729669795382463,0.8712704578110683,0.18418477865904095,20.82845208519149,27.287699054101257,30,0.9710069444444444,0.20697916666666666,0.7640277777777779,64.42628924374995,12.448334513970208,{}
test,cpu_heavy,homog,med,spread,1009,1.0,1.029249429458197,0.21645474745752227,1.029249429458197,15.567567567567568,50.0,8.0,12.0,802,802,0,770,610,160,32,0.9600997506234414,0.7605985037406484,12.2,1.3761377350962496,6.845266683601139,11.365250475055277,16.58018626488102,1.1404412881706292,1.7142375595428976,0.8667155468405913,0.18508857786972663,20.848948018668175,29.49000926241652,30,0.9715277777777778,0.20979166666666668,0.7617361111111111,65.39331146459853,12.264251221383285,{}
test,cpu_heavy,homog,med,tetris,1009,1.0,1.029249429458197,0.21645474745752227,1.029249429458197,15.567567567567568,50.0,8.0,12.0,802,802,0,762,602,160,40,0.9501246882793017,0.7506234413965087,12.04,1.531397365957338,6.2927143154973635,11.520510105916365,16.071494412017778,1.1558485286430957,1.6429328870718332,0.8631412707963156,0.1840120056573713,23.21616552499318,29.490009262416553,30,0.9741319444444444,0.21135416666666668,0.7627777777777778,65.46065261791053,12.251634652670218,{}
test,cpu_heavy,homog,med,hybrid,1009,1.0,1.029249429458197,0.21645474745752227,1.029249429458197,15.567567567567568,50.0,8.0,12.0,802,802,0,762,602,160,40,0.9501246882793017,0.7506234413965087,12.04,1.620792359921605,7.277162249931308,11.609905099880633,17.07524097131895,1.1651671038158138,1.764811621929296,0.8587605349122778,0.1835633868146106,24.372152497571843,29.35619064298612,30,0.9673611111111111,0.21229166666666668,0.7550694444444445,65.9608501391261,12.15872746194756,"{'alpha': 0.1, 'beta': 0.9, 'gamma': 0.0, 'source': 'phase3_tuning'}"
test,cpu_heavy,homog,high,binpack,1000,1.3,1.3529552317421343,0.2861358286990734,1.3529552317421343,20.23783783783784,50.0,8.0,12.0,1056,1056,0,846,679,167,210,0.8011363636363636,0.6429924242424242,13.58,6.137210707174589,20.200149594897972,16.102452941030965,29.738825490883634,1.6244656677376408,2.999388680604827,0.9034654859598495,0.20125778822115653,91.6763034566241,27.90327091668244,30,0.9722222222222222,0.21770833333333334,0.7545138888888889,80.74780350278601,13.077755111488143,{}
test,cpu_heavy,homog,high,spread,1000,1.3,1.3529552317421343,0.2861358286990734,1.3529552317421343,20.23783783783784,50.0,8.0,12.0,1056,1056,0,836,671,165,220,0.7916666666666666,0.6354166666666666,13.42,6.330642018941115,20.907979869566972,16.29588425279749,30.321535060172593,1.6438631596721511,3.0663399774234863,0.8947043153438575,0.19924102384900214,93.48412808841866,29.455701770497168,30,0.9677083333333333,0.219375,0.7483333333333333,81.16368329956693,13.010745164218473,{}
test,cpu_heavy,homog,high,tetris,1000,1.3,1.3529552317421343,0.2861358286990734,1.3529552317421343,20.23783783783784,50.0,8.0,12.0,1056,1056,0,831,668,163,225,0.7869318181818182,0.6325757575757576,13.36,6.555333592101121,18.37446029335411,16.520575825957494,28.924702778725376,1.6651688783959864,2.989867196512604,0.8909185266251894,0.19799522900705907,94.95047584337856,29.455701770497107,30,0.9746527777777777,0.22041666666666665,0.754236111111111,81.5474932886082,12.949509021235828,{}
test,cpu_heavy,homog,high,hybrid,1000,1.3,1.3529552317421343,0.2861358286990734,1.3529552317421343,20.23783783783784,50.0,8.0,12.0,1056,1056,0,836,672,164,220,0.7916666666666666,0.6363636363636364,13.44,6.392962903934351,18.82135077453892,16.358205137790726,28.676755927883065,1.6492464876843653,2.989265914970577,0.8938858424004402,0.19863308676975017,93.58429993817643,29.43479717821349,30,0.974826388888889,0.21927083333333333,0.7555555555555556,80.43084713480988,13.129291032208599,"{'alpha': 0.1, 'beta': 0.9, 'gamma': 0.0, 'source': 'phase3_tuning'}"
test,cpu_heavy,homog,high,binpack,1001,1.3,1.274487846507389,0.2679917253396153,1.274487846507389,20.23783783783784,50.0,8.0,12.0,995,995,0,826,666,160,169,0.8301507537688442,0.6693467336683417,13.32,5.29248477288672,18.19776207506598,15.284397510535621,27.856459798878404,1.5399045657113308,2.788050581667223,0.8983347803852859,0.19774998723012838,81.63523982710062,27.914969731877207,30,0.9657986111111111,0.20697916666666666,0.7588194444444445,76.84527160179968,12.948096600607208,{}
test,cpu_heavy,homog,high,spread,1001,1.3,1.274487846507389,0.2679917253396153,1.274487846507389,20.23783783783784,50.0,8.0,12.0,995,995,0,829,669,160,166,0.8331658291457287,0.6723618090452261,13.38,5.098177157829139,18.933810221080307,15.09008989547804,28.54770654278492,1.520337262801495,2.8706112589106483,0.8989620384652198,0.19788405053139307,78.79474305478976,29.576490838366016,30,0.970486111111111,0.20416666666666666,0.7663194444444444,76.41015318364994,13.021829672406778,{}
test,cpu_heavy,homog,high,tetris,1001,1.3,1.274487846507389,0.2679917253396153,1.274487846507389,20.23783783783784,50.0,8.0,12.0,995,995,0,832,669,163,163,0.8361809045226131,0.6723618090452261,13.38,5.049239059757777,19.714954551207505,15.041151797406677,29.270500635132073,1.5151181369525004,2.9126477336527836,0.8987091642677967,0.19928853565378102,78.2880052373674,29.576490838366016,30,0.9725694444444444,0.21229166666666668,0.7602777777777778,75.97233566793221,13.09687258200208,{}
test,cpu_heavy,homog,high,hybrid,1001,1.3,1.274487846507389,0.2679917253396153,1.274487846507389,20.23783783783784,50.0,8.0,12.0,995,995,0,831,668,163,164,0.8351758793969849,0.671356783919598,13.36,5.046169474628039,19.396404042861064,15.03808221227694,28.882480775616763,1.5146820013022537,2.8909886256508246,0.899246156643122,0.1989365937472949,78.27980480865202,29.542466231587653,30,0.9751736111111111,0.2107291666666667,0.7644444444444445,75.98772111931514,13.09422082072525,"{'alpha': 0.1, 'beta': 0.9, 'gamma': 0.0, 'source': 'phase3_tuning'}"
test,cpu_heavy,homog,high,binpack,1002,1.3,1.3079252616384318,0.27413610605566785,1.3079252616384318,20.23783783783784,50.0,8.0,12.0,1019,1019,0,836,671,165,183,0.8204121687929342,0.6584887144259077,13.42,5.48287991504483,17.1729306369619,15.443189804636587,27.044109427037867,1.5557407261522709,2.6712649534350104,0.900798463700727,0.19688270392888427,83.13936249695533,27.895453990452747,30,0.9765625,0.2078125,0.76875,78.10917072792276,13.045843279395156,{}
test,cpu_heavy,homog,high,spread,1002,1.3,1.3079252616384318,0.27413610605566785,1.3079252616384318,20.23783783783784,50.0,8.0,12.0,1019,1019,0,826,665,161,193,0.8105986261040236,0.6526005888125613,13.3,5.460555309978226,17.78598638866098,15.420865199569983,27.9810597679906,1.5532676968799999,2.6862143319761187,0.9008072547204415,0.19533524765397453,83.03433282528125,29.612644675903102,30,0.976388888888889,0.21520833333333333,0.7611805555555555,78.37074001834927,13.00230162126091,{}
test,cpu_heavy,homog,high,tetris,1002,1.3,1.3079252616384318,0.27413610605566785,1.3079252616384318,20.23783783783784,50.0,8.0,12.0,1019,1019,0,832,668,164,187,0.81648675171737,0.6555446516192346,13.36,5.539371386524544,15.76761812035869,15.499681276116302,26.246157953541505,1.5615938927989084,2.6596975057938175,0.8978965301120313,0.19615629531011902,83.13471444601811,29.612644675903056,30,0.9795138888888889,0.21020833333333336,0.7693055555555556,78.35833352133089,13.004360279339087,{}
test,cpu_heavy,homog,high,hybrid,1002,1.3,1.3079252616384318,0.27413610605566785,1.3079252616384318,20.23783783783784,50.0,8.0,12.0,1019,1019,0,827,666,161,192,0.8115799803729146,0.6535819430814525,13.32,5.581683262613828,16.00911970878905,15.541993152205585,26.36917075479539,1.565965107265715,2.65688886278713,0.8970717816609209,0.19592465448521829,83.68589596153744,29.52477396269749,30,0.9737847222222222,0.20739583333333333,0.7663888888888889,78.32073659138075,13.010602866471785,"{'alpha': 0.1, 'beta': 0.9, 'gamma': 0.0, 'source': 'phase3_tuning'}"
test,cpu_heavy,homog,high,binpack,1003,1.3,1.2235419503124079,0.2577471485975586,1.2235419503124079,20.23783783783784,50.0,8.0,12.0,952,952,0,813,654,159,139,0.8539915966386554,0.6869747899159664,13.08,3.557281014969689,15.204247631612361,13.554452326129484,25.098905146834177,1.3598411915304245,2.499456151082999,0.8953267579570994,0.19605449044177947,52.46762564821004,27.88454608790276,30,0.9697916666666667,0.22125,0.7485416666666667,73.8868646672382,12.884563505130316,{}
test,cpu_heavy,homog,high,spread,1003,1.3,1.2235419503124079,0.2577471485975586,1.2235419503124079,20.23783783783784,50.0,8.0,12.0,952,952,0,821,655,166,131,0.8623949579831933,0.6880252100840336,13.1,3.7296205717759907,14.144600543495876,13.726791882935785,23.97755688119694,1.3775235175202263,2.3814679903751577,0.8900023526771583,0.19571848289207175,54.83360717859282,29.640108926257163,30,0.9741319444444444,0.23010416666666667,0.7440277777777777,73.68915129685121,12.919133729264157,{}
test,cpu_heavy,homog,high,tetris,1003,1.3,1.2235419503124079,0.2577471485975586,1.2235419503124079,20.23783783783784,50.0,8.0,12.0,952,952,0,809,647,162,143,0.8497899159663865,0.6796218487394958,12.94,3.758590979760344,14.183187679955843,13.75576229092014,24.07907603651993,1.3804847640852551,2.3896894266585695,0.8892186275331794,0.1947603374173744,55.61368866481118,29.64010892625717,30,0.975,0.230625,0.744375,73.68023273713213,12.920697514575398,{}
test,cpu_heavy,homog,high,hybrid,1003,1.3,1.2235419503124079,0.2577471485975586,1.2235419503124079,20.23783783783784,50.0,8.0,12.0,952,952,0,808,645,163,144,0.8487394957983193,0.6775210084033614,12.9,3.7349566933298224,13.315501006987695,13.732128004489619,22.935268289410196,1.37817629269642,2.261379238448371,0.8934465123058538,0.19403866668388475,55.18461667519277,29.55847571170826,30,0.9793402777777778,0.23010416666666667,0.7492361111111111,73.0723849504759,13.028177479703295,"{'alpha': 0.1, 'beta': 0.9, 'gamma': 0.0, 'source': 'phase3_tuning'}"
test,cpu_heavy,homog,high,binpack,1004,1.3,1.2845850926183235,0.27024281750793744,1.2845850926183235,20.23783783783784,50.0,8.0,12.0,995,995,0,820,653,167,175,0.8241206030150754,0.6562814070351759,13.06,5.8392781457453715,18.917742857751563,15.876851648419706,28.49147893813025,1.5914560094132446,2.8300525945497044,0.8926884791256677,0.19625075248344587,90.64061711573541,27.653759187833685,30,0.976388888888889,0.23395833333333332,0.7424305555555556,77.05181238303352,12.913388656631971,{}
test,cpu_heavy,homog,high,spread,1004,1.3,1.2845850926183235,0.27024281750793744,1.2845850926183235,20.23783783783784,50.0,8.0,12.0,995,995,0,819,654,165,176,0.8231155778894472,0.6572864321608041,13.08,5.84696672446262,20.055117376773296,15.884540227136954,29.727600577373543,1.5923618141535532,3.024187422624938,0.8902217831532448,0.1962342873276249,90.7940638691287,29.437158131789833,30,0.9796875,0.22468749999999998,0.755,77.53314956442914,12.83322044299473,{}
test,cpu_heavy,homog,high,tetris,1004,1.3,1.2845850926183235,0.27024281750793744,1.2845850926183235,20.23783783783784,50.0,8.0,12.0,995,995,0,820,655,165,175,0.8241206030150754,0.6582914572864321,13.1,5.892672589352239,19.831971466577194,15.930246092026573,29.41698031624683,1.5970091900848904,3.006739307308994,0.8881143209736014,0.19586897879794854,91.24875826091954,29.437158131789857,30,0.9755208333333333,0.22093749999999998,0.7545833333333333,77.67516652744774,12.809756895061192,{}
test,cpu_heavy,homog,high,hybrid,1004,1.3,1.2845850926183235,0.27024281750793744,1.2845850926183235,20.23783783783784,50.0,8.0,12.0,995,995,0,817,652,165,178,0.821105527638191,0.6552763819095477,13.04,5.9483537007040805,20.217694442516844,15.985927203378415,29.93831740187629,1.602768262741558,3.0417767470116535,0.8851552194147864,0.1951206507439403,91.75265666443437,29.32408150617396,30,0.9708333333333333,0.22062500000000002,0.7502083333333334,77.98818030711274,12.758343585935075,"{'alpha': 0.1, 'beta': 0.9, 'gamma': 0.0, 'source': 'phase3_tuning'}"
test,cpu_heavy,homog,high,binpack,1005,1.3,1.3118526014930123,0.276645007265092,1.3118526014930123,20.23783783783784,50.0,8.0,12.0,1020,1020,0,810,653,157,210,0.7941176470588235,0.6401960784313725,13.06,6.379510025130749,17.164975556670534,16.406959221019484,27.45915338361864,1.645863281391744,2.7051564346912373,0.9052673452028966,0.19471367978760082,99.98080278201348,27.9085458842162,30,0.978298611111111,0.22135416666666666,0.7569444444444444,78.07057169158848,13.065102226091389,{}
test,cpu_heavy,homog,high,spread,1005,1.3,1.3118526014930123,0.276645007265092,1.3118526014930123,20.23783783783784,50.0,8.0,12.0,1020,1020,0,829,665,164,191,0.8127450980392157,0.6519607843137255,13.3,6.13792386301317,19.63496591075963,16.165373058901906,29.952288775295102,1.6227658233319706,3.0221734726565437,0.8972115011864007,0.195542215188489,95.15904279832738,29.523273855662488,30,0.9795138888888889,0.21958333333333332,0.7599305555555556,79.3691651171355,12.851338406982764,{}
test,cpu_heavy,homog,high,tetris,1005,1.3,1.3118526014930123,0.276645007265092,1.3118526014930123,20.23783783783784,50.0,8.0,12.0,1020,1020,0,831,666,165,189,0.8147058823529412,0.6529411764705882,13.32,5.969526517433352,21.849455117852855,15.996975713322087,31.21266881564909,1.6055208956328189,3.1385980609400215,0.8974173598089217,0.19799085086932824,92.73368829617556,29.523273855662527,30,0.9796875,0.2153125,0.7643749999999999,79.6699936514555,12.802812618039734,{}
test,cpu_heavy,homog,high,hybrid,1005,1.3,1.3118526014930123,0.276645007265092,1.3118526014930123,20.23783783783784,50.0,8.0,12.0,1020,1020,0,832,666,166,188,0.8156862745098039,0.6529411764705882,13.32,5.960748027159397,20.52270024408956,15.988197223048132,30.16697559920498,1.6044734208833555,3.0383851661526604,0.8990294542429436,0.19790644758578818,92.51591157117478,29.377799644901145,30,0.9809027777777778,0.21354166666666666,0.767361111111111,79.68677236470404,12.800116879270071,"{'alpha': 0.1, 'beta': 0.9, 'gamma': 0.0, 'source': 'phase3_tuning'}"
test,cpu_heavy,homog,high,binpack,1006,1.3,1.3106867528852766,0.27636136245851645,1.3106867528852766,20.23783783783784,50.0,8.0,12.0,1018,1018,0,822,661,161,196,0.8074656188605108,0.6493123772102161,13.22,5.99151235584577,16.583748292424914,16.00899165733412,26.77195956417954,1.6056025185046543,2.760959650489171,0.8964892153453305,0.20009405336013408,88.64578765810222,27.799057120266262,30,0.9727430555555556,0.20489583333333333,0.7678472222222222,78.34581093776023,12.993674936988313,{}
test,cpu_heavy,homog,high,spread,1006,1.3,1.3106867528852766,0.27636136245851645,1.3106867528852766,20.23783783783784,50.0,8.0,12.0,1018,1018,0,827,666,161,191,0.81237721021611,0.6542239685658153,13.32,5.810497393941876,17.148444079412194,15.827976695430229,27.58010512843297,1.5872533142163063,2.7816338573231123,0.8940536773104185,0.199866859099266,86.52597799846721,29.641952458423752,30,0.9743055555555556,0.20708333333333334,0.7672222222222221,78.03387899176036,13.045615739639077,{}
test,cpu_heavy,homog,high,tetris,1006,1.3,1.3106867528852766,0.27636136245851645,1.3106867528852766,20.23783783783784,50.0,8.0,12.0,1018,1018,0,818,659,159,200,0.8035363457760314,0.6473477406679764,13.18,5.750939435045087,20.992013432647752,15.76841873653344,30.669183576896017,1.5810264389279145,3.0402201278077374,0.8881073854136116,0.19992243893662903,86.54921618268037,29.641952458423784,30,0.9765625,0.2046875,0.771875,78.27054383065291,13.006170012087267,{}
test,cpu_heavy,homog,high,hybrid,1006,1.3,1.3106867528852766,0.27636136245851645,1.3106867528852766,20.23783783783784,50.0,8.0,12.0,1018,1018,0,825,663,162,193,0.8104125736738703,0.6512770137524558,13.26,5.623571170681246,19.888724153462185,15.641050472169598,29.63067382810477,1.5680826344301635,2.9515929093668896,0.8931227919410674,0.20070384744357295,84.14789914369521,29.44505377289115,30,0.9796875,0.2059375,0.7737499999999999,78.20233757129154,13.017513690968144,"{'alpha': 0.1, 'beta': 0.9, 'gamma': 0.0, 'source': 'phase3_tuning'}"
test,cpu_heavy,homog,high,binpack,1007,1.3,1.373369658923019,0.2894639044487434,1.373369658923019,20.23783783783784,50.0,8.0,12.0,1067,1067,0,819,655,164,248,0.767572633552015,0.6138706654170571,13.1,7.360354114310021,23.228022369612262,17.384271408720753,33.41813277612592,1.7462741093150138,3.381514460195884,0.88464542813062,0.19182333521863407,112.56546956853663,27.318672767569762,30,0.9774305555555556,0.22083333333333333,0.7565972222222223,82.66554018886977,12.907433950860007,{}
test,cpu_heavy,homog,high,spread,1007,1.3,1.373369658923019,0.2894639044487434,1.373369658923019,20.23783783783784,50.0,8.0,12.0,1067,1067,0,830,661,169,237,0.7778819119025304,0.619493908153702,13.22,7.200212658900247,23.75253911683683,17.224129953310978,34.04175994383794,1.7307481586713722,3.403117021423911,0.8792990165217998,0.18913419480499438,106.96260087342972,29.489406853966855,30,0.9746527777777777,0.21729166666666666,0.757361111111111,83.7798264151369,12.73576284000536,{}
test,cpu_heavy,homog,high,tetris,1007,1.3,1.373369658923019,0.2894639044487434,1.373369658923019,20.23783783783784,50.0,8.0,12.0,1067,1067,0,831,664,167,236,0.7788191190253045,0.6223055295220243,13.28,7.097250195617246,23.915844760657542,17.121167490027975,34.36238613068454,1.7197228855470263,3.430096549369511,0.8753048904313112,0.19459257985126788,105.1232059170026,29.489406853966816,30,0.9727430555555556,0.2267708333333333,0.7459722222222223,83.76170212647608,12.738518593961738,{}
test,cpu_heavy,homog,high,hybrid,1007,1.3,1.373369658923019,0.2894639044487434,1.373369658923019,20.23783783783784,50.0,8.0,12.0,1067,1067,0,824,659,165,243,0.7722586691658857,0.6176194939081537,13.18,7.201992343032312,24.002881351252093,17.225909637443046,34.17803308441153,1.7304123682379133,3.4383730329089848,0.8787870791661097,0.1922277835294886,107.8992861171455,29.39957163415111,30,0.9739583333333334,0.221875,0.7520833333333333,83.37680406288946,12.79732429172007,"{'alpha': 0.1, 'beta': 0.9, 'gamma': 0.0, 'source': 'phase3_tuning'}"
test,cpu_heavy,homog,high,binpack,1008,1.3,1.2931947104637689,0.2715744644660458,1.2931947104637689,20.23783783783784,50.0,8.0,12.0,1008,1008,0,817,651,166,191,0.810515873015873,0.6458333333333334,13.02,5.385616980553632,15.01199884802498,15.372965600546253,25.430956664746752,1.5461077760279098,2.5562727919234685,0.8992526580746113,0.1978543338112027,80.05254390345418,27.871841208000777,30,0.9762152777777777,0.20072916666666665,0.7754861111111111,76.9732636790965,13.095456159977543,{}
test,cpu_heavy,homog,high,spread,1008,1.3,1.2931947104637689,0.2715744644660458,1.2931947104637689,20.23783783783784,50.0,8.0,12.0,1008,1008,0,823,656,167,185,0.816468253968254,0.6507936507936508,13.12,5.392298067071479,15.140445266626827,15.379646687064099,25.57811087631879,1.5470341613325214,2.5770449705702383,0.8975379763930122,0.19774828617608214,79.85097972190724,29.59159699843846,30,0.9795138888888889,0.20708333333333334,0.7724305555555555,77.92652956531703,12.935261016020318,{}
test,cpu_heavy,homog,high,tetris,1008,1.3,1.2931947104637689,0.2715744644660458,1.2931947104637689,20.23783783783784,50.0,8.0,12.0,1008,1008,0,822,659,163,186,0.8154761904761905,0.6537698412698413,13.18,5.446449422354342,15.707829761053247,15.433798042346963,25.98562928662875,1.5525266006801584,2.628620676124496,0.891351495152479,0.19741534113663117,79.68288994137043,29.591596998438476,30,0.9647569444444444,0.1951041666666667,0.7696527777777777,77.67614530337974,12.976957031828166,{}
test,cpu_heavy,homog,high,hybrid,1008,1.3,1.2931947104637689,0.2715744644660458,1.2931947104637689,20.23783783783784,50.0,8.0,12.0,1008,1008,0,821,655,166,187,0.814484126984127,0.6498015873015873,13.1,5.532559814546997,15.541285038950747,15.519908434539618,26.00681235279579,1.5609466418981066,2.6445651298608057,0.8899262845329765,0.1969758846887039,81.06759274399946,29.481677466390153,30,0.9678819444444444,0.19947916666666668,0.7684027777777778,77.74703270216247,12.965125033922527,"{'alpha': 0.1, 'beta': 0.9, 'gamma': 0.0, 'source': 'phase3_tuning'}"
test,cpu_heavy,homog,high,binpack,1009,1.3,1.3433267025522388,0.28231185595640607,1.3433267025522388,20.23783783783784,50.0,8.0,12.0,1044,1044,0,816,653,163,228,0.7816091954022989,0.6254789272030651,13.06,6.959735783067484,18.28886348935727,16.956073651653455,29.049752475553312,1.7039003247406088,2.9394807664418603,0.9021084808554579,0.19186513817870499,106.76440251938317,27.95191558050536,30,0.9741319444444444,0.22072916666666667,0.7534027777777778,79.19281886477975,13.183013497506767,{}
test,cpu_heavy,homog,high,spread,1009,1.3,1.3433267025522388,0.28231185595640607,1.3433267025522388,20.23783783783784,50.0,8.0,12.0,1044,1044,0,817,653,164,227,0.7825670498084292,0.6254789272030651,13.06,7.004226762342245,18.28485390108564,17.000564630928213,28.855173249974506,1.7088480640748345,2.926132076525637,0.9008925115720965,0.1937656234518341,106.88882913567602,29.607699432628145,30,0.9732638888888889,0.22645833333333334,0.7468055555555555,80.0289473689934,13.045279668447693,{}
test,cpu_heavy,homog,high,tetris,1009,1.3,1.3433267025522388,0.28231185595640607,1.3433267025522388,20.23783783783784,50.0,8.0,12.0,1044,1044,0,820,655,165,224,0.7854406130268199,0.6273946360153256,13.1,7.028990344247881,18.80714079235557,17.025328212833852,29.308799048205664,1.7113845163850487,2.9686428476928075,0.8971804750974853,0.1924111587542344,106.72530261351775,29.607699432628173,30,0.9770833333333333,0.223125,0.7539583333333333,80.13174787117397,13.028543963354146,{}
test,cpu_heavy,homog,high,hybrid,1009,1.3,1.3433267025522388,0.28231185595640607,1.3433267025522388,20.23783783783784,50.0,8.0,12.0,1044,1044,0,819,653,166,225,0.7844827586206896,0.6254789272030651,13.06,7.09554698440747,18.56657078524278,17.091884852993438,29.13103629838355,1.7181547244775215,2.9640332304005104,0.8958063468364706,0.19387864386230405,107.25072696232287,29.587606299055206,30,0.9741319444444444,0.23322916666666668,0.7409027777777778,80.5115471981691,12.967084056033908,"{'alpha': 0.1, 'beta': 0.9, 'gamma': 0.0, 'source': 'phase3_tuning'}"
test,cpu_heavy,hetero,low,binpack,1000,0.7,0.7139808312341376,0.14513551716307274,0.7139808312341376,10.704373915766864,50.0,8.0,12.0,550,550,0,550,445,105,0,1.0,0.8090909090909091,8.9,0.0,0.0,9.913658863049998,11.683265819784232,1.0,1.0000000000000004,0.6450363615583519,0.12981149352070764,0.0,22.994029943057452,24,0.6725838100843317,0.19431907524705402,0.4782647348372776,61.28517005276895,8.974438669688414,{}
test,cpu_heavy,hetero,low,spread,1000,0.7,0.7139808312341376,0.14513551716307274,0.7139808312341376,10.704373915766864,50.0,8.0,12.0,550,550,0,550,445,105,0,1.0,0.8090909090909091,8.9,0.0,0.0,9.913658863049998,11.683265819784232,1.0,1.0000000000000004,0.6450363615583519,0.12981149352070764,0.0,28.891951877975174,30,0.6832596903845769,0.15310683607421158,0.5301528543103653,61.28517005276895,8.974438669688414,{}
test,cpu_heavy,hetero,low,tetris,1000,0.7,0.7139808312341376,0.14513551716307274,0.7139808312341376,10.704373915766864,50.0,8.0,12.0,550,550,0,550,445,105,0,1.0,0.8090909090909091,8.9,0.0,0.0,9.913658863049998,11.683265819784232,1.0,1.0000000000000004,0.6450363615583519,0.12981149352070764,0.0,28.258687724054948,30,0.6627509245456544,0.1925049590271501,0.4702459655185044,61.28517005276895,8.974438669688414,{}
test,cpu_heavy,hetero,low,hybrid,1000,0.7,0.7139808312341376,0.14513551716307274,0.7139808312341376,10.704373915766864,50.0,8.0,12.0,550,550,0,550,445,105,0,1.0,0.8090909090909091,8.9,0.0,0.0,9.913658863049998,11.683265819784232,1.0,1.0000000000000004,0.6450363615583519,0.12981149352070764,0.0,27.971494770509665,30,0.6689098246822395,0.19591730410350683,0.4729925205787326,61.28517005276895,8.974438669688414,"{'alpha': 0.1, 'beta': 0.9, 'gamma': 0.0, 'source': 'phase3_tuning'}"
test,cpu_heavy,hetero,low,binpack,1001,0.7,0.705210844890453,0.15513748207962172,0.705210844890453,11.363701356870251,50.0,8.0,12.0,570,570,0,570,441,129,0,1.0,0.7736842105263158,8.82,0.0,0.0,10.046576052156897,11.815601833372929,1.0,1.0000000000000004,0.6270699763244073,0.13773183164454048,0.0,22.3828826978119,27,0.8084090076318291,0.24557596144028962,0.5628330461915395,60.796488391892794,9.375541500453,{}
test,cpu_heavy,hetero,low,spread,1001,0.7,0.705210844890453,0.15513748207962172,0.705210844890453,11.363701356870251,50.0,8.0,12.0,570,570,0,570,441,129,0,1.0,0.7736842105263158,8.82,0.0,0.0,10.046576052156897,11.815601833372929,1.0,1.0000000000000004,0.6270699763244073,0.13773183164454048,0.0,29.15855898078512,30,0.8031042379601865,0.19569437777017748,0.607409860190009,60.796488391892794,9.375541500453,{}
test,cpu_heavy,hetero,low,tetris,1001,0.7,0.705210844890453,0.15513748207962172,0.705210844890453,11.363701356870251,50.0,8.0,12.0,570,570,0,570,441,129,0,1.0,0.7736842105263158,8.82,0.0,0.0,10.046576052156897,11.815601833372929,1.0,1.0000000000000004,0.6270699763244073,0.13773183164454048,0.0,28.07619931349682,30,0.8006477253046538,0.24354642503126187,0.557101300273392,60.796488391892794,9.375541500453,{}
test,cpu_heavy,hetero,low,hybrid,1001,0.7,0.705210844890453,0.15513748207962172,0.705210844890453,11.363701356870251,50.0,8.0,12.0,570,570,0,570,441,129,0,1.0,0.7736842105263158,8.82,0.0,0.0,10.046576052156897,11.815601833372929,1.0,1.0000000000000004,0.6270699763244073,0.13773183164454048,0.0,27.71242413240775,30,0.805269763261376,0.24841345859236472,0.5571083645321938,60.796488391892794,9.375541500453,"{'alpha': 0.1, 'beta': 0.9, 'gamma': 0.0, 'source': 'phase3_tuning'}"
test,cpu_heavy,hetero,low,binpack,1002,0.7,0.6963214088449694,0.1604864177255421,0.6963214088449694,11.496360227711255,50.0,8.0,12.0,574,574,0,574,450,124,0,1.0,0.7839721254355401,9.0,0.0,0.0,9.956115613704448,11.789594486043502,1.0,1.0000000000000004,0.6188096653281978,0.14315511767662628,0.0,22.015451847359806,25,0.7641469768102086,0.22084933689535097,0.5432976399148577,60.46811640409551,9.492605924154814,{}
test,cpu_heavy,hetero,low,spread,1002,0.7,0.6963214088449694,0.1604864177255421,0.6963214088449694,11.496360227711255,50.0,8.0,12.0,574,574,0,574,450,124,0,1.0,0.7839721254355401,9.0,0.0,0.0,9.956115613704448,11.789594486043502,1.0,1.0000000000000004,0.6188096653281978,0.14315511767662628,0.0,29.23101535291864,30,0.7548494600396721,0.17765850014915227,0.5771909598905199,60.46811640409551,9.492605924154814,{}
test,cpu_heavy,hetero,low,tetris,1002,0.7,0.6963214088449694,0.1604864177255421,0.6963214088449694,11.496360227711255,50.0,8.0,12.0,574,574,0,574,450,124,0,1.0,0.7839721254355401,9.0,0.0,0.0,9.956115613704448,11.789594486043502,1.0,1.0000000000000004,0.6188096653281978,0.14315511767662628,0.0,28.22241184109553,30,0.7469874985803948,0.2293930561240739,0.5175944424563208,60.46811640409551,9.492605924154814,{}
test,cpu_heavy,hetero,low,hybrid,1002,0.7,0.6963214088449694,0.1604864177255421,0.6963214088449694,11.496360227711255,50.0,8.0,12.0,574,574,0,574,450,124,0,1.0,0.7839721254355401,9.0,0.0,0.0,9.956115613704448,11.789594486043502,1.0,1.0000000000000004,0.6188096653281978,0.14315511767662628,0.0,27.870551674311155,30,0.7585639347162497,0.23049421462789316,0.5280697200883565,60.46811640409551,9.492605924154814,"{'alpha': 0.1, 'beta': 0.9, 'gamma': 0.0, 'source': 'phase3_tuning'}"
test,cpu_heavy,hetero,low,binpack,1003,0.7,0.6264530424085021,0.12489936439274008,0.6264530424085021,11.183126206739233,50.0,8.0,12.0,498,498,0,498,401,97,0,1.0,0.8052208835341366,8.02,0.0,0.0,10.012711942983316,11.846584094838269,1.0,1.0000000000000002,0.5650187640027994,0.11375686725916408,0.0,20.838220431745185,24,0.616315189901347,0.138980539761667,0.47733465013968,60.82156763487741,8.187884978394207,{}
test,cpu_heavy,hetero,low,spread,1003,0.7,0.6264530424085021,0.12489936439274008,0.6264530424085021,11.183126206739233,50.0,8.0,12.0,498,498,0,498,401,97,0,1.0,0.8052208835341366,8.02,0.0,0.0,10.012711942983316,11.846584094838269,1.0,1.0000000000000002,0.5650187640027994,0.11375686725916408,0.0,29.25061442092874,30,0.6157638983168706,0.11452641973981997,0.5012374785770507,60.82156763487741,8.187884978394207,{}
test,cpu_heavy,hetero,low,tetris,1003,0.7,0.6264530424085021,0.12489936439274008,0.6264530424085021,11.183126206739233,50.0,8.0,12.0,498,498,0,498,401,97,0,1.0,0.8052208835341366,8.02,0.0,0.0,10.012711942983316,11.846584094838269,1.0,1.0000000000000002,0.5650187640027994,0.11375686725916408,0.0,28.783787313880357,30,0.6118016155029466,0.13845569969343918,0.4733459158095075,60.82156763487741,8.187884978394207,{}
test,cpu_heavy,hetero,low,hybrid,1003,0.7,0.6264530424085021,0.12489936439274008,0.6264530424085021,11.183126206739233,50.0,8.0,12.0,498,498,0,498,401,97,0,1.0,0.8052208835341366,8.02,0.0,0.0,10.012711942983316,11.846584094838269,1.0,1.0000000000000002,0.5650187640027994,0.11375686725916408,0.0,28.444854147501882,30,0.6133398289982855,0.14515043999165997,0.46818938900662566,60.82156763487741,8.187884978394207,"{'alpha': 0.1, 'beta': 0.9, 'gamma': 0.0, 'source': 'phase3_tuning'}"
test,cpu_heavy,hetero,low,binpack,1004,0.7,0.6980684328301339,0.14397109507011482,0.6980684328301339,10.409921946583134,50.0,8.0,12.0,514,514,0,514,397,117,0,1.0,0.7723735408560312,7.94,0.0,0.0,10.116533962795602,11.826916835397633,1.0,1.0000000000000004,0.6219402817402491,0.12866356731992512,0.0,22.30895317623102,29,0.8227667345152859,0.19746614939264287,0.6253005851226431,61.713773765063905,8.328772794817723,{}
test,cpu_heavy,hetero,low,spread,1004,0.7,0.6980684328301339,0.14397109507011482,0.6980684328301339,10.409921946583134,50.0,8.0,12.0,514,514,0,514,397,117,0,1.0,0.7723735408560312,7.94,0.0,0.0,10.116533962795602,11.826916835397633,1.0,1.0000000000000004,0.6219402817402491,0.12866356731992512,0.0,28.848505996936183,30,0.8072828797397599,0.16796953903575293,0.639313340704007,61.713773765063905,8.328772794817723,{}
test,cpu_heavy,hetero,low,tetris,1004,0.7,0.6980684328301339,0.14397109507011482,0.6980684328301339,10.409921946583134,50.0,8.0,12.0,514,514,0,514,397,117,0,1.0,0.7723735408560312,7.94,0.0,0.0,10.116533962795602,11.826916835397633,1.0,1.0000000000000004,0.6219402817402491,0.12866356731992512,0.0,28.339269364985483,30,0.8101472427747076,0.19381763273098057,0.6163296100437271,61.713773765063905,8.328772794817723,{}
test,cpu_heavy,hetero,low,hybrid,1004,0.7,0.6980684328301339,0.14397109507011482,0.6980684328301339,10.409921946583134,50.0,8.0,12.0,514,514,0,514,397,117,0,1.0,0.7723735408560312,7.94,0.0,0.0,10.116533962795602,11.826916835397633,1.0,1.0000000000000004,0.6219402817402491,0.12866356731992512,0.0,28.057214043580707,30,0.8061024549970282,0.19637995508723188,0.6097224999097963,61.713773765063905,8.328772794817723,"{'alpha': 0.1, 'beta': 0.9, 'gamma': 0.0, 'source': 'phase3_tuning'}"
test,cpu_heavy,hetero,low,binpack,1005,0.7,0.7231388234679231,0.1512089874449097,0.7231388234679231,10.947055174460507,50.0,8.0,12.0,562,562,0,562,455,107,0,1.0,0.8096085409252669,9.1,0.0,0.0,10.009712978821534,11.718869763106698,1.0,1.0000000000000004,0.6552225471580626,0.13745750302059373,0.0,23.252375565706078,23,0.6903359942905464,0.20564220262806512,0.4846937916624812,61.383162382719405,9.15560518853643,{}
test,cpu_heavy,hetero,low,spread,1005,0.7,0.7231388234679231,0.1512089874449097,0.7231388234679231,10.947055174460507,50.0,8.0,12.0,562,562,0,562,455,107,0,1.0,0.8096085409252669,9.1,0.0,0.0,10.009712978821534,11.718869763106698,1.0,1.0000000000000004,0.6552225471580626,0.13745750302059373,0.0,29.112838700250173,30,0.6925232101644431,0.14695415047170393,0.5455690596927391,61.383162382719405,9.15560518853643,{}
test,cpu_heavy,hetero,low,tetris,1005,0.7,0.7231388234679231,0.1512089874449097,0.7231388234679231,10.947055174460507,50.0,8.0,12.0,562,562,0,562,455,107,0,1.0,0.8096085409252669,9.1,0.0,0.0,10.009712978821534,11.718869763106698,1.0,1.0000000000000004,0.6552225471580626,0.13745750302059373,0.0,28.380385923171676,30,0.6704572876232588,0.20068964636875475,0.469767641254504,61.383162382719405,9.15560518853643,{}
test,cpu_heavy,hetero,low,hybrid,1005,0.7,0.7231388234679231,0.1512089874449097,0.7231388234679231,10.947055174460507,50.0,8.0,12.0,562,562,0,562,455,107,0,1.0,0.8096085409252669,9.1,0.0,0.0,10.009712978821534,11.718869763106698,1.0,1.0000000000000004,0.6552225471580626,0.13745750302059373,0.0,28.1082994598943,30,0.6660419623409388,0.20062527640573033,0.46932672124006997,61.383162382719405,9.15560518853643,"{'alpha': 0.1, 'beta': 0.9, 'gamma': 0.0, 'source': 'phase3_tuning'}"
test,cpu_heavy,hetero,low,binpack,1006,0.7,0.7167936197400964,0.1427108576785618,0.7167936197400964,10.5251274289712,50.0,8.0,12.0,538,538,0,538,425,113,0,1.0,0.7899628252788105,8.5,0.0,0.0,10.020990214650594,11.826247321352206,1.0,1.0000000000000002,0.6451072497200204,0.12757959773038052,0.0,23.384809681266656,27,0.7560639393557121,0.20472419906619593,0.5513397402895162,60.76094222265328,8.854372238477557,{}
test,cpu_heavy,hetero,low,spread,1006,0.7,0.7167936197400964,0.1427108576785618,0.7167936197400964,10.5251274289712,50.0,8.0,12.0,538,538,0,538,425,113,0,1.0,0.7899628252788105,8.5,0.0,0.0,10.020990214650594,11.826247321352206,1.0,1.0000000000000002,0.6451072497200204,0.12757959773038052,0.0,29.218189531175167,30,0.7461946672657124,0.1659176793805162,0.5802769878851961,60.76094222265328,8.854372238477557,{}
test,cpu_heavy,hetero,low,tetris,1006,0.7,0.7167936197400964,0.1427108576785618,0.7167936197400964,10.5251274289712,50.0,8.0,12.0,538,538,0,538,425,113,0,1.0,0.7899628252788105,8.5,0.0,0.0,10.020990214650594,11.826247321352206,1.0,1.0000000000000002,0.6451072497200204,0.12757959773038052,0.0,28.594918537185805,30,0.7320698666911195,0.2043503051497262,0.5277195615413933,60.76094222265328,8.854372238477557,{}
test,cpu_heavy,hetero,low,hybrid,1006,0.7,0.7167936197400964,0.1427108576785618,0.7167936197400964,10.5251274289712,50.0,8.0,12.0,538,538,0,538,425,113,0,1.0,0.7899628252788105,8.5,0.0,0.0,10.020990214650594,11.826247321352206,1.0,1.0000000000000002,0.6451072497200204,0.12757959773038052,0.0,28.285133844252513,30,0.7348852492452486,0.20638923720342126,0.5284960120418273,60.76094222265328,8.854372238477557,"{'alpha': 0.1, 'beta': 0.9, 'gamma': 0.0, 'source': 'phase3_tuning'}"
test,cpu_heavy,hetero,low,binpack,1007,0.7,0.7178397033657269,0.1316937102156436,0.7178397033657269,10.964553980633987,50.0,8.0,12.0,560,560,0,560,432,128,0,1.0,0.7714285714285715,8.64,0.00028352594290399806,0.0,10.037266299207012,11.871057243360449,1.0000240835918175,1.0000000000000004,0.6337320877723728,0.11763641819066532,0.0031754905605247785,22.808665746076613,29,0.8746768887274429,0.19429108938323372,0.6803857993442093,61.786187013516,9.063514469301975,{}
test,cpu_heavy,hetero,low,spread,1007,0.7,0.7178397033657269,0.1316937102156436,0.7178397033657269,10.964553980633987,50.0,8.0,12.0,560,560,0,560,432,128,0,1.0,0.7714285714285715,8.64,0.006741955877495259,0.0,10.043724729141603,11.872617006534886,1.0006918676930177,1.0000000000000004,0.6337320877723726,0.11763641819066528,0.0755099058279469,29.018982628897366,30,0.868124993222658,0.16538411817155865,0.7027408750510994,61.786187013516,9.063514469301975,{}
test,cpu_heavy,hetero,low,tetris,1007,0.7,0.7178397033657269,0.1316937102156436,0.7178397033657269,10.964553980633987,50.0,8.0,12.0,560,560,0,560,432,128,0,1.0,0.7714285714285715,8.64,0.010170721638177215,0.0,10.047153494902286,11.874912481112055,1.0010640874960215,1.0000000000000004,0.633675104676581,0.11762896021642293,0.1139120823475848,28.21045696689852,30,0.8623160641890865,0.1961167765958193,0.6661992875932672,61.786187013516,9.063514469301975,{}
test,cpu_heavy,hetero,low,hybrid,1007,0.7,0.7178397033657269,0.1316937102156436,0.7178397033657269,10.964553980633987,50.0,8.0,12.0,560,560,0,560,432,128,0,1.0,0.7714285714285715,8.64,0.009748262363823366,0.0,10.046731035627932,11.872617006534886,1.0009880787205,1.0000000000000004,0.6337281494601155,0.11763590274251406,0.1091805384748217,27.98248385933107,30,0.8652989233632878,0.19477388781347535,0.6705250355498126,61.786187013516,9.063514469301975,"{'alpha': 0.1, 'beta': 0.9, 'gamma': 0.0, 'source': 'phase3_tuning'}"
test,cpu_heavy,hetero,low,binpack,1008,0.7,0.6700545698869802,0.13137462962774132,0.6700545698869802,10.203589830388777,50.0,8.0,12.0,487,487,0,487,388,99,0,1.0,0.7967145790554415,7.76,0.0,0.0,10.010551526958837,11.769138536703394,1.0,1.0000000000000004,0.6050723870039066,0.11878634835499544,0.0,22.08433147549032,21,0.6415891142105317,0.17555977990780583,0.46602933430272575,61.489057286324574,7.920108414287087,{}
test,cpu_heavy,hetero,low,spread,1008,0.7,0.6700545698869802,0.13137462962774132,0.6700545698869802,10.203589830388777,50.0,8.0,12.0,487,487,0,487,388,99,0,1.0,0.7967145790554415,7.76,0.0,0.0,10.010551526958837,11.769138536703394,1.0,1.0000000000000004,0.6050723870039066,0.11878634835499544,0.0,29.16971862301589,30,0.6371304357414657,0.13558672590085616,0.5015437098406096,61.489057286324574,7.920108414287087,{}
test,cpu_heavy,hetero,low,tetris,1008,0.7,0.6700545698869802,0.13137462962774132,0.6700545698869802,10.203589830388777,50.0,8.0,12.0,487,487,0,487,388,99,0,1.0,0.7967145790554415,7.76,0.000579428615693185,0.0,10.01113095557453,11.769138536703394,1.0000628102492766,1.0000000000000004,0.6050723870039066,0.11878634835499544,0.005643634716851622,28.355083271064046,30,0.6171108962612296,0.17385358384609673,0.44325731241513294,61.489057286324574,7.920108414287087,{}
test,cpu_heavy,hetero,low,hybrid,1008,0.7,0.6700545698869802,0.13137462962774132,0.6700545698869802,10.203589830388777,50.0,8.0,12.0,487,487,0,487,388,99,0,1.0,0.7967145790554415,7.76,0.00017267909906531096,0.0,10.010724206057901,11.769138536703394,1.000018371159108,1.0000000000000004,0.6050723870039066,0.11878634835499544,0.0016818944248961287,27.987959980645055,30,0.6185122808233495,0.1727715531847279,0.4457407276386217,61.489057286324574,7.920108414287087,"{'alpha': 0.1, 'beta': 0.9, 'gamma': 0.0, 'source': 'phase3_tuning'}"
test,cpu_heavy,hetero,low,binpack,1009,0.7,0.7116933090353985,0.12818135262846142,0.7116933090353985,10.429945998293396,50.0,8.0,12.0,530,530,0,530,427,103,0,1.0,0.8056603773584906,8.54,0.0,0.0,9.986569699985068,11.834172421199042,1.0,1.0000000000000004,0.6550822375481457,0.11804841467249559,0.0,23.16548038951987,23,0.6376958667610797,0.1461006910107857,0.491595175750294,60.98765083789169,8.6902838971248,{}
test,cpu_heavy,hetero,low,spread,1009,0.7,0.7116933090353985,0.12818135262846142,0.7116933090353985,10.429945998293396,50.0,8.0,12.0,530,530,0,530,427,103,0,1.0,0.8056603773584906,8.54,0.00024872647617752526,0.0,9.986818426461245,11.834172421199042,1.0000275659593834,1.0000000000000004,0.6550822375481457,0.11804841467249559,0.002636500647481768,29.19637963765516,30,0.6624460161242948,0.12874074340905783,0.5337052727152369,60.98765083789169,8.6902838971248,{}
test,cpu_heavy,hetero,low,tetris,1009,0.7,0.7116933090353985,0.12818135262846142,0.7116933090353985,10.429945998293396,50.0,8.0,12.0,530,530,0,530,427,103,0,1.0,0.8056603773584906,8.54,0.0012733299375067193,0.0,9.987843029922574,11.834172421199042,1.000124485397355,1.0000000000000004,0.6550822375481455,0.11804841467249563,0.013497297337571226,28.6556833039215,30,0.6554804957084035,0.15697350311854177,0.4985069925898618,60.98765083789169,8.6902838971248,{}
test,cpu_heavy,hetero,low,hybrid,1009,0.7,0.7116933090353985,0.12818135262846142,0.7116933090353985,10.429945998293396,50.0,8.0,12.0,530,530,0,530,427,103,0,1.0,0.8056603773584906,8.54,0.003789118240960288,0.0,9.990358818226028,11.834172421199042,1.0004019553539851,1.0000000000000004,0.6550822375481455,0.11804841467249556,0.04016465335417905,28.461720336928014,30,0.6447133392154729,0.1537131298355926,0.49100020937988037,60.98765083789169,8.6902838971248,"{'alpha': 0.1, 'beta': 0.9, 'gamma': 0.0, 'source': 'phase3_tuning'}"
test,cpu_heavy,hetero,med,binpack,1000,1.0,1.025065431085965,0.20984868047331723,1.025065431085965,15.291962736809806,50.0,8.0,12.0,787,787,0,748,595,153,39,0.9504447268106735,0.7560355781448539,11.9,1.1806151009062438,6.136795005573163,11.113049157285673,15.908239255251068,1.1210727123728004,1.6113591861813343,0.8704233494213363,0.17839237076756873,17.57759938715712,27.463101566259983,30,0.9738914178474084,0.23588319327095528,0.7380082245764531,65.29023437783675,12.053870038903597,{}
test,cpu_heavy,hetero,med,spread,1000,1.0,1.025065431085965,0.20984868047331723,1.025065431085965,15.291962736809806,50.0,8.0,12.0,787,787,0,747,594,153,40,0.9491740787801779,0.7547649301143583,11.88,1.2272832011945651,6.0206046550349654,11.159717257573996,15.931341908241347,1.1258634201138815,1.642298976638928,0.8694583627305302,0.17813601076159347,18.215652354021802,29.230365614515108,30,0.9726082739251579,0.2325083649715805,0.7400999089535775,65.67093359510814,11.983992870456527,{}
test,cpu_heavy,hetero,med,tetris,1000,1.0,1.025065431085965,0.20984868047331723,1.025065431085965,15.291962736809806,50.0,8.0,12.0,787,787,0,739,590,149,48,0.9390088945362135,0.7496823379923762,11.8,1.4694094915969722,5.6150754184797975,11.401843547976402,15.451616559539772,1.1505679213107807,1.5668076030845899,0.864144122905816,0.1764429847012864,21.638893724958105,28.801894582602216,30,0.9624344538903317,0.24130065438466147,0.7211337995056702,65.76179355702443,11.967435153932714,{}
test,cpu_heavy,hetero,med,hybrid,1000,1.0,1.025065431085965,0.20984868047331723,1.025065431085965,15.291962736809806,50.0,8.0,12.0,787,787,0,739,587,152,48,0.9390088945362135,0.7458703939008895,11.74,1.643433335108832,5.635120165262574,11.575867391488263,15.626030164073121,1.1683083764240951,1.5713897915643404,0.8566824277039788,0.17513028439291659,24.130690657178057,28.649100533359732,30,0.9631466646548107,0.24852966685313377,0.7146169978016769,66.67643570065518,11.803270401754045,"{'alpha': 0.1, 'beta': 0.9, 'gamma': 0.0, 'source': 'phase3_tuning'}"
test,cpu_heavy,hetero,med,binpack,1001,1.0,0.9947131240218774,0.21875024485675257,0.9947131240218774,16.233859081243217,50.0,8.0,12.0,809,809,0,787,635,152,22,0.9728059332509271,0.7849196538936959,12.7,0.6092769477895017,2.893077130538977,10.627760048812556,13.002490463422324,1.0623278000223941,1.2792803660174266,0.8625043679614741,0.19312599590970803,9.448263523207386,27.38429521788306,30,0.9595104180516881,0.226730689547915,0.7327797285037732,62.30757554900728,12.983974948017206,{}
test,cpu_heavy,hetero,med,spread,1001,1.0,0.9947131240218774,0.21875024485675257,0.9947131240218774,16.233859081243217,50.0,8.0,12.0,809,809,0,789,635,154,20,0.9752781211372065,0.7849196538936959,12.7,0.5978858920344056,2.9935314349425965,10.616368993057462,13.194811196006704,1.0612174389082045,1.2977459454814764,0.8634898680707949,0.1933517576556943,9.277338686239675,29.45959250081336,30,0.961179996180335,0.22519243445265982,0.7359875617276753,62.649837655851215,12.913042240332812,{}
test,cpu_heavy,hetero,med,tetris,1001,1.0,0.9947131240218774,0.21875024485675257,0.9947131240218774,16.233859081243217,50.0,8.0,12.0,809,809,0,784,631,153,25,0.969097651421508,0.7799752781211372,12.62,0.710288347753696,3.020478675824748,10.728771448776751,13.411378412672441,1.0725859283729462,1.3044758701829189,0.8584942122199816,0.192469023403842,10.991354947596918,28.794760910561337,30,0.9543656091660925,0.22830273295881182,0.7260628762072805,62.901985583104185,12.861279218780366,{}
test,cpu_heavy,hetero,med,hybrid,1001,1.0,0.9947131240218774,0.21875024485675257,0.9947131240218774,16.233859081243217,50.0,8.0,12.0,809,809,0,784,630,154,25,0.969097651421508,0.7787391841779975,12.6,0.7265086208632596,3.2056656602973206,10.744991721886315,13.517478724467491,1.0741755953135441,1.3150779915805424,0.8584914650805904,0.19245923112848973,11.28019505427617,28.566054678240178,30,0.9488652882242096,0.231763360565794,0.7171019276584155,62.82091233212752,12.877877285877393,"{'alpha': 0.1, 'beta': 0.9, 'gamma': 0.0, 'source': 'phase3_tuning'}"
test,cpu_heavy,hetero,med,binpack,1002,1.0,0.9950652064028023,0.2273129928396684,0.9950652064028023,16.423371753873223,50.0,8.0,12.0,819,819,0,806,648,158,13,0.9841269841269841,0.7912087912087912,12.96,0.5008375546399539,2.080582211993306,10.467661488527241,12.690525529812508,1.050777632424741,1.2042310137944772,0.8685068849145496,0.201641617657922,7.902133428648813,27.52188924182466,30,0.9681177807127099,0.24575704943886115,0.7223607312738487,63.87301060299114,12.822317161321447,{}
test,cpu_heavy,hetero,med,spread,1002,1.0,0.9950652064028023,0.2273129928396684,0.9950652064028023,16.423371753873223,50.0,8.0,12.0,819,819,0,805,645,160,14,0.9829059829059829,0.7875457875457875,12.9,0.5780241214811108,2.3116574585752634,10.544848055368401,12.974751546985445,1.0584628426086273,1.2442730046221633,0.8665457360368305,0.20140982361508888,9.095014044851753,29.465574284074922,30,0.9708134549891384,0.24048720051787667,0.7303262544712619,64.04564282086454,12.787755168462285,{}
test,cpu_heavy,hetero,med,tetris,1002,1.0,0.9950652064028023,0.2273129928396684,0.9950652064028023,16.423371753873223,50.0,8.0,12.0,819,819,0,805,645,160,14,0.9829059829059829,0.7875457875457875,12.9,0.5755130846730937,2.6989750673322455,10.542337018560383,12.984959603773596,1.0579420405380686,1.2578579803841388,0.866645393885653,0.2013089480640533,8.948620543399437,28.954097873360766,30,0.9645437123286933,0.250239054238145,0.7143046580905482,64.38523898642921,12.7203069040813,{}
test,cpu_heavy,hetero,med,hybrid,1002,1.0,0.9950652064028023,0.2273129928396684,0.9950652064028023,16.423371753873223,50.0,8.0,12.0,819,819,0,802,642,160,17,0.9792429792429792,0.7838827838827839,12.84,0.6838933815060254,2.6989750673322455,10.650717315393315,13.21595730746391,1.0690671043669628,1.2805774318159513,0.8632109228303568,0.20063623784141849,10.67314888001798,28.710114074127137,30,0.961535421763502,0.2404355734609889,0.7210998483025132,64.4086431785738,12.715684721525834,"{'alpha': 0.1, 'beta': 0.9, 'gamma': 0.0, 'source': 'phase3_tuning'}"
test,cpu_heavy,hetero,med,binpack,1003,1.0,0.9374156384581271,0.18675212953093204,0.9374156384581271,15.975894581056048,50.0,8.0,12.0,748,748,0,734,576,158,14,0.9812834224598931,0.7700534759358288,11.52,0.2226634241259568,1.2522122190190217,10.220833026659419,12.176307655871938,1.0226977376103121,1.1285168997099926,0.8109883196049092,0.1613109222876184,3.097935325405329,27.133754725877864,30,0.9665317029841567,0.23230033257994645,0.7342313704042103,62.71095496493987,11.927740542592408,{}
test,cpu_heavy,hetero,med,spread,1003,1.0,0.9374156384581271,0.18675212953093204,0.9374156384581271,15.975894581056048,50.0,8.0,12.0,748,748,0,728,573,155,20,0.9732620320855615,0.766042780748663,11.46,0.285893630630646,1.869449263692296,10.284063233164108,12.522367618326216,1.0291659608541122,1.1744485606526978,0.8057900910211037,0.16056537909982635,3.874794737496105,29.46225872998964,30,0.9643233640105305,0.20596998844231906,0.7583533755682115,62.92718807377442,11.886753927778589,{}
test,cpu_heavy,hetero,med,tetris,1003,1.0,0.9374156384581271,0.18675212953093204,0.9374156384581271,15.975894581056048,50.0,8.0,12.0,748,748,0,732,575,157,16,0.9786096256684492,0.7687165775401069,11.5,0.27222686270121643,1.6129848650773582,10.270396465234677,12.350353084066171,1.0276454574423743,1.1599228300030286,0.8094681068670666,0.16106982896412272,3.793685436764895,28.868326614416084,30,0.9660440039892431,0.23453524858865438,0.7315087554005887,62.84545960721388,11.90221226282732,{}
test,cpu_heavy,hetero,med,hybrid,1003,1.0,0.9374156384581271,0.18675212953093204,0.9374156384581271,15.975894581056048,50.0,8.0,12.0,748,748,0,734,577,157,14,0.9812834224598931,0.7713903743315508,11.54,0.26410648176360113,1.5311305933086068,10.262276084297064,12.376396500521585,1.0268062803463434,1.1401130760716531,0.8089796468995933,0.16105995883606944,3.678497057621752,28.7136054294738,30,0.9708237292278407,0.22092130852928563,0.7499024206985551,62.92600854695052,11.886976740975081,"{'alpha': 0.1, 'beta': 0.9, 'gamma': 0.0, 'source': 'phase3_tuning'}"
test,cpu_heavy,hetero,med,binpack,1004,1.0,1.012053609703861,0.20869309304785033,1.012053609703861,14.871317066547336,50.0,8.0,12.0,747,747,0,713,574,139,34,0.9544846050870147,0.7684069611780455,11.48,0.9835134685811419,6.4089749712795125,11.045090663700549,16.806293292965798,1.0990004880185718,1.6370961751014146,0.8432136191117263,0.17762650552284184,13.205959869498606,26.94722883926959,30,0.9476405024977913,0.2125778109642588,0.7350626915335324,66.0650755713343,11.307033156927531,{}
test,cpu_heavy,hetero,med,spread,1004,1.0,1.012053609703861,0.20869309304785033,1.012053609703861,14.871317066547336,50.0,8.0,12.0,747,747,0,711,572,139,36,0.9518072289156626,0.7657295850066934,11.44,1.1306948742569654,7.54112486144092,11.192272069376374,17.392499237549515,1.1139054099902672,1.7128423031997764,0.8379532203918325,0.17687775884565277,14.847814125241438,29.194052725608397,30,0.9338125965146854,0.21003116553902193,0.7237814309756634,67.42478418386744,11.079012102774113,{}
test,cpu_heavy,hetero,med,tetris,1004,1.0,1.012053609703861,0.20869309304785033,1.012053609703861,14.871317066547336,50.0,8.0,12.0,747,747,0,707,566,141,40,0.9464524765729585,0.7576974564926372,11.32,1.2266473683735983,8.857773618852093,11.288224563493007,18.879717484458453,1.1230448087067846,1.8955074980634747,0.8292810082885219,0.17595387693594197,15.998280920966415,28.682733294137183,30,0.9355866439285964,0.22678427264515955,0.7088023712834368,67.25497095789257,11.106985689841226,{}
test,cpu_heavy,hetero,med,hybrid,1004,1.0,1.012053609703861,0.20869309304785033,1.012053609703861,14.871317066547336,50.0,8.0,12.0,747,747,0,710,570,140,37,0.9504685408299867,0.7630522088353414,11.4,1.1143962518692845,7.711574104464837,11.175973446988694,17.658945066964947,1.112237928153979,1.7398663827276355,0.836785775067815,0.17674177351961912,14.695256884980058,28.440834927910746,30,0.9487771895483941,0.22012945501225545,0.7286477345361386,67.08425049894475,11.135251485171626,"{'alpha': 0.1, 'beta': 0.9, 'gamma': 0.0, 'source': 'phase3_tuning'}"
test,cpu_heavy,hetero,med,binpack,1005,1.0,0.9980895179669155,0.20958285980431873,0.9980895179669155,15.638650249229297,50.0,8.0,12.0,781,781,0,765,615,150,16,0.9795134443021767,0.7874519846350833,12.3,0.9272926342626502,4.460968568990911,10.942818737635253,14.670817343075925,1.094333232405199,1.4362658636225767,0.8662650844299559,0.18434991153669983,13.956838490065373,27.47665685142087,30,0.9467169502431737,0.23512836970033538,0.7115885805428382,64.3204918688217,12.14232008040002,{}
test,cpu_heavy,hetero,med,spread,1005,1.0,0.9980895179669155,0.20958285980431873,0.9980895179669155,15.638650249229297,50.0,8.0,12.0,781,781,0,765,617,148,16,0.9795134443021767,0.7900128040973111,12.34,0.9385919948619469,4.356529269467508,10.954118098234549,14.58171741129096,1.0953711951867102,1.4261331563666666,0.8659812629047743,0.1842810872153908,14.234869134610683,29.336616919809586,30,0.9596047941865237,0.22793719013276767,0.731667604053756,64.12516009269325,12.1793068254498,{}
test,cpu_heavy,hetero,med,tetris,1005,1.0,0.9980895179669155,0.20958285980431873,0.9980895179669155,15.638650249229297,50.0,8.0,12.0,781,781,0,759,613,146,22,0.971830985915493,0.7848911651728553,12.26,1.1109124009061566,5.763779791792352,11.12643850427876,16.060500730093466,1.1130117205920191,1.58786669482986,0.8560086552270461,0.18278784638938192,16.684684748992495,28.69431689984627,30,0.9524314965297038,0.22481668480904954,0.7276148117206543,64.98956103931056,12.017314588839778,{}
test,cpu_heavy,hetero,med,hybrid,1005,1.0,0.9980895179669155,0.20958285980431873,0.9980895179669155,15.638650249229297,50.0,8.0,12.0,781,781,0,758,612,146,23,0.970550576184379,0.7836107554417413,12.24,1.2031959009485889,6.070521632227397,11.21872200432119,15.937320694602413,1.1223904810420369,1.5702608514436411,0.8535557827363118,0.18236306889805523,18.041124779618247,28.497312458582417,30,0.9433242940932594,0.23129330726413214,0.7120309868291272,64.90776116934046,12.032459384362646,"{'alpha': 0.1, 'beta': 0.9, 'gamma': 0.0, 'source': 'phase3_tuning'}"
test,cpu_heavy,hetero,med,binpack,1006,1.0,1.0057899769242729,0.20040592195559176,1.0057899769242729,15.035896327101714,50.0,8.0,12.0,757,757,0,735,587,148,22,0.9709379128137384,0.7754293262879789,11.74,0.6328172971239556,2.5564216802173974,10.644052790855854,13.06979174104687,1.0644349065774092,1.2535201538265381,0.8727521986648401,0.1762552361199094,9.118221953453375,27.61287817302823,30,0.9647027665591879,0.21367125884545143,0.7510315077137364,63.45924323981808,11.928916283152482,{}
test,cpu_heavy,hetero,med,spread,1006,1.0,1.0057899769242729,0.20040592195559176,1.0057899769242729,15.035896327101714,50.0,8.0,12.0,757,757,0,733,585,148,24,0.9682959048877147,0.7727873183619551,11.7,0.7552601905115243,3.4711580269439963,10.766495684243424,13.624114232678618,1.077062177631257,1.3331711376871245,0.8654973262416522,0.17527261660063695,10.773137745760014,29.483198965335536,30,0.9656696415752706,0.20401677386123265,0.7616528677140378,64.40613307381464,11.753539047786283,{}
test,cpu_heavy,hetero,med,tetris,1006,1.0,1.0057899769242729,0.20040592195559176,1.0057899769242729,15.035896327101714,50.0,8.0,12.0,757,757,0,731,584,147,26,0.9656538969616909,0.7714663143989432,11.68,0.836235209808673,2.9680525693509594,10.847470703540573,13.57297175403103,1.0852706118046362,1.3223100035722857,0.8645567611669976,0.17508671396896616,11.96749626038808,28.988514264903465,30,0.9709913297850405,0.21497989284740635,0.7560114369376342,64.24413904371596,11.783176041706888,{}
test,cpu_heavy,hetero,med,hybrid,1006,1.0,1.0057899769242729,0.20040592195559176,1.0057899769242729,15.035896327101714,50.0,8.0,12.0,757,757,0,731,584,147,26,0.9656538969616909,0.7714663143989432,11.68,0.8109037235408441,3.5067155268888826,10.822139217272742,13.691365408229348,1.0828094219745203,1.3488734490145518,0.8654745880098127,0.17535742858240383,11.603413556108373,28.839759610254543,30,0.9664651487683595,0.2149560616413517,0.7515090871270078,64.28237608136037,11.776167063922571,"{'alpha': 0.1, 'beta': 0.9, 'gamma': 0.0, 'source': 'phase3_tuning'}"
test,cpu_heavy,hetero,med,binpack,1007,1.0,1.0912898330379825,0.20062686134553245,1.0912898330379825,15.663648543762838,50.0,8.0,12.0,854,854,0,763,601,162,91,0.8934426229508197,0.7037470725995316,12.02,1.9873448253366557,7.391910055773039,12.005708278433374,17.44501629022306,1.2028178182070925,1.7629552861399362,0.846515298228145,0.15601999498914196,26.804014270162966,26.84804286899685,30,0.9740778658961644,0.21033910295409672,0.7637387629420677,69.48898621438616,12.28971735701043,{}
test,cpu_heavy,hetero,med,spread,1007,1.0,1.0912898330379825,0.20062686134553245,1.0912898330379825,15.663648543762838,50.0,8.0,12.0,854,854,0,765,601,164,89,0.8957845433255269,0.7037470725995316,12.02,1.9959102158348854,8.369427631154956,12.014273668931603,18.362736162893036,1.2038233348218106,1.880148838269727,0.8429758163636705,0.15640501012773225,27.188519567615153,29.316705161217392,30,0.9795178094438545,0.21570235639476065,0.7638154530490938,69.93362358393017,12.211579441112185,{}
test,cpu_heavy,hetero,med,tetris,1007,1.0,1.0912898330379825,0.20062686134553245,1.0912898330379825,15.663648543762838,50.0,8.0,12.0,854,854,0,759,598,161,95,0.8887587822014051,0.7002341920374707,11.96,2.1832152839764594,7.391910055773039,12.201578737073179,17.58532927384403,1.2227370355303113,1.7783443613248027,0.8414560827774646,0.15446212583643554,29.596197358447863,28.90747960320299,30,0.9709693911112539,0.2106820539978158,0.760287337113438,69.79292954368897,12.236196497030736,{}
test,cpu_heavy,hetero,med,hybrid,1007,1.0,1.0912898330379825,0.20062686134553245,1.0912898330379825,15.663648543762838,50.0,8.0,12.0,854,854,0,761,597,164,93,0.8911007025761124,0.6990632318501171,11.94,2.175169956513328,6.772156965762143,12.193533409610046,17.142449378317096,1.221627908460905,1.7157889915918645,0.8456904469320914,0.1548021135748803,29.772794793552894,28.728019277139808,30,0.9818649092553884,0.21863765647672748,0.7632272527786609,69.0069044714729,12.375573234893318,"{'alpha': 0.1, 'beta': 0.9, 'gamma': 0.0, 'source': 'phase3_tuning'}"
test,cpu_heavy,hetero,med,binpack,1008,1.0,0.984524464309764,0.19348934796028375,0.984524464309764,14.576556900555397,50.0,8.0,12.0,719,719,0,698,557,141,21,0.9707927677329624,0.7746870653685675,11.14,0.6283359302879181,2.4641350697920785,10.591835130066146,13.059074362460258,1.0644630973150206,1.2582827634606906,0.8536427538128959,0.16820641426586966,8.544643915913987,27.217950430760148,30,0.9510334601568152,0.22229771720980418,0.728735742947011,63.83212696067485,11.26392044625045,{}
test,cpu_heavy,hetero,med,spread,1008,1.0,0.984524464309764,0.19348934796028375,0.984524464309764,14.576556900555397,50.0,8.0,12.0,719,719,0,701,560,141,18,0.9749652294853964,0.7788595271210014,11.2,0.632246303079882,2.6960773384288217,10.59574550285811,13.075754510795285,1.0647504030873538,1.2826753137533242,0.8531931523982066,0.16847385126923128,8.544820371695735,29.412751650218148,30,0.9554509858888203,0.22388987259459184,0.7315611132942285,63.6099594394451,11.303261412774015,{}
test,cpu_heavy,hetero,med,tetris,1008,1.0,0.984524464309764,0.19348934796028375,0.984524464309764,14.576556900555397,50.0,8.0,12.0,719,719,0,696,556,140,23,0.9680111265646731,0.7732962447844228,11.12,0.8460966785048816,3.9113073635483744,10.809595878283108,14.136293203325632,1.0866204561204647,1.3996836806108957,0.8427516681909464,0.16717165199162698,11.291518559508338,28.861211750803772,30,0.9344735491296536,0.23196681507327496,0.7025067340563785,64.97701583018916,11.065451234003014,{}
test,cpu_heavy,hetero,med,hybrid,1008,1.0,0.984524464309764,0.19348934796028375,0.984524464309764,14.576556900555397,50.0,8.0,12.0,719,719,0,695,555,140,24,0.9666203059805285,0.7719054242002782,11.1,0.7064843148993734,2.7920342039204407,10.6699835146776,13.297331439144521,1.072437325491747,1.2884490587394477,0.8511287456151841,0.16784846565190314,9.579561311190943,28.617856382796347,30,0.9527910077836268,0.22093128535176315,0.7318597224318637,63.78580215726354,11.272100932858217,"{'alpha': 0.1, 'beta': 0.9, 'gamma': 0.0, 'source': 'phase3_tuning'}"
test,cpu_heavy,hetero,med,binpack,1009,1.0,1.0292738971447826,0.18475110212536425,1.0292738971447826,14.899922854704853,50.0,8.0,12.0,768,768,0,736,587,149,32,0.9583333333333334,0.7643229166666666,11.74,1.1725366255095626,4.807155313806113,11.159688922638749,14.955806241482172,1.1193109013027167,1.4815705845892124,0.8672926758458774,0.15776367730902283,16.520086369983343,27.64877713976932,30,0.9658101971127707,0.18568083671688737,0.7801293603958835,65.51771510089287,11.722020507237342,{}
test,cpu_heavy,hetero,med,spread,1009,1.0,1.0292738971447826,0.18475110212536425,1.0292738971447826,14.899922854704853,50.0,8.0,12.0,768,768,0,735,587,148,33,0.95703125,0.7643229166666666,11.74,1.2197251207017905,4.580051181164201,11.206877417830976,14.924458698830641,1.1241669906366591,1.473908025180629,0.8679255735942963,0.15765491737200144,17.367289094770697,29.46019849738194,30,0.9673792494548746,0.18388387006180154,0.7834953793930732,65.34124956512275,11.753677885124743,{}
test,cpu_heavy,hetero,med,tetris,1009,1.0,1.0292738971447826,0.18475110212536425,1.0292738971447826,14.899922854704853,50.0,8.0,12.0,768,768,0,732,583,149,36,0.953125,0.7591145833333334,11.66,1.3136927062887522,6.632894507566888,11.300845003417939,16.747669187250843,1.1336002254233553,1.6577678424740616,0.8590144672877777,0.15702699276051407,18.533771935917795,29.179037727989375,30,0.9665099384798553,0.19060276361267098,0.7759071748671843,65.25140100730309,11.76986222738794,{}
test,cpu_heavy,hetero,med,hybrid,1009,1.0,1.0292738971447826,0.18475110212536425,1.0292738971447826,14.899922854704853,50.0,8.0,12.0,768,768,0,730,583,147,38,0.9505208333333334,0.7591145833333334,11.66,1.3069701983519153,6.087335661404225,11.294122495481103,16.004387658837423,1.1327662205195292,1.6148151414609075,0.8607259500476061,0.15709864496046583,18.507792739400735,28.995905033209418,30,0.9691621705932735,0.19103816231239126,0.7781240082808822,65.10974197221222,11.795469874965407,"{'alpha': 0.1, 'beta': 0.9, 'gamma': 0.0, 'source': 'phase3_tuning'}"
test,cpu_heavy,hetero,high,binpack,1000,1.3,1.3501849721998218,0.2752474301596959,1.3501849721998218,19.879551557852746,50.0,8.0,12.0,1038,1038,0,829,667,162,209,0.7986512524084779,0.6425818882466281,13.34,5.987751334512891,20.837084279436404,15.940196213759508,30.789907116569104,1.6071363188836905,2.9729794765450475,0.9056612493192118,0.19320382000198794,88.8507161554517,28.038721449167394,30,0.9775190783045098,0.23413001572295314,0.7433890625815567,80.88035521396911,12.833771528994516,{}
test,cpu_heavy,hetero,high,spread,1000,1.3,1.3501849721998218,0.2752474301596959,1.3501849721998218,19.879551557852746,50.0,8.0,12.0,1038,1038,0,824,661,163,214,0.7938342967244701,0.6368015414258189,13.22,6.231909885567851,20.302638965964782,16.18435476481447,30.231061706982494,1.6326887609921663,2.9688510965917394,0.8946582149605039,0.19147782554012457,90.74080373127262,29.413282536960704,30,0.9781645014223092,0.24230692863998224,0.735857572782327,80.81592638859517,12.844002987837849,{}
test,cpu_heavy,hetero,high,tetris,1000,1.3,1.3501849721998218,0.2752474301596959,1.3501849721998218,19.879551557852746,50.0,8.0,12.0,1038,1038,0,817,658,159,221,0.7870905587668593,0.6339113680154143,13.16,6.323763157532417,22.332381310301244,16.276208036779035,32.405021155458705,1.641424843649714,3.0894487197799516,0.8907501379150894,0.18968967040491663,92.93418195555226,29.07369634487952,30,0.9743136340539931,0.24177250011896445,0.7325411339350285,81.48951889373993,12.737834436763864,{}
test,cpu_heavy,hetero,high,hybrid,1000,1.3,1.3501849721998218,0.2752474301596959,1.3501849721998218,19.879551557852746,50.0,8.0,12.0,1038,1038,0,816,658,158,222,0.7861271676300579,0.6339113680154143,13.16,6.372840410083227,19.740590418319762,16.325285289329845,29.654275580285336,1.647097228722936,2.9276032920618875,0.8926061146178194,0.18983776273372244,93.22106325194038,28.958964847707676,30,0.97915876384034,0.2532869932812149,0.7258717705591251,79.73043528609898,13.01886784231536,"{'alpha': 0.1, 'beta': 0.9, 'gamma': 0.0, 'source': 'phase3_tuning'}"
test,cpu_heavy,hetero,high,binpack,1001,1.3,1.2606547330321831,0.2781885154543711,1.2606547330321831,21.104016805616183,50.0,8.0,12.0,1026,1026,0,861,691,170,165,0.8391812865497076,0.6734892787524367,13.82,5.06636643055892,19.90767930733525,15.057180457998735,29.687861410552962,1.5178084124625357,3.025693172445701,0.8998566306410829,0.20625301891519254,83.43009995896918,27.892797693781635,30,0.978603368328674,0.2684783436994909,0.7101250246291831,76.06178905371229,13.489033228964324,{}
test,cpu_heavy,hetero,high,spread,1001,1.3,1.2606547330321831,0.2781885154543711,1.2606547330321831,21.104016805616183,50.0,8.0,12.0,1026,1026,0,858,688,170,168,0.8362573099415205,0.6705653021442495,13.76,5.1678661476160945,21.064281559040005,15.158680175055908,30.869003358444388,1.5281793895614926,3.1400440190877124,0.8939382526591748,0.2047841907399419,84.3454686133797,29.56774600246115,30,0.9735596896711746,0.277674783571882,0.6958849060992925,76.37570459067436,13.433591290564367,{}
test,cpu_heavy,hetero,high,tetris,1001,1.3,1.2606547330321831,0.2781885154543711,1.2606547330321831,21.104016805616183,50.0,8.0,12.0,1026,1026,0,857,687,170,169,0.8352826510721247,0.6695906432748538,13.74,5.232052577869609,21.225563919962532,15.222866605309422,30.93275653269387,1.5345407203870125,3.1535233603721404,0.8941943816767015,0.20518247299965048,85.47012353032332,29.08141016143943,30,0.9753349536304057,0.27288489084978523,0.7024500627806205,76.21809482560634,13.461370326135514,{}
test,cpu_heavy,hetero,high,hybrid,1001,1.3,1.2606547330321831,0.2781885154543711,1.2606547330321831,21.104016805616183,50.0,8.0,12.0,1026,1026,0,856,685,171,170,0.834307992202729,0.6676413255360624,13.7,5.284389640736398,21.421422296204796,15.275203668176212,30.893681856441766,1.5399535371678483,3.162301836172958,0.8901893868851546,0.2045027991592316,85.91726355862944,28.90859067091307,30,0.9717245546104336,0.2777199183822497,0.694004636228184,76.7019527876827,13.376452133364221,"{'alpha': 0.1, 'beta': 0.9, 'gamma': 0.0, 'source': 'phase3_tuning'}"
test,cpu_heavy,hetero,high,binpack,1002,1.3,1.3155390003713852,0.3009506360125294,1.3155390003713852,21.35038328003519,50.0,8.0,12.0,1085,1085,0,870,699,171,215,0.8018433179723502,0.6442396313364055,13.98,5.471280923180984,17.174857867756202,15.434889977300807,26.482612574823577,1.5568462762800699,2.6472724636874596,0.9076818237623379,0.21613191807351623,86.966204891602,28.110553921523664,30,0.9796657498797907,0.2668078265532655,0.7128579233265253,78.16455963989338,13.880971184365773,{}
test,cpu_heavy,hetero,high,spread,1002,1.3,1.3155390003713852,0.3009506360125294,1.3155390003713852,21.35038328003519,50.0,8.0,12.0,1085,1085,0,882,707,175,203,0.8129032258064516,0.6516129032258065,14.14,5.388109536244555,17.373709002085498,15.351718590364378,27.109751258131382,1.5488859705026798,2.7005311462012136,0.9005628090901371,0.21808451560716108,83.87733420963212,29.551790790948175,30,0.9695119356659683,0.2609180721155902,0.708593863550378,78.51339066718978,13.819298730826743,{}
test,cpu_heavy,hetero,high,tetris,1002,1.3,1.3155390003713852,0.3009506360125294,1.3155390003713852,21.35038328003519,50.0,8.0,12.0,1085,1085,0,885,708,177,200,0.815668202764977,0.6525345622119816,14.16,5.348804157203347,17.250159671007367,15.312413211323172,26.906381170516752,1.5449389449273985,2.675130756489552,0.9025485377067382,0.21848634441583215,83.19814333281873,29.049048281841973,30,0.9766786429065639,0.26905733527227393,0.70762130763429,78.94878113156379,13.74308740994883,{}
test,cpu_heavy,hetero,high,hybrid,1002,1.3,1.3155390003713852,0.3009506360125294,1.3155390003713852,21.35038328003519,50.0,8.0,12.0,1085,1085,0,880,706,174,205,0.8110599078341014,0.6506912442396313,14.12,5.372990576566678,16.85206876088867,15.3365996306865,26.67049613137842,1.5470253207375613,2.635989065688178,0.9051414773803217,0.2174414042710927,84.24588043171744,28.891320751559938,30,0.9773444321351957,0.26923122763955837,0.7081132044956374,78.05977837222133,13.899603901336626,"{'alpha': 0.1, 'beta': 0.9, 'gamma': 0.0, 'source': 'phase3_tuning'}"
test,cpu_heavy,hetero,high,binpack,1003,1.3,1.215422580952908,0.24144037431587329,1.215422580952908,20.768662955372864,50.0,8.0,12.0,975,975,0,838,671,167,137,0.8594871794871795,0.6882051282051282,13.42,3.570519661488687,13.26175113481056,13.562784021610659,22.936408803673928,1.36507174643617,2.3316384229425218,0.9015329661707021,0.18438557411978665,54.937434502281995,28.14338535481311,30,0.9744681488470843,0.23833334639110737,0.736134802455977,74.0801990321429,13.161411723218428,{}
test,cpu_heavy,hetero,high,spread,1003,1.3,1.215422580952908,0.24144037431587329,1.215422580952908,20.768662955372864,50.0,8.0,12.0,975,975,0,834,666,168,141,0.8553846153846154,0.683076923076923,13.32,3.7066804905666673,14.121129693572485,13.698944850688639,23.785429504908286,1.3787437192005763,2.417077384267984,0.8938426143507775,0.18420955925115584,56.81907833989281,29.582752350605347,30,0.9823784788764346,0.24146956730571884,0.7409089115707157,74.12766191414713,13.15298465948139,{}
test,cpu_heavy,hetero,high,tetris,1003,1.3,1.215422580952908,0.24144037431587329,1.215422580952908,20.768662955372864,50.0,8.0,12.0,975,975,0,826,660,166,149,0.8471794871794872,0.676923076923077,13.2,3.7940958797406403,14.273015286202728,13.786360239862612,23.905413331607953,1.387331941470384,2.4168293740053426,0.8949473292630912,0.18361447466664388,58.16834738917121,29.36324268198689,30,0.979987041961715,0.2391217314888287,0.7408653104728863,73.97452695617908,13.180212704537727,{}
test,cpu_heavy,hetero,high,hybrid,1003,1.3,1.215422580952908,0.24144037431587329,1.215422580952908,20.768662955372864,50.0,8.0,12.0,975,975,0,840,671,169,135,0.8615384615384616,0.6882051282051282,13.42,3.613480843614578,13.71452614646092,13.605745203736548,23.570028141359266,1.3698554572820762,2.3843240864269637,0.8973675450752171,0.18349613132918233,55.5982764384336,29.185933566389227,30,0.9799182281847902,0.23975597287606126,0.740162255308729,73.62237000785836,13.243257448733715,"{'alpha': 0.1, 'beta': 0.9, 'gamma': 0.0, 'source': 'phase3_tuning'}"
test,cpu_heavy,hetero,high,binpack,1004,1.3,1.2930693249281429,0.2670656568221349,1.2930693249281429,19.332712186511536,50.0,8.0,12.0,958,958,0,772,616,156,186,0.8058455114822547,0.6430062630480167,12.32,6.171552286080141,21.08102287010356,16.207648527385974,30.660660838434453,1.6266686082504973,3.0972437635024694,0.8829639263886422,0.1890816841286638,90.202349071971,27.701957502246433,30,0.9750389624615562,0.23068125892280691,0.7443577035387494,78.7015954445562,12.172561364081787,{}
test,cpu_heavy,hetero,high,spread,1004,1.3,1.2930693249281429,0.2670656568221349,1.2930693249281429,19.332712186511536,50.0,8.0,12.0,958,958,0,783,624,159,175,0.8173277661795407,0.651356993736952,12.48,5.982886774022012,22.056872579880505,16.018983015327844,31.675255507204476,1.6072650444988095,3.1444037310952164,0.880834501728317,0.19022954926669244,87.16165893029371,29.35828597659414,30,0.9779428610335894,0.23750947717968077,0.7404333838539087,78.6561082210158,12.179600817626469,{}
test,cpu_heavy,hetero,high,tetris,1004,1.3,1.2930693249281429,0.2670656568221349,1.2930693249281429,19.332712186511536,50.0,8.0,12.0,958,958,0,783,623,160,175,0.8173277661795407,0.6503131524008351,12.46,6.035051773252341,21.763817619371558,16.071148014558172,31.122005039952207,1.6130044484547907,3.1513906855451443,0.8812666282616454,0.19012554781252242,87.88054100696405,28.99799440494865,30,0.9776064991677518,0.23919558918381362,0.7384109099839381,78.86314468476046,12.147626167196504,{}
test,cpu_heavy,hetero,high,hybrid,1004,1.3,1.2930693249281429,0.2670656568221349,1.2930693249281429,19.332712186511536,50.0,8.0,12.0,958,958,0,772,614,158,186,0.8058455114822547,0.6409185803757829,12.28,6.1346579864701285,22.08369416348654,16.170754227775962,31.76397774343979,1.6226044724530528,3.1657987184201692,0.8776897610507074,0.18884218021613006,89.21939092645037,28.800900020167045,30,0.9694299633336345,0.22763506487118204,0.7417948984624524,78.7337312998714,12.16759302758416,"{'alpha': 0.1, 'beta': 0.9, 'gamma': 0.0, 'source': 'phase3_tuning'}"
test,cpu_heavy,hetero,high,binpack,1005,1.3,1.3110291206158733,0.2754903142097165,1.3110291206158733,20.33024532399809,50.0,8.0,12.0,1022,1022,0,817,654,163,205,0.799412915851272,0.639921722113503,13.08,6.395895001114714,17.79247856511119,16.423873028423653,27.686166974832766,1.6462299959371431,2.7172945499831833,0.9071436833563438,0.19331004598661775,101.28450032473373,28.071500513215405,30,0.9806679519493265,0.2753497142220898,0.7053182377272368,78.10091264786317,13.085634538074272,{}
test,cpu_heavy,hetero,high,spread,1005,1.3,1.3110291206158733,0.2754903142097165,1.3110291206158733,20.33024532399809,50.0,8.0,12.0,1022,1022,0,825,663,162,197,0.8072407045009785,0.6487279843444227,13.26,6.128963028138536,18.68080003206621,16.156941055447476,28.92141798998531,1.6200446424473318,2.9220783533954195,0.9041326033339762,0.1954720190146392,96.58445838531529,29.51225606954964,30,0.9791362178364447,0.25483740682497286,0.7242988110114719,78.16566971975908,13.074793623135223,{}
test,cpu_heavy,hetero,high,tetris,1005,1.3,1.3110291206158733,0.2754903142097165,1.3110291206158733,20.33024532399809,50.0,8.0,12.0,1022,1022,0,831,667,164,191,0.8131115459882583,0.6526418786692759,13.34,6.049960681720334,19.718358551612056,16.077938709029276,30.556165617683355,1.6118984726591299,3.0537752394871625,0.9032910584079574,0.19471105606914782,94.80123430901702,28.984734228672696,30,0.9791535241276696,0.2688015416597141,0.7103519824679556,78.48484177250685,13.021622735283456,{}
test,cpu_heavy,hetero,high,hybrid,1005,1.3,1.3110291206158733,0.2754903142097165,1.3110291206158733,20.33024532399809,50.0,8.0,12.0,1022,1022,0,817,656,161,205,0.799412915851272,0.6418786692759295,13.12,6.455333438280408,17.812202158505023,16.48331146558935,28.005621441311856,1.6523742102997079,2.7731741404724506,0.9022659609570925,0.19357270702651924,101.54837501263717,28.835605919393917,30,0.9787521341926259,0.27091089045144423,0.7078412437411817,78.44567755692809,13.028123815468785,"{'alpha': 0.1, 'beta': 0.9, 'gamma': 0.0, 'source': 'phase3_tuning'}"
test,cpu_heavy,hetero,high,binpack,1006,1.3,1.2932997312793362,0.2586228004570952,1.2932997312793362,19.54666522523223,50.0,8.0,12.0,974,974,0,803,641,162,171,0.824435318275154,0.6581108829568788,12.82,5.652284036939224,16.270586170929896,15.657683973857845,26.50934704869956,1.5757914562453645,2.683993324932716,0.9082702886236378,0.1928490102085062,84.54448157478855,28.334369985461425,30,0.9739693883466106,0.2262177638971316,0.7477516244494791,76.19538404104675,12.782926580897636,{}
test,cpu_heavy,hetero,high,spread,1006,1.3,1.2932997312793362,0.2586228004570952,1.2932997312793362,19.54666522523223,50.0,8.0,12.0,974,974,0,802,640,162,172,0.8234086242299795,0.6570841889117043,12.8,5.569070811109856,15.954312291986433,15.574470748028476,26.290474928115778,1.5680703414300867,2.640028102565657,0.9099549747108294,0.1933066092951846,82.53482259845455,29.600744696743295,30,0.9790641315072066,0.22133871973098157,0.757725411776225,76.48318202775863,12.734825803226894,{}
test,cpu_heavy,hetero,high,tetris,1006,1.3,1.2932997312793362,0.2586228004570952,1.2932997312793362,19.54666522523223,50.0,8.0,12.0,974,974,0,803,642,161,171,0.824435318275154,0.6591375770020534,12.84,5.605676930394613,16.431535315567793,15.611076867313233,26.846481357527814,1.5713877961895115,2.70670671701711,0.9066862366791462,0.19236780844013182,83.90800855900694,29.324272906493526,30,0.9819901647138248,0.22902863962946224,0.7529615250843626,76.29229572901205,12.766688833950138,{}
test,cpu_heavy,hetero,high,hybrid,1006,1.3,1.2932997312793362,0.2586228004570952,1.2932997312793362,19.54666522523223,50.0,8.0,12.0,974,974,0,804,643,161,170,0.8254620123203286,0.660164271047228,12.86,5.626899136427076,16.380872496837178,15.632299073345697,26.83881769022036,1.5737718862558803,2.6950206120425517,0.9076513424696933,0.1928853989035007,83.92370578324255,29.15959505767476,30,0.9807569760536962,0.23260667435026933,0.7481503017034269,76.24850332895882,12.774021226329822,"{'alpha': 0.1, 'beta': 0.9, 'gamma': 0.0, 'source': 'phase3_tuning'}"
test,cpu_heavy,hetero,high,binpack,1007,1.3,1.3697288268926295,0.25290588877388925,1.3697288268926295,20.362743106891692,50.0,8.0,12.0,1072,1072,0,832,664,168,240,0.7761194029850746,0.6194029850746269,13.28,7.260492246593638,23.386528670226546,17.289031652212948,33.54646023642395,1.7403370476066888,3.373864260078754,0.8893439049085923,0.17065771944475785,111.7014459191707,27.6893189448717,30,0.980288025427037,0.21007477226745952,0.7702132531595774,82.03680672062933,13.067305309074522,{}
test,cpu_heavy,hetero,high,spread,1007,1.3,1.3697288268926295,0.25290588877388925,1.3697288268926295,20.362743106891692,50.0,8.0,12.0,1072,1072,0,828,663,165,244,0.7723880597014925,0.6184701492537313,13.26,7.249910030215826,23.02120819947443,17.278449435835135,33.058899960130006,1.7384679281971418,3.3193275985954025,0.8904829267421295,0.16963311313840848,111.64175362714408,29.460177145770427,30,0.9840228888086465,0.20761709632388156,0.776405792484765,82.50409763125614,12.993294039663306,{}
test,cpu_heavy,hetero,high,tetris,1007,1.3,1.3697288268926295,0.25290588877388925,1.3697288268926295,20.362743106891692,50.0,8.0,12.0,1072,1072,0,828,663,165,244,0.7723880597014925,0.6184701492537313,13.26,7.340259737547755,23.272493918584154,17.368799143167063,33.31134489958879,1.7479154073617662,3.345334995105025,0.8847830374124973,0.16782838302335823,112.05016955776563,29.15095831116329,30,0.9756734465997006,0.21109526752365934,0.7645781790760413,82.30536417310924,13.024667477873127,{}
test,cpu_heavy,hetero,high,hybrid,1007,1.3,1.3697288268926295,0.25290588877388925,1.3697288268926295,20.362743106891692,50.0,8.0,12.0,1072,1072,0,835,666,169,237,0.7789179104477612,0.621268656716418,13.32,7.167839025248499,23.09019874562688,17.196378430867806,33.03999174567116,1.7310699426921556,3.318464862097567,0.8858197257942318,0.16909415925262983,108.51051466735986,28.990600115567922,30,0.9790484540551532,0.21549166371921863,0.7635567903359346,82.84015469725577,12.940584236203895,"{'alpha': 0.1, 'beta': 0.9, 'gamma': 0.0, 'source': 'phase3_tuning'}"
test,cpu_heavy,hetero,high,binpack,1008,1.3,1.282161998257145,0.25051552934613197,1.282161998257145,18.949523970722016,50.0,8.0,12.0,935,935,0,769,614,155,166,0.8224598930481284,0.6566844919786097,12.28,5.555658741945836,15.386910607446794,15.53807125330978,25.88736533627435,1.5662307421423667,2.6120294420455177,0.8945827599134781,0.18239117635678848,78.42207401150623,28.017383760653093,30,0.976425332541416,0.22096123523859493,0.755464097302821,77.99008961742062,11.988702726033916,{}
test,cpu_heavy,hetero,high,spread,1008,1.3,1.282161998257145,0.25051552934613197,1.282161998257145,18.949523970722016,50.0,8.0,12.0,935,935,0,778,622,156,157,0.8320855614973262,0.66524064171123,12.44,5.280548353599604,19.770251518566198,15.26296086496355,29.94525705327147,1.5375413228596766,2.999539104989328,0.8936388454314889,0.18316449783668481,75.42808602991622,29.5587144829954,30,0.9746764412696944,0.21981773848849687,0.7548587027811975,78.25979138733291,11.947386817994236,{}
test,cpu_heavy,hetero,high,tetris,1008,1.3,1.282161998257145,0.25051552934613197,1.282161998257145,18.949523970722016,50.0,8.0,12.0,935,935,0,771,614,157,164,0.8245989304812834,0.6566844919786097,12.28,5.546805426311301,19.196011703867242,15.529217937675245,29.060165528050398,1.5645830947570216,2.8940679121686856,0.8868334377060026,0.18171419452506107,79.06632749295794,29.24262231010209,30,0.9784038054603414,0.219642534789868,0.7587612706704735,78.61441651969677,11.893492840028095,{}
test,cpu_heavy,hetero,high,hybrid,1008,1.3,1.282161998257145,0.25051552934613197,1.282161998257145,18.949523970722016,50.0,8.0,12.0,935,935,0,765,611,154,170,0.8181818181818182,0.653475935828877,12.22,5.623045852686262,18.552689354243647,15.605458364050207,28.28835182785388,1.5725968720035648,2.8073335219151434,0.8859064021489645,0.18161032605064029,79.71411074620337,29.0883158014358,30,0.9724269272029638,0.2191983773597113,0.7532285498432525,79.04393094421087,11.828865149177894,"{'alpha': 0.1, 'beta': 0.9, 'gamma': 0.0, 'source': 'phase3_tuning'}"
test,cpu_heavy,hetero,high,binpack,1009,1.3,1.3482224898303423,0.24174864106959268,1.3482224898303423,19.36989971111631,50.0,8.0,12.0,1004,1004,0,787,628,159,217,0.7838645418326693,0.6254980079681275,12.56,6.80801873482946,19.05156631465021,16.805452346431743,29.580081913471382,1.6904074021777906,2.9943943197440146,0.9040024300500415,0.16765571458206757,98.88238691238719,28.16228432048687,30,0.9789496816746542,0.20310343368508768,0.7758462479895665,80.13267703232061,12.52922075216641,{}
test,cpu_heavy,hetero,high,spread,1009,1.3,1.3482224898303423,0.24174864106959268,1.3482224898303423,19.36989971111631,50.0,8.0,12.0,1004,1004,0,788,632,156,216,0.7848605577689243,0.6294820717131474,12.64,6.702835677839814,19.21684983252341,16.700269289442094,29.56744498438077,1.6797768629584486,2.989109360002775,0.906070001734069,0.16680181076851353,97.78455909233742,29.557055094899557,30,0.9846981762176287,0.20186871867973427,0.7828294575378943,79.79013389452328,12.5830093395659,{}
test,cpu_heavy,hetero,high,tetris,1009,1.3,1.3482224898303423,0.24174864106959268,1.3482224898303423,19.36989971111631,50.0,8.0,12.0,1004,1004,0,788,631,157,216,0.7848605577689243,0.6284860557768924,12.62,6.956260425770568,19.101496226466885,16.95369403737285,29.85654197409293,1.7054485631687268,3.0185261624780533,0.8989640172725138,0.16635611778587503,101.05589662778257,29.3051720206531,30,0.975701949994169,0.20674033342778253,0.7689616165663865,80.01834120437832,12.54712338307089,{}
test,cpu_heavy,hetero,high,hybrid,1009,1.3,1.3482224898303423,0.24174864106959268,1.3482224898303423,19.36989971111631,50.0,8.0,12.0,1004,1004,0,796,636,160,208,0.7928286852589641,0.6334661354581673,12.72,6.833401417711494,20.084782417724867,16.830835029313775,30.590767015849025,1.6929378819157959,3.1317363323289378,0.8977365022737284,0.16760700014130997,98.2879528102214,29.143148226716622,30,0.9747395158746615,0.20410381996420923,0.7706356959104522,80.46755165217004,12.477079013661331,"{'alpha': 0.1, 'beta': 0.9, 'gamma': 0.0, 'source': 'phase3_tuning'}"
test,ram_heavy,homog,low,binpack,1000,0.7,0.41731343763061146,0.7156385304031176,0.7156385304031176,18.16216216216216,50.0,8.0,12.0,933,933,0,933,755,178,0,1.0,0.8092175777063236,15.1,0.0,0.0,9.951157900955277,11.769708343653598,1.0,1.0000000000000002,0.3743744471904751,0.6422247859434336,0.0,21.462379604522166,24,0.38819444444444445,0.6722916666666666,0.2840972222222222,61.675278843416855,15.12761705332099,{}
test,ram_heavy,homog,low,spread,1000,0.7,0.41731343763061146,0.7156385304031176,0.7156385304031176,18.16216216216216,50.0,8.0,12.0,933,933,0,933,755,178,0,1.0,0.8092175777063236,15.1,0.0,0.0,9.951157900955277,11.769708343653598,1.0,1.0000000000000002,0.3743744471904751,0.6422247859434336,0.0,29.393496258553995,30,0.38819444444444445,0.6722916666666666,0.3236805555555556,61.675278843416855,15.12761705332099,{}
test,ram_heavy,homog,low,tetris,1000,0.7,0.41731343763061146,0.7156385304031176,0.7156385304031176,18.16216216216216,50.0,8.0,12.0,933,933,0,933,755,178,0,1.0,0.8092175777063236,15.1,0.0,0.0,9.951157900955277,11.769708343653598,1.0,1.0000000000000002,0.3743744471904751,0.6422247859434336,0.0,29.27344837235556,30,0.38819444444444445,0.6722916666666666,0.2840972222222222,61.675278843416855,15.12761705332099,{}
test,ram_heavy,homog,low,hybrid,1000,0.7,0.41731343763061146,0.7156385304031176,0.7156385304031176,18.16216216216216,50.0,8.0,12.0,933,933,0,933,755,178,0,1.0,0.8092175777063236,15.1,0.0,0.0,9.951157900955277,11.769708343653598,1.0,1.0000000000000002,0.3743744471904751,0.6422247859434336,0.0,28.512133768639195,30,0.38819444444444445,0.6722916666666666,0.2854861111111111,61.675278843416855,15.12761705332099,"{'alpha': 0.1, 'beta': 0.9, 'gamma': 0.0, 'source': 'phase3_tuning'}"
test,ram_heavy,homog,low,binpack,1001,0.7,0.40846233444297275,0.6981670812484924,0.6981670812484924,18.16216216216216,50.0,8.0,12.0,906,906,0,906,728,178,0,1.0,0.8035320088300221,14.56,0.0,0.0,9.991686860758616,11.779019480726383,1.0,1.0000000000000004,0.3685050910663734,0.6277920133134238,0.0,21.155232818225873,22,0.39913194444444444,0.6876041666666667,0.28847222222222224,61.322852450857894,14.77426381504413,{}
test,ram_heavy,homog,low,spread,1001,0.7,0.40846233444297275,0.6981670812484924,0.6981670812484924,18.16216216216216,50.0,8.0,12.0,906,906,0,906,728,178,0,1.0,0.8035320088300221,14.56,0.0,0.0,9.991686860758616,11.779019480726383,1.0,1.0000000000000004,0.3685050910663734,0.6277920133134238,0.0,29.52808979132214,30,0.39913194444444444,0.6876041666666667,0.30666666666666664,61.322852450857894,14.77426381504413,{}
test,ram_heavy,homog,low,tetris,1001,0.7,0.40846233444297275,0.6981670812484924,0.6981670812484924,18.16216216216216,50.0,8.0,12.0,906,906,0,906,728,178,0,1.0,0.8035320088300221,14.56,0.0,0.0,9.991686860758616,11.779019480726383,1.0,1.0000000000000004,0.3685050910663734,0.6277920133134238,0.0,29.253142116983568,30,0.39913194444444444,0.6876041666666667,0.2884722222222222,61.322852450857894,14.77426381504413,{}
test,ram_heavy,homog,low,hybrid,1001,0.7,0.40846233444297275,0.6981670812484924,0.6981670812484924,18.16216216216216,50.0,8.0,12.0,906,906,0,906,728,178,0,1.0,0.8035320088300221,14.56,0.0,0.0,9.991686860758616,11.779019480726383,1.0,1.0000000000000004,0.3685050910663734,0.6277920133134238,0.0,28.245255335278156,30,0.39913194444444444,0.6876041666666667,0.28847222222222224,61.322852450857894,14.77426381504413,"{'alpha': 0.1, 'beta': 0.9, 'gamma': 0.0, 'source': 'phase3_tuning'}"
test,ram_heavy,homog,low,binpack,1002,0.7,0.40546332217015046,0.6901420918649721,0.6901420918649721,18.16216216216216,50.0,8.0,12.0,898,898,0,898,713,185,0,1.0,0.7939866369710468,14.26,0.0,0.0,9.96497887953012,11.794645595876796,1.0,1.0000000000000004,0.36626713869051924,0.6208647063233078,0.0,20.584206441672023,25,0.4154513888888889,0.7298958333333334,0.31444444444444447,61.36692098819273,14.633290794771652,{}
test,ram_heavy,homog,low,spread,1002,0.7,0.40546332217015046,0.6901420918649721,0.6901420918649721,18.16216216216216,50.0,8.0,12.0,898,898,0,898,713,185,0,1.0,0.7939866369710468,14.26,0.0,0.0,9.96497887953012,11.794645595876796,1.0,1.0000000000000004,0.36626713869051924,0.6208647063233078,0.0,29.568375496006333,30,0.4154513888888889,0.7298958333333334,0.32,61.36692098819273,14.633290794771652,{}
test,ram_heavy,homog,low,tetris,1002,0.7,0.40546332217015046,0.6901420918649721,0.6901420918649721,18.16216216216216,50.0,8.0,12.0,898,898,0,898,713,185,0,1.0,0.7939866369710468,14.26,0.0,0.0,9.96497887953012,11.794645595876796,1.0,1.0000000000000004,0.36626713869051924,0.6208647063233078,0.0,29.532486344566745,30,0.4154513888888889,0.7298958333333334,0.31444444444444447,61.36692098819273,14.633290794771652,{}
test,ram_heavy,homog,low,hybrid,1002,0.7,0.40546332217015046,0.6901420918649721,0.6901420918649721,18.16216216216216,50.0,8.0,12.0,898,898,0,898,713,185,0,1.0,0.7939866369710468,14.26,0.0,0.0,9.96497887953012,11.794645595876796,1.0,1.0000000000000004,0.36626713869051924,0.6208647063233078,0.0,28.891622718684353,30,0.4154513888888889,0.7298958333333334,0.3152777777777778,61.36692098819273,14.633290794771652,"{'alpha': 0.1, 'beta': 0.9, 'gamma': 0.0, 'source': 'phase3_tuning'}"
test,ram_heavy,homog,low,binpack,1003,0.7,0.3877344172246057,0.659284327208113,0.659284327208113,18.16216216216216,50.0,8.0,12.0,857,857,0,857,664,193,0,1.0,0.7747957992998833,13.28,0.0,0.0,9.988785069534627,11.832042282236934,1.0,1.0000000000000004,0.34515113649729523,0.5875239667964789,0.0,19.521142020669018,25,0.4314236111111111,0.7307291666666667,0.2997222222222222,61.095949782260554,14.027116413678101,{}
test,ram_heavy,homog,low,spread,1003,0.7,0.3877344172246057,0.659284327208113,0.659284327208113,18.16216216216216,50.0,8.0,12.0,857,857,0,857,664,193,0,1.0,0.7747957992998833,13.28,0.0,0.0,9.988785069534627,11.832042282236934,1.0,1.0000000000000004,0.34515113649729523,0.5875239667964789,0.0,29.598978517829377,30,0.4314236111111111,0.7307291666666667,0.32069444444444445,61.095949782260554,14.027116413678101,{}
test,ram_heavy,homog,low,tetris,1003,0.7,0.3877344172246057,0.659284327208113,0.659284327208113,18.16216216216216,50.0,8.0,12.0,857,857,0,857,664,193,0,1.0,0.7747957992998833,13.28,0.0,0.0,9.988785069534627,11.832042282236934,1.0,1.0000000000000004,0.34515113649729523,0.5875239667964789,0.0,29.410652713947307,30,0.4314236111111111,0.7307291666666667,0.29930555555555555,61.095949782260554,14.027116413678101,{}
test,ram_heavy,homog,low,hybrid,1003,0.7,0.3877344172246057,0.659284327208113,0.659284327208113,18.16216216216216,50.0,8.0,12.0,857,857,0,857,664,193,0,1.0,0.7747957992998833,13.28,0.0,0.0,9.988785069534627,11.832042282236934,1.0,1.0000000000000004,0.34515113649729523,0.5875239667964789,0.0,28.81715591628475,30,0.4314236111111111,0.7307291666666667,0.3012499999999999,61.095949782260554,14.027116413678101,"{'alpha': 0.1, 'beta': 0.9, 'gamma': 0.0, 'source': 'phase3_tuning'}"
test,ram_heavy,homog,low,binpack,1004,0.7,0.40701635861390845,0.6945591567048465,0.6945591567048465,18.16216216216216,50.0,8.0,12.0,901,901,0,901,736,165,0,1.0,0.8168701442841287,14.72,0.0,0.0,10.030642464689317,11.793377922357998,1.0,1.0000000000000004,0.36896782944063294,0.6322552830961926,0.0,21.046456721216476,22,0.3859375,0.6465625,0.260625,61.437221582221284,14.665376734105624,{}
test,ram_heavy,homog,low,spread,1004,0.7,0.40701635861390845,0.6945591567048465,0.6945591567048465,18.16216216216216,50.0,8.0,12.0,901,901,0,901,736,165,0,1.0,0.8168701442841287,14.72,0.0,0.0,10.030642464689317,11.793377922357998,1.0,1.0000000000000004,0.36896782944063294,0.6322552830961926,0.0,29.37283334685156,30,0.3859375,0.6465625,0.2764583333333333,61.437221582221284,14.665376734105624,{}
test,ram_heavy,homog,low,tetris,1004,0.7,0.40701635861390845,0.6945591567048465,0.6945591567048465,18.16216216216216,50.0,8.0,12.0,901,901,0,901,736,165,0,1.0,0.8168701442841287,14.72,0.0,0.0,10.030642464689317,11.793377922357998,1.0,1.0000000000000004,0.36896782944063294,0.6322552830961926,0.0,29.254014764588987,30,0.3859375,0.6465625,0.260625,61.437221582221284,14.665376734105624,{}
test,ram_heavy,homog,low,hybrid,1004,0.7,0.40701635861390845,0.6945591567048465,0.6945591567048465,18.16216216216216,50.0,8.0,12.0,901,901,0,901,736,165,0,1.0,0.8168701442841287,14.72,0.0,0.0,10.030642464689317,11.793377922357998,1.0,1.0000000000000004,0.36896782944063294,0.6322552830961926,0.0,28.392437175868984,30,0.3859375,0.6465625,0.2621527777777778,61.437221582221284,14.665376734105624,"{'alpha': 0.1, 'beta': 0.9, 'gamma': 0.0, 'source': 'phase3_tuning'}"
test,ram_heavy,homog,low,binpack,1005,0.7,0.40928338369288614,0.7004557456689392,0.7004557456689392,18.16216216216216,50.0,8.0,12.0,907,907,0,907,726,181,0,1.0,0.8004410143329658,14.52,0.0,0.0,10.001283003365106,11.778912526711522,1.0,1.0000000000000004,0.36969686292753035,0.6309919062786709,0.0,21.23310247120519,22,0.38298611111111114,0.6754166666666667,0.2924305555555556,61.086646529936885,14.847762179177804,{}
test,ram_heavy,homog,low,spread,1005,0.7,0.40928338369288614,0.7004557456689392,0.7004557456689392,18.16216216216216,50.0,8.0,12.0,907,907,0,907,726,181,0,1.0,0.8004410143329658,14.52,0.0,0.0,10.001283003365106,11.778912526711522,1.0,1.0000000000000004,0.36969686292753035,0.6309919062786709,0.0,29.468790867738175,30,0.38298611111111114,0.6754166666666667,0.30520833333333336,61.086646529936885,14.847762179177804,{}
test,ram_heavy,homog,low,tetris,1005,0.7,0.40928338369288614,0.7004557456689392,0.7004557456689392,18.16216216216216,50.0,8.0,12.0,907,907,0,907,726,181,0,1.0,0.8004410143329658,14.52,0.0,0.0,10.001283003365106,11.778912526711522,1.0,1.0000000000000004,0.36969686292753035,0.6309919062786709,0.0,29.43905696816804,30,0.38298611111111114,0.6754166666666667,0.2924305555555556,61.086646529936885,14.847762179177804,{}
test,ram_heavy,homog,low,hybrid,1005,0.7,0.40928338369288614,0.7004557456689392,0.7004557456689392,18.16216216216216,50.0,8.0,12.0,907,907,0,907,726,181,0,1.0,0.8004410143329658,14.52,0.0,0.0,10.001283003365106,11.778912526711522,1.0,1.0000000000000004,0.36969686292753035,0.6309919062786709,0.0,28.927458876603374,30,0.38298611111111114,0.6754166666666667,0.2928472222222222,61.086646529936885,14.847762179177804,"{'alpha': 0.1, 'beta': 0.9, 'gamma': 0.0, 'source': 'phase3_tuning'}"
test,ram_heavy,homog,low,binpack,1006,0.7,0.4123706380886434,0.702431575082144,0.702431575082144,18.16216216216216,50.0,8.0,12.0,911,911,0,911,728,183,0,1.0,0.7991218441273326,14.56,0.0,0.0,10.008302534537188,11.801850658465131,1.0,1.0000000000000002,0.3697076318233469,0.6306283466730523,0.0,20.919530554648762,22,0.39010416666666664,0.6878124999999999,0.29770833333333335,61.16683416701767,14.89369218476291,{}
test,ram_heavy,homog,low,spread,1006,0.7,0.4123706380886434,0.702431575082144,0.702431575082144,18.16216216216216,50.0,8.0,12.0,911,911,0,911,728,183,0,1.0,0.7991218441273326,14.56,0.0,0.0,10.008302534537188,11.801850658465131,1.0,1.0000000000000002,0.3697076318233469,0.6306283466730523,0.0,29.601032739386554,30,0.39010416666666664,0.6878124999999999,0.30451388888888886,61.16683416701767,14.89369218476291,{}
test,ram_heavy,homog,low,tetris,1006,0.7,0.4123706380886434,0.702431575082144,0.702431575082144,18.16216216216216,50.0,8.0,12.0,911,911,0,911,728,183,0,1.0,0.7991218441273326,14.56,0.0,0.0,10.008302534537188,11.801850658465131,1.0,1.0000000000000002,0.3697076318233469,0.6306283466730523,0.0,29.44968285798148,30,0.39010416666666664,0.6878124999999999,0.2977083333333333,61.16683416701767,14.89369218476291,{}
test,ram_heavy,homog,low,hybrid,1006,0.7,0.4123706380886434,0.702431575082144,0.702431575082144,18.16216216216216,50.0,8.0,12.0,911,911,0,911,728,183,0,1.0,0.7991218441273326,14.56,0.0,0.0,10.008302534537188,11.801850658465131,1.0,1.0000000000000002,0.3697076318233469,0.6306283466730523,0.0,28.69509546868163,30,0.39010416666666664,0.6878124999999999,0.29951388888888886,61.16683416701767,14.89369218476291,"{'alpha': 0.1, 'beta': 0.9, 'gamma': 0.0, 'source': 'phase3_tuning'}"
test,ram_heavy,homog,low,binpack,1007,0.7,0.4354623750657529,0.7454426367094499,0.7454426367094499,18.16216216216216,50.0,8.0,12.0,965,965,0,965,768,197,0,1.0,0.7958549222797927,15.36,0.0,0.0,10.024224828539825,11.862743449811,1.0,1.0000000000000004,0.39530912312421007,0.6795484270916856,0.0,22.32560903118854,28,0.4618055555555555,0.7552083333333334,0.29548611111111106,61.352217601461405,15.728852806406362,{}
test,ram_heavy,homog,low,spread,1007,0.7,0.4354623750657529,0.7454426367094499,0.7454426367094499,18.16216216216216,50.0,8.0,12.0,965,965,0,965,768,197,0,1.0,0.7958549222797927,15.36,0.00020193503610660096,0.0,10.024426763575931,11.862743449811,1.0000196739798795,1.0000000000000004,0.39529829716255216,0.6795224447837066,0.0038973461968573988,29.431053351563058,30,0.4618055555555555,0.7552083333333334,0.3099305555555556,61.352217601461405,15.728852806406362,{}
test,ram_heavy,homog,low,tetris,1007,0.7,0.4354623750657529,0.7454426367094499,0.7454426367094499,18.16216216216216,50.0,8.0,12.0,965,965,0,965,768,197,0,1.0,0.7958549222797927,15.36,0.0006492557318241781,0.0,10.02487408427165,11.862743449811,1.0000668073949766,1.0000000000000004,0.39527431580303174,0.6794648895208576,0.012530635624206638,29.176283912578864,30,0.4618055555555555,0.7552083333333334,0.29340277777777773,61.352217601461405,15.728852806406362,{}
test,ram_heavy,homog,low,hybrid,1007,0.7,0.4354623750657529,0.7454426367094499,0.7454426367094499,18.16216216216216,50.0,8.0,12.0,965,965,0,965,768,197,0,1.0,0.7958549222797927,15.36,0.00016427911870470853,0.0,10.02438910765853,11.862743449811,1.0000165053807608,1.0000000000000004,0.395300315938124,0.679527289845079,0.0031705869910008742,28.361970880914868,30,0.4618055555555555,0.7552083333333334,0.2934027777777778,61.352217601461405,15.728852806406362,"{'alpha': 0.1, 'beta': 0.9, 'gamma': 0.0, 'source': 'phase3_tuning'}"
test,ram_heavy,homog,low,binpack,1008,0.7,0.4036128620513588,0.6891865472791138,0.6891865472791138,18.16216216216216,50.0,8.0,12.0,893,893,0,893,717,176,0,1.0,0.8029115341545353,14.34,0.0,0.0,9.981440821631924,11.78879446054411,1.0,1.0000000000000004,0.3671679949464719,0.6229879787507098,0.0,20.76413708730507,24,0.3815972222222222,0.6627083333333333,0.28111111111111114,61.69811887233479,14.473698976913507,{}
test,ram_heavy,homog,low,spread,1008,0.7,0.4036128620513588,0.6891865472791138,0.6891865472791138,18.16216216216216,50.0,8.0,12.0,893,893,0,893,717,176,0,1.0,0.8029115341545353,14.34,0.0,0.0,9.981440821631924,11.78879446054411,1.0,1.0000000000000004,0.3671679949464719,0.6229879787507098,0.0,29.544922369688564,30,0.3815972222222222,0.6627083333333333,0.28111111111111114,61.69811887233479,14.473698976913507,{}
test,ram_heavy,homog,low,tetris,1008,0.7,0.4036128620513588,0.6891865472791138,0.6891865472791138,18.16216216216216,50.0,8.0,12.0,893,893,0,893,717,176,0,1.0,0.8029115341545353,14.34,0.0,0.0,9.981440821631924,11.78879446054411,1.0,1.0000000000000004,0.3671679949464719,0.6229879787507098,0.0,29.193734142021494,30,0.3815972222222222,0.6627083333333333,0.28111111111111114,61.69811887233479,14.473698976913507,{}
test,ram_heavy,homog,low,hybrid,1008,0.7,0.4036128620513588,0.6891865472791138,0.6891865472791138,18.16216216216216,50.0,8.0,12.0,893,893,0,893,717,176,0,1.0,0.8029115341545353,14.34,0.0,0.0,9.981440821631924,11.78879446054411,1.0,1.0000000000000004,0.3671679949464719,0.6229879787507098,0.0,28.30747732355524,30,0.3815972222222222,0.6627083333333333,0.28111111111111114,61.69811887233479,14.473698976913507,"{'alpha': 0.1, 'beta': 0.9, 'gamma': 0.0, 'source': 'phase3_tuning'}"
test,ram_heavy,homog,low,binpack,1009,0.7,0.42291127359226677,0.72272450041129,0.72272450041129,18.16216216216216,50.0,8.0,12.0,936,936,0,936,747,189,0,1.0,0.7980769230769231,14.94,0.0,0.0,10.004427694850222,11.837471450338498,1.0,1.0000000000000004,0.379303369885792,0.6546283843986003,0.0,21.907467206420993,24,0.4192708333333333,0.6640625,0.24479166666666666,61.668250968268026,15.177988434950548,{}
test,ram_heavy,homog,low,spread,1009,0.7,0.42291127359226677,0.72272450041129,0.72272450041129,18.16216216216216,50.0,8.0,12.0,936,936,0,936,747,189,0,1.0,0.7980769230769231,14.94,0.0,0.0,10.004427694850222,11.837471450338498,1.0,1.0000000000000004,0.379303369885792,0.6546283843986003,0.0,29.5628650820713,30,0.4192708333333333,0.6640625,0.2646527777777778,61.668250968268026,15.177988434950548,{}
test,ram_heavy,homog,low,tetris,1009,0.7,0.42291127359226677,0.72272450041129,0.72272450041129,18.16216216216216,50.0,8.0,12.0,936,936,0,936,747,189,0,1.0,0.7980769230769231,14.94,0.0,0.0,10.004427694850222,11.837471450338498,1.0,1.0000000000000004,0.379303369885792,0.6546283843986003,0.0,29.494995735099383,30,0.4192708333333333,0.6640625,0.24479166666666666,61.668250968268026,15.177988434950548,{}
test,ram_heavy,homog,low,hybrid,1009,0.7,0.42291127359226677,0.72272450041129,0.72272450041129,18.16216216216216,50.0,8.0,12.0,936,936,0,936,747,189,0,1.0,0.7980769230769231,14.94,0.0,0.0,10.004427694850222,11.837471450338498,1.0,1.0000000000000004,0.379303369885792,0.6546283843986003,0.0,28.497617326574126,30,0.4192708333333333,0.6640625,0.24479166666666666,61.668250968268026,15.177988434950548,"{'alpha': 0.1, 'beta': 0.9, 'gamma': 0.0, 'source': 'phase3_tuning'}"
test,ram_heavy,homog,med,binpack,1000,1.0,0.6199978099879347,1.0572252889612088,1.0572252889612088,25.945945945945944,50.0,8.0,12.0,1375,1375,0,1289,1031,258,86,0.9374545454545454,0.7498181818181818,20.62,1.0479381850946057,4.862852546122184,11.023954642516589,14.728599158596857,1.106788074417033,1.4616164903499884,0.5179299721710804,0.8893158190022398,25.659480081349553,27.281695026481835,30,0.5786458333333333,0.9840625000000001,0.40541666666666665,64.95004351523784,21.170116686333138,{}
test,ram_heavy,homog,med,spread,1000,1.0,0.6199978099879347,1.0572252889612088,1.0572252889612088,25.945945945945944,50.0,8.0,12.0,1375,1375,0,1289,1029,260,86,0.9374545454545454,0.7483636363636363,20.58,1.075378716158483,5.154491351150149,11.051395173580469,14.83204738206787,1.1096347160692714,1.4878885985277932,0.5177295110370548,0.8880265947512593,26.50786250112376,29.57544738098777,30,0.5852430555555556,0.9873958333333334,0.40215277777777775,65.26982377399231,21.066396697517792,{}
test,ram_heavy,homog,med,tetris,1000,1.0,0.6199978099879347,1.0572252889612088,1.0572252889612088,25.945945945945944,50.0,8.0,12.0,1375,1375,0,1291,1029,262,84,0.9389090909090909,0.7483636363636363,20.58,1.1107900125981007,5.321276856500674,11.086806470020086,15.03104481140955,1.1132804727046257,1.4955460337008906,0.5168780947965818,0.8859672169162234,27.307940253872292,29.39876161113408,30,0.5736111111111111,0.9891666666666666,0.41555555555555557,65.43346444394255,21.013712351696967,{}
test,ram_heavy,homog,med,hybrid,1000,1.0,0.6199978099879347,1.0572252889612088,1.0572252889612088,25.945945945945944,50.0,8.0,12.0,1375,1375,0,1288,1029,259,87,0.9367272727272727,0.7483636363636363,20.58,1.093688335846349,4.575695842587379,11.069704793268333,14.82800549139607,1.111303611853895,1.4870584791101067,0.5170416184678323,0.8879878590343955,26.701842494225126,29.000080110621834,30,0.5762152777777777,0.9876041666666667,0.4113888888888889,65.03867254656944,21.14126789742615,"{'alpha': 0.1, 'beta': 0.9, 'gamma': 0.0, 'source': 'phase3_tuning'}"
test,ram_heavy,homog,med,binpack,1001,1.0,0.5786931544757273,0.9853462954623058,0.9853462954623058,25.945945945945944,50.0,8.0,12.0,1279,1279,0,1258,1010,248,21,0.983580922595778,0.7896794370602033,20.2,0.2909937470203667,1.2279742713098685,10.30559398436553,12.168128487812956,1.0296259772150702,1.1282429362440787,0.5124757884585588,0.8647361728568095,7.188514945230731,26.9364486291397,30,0.5565972222222223,0.9670833333333333,0.4104861111111111,62.73492712644105,20.387367270263976,{}
test,ram_heavy,homog,med,spread,1001,1.0,0.5786931544757273,0.9853462954623058,0.9853462954623058,25.945945945945944,50.0,8.0,12.0,1279,1279,0,1258,1010,248,21,0.983580922595778,0.7896794370602033,20.2,0.3374340503887676,1.5342119223268398,10.35203428773393,12.262923015170745,1.0342607943995081,1.158501893620388,0.5116912432132128,0.8629138590736889,8.347863987622347,29.66966285392546,30,0.5576388888888889,0.9695833333333332,0.4119444444444444,62.837542283286474,20.354074228969143,{}
test,ram_heavy,homog,med,tetris,1001,1.0,0.5786931544757273,0.9853462954623058,0.9853462954623058,25.945945945945944,50.0,8.0,12.0,1279,1279,0,1257,1009,248,22,0.9827990617670055,0.7888975762314308,20.18,0.3495133269339821,1.4706117063500983,10.364113564279146,12.385991116786911,1.0354905341623875,1.1522163685192361,0.5114992360972811,0.8624253482956467,8.61270710662634,29.516450824173585,30,0.5576388888888889,0.9695833333333332,0.4119444444444445,62.94794910774203,20.31837443680424,{}
test,ram_heavy,homog,med,hybrid,1001,1.0,0.5786931544757273,0.9853462954623058,0.9853462954623058,25.945945945945944,50.0,8.0,12.0,1279,1279,0,1254,1009,245,25,0.980453479280688,0.7888975762314308,20.18,0.3462501667222012,1.594540772121043,10.360850404067365,12.336986642784709,1.0352258942735681,1.1591353111596443,0.5113113753825934,0.8620499999384292,8.508486091400549,29.001441587168987,30,0.5524305555555556,0.9570833333333333,0.40465277777777775,62.885202189409306,20.338648131362778,"{'alpha': 0.1, 'beta': 0.9, 'gamma': 0.0, 'source': 'phase3_tuning'}"
test,ram_heavy,homog,med,binpack,1002,1.0,0.5845884342515016,0.9996979837360568,0.9996979837360568,25.945945945945944,50.0,8.0,12.0,1306,1306,0,1286,1032,254,20,0.9846860643185299,0.7901990811638591,20.64,0.284297836764967,1.3244996899337949,10.240203472811439,12.156714673727098,1.0292206344245056,1.1348274521290829,0.5212365592696049,0.8833392256631727,7.252643047422797,27.371529986646703,30,0.5696180555555556,0.9686458333333333,0.39902777777777776,62.660938528752936,20.842330655496355,{}
test,ram_heavy,homog,med,spread,1002,1.0,0.5845884342515016,0.9996979837360568,0.9996979837360568,25.945945945945944,50.0,8.0,12.0,1306,1306,0,1288,1030,258,18,0.9862174578866769,0.7886676875957122,20.6,0.3625688304470062,1.5534884381512555,10.318474466493479,12.256360135555001,1.0372607671327787,1.1554959676404886,0.5197347148214796,0.8807094683334946,9.2189776011,29.697862847204377,30,0.5744791666666667,0.9803125,0.4058333333333333,63.04073466996151,20.716763642386617,{}
test,ram_heavy,homog,med,tetris,1002,1.0,0.5845884342515016,0.9996979837360568,0.9996979837360568,25.945945945945944,50.0,8.0,12.0,1306,1306,0,1287,1030,257,19,0.9854517611026034,0.7886676875957122,20.6,0.35765151319915306,1.732480053597392,10.313557149245627,12.279344612524113,1.0367842114853942,1.1728729660490878,0.5200585967647369,0.8807249091943309,9.044041989456748,29.56447006660486,30,0.5706597222222223,0.9711458333333333,0.40048611111111115,63.152308010263155,20.680162628225027,{}
test,ram_heavy,homog,med,hybrid,1002,1.0,0.5845884342515016,0.9996979837360568,0.9996979837360568,25.945945945945944,50.0,8.0,12.0,1306,1306,0,1285,1028,257,21,0.9839203675344563,0.7871362940275651,20.56,0.3770291960590602,1.6725200595162804,10.332934832105533,12.338539119656769,1.038803736154677,1.1683499620525375,0.519482326508918,0.8797880097200581,9.534052782094868,29.05370695025817,30,0.5706597222222223,0.9711458333333333,0.4004861111111111,63.11544316129058,20.69224162242728,"{'alpha': 0.1, 'beta': 0.9, 'gamma': 0.0, 'source': 'phase3_tuning'}"
test,ram_heavy,homog,med,binpack,1003,1.0,0.5583700916417649,0.9557743984789168,0.9557743984789168,25.945945945945944,50.0,8.0,12.0,1238,1238,0,1228,968,260,10,0.9919224555735057,0.7819063004846527,19.36,0.26212751446267313,1.1973420192416668,10.258032503658523,12.201247444545103,1.0265036053365126,1.1253064669428394,0.48910091156347596,0.8432038045610512,6.44060197116953,26.394636603129953,30,0.6144097222222222,0.9823958333333334,0.36840277777777775,61.958929330880125,19.980977937638198,{}
test,ram_heavy,homog,med,spread,1003,1.0,0.5583700916417649,0.9557743984789168,0.9557743984789168,25.945945945945944,50.0,8.0,12.0,1238,1238,0,1225,966,259,13,0.9894991922455574,0.7802907915993538,19.32,0.28587598727203106,1.1099952225357086,10.28178097646788,12.30906305386074,1.0287874080838662,1.1193927706357802,0.4883240522535469,0.841817608325152,6.989695619302092,29.719284962480533,30,0.6079861111111111,0.9747916666666666,0.36680555555555555,62.21397975218022,19.899064566057046,{}
test,ram_heavy,homog,med,tetris,1003,1.0,0.5583700916417649,0.9557743984789168,0.9557743984789168,25.945945945945944,50.0,8.0,12.0,1238,1238,0,1223,964,259,15,0.9878836833602584,0.778675282714055,19.28,0.30529490241868384,1.4029630514303264,10.301199891614534,12.361541669647316,1.030765700759317,1.15021047463267,0.48786512975417856,0.8406971546431378,7.459452395423694,29.6366530981467,30,0.6074652777777777,0.9813541666666666,0.3738888888888889,62.19164526123765,19.906210790850576,{}
test,ram_heavy,homog,med,hybrid,1003,1.0,0.5583700916417649,0.9557743984789168,0.9557743984789168,25.945945945945944,50.0,8.0,12.0,1238,1238,0,1224,967,257,14,0.9886914378029079,0.7810985460420032,19.34,0.29810928528773184,1.530317081707416,10.294014274483581,12.364156321678955,1.0301048972781908,1.1551159045476294,0.48778045449659346,0.8405059984444503,7.27186874443434,29.09460326835806,30,0.607638888888889,0.9739583333333334,0.3663194444444444,62.349240770120815,19.855895351868952,"{'alpha': 0.1, 'beta': 0.9, 'gamma': 0.0, 'source': 'phase3_tuning'}"
test,ram_heavy,homog,med,binpack,1004,1.0,0.5773091823309087,0.9799305380436099,0.9799305380436099,25.945945945945944,50.0,8.0,12.0,1270,1270,0,1257,1014,243,13,0.989763779527559,0.7984251968503937,20.28,0.36381531555930713,1.5299950266788933,10.39941120562419,12.30441408598945,1.0374166222605217,1.1572182219691503,0.5125167227668952,0.8664600843034015,9.11757473550908,26.85657591667374,30,0.5567708333333333,0.9753124999999999,0.4189583333333333,62.11117037200584,20.44720768250734,{}
test,ram_heavy,homog,med,spread,1004,1.0,0.5773091823309087,0.9799305380436099,0.9799305380436099,25.945945945945944,50.0,8.0,12.0,1270,1270,0,1251,1008,243,19,0.9850393700787402,0.7937007874015748,20.16,0.41978216025079096,1.7625023934682176,10.455378050315675,12.472054009199738,1.0430841570035096,1.1833160249237866,0.5118021425647274,0.8645146471536258,10.468437837765592,29.560983342796156,30,0.5598958333333334,0.9828125,0.42291666666666666,62.23594418069891,20.40621407321498,{}
test,ram_heavy,homog,med,tetris,1004,1.0,0.5773091823309087,0.9799305380436099,0.9799305380436099,25.945945945945944,50.0,8.0,12.0,1270,1270,0,1251,1009,242,19,0.9850393700787402,0.794488188976378,20.18,0.43424672105729883,1.753513483727808,10.469842611122182,12.453148258639722,1.0445398746046226,1.1781736745677476,0.5112829062471761,0.8637646366618398,10.80433578766435,29.448775519023343,30,0.5581597222222222,0.9786458333333333,0.42048611111111106,62.33993172845076,20.37217502149423,{}
test,ram_heavy,homog,med,hybrid,1004,1.0,0.5773091823309087,0.9799305380436099,0.9799305380436099,25.945945945945944,50.0,8.0,12.0,1270,1270,0,1247,1008,239,23,0.9818897637795275,0.7937007874015748,20.16,0.4243203334974929,1.7604955127412438,10.459916223562375,12.461228985716861,1.0435291992549123,1.1824419125702073,0.5110519447347295,0.8632267424574548,10.513221356022159,28.96113908383008,30,0.5477430555555556,0.9661458333333334,0.41840277777777773,62.421864379762795,20.34543525123762,"{'alpha': 0.1, 'beta': 0.9, 'gamma': 0.0, 'source': 'phase3_tuning'}"
test,ram_heavy,homog,med,binpack,1005,1.0,0.5847113378754177,0.9977178200537904,0.9977178200537904,25.945945945945944,50.0,8.0,12.0,1292,1292,0,1276,1015,261,16,0.9876160990712074,0.7856037151702786,20.3,0.3843362510477573,1.5664558704618443,10.426929158260112,12.37148626000693,1.0390730994276842,1.152189485448971,0.5220450704718509,0.8876933697162959,9.76599169245375,27.30044978874364,30,0.5838541666666667,0.9809375,0.39708333333333334,61.66883072725946,20.950616134009127,{}
test,ram_heavy,homog,med,spread,1005,1.0,0.5847113378754177,0.9977178200537904,0.9977178200537904,25.945945945945944,50.0,8.0,12.0,1292,1292,0,1272,1011,261,20,0.9845201238390093,0.7825077399380805,20.22,0.43442562007966806,1.6485804391159036,10.477018527292023,12.51247343008204,1.0440978827237941,1.1660595731400696,0.5209038530346022,0.8854999609908127,11.020225255244139,29.628153607416724,30,0.5854166666666667,0.98,0.3945833333333333,61.914130876521256,20.867611023672552,{}
test,ram_heavy,homog,med,tetris,1005,1.0,0.5847113378754177,0.9977178200537904,0.9977178200537904,25.945945945945944,50.0,8.0,12.0,1292,1292,0,1270,1011,259,22,0.9829721362229102,0.7825077399380805,20.22,0.46241409864785,1.7955568603094,10.505007005860206,12.527316811310023,1.047023952932498,1.1801780977713772,0.5207340865888056,0.8847762204997791,11.698999527341952,29.598995195344504,30,0.5850694444444444,0.9791666666666666,0.3940972222222222,62.0055688326533,20.83683811508892,{}
test,ram_heavy,homog,med,hybrid,1005,1.0,0.5847113378754177,0.9977178200537904,0.9977178200537904,25.945945945945944,50.0,8.0,12.0,1292,1292,0,1272,1011,261,20,0.9845201238390093,0.7825077399380805,20.22,0.476165278743238,1.7095523767361431,10.518758185955592,12.580563825659475,1.0483609976744512,1.173317140479806,0.5197762300589974,0.8840656000855052,12.068388951192569,29.216491206981413,30,0.5885416666666666,0.9875,0.399375,61.91216987175284,20.868271983945913,"{'alpha': 0.1, 'beta': 0.9, 'gamma': 0.0, 'source': 'phase3_tuning'}"
test,ram_heavy,homog,med,binpack,1006,1.0,0.5798782975802083,0.9920660116854019,0.9920660116854019,25.945945945945944,50.0,8.0,12.0,1287,1287,0,1264,1014,250,23,0.9821289821289821,0.7878787878787878,20.28,0.3478770444959377,1.6260540279553872,10.347374630700717,12.301151827142366,1.0353147774064317,1.1640524820143696,0.5179982876668019,0.8815416912803238,8.738033719261608,27.24233738563947,30,0.5293402777777778,0.9688541666666667,0.43951388888888887,61.81922239122146,20.818767208931416,{}
test,ram_heavy,homog,med,spread,1006,1.0,0.5798782975802083,0.9920660116854019,0.9920660116854019,25.945945945945944,50.0,8.0,12.0,1287,1287,0,1264,1012,252,23,0.9821289821289821,0.7863247863247863,20.24,0.375684508713943,1.8232852373953747,10.375182094918722,12.38776885068252,1.0380826020236853,1.1830559913303582,0.5174785584435727,0.8798794524283768,9.43628606607001,29.720722917570548,30,0.5416666666666666,0.975,0.43333333333333335,62.09191197543752,20.7273372498034,{}
test,ram_heavy,homog,med,tetris,1006,1.0,0.5798782975802083,0.9920660116854019,0.9920660116854019,25.945945945945944,50.0,8.0,12.0,1287,1287,0,1266,1014,252,21,0.9836829836829837,0.7878787878787878,20.28,0.3857621997384925,1.9263886430960397,10.385259785943273,12.404072604108357,1.0391609304581495,1.1990019361952349,0.5172719608115375,0.8793990996088118,9.718102763308693,29.581889195132845,30,0.5369791666666667,0.9715625,0.4345833333333333,62.11280666488633,20.720364593145458,{}
test,ram_heavy,homog,med,hybrid,1006,1.0,0.5798782975802083,0.9920660116854019,0.9920660116854019,25.945945945945944,50.0,8.0,12.0,1287,1287,0,1264,1011,253,23,0.9821289821289821,0.7855477855477856,20.22,0.4120931307431386,1.9261903224708874,10.411590716947918,12.529135356400253,1.0418040228853855,1.193747366959093,0.5171943276616117,0.879376131798934,10.377513093966689,29.15538150949931,30,0.5428819444444444,0.9732291666666666,0.4303472222222222,61.89473862386754,20.793366748360636,"{'alpha': 0.1, 'beta': 0.9, 'gamma': 0.0, 'source': 'phase3_tuning'}"
test,ram_heavy,homog,med,binpack,1007,1.0,0.6111252331863648,1.0439087799527045,1.0439087799527045,25.945945945945944,50.0,8.0,12.0,1348,1348,0,1283,1027,256,65,0.951780415430267,0.7618694362017804,20.54,1.3915593847256338,8.69124585648072,11.418766207789119,18.820738077299772,1.1409979638158327,1.8864896585933753,0.5199270986149355,0.8646880096079066,34.19191742574749,26.545583272037728,30,0.5585069444444444,0.9857291666666667,0.42763888888888885,66.2518280510293,20.346608382816648,{}
test,ram_heavy,homog,med,spread,1007,1.0,0.6111252331863648,1.0439087799527045,1.0439087799527045,25.945945945945944,50.0,8.0,12.0,1348,1348,0,1276,1023,253,72,0.9465875370919882,0.7589020771513353,20.46,1.4763921488735625,8.84316590882922,11.503598971937048,18.92025406411694,1.1495695943085251,1.889604861629973,0.5181169561018579,0.8618979198419214,36.31272823845338,29.60173734609416,30,0.5444444444444444,0.9879166666666667,0.4434722222222222,66.39455811744266,20.30286876246058,{}
test,ram_heavy,homog,med,tetris,1007,1.0,0.6111252331863648,1.0439087799527045,1.0439087799527045,25.945945945945944,50.0,8.0,12.0,1348,1348,0,1280,1025,255,68,0.9495548961424333,0.7603857566765578,20.5,1.4678345508982447,8.949412173372352,11.49504137396173,19.052088322857657,1.1487162492182377,1.89829544273071,0.5182834991856321,0.8612864187514124,35.9709319349597,29.504136118414426,30,0.5526041666666667,0.9871875,0.4345833333333333,66.63646131801296,20.22916543492403,{}
test,ram_heavy,homog,med,hybrid,1007,1.0,0.6111252331863648,1.0439087799527045,1.0439087799527045,25.945945945945944,50.0,8.0,12.0,1348,1348,0,1287,1029,258,61,0.9547477744807121,0.7633531157270029,20.58,1.431194672877573,8.891439821141276,11.458401495941057,18.93513613459033,1.1449929180343619,1.9000512499231208,0.5193223371153504,0.8631416130274459,35.119176940093645,28.816617164610452,30,0.5552083333333333,0.9856250000000001,0.43041666666666667,66.39129735593997,20.303865923466486,"{'alpha': 0.1, 'beta': 0.9, 'gamma': 0.0, 'source': 'phase3_tuning'}"
test,ram_heavy,homog,med,binpack,1008,1.0,0.5917087235868723,1.011717280812046,1.011717280812046,25.945945945945944,50.0,8.0,12.0,1314,1314,0,1289,1024,265,25,0.9809741248097412,0.7792998477929984,20.48,0.4883032980975957,1.8954723714637325,10.483683031456772,12.660953934452074,1.0495164902616057,1.1994245113068962,0.5144233989680681,0.8809561995259605,12.368647960090437,27.11352464152472,30,0.6001736111111111,0.9763541666666666,0.3765972222222222,63.589762188226324,20.663703633779082,{}
test,ram_heavy,homog,med,spread,1008,1.0,0.5917087235868723,1.011717280812046,1.011717280812046,25.945945945945944,50.0,8.0,12.0,1314,1314,0,1282,1017,265,32,0.9756468797564688,0.773972602739726,20.34,0.5803573917122357,2.140756466109586,10.575737125071413,12.811295183894622,1.0588810387841214,1.2186265861232695,0.5127069212370065,0.8778067580246655,14.64987130015133,29.681445658782046,30,0.5949652777777777,0.9763541666666666,0.3813888888888889,64.0176141550499,20.525600920045342,{}
test,ram_heavy,homog,med,tetris,1008,1.0,0.5917087235868723,1.011717280812046,1.011717280812046,25.945945945945944,50.0,8.0,12.0,1314,1314,0,1282,1015,267,32,0.9756468797564688,0.7724505327245054,20.3,0.6146326453204365,2.3677999433299917,10.610012378679615,12.961071386303004,1.0624368654349405,1.2386874635707368,0.5118208667357755,0.876014322293113,15.574566231409484,29.539681284386894,30,0.5953125,0.9771875,0.38187499999999996,64.08512453494293,20.503978256038668,{}
test,ram_heavy,homog,med,hybrid,1008,1.0,0.5917087235868723,1.011717280812046,1.011717280812046,25.945945945945944,50.0,8.0,12.0,1314,1314,0,1284,1016,268,30,0.9771689497716894,0.7732115677321156,20.32,0.5864705511355707,2.128228514900613,10.581850284494747,12.905201450091916,1.0594606262786237,1.210719181873275,0.5125966008952899,0.8771401747274453,14.823626539923978,28.941164631044888,30,0.5986111111111111,0.9804166666666667,0.3818055555555555,64.21509520338489,20.46247842253042,"{'alpha': 0.1, 'beta': 0.9, 'gamma': 0.0, 'source': 'phase3_tuning'}"
test,ram_heavy,homog,med,binpack,1009,1.0,0.595649016798996,1.0195203629523935,1.0195203629523935,25.945945945945944,50.0,8.0,12.0,1319,1319,0,1286,1036,250,33,0.974981046247157,0.7854435178165277,20.72,0.7145309106794938,2.4076478049898355,10.73157567994278,13.35612497386336,1.0722310343330177,1.257027274164359,0.5261655216367742,0.8840041526349488,18.262425760651688,27.150224133905994,30,0.5454861111111111,0.9810416666666666,0.43555555555555553,63.29806806591068,20.837918759646165,{}
test,ram_heavy,homog,med,spread,1009,1.0,0.595649016798996,1.0195203629523935,1.0195203629523935,25.945945945945944,50.0,8.0,12.0,1319,1319,0,1285,1035,250,34,0.9742228961334344,0.7846853677028052,20.7,0.8027589567515863,3.210291763822468,10.819803726014873,13.62571436495088,1.0811366118801882,1.3016598489819526,0.5247106793973041,0.8805876996849891,20.37945312310978,29.69400555744997,30,0.5381944444444444,0.9760416666666667,0.4378472222222222,63.780427877973985,20.680325358173164,{}
test,ram_heavy,homog,med,tetris,1009,1.0,0.595649016798996,1.0195203629523935,1.0195203629523935,25.945945945945944,50.0,8.0,12.0,1319,1319,0,1274,1028,246,45,0.9658832448824868,0.7793783169067475,20.56,0.8725640057102263,2.805735188822183,10.889608774973514,13.807102515366736,1.0882756820634714,1.2913939708780529,0.5227430015366753,0.8774221006435095,22.02523593014912,29.627729869856537,30,0.534375,0.966875,0.4325,63.5114130947975,20.76792084646665,{}
test,ram_heavy,homog,med,hybrid,1009,1.0,0.595649016798996,1.0195203629523935,1.0195203629523935,25.945945945945944,50.0,8.0,12.0,1319,1319,0,1283,1034,249,36,0.9727065959059894,0.7839272175890827,20.68,0.8081512891631054,2.8221013517790148,10.825196058426393,13.607130752169248,1.0817396584969197,1.295543078088075,0.5242503948352389,0.8802559132819495,20.55038254490319,29.016116582175897,30,0.54375,0.9768749999999999,0.4331249999999999,63.41099644348854,20.80080859753535,"{'alpha': 0.1, 'beta': 0.9, 'gamma': 0.0, 'source': 'phase3_tuning'}"
test,ram_heavy,homog,high,binpack,1000,1.3,0.7887227661843687,1.3431693490002372,1.3431693490002372,33.729729729729726,50.0,8.0,12.0,1753,1753,0,1398,1121,277,355,0.7974900171135196,0.6394751853964632,22.42,6.290811677379716,18.294285339132905,16.255441523922368,28.23440849091419,1.6413013137422026,2.832151982252187,0.551727476638754,0.9149921925887248,163.29475662848319,27.83813695985099,30,0.5772569444444444,0.9901041666666667,0.4128472222222222,78.80884899831476,22.24369499467612,{}
test,ram_heavy,homog,high,spread,1000,1.3,0.7887227661843687,1.3431693490002372,1.3431693490002372,33.729729729729726,50.0,8.0,12.0,1753,1753,0,1402,1125,277,351,0.7997718197375927,0.6417569880205363,22.5,6.214955862062277,18.879380251775657,16.17958570860493,28.349825487658862,1.63373028876005,2.8804405024933106,0.5528270043222439,0.9115075841162201,159.8750266688261,29.673421062298303,30,0.5944444444444444,0.9891666666666666,0.39472222222222225,78.79914268094016,22.24643492757204,{}
test,ram_heavy,homog,high,tetris,1000,1.3,0.7887227661843687,1.3431693490002372,1.3431693490002372,33.729729729729726,50.0,8.0,12.0,1753,1753,0,1404,1131,273,349,0.8009127210496292,0.6451796919566457,22.62,6.132363778227604,17.883090125172707,16.096993624770256,28.222093732078278,1.6254490790128604,2.91798187029865,0.5561943503126062,0.9119410423706832,155.60233264013723,29.605037014296776,30,0.6072916666666667,0.98875,0.38145833333333334,78.6907668732474,22.277073532955615,{}
test,ram_heavy,homog,high,hybrid,1000,1.3,0.7887227661843687,1.3431693490002372,1.3431693490002372,33.729729729729726,50.0,8.0,12.0,1753,1753,0,1403,1130,273,350,0.8003422703936109,0.6446092413006275,22.6,6.136004890049587,18.37906338254431,16.100634736592237,28.08519747853125,1.6257279606996742,2.888636079009875,0.5561905423254033,0.9125276706357849,156.78342664821616,29.24745486109159,30,0.6026041666666667,0.9853124999999999,0.3827083333333333,78.60375240165254,22.301734286710026,"{'alpha': 0.1, 'beta': 0.9, 'gamma': 0.0, 'source': 'phase3_tuning'}"
test,ram_heavy,homog,high,binpack,1001,1.3,0.7473272728937034,1.2779278759174397,1.2779278759174397,33.729729729729726,50.0,8.0,12.0,1649,1649,0,1359,1093,266,290,0.8241358399029715,0.6628259551243177,21.86,5.37401654601767,13.093668072425189,15.412114145998432,23.146760297441645,1.5410862988281504,2.2838175234541382,0.5480924759496788,0.9089356485202241,139.58980622193425,27.688712889952804,30,0.576388888888889,0.9864583333333333,0.41006944444444443,76.07427457899686,21.676184349121193,{}
test,ram_heavy,homog,high,spread,1001,1.3,0.7473272728937034,1.2779278759174397,1.2779278759174397,33.729729729729726,50.0,8.0,12.0,1649,1649,0,1363,1088,275,286,0.8265615524560339,0.6597938144329897,21.76,5.38613789297574,13.573219258372937,15.424235492956504,23.690564503358807,1.542306915358742,2.3291247556431496,0.5504331190089338,0.906566904810922,139.81113851784576,29.745894503019617,30,0.5987847222222222,0.9855208333333334,0.3867361111111111,76.1516311284042,21.654165190756245,{}
test,ram_heavy,homog,high,tetris,1001,1.3,0.7473272728937034,1.2779278759174397,1.2779278759174397,33.729729729729726,50.0,8.0,12.0,1649,1649,0,1363,1096,267,286,0.8265615524560339,0.6646452395391146,21.92,5.307171233248335,13.85502388826486,15.345268833229099,23.689402001626966,1.5343568313402194,2.3207832447048427,0.5479483040013856,0.9094338040302202,138.09036156087745,29.48607658241045,30,0.5682291666666667,0.9871875,0.4189583333333333,75.70747288156056,21.78120517349395,{}
test,ram_heavy,homog,high,hybrid,1001,1.3,0.7473272728937034,1.2779278759174397,1.2779278759174397,33.729729729729726,50.0,8.0,12.0,1649,1649,0,1362,1095,267,287,0.8259551243177683,0.664038811400849,21.9,5.321447855594589,13.85502388826486,15.359545455575352,23.547198191649812,1.5358577877673005,2.3207832447048427,0.5482990295705928,0.9084114377220793,138.44485634910131,29.12776309008492,30,0.5770833333333333,0.988125,0.41104166666666664,75.72867501494274,21.77510698126727,"{'alpha': 0.1, 'beta': 0.9, 'gamma': 0.0, 'source': 'phase3_tuning'}"
test,ram_heavy,homog,high,binpack,1002,1.3,0.7656567941338107,1.3096736892738539,1.3096736892738539,33.729729729729726,50.0,8.0,12.0,1701,1701,0,1391,1122,269,310,0.8177542621987066,0.6596119929453262,22.44,5.3008499130399125,16.750111286972682,15.27618499962622,26.599381687388913,1.5362416317439316,2.6251257626986657,0.5505945481571451,0.9171593765204227,137.87840937478146,27.96884484712788,30,0.624826388888889,0.9886458333333333,0.3638194444444444,77.00211655062739,22.090301879970088,{}
test,ram_heavy,homog,high,spread,1002,1.3,0.7656567941338107,1.3096736892738539,1.3096736892738539,33.729729729729726,50.0,8.0,12.0,1701,1701,0,1395,1123,272,306,0.8201058201058201,0.6601998824221046,22.46,5.250854659814632,16.82076313464858,15.226189746400939,26.690735330559058,1.5310967610364037,2.618965445746583,0.5522982066537862,0.9170386557191686,136.3708791472248,29.76758680554185,30,0.6305555555555556,0.9883333333333333,0.35777777777777775,76.95852158586739,22.102815451075017,{}
test,ram_heavy,homog,high,tetris,1002,1.3,0.7656567941338107,1.3096736892738539,1.3096736892738539,33.729729729729726,50.0,8.0,12.0,1701,1701,0,1388,1122,266,313,0.8159905937683716,0.6596119929453262,22.44,5.2621821347585005,16.536854127346267,15.237517221344808,26.325653471551988,1.532166853095688,2.5837380802428784,0.5501146374753901,0.9164961607103669,136.31536899788338,29.76758680554186,30,0.623263888888889,0.9895833333333334,0.3663194444444445,76.92046352350845,22.11375129688526,{}
test,ram_heavy,homog,high,hybrid,1002,1.3,0.7656567941338107,1.3096736892738539,1.3096736892738539,33.729729729729726,50.0,8.0,12.0,1701,1701,0,1387,1121,266,314,0.8154027042915932,0.6590241034685479,22.42,5.27131244144674,16.532395612507614,15.246647528033048,26.3351818776448,1.5330699667752197,2.563297115766569,0.5452365767634084,0.9164964108529416,136.29697839766996,29.38421326813149,30,0.6003472222222223,0.9908333333333333,0.39048611111111114,76.93927163958676,22.108345500957434,"{'alpha': 0.1, 'beta': 0.9, 'gamma': 0.0, 'source': 'phase3_tuning'}"
test,ram_heavy,homog,high,binpack,1003,1.3,0.7398012768135442,1.2618133858115173,1.2618133858115173,33.729729729729726,50.0,8.0,12.0,1635,1635,0,1386,1114,272,249,0.8477064220183487,0.6813455657492354,22.28,3.861281618324025,13.156347505566991,13.853947021851504,22.7946746771418,1.3903579391009517,2.276340723912325,0.5516040301749895,0.9108130821118675,94.44388896860222,27.75959773103843,30,0.6081597222222223,0.9861458333333334,0.37798611111111113,75.00073487516633,21.799786398377925,{}
test,ram_heavy,homog,high,spread,1003,1.3,0.7398012768135442,1.2618133858115173,1.2618133858115173,33.729729729729726,50.0,8.0,12.0,1635,1635,0,1384,1110,274,251,0.8464831804281345,0.6788990825688074,22.2,3.910787383479715,14.772337288969311,13.903452787007195,24.058443466374804,1.3952353918105962,2.37751911927613,0.5492503300925069,0.9073176745291996,96.52944812820151,29.7840653557543,30,0.5949652777777777,0.9857291666666667,0.39118055555555553,75.04755427224949,21.786186316861468,{}
test,ram_heavy,homog,high,tetris,1003,1.3,0.7398012768135442,1.2618133858115173,1.2618133858115173,33.729729729729726,50.0,8.0,12.0,1635,1635,0,1384,1111,273,251,0.8464831804281345,0.6795107033639144,22.22,3.9836755857378754,13.753815159161313,13.976340989265355,23.324928745778813,1.4029475857346994,2.294503578398264,0.5480874517651774,0.9092160621851326,98.1479257473289,29.657545816697667,30,0.5890625,0.9871875,0.398125,75.13887967364,21.7597069200592,{}
test,ram_heavy,homog,high,hybrid,1003,1.3,0.7398012768135442,1.2618133858115173,1.2618133858115173,33.729729729729726,50.0,8.0,12.0,1635,1635,0,1376,1104,272,259,0.8415902140672783,0.6752293577981652,22.08,4.003989072175654,13.887395268233362,13.996654475703133,23.42113087338084,1.404999152234218,2.3012664570925945,0.5467199398429063,0.9090224538544345,98.843773956893,29.21830104581501,30,0.5894097222222222,0.9880208333333333,0.39902777777777776,75.00227248387131,21.799339484701544,"{'alpha': 0.1, 'beta': 0.9, 'gamma': 0.0, 'source': 'phase3_tuning'}"
test,ram_heavy,homog,high,binpack,1004,1.3,0.7509924718092341,1.2830178273833421,1.2830178273833421,33.729729729729726,50.0,8.0,12.0,1656,1656,0,1374,1102,272,282,0.8297101449275363,0.6654589371980676,22.04,5.15555775115872,14.807915781544558,15.201325987776906,24.993517340194188,1.519065677166439,2.4840621484063634,0.5524350240603689,0.9033259836718338,131.30858730325303,27.610307453626433,30,0.5831597222222222,0.9855208333333334,0.4023611111111111,75.87997161728447,21.82394068822747,{}
test,ram_heavy,homog,high,spread,1004,1.3,0.7509924718092341,1.2830178273833421,1.2830178273833421,33.729729729729726,50.0,8.0,12.0,1656,1656,0,1373,1102,271,283,0.8291062801932367,0.6654589371980676,22.04,5.09286726751614,14.998345093001227,15.138635504134326,25.10002071525866,1.5128623504183865,2.4900509503564656,0.5529023944022218,0.9033922648021989,129.747421272864,29.6622948790739,30,0.5809027777777778,0.9879166666666667,0.4070138888888889,76.27355047599168,21.711327054602663,{}
test,ram_heavy,homog,high,tetris,1004,1.3,0.7509924718092341,1.2830178273833421,1.2830178273833421,33.729729729729726,50.0,8.0,12.0,1656,1656,0,1382,1109,273,274,0.8345410628019324,0.6696859903381642,22.18,4.974840835364514,15.92828357892241,15.020609071982701,25.516663499959016,1.5008778795692939,2.5121969489151477,0.5540650424701363,0.9039735518948959,126.91501742888964,29.509583261580826,30,0.5770833333333333,0.9912500000000001,0.4141666666666666,76.08193486095881,21.766007962683542,{}
test,ram_heavy,homog,high,hybrid,1004,1.3,0.7509924718092341,1.2830178273833421,1.2830178273833421,33.729729729729726,50.0,8.0,12.0,1656,1656,0,1379,1108,271,277,0.8327294685990339,0.6690821256038647,22.16,5.011263405674585,16.049696235814068,15.05703164229277,25.704788204483755,1.5044803494462278,2.5115715220297696,0.5533906608881446,0.902027852251269,127.41965174361638,29.014266779150788,30,0.578298611111111,0.9894791666666667,0.4111805555555555,76.31896826140681,21.698406539353215,"{'alpha': 0.1, 'beta': 0.9, 'gamma': 0.0, 'source': 'phase3_tuning'}"
test,ram_heavy,homog,high,binpack,1005,1.3,0.7515574619146254,1.2812107075627124,1.2812107075627124,33.729729729729726,50.0,8.0,12.0,1654,1654,0,1391,1115,276,263,0.8409915356711004,0.6741233373639661,22.3,5.141856886994939,16.598131227614935,15.183312139347771,26.10066584660433,1.5169252938071107,2.5586388839639627,0.5606320723434317,0.915605379454809,134.82643465276658,27.994089342177418,30,0.5802083333333333,0.9831249999999999,0.40291666666666665,76.25346245765648,21.690818314230196,{}
test,ram_heavy,homog,high,spread,1005,1.3,0.7515574619146254,1.2812107075627124,1.2812107075627124,33.729729729729726,50.0,8.0,12.0,1654,1654,0,1392,1116,276,262,0.841596130592503,0.6747279322853688,22.32,5.1311107594333984,16.3876440629369,15.17256601178623,25.977856857279427,1.515821917930403,2.547259853904196,0.5599997979827894,0.9147040745644417,134.55357747439245,29.713964313397533,30,0.5802083333333333,0.9831249999999999,0.4029166666666667,76.01965381546023,21.757531335450828,{}
test,ram_heavy,homog,high,tetris,1005,1.3,0.7515574619146254,1.2812107075627124,1.2812107075627124,33.729729729729726,50.0,8.0,12.0,1654,1654,0,1395,1121,274,259,0.843409915356711,0.6777509068923822,22.42,4.991907890762325,16.56353639828751,15.033363143115158,26.17189883039265,1.5018592525864534,2.5607253536045578,0.5614728157018241,0.9158883255957428,130.81414135837542,29.603452998739282,30,0.5741319444444444,0.9919791666666666,0.4178472222222222,75.95001236794072,21.777481641308732,{}
test,ram_heavy,homog,high,hybrid,1005,1.3,0.7515574619146254,1.2812107075627124,1.2812107075627124,33.729729729729726,50.0,8.0,12.0,1654,1654,0,1391,1117,274,263,0.8409915356711004,0.6753325272067715,22.34,5.044866304892319,16.992877043619565,15.086321557245151,26.36733578296659,1.5072763302925511,2.57983904277446,0.5607719654693158,0.9163320007632201,132.76626903547177,29.2816836728755,30,0.578298611111111,0.9863541666666666,0.40805555555555556,75.84526756209263,21.807557058796206,"{'alpha': 0.1, 'beta': 0.9, 'gamma': 0.0, 'source': 'phase3_tuning'}"
test,ram_heavy,homog,high,binpack,1006,1.3,0.766004909396904,1.3110836723185428,1.3110836723185428,33.729729729729726,50.0,8.0,12.0,1703,1703,0,1366,1094,272,337,0.8021139166177335,0.6423957721667646,21.88,5.778138909148201,15.534162523137404,15.774827151684217,25.46571326990467,1.58691054278733,2.5511179363274814,0.548617729637799,0.911978774243105,149.14163826463556,27.869533743187695,30,0.6045138888888889,0.9852083333333332,0.3806944444444444,77.3864140742762,22.006446743551713,{}
test,ram_heavy,homog,high,spread,1006,1.3,0.766004909396904,1.3110836723185428,1.3110836723185428,33.729729729729726,50.0,8.0,12.0,1703,1703,0,1373,1102,271,330,0.806224310041104,0.6470933646506165,22.04,5.533619607433855,16.14478195837865,15.53030784996987,25.564436293884043,1.5617698305071759,2.581103525511539,0.555948891172834,0.9156467177953561,143.02036369215236,29.78517147505425,30,0.5996527777777777,0.9891666666666666,0.38993055555555556,76.97674878382632,22.12356363325414,{}
test,ram_heavy,homog,high,tetris,1006,1.3,0.766004909396904,1.3110836723185428,1.3110836723185428,33.729729729729726,50.0,8.0,12.0,1703,1703,0,1368,1099,269,335,0.8032883147386964,0.6453317674691721,21.98,5.525307469592467,15.325853044800816,15.521995712128483,25.260202682793143,1.5609903770572324,2.532204099339383,0.5522833471452363,0.9151127318037046,142.2767198394676,29.74918498125644,30,0.6034722222222223,0.9889583333333333,0.3854861111111111,77.15540344401704,22.072336142155937,{}
test,ram_heavy,homog,high,hybrid,1006,1.3,0.766004909396904,1.3110836723185428,1.3110836723185428,33.729729729729726,50.0,8.0,12.0,1703,1703,0,1365,1098,267,338,0.8015267175572519,0.6447445684086905,21.96,5.575999030554773,15.325853044800816,15.57268727309079,25.27034125864339,1.566052427300892,2.5350199983275807,0.5529494434288702,0.9161084066441292,143.69135160704116,29.43068647978948,30,0.5953125,0.9896875,0.394375,77.09683350377706,22.089104345855763,"{'alpha': 0.1, 'beta': 0.9, 'gamma': 0.0, 'source': 'phase3_tuning'}"
test,ram_heavy,homog,high,binpack,1007,1.3,0.7852911606332673,1.3431092712438177,1.3431092712438177,33.729729729729726,50.0,8.0,12.0,1744,1744,0,1381,1101,280,363,0.7918577981651376,0.6313073394495413,22.02,7.053266892490868,19.565612431759646,17.05672778432379,28.683606750854764,1.7189956455630946,2.912893140635061,0.5410428710347152,0.9035112676942824,186.66808921298176,27.56639739982201,30,0.6038194444444444,0.9897916666666667,0.3859722222222222,79.5963815541638,21.91054374517316,{}
test,ram_heavy,homog,high,spread,1007,1.3,0.7852911606332673,1.3431092712438177,1.3431092712438177,33.729729729729726,50.0,8.0,12.0,1744,1744,0,1380,1101,279,364,0.7912844036697247,0.6313073394495413,22.02,7.02238654085729,19.808245336219677,17.025847432690213,28.875845472684574,1.7158843291943657,2.933352860676973,0.5401989413838433,0.9026253268147453,185.0155139922311,29.693644112380017,30,0.6088541666666667,0.9878125,0.37895833333333334,79.7145571159822,21.87806171290062,{}
test,ram_heavy,homog,high,tetris,1007,1.3,0.7852911606332673,1.3431092712438177,1.3431092712438177,33.729729729729726,50.0,8.0,12.0,1744,1744,0,1371,1095,276,373,0.7861238532110092,0.6278669724770642,21.9,7.085840747470493,19.435546105831165,17.089301639303415,28.490944335935325,1.7221796061279604,2.872095146468273,0.5387184902057444,0.904027376162427,186.91705366009757,29.4805529666997,30,0.6067708333333334,0.9890625,0.38229166666666664,79.50289399786965,21.93630838201603,{}
test,ram_heavy,homog,high,hybrid,1007,1.3,0.7852911606332673,1.3431092712438177,1.3431092712438177,33.729729729729726,50.0,8.0,12.0,1744,1744,0,1386,1106,280,358,0.7947247706422018,0.6341743119266054,22.12,7.027072644277578,19.855742536814887,17.0305335361105,28.963152443466278,1.7163179594076547,2.9122854226773542,0.5414814971446656,0.9033756121247798,185.28353879238279,29.10049857129138,30,0.618923611111111,0.9869791666666666,0.3680555555555555,79.77331638125686,21.861946815210523,"{'alpha': 0.1, 'beta': 0.9, 'gamma': 0.0, 'source': 'phase3_tuning'}"
test,ram_heavy,homog,high,binpack,1008,1.3,0.7634263362480501,1.3075774222296708,1.3075774222296708,33.729729729729726,50.0,8.0,12.0,1697,1697,0,1374,1098,276,323,0.8096641131408367,0.6470241602828521,21.96,5.590600195125618,15.434740910949152,15.575062549403446,25.675745103095224,1.5686050822026374,2.634268092235618,0.5569024897520963,0.9106689586436596,142.66373768347364,27.78428248566667,30,0.6072916666666667,0.98875,0.38145833333333334,77.34517065872,21.94060709346535,{}
test,ram_heavy,homog,high,spread,1008,1.3,0.7634263362480501,1.3075774222296708,1.3075774222296708,33.729729729729726,50.0,8.0,12.0,1697,1697,0,1374,1098,276,323,0.8096641131408367,0.6470241602828521,21.96,5.577627475375449,15.552126260744451,15.562089829653276,25.8359809520734,1.567365390450269,2.6386037302073344,0.5564570166536442,0.9102983689129636,142.12501278832482,29.75495819906311,30,0.6052083333333333,0.99,0.38479166666666664,77.17056896175791,21.99024865089375,{}
test,ram_heavy,homog,high,tetris,1008,1.3,0.7634263362480501,1.3075774222296708,1.3075774222296708,33.729729729729726,50.0,8.0,12.0,1697,1697,0,1370,1097,273,327,0.807307012374779,0.6464348850913376,21.94,5.644092179529598,15.634444695955665,15.628554533807426,25.954726077730292,1.5739613605696297,2.642618843569083,0.554235011703198,0.9092596254031341,144.09819311550558,29.732502582089367,30,0.6083333333333333,0.988125,0.3797916666666667,77.27532122396248,21.960439285417987,{}
test,ram_heavy,homog,high,hybrid,1008,1.3,0.7634263362480501,1.3075774222296708,1.3075774222296708,33.729729729729726,50.0,8.0,12.0,1697,1697,0,1371,1098,273,326,0.8078962875662935,0.6470241602828521,21.96,5.521359261979883,15.774302437840888,15.50582161625771,25.770754956114196,1.561624172473079,2.6190368260070533,0.5545970881425499,0.9109003351094566,141.28306710671876,29.374469163830152,30,0.6114583333333333,0.989375,0.3783333333333333,76.89887767540945,22.06794235883449,"{'alpha': 0.1, 'beta': 0.9, 'gamma': 0.0, 'source': 'phase3_tuning'}"
test,ram_heavy,homog,high,binpack,1009,1.3,0.7675572186946262,1.3136339772309185,1.3136339772309185,33.729729729729726,50.0,8.0,12.0,1703,1703,0,1395,1121,274,308,0.819142689371697,0.6582501467997651,22.42,5.712483204849285,19.72529004934117,15.713261167786124,29.066977899321422,1.5791466550011557,2.8586195457652237,0.5565202970823774,0.9140536741928887,149.81394806816644,27.8826422911149,30,0.5855902777777777,0.9882291666666667,0.4026388888888889,77.19498115501936,22.06101969997395,{}
test,ram_heavy,homog,high,spread,1009,1.3,0.7675572186946262,1.3136339772309185,1.3136339772309185,33.729729729729726,50.0,8.0,12.0,1703,1703,0,1398,1125,273,305,0.8209042865531415,0.6605989430416911,22.5,5.654289429410321,19.730612761495806,15.65506739234716,29.119808648271515,1.573391404700541,2.8594756575755276,0.5586602929330244,0.9131059606521,147.50832756383724,29.764619659576873,30,0.584375,0.986875,0.40249999999999997,77.16452257648643,22.069727682329212,{}
test,ram_heavy,homog,high,tetris,1009,1.3,0.7675572186946262,1.3136339772309185,1.3136339772309185,33.729729729729726,50.0,8.0,12.0,1703,1703,0,1392,1117,275,311,0.8173810921902525,0.6559013505578392,22.34,5.60739746913017,20.211575150790885,15.608175432067007,29.92152340592674,1.5685122042059338,2.9380214651524224,0.5584492965165373,0.9155923136146731,147.65476179307498,29.707084997710826,30,0.599826388888889,0.9911458333333333,0.3917361111111111,77.1360632936904,22.0778702889716,{}
test,ram_heavy,homog,high,hybrid,1009,1.3,0.7675572186946262,1.3136339772309185,1.3136339772309185,33.729729729729726,50.0,8.0,12.0,1703,1703,0,1406,1134,272,297,0.8256018790369936,0.6658837345860247,22.68,5.558571043315925,20.2273938256805,15.559349006252763,29.641171277098124,1.5636838282916592,2.922001819592648,0.5595077267923662,0.9127030759225171,144.68203722925608,29.36283895221699,30,0.5888888888888889,0.9883333333333333,0.39944444444444444,77.52185682341383,21.967998056073974,"{'alpha': 0.1, 'beta': 0.9, 'gamma': 0.0, 'source': 'phase3_tuning'}"
test,ram_heavy,hetero,low,binpack,1000,0.7,0.43441671174337665,0.7176137438978787,0.7176137438978787,18.443315674856617,50.0,8.0,12.0,949,949,0,949,766,183,0,1.0,0.8071654373024236,15.32,0.0,0.0,9.953661460307021,11.769708343653594,1.0,1.0000000000000002,0.38944454684382074,0.6418313219322864,0.0,23.1248266424138,25,0.46350120229494624,0.6700852431850984,0.20866084628039186,61.48323609879533,15.435101666982591,{}
test,ram_heavy,hetero,low,spread,1000,0.7,0.43441671174337665,0.7176137438978787,0.7176137438978787,18.443315674856617,50.0,8.0,12.0,949,949,0,949,766,183,0,1.0,0.8071654373024236,15.32,0.0,0.0,9.953661460307021,11.769708343653594,1.0,1.0000000000000002,0.38944454684382074,0.6418313219322864,0.0,29.31701310534298,30,0.4226165812989816,0.7143976503645189,0.36146579057787864,61.48323609879533,15.435101666982591,{}
test,ram_heavy,hetero,low,tetris,1000,0.7,0.43441671174337665,0.7176137438978787,0.7176137438978787,18.443315674856617,50.0,8.0,12.0,949,949,0,949,766,183,0,1.0,0.8071654373024236,15.32,0.0,0.0,9.953661460307021,11.769708343653594,1.0,1.0000000000000002,0.38944454684382074,0.6418313219322864,0.0,26.683350626376832,28,0.4297370142690518,0.6092493380926549,0.18055563590770915,61.48323609879533,15.435101666982591,{}
test,ram_heavy,hetero,low,hybrid,1000,0.7,0.43441671174337665,0.7176137438978787,0.7176137438978787,18.443315674856617,50.0,8.0,12.0,949,949,0,949,766,183,0,1.0,0.8071654373024236,15.32,0.0,0.0,9.953661460307021,11.769708343653594,1.0,1.0000000000000002,0.38944454684382074,0.6418313219322864,0.0,24.228494553603568,26,0.44854029896470987,0.592114861571735,0.14832241809092644,61.48323609879533,15.435101666982591,"{'alpha': 0.1, 'beta': 0.9, 'gamma': 0.0, 'source': 'phase3_tuning'}"
test,ram_heavy,hetero,low,binpack,1001,0.7,0.3909731032086091,0.697408513164634,0.697408513164634,18.145850246889065,50.0,8.0,12.0,905,905,0,905,727,178,0,1.0,0.8033149171270718,14.54,0.0,0.0,9.990848466833796,11.779019480726387,1.0,1.0000000000000004,0.35334612506236174,0.6281506297805188,0.0,23.070451355367595,22,0.41110983725239875,0.6431728575502099,0.23624575271930212,61.36756271135427,14.747204549359694,{}
test,ram_heavy,hetero,low,spread,1001,0.7,0.3909731032086091,0.697408513164634,0.697408513164634,18.145850246889065,50.0,8.0,12.0,905,905,0,905,727,178,0,1.0,0.8033149171270718,14.54,0.0,0.0,9.990848466833796,11.779019480726387,1.0,1.0000000000000004,0.35334612506236174,0.6281506297805188,0.0,29.428726759057,30,0.38133114039185884,0.7245397411686395,0.3736255313131446,61.36756271135427,14.747204549359694,{}
test,ram_heavy,hetero,low,tetris,1001,0.7,0.3909731032086091,0.697408513164634,0.697408513164634,18.145850246889065,50.0,8.0,12.0,905,905,0,905,727,178,0,1.0,0.8033149171270718,14.54,0.0,0.0,9.990848466833796,11.779019480726387,1.0,1.0000000000000004,0.35334612506236174,0.6281506297805188,0.0,26.40208787067767,28,0.3981428461803661,0.6024701450274204,0.2043272988470543,61.36756271135427,14.747204549359694,{}
test,ram_heavy,hetero,low,hybrid,1001,0.7,0.3909731032086091,0.697408513164634,0.697408513164634,18.145850246889065,50.0,8.0,12.0,905,905,0,905,727,178,0,1.0,0.8033149171270718,14.54,0.0,0.0,9.990848466833796,11.779019480726387,1.0,1.0000000000000004,0.35334612506236174,0.6281506297805188,0.0,24.35058222796793,25,0.4099943401862029,0.5777254896010674,0.1677311494148645,61.36756271135427,14.747204549359694,"{'alpha': 0.1, 'beta': 0.9, 'gamma': 0.0, 'source': 'phase3_tuning'}"
test,ram_heavy,hetero,low,binpack,1002,0.7,0.3727892963160248,0.6905567199119719,0.6905567199119719,17.66405038752619,50.0,8.0,12.0,872,872,0,872,692,180,0,1.0,0.7935779816513762,13.84,0.0,0.0,9.968195127619298,11.794645595876796,1.0,1.0000000000000004,0.3378224783479347,0.6215800549603663,0.0,22.81495977772941,26,0.38713265459061014,0.7806920508388473,0.39355939624823716,61.81928512216268,14.10563060179066,{}
test,ram_heavy,hetero,low,spread,1002,0.7,0.3727892963160248,0.6905567199119719,0.6905567199119719,17.66405038752619,50.0,8.0,12.0,872,872,0,872,692,180,0,1.0,0.7935779816513762,13.84,0.0,0.0,9.968195127619298,11.794645595876796,1.0,1.0000000000000004,0.3378224783479347,0.6215800549603663,0.0,29.523960252711664,30,0.3701336218850274,0.7658431921284979,0.4127694929160764,61.81928512216268,14.10563060179066,{}
test,ram_heavy,hetero,low,tetris,1002,0.7,0.3727892963160248,0.6905567199119719,0.6905567199119719,17.66405038752619,50.0,8.0,12.0,872,872,0,872,692,180,0,1.0,0.7935779816513762,13.84,0.0,0.0,9.968195127619298,11.794645595876796,1.0,1.0000000000000004,0.3378224783479347,0.6215800549603663,0.0,27.441606911361337,30,0.38203493416694534,0.6727484754829529,0.2910858154143326,61.81928512216268,14.10563060179066,{}
test,ram_heavy,hetero,low,hybrid,1002,0.7,0.3727892963160248,0.6905567199119719,0.6905567199119719,17.66405038752619,50.0,8.0,12.0,872,872,0,872,692,180,0,1.0,0.7935779816513762,13.84,0.0,0.0,9.968195127619298,11.794645595876796,1.0,1.0000000000000004,0.3378224783479347,0.6215800549603663,0.0,25.079381465891544,30,0.38358540823875437,0.6740867993214205,0.2905013910826661,61.81928512216268,14.10563060179066,"{'alpha': 0.1, 'beta': 0.9, 'gamma': 0.0, 'source': 'phase3_tuning'}"
test,ram_heavy,hetero,low,binpack,1003,0.7,0.41261608368665975,0.6610644492472427,0.6610644492472427,19.76013236244635,50.0,8.0,12.0,932,932,0,932,739,193,0,1.0,0.7929184549356223,14.78,0.0,0.0,9.994402466980212,11.827058395755891,1.0,1.0000000000000004,0.37187838725873834,0.5922862077236437,0.0,22.464741794016714,27,0.44048320104163924,0.6938949636012753,0.2608509639708915,61.50591477899114,15.15301419951155,{}
test,ram_heavy,hetero,low,spread,1003,0.7,0.41261608368665975,0.6610644492472427,0.6610644492472427,19.76013236244635,50.0,8.0,12.0,932,932,0,932,739,193,0,1.0,0.7929184549356223,14.78,0.0,0.0,9.994402466980212,11.827058395755891,1.0,1.0000000000000004,0.37187838725873834,0.5922862077236437,0.0,29.546742847388952,30,0.40490509254497487,0.7121844494040891,0.32986244631049755,61.50591477899114,15.15301419951155,{}
test,ram_heavy,hetero,low,tetris,1003,0.7,0.41261608368665975,0.6610644492472427,0.6610644492472427,19.76013236244635,50.0,8.0,12.0,932,932,0,932,739,193,0,1.0,0.7929184549356223,14.78,0.0,0.0,9.994402466980212,11.827058395755891,1.0,1.0000000000000004,0.37187838725873834,0.5922862077236437,0.0,27.298254873628817,29,0.4155929661343123,0.6344495021567013,0.2188565360223889,61.50591477899114,15.15301419951155,{}
test,ram_heavy,hetero,low,hybrid,1003,0.7,0.41261608368665975,0.6610644492472427,0.6610644492472427,19.76013236244635,50.0,8.0,12.0,932,932,0,932,739,193,0,1.0,0.7929184549356223,14.78,0.0,0.0,9.994402466980212,11.827058395755891,1.0,1.0000000000000004,0.37187838725873834,0.5922862077236437,0.0,23.400030562609537,29,0.4206974620913785,0.621415552891311,0.20378219752117488,61.50591477899114,15.15301419951155,"{'alpha': 0.1, 'beta': 0.9, 'gamma': 0.0, 'source': 'phase3_tuning'}"
test,ram_heavy,hetero,low,binpack,1004,0.7,0.4165073430308176,0.6934762901364291,0.6934762901364291,17.774326914842412,50.0,8.0,12.0,878,878,0,878,716,162,0,1.0,0.8154897494305239,14.32,0.0,0.0,10.024582783903872,11.793377922357998,1.0,1.0000000000000004,0.3801696545133128,0.6353516982895235,0.0,23.32610443298787,24,0.431274028721953,0.6404130033815973,0.23219570563739228,61.49690246973082,14.277141851691756,{}
test,ram_heavy,hetero,low,spread,1004,0.7,0.4165073430308176,0.6934762901364291,0.6934762901364291,17.774326914842412,50.0,8.0,12.0,878,878,0,878,716,162,0,1.0,0.8154897494305239,14.32,0.0,0.0,10.024582783903872,11.793377922357998,1.0,1.0000000000000004,0.3801696545133128,0.6353516982895235,0.0,29.26465829092203,30,0.3947291831111058,0.6883548090764955,0.34460556785701424,61.49690246973082,14.277141851691756,{}
test,ram_heavy,hetero,low,tetris,1004,0.7,0.4165073430308176,0.6934762901364291,0.6934762901364291,17.774326914842412,50.0,8.0,12.0,878,878,0,878,716,162,0,1.0,0.8154897494305239,14.32,0.0,0.0,10.024582783903872,11.793377922357998,1.0,1.0000000000000004,0.3801696545133128,0.6353516982895235,0.0,26.96191485423714,29,0.4184746133826271,0.6040800656975922,0.18672426885114168,61.49690246973082,14.277141851691756,{}
test,ram_heavy,hetero,low,hybrid,1004,0.7,0.4165073430308176,0.6934762901364291,0.6934762901364291,17.774326914842412,50.0,8.0,12.0,878,878,0,878,716,162,0,1.0,0.8154897494305239,14.32,0.0,0.0,10.024582783903872,11.793377922357998,1.0,1.0000000000000004,0.3801696545133128,0.6353516982895235,0.0,24.94098867576921,26,0.4236465674069367,0.5911144246775066,0.16755140790788292,61.49690246973082,14.277141851691756,"{'alpha': 0.1, 'beta': 0.9, 'gamma': 0.0, 'source': 'phase3_tuning'}"
test,ram_heavy,hetero,low,binpack,1005,0.7,0.4103850007330011,0.7016245286443418,0.7016245286443418,18.27714921258533,50.0,8.0,12.0,915,915,0,915,730,185,0,1.0,0.7978142076502732,14.6,0.0,0.0,10.007904926915126,11.782477565714679,1.0,1.0000000000000002,0.3689506806503264,0.6306602568656012,0.0,22.220543501867187,22,0.4456673910504224,0.6795713167520115,0.2397804876234434,61.904542062558605,14.780821721858993,{}
test,ram_heavy,hetero,low,spread,1005,0.7,0.4103850007330011,0.7016245286443418,0.7016245286443418,18.27714921258533,50.0,8.0,12.0,915,915,0,915,730,185,0,1.0,0.7978142076502732,14.6,0.0,0.0,10.007904926915126,11.782477565714679,1.0,1.0000000000000002,0.3689506806503264,0.6306602568656012,0.0,29.407695670940758,30,0.40787272327274776,0.745038389285209,0.3926903537301634,61.904542062558605,14.780821721858993,{}
test,ram_heavy,hetero,low,tetris,1005,0.7,0.4103850007330011,0.7016245286443418,0.7016245286443418,18.27714921258533,50.0,8.0,12.0,915,915,0,915,730,185,0,1.0,0.7978142076502732,14.6,0.0,0.0,10.007904926915126,11.782477565714679,1.0,1.0000000000000002,0.3689506806503264,0.6306602568656012,0.0,25.58148678941823,25,0.43214853367931483,0.5951430283541261,0.16299449467481134,61.904542062558605,14.780821721858993,{}
test,ram_heavy,hetero,low,hybrid,1005,0.7,0.4103850007330011,0.7016245286443418,0.7016245286443418,18.27714921258533,50.0,8.0,12.0,915,915,0,915,730,185,0,1.0,0.7978142076502732,14.6,0.0,0.0,10.007904926915126,11.782477565714679,1.0,1.0000000000000002,0.3689506806503264,0.6306602568656012,0.0,22.209286280732204,23,0.4374649690335763,0.5748046324030123,0.13733966336943598,61.904542062558605,14.780821721858993,"{'alpha': 0.1, 'beta': 0.9, 'gamma': 0.0, 'source': 'phase3_tuning'}"
test,ram_heavy,hetero,low,binpack,1006,0.7,0.4377437196350466,0.7063370764579424,0.7063370764579424,18.586825419999876,50.0,8.0,12.0,934,934,0,934,749,185,0,1.0,0.8019271948608137,14.98,0.0,0.0,10.009187336043315,11.801850658465131,1.0,1.0000000000000004,0.39237837221148025,0.6319848427387814,0.0,22.934077672576688,25,0.45958544134503065,0.7254263477380108,0.27265751338536914,61.25241956711737,15.248377233107812,{}
test,ram_heavy,hetero,low,spread,1006,0.7,0.4377437196350466,0.7063370764579424,0.7063370764579424,18.586825419999876,50.0,8.0,12.0,934,934,0,934,749,185,0,1.0,0.8019271948608137,14.98,0.0,0.0,10.009187336043315,11.801850658465131,1.0,1.0000000000000004,0.39237837221148025,0.6319848427387814,0.0,29.528677532279552,30,0.41808297454850224,0.7162380659534963,0.323853772685948,61.25241956711737,15.248377233107812,{}
test,ram_heavy,hetero,low,tetris,1006,0.7,0.4377437196350466,0.7063370764579424,0.7063370764579424,18.586825419999876,50.0,8.0,12.0,934,934,0,934,749,185,0,1.0,0.8019271948608137,14.98,0.0,0.0,10.009187336043315,11.801850658465131,1.0,1.0000000000000004,0.39237837221148025,0.6319848427387814,0.0,26.4613044135931,28,0.4315525138939551,0.6232025319762805,0.1975800472599098,61.25241956711737,15.248377233107812,{}
test,ram_heavy,hetero,low,hybrid,1006,0.7,0.4377437196350466,0.7063370764579424,0.7063370764579424,18.586825419999876,50.0,8.0,12.0,934,934,0,934,749,185,0,1.0,0.8019271948608137,14.98,0.0,0.0,10.009187336043315,11.801850658465131,1.0,1.0000000000000004,0.39237837221148025,0.6319848427387814,0.0,23.05954469816639,26,0.4651367646358392,0.6198858619879007,0.16023084965013945,61.25241956711737,15.248377233107812,"{'alpha': 0.1, 'beta': 0.9, 'gamma': 0.0, 'source': 'phase3_tuning'}"
test,ram_heavy,hetero,low,binpack,1007,0.7,0.4947637560198117,0.7392072925519492,0.7392072925519492,20.943831712843107,50.0,8.0,12.0,1103,1103,0,1103,896,207,0,1.0,0.8123300090661831,17.92,0.0010911485951939097,0.0,10.02514052987828,11.85977559818297,1.0001092455837437,1.0000000000000004,0.4484166668984024,0.6711289858713434,0.024070738009977645,23.646302622264944,20,0.499193683106008,0.6132730566930338,0.12512396722365354,60.84182739243808,18.128975530032978,{}
test,ram_heavy,hetero,low,spread,1007,0.7,0.4947637560198117,0.7392072925519492,0.7392072925519492,20.943831712843107,50.0,8.0,12.0,1103,1103,0,1103,896,207,0,1.0,0.8123300090661831,17.92,0.002244939240087439,0.0,10.026294320523174,11.85977559818297,1.0002252754190515,1.0000000000000004,0.44841666689840226,0.6711289858713427,0.0495233596363289,29.46204424493158,30,0.4720212260548417,0.6814128052581775,0.27127683416976117,60.84182739243808,18.128975530032978,{}
test,ram_heavy,hetero,low,tetris,1007,0.7,0.4947637560198117,0.7392072925519492,0.7392072925519492,20.943831712843107,50.0,8.0,12.0,1103,1103,0,1103,896,207,0,1.0,0.8123300090661831,17.92,0.00267791156546898,0.0,10.026727292848557,11.85977559818297,1.0002853815941608,1.0000000000000004,0.44841666689840265,0.6711289858713428,0.0590747291342457,26.42033952290261,29,0.4847581311615072,0.6202740296934282,0.13699155618192804,60.84182739243808,18.128975530032978,{}
test,ram_heavy,hetero,low,hybrid,1007,0.7,0.4947637560198117,0.7392072925519492,0.7392072925519492,20.943831712843107,50.0,8.0,12.0,1103,1103,0,1103,896,207,0,1.0,0.8123300090661831,17.92,0.005525128648089427,0.0,10.029574509931177,11.85977559818297,1.000568231562615,1.0000000000000004,0.4484166668984029,0.6711289858713423,0.12188433797685277,24.480648694451762,22,0.4910618983491171,0.5711427461013077,0.08159984421876301,60.84182739243808,18.128975530032978,"{'alpha': 0.1, 'beta': 0.9, 'gamma': 0.0, 'source': 'phase3_tuning'}"
test,ram_heavy,hetero,low,binpack,1008,0.7,0.42937055890857395,0.6839888433765555,0.6839888433765555,18.26149738112808,50.0,8.0,12.0,895,895,0,895,721,174,0,1.0,0.8055865921787709,14.42,0.0,0.0,9.980516249161623,11.78879446054411,1.0,1.0000000000000002,0.3916747142635966,0.6202033593371958,0.0,22.531532092919157,25,0.4355992178705673,0.6444455694309824,0.2135903980361278,61.426141818520506,14.57034372505795,{}
test,ram_heavy,hetero,low,spread,1008,0.7,0.42937055890857395,0.6839888433765555,0.6839888433765555,18.26149738112808,50.0,8.0,12.0,895,895,0,895,721,174,0,1.0,0.8055865921787709,14.42,0.0,0.0,9.980516249161623,11.78879446054411,1.0,1.0000000000000002,0.3916747142635966,0.6202033593371958,0.0,29.528409922570486,30,0.40747102064036195,0.6897338445208173,0.3306608041801995,61.426141818520506,14.57034372505795,{}
test,ram_heavy,hetero,low,tetris,1008,0.7,0.42937055890857395,0.6839888433765555,0.6839888433765555,18.26149738112808,50.0,8.0,12.0,895,895,0,895,721,174,0,1.0,0.8055865921787709,14.42,0.0,0.0,9.980516249161623,11.78879446054411,1.0,1.0000000000000002,0.3916747142635966,0.6202033593371958,0.0,26.134481763748546,27,0.42194503752495366,0.5898223904344365,0.1684972492099931,61.426141818520506,14.57034372505795,{}
test,ram_heavy,hetero,low,hybrid,1008,0.7,0.42937055890857395,0.6839888433765555,0.6839888433765555,18.26149738112808,50.0,8.0,12.0,895,895,0,895,721,174,0,1.0,0.8055865921787709,14.42,0.0,0.0,9.980516249161623,11.78879446054411,1.0,1.0000000000000002,0.3916747142635966,0.6202033593371958,0.0,23.20933608856561,27,0.44891701884583013,0.5882587799639836,0.1481235109783597,61.426141818520506,14.57034372505795,"{'alpha': 0.1, 'beta': 0.9, 'gamma': 0.0, 'source': 'phase3_tuning'}"
test,ram_heavy,hetero,low,binpack,1009,0.7,0.4959478692826661,0.7227954476851406,0.7227954476851406,20.4123823661616,50.0,8.0,12.0,1052,1052,0,1052,836,216,0,1.0,0.7946768060836502,16.72,0.0,0.0,9.995885691923235,11.831052835986114,1.0,1.0000000000000004,0.45041765753832913,0.6560217290485505,0.0,22.903389303801905,24,0.5374956467441212,0.6786822899283244,0.16023636205671787,61.35191934798501,17.14697781552862,{}
test,ram_heavy,hetero,low,spread,1009,0.7,0.4959478692826661,0.7227954476851406,0.7227954476851406,20.4123823661616,50.0,8.0,12.0,1052,1052,0,1052,836,216,0,1.0,0.7946768060836502,16.72,0.0,0.0,9.995885691923235,11.831052835986114,1.0,1.0000000000000004,0.45041765753832913,0.6560217290485505,0.0,29.584125260832593,30,0.49505779839319003,0.72125082559087,0.2986580439797457,61.35191934798501,17.14697781552862,{}
test,ram_heavy,hetero,low,tetris,1009,0.7,0.4959478692826661,0.7227954476851406,0.7227954476851406,20.4123823661616,50.0,8.0,12.0,1052,1052,0,1052,836,216,0,1.0,0.7946768060836502,16.72,0.0,0.0,9.995885691923235,11.831052835986114,1.0,1.0000000000000004,0.45041765753832913,0.6560217290485505,0.0,26.811072389406068,28,0.5126169468304582,0.6477347846058913,0.13730508963687094,61.35191934798501,17.14697781552862,{}
test,ram_heavy,hetero,low,hybrid,1009,0.7,0.4959478692826661,0.7227954476851406,0.7227954476851406,20.4123823661616,50.0,8.0,12.0,1052,1052,0,1052,836,216,0,1.0,0.7946768060836502,16.72,0.0,0.0,9.995885691923235,11.831052835986114,1.0,1.0000000000000004,0.45041765753832913,0.6560217290485505,0.0,24.29642194705241,25,0.5407218541547657,0.6255630725496713,0.0893138394866497,61.35191934798501,17.14697781552862,"{'alpha': 0.1, 'beta': 0.9, 'gamma': 0.0, 'source': 'phase3_tuning'}"
test,ram_heavy,hetero,med,binpack,1000,1.0,0.6355336867939352,1.0507278470334176,1.0507278470334176,26.34759382122374,50.0,8.0,12.0,1387,1387,0,1304,1041,263,83,0.9401586157173756,0.7505407354001442,20.82,0.9632941744410912,4.282686229136623,10.944129273013568,14.611858596284243,1.097575862622284,1.431589075323621,0.5362772113404888,0.8907527692467037,24.389371329205073,27.749456796388493,30,0.6437298595827101,0.9873009514596883,0.3447055164272545,64.8461064251217,21.38910223702605,{}
test,ram_heavy,hetero,med,spread,1000,1.0,0.6355336867939352,1.0507278470334176,1.0507278470334176,26.34759382122374,50.0,8.0,12.0,1387,1387,0,1305,1042,263,82,0.9408795962509012,0.7512617159336697,20.84,0.9954747472766404,4.393503529095945,10.976309845849116,14.861020710881213,1.100625415206541,1.4403173756668108,0.5348741250648885,0.8889914447852644,25.0127020798763,29.54444304412971,30,0.6158607064767609,0.987246308895627,0.3713856024188661,64.76205994626149,21.41686044500299,{}
test,ram_heavy,hetero,med,tetris,1000,1.0,0.6355336867939352,1.0507278470334176,1.0507278470334176,26.34759382122374,50.0,8.0,12.0,1387,1387,0,1307,1042,265,80,0.9423215573179524,0.7512617159336697,20.84,0.9696357744013974,4.564658842727695,10.950470872973874,14.889165880308099,1.0980418531358644,1.4501322472888611,0.535657622177216,0.8888943612979391,24.511623068186353,28.43368712871803,30,0.6359233524805151,0.9850356190220068,0.3503778787753059,64.82986937901416,21.394459271407708,{}
test,ram_heavy,hetero,med,hybrid,1000,1.0,0.6355336867939352,1.0507278470334176,1.0507278470334176,26.34759382122374,50.0,8.0,12.0,1387,1387,0,1305,1042,263,82,0.9408795962509012,0.7512617159336697,20.84,0.997480416554553,4.2167584458903065,10.97831551512703,14.741514948950815,1.1008455351414792,1.4211501612299742,0.5347969898073048,0.8894430330006936,25.214484036401906,27.672705758825003,30,0.6303205251800019,0.9881209573262506,0.3581158222349429,64.44180651414138,21.52329481476642,"{'alpha': 0.1, 'beta': 0.9, 'gamma': 0.0, 'source': 'phase3_tuning'}"
test,ram_heavy,hetero,med,binpack,1001,1.0,0.5555870103640576,0.9860802034107155,0.9860802034107155,25.92264320984152,50.0,8.0,12.0,1278,1278,0,1258,1008,250,20,0.9843505477308294,0.7887323943661971,20.16,0.297136004979006,1.2182583060517231,10.312725849700524,12.172511304131781,1.0303369904656672,1.1284799182842746,0.4920469779378043,0.865490319168384,7.358402465206386,27.646809503789818,30,0.5703662879619239,0.964206804610432,0.3992307486377671,62.70151476835214,20.382282704357497,{}
test,ram_heavy,hetero,med,spread,1001,1.0,0.5555870103640576,0.9860802034107155,0.9860802034107155,25.92264320984152,50.0,8.0,12.0,1278,1278,0,1257,1008,249,21,0.9835680751173709,0.7887323943661971,20.16,0.2865301816733851,1.1818834096093198,10.302120026394904,12.119324492498816,1.0292906724756918,1.1219696701040385,0.4922234629836341,0.8659103652527581,7.08425198616223,29.623440785049503,30,0.5599911231945103,0.9680292478188496,0.40803812462433936,62.68037374069938,20.389157302841255,{}
test,ram_heavy,hetero,med,tetris,1001,1.0,0.5555870103640576,0.9860802034107155,0.9860802034107155,25.92264320984152,50.0,8.0,12.0,1278,1278,0,1251,1005,246,27,0.9788732394366197,0.7863849765258216,20.1,0.3209397191358011,1.4345124899381858,10.336529563857319,12.192583324467805,1.0327526291796019,1.1437502189893467,0.4915111105784036,0.8642250677925749,7.839196134638673,28.24780519204588,30,0.5632244604524949,0.9446512290341602,0.38142676858166535,62.8246163810065,20.34234466708773,{}
test,ram_heavy,hetero,med,hybrid,1001,1.0,0.5555870103640576,0.9860802034107155,0.9860802034107155,25.92264320984152,50.0,8.0,12.0,1278,1278,0,1256,1008,248,22,0.9827856025039123,0.7887323943661971,20.16,0.30126901152532265,1.2786616980465482,10.316858856246842,12.171680169782789,1.0306899875821212,1.1269934699324289,0.4920035042764504,0.8654184827781378,7.426985522069828,27.392506976373717,30,0.5645446670505414,0.9572681646833945,0.3968677788876371,62.714580441184005,20.378036351507678,"{'alpha': 0.1, 'beta': 0.9, 'gamma': 0.0, 'source': 'phase3_tuning'}"
test,ram_heavy,hetero,med,binpack,1002,1.0,0.5402112148588936,1.0041372441298844,1.0041372441298844,25.234357696465985,50.0,8.0,12.0,1273,1273,0,1251,1005,246,22,0.9827179890023566,0.7894736842105263,20.1,0.41404132223491574,1.6170175524114683,10.361852805870305,12.484866631479846,1.042232367475004,1.1703080529778445,0.47518587660650097,0.8744224343353363,10.048562932536464,27.795157982252384,30,0.5427533940417315,0.9759450297594022,0.4331916357176709,62.87112540861819,20.247768617571158,{}
test,ram_heavy,hetero,med,spread,1002,1.0,0.5402112148588936,1.0041372441298844,1.0041372441298844,25.234357696465985,50.0,8.0,12.0,1273,1273,0,1246,1003,243,27,0.9787902592301649,0.7879025923016496,20.06,0.4237591842224897,1.6366123355585138,10.371570667857876,12.511619294458008,1.0432488267191622,1.1755644191459542,0.47449505969209965,0.8736568688416234,10.25181450029732,29.573749597951437,30,0.5354202442919804,0.9603545786180027,0.42493629686625145,63.10940676768318,20.171319383275726,{}
test,ram_heavy,hetero,med,tetris,1002,1.0,0.5402112148588936,1.0041372441298844,1.0041372441298844,25.234357696465985,50.0,8.0,12.0,1273,1273,0,1247,1003,244,26,0.9795758051846033,0.7879025923016496,20.06,0.42210182426966497,1.8075113678453576,10.369913307905051,12.52589160300585,1.0430803360407923,1.1981721174472812,0.47488144966083984,0.8738291569844789,10.250960916581608,28.4245999721721,30,0.5365123656696744,0.965904156172676,0.42976406460132655,62.9670454250481,20.21692444685684,{}
test,ram_heavy,hetero,med,hybrid,1002,1.0,0.5402112148588936,1.0041372441298844,1.0041372441298844,25.234357696465985,50.0,8.0,12.0,1273,1273,0,1248,1006,242,25,0.9803613511390417,0.7902592301649647,20.12,0.3960820752499695,1.6524222388250678,10.343893558885357,12.452895791135617,1.0404436585107348,1.1776375063125901,0.47531400987592193,0.8746540085124487,9.548635814352531,27.79231576636222,30,0.5357259352882816,0.9601979170521403,0.4244719817638586,62.954775260259,20.220864815057126,"{'alpha': 0.1, 'beta': 0.9, 'gamma': 0.0, 'source': 'phase3_tuning'}"
test,ram_heavy,hetero,med,binpack,1003,1.0,0.5887942541288592,0.950268598877117,0.950268598877117,28.228760517780497,50.0,8.0,12.0,1342,1342,0,1328,1054,274,14,0.9895678092399404,0.7853949329359166,21.08,0.13409787150774788,0.7521856005842835,10.133742316825902,11.923683953715585,1.0136718484125824,1.0794748070261415,0.5200687538400474,0.8419926027790661,3.5191714914038554,27.283065089098496,30,0.6116390021458981,0.9702820803617099,0.3595224496003624,61.97158974692728,21.655084297180547,{}
test,ram_heavy,hetero,med,spread,1003,1.0,0.5887942541288592,0.950268598877117,0.950268598877117,28.228760517780497,50.0,8.0,12.0,1342,1342,0,1330,1054,276,12,0.9910581222056631,0.7853949329359166,21.08,0.14122868426224594,0.8292369003612876,10.1408731295804,11.927550568917525,1.014418032991661,1.08971557622173,0.5200780459667351,0.8414682704797475,3.7247104184893054,29.69171325022543,30,0.6228750955344421,0.9777815597812781,0.35490646424683614,61.841520938606024,21.700630573628484,{}
test,ram_heavy,hetero,med,tetris,1003,1.0,0.5887942541288592,0.950268598877117,0.950268598877117,28.228760517780497,50.0,8.0,12.0,1342,1342,0,1326,1052,274,16,0.9880774962742176,0.7839046199701938,21.04,0.14370068428284,0.796840640825458,10.143345129600995,11.926058564425915,1.0146576778830592,1.083106718087042,0.519607666443965,0.8408781488866738,3.768963738793722,28.598542047643722,30,0.6133197390819045,0.9743018689561916,0.36203563648282855,62.00036605777625,21.645033494631807,{}
test,ram_heavy,hetero,med,hybrid,1003,1.0,0.5887942541288592,0.950268598877117,0.950268598877117,28.228760517780497,50.0,8.0,12.0,1342,1342,0,1332,1057,275,10,0.992548435171386,0.7876304023845008,21.14,0.13496382391599018,0.7897321467988299,10.134608269234146,11.923683953715585,1.0137685034491037,1.0794748070261415,0.5201455138942411,0.8419244502033165,3.566497880630834,27.585589774705216,30,0.6091789439803885,0.9758850582864794,0.3675533175994269,61.71832229054402,21.743948153393184,"{'alpha': 0.1, 'beta': 0.9, 'gamma': 0.0, 'source': 'phase3_tuning'}"
test,ram_heavy,hetero,med,binpack,1004,1.0,0.5837149943823524,0.9729708367291192,0.9729708367291192,25.391895592632018,50.0,8.0,12.0,1231,1231,0,1223,987,236,8,0.9935012185215272,0.80178716490658,19.74,0.42004592618039394,1.6335273286182073,10.457482923526403,12.484152450797076,1.0425678153374052,1.170159665013443,0.5238627223770738,0.8683426202919223,10.313552050292133,27.479155805604524,30,0.5710907090672671,0.9622516179462959,0.39116109419106654,62.241550737590565,19.777784862557127,{}
test,ram_heavy,hetero,med,spread,1004,1.0,0.5837149943823524,0.9729708367291192,0.9729708367291192,25.391895592632018,50.0,8.0,12.0,1231,1231,0,1224,987,237,7,0.9943135662063363,0.80178716490658,19.74,0.42384158579505704,2.04351787182064,10.461278583141066,12.568040063497364,1.0429973608666436,1.205985618436755,0.5229208907054173,0.8654845298926699,10.391951712587963,29.499575646873954,30,0.5665288271273444,0.9777589057415483,0.41123007861420385,62.25630626370667,19.77309727926521,{}
test,ram_heavy,hetero,med,tetris,1004,1.0,0.5837149943823524,0.9729708367291192,0.9729708367291192,25.391895592632018,50.0,8.0,12.0,1231,1231,0,1221,986,235,10,0.991876523151909,0.8009748172217709,19.72,0.4626299032399294,2.022841191881234,10.500066900585939,12.734749568145155,1.0469543165446884,1.2105956179263437,0.5223732953618295,0.8648106435854384,11.312133364005552,28.06076914416816,30,0.5725378346012308,0.9666242808090727,0.39408644620784195,62.72821696278411,19.624342275348546,{}
test,ram_heavy,hetero,med,hybrid,1004,1.0,0.5837149943823524,0.9729708367291192,0.9729708367291192,25.391895592632018,50.0,8.0,12.0,1231,1231,0,1222,985,237,9,0.9926888708367181,0.8001624695369618,19.7,0.4570925962668375,2.0308965627641555,10.494529593612846,12.747412886159886,1.0463451061284585,1.2149204570234577,0.522204841068713,0.8634731085632065,11.205278298401621,27.351817628861685,30,0.5692044205297039,0.9674689792295817,0.39826455869987787,62.25630626370667,19.77309727926521,"{'alpha': 0.1, 'beta': 0.9, 'gamma': 0.0, 'source': 'phase3_tuning'}"
test,ram_heavy,hetero,med,binpack,1005,1.0,0.5863268961017221,1.0001577823957373,1.0001577823957373,26.11021316083618,50.0,8.0,12.0,1299,1299,0,1288,1030,258,11,0.99153194765204,0.7929176289453426,20.6,0.44637395733481133,1.5980484394174361,10.492375155225945,12.558505086405056,1.0449872211099052,1.1557515619590708,0.5234541614708271,0.8855734349346133,11.42951658488894,27.934978223790612,30,0.5997038682714113,0.9763682312172083,0.37666436294579714,62.615685396486,20.74560059152367,{}
test,ram_heavy,hetero,med,spread,1005,1.0,0.5863268961017221,1.0001577823957373,1.0001577823957373,26.11021316083618,50.0,8.0,12.0,1299,1299,0,1287,1029,258,12,0.9907621247113164,0.792147806004619,20.58,0.4495363529257033,1.735349278794164,10.495537550816836,12.611243917743558,1.0452695272577366,1.173495426708463,0.5237750799423901,0.8850094463691623,11.52242964571663,29.571999983602776,30,0.6099415763281131,0.9678997312727643,0.35795815494465116,62.383511558509035,20.822809866701355,{}
test,ram_heavy,hetero,med,tetris,1005,1.0,0.5863268961017221,1.0001577823957373,1.0001577823957373,26.11021316083618,50.0,8.0,12.0,1299,1299,0,1282,1021,261,17,0.9869130100076983,0.7859892224788299,20.42,0.49917934117075013,1.9321446390844699,10.545180539061883,12.664573768356119,1.0502861078121164,1.1951847240114448,0.5224024230951703,0.8826038295325508,12.709702276223808,28.272216560678217,30,0.6039220147988882,0.9722360473150877,0.36831403251619954,62.877382019477224,20.65925708544314,{}
test,ram_heavy,hetero,med,hybrid,1005,1.0,0.5863268961017221,1.0001577823957373,1.0001577823957373,26.11021316083618,50.0,8.0,12.0,1299,1299,0,1285,1027,258,14,0.9892224788298691,0.7906081601231717,20.54,0.4613400704546508,1.752454962742803,10.507341268345785,12.629226707890535,1.0463874530868382,1.1751942217324702,0.5233967081731155,0.8846083095057561,11.817088039089263,27.475386405898863,30,0.6090236032736424,0.9723836430427296,0.3633600397690874,62.41525162613963,20.812220829948178,"{'alpha': 0.1, 'beta': 0.9, 'gamma': 0.0, 'source': 'phase3_tuning'}"
test,ram_heavy,hetero,med,binpack,1006,1.0,0.6145132511418667,0.993349191924983,0.993349191924983,26.552607742856967,50.0,8.0,12.0,1320,1320,0,1298,1042,256,22,0.9833333333333333,0.7893939393939394,20.84,0.4103026257288116,1.4985646610851688,10.404116265010034,12.339318922927028,1.0417829829354466,1.1561916687207414,0.5478633493661478,0.8772867392901833,10.70265601503527,27.613789032437147,30,0.5871467051736733,0.9788980292896935,0.3917513241160203,61.755744798381556,21.374529678323846,{}
test,ram_heavy,hetero,med,spread,1006,1.0,0.6145132511418667,0.993349191924983,0.993349191924983,26.552607742856967,50.0,8.0,12.0,1320,1320,0,1302,1050,252,18,0.9863636363636363,0.7954545454545454,21.0,0.4142459853802113,2.1684814774261127,10.408059624661433,12.483346270915744,1.0423190316947029,1.222580755570736,0.546704510091208,0.8744609981276085,10.72318454162055,29.68249218602192,30,0.5728119692450601,0.9790113881949226,0.40626585061367454,62.14106413115914,21.241992206858875,{}
test,ram_heavy,hetero,med,tetris,1006,1.0,0.6145132511418667,0.993349191924983,0.993349191924983,26.552607742856967,50.0,8.0,12.0,1320,1320,0,1300,1047,253,20,0.9848484848484849,0.7931818181818182,20.94,0.4916836599989883,2.195942520800493,10.48549729928021,12.59199681023383,1.0501140409263228,1.2234516867234306,0.5458560455262965,0.8722170573891972,12.736750728967102,28.57311402132093,30,0.5802847569036196,0.9716175590266896,0.3930322312094582,62.27102013826252,21.19766140122898,{}
test,ram_heavy,hetero,med,hybrid,1006,1.0,0.6145132511418667,0.993349191924983,0.993349191924983,26.552607742856967,50.0,8.0,12.0,1320,1320,0,1302,1049,253,18,0.9863636363636363,0.7946969696969697,20.98,0.39315319492517414,1.9130729564270013,10.386966834206396,12.387998295726003,1.0400515906615289,1.1967067174513961,0.5472375325420766,0.8752100526800742,10.176384533574428,27.393672060845606,30,0.5687541954503984,0.9764551608824757,0.4077009654320775,62.119660217661426,21.249311335169004,"{'alpha': 0.1, 'beta': 0.9, 'gamma': 0.0, 'source': 'phase3_tuning'}"
test,ram_heavy,hetero,med,binpack,1007,1.0,0.6932429587424083,1.032564145422093,1.032564145422093,29.919759589775868,50.0,8.0,12.0,1541,1541,0,1488,1191,297,53,0.9656067488643738,0.7728747566515249,23.82,1.393406471335839,7.402911044662773,11.408073892550025,17.632221987813903,1.1408483101996985,1.7465821418369774,0.5943778109379853,0.869663092618548,40.52338618560538,27.326453153920898,30,0.6942976564340848,0.9798311731016629,0.28740769303196595,65.18049890278738,23.642040578705984,{}
test,ram_heavy,hetero,med,spread,1007,1.0,0.6932429587424083,1.032564145422093,1.032564145422093,29.919759589775868,50.0,8.0,12.0,1541,1541,0,1483,1188,295,58,0.9623621025308241,0.7709279688513953,23.76,1.3894179403415208,7.091420960857384,11.404085361555707,17.193987362731008,1.1403508823874717,1.712146078938929,0.5940619304387555,0.8704886228519882,40.438504893352246,29.64333570211579,30,0.6842354925890386,0.9778917800864668,0.2936562874974282,65.08526622928032,23.6766335805006,{}
test,ram_heavy,hetero,med,tetris,1007,1.0,0.6932429587424083,1.032564145422093,1.032564145422093,29.919759589775868,50.0,8.0,12.0,1541,1541,0,1488,1192,296,53,0.9656067488643738,0.773523685918235,23.84,1.360231537191682,7.692187298215984,11.374898958405868,17.63592140069511,1.1374816290356102,1.7439074479170595,0.5942271936797061,0.8694069899381907,39.486969856047224,28.016673239004867,30,0.6930752376682805,0.981882819540409,0.289302324493704,65.04185909331119,23.692434710226085,{}
test,ram_heavy,hetero,med,hybrid,1007,1.0,0.6932429587424083,1.032564145422093,1.032564145422093,29.919759589775868,50.0,8.0,12.0,1541,1541,0,1484,1192,292,57,0.9630110317975341,0.773523685918235,23.84,1.33924257517955,7.386362689513298,11.353909996393735,17.442709895275918,1.1353723945421075,1.7349001234233368,0.594497853996193,0.870419726018053,39.05094063890555,26.979138454789187,30,0.6874829121215903,0.9801511584714043,0.2926682463498139,65.13571518365411,23.65829553962917,"{'alpha': 0.1, 'beta': 0.9, 'gamma': 0.0, 'source': 'phase3_tuning'}"
test,ram_heavy,hetero,med,binpack,1008,1.0,0.637910398397588,1.0117988477999802,1.0117988477999802,26.087853401611547,50.0,8.0,12.0,1320,1320,0,1292,1021,271,28,0.9787878787878788,0.7734848484848484,20.42,0.6048606325334952,2.160672343290983,10.60387751304801,12.927538041326013,1.0612868526265722,1.2150323523051734,0.5524607002044154,0.8791150507008285,15.513693254202254,27.717122610485884,30,0.6679651233384097,0.9744752340120093,0.30651011067359957,63.413926164806476,20.81561700768143,{}
test,ram_heavy,hetero,med,spread,1008,1.0,0.637910398397588,1.0117988477999802,1.0117988477999802,26.087853401611547,50.0,8.0,12.0,1320,1320,0,1293,1020,273,27,0.9795454545454545,0.7727272727272727,20.4,0.621603046418671,2.1305526460176196,10.620619926933184,12.970854752656543,1.062934152729194,1.2188776616948427,0.5517896768631121,0.8784554842415854,15.911573045855983,29.670671844435724,30,0.6722763367492196,0.9793271798800868,0.3070844668430486,63.797660650569256,20.69041382614116,{}
test,ram_heavy,hetero,med,tetris,1008,1.0,0.637910398397588,1.0117988477999802,1.0117988477999802,26.087853401611547,50.0,8.0,12.0,1320,1320,0,1289,1019,270,31,0.9765151515151516,0.771969696969697,20.38,0.5955664424536676,2.2275326462028318,10.59458332296818,12.893458705758825,1.060308647841771,1.2242205356704414,0.5518738560028786,0.8781320745227711,15.189003927416227,28.25997839643446,30,0.6643134183258167,0.972255915090933,0.3108748223946653,63.636514351479505,20.74280801599736,{}
test,ram_heavy,hetero,med,hybrid,1008,1.0,0.637910398397588,1.0117988477999802,1.0117988477999802,26.087853401611547,50.0,8.0,12.0,1320,1320,0,1290,1020,270,30,0.9772727272727273,0.7727272727272727,20.4,0.592623426907749,2.232687231979149,10.591640307422264,12.924038968637625,1.060035046409581,1.2215676518698482,0.5516957477055453,0.8779203898529789,15.116415137412833,27.4052147435726,30,0.670876428789096,0.9766802311292275,0.3058038023401315,63.51594351710972,20.78218360472631,"{'alpha': 0.1, 'beta': 0.9, 'gamma': 0.0, 'source': 'phase3_tuning'}"
test,ram_heavy,hetero,med,binpack,1009,1.0,0.6900043592247395,1.0038354670146687,1.0038354670146687,29.16054623737372,50.0,8.0,12.0,1459,1459,0,1431,1147,284,28,0.9808087731322824,0.7861549006168609,22.94,0.9363299728993646,3.208929661474258,10.95368622741206,13.860199887127283,1.094247387751198,1.3119571073546819,0.6085351116346124,0.8741368845811184,26.738794260935837,27.75542487664395,30,0.6698476614358604,0.9812308164428922,0.31460583391334823,63.70928428973151,22.90090080693557,{}
test,ram_heavy,hetero,med,spread,1009,1.0,0.6900043592247395,1.0038354670146687,1.0038354670146687,29.16054623737372,50.0,8.0,12.0,1459,1459,0,1433,1148,285,26,0.9821795750514051,0.7868403015764222,22.96,0.8242433092197478,3.227735707555155,10.841599563732444,13.721987927121265,1.0830016843386296,1.3365314537719781,0.6096040152613668,0.876393099236634,23.570092918404203,29.70412823856509,30,0.6677746802255402,0.9795927873481763,0.3136875017672248,63.42315230812121,23.004217654018717,{}
test,ram_heavy,hetero,med,tetris,1009,1.0,0.6900043592247395,1.0038354670146687,1.0038354670146687,29.16054623737372,50.0,8.0,12.0,1459,1459,0,1435,1150,285,24,0.9835503769705277,0.7882111034955449,23.0,0.7755549195584064,3.2970344662562105,10.792911174071103,13.692747238575407,1.078179996331819,1.330883563431322,0.6101613502077131,0.8771043683252243,22.21793832151601,28.580031928227598,30,0.6714021300799274,0.9783011439882435,0.30689901390831614,63.08341718596666,23.128106641701784,{}
test,ram_heavy,hetero,med,hybrid,1009,1.0,0.6900043592247395,1.0038354670146687,1.0038354670146687,29.16054623737372,50.0,8.0,12.0,1459,1459,0,1434,1148,286,25,0.9828649760109665,0.7868403015764222,22.96,0.7622921357969137,2.5889883667573983,10.77964839030961,13.54770309360238,1.0768734313302442,1.274440562680184,0.6107882742133733,0.8790080023874098,21.920240215479577,27.354743074545798,30,0.6796183528377738,0.9851125267490655,0.30638729770397005,63.03699187394255,23.145139966666196,"{'alpha': 0.1, 'beta': 0.9, 'gamma': 0.0, 'source': 'phase3_tuning'}"
test,ram_heavy,hetero,high,binpack,1000,1.3,0.8114210381073683,1.3409703567108031,1.3409703567108031,34.25187196759086,50.0,8.0,12.0,1776,1776,0,1426,1147,279,350,0.8029279279279279,0.6458333333333334,22.94,6.108969984845964,18.695471268638457,16.07465174672732,28.78019852319096,1.6224724942908626,2.9278041639818824,0.5795309708254897,0.908719208642529,157.56220123374152,28.2348416360834,30,0.6492156332338277,0.9881988150369957,0.33929857189186224,78.77102324359421,22.546361934487464,{}
test,ram_heavy,hetero,high,spread,1000,1.3,0.8114210381073683,1.3409703567108031,1.3409703567108031,34.25187196759086,50.0,8.0,12.0,1776,1776,0,1436,1156,280,340,0.8085585585585585,0.6509009009009009,23.12,5.88907593007291,19.759343437874584,15.854757691954266,29.239066149026556,1.6001579611490218,2.9269401030348923,0.5821730853639085,0.9117275208637801,152.90808271130354,29.664869736757005,30,0.6459527906210237,0.9872698846050602,0.3413170939840365,79.27154818591131,22.404002957465174,{}
test,ram_heavy,hetero,high,tetris,1000,1.3,0.8114210381073683,1.3409703567108031,1.3409703567108031,34.25187196759086,50.0,8.0,12.0,1776,1776,0,1440,1160,280,336,0.8108108108108109,0.6531531531531531,23.2,5.885258921991214,20.21267429556272,15.85094068387257,29.78712843614759,1.5997964077117168,2.9632675372292665,0.5812560768394817,0.9107027537722794,152.60559087083126,28.754821450015367,30,0.6318144037278441,0.9846510741310371,0.35283667040319305,79.80942318572193,22.253011350140046,{}
test,ram_heavy,hetero,high,hybrid,1000,1.3,0.8114210381073683,1.3409703567108031,1.3409703567108031,34.25187196759086,50.0,8.0,12.0,1776,1776,0,1431,1152,279,345,0.8057432432432432,0.6486486486486487,23.04,5.946914188303392,18.966194530471967,15.912595950184746,28.3534327160556,1.60597019451957,2.884254713449728,0.577391179164941,0.9131806154181228,154.27836848588865,28.057050506086036,30,0.6360927597171523,0.9857803350905584,0.3516925009792647,78.49507968747687,22.62562197619303,"{'alpha': 0.1, 'beta': 0.9, 'gamma': 0.0, 'source': 'phase3_tuning'}"
test,ram_heavy,hetero,high,binpack,1001,1.3,0.7166544786199891,1.2790766482788047,1.2790766482788047,33.69943617279398,50.0,8.0,12.0,1649,1649,0,1358,1091,267,291,0.8235294117647058,0.6616130988477865,21.82,5.5410733263851615,13.60306009920729,15.579170926365926,23.44240838787689,1.558044252377454,2.3014231905222595,0.5240724976678576,0.9052036058213947,143.61042177724673,28.161111584290975,30,0.5767707070845695,0.9875491129950092,0.411164814436677,76.40288146694736,21.58295562076901,{}
test,ram_heavy,hetero,high,spread,1001,1.3,0.7166544786199891,1.2790766482788047,1.2790766482788047,33.69943617279398,50.0,8.0,12.0,1649,1649,0,1365,1096,269,284,0.8277744087325651,0.6646452395391146,21.92,5.268622114936139,13.831626236102828,15.306719714916904,23.539921083474965,1.5305267840176724,2.3161050493203015,0.5278528537139396,0.9083180193282798,136.54205284591765,29.701119749031946,30,0.5802476456776284,0.9871774850158407,0.4069298393382123,76.0889233396542,21.672011215601124,{}
test,ram_heavy,hetero,high,tetris,1001,1.3,0.7166544786199891,1.2790766482788047,1.2790766482788047,33.69943617279398,50.0,8.0,12.0,1649,1649,0,1356,1090,266,293,0.8223165554881746,0.6610066707095209,21.8,5.321107970209606,14.590367906292272,15.359205570190367,24.251580954734564,1.5358229703557893,2.383681268888108,0.5257953233681386,0.9069336902782433,137.96546196746908,28.661775495590295,30,0.5797379389152311,0.9823111307442003,0.4029596003552064,76.21519929318117,21.636104284877636,{}
test,ram_heavy,hetero,high,hybrid,1001,1.3,0.7166544786199891,1.2790766482788047,1.2790766482788047,33.69943617279398,50.0,8.0,12.0,1649,1649,0,1365,1095,270,284,0.8277744087325651,0.664038811400849,21.9,5.264901682158476,13.653806837972745,15.302999282139238,23.611404234679846,1.5301900488794193,2.3214661424778007,0.5278949430266752,0.9082088153005272,136.4841453162098,28.020405744363693,30,0.5781119629930553,0.9846170617220996,0.4065050987290444,76.20648049251399,21.638579676461855,"{'alpha': 0.1, 'beta': 0.9, 'gamma': 0.0, 'source': 'phase3_tuning'}"
test,ram_heavy,hetero,high,binpack,1002,1.3,0.7091949113737113,1.31129836064432,1.31129836064432,32.80466500540578,50.0,8.0,12.0,1660,1660,0,1338,1069,269,322,0.8060240963855422,0.6439759036144578,21.38,5.6913182823320545,14.973859241738054,15.66433595357432,25.144749073691834,1.5786489806643866,2.541920222244375,0.5023336045660983,0.9131670184981825,142.4446289937956,28.320194264791752,30,0.5481164383221725,0.9866953327370539,0.4385788944148814,76.98552870272755,21.56249399039572,{}
test,ram_heavy,hetero,high,spread,1002,1.3,0.7091949113737113,1.31129836064432,1.31129836064432,32.80466500540578,50.0,8.0,12.0,1660,1660,0,1340,1073,267,320,0.8072289156626506,0.6463855421686747,21.46,5.554595436506086,16.021416858166724,15.527613107748351,25.63791346619667,1.565103516884554,2.5667652589802534,0.5025229157303409,0.9136118790810699,139.25747963407215,29.710148807617607,30,0.5450585678405537,0.9893093173251617,0.44425074948460797,77.09323511704665,21.5323691823246,{}
test,ram_heavy,hetero,high,tetris,1002,1.3,0.7091949113737113,1.31129836064432,1.31129836064432,32.80466500540578,50.0,8.0,12.0,1660,1660,0,1337,1073,264,323,0.805421686746988,0.6463855421686747,21.46,5.582170703612061,15.174781117881786,15.555188374854326,25.354497823426406,1.5677639493357831,2.5355450338278036,0.502993955496461,0.9117019516356422,139.13793071134273,28.804553905987568,30,0.5594784178085249,0.9839961990045369,0.424517781196012,77.04502182659591,21.545843724155695,{}
test,ram_heavy,hetero,high,hybrid,1002,1.3,0.7091949113737113,1.31129836064432,1.31129836064432,32.80466500540578,50.0,8.0,12.0,1660,1660,0,1336,1070,266,324,0.8048192771084337,0.6445783132530121,21.4,5.649305043482755,14.96812393385703,15.622322714725021,25.200342912912838,1.5743944588394143,2.543723345887273,0.502728944292516,0.9130234232914343,140.90423354033092,28.158129176063962,30,0.552040119204202,0.9867227251324902,0.4346826059282881,76.99217853803401,21.560631631951583,"{'alpha': 0.1, 'beta': 0.9, 'gamma': 0.0, 'source': 'phase3_tuning'}"
test,ram_heavy,hetero,high,binpack,1003,1.3,0.7811858601967409,1.2568856240481265,1.2568856240481265,36.69738867311465,50.0,8.0,12.0,1777,1777,0,1494,1201,293,283,0.8407428249859313,0.6758581879572313,24.02,4.186309370342727,14.840688339882341,14.177186288229972,24.126513530044576,1.4259787247196192,2.4214229581863793,0.5767510371151987,0.8987646168311368,112.5121465105185,28.029420991158496,30,0.6247470541229094,0.9855452712703298,0.3610844722596732,75.51851681197337,23.530652812268404,{}
test,ram_heavy,hetero,high,spread,1003,1.3,0.7811858601967409,1.2568856240481265,1.2568856240481265,36.69738867311465,50.0,8.0,12.0,1777,1777,0,1488,1195,293,289,0.8373663477771525,0.6724817107484524,23.9,4.255769588759022,14.675075917890581,14.246646506646266,23.980968011999998,1.4330516727782898,2.4145559193612125,0.5775967102729256,0.8983212806932448,114.66996679465245,29.762030794519884,30,0.6377617131148604,0.9888390443281079,0.35107733121324763,75.57456203943046,23.5132027503231,{}
test,ram_heavy,hetero,high,tetris,1003,1.3,0.7811858601967409,1.2568856240481265,1.2568856240481265,36.69738867311465,50.0,8.0,12.0,1777,1777,0,1510,1214,296,267,0.8497467642093416,0.6831738885762522,24.28,3.901454643572247,16.824878801845408,13.892331561459493,26.030228399322255,1.3974079417226914,2.6420746272720304,0.5832867279659066,0.8991693333920814,104.4761725416386,28.860204937853492,30,0.6461020883567038,0.9866313990491439,0.34052931069244,76.04221805528738,23.368597674360466,{}
test,ram_heavy,hetero,high,hybrid,1003,1.3,0.7811858601967409,1.2568856240481265,1.2568856240481265,36.69738867311465,50.0,8.0,12.0,1777,1777,0,1510,1216,294,267,0.8497467642093416,0.6842993809791784,24.32,3.881703422695965,16.832912189320083,13.87258034058321,26.100290281998326,1.3955164865378038,2.650003940914553,0.5812661869012341,0.8992475986896238,103.86430164055628,27.92464118884964,30,0.6257406123375707,0.9859308378218192,0.36019022548424856,75.91540340700985,23.40763429093385,"{'alpha': 0.1, 'beta': 0.9, 'gamma': 0.0, 'source': 'phase3_tuning'}"
test,ram_heavy,hetero,high,binpack,1004,1.3,0.7694921653666301,1.285387647518097,1.285387647518097,33.009464270421624,50.0,8.0,12.0,1627,1627,0,1354,1086,268,273,0.8322065150583897,0.6674861708666256,21.72,5.222415819840497,16.798596849968575,15.263141622766636,26.22108359152942,1.5277803835394768,2.628971713774872,0.5609242053484879,0.9023209296532309,132.4057591890895,28.017969162845453,30,0.6308800531088479,0.9884255767240083,0.3575455236151606,76.83235305212919,21.175975163693263,{}
test,ram_heavy,hetero,high,spread,1004,1.3,0.7694921653666301,1.285387647518097,1.285387647518097,33.009464270421624,50.0,8.0,12.0,1627,1627,0,1356,1089,267,271,0.8334357713583282,0.6693300553165334,21.78,5.227495348749178,16.503276039821095,15.268221151675316,25.929673847167514,1.5281547434442895,2.6180335823405563,0.5597041438953285,0.9019183680495649,132.2550285269584,29.63093289116399,30,0.6223623337205613,0.9861792190221916,0.36381688530163037,77.07412538480466,21.10954865691887,{}
test,ram_heavy,hetero,high,tetris,1004,1.3,0.7694921653666301,1.285387647518097,1.285387647518097,33.009464270421624,50.0,8.0,12.0,1627,1627,0,1362,1094,268,265,0.8371235402581438,0.6724031960663799,21.88,5.101491008321987,16.796151358143398,15.142216811248128,26.252705002277175,1.5155191935685741,2.646975016147345,0.5625619621067787,0.9038029888823857,129.0296579691989,28.444773232964103,30,0.6352110982027612,0.9870995647821811,0.3518884665794199,76.53813404688158,21.25737738789687,{}
test,ram_heavy,hetero,high,hybrid,1004,1.3,0.7694921653666301,1.285387647518097,1.285387647518097,33.009464270421624,50.0,8.0,12.0,1627,1627,0,1360,1093,267,267,0.8358942839582053,0.6717885679164106,21.86,5.122026766434743,16.872808262604025,15.162752569360881,26.529605932015784,1.517613460293328,2.6784153133242494,0.5606830999054935,0.9029721828773353,129.7339577163757,27.86447885575123,30,0.6256288545604699,0.984505705459506,0.358876850899036,76.66694792165008,21.221661277852295,"{'alpha': 0.1, 'beta': 0.9, 'gamma': 0.0, 'source': 'phase3_tuning'}"
test,ram_heavy,hetero,high,binpack,1005,1.3,0.7505667930067312,1.2798055057300322,1.2798055057300322,33.94327710908704,50.0,8.0,12.0,1663,1663,0,1402,1123,279,261,0.8430547203848466,0.6752856283824413,22.46,5.194393961483937,17.89648977664563,15.238525833022676,27.976814173617342,1.5229088867470695,2.7281987094634674,0.5623586117251337,0.9179927430165429,141.04628984824092,28.38811658428181,30,0.6430826597135729,0.9818617555452923,0.33877909583171933,75.71750474327332,21.96321716673765,{}
test,ram_heavy,hetero,high,spread,1005,1.3,0.7505667930067312,1.2798055057300322,1.2798055057300322,33.94327710908704,50.0,8.0,12.0,1663,1663,0,1417,1134,283,246,0.85207456404089,0.6819001803968732,22.68,5.05835043513852,18.437645882690887,15.10248230667726,28.299593483428797,1.509032375078959,2.742995390575261,0.5643355439933666,0.9164226568171162,135.77880702259856,29.68714208302059,30,0.618046072762427,0.9827926747479111,0.36474660198548414,76.1329911670036,21.843355613758575,{}
test,ram_heavy,hetero,high,tetris,1005,1.3,0.7505667930067312,1.2798055057300322,1.2798055057300322,33.94327710908704,50.0,8.0,12.0,1663,1663,0,1419,1140,279,244,0.8532772098616958,0.6855081178592904,22.8,4.953687148448374,18.318690294661344,14.997819019987114,28.323439412060345,1.4984900322566426,2.7510411346626134,0.5649788556616983,0.9153161485198968,131.8648946164495,28.671949571402294,30,0.6255229461442671,0.9830847104242226,0.3575617642799556,76.26163269467709,21.806509266042426,{}
test,ram_heavy,hetero,high,hybrid,1005,1.3,0.7505667930067312,1.2798055057300322,1.2798055057300322,33.94327710908704,50.0,8.0,12.0,1663,1663,0,1412,1132,280,251,0.8490679494888755,0.6806975345760673,22.64,5.11054056997445,18.162000939191557,15.154672441513187,28.18503561091198,1.5143447509418015,2.7336259737760957,0.5622346911303362,0.9160731810650781,137.58700785389007,28.09397168099788,30,0.6325936867347022,0.9807819913534408,0.34830202102702174,76.14606073795262,21.83960646005066,"{'alpha': 0.1, 'beta': 0.9, 'gamma': 0.0, 'source': 'phase3_tuning'}"
test,ram_heavy,hetero,high,binpack,1006,1.3,0.8161766208079684,1.3123064949250178,1.3123064949250178,34.51839006571406,50.0,8.0,12.0,1748,1748,0,1404,1129,275,344,0.8032036613272311,0.6458810068649885,22.58,5.655151466705906,16.847156064446217,15.650123245708633,26.528014792957975,1.5759923479641198,2.693199061362808,0.5892626497679692,0.9110186153720241,149.25878601433106,28.243873820112302,30,0.6538865747893284,0.9877929577029955,0.333906382913667,76.76438597075521,22.77097612252031,{}
test,ram_heavy,hetero,high,spread,1006,1.3,0.8161766208079684,1.3123064949250178,1.3123064949250178,34.51839006571406,50.0,8.0,12.0,1748,1748,0,1409,1133,276,339,0.8060640732265446,0.6481693363844394,22.66,5.517826814314569,16.482690679210236,15.512798593317296,25.871005596476024,1.5621619481341147,2.6308461339179936,0.5923628755597662,0.9148498329281297,145.69256436930257,29.74647972979738,30,0.6470040791684528,0.9912232428916783,0.3442191637232254,76.64145106515411,22.80750136781723,{}
test,ram_heavy,hetero,high,tetris,1006,1.3,0.8161766208079684,1.3123064949250178,1.3123064949250178,34.51839006571406,50.0,8.0,12.0,1748,1748,0,1417,1139,278,331,0.8106407322654462,0.6516018306636155,22.78,5.439545305816913,17.785508129935003,15.434517084819639,27.46257534961196,1.554032987049683,2.803166579023785,0.5896471304553415,0.9122953064560178,143.2520457295111,28.84796061342331,30,0.6486889239431771,0.98927468954977,0.340585765606593,76.90997893121487,22.727869962925613,{}
test,ram_heavy,hetero,high,hybrid,1006,1.3,0.8161766208079684,1.3123064949250178,1.3123064949250178,34.51839006571406,50.0,8.0,12.0,1748,1748,0,1408,1132,276,340,0.8054919908466819,0.6475972540045767,22.64,5.581578182073174,16.952270118968393,15.5765499610759,26.518541226832284,1.5684436768079009,2.6986631451504883,0.5897737437935808,0.9128108166882241,147.21892625317003,27.9601771707324,30,0.6540397484079202,0.9890698437332678,0.3350300953253476,76.5176364499441,22.84440661132414,"{'alpha': 0.1, 'beta': 0.9, 'gamma': 0.0, 'source': 'phase3_tuning'}"
test,ram_heavy,hetero,high,binpack,1007,1.3,0.8999316770535172,1.3486109625148381,1.3486109625148381,38.89568746670863,50.0,8.0,12.0,2013,2013,0,1597,1271,326,416,0.7933432687531048,0.6313959264778937,25.42,7.011346629145772,17.960535570032462,17.013626792439194,28.364174798009216,1.7111835562287219,2.876496310714946,0.6225428200384129,0.9020282700759634,210.30728030291067,28.024535447282304,30,0.710439785710774,0.9880936749005286,0.27791973260911235,79.7270476446191,25.248645967337037,{}
test,ram_heavy,hetero,high,spread,1007,1.3,0.8999316770535172,1.3486109625148381,1.3486109625148381,38.89568746670863,50.0,8.0,12.0,2013,2013,0,1599,1274,325,414,0.7943368107302533,0.6328862394436164,25.48,6.863610490331864,17.92422576506555,16.865890653625286,28.058866791484363,1.696132679789136,2.8265637369058996,0.6238270840282244,0.9065836180483755,207.33891418957862,29.727958728290737,30,0.7087984118002064,0.990070700098563,0.2812722882983565,79.67579263675071,25.26488828517154,{}
test,ram_heavy,hetero,high,tetris,1007,1.3,0.8999316770535172,1.3486109625148381,1.3486109625148381,38.89568746670863,50.0,8.0,12.0,2013,2013,0,1607,1285,322,406,0.7983109786388475,0.6383507203179334,25.7,6.700989360222238,17.90857213835293,16.703269523515658,28.06006080373613,1.6796869713029843,2.8590191547649546,0.6263512202538548,0.9067151892755517,199.85995377370347,28.594173139206838,30,0.7074454280179899,0.986206508599899,0.2789599345944072,79.44486432211366,25.33832762100491,{}
test,ram_heavy,hetero,high,hybrid,1007,1.3,0.8999316770535172,1.3486109625148381,1.3486109625148381,38.89568746670863,50.0,8.0,12.0,2013,2013,0,1603,1276,327,410,0.7963238946845504,0.6338797814207651,25.52,6.825080511405439,17.757058878403505,16.82736067469886,28.107544194573663,1.6923272221994539,2.846650789761907,0.6243781717902795,0.9068820175046858,205.58312847475153,27.8411751387152,30,0.7093053571160526,0.9904485324554931,0.2813420293519387,79.4599804125885,25.33350737752119,"{'alpha': 0.1, 'beta': 0.9, 'gamma': 0.0, 'source': 'phase3_tuning'}"
test,ram_heavy,hetero,high,binpack,1008,1.3,0.8204273575833523,1.3068298695457539,1.3068298695457539,33.91420942209501,50.0,8.0,12.0,1707,1707,0,1386,1104,282,321,0.81195079086116,0.6467486818980668,22.08,5.6555021789833395,17.885713210562002,15.639670001549026,27.277653974293344,1.5748639040640282,2.733998917349772,0.5966967504000386,0.9034841051416238,146.19485881704156,28.174002323973937,30,0.672083330596969,0.9858600528848537,0.3141893320485941,77.45892730412166,22.037485663827017,{}
test,ram_heavy,hetero,high,spread,1008,1.3,0.8204273575833523,1.3068298695457539,1.3068298695457539,33.91420942209501,50.0,8.0,12.0,1707,1707,0,1379,1102,277,328,0.8078500292911541,0.645577035735208,22.04,5.658458108825208,16.005118310525866,15.642625931390896,26.19465937270276,1.5752122900462713,2.6683909746423504,0.593892846356787,0.9078151980677833,146.21278474248163,29.73463036736449,30,0.6624259225390701,0.990180951125568,0.3282611114546417,76.99981486335307,22.168884471077106,{}
test,ram_heavy,hetero,high,tetris,1008,1.3,0.8204273575833523,1.3068298695457539,1.3068298695457539,33.91420942209501,50.0,8.0,12.0,1707,1707,0,1373,1101,272,334,0.8043350908025776,0.6449912126537786,22.02,5.698388887912355,16.047027621669542,15.68255671047804,25.929595877777146,1.579460145192729,2.6346656202535037,0.5927798836156287,0.9103221095019315,148.37568302512753,28.585354489138062,30,0.6663375475134636,0.988449668949825,0.32214574514854305,76.91980487113428,22.191943971513982,{}
test,ram_heavy,hetero,high,hybrid,1008,1.3,0.8204273575833523,1.3068298695457539,1.3068298695457539,33.91420942209501,50.0,8.0,12.0,1707,1707,0,1387,1110,277,320,0.8125366139425894,0.6502636203866432,22.2,5.539956731888016,17.454953273009075,15.524124554453703,26.94489556842212,1.563449766889098,2.670671773563834,0.592271722469097,0.9100836957264349,144.85260826724993,27.971313028170986,30,0.6754533201849309,0.990576635325791,0.31593517321991726,77.48570356369775,22.029870305000802,"{'alpha': 0.1, 'beta': 0.9, 'gamma': 0.0, 'source': 'phase3_tuning'}"
test,ram_heavy,hetero,high,binpack,1009,1.3,0.9041715624943047,1.3104284562468307,1.3104284562468307,37.90871010858584,50.0,8.0,12.0,1914,1914,0,1540,1233,307,374,0.8045977011494253,0.6442006269592476,24.66,6.088855630679313,19.01142407247592,16.086486565424607,28.39453908928325,1.61939332624707,2.8286565239991526,0.6485855420908764,0.9077587479183604,180.09363209478687,28.194217680164535,30,0.7180911518517783,0.9908710646678925,0.2727799128161143,77.49766948719991,24.697516875860767,{}
test,ram_heavy,hetero,high,spread,1009,1.3,0.9041715624943047,1.3104284562468307,1.3104284562468307,37.90871010858584,50.0,8.0,12.0,1914,1914,0,1559,1251,308,355,0.8145245559038663,0.6536050156739812,25.02,5.788236861009565,20.52513239063726,15.785867795754859,29.73205108406725,1.5888679141915338,2.937374902662387,0.6522695086310004,0.9110476887290673,171.5892762066182,29.77513514573902,30,0.7273759149502472,0.9911210417163783,0.2637451267661311,77.41127673344596,24.72507986905538,{}
test,ram_heavy,hetero,high,tetris,1009,1.3,0.9041715624943047,1.3104284562468307,1.3104284562468307,37.90871010858584,50.0,8.0,12.0,1914,1914,0,1564,1255,309,350,0.8171368861024033,0.6556948798328108,25.1,5.666374339499619,19.919138392283863,15.664005274244913,29.424576916157527,1.5767038649666851,2.9311773528947804,0.6558427893321283,0.9137209819717877,167.57383438948833,28.891627079053986,30,0.7230321534158671,0.9890840730165957,0.2660519196007286,77.73375443223173,24.62250812378585,{}
test,ram_heavy,hetero,high,hybrid,1009,1.3,0.9041715624943047,1.3104284562468307,1.3104284562468307,37.90871010858584,50.0,8.0,12.0,1914,1914,0,1562,1254,308,352,0.8160919540229885,0.6551724137931034,25.08,5.703067404830979,20.83163354417077,15.700698339576274,29.93514561739,1.5803521964815006,2.958510739174145,0.6536580678203222,0.9124705520139156,168.93679203124145,28.020183037818274,30,0.7203538715943076,0.9885613773863609,0.268318694854991,77.69815746535348,24.633788785190628,"{'alpha': 0.1, 'beta': 0.9, 'gamma': 0.0, 'source': 'phase3_tuning'}"
test,bimodal,homog,low,binpack,1000,0.7,0.7094992254241255,0.42612049414426784,0.7094992254241255,16.128,50.0,8.0,12.0,825,825,0,825,659,166,0,1.0,0.7987878787878788,13.18,0.0,0.0,9.935294963782498,11.736798172747935,1.0,1.0000000000000004,0.6399044866151572,0.38687846565309847,0.0,21.700745025280945,25,0.7147569444444444,0.3982291666666667,0.32180555555555557,61.79685552500513,13.350193840626352,{}
test,bimodal,homog,low,spread,1000,0.7,0.7094992254241255,0.42612049414426784,0.7094992254241255,16.128,50.0,8.0,12.0,825,825,0,825,659,166,0,1.0,0.7987878787878788,13.18,0.0,0.0,9.935294963782498,11.736798172747935,1.0,1.0000000000000004,0.6399044866151572,0.38687846565309847,0.0,29.31700029116425,30,0.7147569444444444,0.3982291666666667,0.41041666666666665,61.79685552500513,13.350193840626352,{}
test,bimodal,homog,low,tetris,1000,0.7,0.7094992254241255,0.42612049414426784,0.7094992254241255,16.128,50.0,8.0,12.0,825,825,0,825,659,166,0,1.0,0.7987878787878788,13.18,0.0,0.0,9.935294963782498,11.736798172747935,1.0,1.0000000000000004,0.6399044866151572,0.38687846565309847,0.0,28.643782882127308,30,0.7147569444444444,0.3982291666666667,0.3165277777777778,61.79685552500513,13.350193840626352,{}
test,bimodal,homog,low,hybrid,1000,0.7,0.7094992254241255,0.42612049414426784,0.7094992254241255,16.128,50.0,8.0,12.0,825,825,0,825,659,166,0,1.0,0.7987878787878788,13.18,0.0,0.0,9.935294963782498,11.736798172747935,1.0,1.0000000000000004,0.6399044866151572,0.38687846565309847,0.0,28.212174942288275,30,0.7147569444444444,0.3982291666666667,0.3165277777777778,61.79685552500513,13.350193840626352,"{'alpha': 0.1, 'beta': 0.9, 'gamma': 0.0, 'source': 'phase3_tuning'}"
test,bimodal,homog,low,binpack,1001,0.7,0.6979539402600743,0.4196240332564134,0.6979539402600743,16.128,50.0,8.0,12.0,803,803,0,803,652,151,0,1.0,0.8119551681195517,13.04,0.0,0.0,10.021025270295288,11.80206045997937,1.0,1.0000000000000004,0.6262917732037416,0.3824180546073498,0.0,21.26591373122942,25,0.7085069444444444,0.35822916666666665,0.36777777777777776,60.67168807650542,13.235168254877594,{}
test,bimodal,homog,low,spread,1001,0.7,0.6979539402600743,0.4196240332564134,0.6979539402600743,16.128,50.0,8.0,12.0,803,803,0,803,652,151,0,1.0,0.8119551681195517,13.04,0.0,0.0,10.021025270295288,11.80206045997937,1.0,1.0000000000000004,0.6262917732037416,0.3824180546073498,0.0,29.468569584822273,30,0.7085069444444444,0.35822916666666665,0.4568055555555555,60.67168807650542,13.235168254877594,{}
test,bimodal,homog,low,tetris,1001,0.7,0.6979539402600743,0.4196240332564134,0.6979539402600743,16.128,50.0,8.0,12.0,803,803,0,803,652,151,0,1.0,0.8119551681195517,13.04,0.0,0.0,10.021025270295288,11.80206045997937,1.0,1.0000000000000004,0.6262917732037416,0.3824180546073498,0.0,29.029663168598553,30,0.7085069444444444,0.35822916666666665,0.3511111111111111,60.67168807650542,13.235168254877594,{}
test,bimodal,homog,low,hybrid,1001,0.7,0.6979539402600743,0.4196240332564134,0.6979539402600743,16.128,50.0,8.0,12.0,803,803,0,803,652,151,0,1.0,0.8119551681195517,13.04,0.0,0.0,10.021025270295288,11.80206045997937,1.0,1.0000000000000004,0.6262917732037416,0.3824180546073498,0.0,28.47067086820388,30,0.7085069444444444,0.35822916666666665,0.35027777777777774,60.67168807650542,13.235168254877594,"{'alpha': 0.1, 'beta': 0.9, 'gamma': 0.0, 'source': 'phase3_tuning'}"
test,bimodal,homog,low,binpack,1002,0.7,0.6979557373765761,0.4153793883947777,0.6979557373765761,16.128,50.0,8.0,12.0,803,803,0,803,641,162,0,1.0,0.7982565379825654,12.82,0.0,0.0,9.97432335694113,11.787864117778682,1.0,1.0000000000000004,0.6228156340262767,0.3712046889568182,0.0,20.916379688734754,23,0.6947916666666667,0.426875,0.2758333333333333,61.30076799054342,13.099346489816817,{}
test,bimodal,homog,low,spread,1002,0.7,0.6979557373765761,0.4153793883947777,0.6979557373765761,16.128,50.0,8.0,12.0,803,803,0,803,641,162,0,1.0,0.7982565379825654,12.82,0.0,0.0,9.97432335694113,11.787864117778682,1.0,1.0000000000000004,0.6228156340262767,0.3712046889568182,0.0,29.513936369376474,30,0.6947916666666667,0.426875,0.41333333333333333,61.30076799054342,13.099346489816817,{}
test,bimodal,homog,low,tetris,1002,0.7,0.6979557373765761,0.4153793883947777,0.6979557373765761,16.128,50.0,8.0,12.0,803,803,0,803,641,162,0,1.0,0.7982565379825654,12.82,0.0,0.0,9.97432335694113,11.787864117778682,1.0,1.0000000000000004,0.6228156340262767,0.3712046889568182,0.0,28.847927947488092,30,0.6947916666666667,0.426875,0.26791666666666664,61.30076799054342,13.099346489816817,{}
test,bimodal,homog,low,hybrid,1002,0.7,0.6979557373765761,0.4153793883947777,0.6979557373765761,16.128,50.0,8.0,12.0,803,803,0,803,641,162,0,1.0,0.7982565379825654,12.82,0.0,0.0,9.97432335694113,11.787864117778682,1.0,1.0000000000000004,0.6228156340262767,0.3712046889568182,0.0,28.168409839609488,30,0.6947916666666667,0.426875,0.2797222222222222,61.30076799054342,13.099346489816817,"{'alpha': 0.1, 'beta': 0.9, 'gamma': 0.0, 'source': 'phase3_tuning'}"
test,bimodal,homog,low,binpack,1003,0.7,0.6614252954528191,0.3956101036033902,0.6614252954528191,16.128,50.0,8.0,12.0,761,761,0,761,587,174,0,1.0,0.771353482260184,11.74,0.0,0.0,9.989014790485308,11.832042282236934,1.0,1.0000000000000004,0.5847513901530665,0.34124233481756905,0.0,19.922563404649598,23,0.7234375,0.4971875,0.24416666666666667,61.04014451935472,12.467205082692765,{}
test,bimodal,homog,low,spread,1003,0.7,0.6614252954528191,0.3956101036033902,0.6614252954528191,16.128,50.0,8.0,12.0,761,761,0,761,587,174,0,1.0,0.771353482260184,11.74,0.0,0.0,9.989014790485308,11.832042282236934,1.0,1.0000000000000004,0.5847513901530665,0.34124233481756905,0.0,29.548399231789848,30,0.7234375,0.4971875,0.44708333333333333,61.04014451935472,12.467205082692765,{}
test,bimodal,homog,low,tetris,1003,0.7,0.6614252954528191,0.3956101036033902,0.6614252954528191,16.128,50.0,8.0,12.0,761,761,0,761,587,174,0,1.0,0.771353482260184,11.74,0.0,0.0,9.989014790485308,11.832042282236934,1.0,1.0000000000000004,0.5847513901530665,0.34124233481756905,0.0,29.14394872130089,30,0.7234375,0.4971875,0.22958333333333333,61.04014451935472,12.467205082692765,{}
test,bimodal,homog,low,hybrid,1003,0.7,0.6614252954528191,0.3956101036033902,0.6614252954528191,16.128,50.0,8.0,12.0,761,761,0,761,587,174,0,1.0,0.771353482260184,11.74,0.0,0.0,9.989014790485308,11.832042282236934,1.0,1.0000000000000004,0.5847513901530665,0.34124233481756905,0.0,28.488171902822263,30,0.7234375,0.4971875,0.23291666666666666,61.04014451935472,12.467205082692765,"{'alpha': 0.1, 'beta': 0.9, 'gamma': 0.0, 'source': 'phase3_tuning'}"
test,bimodal,homog,low,binpack,1004,0.7,0.7017581212826355,0.4254477283499126,0.7017581212826355,16.128,50.0,8.0,12.0,809,809,0,809,654,155,0,1.0,0.8084054388133498,13.08,0.0,0.0,10.036456181443395,11.819548386290862,1.0,1.0000000000000004,0.638209369680443,0.3823816880531069,0.0,21.85781571167315,25,0.6664930555555556,0.4292708333333334,0.24694444444444444,61.75579222787554,13.099985779711702,{}
test,bimodal,homog,low,spread,1004,0.7,0.7017581212826355,0.4254477283499126,0.7017581212826355,16.128,50.0,8.0,12.0,809,809,0,809,654,155,0,1.0,0.8084054388133498,13.08,0.0,0.0,10.036456181443395,11.819548386290862,1.0,1.0000000000000004,0.638209369680443,0.3823816880531069,0.0,29.29373124645451,30,0.6664930555555556,0.4292708333333334,0.3973611111111111,61.75579222787554,13.099985779711702,{}
test,bimodal,homog,low,tetris,1004,0.7,0.7017581212826355,0.4254477283499126,0.7017581212826355,16.128,50.0,8.0,12.0,809,809,0,809,654,155,0,1.0,0.8084054388133498,13.08,0.0002346643707416795,0.0,10.036690845814137,11.819548386290862,1.0000198660756936,1.0000000000000004,0.6382093696804432,0.38238168805310685,0.003796869518600374,28.423662301738695,30,0.6664930555555556,0.4292708333333334,0.25375,61.75579222787554,13.099985779711702,{}
test,bimodal,homog,low,hybrid,1004,0.7,0.7017581212826355,0.4254477283499126,0.7017581212826355,16.128,50.0,8.0,12.0,809,809,0,809,654,155,0,1.0,0.8084054388133498,13.08,0.0,0.0,10.036456181443395,11.819548386290862,1.0,1.0000000000000004,0.638209369680443,0.3823816880531069,0.0,27.707362015456354,28,0.6664930555555556,0.4292708333333334,0.2520833333333333,61.75579222787554,13.099985779711702,"{'alpha': 0.1, 'beta': 0.9, 'gamma': 0.0, 'source': 'phase3_tuning'}"
test,bimodal,homog,low,binpack,1005,0.7,0.7035776235923895,0.4232298290607319,0.7035776235923895,16.128,50.0,8.0,12.0,811,811,0,811,655,156,0,1.0,0.8076448828606658,13.1,0.0,0.0,10.010204902936358,11.782477565714679,1.0,1.0000000000000004,0.6300131379096319,0.378144679933342,0.0,21.514372663268883,21,0.646875,0.38687499999999997,0.2694444444444445,61.36974442003305,13.214980894319378,{}
test,bimodal,homog,low,spread,1005,0.7,0.7035776235923895,0.4232298290607319,0.7035776235923895,16.128,50.0,8.0,12.0,811,811,0,811,655,156,0,1.0,0.8076448828606658,13.1,0.0,0.0,10.010204902936358,11.782477565714679,1.0,1.0000000000000004,0.6300131379096319,0.378144679933342,0.0,29.40179151772314,30,0.646875,0.38687499999999997,0.37569444444444444,61.36974442003305,13.214980894319378,{}
test,bimodal,homog,low,tetris,1005,0.7,0.7035776235923895,0.4232298290607319,0.7035776235923895,16.128,50.0,8.0,12.0,811,811,0,811,655,156,0,1.0,0.8076448828606658,13.1,0.0,0.0,10.010204902936358,11.782477565714679,1.0,1.0000000000000004,0.6300131379096319,0.378144679933342,0.0,28.908498175488262,30,0.646875,0.38687499999999997,0.26,61.36974442003305,13.214980894319378,{}
test,bimodal,homog,low,hybrid,1005,0.7,0.7035776235923895,0.4232298290607319,0.7035776235923895,16.128,50.0,8.0,12.0,811,811,0,811,655,156,0,1.0,0.8076448828606658,13.1,0.0,0.0,10.010204902936358,11.782477565714679,1.0,1.0000000000000004,0.6300131379096319,0.378144679933342,0.0,28.35553521231671,30,0.646875,0.38687499999999997,0.26763888888888887,61.36974442003305,13.214980894319378,"{'alpha': 0.1, 'beta': 0.9, 'gamma': 0.0, 'source': 'phase3_tuning'}"
test,bimodal,homog,low,binpack,1006,0.7,0.7080643620678285,0.42311469411095504,0.7080643620678285,16.128,50.0,8.0,12.0,809,809,0,809,650,159,0,1.0,0.8034610630407911,13.0,0.0,0.0,10.035700692401255,11.814857587461688,1.0,1.0000000000000002,0.6328851616276212,0.3811776434087143,0.0,21.362558133882338,23,0.6838541666666667,0.4084375,0.2776388888888889,61.9209388564298,13.065047380430576,{}
test,bimodal,homog,low,spread,1006,0.7,0.7080643620678285,0.42311469411095504,0.7080643620678285,16.128,50.0,8.0,12.0,809,809,0,809,650,159,0,1.0,0.8034610630407911,13.0,0.0,0.0,10.035700692401255,11.814857587461688,1.0,1.0000000000000002,0.6328851616276212,0.3811776434087143,0.0,29.550712544354102,30,0.6838541666666667,0.4084375,0.44625,61.9209388564298,13.065047380430576,{}
test,bimodal,homog,low,tetris,1006,0.7,0.7080643620678285,0.42311469411095504,0.7080643620678285,16.128,50.0,8.0,12.0,809,809,0,809,650,159,0,1.0,0.8034610630407911,13.0,0.0,0.0,10.035700692401255,11.814857587461688,1.0,1.0000000000000002,0.6328851616276212,0.3811776434087143,0.0,28.891143880621176,30,0.6838541666666667,0.4084375,0.2872222222222222,61.9209388564298,13.065047380430576,{}
test,bimodal,homog,low,hybrid,1006,0.7,0.7080643620678285,0.42311469411095504,0.7080643620678285,16.128,50.0,8.0,12.0,809,809,0,809,650,159,0,1.0,0.8034610630407911,13.0,0.0,0.0,10.035700692401255,11.814857587461688,1.0,1.0000000000000002,0.6328851616276212,0.3811776434087143,0.0,28.191654350003446,30,0.6838541666666667,0.4084375,0.27541666666666664,61.9209388564298,13.065047380430576,"{'alpha': 0.1, 'beta': 0.9, 'gamma': 0.0, 'source': 'phase3_tuning'}"
test,bimodal,homog,low,binpack,1007,0.7,0.7570062226151604,0.4590086000759567,0.7570062226151604,16.128,50.0,8.0,12.0,874,874,0,874,669,205,0,1.0,0.7654462242562929,13.38,0.0023425440668753215,0.0,10.02447901493098,11.872617006534886,1.0002488780317,1.0000000000000004,0.6618061630385986,0.40784075016465293,0.040947670288980616,22.196850400718333,30,0.9272569444444444,0.5394791666666666,0.38999999999999996,61.32978647878831,14.250824113047974,{}
test,bimodal,homog,low,spread,1007,0.7,0.7570062226151604,0.4590086000759567,0.7570062226151604,16.128,50.0,8.0,12.0,874,874,0,874,669,205,0,1.0,0.7654462242562929,13.38,0.00900196602382161,0.0,10.031138436887925,11.876052049249395,1.0009444510381673,1.0000000000000004,0.6608792254213138,0.40764283248153793,0.15735436609640174,29.359294314823263,30,0.9272569444444444,0.5394791666666666,0.3877777777777778,61.32978647878831,14.250824113047974,{}
test,bimodal,homog,low,tetris,1007,0.7,0.7570062226151604,0.4590086000759567,0.7570062226151604,16.128,50.0,8.0,12.0,874,874,0,873,669,204,1,0.9988558352402745,0.7654462242562929,13.38,0.007100466224942541,0.0,10.029236937089047,11.876052049249395,1.0007433437331432,1.0000000000000004,0.6610705240406776,0.4077121044661966,0.12158452410288717,28.909065739230872,30,0.9161458333333333,0.5378124999999999,0.3852777777777778,61.32978647878831,14.250824113047974,{}
test,bimodal,homog,low,hybrid,1007,0.7,0.7570062226151604,0.4590086000759567,0.7570062226151604,16.128,50.0,8.0,12.0,874,874,0,873,669,204,1,0.9988558352402745,0.7654462242562929,13.38,0.007850808935420995,0.0,10.029987279799526,11.874912481112055,1.0008182225719944,1.0000000000000004,0.6610422335047051,0.4077113266583479,0.13470051468205058,27.97874076759034,30,0.9161458333333333,0.5378124999999999,0.3786111111111111,61.32978647878831,14.250824113047974,"{'alpha': 0.1, 'beta': 0.9, 'gamma': 0.0, 'source': 'phase3_tuning'}"
test,bimodal,homog,low,binpack,1008,0.7,0.6962220647324759,0.4195236229875384,0.6962220647324759,16.128,50.0,8.0,12.0,803,803,0,803,647,156,0,1.0,0.8057285180572852,12.94,0.0,0.0,9.974109724963869,11.78242336874562,1.0,1.0000000000000004,0.6314534413302957,0.37161851462227186,0.0,21.629834282626327,24,0.621875,0.43312500000000004,0.24041666666666667,61.54136139030328,13.048135138045941,{}
test,bimodal,homog,low,spread,1008,0.7,0.6962220647324759,0.4195236229875384,0.6962220647324759,16.128,50.0,8.0,12.0,803,803,0,803,647,156,0,1.0,0.8057285180572852,12.94,0.0,0.0,9.974109724963869,11.78242336874562,1.0,1.0000000000000004,0.6314534413302957,0.37161851462227186,0.0,29.487525191090757,30,0.621875,0.43312500000000004,0.3063888888888889,61.54136139030328,13.048135138045941,{}
test,bimodal,homog,low,tetris,1008,0.7,0.6962220647324759,0.4195236229875384,0.6962220647324759,16.128,50.0,8.0,12.0,803,803,0,803,647,156,0,1.0,0.8057285180572852,12.94,0.0,0.0,9.974109724963869,11.78242336874562,1.0,1.0000000000000004,0.6314534413302957,0.37161851462227186,0.0,28.915243235351383,29,0.621875,0.43312500000000004,0.19958333333333336,61.54136139030328,13.048135138045941,{}
test,bimodal,homog,low,hybrid,1008,0.7,0.6962220647324759,0.4195236229875384,0.6962220647324759,16.128,50.0,8.0,12.0,803,803,0,803,647,156,0,1.0,0.8057285180572852,12.94,0.0,0.0,9.974109724963869,11.78242336874562,1.0,1.0000000000000004,0.6314534413302957,0.37161851462227186,0.0,28.473156065953287,30,0.621875,0.43312500000000004,0.22055555555555553,61.54136139030328,13.048135138045941,"{'alpha': 0.1, 'beta': 0.9, 'gamma': 0.0, 'source': 'phase3_tuning'}"
test,bimodal,homog,low,binpack,1009,0.7,0.7128086523071041,0.431435478652736,0.7128086523071041,16.128,50.0,8.0,12.0,824,824,0,824,654,170,0,1.0,0.7936893203883495,13.08,0.0,0.0,9.995088844617625,11.821070664133337,1.0,1.0000000000000004,0.6492950245257433,0.39098575965236426,0.0,22.045230519598835,25,0.6675347222222222,0.40677083333333336,0.2710416666666667,61.63549372274991,13.368920247585496,{}
test,bimodal,homog,low,spread,1009,0.7,0.7128086523071041,0.431435478652736,0.7128086523071041,16.128,50.0,8.0,12.0,824,824,0,824,654,170,0,1.0,0.7936893203883495,13.08,0.0,0.0,9.995088844617625,11.821070664133337,1.0,1.0000000000000004,0.6492950245257433,0.39098575965236426,0.0,29.507730948278553,30,0.6675347222222222,0.40677083333333336,0.37687499999999996,61.63549372274991,13.368920247585496,{}
test,bimodal,homog,low,tetris,1009,0.7,0.7128086523071041,0.431435478652736,0.7128086523071041,16.128,50.0,8.0,12.0,824,824,0,824,654,170,0,1.0,0.7936893203883495,13.08,0.0,0.0,9.995088844617625,11.821070664133337,1.0,1.0000000000000004,0.6492950245257433,0.39098575965236426,0.0,29.187868372041116,30,0.6675347222222222,0.40677083333333336,0.28173611111111113,61.63549372274991,13.368920247585496,{}
test,bimodal,homog,low,hybrid,1009,0.7,0.7128086523071041,0.431435478652736,0.7128086523071041,16.128,50.0,8.0,12.0,824,824,0,824,654,170,0,1.0,0.7936893203883495,13.08,0.0,0.0,9.995088844617625,11.821070664133337,1.0,1.0000000000000004,0.6492950245257433,0.39098575965236426,0.0,28.675786028587595,29,0.6675347222222222,0.40677083333333336,0.26187499999999997,61.63549372274991,13.368920247585496,"{'alpha': 0.1, 'beta': 0.9, 'gamma': 0.0, 'source': 'phase3_tuning'}"
test,bimodal,homog,med,binpack,1000,1.0,1.055562838377195,0.6323648148225511,1.055562838377195,23.04,50.0,8.0,12.0,1218,1218,0,1164,926,238,54,0.9556650246305419,0.7602627257799671,18.52,0.6935237498101026,4.54829795411964,10.668646912832232,14.542530434622968,1.0705650239142352,1.4575552785164865,0.8685715902423362,0.5490951471183867,14.091233257881253,27.175222651859208,30,0.984548611111111,0.6144791666666667,0.37229166666666663,66.67042475830245,18.268970153041103,{}
test,bimodal,homog,med,spread,1000,1.0,1.055562838377195,0.6323648148225511,1.055562838377195,23.04,50.0,8.0,12.0,1218,1218,0,1159,923,236,59,0.951559934318555,0.7577996715927751,18.46,0.7343491538922171,4.767894159708405,10.709472316914345,14.976975091964128,1.0746769813295816,1.4808030405518702,0.8632776786629448,0.5486343058671795,14.983556376447618,29.52190020381503,30,0.9873263888888889,0.6055208333333333,0.3818055555555555,66.7742433178714,18.2405661147195,{}
test,bimodal,homog,med,tetris,1000,1.0,1.055562838377195,0.6323648148225511,1.055562838377195,23.04,50.0,8.0,12.0,1218,1218,0,1162,923,239,56,0.9540229885057471,0.7577996715927751,18.46,0.739139304992392,5.182524693293203,10.714262468014521,15.151959746312428,1.0752073134693023,1.5137507446955358,0.8614030104517326,0.5495359913107023,14.96530561763368,29.231256699393963,30,0.9810763888888889,0.6155208333333333,0.3655555555555556,66.56026562470466,18.299205818492474,{}
test,bimodal,homog,med,hybrid,1000,1.0,1.055562838377195,0.6323648148225511,1.055562838377195,23.04,50.0,8.0,12.0,1218,1218,0,1164,925,239,54,0.9556650246305419,0.7594417077175698,18.5,0.6798098143307982,4.189029297675518,10.654932977352928,14.691469586345917,1.0692188676230678,1.41779166617655,0.8656874204011202,0.5492633754028353,13.872328928346688,28.95614203078057,30,0.9836805555555556,0.6108333333333333,0.3747916666666667,67.09263937694055,18.154003349861078,"{'alpha': 0.1, 'beta': 0.9, 'gamma': 0.0, 'source': 'phase3_tuning'}"
test,bimodal,homog,med,binpack,1001,1.0,0.9706154183366907,0.5826089136015488,0.9706154183366907,23.04,50.0,8.0,12.0,1116,1116,0,1115,897,218,1,0.9991039426523297,0.803763440860215,17.94,0.4533063143582811,2.389462133356677,10.446456820650413,12.92800687138977,1.0459705532317538,1.232482253839457,0.8765810326238718,0.5234149455783494,10.113184142155369,27.330062715894385,30,0.9222222222222223,0.5789583333333332,0.3452083333333333,61.386532850245075,18.179883244465476,{}
test,bimodal,homog,med,spread,1001,1.0,0.9706154183366907,0.5826089136015488,0.9706154183366907,23.04,50.0,8.0,12.0,1116,1116,0,1114,899,215,2,0.9982078853046595,0.8055555555555556,17.98,0.3961779898656334,1.9574231264733655,10.389328496157768,12.578690607060938,1.0402104128066683,1.2012443418084526,0.8806971345385602,0.5241552748306553,8.826875888913206,29.62799870937561,30,0.8972222222222223,0.5689583333333333,0.3340972222222222,61.386532850245075,18.179883244465476,{}
test,bimodal,homog,med,tetris,1001,1.0,0.9706154183366907,0.5826089136015488,0.9706154183366907,23.04,50.0,8.0,12.0,1116,1116,0,1113,895,218,3,0.9973118279569892,0.8019713261648745,17.9,0.5173167182671373,2.570556309133668,10.510467224559271,13.085139529288458,1.0525560486794507,1.2576450045928882,0.8742228693503826,0.5229800293439584,11.501042111336819,29.24352130654527,30,0.9180555555555556,0.5658333333333334,0.3565277777777778,61.386532850245075,18.179883244465476,{}
test,bimodal,homog,med,hybrid,1001,1.0,0.9706154183366907,0.5826089136015488,0.9706154183366907,23.04,50.0,8.0,12.0,1116,1116,0,1114,895,219,2,0.9982078853046595,0.8019713261648745,17.9,0.48697140160925706,2.374322827962537,10.48012190790139,12.953496400743887,1.0494027204439849,1.234815714157811,0.8772547313136169,0.5231150595689317,10.84438572555634,29.00894078082179,30,0.9166666666666666,0.584375,0.3439583333333333,61.386532850245075,18.179883244465476,"{'alpha': 0.1, 'beta': 0.9, 'gamma': 0.0, 'source': 'phase3_tuning'}"
test,bimodal,homog,med,binpack,1002,1.0,1.0089342598127908,0.6059112895041385,1.0089342598127908,23.04,50.0,8.0,12.0,1168,1168,0,1151,913,238,17,0.985445205479452,0.7816780821917808,18.26,0.3500218582061785,1.8131778027050274,10.303945491761821,12.395145017782212,1.0357217637426304,1.1861289870252474,0.8765918134997237,0.5379456061632367,7.699114621962534,27.288577824874743,30,0.9814236111111111,0.6288541666666667,0.35451388888888885,64.3635394375748,18.146919983056947,{}
test,bimodal,homog,med,spread,1002,1.0,1.0089342598127908,0.6059112895041385,1.0089342598127908,23.04,50.0,8.0,12.0,1168,1168,0,1146,908,238,22,0.9811643835616438,0.7773972602739726,18.16,0.46468045292677257,2.2332380213693135,10.418604086482416,12.853616630956694,1.047264978271316,1.235819241437284,0.8709795487310403,0.537582766966717,10.0921714994753,29.659755458563577,30,0.9730902777777778,0.6276041666666666,0.3454861111111111,64.93335551746583,17.987673526063663,{}
test,bimodal,homog,med,tetris,1002,1.0,1.0089342598127908,0.6059112895041385,1.0089342598127908,23.04,50.0,8.0,12.0,1168,1168,0,1143,906,237,25,0.978595890410959,0.7756849315068494,18.12,0.4857058452502673,2.362229754625652,10.43962947880591,12.993115772824972,1.0494448647662076,1.2548623107152221,0.8688272991168204,0.5369909055919213,10.522917069128745,29.358018157243517,30,0.9744791666666667,0.6278125,0.34694444444444444,64.955082843482,17.981656690584984,{}
test,bimodal,homog,med,hybrid,1002,1.0,1.0089342598127908,0.6059112895041385,1.0089342598127908,23.04,50.0,8.0,12.0,1168,1168,0,1146,908,238,22,0.9811643835616438,0.7773972602739726,18.16,0.40854964276908967,2.141711118752646,10.362473276324733,12.68346175997992,1.0415189504624536,1.2313774273152087,0.8719730803978378,0.5378088351405194,8.78222731025827,29.007009624635952,30,0.9730902777777778,0.6276041666666666,0.3454861111111111,64.79421931125718,18.02629945102332,"{'alpha': 0.1, 'beta': 0.9, 'gamma': 0.0, 'source': 'phase3_tuning'}"
test,bimodal,homog,med,binpack,1003,1.0,0.9394167299237516,0.5613348290811656,0.9394167299237516,23.04,50.0,8.0,12.0,1083,1083,0,1082,859,223,1,0.9990766389658357,0.7931671283471837,17.18,0.16851077946949478,1.1328117649809144,10.160086756364706,11.940273388967135,1.0172164782470954,1.1127719960198328,0.8376669378148582,0.5019129582510581,3.642164120567777,26.969182398730563,30,0.9579861111111111,0.5804166666666667,0.3854861111111111,61.408454803630725,17.636007996996018,{}
test,bimodal,homog,med,spread,1003,1.0,0.9394167299237516,0.5613348290811656,0.9394167299237516,23.04,50.0,8.0,12.0,1083,1083,0,1082,859,223,1,0.9990766389658357,0.7931671283471837,17.18,0.19813119734767629,1.1975867589504574,10.189707174242887,11.979584877447845,1.020239125602529,1.126782781883094,0.8362451159065656,0.5017863766366615,4.283745547645047,29.683879462252936,30,0.9579861111111111,0.5804166666666667,0.37756944444444446,61.408454803630725,17.636007996996018,{}
test,bimodal,homog,med,tetris,1003,1.0,0.9394167299237516,0.5613348290811656,0.9394167299237516,23.04,50.0,8.0,12.0,1083,1083,0,1080,857,223,3,0.997229916897507,0.791320406278855,17.14,0.24290054015685716,1.5619614326942752,10.23447651705207,12.022268559184297,1.0248691878034168,1.1553584025531185,0.8330299360667159,0.5012030430451773,5.249303556110757,28.88935221326876,30,0.9538194444444444,0.5860416666666667,0.36777777777777776,61.48831493262013,17.613102606353234,{}
test,bimodal,homog,med,hybrid,1003,1.0,0.9394167299237516,0.5613348290811656,0.9394167299237516,23.04,50.0,8.0,12.0,1083,1083,0,1083,858,225,0,1.0,0.7922437673130194,17.16,0.21199022202509674,1.4763969398334957,10.203566198920308,11.974710379053342,1.0217223146230159,1.1633355607481544,0.8363642343658565,0.5015978919269548,4.591708209063593,28.63294135905431,30,0.9744791666666667,0.5871875000000001,0.3872916666666667,61.408454803630725,17.636007996996018,"{'alpha': 0.1, 'beta': 0.9, 'gamma': 0.0, 'source': 'phase3_tuning'}"
test,bimodal,homog,med,binpack,1004,1.0,0.9730031323051963,0.5848195013183787,0.9730031323051963,23.04,50.0,8.0,12.0,1118,1118,0,1109,900,209,9,0.9919499105545617,0.8050089445438283,18.0,0.3553220261204184,2.3322183085519583,10.402701575227363,12.744385382603895,1.0359908830218156,1.2452631949768522,0.859850043399572,0.5282972092438789,7.839378427478156,26.74280422982313,30,0.9638888888888889,0.5633333333333332,0.4005555555555555,62.126713651485986,17.995479469132665,{}
test,bimodal,homog,med,spread,1004,1.0,0.9730031323051963,0.5848195013183787,0.9730031323051963,23.04,50.0,8.0,12.0,1118,1118,0,1106,896,210,12,0.9892665474060823,0.8014311270125224,17.92,0.3857433621166268,3.924647367509756,10.43312291122357,13.260318407814445,1.039038658582062,1.3655274356193452,0.8552692783588948,0.528320986888461,8.4096301500445,29.505611872518188,30,0.9708333333333333,0.564375,0.4064583333333333,63.200263356246566,17.689799703809296,{}
test,bimodal,homog,med,tetris,1004,1.0,0.9730031323051963,0.5848195013183787,0.9730031323051963,23.04,50.0,8.0,12.0,1118,1118,0,1103,894,209,15,0.9865831842576028,0.7996422182468694,17.88,0.44641295619995686,4.37823776807884,10.493792505306901,13.75352827580312,1.0452273264208236,1.414867150201502,0.8509010077990079,0.5275685307776531,9.62033297646267,29.006624949269394,30,0.9597222222222223,0.5627083333333334,0.3970138888888889,63.35916666597049,17.645434099442873,{}
test,bimodal,homog,med,hybrid,1004,1.0,0.9730031323051963,0.5848195013183787,0.9730031323051963,23.04,50.0,8.0,12.0,1118,1118,0,1107,898,209,11,0.9901610017889088,0.8032200357781754,17.96,0.3849762277616876,2.922024580795167,10.432355776868631,12.936454529005452,1.0388829825896038,1.299591295833122,0.8568877707699114,0.5281927234354634,8.43178579670404,28.604524519501425,30,0.9680555555555556,0.5639583333333333,0.4040972222222222,62.37821458204725,17.922924012669093,"{'alpha': 0.1, 'beta': 0.9, 'gamma': 0.0, 'source': 'phase3_tuning'}"
test,bimodal,homog,med,binpack,1005,1.0,1.0089189519102724,0.603621336432701,1.0089189519102724,23.04,50.0,8.0,12.0,1155,1155,0,1138,905,233,17,0.9852813852813853,0.7835497835497836,18.1,0.45773356649114527,2.974311530456159,10.498269930475193,13.27608367054976,1.045881005334827,1.2952100333044472,0.877917825453914,0.5355459972017752,10.129793318628916,27.29557802475061,30,0.974826388888889,0.6005208333333333,0.37430555555555556,64.03613846062174,18.036690340256126,{}
test,bimodal,homog,med,spread,1005,1.0,1.0089189519102724,0.603621336432701,1.0089189519102724,23.04,50.0,8.0,12.0,1155,1155,0,1138,905,233,17,0.9852813852813853,0.7835497835497836,18.1,0.5017830547790049,2.8760942875967928,10.54231941876305,13.336553468587184,1.050262250645033,1.2777200257543597,0.8761308341200992,0.5349412122696422,11.117959939225242,29.58125406240622,30,0.9789930555555556,0.6011458333333334,0.3778472222222222,64.02278698323786,18.040451758252832,{}
test,bimodal,homog,med,tetris,1005,1.0,1.0089189519102724,0.603621336432701,1.0089189519102724,23.04,50.0,8.0,12.0,1155,1155,0,1137,905,232,18,0.9844155844155844,0.7835497835497836,18.1,0.5620692046563845,3.383468989166275,10.602605568640431,13.586867977541075,1.056402190302067,1.3092015663634045,0.8726107944240978,0.5338084145591074,12.487835587851878,29.158953623730312,30,0.9720486111111111,0.5938541666666667,0.37819444444444444,64.1223045741237,18.012453040655306,{}
test,bimodal,homog,med,hybrid,1005,1.0,1.0089189519102724,0.603621336432701,1.0089189519102724,23.04,50.0,8.0,12.0,1155,1155,0,1137,905,232,18,0.9844155844155844,0.7835497835497836,18.1,0.49921599700861735,3.155718663911138,10.539752360992665,13.410320531223135,1.050046339842749,1.3062151236869557,0.875694717025296,0.534582302248758,11.077167394009377,28.988865707572007,30,0.9803819444444444,0.5794791666666667,0.4009027777777778,64.34903937246841,17.94898589417271,"{'alpha': 0.1, 'beta': 0.9, 'gamma': 0.0, 'source': 'phase3_tuning'}"
test,bimodal,homog,med,binpack,1006,1.0,0.994572325326856,0.5935227854251448,0.994572325326856,23.04,50.0,8.0,12.0,1143,1143,0,1134,914,220,9,0.9921259842519685,0.799650043744532,18.28,0.4040130481296005,2.0758902933279657,10.393646687849554,12.917350962554004,1.040348725816545,1.209388945773609,0.8822708941690115,0.5360298968535385,9.049714600276879,27.462619007316594,30,0.9282986111111111,0.5638541666666667,0.36444444444444446,63.092777655573315,18.116178150210715,{}
test,bimodal,homog,med,spread,1006,1.0,0.994572325326856,0.5935227854251448,0.994572325326856,23.04,50.0,8.0,12.0,1143,1143,0,1134,914,220,9,0.9921259842519685,0.799650043744532,18.28,0.4188976722788733,2.971071493372925,10.408531311998827,13.214865037814029,1.0417782646187566,1.2902748221904978,0.8805690508231383,0.5359958210526977,9.379556790232943,29.68549878104786,30,0.9449652777777777,0.5663541666666667,0.37861111111111106,63.166051577503765,18.095163010110845,{}
test,bimodal,homog,med,tetris,1006,1.0,0.994572325326856,0.5935227854251448,0.994572325326856,23.04,50.0,8.0,12.0,1143,1143,0,1134,909,225,9,0.9921259842519685,0.7952755905511811,18.18,0.5008366327749645,2.6973347142108537,10.490470272494917,13.31451493683091,1.050111086562259,1.2567894284403276,0.8789841854137298,0.5343262427774235,11.241260336152816,29.516364270507356,30,0.9473958333333333,0.5846874999999999,0.3671527777777778,63.10509192061697,18.11264297717586,{}
test,bimodal,homog,med,hybrid,1006,1.0,0.994572325326856,0.5935227854251448,0.994572325326856,23.04,50.0,8.0,12.0,1143,1143,0,1133,909,224,10,0.9912510936132983,0.7952755905511811,18.18,0.4234693677808128,2.294510147888687,10.413103007500766,12.855977404952071,1.0423420921689779,1.2320838545509467,0.8817996907354501,0.5353149367123088,9.507523663208318,29.31606677193174,30,0.9456597222222223,0.5805208333333333,0.36513888888888885,62.647539253770205,18.244930505091034,"{'alpha': 0.1, 'beta': 0.9, 'gamma': 0.0, 'source': 'phase3_tuning'}"
test,bimodal,homog,med,binpack,1007,1.0,1.043872761431771,0.6277310883992462,1.043872761431771,23.04,50.0,8.0,12.0,1199,1199,0,1137,925,212,62,0.9482902418682235,0.7714762301918265,18.5,1.2484346112950397,6.398361714259735,11.294607451497539,16.737769698032828,1.1261728306071999,1.663923834432831,0.8442173951544918,0.5534169303836116,26.474510103913428,26.241355487856794,30,0.9477430555555556,0.5573958333333333,0.3946527777777778,67.58496467140382,17.740632192818385,{}
test,bimodal,homog,med,spread,1007,1.0,1.043872761431771,0.6277310883992462,1.043872761431771,23.04,50.0,8.0,12.0,1199,1199,0,1138,932,206,61,0.9491242702251876,0.7773144286905754,18.64,1.2181028156011475,7.309431465012402,11.264275655803646,17.33563646057354,1.123323773541666,1.7077222089622806,0.8415986837044338,0.5539269325014632,25.521714727050757,29.551506020376266,30,0.9321180555555556,0.5355208333333333,0.3965972222222222,67.9020541266607,17.65778687288977,{}
test,bimodal,homog,med,tetris,1007,1.0,1.043872761431771,0.6277310883992462,1.043872761431771,23.04,50.0,8.0,12.0,1199,1199,0,1135,926,209,64,0.9466221851542952,0.7723102585487907,18.52,1.2898979250898543,6.68996800678395,11.336070765292353,17.06080250935686,1.130355397723773,1.6976924747476547,0.8405405679063263,0.5532097028365236,27.08599767340635,29.064210195557333,30,0.9378472222222223,0.5414583333333333,0.3963888888888889,68.05194191640902,17.61889471828417,{}
test,bimodal,homog,med,hybrid,1007,1.0,1.043872761431771,0.6277310883992462,1.043872761431771,23.04,50.0,8.0,12.0,1199,1199,0,1141,930,211,58,0.9516263552960801,0.7756463719766472,18.6,1.2384592600142612,6.301263275598032,11.284632100216761,16.9720718343007,1.1250266608080213,1.6538186477752208,0.844423786898279,0.5535965798033353,26.057095587969034,28.22307090511052,30,0.9559027777777778,0.5441666666666667,0.4117361111111111,67.25800976920533,17.826873023961713,"{'alpha': 0.1, 'beta': 0.9, 'gamma': 0.0, 'source': 'phase3_tuning'}"
test,bimodal,homog,med,binpack,1008,1.0,1.0053576229013992,0.60374759122415,1.0053576229013992,23.04,50.0,8.0,12.0,1162,1162,0,1146,900,246,16,0.9862306368330465,0.774526678141136,18.0,0.419873576381342,2.1363899648409053,10.410897837635984,12.698342750843743,1.0429540815307812,1.2263445634227463,0.8729089233790494,0.5292009824501007,9.406850348422584,27.16816791774871,30,0.9817708333333334,0.6609375,0.32111111111111107,63.54207921866353,18.287094383570285,{}
test,bimodal,homog,med,spread,1008,1.0,1.0053576229013992,0.60374759122415,1.0053576229013992,23.04,50.0,8.0,12.0,1162,1162,0,1141,897,244,21,0.9819277108433735,0.7719449225473322,17.94,0.4499456111622585,2.2730546279662036,10.440969872416902,12.94425829009483,1.0461313954782294,1.2398265880939028,0.8718908781964064,0.5293004176077852,10.121044614820459,29.641267633763558,30,0.9897569444444444,0.6551041666666666,0.33465277777777774,62.826851661141326,18.49527660986874,{}
test,bimodal,homog,med,tetris,1008,1.0,1.0053576229013992,0.60374759122415,1.0053576229013992,23.04,50.0,8.0,12.0,1162,1162,0,1142,896,246,20,0.9827882960413081,0.7710843373493976,17.92,0.5233318520431134,2.600514255261743,10.514356113297756,13.194487693788677,1.0534755406417342,1.2693211536122317,0.8669637727221433,0.5288418599718598,11.711616696746146,29.487490884177397,30,0.984375,0.6625,0.32284722222222223,63.93476993546747,18.174774088854377,{}
test,bimodal,homog,med,hybrid,1008,1.0,1.0053576229013992,0.60374759122415,1.0053576229013992,23.04,50.0,8.0,12.0,1162,1162,0,1143,899,244,19,0.9836488812392427,0.7736660929432013,17.98,0.476201643000129,2.3811287274237998,10.467225904254772,12.978286435121897,1.0487366165565395,1.2490951778654789,0.8697428884636768,0.5284059339514182,10.626827104754309,29.206232210393203,30,0.9788194444444444,0.6585416666666667,0.3222222222222222,63.569240126365486,18.279280949247305,"{'alpha': 0.1, 'beta': 0.9, 'gamma': 0.0, 'source': 'phase3_tuning'}"
test,bimodal,homog,med,binpack,1009,1.0,1.0186974693688942,0.6186271311577674,1.0186974693688942,23.04,50.0,8.0,12.0,1181,1181,0,1155,924,231,26,0.9779847586790855,0.7823878069432684,18.48,0.5486726123677287,2.570092033138785,10.539329073286487,13.405817959568317,1.0563519802868147,1.2613657425199567,0.8662192448292771,0.5556836243533894,11.875653622271527,27.036971731898053,30,0.9760416666666667,0.558125,0.41791666666666666,64.98115683743,18.17449946227686,{}
test,bimodal,homog,med,spread,1009,1.0,1.0186974693688942,0.6186271311577674,1.0186974693688942,23.04,50.0,8.0,12.0,1181,1181,0,1146,917,229,35,0.9703640982218459,0.7764606265876376,18.34,0.6550548430999295,3.563695960700432,10.645711304018686,14.074463203687905,1.0673708900372214,1.3881064150724114,0.8589185852153598,0.5549871411723797,14.157060556674248,29.655411663794922,30,0.9663194444444444,0.5566666666666666,0.40965277777777775,64.82116099641905,18.219358953864504,{}
test,bimodal,homog,med,tetris,1009,1.0,1.0186974693688942,0.6186271311577674,1.0186974693688942,23.04,50.0,8.0,12.0,1181,1181,0,1147,917,230,34,0.9712108382726503,0.7764606265876376,18.34,0.6397447007759427,3.317542675564468,10.6304011616947,13.809051285989511,1.065727291192537,1.3495817372841574,0.8608765725063777,0.555062230082391,13.838253408327752,29.220835041398633,30,0.9706597222222223,0.5592708333333333,0.4113888888888889,65.0785102536543,18.14731153796939,{}
test,bimodal,homog,med,hybrid,1009,1.0,1.0186974693688942,0.6186271311577674,1.0186974693688942,23.04,50.0,8.0,12.0,1181,1181,0,1149,919,230,32,0.9729043183742591,0.7781541066892464,18.38,0.5641296464004107,2.7904677189134404,10.554786107319167,13.509110591254512,1.0580088221295008,1.2870044115559234,0.8654749138379485,0.555785737342062,12.264092828359098,28.865745739671965,30,0.9732638888888889,0.5577083333333334,0.41555555555555557,64.86937314191754,18.20581798156543,"{'alpha': 0.1, 'beta': 0.9, 'gamma': 0.0, 'source': 'phase3_tuning'}"
test,bimodal,homog,high,binpack,1000,1.3,1.3615243467406493,0.8137248742358552,1.3615243467406493,29.952,50.0,8.0,12.0,1570,1570,0,1321,1056,265,249,0.8414012738853504,0.6726114649681528,21.12,5.039873557362109,18.885305602078773,15.00939380494367,29.146173004397433,1.510192934137994,2.971156041199952,0.9148290471406354,0.6552684992003585,116.53999207830857,27.766269238380627,30,0.9855902777777777,0.7232291666666666,0.26430555555555557,80.67431729746463,19.460964190264562,{}
test,bimodal,homog,high,spread,1000,1.3,1.3615243467406493,0.8137248742358552,1.3615243467406493,29.952,50.0,8.0,12.0,1570,1570,0,1308,1046,262,262,0.8331210191082803,0.6662420382165605,20.92,5.287067615847071,18.851633129235942,15.256587863428631,28.953837979650366,1.5355511665395651,2.929988722251649,0.9136618470683626,0.6455673244657366,123.48601924536408,29.632230926011633,30,0.9918402777777777,0.7226041666666667,0.2695138888888889,81.03817487456166,19.373585380349326,{}
test,bimodal,homog,high,tetris,1000,1.3,1.3615243467406493,0.8137248742358552,1.3615243467406493,29.952,50.0,8.0,12.0,1570,1570,0,1327,1062,265,243,0.8452229299363058,0.6764331210191082,21.24,4.910030670804897,18.651331365322697,14.879550918386458,28.856766559245735,1.4968751770434046,2.9515348870188305,0.9148599405909796,0.6600508253055369,113.35878573555122,29.246366563633714,30,0.9902777777777777,0.7172916666666667,0.2729861111111111,80.45424491409044,19.5141971896754,{}
test,bimodal,homog,high,hybrid,1000,1.3,1.3615243467406493,0.8137248742358552,1.3615243467406493,29.952,50.0,8.0,12.0,1570,1570,0,1319,1059,260,251,0.8401273885350319,0.6745222929936305,21.18,5.041169633534517,18.86431854041073,15.010689881116077,29.159406812960327,1.510415520906751,2.9776140542192038,0.9129322146168355,0.6527143010881575,116.25958402102708,28.950692417640475,30,0.9862847222222223,0.6936458333333333,0.29291666666666666,80.7231329142954,19.44919558148078,"{'alpha': 0.1, 'beta': 0.9, 'gamma': 0.0, 'source': 'phase3_tuning'}"
test,bimodal,homog,high,binpack,1001,1.3,1.2613519108429243,0.7636177530975534,1.2613519108429243,29.952,50.0,8.0,12.0,1453,1453,0,1304,1039,265,149,0.8974535443909153,0.7150722642807984,20.78,3.534646305505666,13.213847552740972,13.569621044472523,23.974078183478156,1.357589230469232,2.3905679493713112,0.9145380731147803,0.6381961250266243,82.80261574799844,27.87245633082536,30,0.9887152777777778,0.7744791666666667,0.21618055555555554,74.07738935358365,19.614622122610047,{}
test,bimodal,homog,high,spread,1001,1.3,1.2613519108429243,0.7636177530975534,1.2613519108429243,29.952,50.0,8.0,12.0,1453,1453,0,1291,1029,262,162,0.8885065381968341,0.7081899518238128,20.58,3.7102879709815557,13.159125838335719,13.745262709948415,23.90340706258256,1.375208603654444,2.3666599118558453,0.9143442041231213,0.6263657709771678,88.06034324857593,29.713845161058188,30,0.9949652777777778,0.7582291666666666,0.23868055555555553,74.53764598236424,19.493505340157682,{}
test,bimodal,homog,high,tetris,1001,1.3,1.2613519108429243,0.7636177530975534,1.2613519108429243,29.952,50.0,8.0,12.0,1453,1453,0,1292,1031,261,161,0.8891947694425327,0.70956641431521,20.62,3.596267068520024,13.164293329256083,13.631241807486882,23.75719102698404,1.3638441207301693,2.3609811374526117,0.9155639137848568,0.6279999222685128,85.12311988470948,29.279072123809794,30,0.9916666666666667,0.745625,0.24604166666666666,74.46767742164205,19.511821105591835,{}
test,bimodal,homog,high,hybrid,1001,1.3,1.2613519108429243,0.7636177530975534,1.2613519108429243,29.952,50.0,8.0,12.0,1453,1453,0,1306,1041,265,147,0.8988300068823124,0.7164487267721955,20.82,3.5676474130265112,13.484772543532713,13.602622151993371,24.031704634910874,1.3606632305633024,2.4037653486302872,0.9135408265755507,0.6374379092262703,83.57170350873656,29.028281928625855,30,0.9907986111111111,0.7732291666666666,0.21784722222222222,74.54763622009561,19.490892987004177,"{'alpha': 0.1, 'beta': 0.9, 'gamma': 0.0, 'source': 'phase3_tuning'}"
test,bimodal,homog,high,binpack,1002,1.3,1.2982520832536866,0.7794950559375247,1.2982520832536866,29.952,50.0,8.0,12.0,1501,1501,0,1296,1034,262,205,0.8634243837441705,0.6888740839440373,20.68,4.164441640201183,15.94215610289736,14.122574080457536,25.673675090003375,1.4240190241903639,2.620761601624641,0.9160401111972429,0.6285390654132115,98.49748307515301,27.806901157512968,30,0.9944444444444444,0.6991666666666667,0.29527777777777775,76.91153060274004,19.5159293832403,{}
test,bimodal,homog,high,spread,1002,1.3,1.2982520832536866,0.7794950559375247,1.2982520832536866,29.952,50.0,8.0,12.0,1501,1501,0,1296,1033,263,205,0.8634243837441705,0.6882078614257162,20.66,4.19038660545772,16.49169320515195,14.148519045714073,26.269240072479025,1.4263246847759765,2.6484405175876784,0.9131623702769851,0.6297244680126968,98.89501521072906,29.73827342966425,30,0.9951388888888889,0.7102083333333333,0.2849305555555555,77.46766322487542,19.375826474110273,{}
test,bimodal,homog,high,tetris,1002,1.3,1.2982520832536866,0.7794950559375247,1.2982520832536866,29.952,50.0,8.0,12.0,1501,1501,0,1298,1036,262,203,0.8647568287808128,0.6902065289806796,20.72,4.178258734110889,15.765033440206704,14.136391174367242,26.37241184350184,1.4250935075838842,2.680066909882189,0.9098745217637425,0.6302241789682462,97.19344133399261,28.912187226381825,30,0.9934027777777777,0.6997916666666666,0.29388888888888887,77.69074004564388,19.320191815886314,{}
test,bimodal,homog,high,hybrid,1002,1.3,1.2982520832536866,0.7794950559375247,1.2982520832536866,29.952,50.0,8.0,12.0,1501,1501,0,1309,1045,264,192,0.8720852764823451,0.6962025316455697,20.9,3.9996843556057047,16.505783717401542,13.957816795862056,26.60181345366952,1.4070114059396228,2.6879155175562883,0.9127544032931203,0.6404684461030786,93.01166009511923,28.74781715385674,30,0.9890625,0.7065625,0.28277777777777774,77.82072388919343,19.287921327193363,"{'alpha': 0.1, 'beta': 0.9, 'gamma': 0.0, 'source': 'phase3_tuning'}"
test,bimodal,homog,high,binpack,1003,1.3,1.2488374866845247,0.7486800952910749,1.2488374866845247,29.952,50.0,8.0,12.0,1435,1435,0,1285,1027,258,150,0.8954703832752613,0.7156794425087109,20.54,2.507057968213684,14.443748207572742,12.510703476744272,24.261307846221698,1.2533205500293252,2.4833509875452235,0.9076523144174939,0.6209434378875109,54.68477889556,27.758472227317643,30,0.9854166666666667,0.715,0.27069444444444446,74.09334673516292,19.36746095609936,{}
test,bimodal,homog,high,spread,1003,1.3,1.2488374866845247,0.7486800952910749,1.2488374866845247,29.952,50.0,8.0,12.0,1435,1435,0,1271,1018,253,164,0.8857142857142857,0.7094076655052265,20.36,2.667873312973462,13.913452808756258,12.67151882150405,23.55524185270852,1.2696025681996637,2.407752233803387,0.9068482874086099,0.6162331276729376,58.8261531943272,29.7568303555792,30,0.9918402777777777,0.6819791666666667,0.3101388888888889,74.2859442223689,19.31724789960864,{}
test,bimodal,homog,high,tetris,1003,1.3,1.2488374866845247,0.7486800952910749,1.2488374866845247,29.952,50.0,8.0,12.0,1435,1435,0,1281,1023,258,154,0.8926829268292683,0.7128919860627178,20.46,2.5660040597848086,14.76688135189864,12.569649568315397,24.593719678254743,1.25921550118951,2.4833509875452235,0.9055333481073867,0.6191736286151303,56.22948310140332,29.44152673712478,30,0.9890625,0.7096874999999999,0.279375,74.1501443197374,19.352625853460808,{}
test,bimodal,homog,high,hybrid,1003,1.3,1.2488374866845247,0.7486800952910749,1.2488374866845247,29.952,50.0,8.0,12.0,1435,1435,0,1272,1018,254,163,0.886411149825784,0.7094076655052265,20.36,2.5900797342665745,13.78994839608528,12.593725242797163,23.504285338018995,1.2617382542545397,2.385416391209341,0.9071623169564564,0.6177588733015403,56.50360370729948,29.2341971230354,30,0.9831597222222223,0.6923958333333332,0.2907638888888889,74.44201067053082,19.276749607840323,"{'alpha': 0.1, 'beta': 0.9, 'gamma': 0.0, 'source': 'phase3_tuning'}"
test,bimodal,homog,high,binpack,1004,1.3,1.2885484968708845,0.7691301697886835,1.2885484968708845,29.952,50.0,8.0,12.0,1474,1474,0,1274,1017,257,200,0.864314789687924,0.6899592944369064,20.34,4.354238085984178,14.4120727345787,14.388411185831343,25.341703427645975,1.4394409746306127,2.5377043229979264,0.9070110533873407,0.6132613675474788,101.88644894645137,27.523140117262933,30,0.992013888888889,0.7027083333333334,0.2893055555555556,76.50910165726354,19.26568170415922,{}
test,bimodal,homog,high,spread,1004,1.3,1.2885484968708845,0.7691301697886835,1.2885484968708845,29.952,50.0,8.0,12.0,1474,1474,0,1289,1028,261,185,0.8744911804613297,0.6974219810040706,20.56,4.092053340051618,15.46509728153259,14.126226439898785,26.110179862395878,1.4122622849407074,2.62465843674482,0.9056547195983181,0.6249569470827585,94.68438149371379,29.61970144039856,30,0.9947916666666666,0.728125,0.2672222222222222,76.4339385394192,19.284627067069366,{}
test,bimodal,homog,high,tetris,1004,1.3,1.2885484968708845,0.7691301697886835,1.2885484968708845,29.952,50.0,8.0,12.0,1474,1474,0,1290,1032,258,184,0.8751696065128901,0.7001356852103121,20.64,3.903817007870795,16.711317799950145,13.937990107717962,26.385436046123957,1.393084326402404,2.6656232324763884,0.9028267597722455,0.6289789666634031,88.80905936599679,29.289538238983255,30,0.9916666666666667,0.708125,0.28354166666666664,77.29886372979522,19.068844338417353,{}
test,bimodal,homog,high,hybrid,1004,1.3,1.2885484968708845,0.7691301697886835,1.2885484968708845,29.952,50.0,8.0,12.0,1474,1474,0,1275,1014,261,199,0.8649932157394844,0.6879240162822252,20.28,4.3201881517195675,15.619632030074285,14.354361251566733,25.770325138630668,1.4357169687891587,2.5861006822391284,0.9036254097261474,0.616899726669974,100.28851844291208,28.81287013097751,30,0.9947916666666666,0.725,0.26979166666666665,76.38400370551814,19.29723408689973,"{'alpha': 0.1, 'beta': 0.9, 'gamma': 0.0, 'source': 'phase3_tuning'}"
test,bimodal,homog,high,binpack,1005,1.3,1.2867187998602778,0.7727861188034723,1.2867187998602778,29.952,50.0,8.0,12.0,1482,1482,0,1301,1031,270,181,0.8778677462887989,0.6956815114709851,20.62,4.308722809202929,14.472043194122577,14.346114308630483,25.045075874899567,1.4387655098225176,2.5829884705521486,0.9283578954728022,0.6280994508361893,104.36410530976146,28.180906983894065,30,0.9942708333333333,0.7471875,0.24708333333333332,75.42819351555147,19.6478257124698,{}
test,bimodal,homog,high,spread,1005,1.3,1.2867187998602778,0.7727861188034723,1.2867187998602778,29.952,50.0,8.0,12.0,1482,1482,0,1287,1019,268,195,0.868421052631579,0.6875843454790823,20.38,4.475046048828179,14.571341893659756,14.512437548255734,25.35499435101911,1.455361406638796,2.605887001117078,0.9256479760665107,0.6229689518154464,108.63445805576532,29.677887740312432,30,0.993923611111111,0.7432291666666667,0.25166666666666665,75.53093393009831,19.621099897580347,{}
test,bimodal,homog,high,tetris,1005,1.3,1.2867187998602778,0.7727861188034723,1.2867187998602778,29.952,50.0,8.0,12.0,1482,1482,0,1303,1036,267,179,0.8792172739541161,0.699055330634278,20.72,4.19781997465625,15.429762606852691,14.235211474083805,25.798735951416454,1.427314460303444,2.6195477791052406,0.9241065905024668,0.6349229606765597,99.6647850045843,29.514641578181696,30,0.9875,0.748125,0.23965277777777777,75.75222708472396,19.563781251506693,{}
test,bimodal,homog,high,hybrid,1005,1.3,1.2867187998602778,0.7727861188034723,1.2867187998602778,29.952,50.0,8.0,12.0,1482,1482,0,1303,1035,268,179,0.8792172739541161,0.6983805668016194,20.7,4.242385631154423,15.120896966138979,14.279777130581977,25.398147360799733,1.4320097772800127,2.592472616679267,0.9269871639299457,0.6293026210671813,101.73036481876755,29.317139650475802,30,0.9949652777777778,0.7488541666666666,0.24611111111111109,75.79530075646542,19.552663360512938,"{'alpha': 0.1, 'beta': 0.9, 'gamma': 0.0, 'source': 'phase3_tuning'}"
test,bimodal,homog,high,binpack,1006,1.3,1.3012630408964412,0.7825194521081822,1.3012630408964412,29.952,50.0,8.0,12.0,1499,1499,0,1318,1052,266,181,0.8792528352234823,0.7018012008005337,21.04,3.551000082666799,19.71422851430222,13.554707028175292,29.77136836938991,1.3599260360244911,2.984971996993683,0.9158088543839265,0.6413971300893286,82.86885345176917,27.902476281960958,30,0.9940972222222223,0.6983333333333334,0.2957638888888889,76.7383120672274,19.533919363339468,{}
test,bimodal,homog,high,spread,1006,1.3,1.3012630408964412,0.7825194521081822,1.3012630408964412,29.952,50.0,8.0,12.0,1499,1499,0,1313,1049,264,186,0.875917278185457,0.6997998665777185,20.98,3.6406235265701614,19.32502350400265,13.644330472078652,29.291496219868883,1.3689751265934182,2.9101115245193743,0.9132671793995977,0.6411467798150378,84.3862909821286,29.758075985421556,30,0.9890625,0.7034374999999999,0.28756944444444443,77.60057716535701,19.31686663625994,{}
test,bimodal,homog,high,tetris,1006,1.3,1.3012630408964412,0.7825194521081822,1.3012630408964412,29.952,50.0,8.0,12.0,1499,1499,0,1315,1051,264,184,0.8772515010006671,0.7011340893929286,21.02,3.6224916531976215,19.355826993396633,13.626198598706114,29.19954461375201,1.3669896371895403,2.945094978029004,0.9126547641062995,0.6421517859464071,83.89384433857634,29.5219838308336,30,0.9890625,0.7003125,0.2890277777777778,77.38637658016276,19.370334498698494,{}
test,bimodal,homog,high,hybrid,1006,1.3,1.3012630408964412,0.7825194521081822,1.3012630408964412,29.952,50.0,8.0,12.0,1499,1499,0,1320,1053,267,179,0.8805870580386924,0.7024683122081388,21.06,3.576425615116851,19.464573191763762,13.580132560625344,29.178917314964597,1.362489312217567,2.908308600044745,0.9122200480327473,0.6447279544737566,82.83984596571976,29.392526558244196,30,0.9911458333333333,0.7115625,0.2795833333333333,77.08928667653457,19.444984700530185,"{'alpha': 0.1, 'beta': 0.9, 'gamma': 0.0, 'source': 'phase3_tuning'}"
test,bimodal,homog,high,binpack,1007,1.3,1.3396240018427321,0.8052799816732279,1.3396240018427321,29.952,50.0,8.0,12.0,1542,1542,0,1345,1086,259,197,0.8722438391699092,0.7042801556420234,21.72,4.402219904532006,22.036074350543785,14.416749566622617,32.49980844827368,1.4467910227936929,3.267137450316919,0.8912734247438863,0.6780083355566724,99.13428659781378,27.30987889522523,30,0.9746527777777777,0.7047916666666667,0.2718055555555556,80.0179434482484,19.270677719895268,{}
test,bimodal,homog,high,spread,1007,1.3,1.3396240018427321,0.8052799816732279,1.3396240018427321,29.952,50.0,8.0,12.0,1542,1542,0,1344,1083,261,198,0.8715953307392996,0.7023346303501945,21.66,4.430445425088405,22.81889993271615,14.444975087179017,32.768962823037455,1.4495082654429037,3.331050849574959,0.8938893777421639,0.674621467559839,100.95340472788197,29.65500463105865,30,0.984375,0.728125,0.25625,79.70794526655034,19.345624766055845,{}
test,bimodal,homog,high,tetris,1007,1.3,1.3396240018427321,0.8052799816732279,1.3396240018427321,29.952,50.0,8.0,12.0,1542,1542,0,1352,1094,258,190,0.8767833981841764,0.7094682230869002,21.88,4.140725342671979,24.39899174692662,14.15525500476259,34.669865916758184,1.419687031613899,3.423813846687364,0.8898885626094439,0.6795355737067095,91.8024480530716,29.243799238028064,30,0.971875,0.7075,0.264375,79.50941468467447,19.393929714052117,{}
test,bimodal,homog,high,hybrid,1007,1.3,1.3396240018427321,0.8052799816732279,1.3396240018427321,29.952,50.0,8.0,12.0,1542,1542,0,1344,1084,260,198,0.8715953307392996,0.7029831387808041,21.68,4.351298563858338,22.88983497414504,14.365828225948949,32.743941853482006,1.441479452881806,3.323737472598459,0.8903940528219535,0.6771225614032249,97.75323986503126,28.88503808488588,30,0.9727430555555556,0.7142708333333334,0.2604166666666667,79.54643097713175,19.384904904700235,"{'alpha': 0.1, 'beta': 0.9, 'gamma': 0.0, 'source': 'phase3_tuning'}"
test,bimodal,homog,high,binpack,1008,1.3,1.3190298250239438,0.7914484553478764,1.3190298250239438,29.952,50.0,8.0,12.0,1520,1520,0,1317,1048,269,203,0.8664473684210526,0.6894736842105263,20.96,4.124667084770075,18.069197180547633,14.114705547362153,27.642785071050405,1.4191878033783412,2.8147445620311933,0.9185424475220658,0.6341620220325573,96.3270640114148,27.858526779666757,30,0.9961805555555556,0.7064583333333334,0.2897222222222222,78.13691269303415,19.453033753348013,{}
test,bimodal,homog,high,spread,1008,1.3,1.3190298250239438,0.7914484553478764,1.3190298250239438,29.952,50.0,8.0,12.0,1520,1520,0,1315,1046,269,205,0.8651315789473685,0.6881578947368421,20.92,4.108134478551392,19.350185085049517,14.098172941143469,29.680425659158345,1.4175706775841936,2.9337804338654605,0.9155925576684605,0.6353246954016921,96.01749270731642,29.72405202597189,30,0.9951388888888889,0.7070833333333333,0.2880555555555555,78.37111148004786,19.3949016582082,{}
test,bimodal,homog,high,tetris,1008,1.3,1.3190298250239438,0.7914484553478764,1.3190298250239438,29.952,50.0,8.0,12.0,1520,1520,0,1324,1058,266,196,0.8710526315789474,0.6960526315789474,21.16,3.863601079736153,20.82543653930245,13.85363954232823,30.60135415707585,1.3925766054191195,3.053195600925947,0.9135567428768024,0.6424294178049721,89.0799443314757,29.582375967098223,30,0.9909722222222223,0.6783333333333333,0.31263888888888886,78.75364252618195,19.30069456145689,{}
test,bimodal,homog,high,hybrid,1008,1.3,1.3190298250239438,0.7914484553478764,1.3190298250239438,29.952,50.0,8.0,12.0,1520,1520,0,1316,1046,270,204,0.8657894736842106,0.6881578947368421,20.92,4.001370269069092,20.745636540160774,13.991408731661169,30.375695413659912,1.4065453948360833,3.041711612310522,0.9143216638707051,0.6363335648663995,93.2842048893885,29.38743138578297,30,0.9916666666666667,0.7112499999999999,0.2806944444444444,78.81833285965186,19.284853470658827,"{'alpha': 0.1, 'beta': 0.9, 'gamma': 0.0, 'source': 'phase3_tuning'}"
test,bimodal,homog,high,binpack,1009,1.3,1.3061105837576987,0.7857913582832616,1.3061105837576987,29.952,50.0,8.0,12.0,1500,1500,0,1321,1049,272,179,0.8806666666666667,0.6993333333333334,20.98,4.245805612326814,16.123039416448194,14.262120710023344,26.85350275028405,1.4302013409979908,2.752167533187867,0.9107847918938893,0.6659886596170169,99.0274096272944,27.7713789041438,30,0.9883680555555556,0.7111458333333334,0.27819444444444447,77.13662920125489,19.4460143712839,{}
test,bimodal,homog,high,spread,1009,1.3,1.3061105837576987,0.7857913582832616,1.3061105837576987,29.952,50.0,8.0,12.0,1500,1500,0,1324,1050,274,176,0.8826666666666667,0.7,21.0,4.280224771707495,16.36327710698977,14.296539869404027,27.080960030359435,1.4336250390321588,2.7487228120757936,0.9108927755693048,0.6658550213893132,99.89085922578525,29.734932049073088,30,0.986111111111111,0.7229166666666667,0.2634722222222222,77.37835653408666,19.385265689110636,{}
test,bimodal,homog,high,tetris,1009,1.3,1.3061105837576987,0.7857913582832616,1.3061105837576987,29.952,50.0,8.0,12.0,1500,1500,0,1321,1048,273,179,0.8806666666666667,0.6986666666666667,20.96,4.2555466452937365,15.688160238743563,14.271861742990266,26.394183250351897,1.4309520736167782,2.7063975534839035,0.9115496520527937,0.6624475293318786,99.71800225183907,29.32051063020423,30,0.9895833333333334,0.71875,0.2711111111111111,77.33434433466985,19.396298150646288,{}
test,bimodal,homog,high,hybrid,1009,1.3,1.3061105837576987,0.7857913582832616,1.3061105837576987,29.952,50.0,8.0,12.0,1500,1500,0,1323,1048,275,177,0.882,0.6986666666666667,20.96,4.214064961825746,16.06535390390507,14.230380059522275,27.100617458099975,1.4268802050534377,2.7336043366055223,0.9122236389929035,0.663927596746221,98.5034753528044,28.952781319594763,30,0.9821180555555556,0.7211458333333333,0.26097222222222227,77.20465258698806,19.428880899501742,"{'alpha': 0.1, 'beta': 0.9, 'gamma': 0.0, 'source': 'phase3_tuning'}"
test,bimodal,hetero,low,binpack,1000,0.7,0.7105901932291924,0.41089509302567195,0.7105901932291924,15.84247339533496,50.0,8.0,12.0,806,806,0,806,649,157,0,1.0,0.8052109181141439,12.98,0.0,0.0,9.934735581796511,11.736798172747935,1.0,1.0000000000000004,0.6452176794335556,0.3747132894658734,0.0,23.316263354653458,28,0.707074781119232,0.46584159785284524,0.2602039964071963,61.71314399589937,13.060426803948863,{}
test,bimodal,hetero,low,spread,1000,0.7,0.7105901932291924,0.41089509302567195,0.7105901932291924,15.84247339533496,50.0,8.0,12.0,806,806,0,806,649,157,0,1.0,0.8052109181141439,12.98,0.0,0.0,9.934735581796511,11.736798172747935,1.0,1.0000000000000004,0.6452176794335556,0.3747132894658734,0.0,29.238774722044273,30,0.6734540924672555,0.38746358717486856,0.3894337927185666,61.71314399589937,13.060426803948863,{}
test,bimodal,hetero,low,tetris,1000,0.7,0.7105901932291924,0.41089509302567195,0.7105901932291924,15.84247339533496,50.0,8.0,12.0,806,806,0,806,649,157,0,1.0,0.8052109181141439,12.98,0.0,0.0,9.934735581796511,11.736798172747935,1.0,1.0000000000000004,0.6452176794335556,0.3747132894658734,0.0,28.227463550605215,30,0.6936880667140147,0.3972274163469117,0.29809187200098286,61.71314399589937,13.060426803948863,{}
test,bimodal,hetero,low,hybrid,1000,0.7,0.7105901932291924,0.41089509302567195,0.7105901932291924,15.84247339533496,50.0,8.0,12.0,806,806,0,806,649,157,0,1.0,0.8052109181141439,12.98,0.0,0.0,9.934735581796511,11.736798172747935,1.0,1.0000000000000004,0.6452176794335556,0.3747132894658734,0.0,27.25768676913158,29,0.6655702794645044,0.4577503381164225,0.21970127659654354,61.71314399589937,13.060426803948863,"{'alpha': 0.1, 'beta': 0.9, 'gamma': 0.0, 'source': 'phase3_tuning'}"
test,bimodal,hetero,low,binpack,1001,0.7,0.6944500170654886,0.43893874805824457,0.6944500170654886,16.818278008167972,50.0,8.0,12.0,838,838,0,838,682,156,0,1.0,0.8138424821002387,13.64,0.0,0.0,10.00859938103807,11.799604162778484,1.0,1.0000000000000004,0.6183081009494473,0.4013215895359536,0.0,22.63252239855818,26,0.7513940729974548,0.4815118591494233,0.30331435504313553,61.499403436722794,13.626148436744181,{}
test,bimodal,hetero,low,spread,1001,0.7,0.6944500170654886,0.43893874805824457,0.6944500170654886,16.818278008167972,50.0,8.0,12.0,838,838,0,838,682,156,0,1.0,0.8138424821002387,13.64,0.0,0.0,10.00859938103807,11.799604162778484,1.0,1.0000000000000004,0.6183081009494473,0.4013215895359536,0.0,29.418461793933115,30,0.724502475693941,0.3848890075835705,0.4187505179086816,61.499403436722794,13.626148436744181,{}
test,bimodal,hetero,low,tetris,1001,0.7,0.6944500170654886,0.43893874805824457,0.6944500170654886,16.818278008167972,50.0,8.0,12.0,838,838,0,838,682,156,0,1.0,0.8138424821002387,13.64,0.0,0.0,10.00859938103807,11.799604162778484,1.0,1.0000000000000004,0.6183081009494473,0.4013215895359536,0.0,28.222492657703345,30,0.7216080026288542,0.403436500566689,0.3181715020621651,61.499403436722794,13.626148436744181,{}
test,bimodal,hetero,low,hybrid,1001,0.7,0.6944500170654886,0.43893874805824457,0.6944500170654886,16.818278008167972,50.0,8.0,12.0,838,838,0,838,682,156,0,1.0,0.8138424821002387,13.64,0.0,0.0,10.00859938103807,11.799604162778484,1.0,1.0000000000000004,0.6183081009494473,0.4013215895359536,0.0,26.70611730800351,30,0.720881521344485,0.4267096853185241,0.29570031368544597,61.499403436722794,13.626148436744181,"{'alpha': 0.1, 'beta': 0.9, 'gamma': 0.0, 'source': 'phase3_tuning'}"
test,bimodal,hetero,low,binpack,1002,0.7,0.691972694859481,0.4497413788871317,0.691972694859481,17.014613137012656,50.0,8.0,12.0,842,842,0,842,669,173,0,1.0,0.7945368171021377,13.38,0.0,0.0,9.967671064268577,11.792889983791063,1.0,1.0000000000000004,0.621693507575026,0.4045551805792796,0.0,21.767618854107123,25,0.7438495501340748,0.538202708590921,0.21314866551512007,61.14881159391038,13.769687064267528,{}
test,bimodal,hetero,low,spread,1002,0.7,0.691972694859481,0.4497413788871317,0.691972694859481,17.014613137012656,50.0,8.0,12.0,842,842,0,842,669,173,0,1.0,0.7945368171021377,13.38,0.0,0.0,9.967671064268577,11.792889983791063,1.0,1.0000000000000004,0.621693507575026,0.4045551805792796,0.0,29.467325055612147,30,0.7256274422339734,0.46866308209779056,0.4171590757283999,61.14881159391038,13.769687064267528,{}
test,bimodal,hetero,low,tetris,1002,0.7,0.691972694859481,0.4497413788871317,0.691972694859481,17.014613137012656,50.0,8.0,12.0,842,842,0,842,669,173,0,1.0,0.7945368171021377,13.38,0.0,0.0,9.967671064268577,11.792889983791063,1.0,1.0000000000000004,0.621693507575026,0.4045551805792796,0.0,28.13302698248056,30,0.7393462061952855,0.5086667172965735,0.2312289917991038,61.14881159391038,13.769687064267528,{}
test,bimodal,hetero,low,hybrid,1002,0.7,0.691972694859481,0.4497413788871317,0.691972694859481,17.014613137012656,50.0,8.0,12.0,842,842,0,842,669,173,0,1.0,0.7945368171021377,13.38,0.0,0.0,9.967671064268577,11.792889983791063,1.0,1.0000000000000004,0.621693507575026,0.4045551805792796,0.0,27.13822188846037,30,0.7327184568751128,0.550445439592316,0.18882612920106792,61.14881159391038,13.769687064267528,"{'alpha': 0.1, 'beta': 0.9, 'gamma': 0.0, 'source': 'phase3_tuning'}"
test,bimodal,hetero,low,binpack,1003,0.7,0.6588009949410948,0.3698874923155662,0.6588009949410948,16.551026785974067,50.0,8.0,12.0,776,776,0,776,603,173,0,1.0,0.7770618556701031,12.06,0.0,0.0,9.988831039670853,11.832042282236934,1.0,1.0000000000000004,0.5870370828824647,0.3247208499423864,0.0,21.310238525541394,24,0.6976621073225332,0.5225442652907155,0.19125075580800183,61.25780594046315,12.667773324336808,{}
test,bimodal,hetero,low,spread,1003,0.7,0.6588009949410948,0.3698874923155662,0.6588009949410948,16.551026785974067,50.0,8.0,12.0,776,776,0,776,603,173,0,1.0,0.7770618556701031,12.06,0.0,0.0,9.988831039670853,11.832042282236934,1.0,1.0000000000000004,0.5870370828824647,0.3247208499423864,0.0,29.500044867381817,30,0.6665258104323982,0.4380532596221958,0.402143637017218,61.25780594046315,12.667773324336808,{}
test,bimodal,hetero,low,tetris,1003,0.7,0.6588009949410948,0.3698874923155662,0.6588009949410948,16.551026785974067,50.0,8.0,12.0,776,776,0,776,603,173,0,1.0,0.7770618556701031,12.06,0.0,0.0,9.988831039670853,11.832042282236934,1.0,1.0000000000000004,0.5870370828824647,0.3247208499423864,0.0,28.371860531271746,30,0.6770794499373488,0.4634847810149816,0.21628375358416163,61.25780594046315,12.667773324336808,{}
test,bimodal,hetero,low,hybrid,1003,0.7,0.6588009949410948,0.3698874923155662,0.6588009949410948,16.551026785974067,50.0,8.0,12.0,776,776,0,776,603,173,0,1.0,0.7770618556701031,12.06,0.0,0.0,9.988831039670853,11.832042282236934,1.0,1.0000000000000004,0.5870370828824647,0.3247208499423864,0.0,27.549064368839332,30,0.6745328768303497,0.5153710600702428,0.1769019322219716,61.25780594046315,12.667773324336808,"{'alpha': 0.1, 'beta': 0.9, 'gamma': 0.0, 'source': 'phase3_tuning'}"
test,bimodal,hetero,low,binpack,1004,0.7,0.7074771258131172,0.41086816014507566,0.7074771258131172,15.40668448094304,50.0,8.0,12.0,773,773,0,773,620,153,0,1.0,0.8020698576972833,12.4,0.0,0.0,10.05118962873415,11.826916835397633,1.0,1.0000000000000004,0.6430588654065911,0.37022322070271485,0.0,23.38043758909154,26,0.6710851659451189,0.5336802832303961,0.18696539101413256,61.72568784273203,12.523149227101207,{}
test,bimodal,hetero,low,spread,1004,0.7,0.7074771258131172,0.41086816014507566,0.7074771258131172,15.40668448094304,50.0,8.0,12.0,773,773,0,773,620,153,0,1.0,0.8020698576972833,12.4,0.0,0.0,10.05118962873415,11.826916835397633,1.0,1.0000000000000004,0.6430588654065911,0.37022322070271485,0.0,29.195480713571975,30,0.671568025335785,0.4554931870422838,0.3422479927746935,61.72568784273203,12.523149227101207,{}
test,bimodal,hetero,low,tetris,1004,0.7,0.7074771258131172,0.41086816014507566,0.7074771258131172,15.40668448094304,50.0,8.0,12.0,773,773,0,773,620,153,0,1.0,0.8020698576972833,12.4,0.0,0.0,10.05118962873415,11.826916835397633,1.0,1.0000000000000004,0.6430588654065911,0.37022322070271485,0.0,28.66341600663778,30,0.6784163102269983,0.4435460204980041,0.23487028972899424,61.72568784273203,12.523149227101207,{}
test,bimodal,hetero,low,hybrid,1004,0.7,0.7074771258131172,0.41086816014507566,0.7074771258131172,15.40668448094304,50.0,8.0,12.0,773,773,0,773,620,153,0,1.0,0.8020698576972833,12.4,0.0,0.0,10.05118962873415,11.826916835397633,1.0,1.0000000000000004,0.6430588654065911,0.37022322070271485,0.0,27.818720721832133,29,0.6634234648778765,0.5393885328494218,0.1383291865642726,61.72568784273203,12.523149227101207,"{'alpha': 0.1, 'beta': 0.9, 'gamma': 0.0, 'source': 'phase3_tuning'}"
test,bimodal,hetero,low,binpack,1005,0.7,0.7057752521731644,0.42274945416886045,0.7057752521731644,16.201641658201552,50.0,8.0,12.0,814,814,0,814,659,155,0,1.0,0.8095823095823096,13.18,0.0,0.0,10.012293585948013,11.782477565714679,1.0,1.0000000000000004,0.6319910217894207,0.37713789830669936,0.0,22.441635327497334,21,0.6319219802713365,0.5031736722542567,0.19539130973768087,61.302214363418315,13.278476290829538,{}
test,bimodal,hetero,low,spread,1005,0.7,0.7057752521731644,0.42274945416886045,0.7057752521731644,16.201641658201552,50.0,8.0,12.0,814,814,0,814,659,155,0,1.0,0.8095823095823096,13.18,0.0,0.0,10.012293585948013,11.782477565714679,1.0,1.0000000000000004,0.6319910217894207,0.37713789830669936,0.0,29.390013625963732,30,0.6290849212947843,0.4061014386014554,0.425213882732688,61.302214363418315,13.278476290829538,{}
test,bimodal,hetero,low,tetris,1005,0.7,0.7057752521731644,0.42274945416886045,0.7057752521731644,16.201641658201552,50.0,8.0,12.0,814,814,0,814,659,155,0,1.0,0.8095823095823096,13.18,0.0,0.0,10.012293585948013,11.782477565714679,1.0,1.0000000000000004,0.6319910217894207,0.37713789830669936,0.0,28.18617136785731,30,0.6269328319993199,0.3779427249436113,0.24948870428207806,61.302214363418315,13.278476290829538,{}
test,bimodal,hetero,low,hybrid,1005,0.7,0.7057752521731644,0.42274945416886045,0.7057752521731644,16.201641658201552,50.0,8.0,12.0,814,814,0,814,659,155,0,1.0,0.8095823095823096,13.18,0.0,0.0,10.012293585948013,11.782477565714679,1.0,1.0000000000000004,0.6319910217894207,0.37713789830669936,0.0,26.531600945670917,29,0.6321915216435534,0.49139145702007686,0.15766718737810442,61.302214363418315,13.278476290829538,"{'alpha': 0.1, 'beta': 0.9, 'gamma': 0.0, 'source': 'phase3_tuning'}"
test,bimodal,hetero,low,binpack,1006,0.7,0.7040625472193657,0.3998030840888689,0.7040625472193657,15.577188594877372,50.0,8.0,12.0,781,781,0,781,629,152,0,1.0,0.8053777208706786,12.58,0.0,0.0,10.022148756657106,11.807177807095577,1.0,1.0000000000000002,0.6329497364909703,0.36135303494665133,0.0,23.301265216526293,27,0.7128813586226652,0.4425002552723597,0.27487360159662233,61.59207874263608,12.680201999082161,{}
test,bimodal,hetero,low,spread,1006,0.7,0.7040625472193657,0.3998030840888689,0.7040625472193657,15.577188594877372,50.0,8.0,12.0,781,781,0,781,629,152,0,1.0,0.8053777208706786,12.58,0.0,0.0,10.022148756657106,11.807177807095577,1.0,1.0000000000000002,0.6329497364909703,0.36135303494665133,0.0,29.51194586342106,30,0.6806880089054664,0.388082542387041,0.46606258751950785,61.59207874263608,12.680201999082161,{}
test,bimodal,hetero,low,tetris,1006,0.7,0.7040625472193657,0.3998030840888689,0.7040625472193657,15.577188594877372,50.0,8.0,12.0,781,781,0,781,629,152,0,1.0,0.8053777208706786,12.58,0.0,0.0,10.022148756657106,11.807177807095577,1.0,1.0000000000000002,0.6329497364909703,0.36135303494665133,0.0,28.323739709831607,30,0.6933351163150739,0.4085713855833033,0.28839829279237883,61.59207874263608,12.680201999082161,{}
test,bimodal,hetero,low,hybrid,1006,0.7,0.7040625472193657,0.3998030840888689,0.7040625472193657,15.577188594877372,50.0,8.0,12.0,781,781,0,781,629,152,0,1.0,0.8053777208706786,12.58,0.0,0.0,10.022148756657106,11.807177807095577,1.0,1.0000000000000002,0.6329497364909703,0.36135303494665133,0.0,27.189394514910855,29,0.6748860188025202,0.4467712029596722,0.2383562936882813,61.59207874263608,12.680201999082161,"{'alpha': 0.1, 'beta': 0.9, 'gamma': 0.0, 'source': 'phase3_tuning'}"
test,bimodal,hetero,low,binpack,1007,0.7,0.7641856464639054,0.3975642656351403,0.7641856464639054,16.2275398913383,50.0,8.0,12.0,879,879,0,877,672,205,2,0.9977246871444824,0.764505119453925,13.44,0.006673165859971718,0.0,10.036075227221477,11.876580453837917,1.000660096911603,1.0000000000000004,0.6701616855757464,0.3521977730228638,0.11258250503776622,23.789488558890167,30,0.9120570943102846,0.5311003868827459,0.3848906609763216,61.95972425430506,14.186635117875396,{}
test,bimodal,hetero,low,spread,1007,0.7,0.7641856464639054,0.3975642656351403,0.7641856464639054,16.2275398913383,50.0,8.0,12.0,879,879,0,879,672,207,0,1.0,0.764505119453925,13.44,0.004923429432631354,0.0,10.034325490794137,11.874912481112057,1.0004893400139434,1.0000000000000004,0.6703214412769068,0.35225314188914686,0.08655388942565921,29.320629124337433,30,0.9307202185369087,0.4618018454533017,0.46891837308360695,61.77308300759247,14.229498629556225,{}
test,bimodal,hetero,low,tetris,1007,0.7,0.7641856464639054,0.3975642656351403,0.7641856464639054,16.2275398913383,50.0,8.0,12.0,879,879,0,877,672,205,2,0.9977246871444824,0.764505119453925,13.44,0.009072292874050874,0.0,10.038474354235557,11.881548391354968,1.0009039644050794,1.0000000000000004,0.6698022380488695,0.3521721294331002,0.15475915794527778,28.048155578000703,30,0.9113399631165467,0.491992750988081,0.4193472121284658,61.95972425430506,14.186635117875396,{}
test,bimodal,hetero,low,hybrid,1007,0.7,0.7641856464639054,0.3975642656351403,0.7641856464639054,16.2275398913383,50.0,8.0,12.0,879,879,0,877,672,205,2,0.9977246871444824,0.764505119453925,13.44,0.008386693769500684,0.0,10.037788755131007,11.876580453837917,1.0008361005304418,1.0000000000000004,0.669852164776266,0.35217866386654473,0.14270632568728545,27.006712635165727,30,0.9063272719212033,0.5047450155779224,0.403266843026068,61.77308300759247,14.229498629556225,"{'alpha': 0.1, 'beta': 0.9, 'gamma': 0.0, 'source': 'phase3_tuning'}"
test,bimodal,hetero,low,binpack,1008,0.7,0.6926594881843646,0.38869832217259076,0.6926594881843646,15.10131294897539,50.0,8.0,12.0,750,750,0,750,594,156,0,1.0,0.792,11.88,0.0,0.0,9.968547647328414,11.782412373949782,1.0,1.0000000000000004,0.6331695839957748,0.34113544152801006,0.0,22.372732730833405,23,0.6162105852406018,0.5530697855834673,0.10928585846357307,61.27902757098903,12.239097611840501,{}
test,bimodal,hetero,low,spread,1008,0.7,0.6926594881843646,0.38869832217259076,0.6926594881843646,15.10131294897539,50.0,8.0,12.0,750,750,0,750,594,156,0,1.0,0.792,11.88,0.0,0.0,9.968547647328414,11.782412373949782,1.0,1.0000000000000004,0.6331695839957748,0.34113544152801006,0.0,29.443813750532094,30,0.6121622199721759,0.45882932091816425,0.2526618047239858,61.27902757098903,12.239097611840501,{}
test,bimodal,hetero,low,tetris,1008,0.7,0.6926594881843646,0.38869832217259076,0.6926594881843646,15.10131294897539,50.0,8.0,12.0,750,750,0,750,594,156,0,1.0,0.792,11.88,0.0,0.0,9.968547647328414,11.782412373949782,1.0,1.0000000000000004,0.6331695839957748,0.34113544152801006,0.0,28.219541776076976,29,0.6133466719651344,0.46511057214714263,0.15612392325157196,61.27902757098903,12.239097611840501,{}
test,bimodal,hetero,low,hybrid,1008,0.7,0.6926594881843646,0.38869832217259076,0.6926594881843646,15.10131294897539,50.0,8.0,12.0,750,750,0,750,594,156,0,1.0,0.792,11.88,0.0,0.0,9.968547647328414,11.782412373949782,1.0,1.0000000000000004,0.6331695839957748,0.34113544152801006,0.0,26.972576183856372,25,0.610118668741454,0.5530208168819678,0.09697969183041556,61.27902757098903,12.239097611840501,"{'alpha': 0.1, 'beta': 0.9, 'gamma': 0.0, 'source': 'phase3_tuning'}"
test,bimodal,hetero,low,binpack,1009,0.7,0.72463583727906,0.3683453354071767,0.72463583727906,15.436320077474226,50.0,8.0,12.0,797,797,0,797,626,171,0,1.0,0.7854454203262233,12.52,0.0,0.0,9.990281283945201,11.821070664133337,1.0,1.0000000000000004,0.6505142581655581,0.3300477549083617,0.0,23.68041187255147,28,0.7326338250637642,0.4330990439453075,0.32110654461164606,61.30140769400211,13.00133275859472,{}
test,bimodal,hetero,low,spread,1009,0.7,0.72463583727906,0.3683453354071767,0.72463583727906,15.436320077474226,50.0,8.0,12.0,797,797,0,797,626,171,0,1.0,0.7854454203262233,12.52,0.0,0.0,9.990281283945201,11.821070664133337,1.0,1.0000000000000004,0.6505142581655581,0.3300477549083617,0.0,29.46382849980661,30,0.7161235107131884,0.3804677542778576,0.44317954564239614,61.30140769400211,13.00133275859472,{}
test,bimodal,hetero,low,tetris,1009,0.7,0.72463583727906,0.3683453354071767,0.72463583727906,15.436320077474226,50.0,8.0,12.0,797,797,0,797,626,171,0,1.0,0.7854454203262233,12.52,0.0,0.0,9.990281283945201,11.821070664133337,1.0,1.0000000000000004,0.6505142581655581,0.3300477549083617,0.0,28.545845193119945,30,0.716942116472848,0.412844708652295,0.3067227333757246,61.30140769400211,13.00133275859472,{}
test,bimodal,hetero,low,hybrid,1009,0.7,0.72463583727906,0.3683453354071767,0.72463583727906,15.436320077474226,50.0,8.0,12.0,797,797,0,797,626,171,0,1.0,0.7854454203262233,12.52,0.0,0.0,9.990281283945201,11.821070664133337,1.0,1.0000000000000004,0.6505142581655581,0.3300477549083617,0.0,27.76620929291853,29,0.706470366133514,0.4349397431417931,0.2817522893317241,61.30140769400211,13.00133275859472,"{'alpha': 0.1, 'beta': 0.9, 'gamma': 0.0, 'source': 'phase3_tuning'}"
test,bimodal,hetero,med,binpack,1000,1.0,1.0575409398998323,0.6147005141255232,1.0575409398998323,22.632104850478513,50.0,8.0,12.0,1198,1198,0,1139,906,233,59,0.9507512520868113,0.7562604340567612,18.12,0.7221864326440913,5.287164276190204,10.696812759210708,15.051569338893238,1.0729325059006602,1.5120206486233012,0.8643494188324283,0.531497094107911,14.143001526274954,27.64028627792094,30,0.9809535413851874,0.6219919189091383,0.35911530220715265,66.93261588859224,17.898598225923855,{}
test,bimodal,hetero,med,spread,1000,1.0,1.0575409398998323,0.6147005141255232,1.0575409398998323,22.632104850478513,50.0,8.0,12.0,1198,1198,0,1145,908,237,53,0.9557595993322203,0.7579298831385642,18.16,0.7291082557992241,5.284375911070967,10.70373458236584,15.087888252361317,1.0737115656282272,1.5077771258344967,0.8634909384543168,0.5331455230941125,14.289645546943119,29.504175671643942,30,0.9824005205093023,0.6245113714150932,0.3578891490942091,66.88723110389762,17.910742906058054,{}
test,bimodal,hetero,med,tetris,1000,1.0,1.0575409398998323,0.6147005141255232,1.0575409398998323,22.632104850478513,50.0,8.0,12.0,1198,1198,0,1142,904,238,56,0.9532554257095158,0.7545909849749582,18.08,0.7396991632806414,5.224585008487061,10.714325489847257,15.279756885737719,1.0746586261523499,1.5031609796488814,0.8627399441997727,0.5333839318880802,14.413208687380592,28.97351930938028,30,0.9819426898535204,0.6544476353242348,0.33142826469550485,66.87821057403924,17.913158706208552,{}
test,bimodal,hetero,med,hybrid,1000,1.0,1.0575409398998323,0.6147005141255232,1.0575409398998323,22.632104850478513,50.0,8.0,12.0,1198,1198,0,1145,907,238,53,0.9557595993322203,0.7570951585976627,18.14,0.686640419787803,4.491263180508113,10.66126674635442,14.907816215219718,1.0694189643624614,1.472269416552016,0.8628388507071137,0.5330562049180989,13.437321868027547,28.49910667000661,30,0.9797316550093254,0.6427132397835583,0.3428415253864138,67.63322777627754,17.71318683713925,"{'alpha': 0.1, 'beta': 0.9, 'gamma': 0.0, 'source': 'phase3_tuning'}"
test,bimodal,hetero,med,binpack,1001,1.0,0.9744501672059156,0.6091637769102769,0.9744501672059156,24.026111440239962,50.0,8.0,12.0,1166,1166,0,1166,938,228,0,1.0,0.8044596912521441,18.76,0.34292332345240023,1.825963554298756,10.344958466708249,12.586050280377599,1.034499318119018,1.1812716014163576,0.8773623910207872,0.5400615875870635,7.9969719029099835,27.609651312271982,30,0.9541757555560333,0.711780393162039,0.26333080502028916,61.14968544608629,19.06796398859688,{}
test,bimodal,hetero,med,spread,1001,1.0,0.9744501672059156,0.6091637769102769,0.9744501672059156,24.026111440239962,50.0,8.0,12.0,1166,1166,0,1161,938,223,5,0.9957118353344768,0.8044596912521441,18.76,0.3771950744438348,1.9268917756729707,10.379230217699684,12.786984165804753,1.0377749399659442,1.2028569742668138,0.8722836172928728,0.5403655351025426,8.738630673199525,29.602207769105593,30,0.9301701632371455,0.6333627829819907,0.29850941038349454,62.572987385896134,18.634238969750943,{}
test,bimodal,hetero,med,tetris,1001,1.0,0.9744501672059156,0.6091637769102769,0.9744501672059156,24.026111440239962,50.0,8.0,12.0,1166,1166,0,1163,938,225,3,0.9974271012006861,0.8044596912521441,18.76,0.36619228153573874,1.8144063557296697,10.368227424791588,12.675632569856603,1.0367163371091461,1.1817205053791833,0.8751376839568185,0.5400587157488418,8.535420017836621,29.00278206416514,30,0.9242781510816481,0.693875277476506,0.26069751748208914,61.7475686651843,18.88333460257256,{}
test,bimodal,hetero,med,hybrid,1001,1.0,0.9744501672059156,0.6091637769102769,0.9744501672059156,24.026111440239962,50.0,8.0,12.0,1166,1166,0,1164,937,227,2,0.9982847341337907,0.8036020583190394,18.74,0.3614658986380978,1.946300999891669,10.363501041893947,12.642427057801193,1.036333282670588,1.1844618956069346,0.8767637784736655,0.5394826198770994,8.422544037026867,28.441266445670934,30,0.9412015356506651,0.7102076209995991,0.2574411087241727,61.77919033218978,18.8736691712915,"{'alpha': 0.1, 'beta': 0.9, 'gamma': 0.0, 'source': 'phase3_tuning'}"
test,bimodal,hetero,med,binpack,1002,1.0,1.0123610241428764,0.658252181740138,1.0123610241428764,24.30659019573237,50.0,8.0,12.0,1238,1238,0,1218,962,256,20,0.9838449111470113,0.777059773828756,19.24,0.4274850251339907,1.7220051123661264,10.3847732197203,12.494725996282032,1.0440875572796935,1.1891138347995414,0.880537124797836,0.5822025719264089,9.989248086291466,27.67211597331063,30,0.9579958693910073,0.7565137888049168,0.2194998679892377,64.21988764247747,19.277517377360525,{}
test,bimodal,hetero,med,spread,1002,1.0,1.0123610241428764,0.658252181740138,1.0123610241428764,24.30659019573237,50.0,8.0,12.0,1238,1238,0,1221,966,255,17,0.9862681744749596,0.7802907915993538,19.32,0.4553837998384949,1.997995923888313,10.412671994424803,12.633139314638981,1.0471055684519939,1.2172665424985734,0.8796630393103616,0.5825587942527507,10.574531411067879,29.62419839297315,30,0.9610552847076171,0.7144688624960566,0.26553385079063574,64.45714492840531,19.20655966650536,{}
test,bimodal,hetero,med,tetris,1002,1.0,1.0123610241428764,0.658252181740138,1.0123610241428764,24.30659019573237,50.0,8.0,12.0,1238,1238,0,1220,961,259,18,0.9854604200323102,0.7762520193861067,19.22,0.46720804704070257,2.083697706640823,10.424496241627011,12.721094103107706,1.048172777764893,1.2180262605542427,0.8776859861431958,0.5819715451669255,10.944943699962135,28.906284138465757,30,0.9732884685917078,0.7666024809163758,0.20929936658059833,64.27345420068909,19.261451176008634,{}
test,bimodal,hetero,med,hybrid,1002,1.0,1.0123610241428764,0.658252181740138,1.0123610241428764,24.30659019573237,50.0,8.0,12.0,1238,1238,0,1219,964,255,19,0.9846526655896607,0.778675282714055,19.28,0.4412469091146843,1.9533730030330254,10.398535103700992,12.624080653286232,1.045522713732598,1.2068344519938388,0.8785494964135262,0.5823889440610074,10.223337537589172,28.37537267662895,30,0.9500274171202252,0.7507561131243757,0.2112975985167805,64.54159311900187,19.18142921754928,"{'alpha': 0.1, 'beta': 0.9, 'gamma': 0.0, 'source': 'phase3_tuning'}"
test,bimodal,hetero,med,binpack,1003,1.0,0.9439751616607169,0.5326755714492689,0.9439751616607169,23.644323979962955,50.0,8.0,12.0,1112,1112,0,1102,877,225,10,0.9910071942446043,0.7886690647482014,17.54,0.19454120171321979,1.2309367793800092,10.197625577515645,12.095273160346814,1.0194949043195398,1.128812570060467,0.8263713024792868,0.47571798727514947,4.1616599438669315,26.663613311018548,30,0.9738410878556957,0.6068967411287569,0.3697501881899045,64.18403518205271,17.32518058183634,{}
test,bimodal,hetero,med,spread,1003,1.0,0.9439751616607169,0.5326755714492689,0.9439751616607169,23.644323979962955,50.0,8.0,12.0,1112,1112,0,1102,876,226,10,0.9910071942446043,0.7877697841726619,17.52,0.2343303255890689,1.1892476883218492,10.237414701391494,12.202962239978064,1.0234195482893191,1.1179272283696204,0.8209413478654389,0.47549825228818554,4.968151650054332,29.641789455036356,30,0.9673001149989114,0.5622485079752143,0.4050516070236972,64.39783329292854,17.26766170752685,{}
test,bimodal,hetero,med,tetris,1003,1.0,0.9439751616607169,0.5326755714492689,0.9439751616607169,23.644323979962955,50.0,8.0,12.0,1112,1112,0,1101,875,226,11,0.9901079136690647,0.7868705035971223,17.5,0.26208976525918676,1.3892822360992945,10.265174141061612,12.468937698577143,1.026284438459355,1.139993164458447,0.8193638500384476,0.4750196565181416,5.492016161541589,28.941913809321935,30,0.9679458498255455,0.6264607696732764,0.3444959011030819,64.6161017787728,17.20933280387561,{}
test,bimodal,hetero,med,hybrid,1003,1.0,0.9439751616607169,0.5326755714492689,0.9439751616607169,23.644323979962955,50.0,8.0,12.0,1112,1112,0,1101,876,225,11,0.9901079136690647,0.7877697841726619,17.52,0.2461025941224349,1.352370796739784,10.249186969924859,12.401798738907566,1.0247152040263345,1.146080941387547,0.8222303957287785,0.47511946435509467,5.293330358046828,28.520537549999894,30,0.9700848842164445,0.6230079731746689,0.3569501087008575,63.171686390633916,17.602822776073136,"{'alpha': 0.1, 'beta': 0.9, 'gamma': 0.0, 'source': 'phase3_tuning'}"
test,bimodal,hetero,med,binpack,1004,1.0,0.9890564207881319,0.5810896018228214,0.9890564207881319,22.009549258490058,50.0,8.0,12.0,1085,1085,0,1066,856,210,19,0.9824884792626728,0.7889400921658987,17.12,0.4724371674866324,4.4176679668701695,10.51877207010912,14.325811512619623,1.0481331543195356,1.418566850518672,0.8533998715954618,0.5158304349797256,9.699793006429926,27.194461263014723,30,0.9710351682819065,0.6325138664813424,0.3414288624299864,64.09885194412252,16.92698023586814,{}
test,bimodal,hetero,med,spread,1004,1.0,0.9890564207881319,0.5810896018228214,0.9890564207881319,22.009549258490058,50.0,8.0,12.0,1085,1085,0,1065,856,209,20,0.9815668202764977,0.7889400921658987,17.12,0.5267399736832906,4.820632328912659,10.573074876305778,14.521711593896278,1.053632530526127,1.465588068850009,0.8490414301055174,0.5154555781335683,10.7397014061072,29.448891995169753,30,0.9529556645464587,0.5869730967392827,0.3659825678071761,64.62882733718986,16.788174019299436,{}
test,bimodal,hetero,med,tetris,1004,1.0,0.9890564207881319,0.5810896018228214,0.9890564207881319,22.009549258490058,50.0,8.0,12.0,1085,1085,0,1064,853,211,21,0.9806451612903225,0.7861751152073733,17.06,0.5503290824411167,4.79225896932271,10.596663985063604,14.569836650999115,1.05612455901336,1.4405995830164136,0.8488607376406583,0.5152582935253348,11.240697884738152,28.858495137385283,30,0.9655336508961311,0.66587172878764,0.30466669505913396,64.29858224445434,16.874400058697713,{}
test,bimodal,hetero,med,hybrid,1004,1.0,0.9890564207881319,0.5810896018228214,0.9890564207881319,22.009549258490058,50.0,8.0,12.0,1085,1085,0,1066,856,210,19,0.9824884792626728,0.7889400921658987,17.12,0.5289168371715139,3.35884324252401,10.575251739794002,13.311682511745488,1.053848687218382,1.3343927738712795,0.8560488008700113,0.5147848805829947,11.019717457461718,28.326733263882133,30,0.9746485917082451,0.6647971947884634,0.31394210516946436,63.24758186276544,17.154806050201763,"{'alpha': 0.1, 'beta': 0.9, 'gamma': 0.0, 'source': 'phase3_tuning'}"
test,bimodal,hetero,med,binpack,1005,1.0,1.0102581691103707,0.6032779990982476,1.0102581691103707,23.145202368859362,50.0,8.0,12.0,1161,1161,0,1138,901,237,23,0.9801894918173988,0.7760551248923342,18.02,0.502622762502611,2.3890285301072396,10.541183726324169,13.157709927767705,1.0502453221077337,1.2458180371179204,0.8751985211158068,0.5332167857175727,10.954468139147073,27.705170092737106,30,0.9774754483123449,0.6766878527650242,0.30259176516182457,64.12674303259365,18.104771037722895,{}
test,bimodal,hetero,med,spread,1005,1.0,1.0102581691103707,0.6032779990982476,1.0102581691103707,23.145202368859362,50.0,8.0,12.0,1161,1161,0,1135,899,236,26,0.9776055124892334,0.7743324720068906,17.98,0.5442295423025715,2.771098899178945,10.58279050612413,13.328059079413883,1.0544529975229884,1.2758029491871834,0.8720992745370018,0.5333037112288329,11.84832879974499,29.565227568066103,30,0.9732487594934572,0.6045237217021879,0.36872503779126936,64.14621079756405,18.0992764118826,{}
test,bimodal,hetero,med,tetris,1005,1.0,1.0102581691103707,0.6032779990982476,1.0102581691103707,23.145202368859362,50.0,8.0,12.0,1161,1161,0,1133,898,235,28,0.9758828596037898,0.7734711455641688,17.96,0.5668649003064594,2.7706050408256786,10.605425864128017,13.422036628089302,1.0566595083942159,1.28138497371109,0.8705983717768734,0.5321759776041389,12.313478683822067,28.77866925589248,30,0.971932971533317,0.685491739993369,0.2868616936351802,64.21351017466463,18.080307350306963,{}
test,bimodal,hetero,med,hybrid,1005,1.0,1.0102581691103707,0.6032779990982476,1.0102581691103707,23.145202368859362,50.0,8.0,12.0,1161,1161,0,1135,898,237,26,0.9776055124892334,0.7734711455641688,17.96,0.5185324706724139,2.5345860711005983,10.557093434493972,13.294113670843423,1.0518522403909207,1.2589129075977172,0.8730370224628724,0.533572095967505,11.323630829255194,28.203084444180462,30,0.9792950477130591,0.6763973017136949,0.30349875406028204,64.01911397603166,18.135208813334575,"{'alpha': 0.1, 'beta': 0.9, 'gamma': 0.0, 'source': 'phase3_tuning'}"
test,bimodal,hetero,med,binpack,1006,1.0,1.0022018840807139,0.5588204361494193,1.0022018840807139,22.253126564110534,50.0,8.0,12.0,1108,1108,0,1089,869,220,19,0.9828519855595668,0.7842960288808665,17.38,0.602359718716238,4.6055967610891635,10.600856964124441,15.16352002723631,1.0599898044974048,1.444716458543603,0.8636669517572321,0.5012586623239864,12.686649687180102,27.55774078334948,30,0.9554467496976271,0.6077680072010991,0.3540439936734268,63.98065310677185,17.31773506830187,{}
test,bimodal,hetero,med,spread,1006,1.0,1.0022018840807139,0.5588204361494193,1.0022018840807139,22.253126564110534,50.0,8.0,12.0,1108,1108,0,1090,866,224,18,0.983754512635379,0.7815884476534296,17.32,0.720915542275707,4.069220304246677,10.71941278768391,14.693090788915086,1.0719806905379838,1.3935066490578187,0.8652225468988162,0.495772650295179,15.426458099688709,29.66224819969502,30,0.981934647621255,0.5503239358464078,0.4316107117748473,64.6119704028335,17.148525158604503,{}
test,bimodal,hetero,med,tetris,1006,1.0,1.0022018840807139,0.5588204361494193,1.0022018840807139,22.253126564110534,50.0,8.0,12.0,1108,1108,0,1086,866,220,22,0.98014440433213,0.7815884476534296,17.32,0.7107629849215203,4.621489031152695,10.709260230329722,14.668887443399296,1.0710972711458802,1.4388734956486662,0.8628289957729751,0.4960552868100915,15.267617447363984,28.863915725787407,30,0.9782953070800434,0.5795264959699205,0.39876881111012297,64.39016888135642,17.207595806148152,{}
test,bimodal,hetero,med,hybrid,1006,1.0,1.0022018840807139,0.5588204361494193,1.0022018840807139,22.253126564110534,50.0,8.0,12.0,1108,1108,0,1090,868,222,18,0.983754512635379,0.7833935018050542,17.36,0.5980706784361314,4.611533825703884,10.596567923844335,15.174956883442547,1.0594507199026872,1.4432365500543416,0.8643227334109568,0.5007121020026205,12.752683687794674,28.090897194776392,30,0.9579695292392743,0.6037424985662277,0.3624337747324869,63.75717907365903,17.378435120536327,"{'alpha': 0.1, 'beta': 0.9, 'gamma': 0.0, 'source': 'phase3_tuning'}"
test,bimodal,hetero,med,binpack,1007,1.0,1.0464495386600319,0.5456596476637411,1.0464495386600319,23.182199844769,50.0,8.0,12.0,1205,1205,0,1139,927,212,66,0.9452282157676348,0.7692946058091287,18.54,1.2046101529335937,6.7480787369787905,11.247686791537626,16.864235984151804,1.120709840594586,1.6513566243440687,0.8482248982114329,0.4815144665807917,25.465834975152756,26.86501616097644,30,0.9400206406371664,0.5205236914691792,0.4264006277754477,66.01469666730954,18.253511124541994,{}
test,bimodal,hetero,med,spread,1007,1.0,1.0464495386600319,0.5456596476637411,1.0464495386600319,23.182199844769,50.0,8.0,12.0,1205,1205,0,1141,928,213,64,0.9468879668049792,0.7701244813278009,18.56,1.2014706971210884,6.394517096883309,11.244547335725121,16.789442669565247,1.120255919535949,1.6429935901801025,0.843846110642162,0.4817178046972226,25.21796134179515,29.52877999726811,30,0.9441650601758699,0.469849176590921,0.4743158835849489,66.89842582128685,18.012381983681493,{}
test,bimodal,hetero,med,tetris,1007,1.0,1.0464495386600319,0.5456596476637411,1.0464495386600319,23.182199844769,50.0,8.0,12.0,1205,1205,0,1141,928,213,64,0.9468879668049792,0.7701244813278009,18.56,1.2044739063618999,6.389143509875467,11.247550544965934,16.862924328179815,1.120492603785922,1.632075841909383,0.8463796039939108,0.48186501516356733,25.398288034383114,28.56316003057252,30,0.9514145967500306,0.5233188589483695,0.42876752412902436,66.04880807237582,18.24408396105452,{}
test,bimodal,hetero,med,hybrid,1007,1.0,1.0464495386600319,0.5456596476637411,1.0464495386600319,23.182199844769,50.0,8.0,12.0,1205,1205,0,1143,932,211,62,0.9485477178423236,0.7734439834024897,18.64,1.1447002224865561,6.071669665523231,11.187776861090589,16.71482322166254,1.1145722175774426,1.6376515798260833,0.8483303601903546,0.4822895279488863,24.221334324774396,28.190368078746797,30,0.9427848201750069,0.5389441934235308,0.40685348688709466,66.7237313135931,18.05954157954165,"{'alpha': 0.1, 'beta': 0.9, 'gamma': 0.0, 'source': 'phase3_tuning'}"
test,bimodal,hetero,med,binpack,1008,1.0,1.0095589641444374,0.5643035065885811,1.0095589641444374,21.573304212821988,50.0,8.0,12.0,1089,1089,0,1052,826,226,37,0.9660238751147842,0.758494031221304,16.52,0.6642604762382456,3.0239280706812224,10.648490740668672,13.662602543008525,1.0677403519161794,1.3177797620461613,0.862407101712904,0.49069705834886024,13.580145005710564,27.46849160367307,30,0.9815892732278724,0.6286580179420616,0.35981626665420335,63.97082146256934,17.023386211121217,{}
test,bimodal,hetero,med,spread,1008,1.0,1.0095589641444374,0.5643035065885811,1.0095589641444374,21.573304212821988,50.0,8.0,12.0,1089,1089,0,1047,822,225,42,0.9614325068870524,0.7548209366391184,16.44,0.716282314278022,3.2616436262037887,10.70051257870845,13.969066707976836,1.0729757905012556,1.3331361049265869,0.8553880416057064,0.489807633608357,14.451332319041347,29.595446130028822,30,0.9854303598318825,0.5705011991185508,0.41492916071333175,64.3340743259603,16.927266171304233,{}
test,bimodal,hetero,med,tetris,1008,1.0,1.0095589641444374,0.5643035065885811,1.0095589641444374,21.573304212821988,50.0,8.0,12.0,1089,1089,0,1044,821,223,45,0.9586776859504132,0.7539026629935721,16.42,0.7344283860236943,3.3629131441968063,10.71865865045412,13.875303337388015,1.0747759451708843,1.351258912205934,0.8574976204994804,0.4887182635627461,14.907050378002628,28.68430370590859,30,0.9824158229297949,0.6144739165717744,0.36912248964896505,64.22696874711764,16.955494261106193,{}
test,bimodal,hetero,med,hybrid,1008,1.0,1.0095589641444374,0.5643035065885811,1.0095589641444374,21.573304212821988,50.0,8.0,12.0,1089,1089,0,1055,827,228,34,0.9687786960514233,0.7594123048668503,16.54,0.5976351976801907,3.1249557765192932,10.581865462110619,13.774106293685826,1.0609986340188715,1.2866335089632244,0.8603262786942508,0.49127310673369967,12.142556748808524,27.76346321657404,30,0.9834767831593502,0.6432682910132714,0.3402084921460787,63.986244683967705,17.01928290023337,"{'alpha': 0.1, 'beta': 0.9, 'gamma': 0.0, 'source': 'phase3_tuning'}"
test,bimodal,hetero,med,binpack,1009,1.0,1.0308715974555347,0.5287967603348593,1.0308715974555347,22.05188582496318,50.0,8.0,12.0,1140,1140,0,1091,877,214,49,0.9570175438596491,0.769298245614035,17.54,0.6329945469347447,3.9553779102810083,10.621695621699692,14.17340998739293,1.064225301506983,1.3976564151436113,0.8551241278716986,0.47328253568320194,12.350712140517384,27.378460212379583,30,0.9771230712463794,0.4993051792222235,0.4782804653157192,65.51023943453305,17.401859767880207,{}
test,bimodal,hetero,med,spread,1009,1.0,1.0308715974555347,0.5287967603348593,1.0308715974555347,22.05188582496318,50.0,8.0,12.0,1140,1140,0,1089,875,214,51,0.9552631578947368,0.7675438596491229,17.5,0.7256387192784122,4.389832876151267,10.714339794043358,14.633445425248738,1.0738365640819683,1.4283497163610066,0.849270741981421,0.47279681945208824,13.984349218319567,29.630244017293563,30,0.9689287276312204,0.45870200941127687,0.5102267182199436,66.07545879456394,17.253001655945948,{}
test,bimodal,hetero,med,tetris,1009,1.0,1.0308715974555347,0.5287967603348593,1.0308715974555347,22.05188582496318,50.0,8.0,12.0,1140,1140,0,1090,876,214,50,0.956140350877193,0.7684210526315789,17.52,0.7379763854883691,4.072672615739016,10.726677460253315,14.528326002330772,1.0748919783627764,1.4201510441458616,0.8482893014087388,0.47211507332398883,14.398196420130231,28.891760896786295,30,0.9648680463251736,0.5048963111011963,0.4599717352239773,66.12719719181793,17.239502782692487,{}
test,bimodal,hetero,med,hybrid,1009,1.0,1.0308715974555347,0.5287967603348593,1.0308715974555347,22.05188582496318,50.0,8.0,12.0,1140,1140,0,1094,879,215,46,0.9596491228070175,0.7710526315789473,17.58,0.6395959111478965,3.6237129661341783,10.628296985912844,14.034835846656613,1.0649684920104372,1.3666724946863433,0.8551170047271994,0.4732381227103275,12.581866259226468,28.609571493241233,30,0.9736061872134412,0.5114265102960781,0.4626422502089264,65.84216091392653,17.3141340468805,"{'alpha': 0.1, 'beta': 0.9, 'gamma': 0.0, 'source': 'phase3_tuning'}"
test,bimodal,hetero,high,binpack,1000,1.3,1.3620581403421361,0.7896092687791814,1.3620581403421361,29.42173630562207,50.0,8.0,12.0,1545,1545,0,1306,1040,266,239,0.8453074433656957,0.6731391585760518,20.8,5.136450194180288,19.05649969609722,15.106229298687479,29.143907225261692,1.5211060881524203,2.9293642021733377,0.9142885251064072,0.6387539406688862,117.42487003601843,28.303523083463723,30,0.9876603508584109,0.7443389892379556,0.24608155238840093,80.04243985399867,19.30226018619817,{}
test,bimodal,hetero,high,spread,1000,1.3,1.3620581403421361,0.7896092687791814,1.3620581403421361,29.42173630562207,50.0,8.0,12.0,1545,1545,0,1316,1045,271,229,0.8517799352750809,0.6763754045307443,20.9,4.996568900796795,18.845149873572105,14.966348005303987,29.002842168891206,1.5068431438762697,2.9136325576038553,0.9172296561455796,0.6458329236445419,114.17641588673702,29.604510349448798,30,0.9872406141557918,0.7424113730683214,0.24490294407625737,79.69399078129868,19.38665619393923,{}
test,bimodal,hetero,high,tetris,1000,1.3,1.3620581403421361,0.7896092687791814,1.3620581403421361,29.42173630562207,50.0,8.0,12.0,1545,1545,0,1306,1041,265,239,0.8453074433656957,0.6737864077669903,20.82,4.8563311819901,18.754022268793086,14.826110286497292,28.935302324443846,1.4922842458473011,2.8985504056425544,0.9191642854558815,0.6419781522030843,109.88685728637566,29.19889927927719,30,0.9875041301068385,0.7204201059099177,0.2684105329692656,79.69417547929442,19.38661126372292,{}
test,bimodal,hetero,high,hybrid,1000,1.3,1.3620581403421361,0.7896092687791814,1.3620581403421361,29.42173630562207,50.0,8.0,12.0,1545,1545,0,1304,1040,264,241,0.8440129449838187,0.6731391585760518,20.8,5.016142178195637,18.603066362919463,14.985921282702828,28.980849256542754,1.5089000949828617,2.904920761741888,0.9177944152091841,0.6348818011365601,114.24182659816469,28.88123865401461,30,0.989891348523759,0.7650755958223715,0.22677223827249382,79.77070311980253,19.36801281141603,"{'alpha': 0.1, 'beta': 0.9, 'gamma': 0.0, 'source': 'phase3_tuning'}"
test,bimodal,hetero,high,binpack,1001,1.3,1.270210926408248,0.7934064985303546,1.270210926408248,31.23394487231195,50.0,8.0,12.0,1516,1516,0,1308,1039,269,208,0.862796833773087,0.6853562005277045,20.78,4.647552397792771,13.670854518429756,14.68390789874316,24.200760677309354,1.4677827211122938,2.36328656761159,0.907793693926549,0.620417427794079,116.45249366624329,28.168832110109562,30,0.9903772466248113,0.7932590317472493,0.20119959188725142,76.24780302279501,19.882540085079924,{}
test,bimodal,hetero,high,spread,1001,1.3,1.270210926408248,0.7934064985303546,1.270210926408248,31.23394487231195,50.0,8.0,12.0,1516,1516,0,1318,1048,270,198,0.8693931398416886,0.6912928759894459,20.96,4.2360182645185445,12.633126678512827,14.272373765468933,23.3973809146214,1.4263052307794848,2.3380833406643817,0.9131707078607003,0.6310859283598105,106.17441271075377,29.714153836445835,30,0.9916802016102271,0.787904454704764,0.20442882993215925,76.67322678551017,19.772221198423544,{}
test,bimodal,hetero,high,tetris,1001,1.3,1.270210926408248,0.7934064985303546,1.270210926408248,31.23394487231195,50.0,8.0,12.0,1516,1516,0,1326,1057,269,190,0.8746701846965699,0.6972295514511874,21.14,4.045445384434176,13.129050966402847,14.081800885384563,23.711816678370276,1.406766409790279,2.3608403862118785,0.9142923476636473,0.6369471343009857,100.78661898007988,29.237923815018867,30,0.9916430834234233,0.7681479946546058,0.22349508876881757,76.55143586362612,19.803678179214096,{}
test,bimodal,hetero,high,hybrid,1001,1.3,1.270210926408248,0.7934064985303546,1.270210926408248,31.23394487231195,50.0,8.0,12.0,1516,1516,0,1329,1052,277,187,0.8766490765171504,0.6939313984168866,21.04,4.213520421198261,12.382925442976642,14.249875922148648,23.668795986304122,1.4237405863358499,2.3697364842734125,0.9136216319639858,0.6303948940757294,105.61585175882249,28.877869203885265,30,0.990055396778082,0.8040197573278522,0.18688013156578662,76.69824425819468,19.765771885163147,"{'alpha': 0.1, 'beta': 0.9, 'gamma': 0.0, 'source': 'phase3_tuning'}"
test,bimodal,hetero,high,binpack,1002,1.3,1.3112862279070896,0.850097971465668,1.3112862279070896,31.59856725445208,50.0,8.0,12.0,1596,1596,0,1370,1084,286,226,0.8583959899749374,0.6791979949874687,21.68,4.560910742918568,15.740198583094035,14.529692605260895,26.555318045899952,1.464260931446458,2.742336830259596,0.9099919847099384,0.6846304930498421,113.12737354695048,28.339437731984987,30,0.9899089171893732,0.8234253008812987,0.16940357232724915,78.87092200408425,20.235594556855222,{}
test,bimodal,hetero,high,spread,1002,1.3,1.3112862279070896,0.850097971465668,1.3112862279070896,31.59856725445208,50.0,8.0,12.0,1596,1596,0,1374,1094,280,222,0.8609022556390977,0.6854636591478697,21.88,4.280818758952475,15.10688516784871,14.2496006212948,26.076950304007042,1.4357862211030237,2.6944077931491743,0.915816425683386,0.6847544705092362,105.66616809079409,29.708268916014703,30,0.9891865049945489,0.7807445539924719,0.2101751784190807,78.65352505085804,20.29152538259427,{}
test,bimodal,hetero,high,tetris,1002,1.3,1.3112862279070896,0.850097971465668,1.3112862279070896,31.59856725445208,50.0,8.0,12.0,1596,1596,0,1374,1094,280,222,0.8609022556390977,0.6854636591478697,21.88,4.165476210144806,16.009492938916054,14.13425807248713,25.765383231362186,1.4241366250658192,2.6563593062440907,0.9168073024637031,0.6846117098855496,102.67207016211174,29.0285505798943,30,0.9909977658891196,0.7869664707311618,0.20403129515795784,77.92488076814514,20.481263291870544,{}
test,bimodal,hetero,high,hybrid,1002,1.3,1.3112862279070896,0.850097971465668,1.3112862279070896,31.59856725445208,50.0,8.0,12.0,1596,1596,0,1366,1089,277,230,0.8558897243107769,0.6823308270676691,21.78,4.305573831465384,14.94768029634212,14.274355693807708,25.848359065628145,1.438296726937916,2.649953517703214,0.9178281136050204,0.6781465820471868,106.42222595653148,28.61307166273772,30,0.9892113315557839,0.8146060644377909,0.17585919550741497,78.03108640339431,20.453386894413082,"{'alpha': 0.1, 'beta': 0.9, 'gamma': 0.0, 'source': 'phase3_tuning'}"
test,bimodal,hetero,high,binpack,1003,1.3,1.2474518295303774,0.7071534697706136,1.2474518295303774,30.73762117395184,50.0,8.0,12.0,1476,1476,0,1299,1035,264,177,0.8800813008130082,0.7012195121951219,20.7,2.81100478141141,14.43619589496122,12.812810437106473,23.214433799490145,1.286309543993309,2.4370908729612064,0.9033197865295672,0.5701954406949362,63.28905548511489,28.026042912170073,30,0.9887029516049534,0.725515038562747,0.26428656319305427,74.97298793698005,19.68709051906374,{}
test,bimodal,hetero,high,spread,1003,1.3,1.2474518295303774,0.7071534697706136,1.2474518295303774,30.73762117395184,50.0,8.0,12.0,1476,1476,0,1310,1045,265,166,0.8875338753387534,0.7079945799457995,20.9,2.646553918980206,16.24218631096251,12.64835957467527,26.311965579848476,1.270565639456777,2.612963489790515,0.904283462660176,0.5742884390169501,59.39246903958226,29.736206519502222,30,0.9926091549937281,0.7121373976018243,0.28094401861575957,75.37718709771198,19.581521370473148,{}
test,bimodal,hetero,high,tetris,1003,1.3,1.2474518295303774,0.7071534697706136,1.2474518295303774,30.73762117395184,50.0,8.0,12.0,1476,1476,0,1309,1044,265,167,0.8868563685636857,0.7073170731707317,20.88,2.700480095819852,16.23917775509911,12.702285751514916,26.458845552659294,1.275969599268588,2.6078798622509227,0.9015769351761886,0.5741142801805904,60.464146654692186,29.284539235830618,30,0.9909160815513148,0.7176124155846089,0.27511073367312655,75.07135319805803,19.6612947165868,{}
test,bimodal,hetero,high,hybrid,1003,1.3,1.2474518295303774,0.7071534697706136,1.2474518295303774,30.73762117395184,50.0,8.0,12.0,1476,1476,0,1305,1042,263,171,0.8841463414634146,0.7059620596205962,20.84,2.669817683567279,15.395031189299957,12.671623339262343,24.84562590045648,1.2724563013333674,2.5371612920939417,0.9044834144971078,0.5753731022433901,59.51306025424179,28.71628464355047,30,0.9891552537735906,0.7288632876083371,0.2618027816659898,75.30662056838233,19.59987035482113,"{'alpha': 0.1, 'beta': 0.9, 'gamma': 0.0, 'source': 'phase3_tuning'}"
test,bimodal,hetero,high,binpack,1004,1.3,1.2749995618590453,0.7473463311232107,1.2749995618590453,28.612414036037077,50.0,8.0,12.0,1399,1399,0,1229,981,248,170,0.8784846318799142,0.7012151536812009,19.62,4.330734017152652,15.346803890528378,14.356803240643476,25.937243016220016,1.4391824247227205,2.644138007535,0.8975559547903964,0.6011466458168472,95.91542406168402,27.789131276272165,30,0.9877054309372649,0.7574373712906767,0.23114117299798753,77.41300625938523,18.071898607223915,{}
test,bimodal,hetero,high,spread,1004,1.3,1.2749995618590453,0.7473463311232107,1.2749995618590453,28.612414036037077,50.0,8.0,12.0,1399,1399,0,1229,981,248,170,0.8784846318799142,0.7012151536812009,19.62,4.1832442110631245,15.346473998520302,14.20931343455395,25.94265948317727,1.424362670652292,2.6410199958913183,0.8983703180056111,0.6090242077922607,92.12835795984338,29.556705472798452,30,0.9849265678134312,0.7506905214726145,0.23472224741681946,77.3378687447382,18.08945633888034,{}
test,bimodal,hetero,high,tetris,1004,1.3,1.2749995618590453,0.7473463311232107,1.2749995618590453,28.612414036037077,50.0,8.0,12.0,1399,1399,0,1229,983,246,170,0.8784846318799142,0.7026447462473195,19.66,4.1112484343465905,16.013897279389845,14.137317657837414,26.367826787137275,1.4169885876709185,2.668360467192558,0.8955091028515137,0.6099192792125065,89.46246026962352,28.866122363926564,30,0.9872795699250518,0.7364119280316231,0.25110573512430784,77.76380742003633,17.990374268114074,{}
test,bimodal,hetero,high,hybrid,1004,1.3,1.2749995618590453,0.7473463311232107,1.2749995618590453,28.612414036037077,50.0,8.0,12.0,1399,1399,0,1228,983,245,171,0.8777698355968548,0.7026447462473195,19.66,4.098831732113572,15.71485958148039,14.124900955604396,26.19829131434623,1.4157523885755003,2.6483435862575364,0.8976972870024384,0.6096083867318512,89.64494163173012,28.299964085822584,30,0.9838652931997445,0.7599228321158524,0.229147365613604,77.86054822933237,17.96802144109429,"{'alpha': 0.1, 'beta': 0.9, 'gamma': 0.0, 'source': 'phase3_tuning'}"
test,bimodal,hetero,high,binpack,1005,1.3,1.2968852105243784,0.775459092295377,1.2968852105243784,30.08876307951717,50.0,8.0,12.0,1490,1490,0,1312,1043,269,178,0.8805369127516779,0.7,20.86,4.2576360645414955,15.696264771844483,14.295752682983103,25.674323391714147,1.4269001531688599,2.6334986862300416,0.9162384983495059,0.6329575425923027,101.52148838383566,28.370558851325026,30,0.9877264413009913,0.7608989146966404,0.22787600227038357,77.7758099933466,19.157627546758604,{}
test,bimodal,hetero,high,spread,1005,1.3,1.2968852105243784,0.775459092295377,1.2968852105243784,30.08876307951717,50.0,8.0,12.0,1490,1490,0,1315,1048,267,175,0.8825503355704698,0.7033557046979866,20.96,4.088810691841379,15.931087315573706,14.126927310282985,25.826037733745572,1.409607980002566,2.6612543027059483,0.9174875025263247,0.6384900657666569,96.94517814975747,29.676396559090747,30,0.9845320571333092,0.7489866421169572,0.2378096494229683,77.40181902635345,19.25019358385739,{}
test,bimodal,hetero,high,tetris,1005,1.3,1.2968852105243784,0.775459092295377,1.2968852105243784,30.08876307951717,50.0,8.0,12.0,1490,1490,0,1309,1041,268,181,0.8785234899328859,0.6986577181208053,20.82,4.1086880821770935,14.73452545223952,14.1468047006187,25.05712889445641,1.411563435605121,2.5835338773656065,0.9214340259358512,0.6315417617401548,98.26753451035724,29.227997916265636,30,0.9860363382204812,0.7656778013046787,0.225349554739795,77.11339968371006,19.322193109257476,{}
test,bimodal,hetero,high,hybrid,1005,1.3,1.2968852105243784,0.775459092295377,1.2968852105243784,30.08876307951717,50.0,8.0,12.0,1490,1490,0,1320,1051,269,170,0.8859060402684564,0.7053691275167785,21.02,3.963095631401523,15.80738288801745,14.001212249843128,25.873858070887152,1.3968326345304023,2.652305766718913,0.9209102458674221,0.6400752095770383,93.471711034577,28.901277388692403,30,0.9880783836634804,0.7817809345626138,0.20798497973064392,77.47471624169101,19.23208076492696,"{'alpha': 0.1, 'beta': 0.9, 'gamma': 0.0, 'source': 'phase3_tuning'}"
test,bimodal,hetero,high,binpack,1006,1.3,1.3006063259154168,0.737824641226459,1.3006063259154168,28.929064533343695,50.0,8.0,12.0,1450,1450,0,1241,993,248,209,0.8558620689655172,0.6848275862068965,19.86,4.2329216273708,16.934863600710905,14.23730363199705,27.233835676677806,1.4308335179065728,2.6769152665689173,0.9082410231909377,0.5933133803745054,96.41611482055606,28.325198483191063,30,0.9902897085576206,0.6885405269771318,0.30180537522376266,77.95130775425353,18.601355663861565,{}
test,bimodal,hetero,high,spread,1006,1.3,1.3006063259154168,0.737824641226459,1.3006063259154168,28.929064533343695,50.0,8.0,12.0,1450,1450,0,1258,1006,252,192,0.8675862068965517,0.6937931034482758,20.12,3.9796136037672865,16.748369826694322,13.983995608393535,26.315931103051447,1.405344849145371,2.576686535646476,0.9140545475624076,0.5970541575717668,90.11461376489507,29.72760519387909,30,0.9933824445718288,0.6793678185469924,0.31448950441982343,77.84396311665756,18.6270064105937,{}
test,bimodal,hetero,high,tetris,1006,1.3,1.3006063259154168,0.737824641226459,1.3006063259154168,28.929064533343695,50.0,8.0,12.0,1450,1450,0,1262,1010,252,188,0.8703448275862069,0.696551724137931,20.2,3.846271644311858,16.980795648390504,13.850653648938106,27.325761311180454,1.3917668189408694,2.6814799507141487,0.912045023957763,0.6018576629814796,86.48223421003917,29.25375715046623,30,0.98950817575175,0.6944816867444324,0.2950264890073175,77.95130775425353,18.601355663861565,{}
test,bimodal,hetero,high,hybrid,1006,1.3,1.3006063259154168,0.737824641226459,1.3006063259154168,28.929064533343695,50.0,8.0,12.0,1450,1450,0,1261,1009,252,189,0.8696551724137931,0.6958620689655173,20.18,3.9217482194505333,17.04936849256915,13.92613022407678,27.39285008269392,1.3994827944667776,2.710336602413802,0.9110988614675132,0.5993487800337902,88.2043253542848,28.77610428747873,30,0.9892187402407487,0.6955276501589113,0.29369109008183764,78.1513997139854,18.55373039135112,"{'alpha': 0.1, 'beta': 0.9, 'gamma': 0.0, 'source': 'phase3_tuning'}"
test,bimodal,hetero,high,binpack,1007,1.3,1.3349803615125713,0.6987039008761615,1.3349803615125713,30.1368597981997,50.0,8.0,12.0,1545,1545,0,1333,1076,257,212,0.8627831715210356,0.6964401294498382,21.52,4.853381397517913,22.630737846850344,14.867546513052437,32.535791415393774,1.4918256214807035,3.3320783226147364,0.8861753062707031,0.5725686054640873,113.27248714488827,27.6011089127513,30,0.9799235328583163,0.6645428504617841,0.31623296172543935,80.69720273077192,19.14564504986059,{}
test,bimodal,hetero,high,spread,1007,1.3,1.3349803615125713,0.6987039008761615,1.3349803615125713,30.1368597981997,50.0,8.0,12.0,1545,1545,0,1355,1098,257,190,0.8770226537216829,0.7106796116504854,21.96,4.453264442898893,22.644304048747877,14.467429558433414,32.67336611421267,1.4513181730634659,3.3275951743526297,0.8895062235326866,0.5861979380807546,101.16076199068098,29.65712083608834,30,0.9739488497637614,0.6302521508943996,0.3436966988693619,81.00913537073305,19.071923097677907,{}
test,bimodal,hetero,high,tetris,1007,1.3,1.3349803615125713,0.6987039008761615,1.3349803615125713,30.1368597981997,50.0,8.0,12.0,1545,1545,0,1357,1105,252,188,0.8783171521035599,0.7152103559870551,22.1,4.297315101238718,23.78072246042882,14.31148021677324,33.15962401083564,1.435438400121336,3.402246745894683,0.8879921153638457,0.5894346970273705,96.84382998978539,29.018981187894045,30,0.9605814037882054,0.6093991707103456,0.3511822330778598,81.06945422497333,19.05773283871529,{}
test,bimodal,hetero,high,hybrid,1007,1.3,1.3349803615125713,0.6987039008761615,1.3349803615125713,30.1368597981997,50.0,8.0,12.0,1545,1545,0,1346,1086,260,199,0.8711974110032362,0.7029126213592233,21.72,4.557697932495617,22.877150150921203,14.57186304803014,32.86990908116495,1.4618877357772189,3.3630632817669577,0.8898315786073451,0.5805907624935062,104.56076902157155,28.408391843009852,30,0.983130026848466,0.6839804916318684,0.29914953521659754,80.89934749808182,19.097805455558625,"{'alpha': 0.1, 'beta': 0.9, 'gamma': 0.0, 'source': 'phase3_tuning'}"
test,bimodal,hetero,high,binpack,1008,1.3,1.3134409898610204,0.7305653619863425,1.3134409898610204,28.045295476668585,50.0,8.0,12.0,1414,1414,0,1183,942,241,231,0.8366336633663366,0.6661951909476662,18.84,4.789147049182592,16.190828986565243,14.779149802686671,26.713146799519343,1.485581574959496,2.684703353298945,0.9103846595949697,0.5640761433698117,104.91552375255931,28.04372735487359,30,0.9876957344537051,0.6815085880161877,0.30791795522689686,76.92719040756526,18.381017069628253,{}
test,bimodal,hetero,high,spread,1008,1.3,1.3134409898610204,0.7305653619863425,1.3134409898610204,28.045295476668585,50.0,8.0,12.0,1414,1414,0,1186,946,240,228,0.8387553041018387,0.669024045261669,18.92,4.669012434474873,15.960324957147606,14.659015187978955,26.594175793118715,1.4731863638901188,2.7046666858140096,0.9113515168169175,0.5660893773087018,101.7183237289737,29.693870630864602,30,0.989740758763772,0.6519155857794099,0.33987946219313553,76.81171639381395,18.408649961034808,{}
test,bimodal,hetero,high,tetris,1008,1.3,1.3134409898610204,0.7305653619863425,1.3134409898610204,28.045295476668585,50.0,8.0,12.0,1414,1414,0,1196,953,243,218,0.8458274398868458,0.673974540311174,19.06,4.3343143662015615,18.17390237958723,14.324317119705642,27.937422924897238,1.4395066256867168,2.783152230750593,0.9100828554281085,0.5749622974110038,94.16276020033781,29.03535490639406,30,0.9912335299786286,0.6840577968429347,0.3085478121374511,78.24713826630406,18.07094842481821,{}
test,bimodal,hetero,high,hybrid,1008,1.3,1.3134409898610204,0.7305653619863425,1.3134409898610204,28.045295476668585,50.0,8.0,12.0,1414,1414,0,1187,944,243,227,0.8394625176803394,0.6676096181046676,18.88,4.587583314977786,16.682777176976778,14.577586068481866,26.218601754382505,1.4651563978415971,2.689838434642802,0.9089920617225498,0.566926030740825,100.02086499104468,28.68619126757794,30,0.9918322997076553,0.6743424270156116,0.3174898726920437,78.32236143764402,18.053592537882675,"{'alpha': 0.1, 'beta': 0.9, 'gamma': 0.0, 'source': 'phase3_tuning'}"
test,bimodal,hetero,high,binpack,1009,1.3,1.3066939209947495,0.6688314930654204,1.3066939209947495,28.667451572452137,50.0,8.0,12.0,1437,1437,0,1252,999,253,185,0.8712595685455811,0.6951983298538622,19.98,4.551181591191875,16.803692107073935,14.569767281166476,27.195163328749658,1.4602995645349617,2.7314576982974104,0.908742252082621,0.5572498422620878,102.51151352047468,28.130850693041456,30,0.979244639659394,0.6493041991535249,0.3352713620144143,77.83333085885546,18.462527353556087,{}
test,bimodal,hetero,high,spread,1009,1.3,1.3066939209947495,0.6688314930654204,1.3066939209947495,28.667451572452137,50.0,8.0,12.0,1437,1437,0,1265,1009,256,172,0.8803061934585943,0.7021572720946416,20.18,4.390282722051917,16.72359401405364,14.408868412026518,27.19416974693604,1.44428289093909,2.7092377569677346,0.9093144987477311,0.5623739750282185,98.02222384229852,29.71314634343469,30,0.975789936494,0.6190612582608541,0.3580011009928968,78.82203416159358,18.23094284846794,{}
test,bimodal,hetero,high,tetris,1009,1.3,1.3066939209947495,0.6688314930654204,1.3066939209947495,28.667451572452137,50.0,8.0,12.0,1437,1437,0,1254,1000,254,183,0.872651356993737,0.6958942240779401,20.0,4.416235376452768,17.615115101061612,14.43482106642737,27.43966386130365,1.4464190878880925,2.7340417396093333,0.9088098312708941,0.5585464338501582,98.27021628928112,28.991124256772697,30,0.9902096910731103,0.6394827180450267,0.3521751008771441,78.24908920172251,18.364431006928154,{}
test,bimodal,hetero,high,hybrid,1009,1.3,1.3066939209947495,0.6688314930654204,1.3066939209947495,28.667451572452137,50.0,8.0,12.0,1437,1437,0,1255,1001,254,182,0.8733472512178149,0.6965901183020181,20.02,4.380730390695646,16.62302131351861,14.399316080670246,27.154455260517835,1.4429385237793624,2.6843306319279523,0.9083368462021534,0.5577038348554744,98.44430245014601,28.662815401130842,30,0.9840915375858634,0.6383873475116479,0.3489530898998888,78.52959213265065,18.298834375360663,"{'alpha': 0.1, 'beta': 0.9, 'gamma': 0.0, 'source': 'phase3_tuning'}"
test,tiny_large,homog,low,binpack,1000,0.7,0.7330530415209761,0.43622703585594774,0.7330530415209761,21.221052631578946,50.0,8.0,12.0,1115,1115,0,1115,865,250,0,1.0,0.7757847533632287,17.3,0.0,0.0,9.987814576849768,11.770077563926389,1.0,1.0000000000000002,0.6555403966190683,0.3861291750834148,0.0,21.7518045682696,25,0.7861111111111111,0.4741666666666667,0.31194444444444447,61.554468088426724,18.11403842200756,{}
test,tiny_large,homog,low,spread,1000,0.7,0.7330530415209761,0.43622703585594774,0.7330530415209761,21.221052631578946,50.0,8.0,12.0,1115,1115,0,1115,865,250,0,1.0,0.7757847533632287,17.3,0.0,0.0,9.987814576849768,11.770077563926389,1.0,1.0000000000000002,0.6555403966190683,0.3861291750834148,0.0,29.480920221284872,30,0.7861111111111111,0.4741666666666667,0.36166666666666664,61.554468088426724,18.11403842200756,{}
test,tiny_large,homog,low,tetris,1000,0.7,0.7330530415209761,0.43622703585594774,0.7330530415209761,21.221052631578946,50.0,8.0,12.0,1115,1115,0,1115,865,250,0,1.0,0.7757847533632287,17.3,0.0,0.0,9.987814576849768,11.770077563926389,1.0,1.0000000000000002,0.6555403966190683,0.3861291750834148,0.0,29.344148013395067,30,0.7861111111111111,0.4741666666666667,0.31194444444444447,61.554468088426724,18.11403842200756,{}
test,tiny_large,homog,low,hybrid,1000,0.7,0.7330530415209761,0.43622703585594774,0.7330530415209761,21.221052631578946,50.0,8.0,12.0,1115,1115,0,1115,865,250,0,1.0,0.7757847533632287,17.3,0.0,0.0,9.987814576849768,11.770077563926389,1.0,1.0000000000000002,0.6555403966190683,0.3861291750834148,0.0,28.59315402807009,30,0.7861111111111111,0.4741666666666667,0.3158333333333333,61.554468088426724,18.11403842200756,"{'alpha': 0.1, 'beta': 0.9, 'gamma': 0.0, 'source': 'phase3_tuning'}"
test,tiny_large,homog,low,binpack,1001,0.7,0.6811671798711116,0.40783302937714005,0.6811671798711116,21.221052631578946,50.0,8.0,12.0,1033,1033,0,1033,848,185,0,1.0,0.8209099709583737,16.96,0.0,0.0,9.993447381177821,11.792960878995437,1.0,1.0000000000000004,0.6263854109072678,0.3721280333735979,0.0,21.01614516891604,23,0.5888888888888889,0.37583333333333335,0.21499999999999997,61.789880680915594,16.71794780336988,{}
test,tiny_large,homog,low,spread,1001,0.7,0.6811671798711116,0.40783302937714005,0.6811671798711116,21.221052631578946,50.0,8.0,12.0,1033,1033,0,1033,848,185,0,1.0,0.8209099709583737,16.96,0.0,0.0,9.993447381177821,11.792960878995437,1.0,1.0000000000000004,0.6263854109072678,0.3721280333735979,0.0,29.596112884464954,30,0.5888888888888889,0.37583333333333335,0.2677777777777778,61.789880680915594,16.71794780336988,{}
test,tiny_large,homog,low,tetris,1001,0.7,0.6811671798711116,0.40783302937714005,0.6811671798711116,21.221052631578946,50.0,8.0,12.0,1033,1033,0,1033,848,185,0,1.0,0.8209099709583737,16.96,0.0,0.0,9.993447381177821,11.792960878995437,1.0,1.0000000000000004,0.6263854109072678,0.3721280333735979,0.0,29.455920347444636,30,0.5888888888888889,0.37583333333333335,0.21305555555555555,61.789880680915594,16.71794780336988,{}
test,tiny_large,homog,low,hybrid,1001,0.7,0.6811671798711116,0.40783302937714005,0.6811671798711116,21.221052631578946,50.0,8.0,12.0,1033,1033,0,1033,848,185,0,1.0,0.8209099709583737,16.96,0.0,0.0,9.993447381177821,11.792960878995437,1.0,1.0000000000000004,0.6263854109072678,0.3721280333735979,0.0,28.26197361016578,30,0.5888888888888889,0.37583333333333335,0.21305555555555555,61.789880680915594,16.71794780336988,"{'alpha': 0.1, 'beta': 0.9, 'gamma': 0.0, 'source': 'phase3_tuning'}"
test,tiny_large,homog,low,binpack,1002,0.7,0.7079878923349547,0.4240179050578123,0.7079878923349547,21.221052631578946,50.0,8.0,12.0,1079,1079,0,1079,845,234,0,1.0,0.7831325301204819,16.9,0.0,0.0,9.964948041243481,11.806446395700647,1.0,1.0000000000000002,0.6271986346418879,0.3790828104617144,0.0,20.997406410813625,25,0.7875,0.4275,0.36000000000000004,61.24221315241062,17.618566417819412,{}
test,tiny_large,homog,low,spread,1002,0.7,0.7079878923349547,0.4240179050578123,0.7079878923349547,21.221052631578946,50.0,8.0,12.0,1079,1079,0,1079,845,234,0,1.0,0.7831325301204819,16.9,0.0,0.0,9.964948041243481,11.806446395700647,1.0,1.0000000000000002,0.6271986346418879,0.3790828104617144,0.0,29.63059164072607,30,0.7875,0.4275,0.3638888888888889,61.24221315241062,17.618566417819412,{}
test,tiny_large,homog,low,tetris,1002,0.7,0.7079878923349547,0.4240179050578123,0.7079878923349547,21.221052631578946,50.0,8.0,12.0,1079,1079,0,1079,845,234,0,1.0,0.7831325301204819,16.9,0.0,0.0,9.964948041243481,11.806446395700647,1.0,1.0000000000000002,0.6271986346418879,0.3790828104617144,0.0,29.396037627928653,30,0.7875,0.4275,0.3611111111111111,61.24221315241062,17.618566417819412,{}
test,tiny_large,homog,low,hybrid,1002,0.7,0.7079878923349547,0.4240179050578123,0.7079878923349547,21.221052631578946,50.0,8.0,12.0,1079,1079,0,1079,845,234,0,1.0,0.7831325301204819,16.9,0.0,0.0,9.964948041243481,11.806446395700647,1.0,1.0000000000000002,0.6271986346418879,0.3790828104617144,0.0,28.158045560063957,30,0.7875,0.4275,0.36000000000000004,61.24221315241062,17.618566417819412,"{'alpha': 0.1, 'beta': 0.9, 'gamma': 0.0, 'source': 'phase3_tuning'}"
test,tiny_large,homog,low,binpack,1003,0.7,0.6563102084034865,0.39235330478266495,0.6563102084034865,21.221052631578946,50.0,8.0,12.0,995,995,0,995,797,198,0,1.0,0.8010050251256281,15.94,0.0,0.0,9.983981346443803,11.8213402640569,1.0,1.0000000000000004,0.5946822915305473,0.3527082229627914,0.0,20.074540957731987,23,0.63125,0.39625,0.24777777777777776,60.97477117482197,16.318224420182176,{}
test,tiny_large,homog,low,spread,1003,0.7,0.6563102084034865,0.39235330478266495,0.6563102084034865,21.221052631578946,50.0,8.0,12.0,995,995,0,995,797,198,0,1.0,0.8010050251256281,15.94,0.0,0.0,9.983981346443803,11.8213402640569,1.0,1.0000000000000004,0.5946822915305473,0.3527082229627914,0.0,29.656783416160252,30,0.63125,0.39625,0.33249999999999996,60.97477117482197,16.318224420182176,{}
test,tiny_large,homog,low,tetris,1003,0.7,0.6563102084034865,0.39235330478266495,0.6563102084034865,21.221052631578946,50.0,8.0,12.0,995,995,0,995,797,198,0,1.0,0.8010050251256281,15.94,0.0,0.0,9.983981346443803,11.8213402640569,1.0,1.0000000000000004,0.5946822915305473,0.3527082229627914,0.0,29.551574030407565,30,0.63125,0.39625,0.23527777777777775,60.97477117482197,16.318224420182176,{}
test,tiny_large,homog,low,hybrid,1003,0.7,0.6563102084034865,0.39235330478266495,0.6563102084034865,21.221052631578946,50.0,8.0,12.0,995,995,0,995,797,198,0,1.0,0.8010050251256281,15.94,0.0,0.0,9.983981346443803,11.8213402640569,1.0,1.0000000000000004,0.5946822915305473,0.3527082229627914,0.0,28.47010962036311,29,0.63125,0.39625,0.23694444444444443,60.97477117482197,16.318224420182176,"{'alpha': 0.1, 'beta': 0.9, 'gamma': 0.0, 'source': 'phase3_tuning'}"
test,tiny_large,homog,low,binpack,1004,0.7,0.6912599516202395,0.41456924400147005,0.6912599516202395,21.221052631578946,50.0,8.0,12.0,1041,1041,0,1041,847,194,0,1.0,0.813640730067243,16.94,0.0,0.0,10.047281386471742,11.80782850608891,1.0,1.0000000000000004,0.6266231849750755,0.3723369850609802,0.0,20.8060754662805,23,0.6618055555555556,0.41333333333333333,0.24847222222222223,61.74177826944333,16.86054449965854,{}
test,tiny_large,homog,low,spread,1004,0.7,0.6912599516202395,0.41456924400147005,0.6912599516202395,21.221052631578946,50.0,8.0,12.0,1041,1041,0,1041,847,194,0,1.0,0.813640730067243,16.94,0.0,0.0,10.047281386471742,11.80782850608891,1.0,1.0000000000000004,0.6266231849750755,0.3723369850609802,0.0,29.463235747305426,30,0.6618055555555556,0.41333333333333333,0.32875000000000004,61.74177826944333,16.86054449965854,{}
test,tiny_large,homog,low,tetris,1004,0.7,0.6912599516202395,0.41456924400147005,0.6912599516202395,21.221052631578946,50.0,8.0,12.0,1041,1041,0,1041,847,194,0,1.0,0.813640730067243,16.94,0.0,0.0,10.047281386471742,11.80782850608891,1.0,1.0000000000000004,0.6266231849750755,0.3723369850609802,0.0,29.233549569358058,30,0.6618055555555556,0.41333333333333333,0.24847222222222223,61.74177826944333,16.86054449965854,{}
test,tiny_large,homog,low,hybrid,1004,0.7,0.6912599516202395,0.41456924400147005,0.6912599516202395,21.221052631578946,50.0,8.0,12.0,1041,1041,0,1041,847,194,0,1.0,0.813640730067243,16.94,0.0,0.0,10.047281386471742,11.80782850608891,1.0,1.0000000000000004,0.6266231849750755,0.3723369850609802,0.0,27.99472009959678,30,0.6618055555555556,0.41333333333333333,0.2498611111111111,61.74177826944333,16.86054449965854,"{'alpha': 0.1, 'beta': 0.9, 'gamma': 0.0, 'source': 'phase3_tuning'}"
test,tiny_large,homog,low,binpack,1005,0.7,0.7077863705867758,0.42511644748092936,0.7077863705867758,21.221052631578946,50.0,8.0,12.0,1070,1070,0,1070,855,215,0,1.0,0.7990654205607477,17.1,0.0,0.0,10.044524189355231,11.783403619399385,1.0,1.0000000000000002,0.6344657295973684,0.38156672218862403,0.0,21.30554068003197,24,0.6972222222222223,0.41083333333333333,0.2863888888888889,61.55371255482663,17.383191940647578,{}
test,tiny_large,homog,low,spread,1005,0.7,0.7077863705867758,0.42511644748092936,0.7077863705867758,21.221052631578946,50.0,8.0,12.0,1070,1070,0,1070,855,215,0,1.0,0.7990654205607477,17.1,0.0,0.0,10.044524189355231,11.783403619399385,1.0,1.0000000000000002,0.6344657295973684,0.38156672218862403,0.0,29.5453615534696,30,0.6972222222222223,0.41083333333333333,0.3452777777777778,61.55371255482663,17.383191940647578,{}
test,tiny_large,homog,low,tetris,1005,0.7,0.7077863705867758,0.42511644748092936,0.7077863705867758,21.221052631578946,50.0,8.0,12.0,1070,1070,0,1070,855,215,0,1.0,0.7990654205607477,17.1,0.0,0.0,10.044524189355231,11.783403619399385,1.0,1.0000000000000002,0.6344657295973684,0.38156672218862403,0.0,29.44702719773456,30,0.6972222222222223,0.41083333333333333,0.2863888888888889,61.55371255482663,17.383191940647578,{}
test,tiny_large,homog,low,hybrid,1005,0.7,0.7077863705867758,0.42511644748092936,0.7077863705867758,21.221052631578946,50.0,8.0,12.0,1070,1070,0,1070,855,215,0,1.0,0.7990654205607477,17.1,0.0,0.0,10.044524189355231,11.783403619399385,1.0,1.0000000000000002,0.6344657295973684,0.38156672218862403,0.0,28.638214673843766,30,0.6972222222222223,0.41083333333333333,0.2877777777777778,61.55371255482663,17.383191940647578,"{'alpha': 0.1, 'beta': 0.9, 'gamma': 0.0, 'source': 'phase3_tuning'}"
test,tiny_large,homog,low,binpack,1006,0.7,0.6960855535008924,0.42063113108528466,0.6960855535008924,21.221052631578946,50.0,8.0,12.0,1061,1061,0,1061,854,207,0,1.0,0.8049010367577757,17.08,0.0,0.0,10.00836248825173,11.795474998306986,1.0,1.0000000000000002,0.6346262519297242,0.3827002344157496,0.0,21.555302048271837,20,0.59375,0.3875,0.20819444444444446,61.11902191537081,17.359570993611882,{}
test,tiny_large,homog,low,spread,1006,0.7,0.6960855535008924,0.42063113108528466,0.6960855535008924,21.221052631578946,50.0,8.0,12.0,1061,1061,0,1061,854,207,0,1.0,0.8049010367577757,17.08,0.0,0.0,10.00836248825173,11.795474998306986,1.0,1.0000000000000002,0.6346262519297242,0.3827002344157496,0.0,29.65854153370911,30,0.59375,0.3875,0.28208333333333335,61.11902191537081,17.359570993611882,{}
test,tiny_large,homog,low,tetris,1006,0.7,0.6960855535008924,0.42063113108528466,0.6960855535008924,21.221052631578946,50.0,8.0,12.0,1061,1061,0,1061,854,207,0,1.0,0.8049010367577757,17.08,0.0,0.0,10.00836248825173,11.795474998306986,1.0,1.0000000000000002,0.6346262519297242,0.3827002344157496,0.0,29.514073975464186,30,0.59375,0.3875,0.20819444444444446,61.11902191537081,17.359570993611882,{}
test,tiny_large,homog,low,hybrid,1006,0.7,0.6960855535008924,0.42063113108528466,0.6960855535008924,21.221052631578946,50.0,8.0,12.0,1061,1061,0,1061,854,207,0,1.0,0.8049010367577757,17.08,0.0,0.0,10.00836248825173,11.795474998306986,1.0,1.0000000000000002,0.6346262519297242,0.3827002344157496,0.0,28.088569870358146,30,0.59375,0.3875,0.20819444444444443,61.11902191537081,17.359570993611882,"{'alpha': 0.1, 'beta': 0.9, 'gamma': 0.0, 'source': 'phase3_tuning'}"
test,tiny_large,homog,low,binpack,1007,0.7,0.73669147204077,0.4439599249311269,0.73669147204077,21.221052631578946,50.0,8.0,12.0,1115,1115,0,1115,907,208,0,1.0,0.8134529147982063,18.14,0.00023426162250553265,0.0,10.028163500747015,11.8622289024747,1.0000218984834255,1.0000000000000004,0.670025281432084,0.4026798466709179,0.005224034181873378,22.22415137117355,22,0.6631944444444444,0.42291666666666666,0.24027777777777778,61.435396913003046,18.149146193015085,{}
test,tiny_large,homog,low,spread,1007,0.7,0.73669147204077,0.4439599249311269,0.73669147204077,21.221052631578946,50.0,8.0,12.0,1115,1115,0,1115,907,208,0,1.0,0.8134529147982063,18.14,0.0033169024930994016,0.0,10.031246141617608,11.8622289024747,1.0003617770550284,1.0000000000000004,0.6700252814320841,0.40267984667091783,0.07396692559611666,29.513063679265702,30,0.6631944444444444,0.42291666666666666,0.3225,61.435396913003046,18.149146193015085,{}
test,tiny_large,homog,low,tetris,1007,0.7,0.73669147204077,0.4439599249311269,0.73669147204077,21.221052631578946,50.0,8.0,12.0,1115,1115,0,1115,907,208,0,1.0,0.8134529147982063,18.14,0.005528733358993065,0.0,10.0334579724835,11.8622289024747,1.00060956143603,1.0000000000000004,0.6700252814320844,0.40267984667091883,0.12329075390554536,29.311351773110324,30,0.6631944444444444,0.42291666666666666,0.24027777777777778,61.435396913003046,18.149146193015085,{}
test,tiny_large,homog,low,hybrid,1007,0.7,0.73669147204077,0.4439599249311269,0.73669147204077,21.221052631578946,50.0,8.0,12.0,1115,1115,0,1115,907,208,0,1.0,0.8134529147982063,18.14,0.004114741095860614,0.0,10.032043980220369,11.8622289024747,1.0004491932767645,1.0000000000000004,0.6700252814320846,0.4026798466709177,0.09175872643769167,27.9759940520736,30,0.6631944444444444,0.42291666666666666,0.24694444444444444,61.435396913003046,18.149146193015085,"{'alpha': 0.1, 'beta': 0.9, 'gamma': 0.0, 'source': 'phase3_tuning'}"
test,tiny_large,homog,low,binpack,1008,0.7,0.7037012969948461,0.42292421574516337,0.7037012969948461,21.221052631578946,50.0,8.0,12.0,1070,1070,0,1070,837,233,0,1.0,0.7822429906542057,16.74,0.0,0.0,9.977232386451615,11.793026144831629,1.0,1.0000000000000004,0.6248722108573206,0.3789795869807311,0.0,20.781387180068837,24,0.7493055555555556,0.4358333333333333,0.3154166666666667,61.111450706638045,17.508993611303264,{}
test,tiny_large,homog,low,spread,1008,0.7,0.7037012969948461,0.42292421574516337,0.7037012969948461,21.221052631578946,50.0,8.0,12.0,1070,1070,0,1070,837,233,0,1.0,0.7822429906542057,16.74,0.0,0.0,9.977232386451615,11.793026144831629,1.0,1.0000000000000004,0.6248722108573206,0.3789795869807311,0.0,29.610519145229024,30,0.7493055555555556,0.4358333333333333,0.35097222222222224,61.111450706638045,17.508993611303264,{}
test,tiny_large,homog,low,tetris,1008,0.7,0.7037012969948461,0.42292421574516337,0.7037012969948461,21.221052631578946,50.0,8.0,12.0,1070,1070,0,1070,837,233,0,1.0,0.7822429906542057,16.74,0.0,0.0,9.977232386451615,11.793026144831629,1.0,1.0000000000000004,0.6248722108573206,0.3789795869807311,0.0,29.54632936411675,30,0.7493055555555556,0.4358333333333333,0.3134722222222222,61.111450706638045,17.508993611303264,{}
test,tiny_large,homog,low,hybrid,1008,0.7,0.7037012969948461,0.42292421574516337,0.7037012969948461,21.221052631578946,50.0,8.0,12.0,1070,1070,0,1070,837,233,0,1.0,0.7822429906542057,16.74,0.0,0.0,9.977232386451615,11.793026144831629,1.0,1.0000000000000004,0.6248722108573206,0.3789795869807311,0.0,28.80898952942531,30,0.7493055555555556,0.4358333333333333,0.3134722222222222,61.111450706638045,17.508993611303264,"{'alpha': 0.1, 'beta': 0.9, 'gamma': 0.0, 'source': 'phase3_tuning'}"
test,tiny_large,homog,low,binpack,1009,0.7,0.7243998916312798,0.43599734428566495,0.7243998916312798,21.221052631578946,50.0,8.0,12.0,1102,1102,0,1102,870,232,0,1.0,0.7894736842105263,17.4,0.0,0.0,9.991693886577417,11.831052835986114,1.0,1.0000000000000004,0.6552453489683859,0.389093947856321,0.0,21.90803130445217,25,0.7194444444444444,0.4766666666666667,0.25472222222222224,61.76092410094645,17.842997267962065,{}
test,tiny_large,homog,low,spread,1009,0.7,0.7243998916312798,0.43599734428566495,0.7243998916312798,21.221052631578946,50.0,8.0,12.0,1102,1102,0,1102,870,232,0,1.0,0.7894736842105263,17.4,0.0,0.0,9.991693886577417,11.831052835986114,1.0,1.0000000000000004,0.6552453489683859,0.389093947856321,0.0,29.625875520691647,30,0.7194444444444444,0.4766666666666667,0.33916666666666667,61.76092410094645,17.842997267962065,{}
test,tiny_large,homog,low,tetris,1009,0.7,0.7243998916312798,0.43599734428566495,0.7243998916312798,21.221052631578946,50.0,8.0,12.0,1102,1102,0,1102,870,232,0,1.0,0.7894736842105263,17.4,0.0,0.0,9.991693886577417,11.831052835986114,1.0,1.0000000000000004,0.6552453489683859,0.389093947856321,0.0,29.51575922206114,30,0.7194444444444444,0.4766666666666667,0.2427777777777778,61.76092410094645,17.842997267962065,{}
test,tiny_large,homog,low,hybrid,1009,0.7,0.7243998916312798,0.43599734428566495,0.7243998916312798,21.221052631578946,50.0,8.0,12.0,1102,1102,0,1102,870,232,0,1.0,0.7894736842105263,17.4,0.0,0.0,9.991693886577417,11.831052835986114,1.0,1.0000000000000004,0.6552453489683859,0.389093947856321,0.0,28.274781029409837,30,0.7194444444444444,0.4766666666666667,0.2427777777777778,61.76092410094645,17.842997267962065,"{'alpha': 0.1, 'beta': 0.9, 'gamma': 0.0, 'source': 'phase3_tuning'}"
test,tiny_large,homog,med,binpack,1000,1.0,1.0427320544958778,0.6224870974440869,1.0427320544958778,30.31578947368421,50.0,8.0,12.0,1588,1588,0,1545,1223,322,43,0.9729219143576826,0.7701511335012594,24.46,0.9070733609100093,3.4643608547036067,10.869978614346214,13.988247964051503,1.0924869659222305,1.3628832997635925,0.8948459269840011,0.5345284395805399,27.732067146263013,27.21280056976392,30,0.9944444444444444,0.6179166666666667,0.37652777777777774,64.06970825663714,24.78550383964789,{}
test,tiny_large,homog,med,spread,1000,1.0,1.0427320544958778,0.6224870974440869,1.0427320544958778,30.31578947368421,50.0,8.0,12.0,1588,1588,0,1543,1223,320,45,0.9716624685138538,0.7701511335012594,24.46,0.9206194036496785,3.4914938243607807,10.883524657085884,14.071017368439644,1.0938139076739144,1.3626191657444089,0.8949551191621229,0.5339073920957604,28.17118275125034,29.63664415489942,30,0.9940972222222223,0.6077083333333333,0.3863888888888889,63.73338215553091,24.916298904783453,{}
test,tiny_large,homog,med,tetris,1000,1.0,1.0427320544958778,0.6224870974440869,1.0427320544958778,30.31578947368421,50.0,8.0,12.0,1588,1588,0,1534,1221,313,54,0.9659949622166247,0.7688916876574308,24.42,0.995498655762639,4.2879944074026355,10.958403909198845,14.895922769787663,1.1014585368361525,1.4548668390178605,0.882979595221471,0.5309868564429183,29.924941114254743,29.263215881605955,30,0.9944444444444444,0.6054166666666667,0.38902777777777775,64.52840577423606,24.609317105336466,{}
test,tiny_large,homog,med,hybrid,1000,1.0,1.0427320544958778,0.6224870974440869,1.0427320544958778,30.31578947368421,50.0,8.0,12.0,1588,1588,0,1546,1226,320,42,0.9735516372795969,0.7720403022670025,24.52,0.8935482737991227,3.7451049474317983,10.856453527235328,14.140868785277913,1.0911322321834935,1.393161468706822,0.8916775555159501,0.534192717781674,27.264128993538762,28.917685175183195,30,0.9899305555555556,0.6227083333333333,0.3672222222222222,64.29171210725492,24.699917733576797,"{'alpha': 0.1, 'beta': 0.9, 'gamma': 0.0, 'source': 'phase3_tuning'}"
test,tiny_large,homog,med,binpack,1001,1.0,0.9711317065941172,0.582335760729055,0.9711317065941172,30.31578947368421,50.0,8.0,12.0,1473,1473,0,1473,1177,296,0,1.0,0.7990495587236931,23.54,0.15360715460052227,1.1388256403923265,10.186764809530082,11.945789389720208,1.0155936653234814,1.1137430917170688,0.8771249948278538,0.5237377080507631,4.525266774531392,27.31493455640283,30,0.9555555555555556,0.6120833333333333,0.34347222222222223,61.767458528031995,23.847508625136435,{}
test,tiny_large,homog,med,spread,1001,1.0,0.9711317065941172,0.582335760729055,0.9711317065941172,30.31578947368421,50.0,8.0,12.0,1473,1473,0,1470,1178,292,3,0.9979633401221996,0.7997284453496266,23.56,0.19423953455812934,1.6728332563867312,10.227397189487688,11.998325467037557,1.0196593545849004,1.1653635023851887,0.8743301995894511,0.5232826576337226,5.702068452930101,29.71727901912544,30,0.923611111111111,0.6041666666666666,0.3194444444444444,62.667956769326786,23.504835260896346,{}
test,tiny_large,homog,med,tetris,1001,1.0,0.9711317065941172,0.582335760729055,0.9711317065941172,30.31578947368421,50.0,8.0,12.0,1473,1473,0,1466,1173,293,7,0.9952477936184657,0.7963340122199593,23.46,0.3160362989433448,2.4482877734791586,10.349193953872904,12.770937104317227,1.0320893685665926,1.2564151887958066,0.8661188997353204,0.5195022239505493,9.268611203549089,29.556945333058035,30,0.9305555555555556,0.6020833333333333,0.33041666666666664,62.44176019924242,23.589982013637588,{}
test,tiny_large,homog,med,hybrid,1001,1.0,0.9711317065941172,0.582335760729055,0.9711317065941172,30.31578947368421,50.0,8.0,12.0,1473,1473,0,1469,1175,294,4,0.9972844534962662,0.7976917854718262,23.5,0.2569593579824177,2.2517850797930166,10.290117012911978,12.213115681429706,1.0260697317469534,1.2203408564972469,0.8700724075709371,0.5208316162798227,7.547460106590256,28.88296593814939,30,0.9375,0.60625,0.3345833333333334,62.5295192959519,23.556873882690486,"{'alpha': 0.1, 'beta': 0.9, 'gamma': 0.0, 'source': 'phase3_tuning'}"
test,tiny_large,homog,med,binpack,1002,1.0,0.999010869479429,0.5961526885555476,0.999010869479429,30.31578947368421,50.0,8.0,12.0,1517,1517,0,1508,1218,290,9,0.994067237969677,0.8029004614370469,24.36,0.26603180874192606,1.7031300665514735,10.231989406587637,12.309919407650153,1.0271610674973128,1.1661953364914641,0.8801342155975914,0.5341873726244802,7.83174962250638,27.262978107096934,30,0.9503472222222222,0.5839583333333334,0.36638888888888893,63.46988873429198,23.901097516504453,{}
test,tiny_large,homog,med,spread,1002,1.0,0.999010869479429,0.5961526885555476,0.999010869479429,30.31578947368421,50.0,8.0,12.0,1517,1517,0,1507,1215,292,10,0.99340804218853,0.8009228740936059,24.3,0.3122867741925385,2.0054334152560145,10.278244372038248,12.550890902476565,1.0317492461135633,1.206940322271358,0.8749808420916216,0.5332309441620475,9.223511834307686,29.741414148508262,30,0.954861111111111,0.5916666666666667,0.3631944444444445,63.05749142453463,24.057411193014257,{}
test,tiny_large,homog,med,tetris,1002,1.0,0.999010869479429,0.5961526885555476,0.999010869479429,30.31578947368421,50.0,8.0,12.0,1517,1517,0,1502,1215,287,15,0.990112063282795,0.8009228740936059,24.3,0.3682469195633357,1.9816729140229299,10.334204517409047,12.751745645143679,1.037536448409421,1.20650803590353,0.8664611902468861,0.5327129840359281,10.519837766867806,29.67364097842765,30,0.9253472222222222,0.5739583333333333,0.35138888888888886,64.92792859084386,23.36436773702846,{}
test,tiny_large,homog,med,hybrid,1002,1.0,0.999010869479429,0.5961526885555476,0.999010869479429,30.31578947368421,50.0,8.0,12.0,1517,1517,0,1499,1212,287,18,0.988134475939354,0.7989452867501649,24.24,0.4031140009439538,2.5039384015717197,10.369071598789663,12.986956000742616,1.0410670121724177,1.2554047591332989,0.8615173726407319,0.5324497004894263,11.461722306239526,29.125982467274493,30,0.929513888888889,0.5777083333333334,0.35597222222222225,64.64219012899908,23.46764546455953,"{'alpha': 0.1, 'beta': 0.9, 'gamma': 0.0, 'source': 'phase3_tuning'}"
test,tiny_large,homog,med,binpack,1003,1.0,0.9592594585137297,0.5750209703476994,0.9592594585137297,30.31578947368421,50.0,8.0,12.0,1451,1451,0,1437,1129,308,14,0.9903514817367333,0.7780840799448656,22.58,0.143765681217558,0.6473370411546853,10.143736891929036,11.94043567454258,1.0144794301086846,1.0644592111843658,0.8334544847802638,0.5068252139483911,3.8572073604163553,26.197453295021027,30,0.9899305555555556,0.6289583333333333,0.36291666666666667,63.47013370732434,22.861146105204394,{}
test,tiny_large,homog,med,spread,1003,1.0,0.9592594585137297,0.5750209703476994,0.9592594585137297,30.31578947368421,50.0,8.0,12.0,1451,1451,0,1436,1132,304,15,0.9896623018607856,0.7801516195727085,22.64,0.16202586781087536,0.8258781456152846,10.161997078522354,11.94043567454258,1.0163163545797973,1.0843074598181748,0.8323740691864693,0.5062581146104417,4.357039572148252,29.7597483913122,30,0.986111111111111,0.6166666666666667,0.36944444444444446,63.64784526607151,22.79731535190679,{}
test,tiny_large,homog,med,tetris,1003,1.0,0.9592594585137297,0.5750209703476994,0.9592594585137297,30.31578947368421,50.0,8.0,12.0,1451,1451,0,1436,1131,305,15,0.9896623018607856,0.7794624396967609,22.62,0.2319251035304101,1.2899347736058715,10.23189631424189,12.183893979209675,1.0232905574826872,1.1337540444537557,0.8265836714085283,0.5043534409750964,6.258975413246494,29.685868550085726,30,0.9888888888888889,0.6233333333333333,0.3655555555555556,64.30862560589857,22.56306967112216,{}
test,tiny_large,homog,med,hybrid,1003,1.0,0.9592594585137297,0.5750209703476994,0.9592594585137297,30.31578947368421,50.0,8.0,12.0,1451,1451,0,1431,1129,302,20,0.9862164024810476,0.7780840799448656,22.58,0.2338424261234269,1.2384666202417876,10.233813636834906,12.144150125804344,1.0235132468240549,1.1232456463522977,0.8270628202317652,0.5032530247051286,6.369378858850091,29.20334234736806,30,0.9909722222222223,0.6158333333333333,0.3770833333333333,63.81461668019995,22.73773745710218,"{'alpha': 0.1, 'beta': 0.9, 'gamma': 0.0, 'source': 'phase3_tuning'}"
test,tiny_large,homog,med,binpack,1004,1.0,0.9863449780436707,0.593590427993457,0.9863449780436707,30.31578947368421,50.0,8.0,12.0,1495,1495,0,1484,1178,306,11,0.9926421404682274,0.7879598662207358,23.56,0.14590425738409446,0.8453090143062454,10.180108164806253,11.946795227226149,1.0150172085721538,1.0812701142943257,0.8640483732986821,0.5301113681452639,4.0656982842046405,27.01673449242206,30,0.9802083333333333,0.580625,0.39958333333333335,64.0382799737874,23.34541153528708,{}
test,tiny_large,homog,med,spread,1004,1.0,0.9863449780436707,0.593590427993457,0.9863449780436707,30.31578947368421,50.0,8.0,12.0,1495,1495,0,1481,1175,306,14,0.9906354515050168,0.7859531772575251,23.5,0.17602453737087487,1.0360947049728821,10.210228444793032,11.968158494609916,1.018122624472041,1.1112587482705587,0.8615520176852216,0.5301080412355992,4.852277625254119,29.62426502311378,30,0.971875,0.5856250000000001,0.38625000000000004,64.2320339009438,23.274990829428383,{}
test,tiny_large,homog,med,tetris,1004,1.0,0.9863449780436707,0.593590427993457,0.9863449780436707,30.31578947368421,50.0,8.0,12.0,1495,1495,0,1477,1172,305,18,0.9879598662207358,0.7839464882943143,23.44,0.2671434401756969,2.0597205226818147,10.301347347597854,12.41805156322981,1.0274866096527164,1.2185746729803224,0.8541717614223907,0.5282928801636286,7.457901687069142,29.378651211369075,30,0.9690972222222223,0.5789583333333332,0.3901388888888889,64.66240923972411,23.120078846081338,{}
test,tiny_large,homog,med,hybrid,1004,1.0,0.9863449780436707,0.593590427993457,0.9863449780436707,30.31578947368421,50.0,8.0,12.0,1495,1495,0,1481,1175,306,14,0.9906354515050168,0.7859531772575251,23.5,0.20520325676724624,1.3288959801351083,10.239407164189403,12.01865931329621,1.0211586926287177,1.1422687936474862,0.8599698003981452,0.5289296928123333,5.79358102569159,28.38978347340986,30,0.9760416666666667,0.583125,0.39291666666666664,63.81015034181067,23.428874434424003,"{'alpha': 0.1, 'beta': 0.9, 'gamma': 0.0, 'source': 'phase3_tuning'}"
test,tiny_large,homog,med,binpack,1005,1.0,0.9900740107094244,0.5948535656545669,0.9900740107094244,30.31578947368421,50.0,8.0,12.0,1497,1497,0,1497,1204,293,0,1.0,0.8042752171008684,24.08,0.15405309014705398,0.9427700366876124,10.192904904545735,11.927426452938043,1.0156767002018965,1.093660330424154,0.8877397888000206,0.5387019903270369,4.612349519002796,27.601733399722917,30,0.9659722222222222,0.5745833333333333,0.3952777777777778,61.39376205567128,24.38358474664795,{}
test,tiny_large,homog,med,spread,1005,1.0,0.9900740107094244,0.5948535656545669,0.9900740107094244,30.31578947368421,50.0,8.0,12.0,1497,1497,0,1489,1200,289,8,0.9946559786239145,0.8016032064128257,24.0,0.21245038643719874,1.3185737346125421,10.25130220083588,11.997923424850605,1.0215676168352252,1.1342930983676953,0.8792101289399227,0.5375449017550661,6.275678951411579,29.681753087428824,30,0.9173611111111111,0.5704166666666667,0.34694444444444444,61.90765536695187,24.181177450941593,{}
test,tiny_large,homog,med,tetris,1005,1.0,0.9900740107094244,0.5948535656545669,0.9900740107094244,30.31578947368421,50.0,8.0,12.0,1497,1497,0,1488,1198,290,9,0.9939879759519038,0.8002672010688042,23.96,0.24687271850406875,1.7154548004980938,10.28572453290275,12.161236846229452,1.0250545842292629,1.1781368670471544,0.8755435942684765,0.5367535213639083,7.215242192961337,29.619831868600684,30,0.9284722222222223,0.5720833333333334,0.35638888888888887,62.53475562438321,23.938687935262323,{}
test,tiny_large,homog,med,hybrid,1005,1.0,0.9900740107094244,0.5948535656545669,0.9900740107094244,30.31578947368421,50.0,8.0,12.0,1497,1497,0,1492,1200,292,5,0.9966599866399466,0.8016032064128257,24.0,0.2245859185461881,1.4526093033052625,10.263437732944869,11.996261998742874,1.0228384735526024,1.1459457471341317,0.8795098624919838,0.5371969587689878,6.664978758472268,29.286918141165188,30,0.954861111111111,0.5729166666666666,0.3858333333333333,61.57262889223354,24.31275108652741,"{'alpha': 0.1, 'beta': 0.9, 'gamma': 0.0, 'source': 'phase3_tuning'}"
test,tiny_large,homog,med,binpack,1006,1.0,1.005733685967736,0.6025771522848428,1.005733685967736,30.31578947368421,50.0,8.0,12.0,1519,1519,0,1495,1182,313,24,0.9842001316655694,0.7781435154707044,23.64,0.29826608082650174,1.9312122337743176,10.29788795966753,12.314608718647023,1.0300613780305412,1.1941341544069528,0.8754587700615388,0.5287892137881957,8.670840173003212,27.157237439491198,30,0.9881944444444445,0.5716666666666667,0.4165277777777778,64.2923556674589,23.626448031501052,{}
test,tiny_large,homog,med,spread,1006,1.0,1.005733685967736,0.6025771522848428,1.005733685967736,30.31578947368421,50.0,8.0,12.0,1519,1519,0,1497,1176,321,22,0.9855167873601053,0.7741935483870968,23.52,0.3255814669604337,1.7741960208631724,10.325203345801462,12.555852263203136,1.0324782682007194,1.1860814513062339,0.8641168003318233,0.5316836792660029,9.108745976960769,29.760979073596477,30,0.990625,0.5868749999999999,0.40375,65.46911714912778,23.201779192164302,{}
test,tiny_large,homog,med,tetris,1006,1.0,1.005733685967736,0.6025771522848428,1.005733685967736,30.31578947368421,50.0,8.0,12.0,1519,1519,0,1489,1172,317,30,0.9802501645819618,0.771560236998025,23.44,0.41435002669680754,2.4870068037064286,10.413971905537837,13.100623939908852,1.0413466128675413,1.2560270245897116,0.8550299342072623,0.5281574617939667,11.467033915560688,29.74112265954625,30,0.982638888888889,0.5770833333333333,0.4055555555555556,66.27482542043442,22.919713335550316,{}
test,tiny_large,homog,med,hybrid,1006,1.0,1.005733685967736,0.6025771522848428,1.005733685967736,30.31578947368421,50.0,8.0,12.0,1519,1519,0,1496,1178,318,23,0.9848584595128373,0.7755102040816326,23.56,0.3441129524610439,1.8616919553758002,10.343734831302072,12.622321773188098,1.0345132411795188,1.2038029993579311,0.8646097482303489,0.5310301770714089,9.769539765910336,29.043029303028995,30,0.9854166666666667,0.58375,0.40166666666666667,65.36304828821618,23.239430225194216,"{'alpha': 0.1, 'beta': 0.9, 'gamma': 0.0, 'source': 'phase3_tuning'}"
test,tiny_large,homog,med,binpack,1007,1.0,1.0241271580089277,0.6164076343605621,1.0241271580089277,30.31578947368421,50.0,8.0,12.0,1554,1554,0,1521,1226,295,33,0.9787644787644788,0.788931788931789,24.52,0.7406118525821185,4.40931952235114,10.752322908596835,15.025655483856895,1.075410667432076,1.452338113687205,0.8739651119787821,0.5379474876550626,22.047542542974025,26.861840619622555,30,0.9777777777777779,0.5904166666666666,0.38930555555555557,64.41432689834976,24.12506774234122,{}
test,tiny_large,homog,med,spread,1007,1.0,1.0241271580089277,0.6164076343605621,1.0241271580089277,30.31578947368421,50.0,8.0,12.0,1554,1554,0,1524,1227,297,30,0.9806949806949807,0.7895752895752896,24.54,0.7462461052531997,4.405195051560568,10.757957161267916,15.141850333611245,1.0759808952161458,1.4562106780093929,0.8746863312524815,0.5376654583271453,22.20108663270306,29.659144575485975,30,0.9875,0.58875,0.39875,64.89727315197484,23.94553614542295,{}
test,tiny_large,homog,med,tetris,1007,1.0,1.0241271580089277,0.6164076343605621,1.0241271580089277,30.31578947368421,50.0,8.0,12.0,1554,1554,0,1529,1227,302,25,0.9839124839124839,0.7895752895752896,24.54,0.7773641260076734,4.426085929206842,10.78907518202239,15.230827351818085,1.0790558483921115,1.4634234614633521,0.8665287336591524,0.5389413592652184,22.884523192171706,29.357966366030087,30,0.9805555555555556,0.6158333333333333,0.3647222222222222,64.89357148923204,23.946902048038137,{}
test,tiny_large,homog,med,hybrid,1007,1.0,1.0241271580089277,0.6164076343605621,1.0241271580089277,30.31578947368421,50.0,8.0,12.0,1554,1554,0,1528,1227,301,26,0.9832689832689833,0.7895752895752896,24.54,0.7546225616175207,4.211819782276763,10.766333617632238,14.968312831578963,1.0767827075858196,1.4397139507954415,0.8691196271367839,0.5387744177319138,22.33105178097885,28.844123918136646,30,0.9777777777777777,0.6091666666666666,0.3686111111111111,64.74132000016169,24.003217728586918,"{'alpha': 0.1, 'beta': 0.9, 'gamma': 0.0, 'source': 'phase3_tuning'}"
test,tiny_large,homog,med,binpack,1008,1.0,1.013199818286203,0.6079953784192637,1.013199818286203,30.31578947368421,50.0,8.0,12.0,1543,1543,0,1512,1194,318,31,0.9799092676604018,0.7738172391445236,23.88,0.45336474216632094,2.1944148494694105,10.442190969470408,12.940919906878854,1.0461477935673207,1.2272374348507944,0.8748856875303513,0.5314336438100093,13.256432466474676,26.827809731272023,30,0.990625,0.630625,0.3619444444444444,64.4227736281669,23.95115753484681,{}
test,tiny_large,homog,med,spread,1008,1.0,1.013199818286203,0.6079953784192637,1.013199818286203,30.31578947368421,50.0,8.0,12.0,1543,1543,0,1512,1188,324,31,0.9799092676604018,0.7699287103046014,23.76,0.49314627096321983,2.189954477647113,10.481972498267307,12.994473640292359,1.0502299804577317,1.2261370392279525,0.872057399788254,0.5320024589866634,14.432772073380056,29.72736340166032,30,0.99375,0.62875,0.365,64.4917860827595,23.925527477560248,{}
test,tiny_large,homog,med,tetris,1008,1.0,1.013199818286203,0.6079953784192637,1.013199818286203,30.31578947368421,50.0,8.0,12.0,1543,1543,0,1510,1195,315,33,0.9786130913804277,0.7744653272845107,23.9,0.5525395646078828,2.7608817180667025,10.54136579191197,13.420866785644115,1.0563453707925659,1.2877597006666415,0.8664205096647699,0.5293365238945235,15.955191254154347,29.622517838022613,30,0.9854166666666667,0.6275,0.3579166666666667,65.09590337621081,23.703488544931794,{}
test,tiny_large,homog,med,hybrid,1008,1.0,1.013199818286203,0.6079953784192637,1.013199818286203,30.31578947368421,50.0,8.0,12.0,1543,1543,0,1513,1196,317,30,0.9805573558003888,0.7751134154244977,23.92,0.5095460240432047,2.602049689786405,10.498372251347291,13.473580958366092,1.0519469328478819,1.2750298397779405,0.8681706120663846,0.5305570276130661,14.769915633124402,29.037632542298134,30,0.9930555555555556,0.6270833333333333,0.3659722222222222,64.87723731538715,23.783380178459627,"{'alpha': 0.1, 'beta': 0.9, 'gamma': 0.0, 'source': 'phase3_tuning'}"
test,tiny_large,homog,med,binpack,1009,1.0,1.0083874025546604,0.603902507212934,1.0083874025546604,30.31578947368421,50.0,8.0,12.0,1519,1519,0,1506,1208,298,13,0.9914417379855168,0.7952600394996708,24.16,0.4646350484925075,3.6521384860728077,10.486537018065489,14.051776134216915,1.046450180361942,1.3534602846969972,0.8805233014486443,0.5377730497589311,13.82352598005616,27.24785334894697,30,0.9850694444444446,0.5735416666666667,0.41152777777777777,63.66060719125347,23.860909705691594,{}
test,tiny_large,homog,med,spread,1009,1.0,1.0083874025546604,0.603902507212934,1.0083874025546604,30.31578947368421,50.0,8.0,12.0,1519,1519,0,1507,1208,299,12,0.9921000658327848,0.7952600394996708,24.16,0.4740080771499197,3.6371054032635968,10.4959100467229,13.87479657209299,1.0476843938858689,1.3508492188685546,0.8822116510749639,0.5381630685554933,14.117580743822252,29.738112864484066,30,0.9878472222222222,0.5802083333333333,0.4076388888888889,63.64879705115202,23.86533713715343,{}
test,tiny_large,homog,med,tetris,1009,1.0,1.0083874025546604,0.603902507212934,1.0083874025546604,30.31578947368421,50.0,8.0,12.0,1519,1519,0,1497,1201,296,22,0.9855167873601053,0.7906517445687953,24.02,0.5905011187114911,4.774377092448859,10.612403088284472,14.978147074457844,1.0592829246989324,1.4597895140338875,0.8688137310407607,0.5316088403985108,17.267177268123937,29.612191614184347,30,0.9545138888888889,0.5689583333333333,0.38555555555555554,64.61023242283125,23.510207950640844,{}
test,tiny_large,homog,med,hybrid,1009,1.0,1.0083874025546604,0.603902507212934,1.0083874025546604,30.31578947368421,50.0,8.0,12.0,1519,1519,0,1498,1203,295,21,0.9861751152073732,0.7919684002633312,24.06,0.5860767384528522,4.480593108492453,10.607978708025833,14.94115624326087,1.0588324445389747,1.4513799957391293,0.869151476317278,0.5321071834935529,17.059084368927458,28.923868658559996,30,0.9559027777777778,0.5597916666666667,0.3961111111111111,64.6888549350033,23.481633760965913,"{'alpha': 0.1, 'beta': 0.9, 'gamma': 0.0, 'source': 'phase3_tuning'}"
test,tiny_large,homog,high,binpack,1000,1.3,1.341479852736072,0.8039331461550828,1.341479852736072,39.410526315789475,50.0,8.0,12.0,2037,2037,0,1736,1386,350,301,0.852233676975945,0.6804123711340206,27.72,4.663353271238577,15.966351542779346,14.638464936397607,25.950726217974804,1.4730496104351625,2.6105980075344863,0.9149655627353177,0.6025689739428421,152.25005815785022,27.713012494489504,30,0.9951388888888889,0.6508333333333333,0.34430555555555553,79.48393576309762,25.627820017258475,{}
test,tiny_large,homog,high,spread,1000,1.3,1.341479852736072,0.8039331461550828,1.341479852736072,39.410526315789475,50.0,8.0,12.0,2037,2037,0,1730,1382,348,307,0.8492881688757977,0.6784486990672558,27.64,4.74664411961046,15.526830921512811,14.72175578476949,25.759710361165787,1.4817141937531135,2.6128612637089863,0.9116756082307159,0.6018927185988926,154.44854822115877,29.7204955037688,30,0.996875,0.6456250000000001,0.35125,78.71891739457695,25.87688026487432,{}
test,tiny_large,homog,high,tetris,1000,1.3,1.341479852736072,0.8039331461550828,1.341479852736072,39.410526315789475,50.0,8.0,12.0,2037,2037,0,1758,1408,350,279,0.8630338733431517,0.6912125675012273,28.16,4.1134498072776315,16.009052925670346,14.08856147243666,26.964169958695795,1.4174565110933504,2.634441547764029,0.9134238129514884,0.6164975300929849,132.59916497252746,29.605693076642716,30,0.9930555555555556,0.6645833333333333,0.3284722222222222,78.73587127902316,25.871308298365122,{}
test,tiny_large,homog,high,hybrid,1000,1.3,1.341479852736072,0.8039331461550828,1.341479852736072,39.410526315789475,50.0,8.0,12.0,2037,2037,0,1733,1387,346,304,0.8507609229258714,0.6809032891507119,27.74,4.528239913109333,14.214410180195998,14.503351578268363,24.33448224460538,1.459554335639718,2.498240542541158,0.9139982039101463,0.6068483616525997,146.64441333014489,29.137499582935178,30,0.9934027777777777,0.6497916666666667,0.34361111111111114,78.7676952714576,25.86085568429893,"{'alpha': 0.1, 'beta': 0.9, 'gamma': 0.0, 'source': 'phase3_tuning'}"
test,tiny_large,homog,high,binpack,1001,1.3,1.2893795267792154,0.7744201584834554,1.2893795267792154,39.410526315789475,50.0,8.0,12.0,1959,1959,0,1773,1410,363,186,0.9050535987748851,0.7197549770290965,28.2,2.6511482193468607,16.05969872024672,12.6585733630844,26.34986883681551,1.2700971969855837,2.660712721990442,0.9009774922027843,0.604435997986099,77.92909610782253,27.41891776988171,30,0.9958333333333333,0.6649999999999999,0.33083333333333337,77.66587334734295,25.223433608205475,{}
test,tiny_large,homog,high,spread,1001,1.3,1.2893795267792154,0.7744201584834554,1.2893795267792154,39.410526315789475,50.0,8.0,12.0,1959,1959,0,1766,1406,360,193,0.9014803471158754,0.7177131189382338,28.12,2.696047724936423,17.005531670371994,12.703472868673963,26.92984882564427,1.274420779000511,2.710196731963553,0.897846905077633,0.6003493736615212,79.24220134974375,29.782522322404137,30,0.9947916666666666,0.659375,0.33541666666666664,77.67998663034446,25.218850890413872,{}
test,tiny_large,homog,high,tetris,1001,1.3,1.2893795267792154,0.7744201584834554,1.2893795267792154,39.410526315789475,50.0,8.0,12.0,1959,1959,0,1776,1412,364,183,0.9065849923430321,0.7207759060745278,28.24,2.6785434156764247,16.438140174352505,12.685968559413965,26.95656463666983,1.27282758772698,2.7018542675257256,0.8956786832796407,0.603644360092583,78.13041458769032,29.606137083599005,30,0.9965277777777778,0.6666666666666666,0.3298611111111111,78.0493704106071,25.099497788309733,{}
test,tiny_large,homog,high,hybrid,1001,1.3,1.2893795267792154,0.7744201584834554,1.2893795267792154,39.410526315789475,50.0,8.0,12.0,1959,1959,0,1775,1411,364,184,0.9060745278203165,0.7202654415518122,28.22,2.7097087931073487,15.813349106508987,12.71713393684489,26.27984600665684,1.2760570948823975,2.6750816217378497,0.8987489784494936,0.6042537079556736,79.98181301113867,29.164836414153473,30,0.9965277777777778,0.6729166666666667,0.3236111111111111,77.83669742174064,25.168077075336317,"{'alpha': 0.1, 'beta': 0.9, 'gamma': 0.0, 'source': 'phase3_tuning'}"
test,tiny_large,homog,high,binpack,1002,1.3,1.3114545184588362,0.7882177051821704,1.3114545184588362,39.410526315789475,50.0,8.0,12.0,1987,1987,0,1740,1387,353,247,0.875691997986915,0.6980372420734776,27.74,3.729640001073027,16.288238625977026,13.714352230504428,25.868896095078966,1.3798352162541176,2.6254124887469343,0.9181404168568693,0.6168407589378692,120.1829393384085,27.771642660540873,30,0.9961805555555556,0.7189583333333334,0.2772222222222222,76.50760403569902,25.971274686276296,{}
test,tiny_large,homog,high,spread,1002,1.3,1.3114545184588362,0.7882177051821704,1.3114545184588362,39.410526315789475,50.0,8.0,12.0,1987,1987,0,1754,1403,351,233,0.8827377956718672,0.7060895822848515,28.06,3.5633812200879804,17.53469855364447,13.548093449519383,27.0383537225221,1.3629481006400266,2.7484017095447837,0.9171630130758543,0.6192815753245712,114.07282612952453,29.801087806544782,30,0.9958333333333333,0.7025,0.29333333333333333,77.01724545626443,25.799416588176374,{}
test,tiny_large,homog,high,tetris,1002,1.3,1.3114545184588362,0.7882177051821704,1.3114545184588362,39.410526315789475,50.0,8.0,12.0,1987,1987,0,1761,1408,353,226,0.8862606945143432,0.7086059386009059,28.16,3.3084275112410233,18.36823898835928,13.293139740672425,28.072031501519362,1.3372051373479314,2.79737568537761,0.9154238264193773,0.6243836196189338,105.06467484678083,29.646025462292236,30,0.9961805555555556,0.7252083333333333,0.2709722222222222,77.45423473567853,25.65385878229726,{}
test,tiny_large,homog,high,hybrid,1002,1.3,1.3114545184588362,0.7882177051821704,1.3114545184588362,39.410526315789475,50.0,8.0,12.0,1987,1987,0,1760,1407,353,227,0.8857574232511324,0.708102667337695,28.14,3.449068316241123,17.409053467762707,13.433780545672525,26.982337358678542,1.3513087479001844,2.741149528870632,0.9170563181008271,0.6209966215985052,110.27947783789233,29.051259205099168,30,0.998263888888889,0.7177083333333333,0.28055555555555556,76.79335121952965,25.874635869448518,"{'alpha': 0.1, 'beta': 0.9, 'gamma': 0.0, 'source': 'phase3_tuning'}"
test,tiny_large,homog,high,binpack,1003,1.3,1.2399715874162898,0.7477603698140769,1.2399715874162898,39.410526315789475,50.0,8.0,12.0,1887,1887,0,1701,1360,341,186,0.9014308426073132,0.7207207207207207,27.2,2.582415299803044,10.940360878901586,12.569715898918531,21.177877589831297,1.2628038495133431,2.16659145382111,0.9089538037876259,0.5903786321001868,79.9221923886711,27.50995331904967,30,0.998263888888889,0.6677083333333333,0.33055555555555555,74.29012967525361,25.40041332877857,{}
test,tiny_large,homog,high,spread,1003,1.3,1.2399715874162898,0.7477603698140769,1.2399715874162898,39.410526315789475,50.0,8.0,12.0,1887,1887,0,1685,1348,337,202,0.8929517753047165,0.7143614202437731,26.96,2.851257004782038,11.053101146761321,12.838557603897526,21.26736038751197,1.2902866521995828,2.1607979488805245,0.9076208657128868,0.5844311419740535,88.61459877879435,29.815191070240168,30,0.9965277777777778,0.6541666666666667,0.3423611111111111,74.79278085951216,25.229707711289237,{}
test,tiny_large,homog,high,tetris,1003,1.3,1.2399715874162898,0.7477603698140769,1.2399715874162898,39.410526315789475,50.0,8.0,12.0,1887,1887,0,1718,1372,346,169,0.9104398516163222,0.7270800211976682,27.44,2.385495694404885,11.41139604974282,12.372796293520372,21.917812528039505,1.242886455078315,2.236757634878801,0.904180698567355,0.5928171137880206,72.54862032250053,29.72719148682717,30,0.9975694444444444,0.6597916666666667,0.3377777777777778,75.0766799216405,25.134302715164168,{}
test,tiny_large,homog,high,hybrid,1003,1.3,1.2399715874162898,0.7477603698140769,1.2399715874162898,39.410526315789475,50.0,8.0,12.0,1887,1887,0,1706,1365,341,181,0.9040805511393747,0.7233704292527822,27.3,2.4935932311570737,10.457845387249932,12.48089383027256,21.220910168100474,1.2538351916062058,2.138545717663333,0.9072904348150845,0.5938621222366368,77.01845686694276,29.07476733735565,30,0.998263888888889,0.6614583333333334,0.3368055555555555,74.30951831138918,25.393785922452757,"{'alpha': 0.1, 'beta': 0.9, 'gamma': 0.0, 'source': 'phase3_tuning'}"
test,tiny_large,homog,high,binpack,1004,1.3,1.2971368769020528,0.7761349245052321,1.2971368769020528,39.410526315789475,50.0,8.0,12.0,1955,1955,0,1712,1371,341,243,0.8757033248081841,0.7012787723785167,27.42,3.4494850659890117,14.371879884905823,13.480634838636718,25.361541882519305,1.3469702794811231,2.530151648166313,0.9054301684289564,0.5856437182342917,106.74420290666647,27.408351035578665,30,0.9951388888888889,0.6945833333333333,0.3005555555555556,77.43825815408361,25.24591909221431,{}
test,tiny_large,homog,high,spread,1004,1.3,1.2971368769020528,0.7761349245052321,1.2971368769020528,39.410526315789475,50.0,8.0,12.0,1955,1955,0,1722,1376,346,233,0.8808184143222506,0.7038363171355498,27.52,3.4002888297508487,13.575364338744883,13.431438602398556,25.062308451368025,1.3420454522958882,2.4827167291374734,0.9038289748237228,0.590274052470106,105.16497561113505,29.710973094703004,30,0.9954861111111111,0.6922916666666666,0.30319444444444443,77.76829718096027,25.138778536591584,{}
test,tiny_large,homog,high,tetris,1004,1.3,1.2971368769020528,0.7761349245052321,1.2971368769020528,39.410526315789475,50.0,8.0,12.0,1955,1955,0,1776,1414,362,179,0.9084398976982098,0.7232736572890025,28.28,2.9047611680283802,14.709290359643731,12.935910940676086,26.114130988029025,1.291398225712401,2.612318641770169,0.9016798579642064,0.5989894722728717,87.01037821965116,29.6245847099184,30,0.9930555555555556,0.7145833333333333,0.2784722222222222,78.2755270258679,24.97587782901706,{}
test,tiny_large,homog,high,hybrid,1004,1.3,1.2971368769020528,0.7761349245052321,1.2971368769020528,39.410526315789475,50.0,8.0,12.0,1955,1955,0,1746,1390,356,209,0.8930946291560102,0.710997442455243,27.8,3.1845658428932597,14.244879998939965,13.215715615540965,25.48587638786801,1.3200521259899032,2.5197168069408864,0.9048588526466134,0.5932864938389018,97.59399321963028,28.98704220587883,30,0.9930555555555556,0.7083333333333334,0.28472222222222227,77.60015349864287,25.193249134928458,"{'alpha': 0.1, 'beta': 0.9, 'gamma': 0.0, 'source': 'phase3_tuning'}"
test,tiny_large,homog,high,binpack,1005,1.3,1.2852620153820424,0.7679259936204494,1.2852620153820424,39.410526315789475,50.0,8.0,12.0,1939,1939,0,1713,1356,357,226,0.8834450747808148,0.6993295513151109,27.12,3.9642856284657952,10.852083966074922,14.010262703172335,21.349136487450544,1.400330451089375,2.1586563815711033,0.9261551358179543,0.6010673095506549,130.4900853974811,27.97781188375955,30,0.9947916666666666,0.690625,0.3061111111111111,76.05211224376548,25.495675830607233,{}
test,tiny_large,homog,high,spread,1005,1.3,1.2852620153820424,0.7679259936204494,1.2852620153820424,39.410526315789475,50.0,8.0,12.0,1939,1939,0,1688,1340,348,251,0.8705518308406395,0.6910778751933987,26.8,4.096767511857408,10.617518950787932,14.142744586563948,21.197279419319436,1.4134678928078406,2.1484133749103504,0.9238329748874153,0.5943895089458148,134.24989623615747,29.755194682637423,30,0.996875,0.6831250000000001,0.31375,75.9531361397309,25.528899773576484,{}
test,tiny_large,homog,high,tetris,1005,1.3,1.2852620153820424,0.7679259936204494,1.2852620153820424,39.410526315789475,50.0,8.0,12.0,1939,1939,0,1705,1357,348,234,0.8793192367199587,0.6998452810727179,27.14,3.7931468465740434,11.805262912418279,13.839123921280583,22.075165827892114,1.383058199221195,2.263795408986681,0.9240307401360106,0.5949460604925929,122.86594788724251,29.74666262805913,30,0.9979166666666667,0.67625,0.32166666666666666,76.44707163593677,25.363953890007494,{}
test,tiny_large,homog,high,hybrid,1005,1.3,1.2852620153820424,0.7679259936204494,1.2852620153820424,39.410526315789475,50.0,8.0,12.0,1939,1939,0,1702,1357,345,237,0.8777720474471377,0.6998452810727179,27.14,3.841963132052178,11.350595399186773,13.887940206758717,21.764569989485715,1.387843650702408,2.207185582775067,0.9264386295448043,0.5953014022174541,124.99437963548496,29.385466561972112,30,0.9979166666666667,0.67625,0.32166666666666666,76.1635289690736,25.458379177615786,"{'alpha': 0.1, 'beta': 0.9, 'gamma': 0.0, 'source': 'phase3_tuning'}"
test,tiny_large,homog,high,binpack,1006,1.3,1.3108905918984348,0.78602808168476,1.3108905918984348,39.410526315789475,50.0,8.0,12.0,1988,1988,0,1695,1356,339,293,0.85261569416499,0.682092555331992,27.12,4.0704048824929835,11.937627249169399,14.064825758473143,22.80383391913894,1.4141049077052208,2.2765297249829,0.933032311456304,0.6022622395912458,130.86361818119695,28.206769737829635,30,0.996875,0.6268750000000001,0.37,76.72522753232761,25.9106432647902,{}
test,tiny_large,homog,high,spread,1006,1.3,1.3108905918984348,0.78602808168476,1.3108905918984348,39.410526315789475,50.0,8.0,12.0,1988,1988,0,1686,1348,338,302,0.8480885311871227,0.6780684104627767,26.96,4.197091635336717,12.198398131082364,14.191512511316876,22.91452418354239,1.4270204849743497,2.286542315792103,0.9304452294689586,0.6006077263326014,134.82578963866888,29.816137748920397,30,0.9961805555555556,0.6252083333333334,0.3709722222222222,76.93031020433767,25.841570048523057,{}
test,tiny_large,homog,high,tetris,1006,1.3,1.3108905918984348,0.78602808168476,1.3108905918984348,39.410526315789475,50.0,8.0,12.0,1988,1988,0,1703,1362,341,285,0.8566398390342053,0.6851106639839034,27.24,4.024521229607488,12.284118151409047,14.018942105587648,23.003818174657326,1.4095518782520582,2.322461478265597,0.9304657883674264,0.6019751618200252,128.61612556694453,29.71712786989328,30,0.9972222222222222,0.6245833333333334,0.3726388888888889,77.26493446379273,25.729653610611688,{}
test,tiny_large,homog,high,hybrid,1006,1.3,1.3108905918984348,0.78602808168476,1.3108905918984348,39.410526315789475,50.0,8.0,12.0,1988,1988,0,1695,1357,338,293,0.85261569416499,0.6825955734406438,27.14,4.087447025326814,12.111445172576964,14.081867901306973,22.964778814021706,1.4158447627776873,2.298326623713746,0.9312885381555052,0.6019362473631026,130.87133406522528,29.34368035964825,30,0.9972222222222222,0.6245833333333334,0.3726388888888889,77.07861914516756,25.791847623215205,"{'alpha': 0.1, 'beta': 0.9, 'gamma': 0.0, 'source': 'phase3_tuning'}"
test,tiny_large,homog,high,binpack,1007,1.3,1.3426193949978054,0.8079189645969392,1.3426193949978054,39.410526315789475,50.0,8.0,12.0,2038,2038,0,1738,1369,369,300,0.8527968596663396,0.6717369970559371,27.38,5.210868534334779,13.400406521062983,15.209687672926066,23.82473003035031,1.5292510738069842,2.457793042243292,0.9174730776970219,0.5936877085681295,173.56082877330846,27.71609752786746,30,0.9947916666666666,0.721875,0.27291666666666664,78.46525626459355,25.973279092183652,{}
test,tiny_large,homog,high,spread,1007,1.3,1.3426193949978054,0.8079189645969392,1.3426193949978054,39.410526315789475,50.0,8.0,12.0,2038,2038,0,1722,1355,367,316,0.844946025515211,0.6648675171736997,27.1,5.378024383848097,13.73858407599139,15.376843522439383,24.331438982245714,1.5464112302635338,2.460373336635946,0.9171328855264318,0.5905705817570983,178.72922093358943,29.737803519604622,30,0.9954861111111111,0.7172916666666667,0.2801388888888889,79.12856203851568,25.755554599968683,{}
test,tiny_large,homog,high,tetris,1007,1.3,1.3426193949978054,0.8079189645969392,1.3426193949978054,39.410526315789475,50.0,8.0,12.0,2038,2038,0,1700,1355,345,338,0.8341511285574092,0.6648675171736997,27.1,5.3638507127190405,13.933462188094786,15.362669851310327,24.207223721790122,1.5452943870322735,2.461806260594126,0.9156141035078478,0.5830941356150939,175.79096097898676,29.721626188376604,30,0.9979166666666667,0.6887500000000001,0.3091666666666667,79.26802126065357,25.71024188049975,{}
test,tiny_large,homog,high,hybrid,1007,1.3,1.3426193949978054,0.8079189645969392,1.3426193949978054,39.410526315789475,50.0,8.0,12.0,2038,2038,0,1714,1360,354,324,0.8410206084396468,0.6673209028459274,27.2,5.267090927282262,13.597678701775095,15.26591006587355,24.05019954894879,1.5353493668048455,2.448285684058036,0.915515833852848,0.5881121701850249,173.4948170881542,29.085093532066512,30,0.9958333333333333,0.68375,0.3120833333333334,79.43730949043562,25.655450984847093,"{'alpha': 0.1, 'beta': 0.9, 'gamma': 0.0, 'source': 'phase3_tuning'}"
test,tiny_large,homog,high,binpack,1008,1.3,1.2932490621008732,0.7754875620741849,1.2932490621008732,39.410526315789475,50.0,8.0,12.0,1965,1965,0,1720,1375,345,245,0.8753180661577609,0.6997455470737913,27.5,4.051889385126246,11.407258212496188,14.026474270271267,22.264369165930965,1.4111698034649944,2.2881672100141697,0.9155450742414419,0.6115973330202178,131.991567245359,27.782583973575473,30,0.9895833333333334,0.625,0.3645833333333333,77.24121945421774,25.439784792169043,{}
test,tiny_large,homog,high,spread,1008,1.3,1.2932490621008732,0.7754875620741849,1.2932490621008732,39.410526315789475,50.0,8.0,12.0,1965,1965,0,1722,1376,346,243,0.8763358778625954,0.7002544529262087,27.52,4.038738507870702,11.812641018558399,14.013323393015723,22.38046505202849,1.4098426630924628,2.291953306265866,0.915484441157047,0.6118917707203346,131.6913509233523,29.790279539738684,30,0.992361111111111,0.6254166666666666,0.3669444444444444,77.09015467905608,25.489636234104648,{}
test,tiny_large,homog,high,tetris,1008,1.3,1.2932490621008732,0.7754875620741849,1.2932490621008732,39.410526315789475,50.0,8.0,12.0,1965,1965,0,1744,1391,353,221,0.8875318066157761,0.7078880407124682,27.82,3.636995751997262,14.872545252108722,13.611580637142282,24.786041096987546,1.3688575172434856,2.3882117453447718,0.9172136728720784,0.6214541761957225,118.56420966603041,29.687807253508854,30,0.9930555555555556,0.6520833333333333,0.3409722222222222,76.72526966023837,25.61085817881888,{}
test,tiny_large,homog,high,hybrid,1008,1.3,1.2932490621008732,0.7754875620741849,1.2932490621008732,39.410526315789475,50.0,8.0,12.0,1965,1965,0,1735,1390,345,230,0.8829516539440203,0.7073791348600509,27.8,3.830705451818275,12.480699556338191,13.805290336963296,22.84432118652466,1.388559910211031,2.2743398433108664,0.9164317328197792,0.6162959409469998,124.80684354927983,29.20468862237665,30,0.9885416666666667,0.6318750000000001,0.35666666666666663,76.8234277843261,25.57813490848828,"{'alpha': 0.1, 'beta': 0.9, 'gamma': 0.0, 'source': 'phase3_tuning'}"
test,tiny_large,homog,high,binpack,1009,1.3,1.3123285858460048,0.7870192085424098,1.3123285858460048,39.410526315789475,50.0,8.0,12.0,1985,1985,0,1687,1348,339,298,0.8498740554156171,0.6790931989924434,26.96,4.76051740777828,17.272942331431672,14.748201782518095,27.16585028785886,1.484164747398827,2.6814020581705913,0.9264632945015301,0.5809728913172107,153.10725445223642,28.052603509958864,30,0.9979166666666667,0.63875,0.3591666666666667,76.14670868455515,26.06809978121376,{}
test,tiny_large,homog,high,spread,1009,1.3,1.3123285858460048,0.7870192085424098,1.3123285858460048,39.410526315789475,50.0,8.0,12.0,1985,1985,0,1669,1336,333,316,0.8408060453400503,0.6730478589420655,26.72,4.91244300623491,17.005365005164677,14.900127380974725,26.995836260069822,1.4996359943508846,2.6588848916723693,0.9242057519840107,0.5784975907673299,157.83497883811802,29.798548357295516,30,0.996875,0.608125,0.38875,76.06810527066449,26.095036716597583,{}
test,tiny_large,homog,high,tetris,1009,1.3,1.3123285858460048,0.7870192085424098,1.3123285858460048,39.410526315789475,50.0,8.0,12.0,1985,1985,0,1667,1336,331,318,0.8397984886649874,0.6730478589420655,26.72,4.880598166779652,16.914123689473445,14.868282541519466,26.464606048861434,1.496559433242928,2.6330120452669576,0.9267395506517754,0.5782073405795041,155.11459028318544,29.486176333607986,30,0.9986111111111111,0.6029166666666668,0.39569444444444446,76.46673495884771,25.959000355753027,{}
test,tiny_large,homog,high,hybrid,1009,1.3,1.3123285858460048,0.7870192085424098,1.3123285858460048,39.410526315789475,50.0,8.0,12.0,1985,1985,0,1679,1346,333,306,0.8458438287153652,0.6780856423173803,26.92,4.7359032189133154,16.917494014053332,14.723587593653129,27.0450454764636,1.4815495824505747,2.6548862154680584,0.9260450975309387,0.5804514426026676,151.675433421659,28.957891580322606,30,0.996875,0.6143750000000001,0.3825,76.19379099801046,26.05199155993999,"{'alpha': 0.1, 'beta': 0.9, 'gamma': 0.0, 'source': 'phase3_tuning'}"
test,tiny_large,hetero,low,binpack,1000,0.7,0.7258634835168949,0.4230295299443887,0.7258634835168949,20.845359730703894,50.0,8.0,12.0,1085,1085,0,1085,853,232,0,1.0,0.7861751152073733,17.06,0.0,0.0,9.972725385624097,11.769708343653598,1.0,1.0000000000000002,0.6487581626374103,0.3779417130109238,0.0,23.173090736763275,27,0.7938926097302912,0.5326723899875317,0.28240763025079707,61.35924720313257,17.68274627633645,{}
test,tiny_large,hetero,low,spread,1000,0.7,0.7258634835168949,0.4230295299443887,0.7258634835168949,20.845359730703894,50.0,8.0,12.0,1085,1085,0,1085,853,232,0,1.0,0.7861751152073733,17.06,0.0,0.0,9.972725385624097,11.769708343653598,1.0,1.0000000000000002,0.6487581626374103,0.3779417130109238,0.0,29.4265435205564,30,0.7715292423406185,0.4547407942697864,0.3634261227015859,61.35924720313257,17.68274627633645,{}
test,tiny_large,hetero,low,tetris,1000,0.7,0.7258634835168949,0.4230295299443887,0.7258634835168949,20.845359730703894,50.0,8.0,12.0,1085,1085,0,1085,853,232,0,1.0,0.7861751152073733,17.06,0.0,0.0,9.972725385624097,11.769708343653598,1.0,1.0000000000000002,0.6487581626374103,0.3779417130109238,0.0,27.7898329328109,30,0.7684390092271606,0.5166745382175683,0.2517644710095923,61.35924720313257,17.68274627633645,{}
test,tiny_large,hetero,low,hybrid,1000,0.7,0.7258634835168949,0.4230295299443887,0.7258634835168949,20.845359730703894,50.0,8.0,12.0,1085,1085,0,1085,853,232,0,1.0,0.7861751152073733,17.06,0.0,0.0,9.972725385624097,11.769708343653598,1.0,1.0000000000000002,0.6487581626374103,0.3779417130109238,0.0,26.163573996337494,30,0.7569208534108984,0.5311377086405036,0.23444013210383688,61.35924720313257,17.68274627633645,"{'alpha': 0.1, 'beta': 0.9, 'gamma': 0.0, 'source': 'phase3_tuning'}"
test,tiny_large,hetero,low,binpack,1001,0.7,0.6771268597133953,0.42473328720685266,0.6771268597133953,22.12931316864207,50.0,8.0,12.0,1073,1073,0,1073,880,193,0,1.0,0.8201304753028891,17.6,0.0,0.0,9.995997255602278,11.78067770211932,1.0,1.0000000000000004,0.6166689282725523,0.383089154371213,0.0,22.519385534290404,25,0.6409755534817037,0.5262994926376632,0.1561797517437226,61.57218662944986,17.426699598269362,{}
test,tiny_large,hetero,low,spread,1001,0.7,0.6771268597133953,0.42473328720685266,0.6771268597133953,22.12931316864207,50.0,8.0,12.0,1073,1073,0,1073,880,193,0,1.0,0.8201304753028891,17.6,0.0,0.0,9.995997255602278,11.78067770211932,1.0,1.0000000000000004,0.6166689282725523,0.383089154371213,0.0,29.561002683297364,30,0.630290793444782,0.431737090520967,0.3147779396535411,61.57218662944986,17.426699598269362,{}
test,tiny_large,hetero,low,tetris,1001,0.7,0.6771268597133953,0.42473328720685266,0.6771268597133953,22.12931316864207,50.0,8.0,12.0,1073,1073,0,1073,880,193,0,1.0,0.8201304753028891,17.6,0.0,0.0,9.995997255602278,11.78067770211932,1.0,1.0000000000000004,0.6166689282725523,0.383089154371213,0.0,27.680841328693617,28,0.6047588212481757,0.4682400645919755,0.14277513287469526,61.57218662944986,17.426699598269362,{}
test,tiny_large,hetero,low,hybrid,1001,0.7,0.6771268597133953,0.42473328720685266,0.6771268597133953,22.12931316864207,50.0,8.0,12.0,1073,1073,0,1073,880,193,0,1.0,0.8201304753028891,17.6,0.0,0.0,9.995997255602278,11.78067770211932,1.0,1.0000000000000004,0.6166689282725523,0.383089154371213,0.0,24.923773189066438,24,0.5963945681043072,0.5241514562581787,0.1060974971788017,61.57218662944986,17.426699598269362,"{'alpha': 0.1, 'beta': 0.9, 'gamma': 0.0, 'source': 'phase3_tuning'}"
test,tiny_large,hetero,low,binpack,1002,0.7,0.7067393558447985,0.4586421002975967,0.7067393558447985,22.38764886449034,50.0,8.0,12.0,1137,1137,0,1137,891,246,0,1.0,0.783641160949868,17.82,0.0,0.0,9.954304551869441,11.79992203852851,1.0,1.0000000000000004,0.6276635859170119,0.4070138934867764,0.0,22.244931379560953,27,0.7915517575260992,0.640195002764753,0.1638450256146446,61.43662115808117,18.50687714538225,{}
test,tiny_large,hetero,low,spread,1002,0.7,0.7067393558447985,0.4586421002975967,0.7067393558447985,22.38764886449034,50.0,8.0,12.0,1137,1137,0,1137,891,246,0,1.0,0.783641160949868,17.82,0.0,0.0,9.954304551869441,11.79992203852851,1.0,1.0000000000000004,0.6276635859170119,0.4070138934867764,0.0,29.595576362423216,30,0.7690436132249855,0.5422570946325389,0.36471515511110125,61.43662115808117,18.50687714538225,{}
test,tiny_large,hetero,low,tetris,1002,0.7,0.7067393558447985,0.4586421002975967,0.7067393558447985,22.38764886449034,50.0,8.0,12.0,1137,1137,0,1137,891,246,0,1.0,0.783641160949868,17.82,0.0,0.0,9.954304551869441,11.79992203852851,1.0,1.0000000000000004,0.6276635859170119,0.4070138934867764,0.0,27.529184659200492,30,0.7720938322043572,0.5782968001932003,0.20123791236358038,61.43662115808117,18.50687714538225,{}
test,tiny_large,hetero,low,hybrid,1002,0.7,0.7067393558447985,0.4586421002975967,0.7067393558447985,22.38764886449034,50.0,8.0,12.0,1137,1137,0,1137,891,246,0,1.0,0.783641160949868,17.82,0.0,0.0,9.954304551869441,11.79992203852851,1.0,1.0000000000000004,0.6276635859170119,0.4070138934867764,0.0,25.680463939622594,30,0.774334140818986,0.6308076276676308,0.15176852089650325,61.43662115808117,18.50687714538225,"{'alpha': 0.1, 'beta': 0.9, 'gamma': 0.0, 'source': 'phase3_tuning'}"
test,tiny_large,hetero,low,binpack,1003,0.7,0.6587579841546628,0.3703609370826327,0.6587579841546628,21.777666823650087,50.0,8.0,12.0,1024,1024,0,1024,819,205,0,1.0,0.7998046875,16.38,0.0,0.0,9.987790949146522,11.8213402640569,1.0,1.0000000000000004,0.5909397746101095,0.3343093643207085,0.0,21.612803087649162,26,0.705890196599049,0.4627969757209597,0.25353916544324373,61.51065232525511,16.647523010897498,{}
test,tiny_large,hetero,low,spread,1003,0.7,0.6587579841546628,0.3703609370826327,0.6587579841546628,21.777666823650087,50.0,8.0,12.0,1024,1024,0,1024,819,205,0,1.0,0.7998046875,16.38,0.0,0.0,9.987790949146522,11.8213402640569,1.0,1.0000000000000004,0.5909397746101095,0.3343093643207085,0.0,29.628743132316917,30,0.6875571215968149,0.3652645400782718,0.3673161412054785,61.51065232525511,16.647523010897498,{}
test,tiny_large,hetero,low,tetris,1003,0.7,0.6587579841546628,0.3703609370826327,0.6587579841546628,21.777666823650087,50.0,8.0,12.0,1024,1024,0,1024,819,205,0,1.0,0.7998046875,16.38,0.0,0.0,9.987790949146522,11.8213402640569,1.0,1.0000000000000004,0.5909397746101095,0.3343093643207085,0.0,28.23029680083168,30,0.6998251761856334,0.4234843245391395,0.276340851646494,61.51065232525511,16.647523010897498,{}
test,tiny_large,hetero,low,hybrid,1003,0.7,0.6587579841546628,0.3703609370826327,0.6587579841546628,21.777666823650087,50.0,8.0,12.0,1024,1024,0,1024,819,205,0,1.0,0.7998046875,16.38,0.0,0.0,9.987790949146522,11.8213402640569,1.0,1.0000000000000004,0.5909397746101095,0.3343093643207085,0.0,26.926638936660034,30,0.6939195615462043,0.453918451063007,0.24795450753860174,61.51065232525511,16.647523010897498,"{'alpha': 0.1, 'beta': 0.9, 'gamma': 0.0, 'source': 'phase3_tuning'}"
test,tiny_large,hetero,low,binpack,1004,0.7,0.6884485561901941,0.4046978219345723,0.6884485561901941,20.271953264398732,50.0,8.0,12.0,997,997,0,997,821,176,0,1.0,0.8234704112337011,16.42,0.0,0.0,10.036260030947265,11.806560437145269,1.0,1.0000000000000004,0.6286028176024382,0.3659572074786693,0.0,22.16123191066281,24,0.6472911358670795,0.490257515236115,0.19720689175355188,61.50505347494158,16.210050128745895,{}
test,tiny_large,hetero,low,spread,1004,0.7,0.6884485561901941,0.4046978219345723,0.6884485561901941,20.271953264398732,50.0,8.0,12.0,997,997,0,997,821,176,0,1.0,0.8234704112337011,16.42,0.0,0.0,10.036260030947265,11.806560437145269,1.0,1.0000000000000004,0.6286028176024382,0.3659572074786693,0.0,29.41064381448225,30,0.6421250541288478,0.39839652987160146,0.33228720817737817,61.50505347494158,16.210050128745895,{}
test,tiny_large,hetero,low,tetris,1004,0.7,0.6884485561901941,0.4046978219345723,0.6884485561901941,20.271953264398732,50.0,8.0,12.0,997,997,0,997,821,176,0,1.0,0.8234704112337011,16.42,0.0,0.0,10.036260030947265,11.806560437145269,1.0,1.0000000000000004,0.6286028176024382,0.3659572074786693,0.0,27.62945136845675,29,0.6334613477337415,0.44877399837501475,0.1923670455071667,61.50505347494158,16.210050128745895,{}
test,tiny_large,hetero,low,hybrid,1004,0.7,0.6884485561901941,0.4046978219345723,0.6884485561901941,20.271953264398732,50.0,8.0,12.0,997,997,0,997,821,176,0,1.0,0.8234704112337011,16.42,0.0,0.0,10.036260030947265,11.806560437145269,1.0,1.0000000000000004,0.6286028176024382,0.3659572074786693,0.0,25.84434174670444,28,0.627458928451102,0.4827519492876043,0.18365403489577006,61.50505347494158,16.210050128745895,"{'alpha': 0.1, 'beta': 0.9, 'gamma': 0.0, 'source': 'phase3_tuning'}"
test,tiny_large,hetero,low,binpack,1005,0.7,0.7073697352798255,0.4214828769449127,0.7073697352798255,21.317949550265197,50.0,8.0,12.0,1074,1074,0,1074,859,215,0,1.0,0.7998137802607076,17.18,0.0,0.0,10.044346146722587,11.783403619399387,1.0,1.0000000000000004,0.6359126386582625,0.37890202164625036,0.0,22.894888655158024,25,0.6904999580391105,0.5299727309605159,0.19234027307884133,61.66950658851074,17.415414187862016,{}
test,tiny_large,hetero,low,spread,1005,0.7,0.7073697352798255,0.4214828769449127,0.7073697352798255,21.317949550265197,50.0,8.0,12.0,1074,1074,0,1074,859,215,0,1.0,0.7998137802607076,17.18,0.0,0.0,10.044346146722587,11.783403619399387,1.0,1.0000000000000004,0.6359126386582625,0.37890202164625036,0.0,29.501578932000175,30,0.685650973361478,0.41346958939500295,0.3262356170868278,61.66950658851074,17.415414187862016,{}
test,tiny_large,hetero,low,tetris,1005,0.7,0.7073697352798255,0.4214828769449127,0.7073697352798255,21.317949550265197,50.0,8.0,12.0,1074,1074,0,1074,859,215,0,1.0,0.7998137802607076,17.18,0.0,0.0,10.044346146722587,11.783403619399387,1.0,1.0000000000000004,0.6359126386582625,0.37890202164625036,0.0,27.352758532653723,30,0.6709968144563299,0.47825005605266374,0.19399142109825762,61.66950658851074,17.415414187862016,{}
test,tiny_large,hetero,low,hybrid,1005,0.7,0.7073697352798255,0.4214828769449127,0.7073697352798255,21.317949550265197,50.0,8.0,12.0,1074,1074,0,1074,859,215,0,1.0,0.7998137802607076,17.18,0.0,0.0,10.044346146722587,11.783403619399387,1.0,1.0000000000000004,0.6359126386582625,0.37890202164625036,0.0,25.679856870598314,28,0.66577070841532,0.5089177545170481,0.16529038720236688,61.66950658851074,17.415414187862016,"{'alpha': 0.1, 'beta': 0.9, 'gamma': 0.0, 'source': 'phase3_tuning'}"
test,tiny_large,hetero,low,binpack,1006,0.7,0.7006863877838923,0.3954654341796559,0.7006863877838923,20.496300782733385,50.0,8.0,12.0,1024,1024,0,1024,818,206,0,1.0,0.798828125,16.36,0.0,0.0,10.015007233794405,11.801850658465131,1.0,1.0000000000000002,0.6316608038143422,0.35980650495240823,0.0,22.4961797810647,23,0.6715166605312675,0.4582005642101307,0.21456286897225832,61.31965889686428,16.699375345878913,{}
test,tiny_large,hetero,low,spread,1006,0.7,0.7006863877838923,0.3954654341796559,0.7006863877838923,20.496300782733385,50.0,8.0,12.0,1024,1024,0,1024,818,206,0,1.0,0.798828125,16.36,0.0,0.0,10.015007233794405,11.801850658465131,1.0,1.0000000000000002,0.6316608038143422,0.35980650495240823,0.0,29.601230200353612,30,0.6716050994049328,0.36842042860147295,0.3272689966675332,61.31965889686428,16.699375345878913,{}
test,tiny_large,hetero,low,tetris,1006,0.7,0.7006863877838923,0.3954654341796559,0.7006863877838923,20.496300782733385,50.0,8.0,12.0,1024,1024,0,1024,818,206,0,1.0,0.798828125,16.36,0.0,0.0,10.015007233794405,11.801850658465131,1.0,1.0000000000000002,0.6316608038143422,0.35980650495240823,0.0,27.949553173954317,30,0.660684467485664,0.42369217500864914,0.2369922924770148,61.31965889686428,16.699375345878913,{}
test,tiny_large,hetero,low,hybrid,1006,0.7,0.7006863877838923,0.3954654341796559,0.7006863877838923,20.496300782733385,50.0,8.0,12.0,1024,1024,0,1024,818,206,0,1.0,0.798828125,16.36,0.0,0.0,10.015007233794405,11.801850658465131,1.0,1.0000000000000002,0.6316608038143422,0.35980650495240823,0.0,25.992385970010663,28,0.6449448666628776,0.43353529273507646,0.21140957392780121,61.31965889686428,16.699375345878913,"{'alpha': 0.1, 'beta': 0.9, 'gamma': 0.0, 'source': 'phase3_tuning'}"
test,tiny_large,hetero,low,binpack,1007,0.7,0.7337560228290904,0.38459307413068256,0.7337560228290904,21.35202617281355,50.0,8.0,12.0,1120,1120,0,1120,912,208,0,1.0,0.8142857142857143,18.24,0.0005389848415440086,0.0,10.026823817931492,11.8622289024747,1.0000476398327485,1.0000000000000004,0.6671792964322601,0.34958729526717197,0.012073260450585791,23.490580717419157,23,0.6715576991311125,0.4409134913994927,0.2502048051993857,61.131504830370105,18.32115867436629,{}
test,tiny_large,hetero,low,spread,1007,0.7,0.7337560228290904,0.38459307413068256,0.7337560228290904,21.35202617281355,50.0,8.0,12.0,1120,1120,0,1120,912,208,0,1.0,0.8142857142857143,18.24,0.0019409111349221345,0.0,10.028225744224871,11.8622289024747,1.000194621189962,1.0000000000000004,0.6671792964322598,0.34958729526717197,0.043476409422255814,29.49077127216081,30,0.6779153522478516,0.35972820268341077,0.34952659537177255,61.131504830370105,18.32115867436629,{}
test,tiny_large,hetero,low,tetris,1007,0.7,0.7337560228290904,0.38459307413068256,0.7337560228290904,21.35202617281355,50.0,8.0,12.0,1120,1120,0,1120,912,208,0,1.0,0.8142857142857143,18.24,0.00030764448232731517,0.0,10.026592477572276,11.85977559818297,1.000029173772129,1.0000000000000004,0.6671792964322598,0.34958729526717186,0.006891236404131859,28.059736729782333,30,0.6699037754359521,0.4227364015495114,0.25306058478136934,61.131504830370105,18.32115867436629,{}
test,tiny_large,hetero,low,hybrid,1007,0.7,0.7337560228290904,0.38459307413068256,0.7337560228290904,21.35202617281355,50.0,8.0,12.0,1120,1120,0,1120,912,208,0,1.0,0.8142857142857143,18.24,0.002191231268694008,0.0,10.028476064358642,11.8622289024747,1.000218813336577,1.0000000000000004,0.6671792964322597,0.34958729526717197,0.04908358041874578,27.435394124412234,30,0.6690022021459157,0.440323298755314,0.2291679154234293,61.131504830370105,18.32115867436629,"{'alpha': 0.1, 'beta': 0.9, 'gamma': 0.0, 'source': 'phase3_tuning'}"
test,tiny_large,hetero,low,binpack,1008,0.7,0.6953963257154868,0.38857356167566387,0.6953963257154868,19.870148617072886,50.0,8.0,12.0,993,993,0,993,792,201,0,1.0,0.797583081570997,15.84,0.0,0.0,9.98562940828353,11.79669619330529,1.0,1.0000000000000004,0.615082637316199,0.35042630360893395,0.0,21.912666312548513,23,0.6804192910876047,0.43704681526790085,0.2611689136470347,60.96260354386555,16.288674404883125,{}
test,tiny_large,hetero,low,spread,1008,0.7,0.6953963257154868,0.38857356167566387,0.6953963257154868,19.870148617072886,50.0,8.0,12.0,993,993,0,993,792,201,0,1.0,0.797583081570997,15.84,0.0,0.0,9.98562940828353,11.79669619330529,1.0,1.0000000000000004,0.615082637316199,0.35042630360893395,0.0,29.55076411650514,30,0.6797838208022022,0.3577903159070406,0.37287392836052596,60.96260354386555,16.288674404883125,{}
test,tiny_large,hetero,low,tetris,1008,0.7,0.6953963257154868,0.38857356167566387,0.6953963257154868,19.870148617072886,50.0,8.0,12.0,993,993,0,993,792,201,0,1.0,0.797583081570997,15.84,0.0,0.0,9.98562940828353,11.79669619330529,1.0,1.0000000000000004,0.615082637316199,0.35042630360893395,0.0,27.589914789192065,30,0.6560834597884315,0.40049406211010896,0.259553314284127,60.96260354386555,16.288674404883125,{}
test,tiny_large,hetero,low,hybrid,1008,0.7,0.6953963257154868,0.38857356167566387,0.6953963257154868,19.870148617072886,50.0,8.0,12.0,993,993,0,993,792,201,0,1.0,0.797583081570997,15.84,0.0,0.0,9.98562940828353,11.79669619330529,1.0,1.0000000000000004,0.615082637316199,0.35042630360893395,0.0,26.16738567020657,28,0.6476784519522145,0.44329295706715016,0.209190647564658,60.96260354386555,16.288674404883125,"{'alpha': 0.1, 'beta': 0.9, 'gamma': 0.0, 'source': 'phase3_tuning'}"
test,tiny_large,hetero,low,binpack,1009,0.7,0.7260957270836477,0.3720786964890341,0.7260957270836477,20.310947470360823,50.0,8.0,12.0,1048,1048,0,1048,831,217,0,1.0,0.7929389312977099,16.62,0.0,0.0,9.99733321878707,11.831052835986114,1.0,1.0000000000000004,0.6645847744534111,0.33824523909610094,0.0,23.54159901166462,23,0.6179696543109229,0.43192172565004355,0.21306592880578917,61.27731200315738,17.10257786676414,{}
test,tiny_large,hetero,low,spread,1009,0.7,0.7260957270836477,0.3720786964890341,0.7260957270836477,20.310947470360823,50.0,8.0,12.0,1048,1048,0,1048,831,217,0,1.0,0.7929389312977099,16.62,0.0,0.0,9.99733321878707,11.831052835986114,1.0,1.0000000000000004,0.6645847744534111,0.33824523909610094,0.0,29.59446240338673,30,0.6353043114451825,0.35568256098133916,0.30060979631200707,61.27731200315738,17.10257786676414,{}
test,tiny_large,hetero,low,tetris,1009,0.7,0.7260957270836477,0.3720786964890341,0.7260957270836477,20.310947470360823,50.0,8.0,12.0,1048,1048,0,1048,831,217,0,1.0,0.7929389312977099,16.62,0.0,0.0,9.99733321878707,11.831052835986114,1.0,1.0000000000000004,0.6645847744534111,0.33824523909610094,0.0,28.126669414404315,30,0.5978199357152564,0.38485405105672416,0.2129658846585323,61.27731200315738,17.10257786676414,{}
test,tiny_large,hetero,low,hybrid,1009,0.7,0.7260957270836477,0.3720786964890341,0.7260957270836477,20.310947470360823,50.0,8.0,12.0,1048,1048,0,1048,831,217,0,1.0,0.7929389312977099,16.62,0.0,0.0,9.99733321878707,11.831052835986114,1.0,1.0000000000000004,0.6645847744534111,0.33824523909610094,0.0,27.090564305421204,28,0.6002241040481336,0.4348056250718972,0.17018512611894498,61.27731200315738,17.10257786676414,"{'alpha': 0.1, 'beta': 0.9, 'gamma': 0.0, 'source': 'phase3_tuning'}"
test,tiny_large,hetero,med,binpack,1000,1.0,1.0430726411081406,0.6048773400236633,1.0430726411081406,29.77908532957699,50.0,8.0,12.0,1560,1560,0,1513,1207,306,47,0.9698717948717949,0.7737179487179487,24.14,0.862029130884915,3.9248390592363904,10.829651966510454,14.31397185434733,1.0875222879081485,1.4090780686012605,0.8961033009421661,0.5186485522481209,25.514628252193397,27.798503169428223,30,0.9891194939997238,0.6258191553320906,0.3633003386676331,63.824042413709854,24.442199851398023,{}
test,tiny_large,hetero,med,spread,1000,1.0,1.0430726411081406,0.6048773400236633,1.0430726411081406,29.77908532957699,50.0,8.0,12.0,1560,1560,0,1518,1210,308,42,0.9730769230769231,0.7756410256410257,24.2,0.8115107652587359,4.11050224268422,10.779133600884276,14.4186742767668,1.082412940237382,1.4298973336498841,0.8955851667150913,0.5186699392684325,23.97821225469515,29.575633496133488,30,0.988399371797461,0.5970190865712989,0.39138028522616214,63.9792964080594,24.38288770871023,{}
test,tiny_large,hetero,med,tetris,1000,1.0,1.0430726411081406,0.6048773400236633,1.0430726411081406,29.77908532957699,50.0,8.0,12.0,1560,1560,0,1515,1205,310,45,0.9711538461538461,0.7724358974358975,24.1,0.8323589930730613,3.745651976487885,10.799981828698602,14.470534742178543,1.0845108442575198,1.4005698822189903,0.8923258366299813,0.5200011614894635,24.610190537194107,28.7820243294125,30,0.9857616090403103,0.646424055181643,0.33934401545973525,64.5234391212124,24.177260562156583,{}
test,tiny_large,hetero,med,hybrid,1000,1.0,1.0430726411081406,0.6048773400236633,1.0430726411081406,29.77908532957699,50.0,8.0,12.0,1560,1560,0,1514,1205,309,46,0.9705128205128205,0.7724358974358975,24.1,0.864701021686735,4.264733600676479,10.832323857312275,14.514877640417765,1.087754082124105,1.4285416920166718,0.8937351482990686,0.5174033244603748,25.510340206308786,28.320758956872393,30,0.9842555061212239,0.6304381884114453,0.3538173177097786,64.04835221351244,24.35659850856995,"{'alpha': 0.1, 'beta': 0.9, 'gamma': 0.0, 'source': 'phase3_tuning'}"
test,tiny_large,hetero,med,binpack,1001,1.0,0.9783873560791984,0.6120419861323602,0.9783873560791984,31.61330452663153,50.0,8.0,12.0,1537,1537,0,1536,1240,296,1,0.9993493819128172,0.8067664281067014,24.8,0.21688824158795836,1.3337534880533894,10.250581846162227,12.052410599169306,1.021799137921168,1.1386517958154234,0.8710162533574684,0.5490049624078192,6.666859676077859,27.39277124243711,30,0.9513870907652584,0.6702866157961054,0.2880791115958979,61.33259300273828,25.060085099147503,{}
test,tiny_large,hetero,med,spread,1001,1.0,0.9783873560791984,0.6120419861323602,0.9783873560791984,31.61330452663153,50.0,8.0,12.0,1537,1537,0,1533,1237,296,4,0.9973975276512687,0.8048145738451529,24.74,0.2670405565076802,1.6300396750052641,10.300734161081948,12.40257017031279,1.026799767120982,1.1705398150644393,0.8645868235839727,0.5468049741141712,8.18315731635456,29.71378798545113,30,0.9466990684465194,0.6154911229577552,0.3494708977730187,61.33259300273828,25.060085099147503,{}
test,tiny_large,hetero,med,tetris,1001,1.0,0.9783873560791984,0.6120419861323602,0.9783873560791984,31.61330452663153,50.0,8.0,12.0,1537,1537,0,1533,1239,294,4,0.9973975276512687,0.8061158100195186,24.78,0.2528927730537911,1.5366920292677975,10.28658637762806,12.250688186259541,1.0254261346580733,1.1548430772529914,0.8667202636207577,0.5469700615270722,7.746261357644405,28.388214068008157,30,0.9260226244101973,0.6616092993431523,0.266520204375927,61.58967779147179,24.955480449238937,{}
test,tiny_large,hetero,med,hybrid,1001,1.0,0.9783873560791984,0.6120419861323602,0.9783873560791984,31.61330452663153,50.0,8.0,12.0,1537,1537,0,1534,1239,295,3,0.9980481457384516,0.8061158100195186,24.78,0.23567224772082193,1.5787708285254531,10.26936585229509,12.150040513769472,1.0236769878986536,1.1566895414334761,0.8677062623157086,0.5479218064202199,7.233246144372831,27.65687167943863,30,0.9393192939395111,0.6602579814731439,0.2874586865724192,61.33259300273828,25.060085099147503,"{'alpha': 0.1, 'beta': 0.9, 'gamma': 0.0, 'source': 'phase3_tuning'}"
test,tiny_large,hetero,med,binpack,1002,1.0,1.007479092799535,0.6570051985449652,1.007479092799535,31.982355520700487,50.0,8.0,12.0,1621,1621,0,1605,1279,326,16,0.9901295496607033,0.7890191239975324,25.58,0.2785882604721943,1.9027127969529332,10.250292503486031,12.167176657072083,1.0287570256172376,1.1960756931585317,0.8759128737342822,0.580021824050051,8.575309816305172,27.643165607831815,30,0.9786155437385256,0.7381737869158795,0.2555097652551147,63.03303538001321,25.71667364941771,{}
test,tiny_large,hetero,med,spread,1002,1.0,1.007479092799535,0.6570051985449652,1.007479092799535,31.982355520700487,50.0,8.0,12.0,1621,1621,0,1604,1277,327,17,0.9895126465144972,0.7877853177051203,25.54,0.30144091205017715,2.147983017297758,10.273145155064013,12.318532803350795,1.0311958035382707,1.2087802812298127,0.8736257631286221,0.579729456923867,9.198763651988674,29.733288947871117,30,0.9700563970608849,0.7064966670891751,0.2649798096726825,63.577451858280675,25.496460657362316,{}
test,tiny_large,hetero,med,tetris,1002,1.0,1.007479092799535,0.6570051985449652,1.007479092799535,31.982355520700487,50.0,8.0,12.0,1621,1621,0,1602,1276,326,19,0.9882788402220851,0.7871684145589143,25.52,0.32346577931392817,2.0317145604585534,10.295170022327765,12.353268467840849,1.033375236749869,1.212262861210841,0.8725600087314682,0.5792246187319093,9.913146829602319,28.4531421545538,30,0.9663343386184831,0.7324588016756028,0.23676362630574044,63.41009258849576,25.563753873056033,{}
test,tiny_large,hetero,med,hybrid,1002,1.0,1.007479092799535,0.6570051985449652,1.007479092799535,31.982355520700487,50.0,8.0,12.0,1621,1621,0,1604,1277,327,17,0.9895126465144972,0.7877853177051203,25.54,0.30717610521958877,1.9970343098201866,10.278880348233425,12.302226173713883,1.031647615143624,1.2029587252928737,0.8745739143473574,0.5784532419563161,9.388299916685611,28.026918237239297,30,0.968795869906992,0.7318411552188984,0.23750421758848544,63.47856646402254,25.536178434633158,"{'alpha': 0.1, 'beta': 0.9, 'gamma': 0.0, 'source': 'phase3_tuning'}"
test,tiny_large,hetero,med,binpack,1003,1.0,0.963027879740719,0.5428178412311158,0.963027879740719,31.11095260521441,50.0,8.0,12.0,1496,1496,0,1483,1166,317,13,0.9913101604278075,0.7794117647058824,23.32,0.17661772852908125,0.9903266015663021,10.176375082901338,11.980820462974677,1.0177266175314343,1.0994585048943375,0.8298623771809943,0.475416911707732,4.830521139798608,26.76911318818317,30,0.98776194045952,0.6381681867074334,0.3495937537520867,64.07246240218366,23.34856417113469,{}
test,tiny_large,hetero,med,spread,1003,1.0,0.963027879740719,0.5428178412311158,0.963027879740719,31.11095260521441,50.0,8.0,12.0,1496,1496,0,1478,1166,312,18,0.9879679144385026,0.7794117647058824,23.32,0.19620149602100825,1.1572673125135466,10.195958850393263,11.993580554201626,1.019706907254163,1.1152886515534166,0.8296473421089198,0.47454996679830486,5.448039995696828,29.732966994751862,30,0.9849907539407332,0.6042876113959166,0.38070314254481663,64.10954066523692,23.335060343229046,{}
test,tiny_large,hetero,med,tetris,1003,1.0,0.963027879740719,0.5428178412311158,0.963027879740719,31.11095260521441,50.0,8.0,12.0,1496,1496,0,1470,1160,310,26,0.982620320855615,0.7754010695187166,23.2,0.26223109684304435,1.406407518926052,10.2619884512153,12.249273817218253,1.0264328074262832,1.1395932474572923,0.8267514323944576,0.47207132343100683,7.375579928484492,28.9232890790359,30,0.9840166486153964,0.6295974647814674,0.35441918383392895,64.0767521786851,23.347001043814437,{}
test,tiny_large,hetero,med,hybrid,1003,1.0,0.963027879740719,0.5428178412311158,0.963027879740719,31.11095260521441,50.0,8.0,12.0,1496,1496,0,1467,1161,306,29,0.9806149732620321,0.7760695187165776,23.22,0.24936389027921013,1.5209787424282695,10.249121244651466,12.157660620896252,1.025164841801393,1.1542666114597653,0.8267963231098647,0.47214993679695255,7.000938423807969,28.428575230492992,30,0.9792278981197329,0.62241273890505,0.3613211505507123,63.713371121681256,23.480157675896713,"{'alpha': 0.1, 'beta': 0.9, 'gamma': 0.0, 'source': 'phase3_tuning'}"
test,tiny_large,hetero,med,binpack,1004,1.0,0.9879403695805087,0.5784690208122487,0.9879403695805087,28.959933234855335,50.0,8.0,12.0,1424,1424,0,1415,1132,283,9,0.9936797752808989,0.7949438202247191,22.64,0.2554257220620178,1.8423480242122174,10.276895519275852,12.434216847227432,1.0257716374130483,1.185726331411027,0.8644143731846985,0.5157683441829559,7.069660254670163,27.39957535395911,30,0.9631197601749388,0.6654959675794134,0.31085670112317304,63.23582228517411,22.518881680358295,{}
test,tiny_large,hetero,med,spread,1004,1.0,0.9879403695805087,0.5784690208122487,0.9879403695805087,28.959933234855335,50.0,8.0,12.0,1424,1424,0,1414,1130,284,10,0.9929775280898876,0.7935393258426966,22.6,0.30120286511938676,2.3216395498272533,10.32267266233322,12.872222420662162,1.030288794588342,1.2321476191079548,0.8602974790537687,0.5143681708709505,8.266363213108484,29.557450436672298,30,0.9726898735470294,0.6155409083872775,0.3598654005052918,64.17314216007496,22.18996845203468,{}
test,tiny_large,hetero,med,tetris,1004,1.0,0.9879403695805087,0.5784690208122487,0.9879403695805087,28.959933234855335,50.0,8.0,12.0,1424,1424,0,1413,1130,283,11,0.9922752808988764,0.7935393258426966,22.6,0.29241208497311233,2.1444183278877773,10.313881882186944,12.72615852235861,1.0295066590440092,1.2073431585820658,0.8609149213506846,0.5141190774623271,8.102766678406741,28.2326527803496,30,0.9704086593184141,0.6564367226269601,0.31469773627434044,63.20567586532715,22.52962222940434,{}
test,tiny_large,hetero,med,hybrid,1004,1.0,0.9879403695805087,0.5784690208122487,0.9879403695805087,28.959933234855335,50.0,8.0,12.0,1424,1424,0,1412,1130,282,12,0.9915730337078652,0.7935393258426966,22.6,0.2918244174322179,2.4911403805511974,10.313294214646051,12.682362363916923,1.0294536196534485,1.236091754750012,0.8598223566138548,0.5146696451663104,7.987420796905922,27.666792263991542,30,0.9579935622537267,0.6531071768581792,0.3048863853955475,63.99899911045395,22.250347970948127,"{'alpha': 0.1, 'beta': 0.9, 'gamma': 0.0, 'source': 'phase3_tuning'}"
test,tiny_large,hetero,med,binpack,1005,1.0,0.9907931296016174,0.5945732603893723,0.9907931296016174,30.454213643236,50.0,8.0,12.0,1500,1500,0,1492,1207,285,8,0.9946666666666667,0.8046666666666666,24.14,0.35641068135084714,1.7623101579364473,10.396447751763931,12.500288876345621,1.0359076477979923,1.1725039117483471,0.8810530483213213,0.536918420720911,10.445236644291045,27.918974893632477,30,0.9313983149771061,0.6378592574938037,0.3041928581270047,63.260707700836576,23.711400876094903,{}
test,tiny_large,hetero,med,spread,1005,1.0,0.9907931296016174,0.5945732603893723,0.9907931296016174,30.454213643236,50.0,8.0,12.0,1500,1500,0,1491,1206,285,9,0.994,0.804,24.12,0.2891219115760559,1.664298853350715,10.32915898198914,12.373713392922525,1.0290888898041275,1.165728829043747,0.8830296292396121,0.5372179812637655,8.418448627721723,29.650837520229533,30,0.924793474999359,0.5744198536097803,0.3503736213895788,63.33134676804657,23.684953447994815,{}
test,tiny_large,hetero,med,tetris,1005,1.0,0.9907931296016174,0.5945732603893723,0.9907931296016174,30.454213643236,50.0,8.0,12.0,1500,1500,0,1489,1205,284,11,0.9926666666666667,0.8033333333333333,24.1,0.2747899995191365,1.627260498600414,10.314827069932221,12.332176313258538,1.027675711618281,1.1704558750180905,0.8808935899419782,0.537447994393864,7.955419211477096,28.587833340835378,30,0.9060177530646535,0.6420382430923642,0.2666295936771678,63.26276141928008,23.710631125609655,{}
test,tiny_large,hetero,med,hybrid,1005,1.0,0.9907931296016174,0.5945732603893723,0.9907931296016174,30.454213643236,50.0,8.0,12.0,1500,1500,0,1494,1208,286,6,0.996,0.8053333333333333,24.16,0.2696348669875153,1.6394609511340388,10.3096719374006,12.283473917391925,1.0270604473543201,1.165728829043747,0.8802826713334195,0.5376096111490895,7.925155190098085,28.12187650777508,30,0.9394591439463743,0.6456665427508509,0.29480789234869104,63.09863747760363,23.77230412514713,"{'alpha': 0.1, 'beta': 0.9, 'gamma': 0.0, 'source': 'phase3_tuning'}"
test,tiny_large,hetero,med,binpack,1006,1.0,0.9978708773507796,0.5652190432890287,0.9978708773507796,29.280429689619126,50.0,8.0,12.0,1466,1466,0,1454,1153,301,12,0.9918144611186903,0.786493860845839,23.06,0.23971531853448744,1.3682131529812267,10.24348226458087,12.050777012499928,1.024283592980606,1.1422321765549468,0.8728416793328952,0.49764165299501917,6.879583127323267,27.722212041056263,30,0.9795664239754417,0.6146996479736173,0.3652602812400494,61.90688333821507,23.68072693937476,{}
test,tiny_large,hetero,med,spread,1006,1.0,0.9978708773507796,0.5652190432890287,0.9978708773507796,29.280429689619126,50.0,8.0,12.0,1466,1466,0,1452,1150,302,14,0.990450204638472,0.7844474761255116,23.0,0.23586008862217447,1.3799216347750125,10.239627034668558,11.999232108633322,1.023964776882009,1.153963339234423,0.8724655671716083,0.49869758804373127,6.705274062731503,29.664706961854154,30,0.9855219512696387,0.5717669886189877,0.4178837374134026,62.40775812378865,23.490669174369664,{}
test,tiny_large,hetero,med,tetris,1006,1.0,0.9978708773507796,0.5652190432890287,0.9978708773507796,29.280429689619126,50.0,8.0,12.0,1466,1466,0,1443,1148,295,23,0.9843110504774898,0.7830832196452933,22.96,0.2751824507980896,1.6206146062811868,10.278949396844473,12.128798664362186,1.027981367046657,1.1737470887565133,0.8709343490902789,0.49684033560098223,7.799847420147513,28.554587751475665,30,0.9814385661732145,0.5935709184600342,0.38786764771318033,62.67338977196488,23.39110753916445,{}
test,tiny_large,hetero,med,hybrid,1006,1.0,0.9978708773507796,0.5652190432890287,0.9978708773507796,29.280429689619126,50.0,8.0,12.0,1466,1466,0,1447,1147,300,19,0.9870395634379263,0.7824010914051842,22.94,0.27884838754291247,1.9053169861322807,10.282615333589296,12.316176841963035,1.028335670344023,1.1940254733848936,0.8731836617546738,0.4944195100565947,7.986629807769661,28.13015659247453,30,0.9843633271668238,0.6121605919468097,0.37521349460909914,62.09179857558746,23.610203499184593,"{'alpha': 0.1, 'beta': 0.9, 'gamma': 0.0, 'source': 'phase3_tuning'}"
test,tiny_large,hetero,med,binpack,1007,1.0,1.0208009189604974,0.5357618259424655,1.0208009189604974,30.502894532590787,50.0,8.0,12.0,1561,1561,0,1529,1233,296,32,0.9795003203074952,0.7898782831518257,24.66,0.7083861631633419,4.424751527639188,10.717130057301016,14.845245104875147,1.0721632990898655,1.4459462479122331,0.8745093285348828,0.4685835290637682,21.157472962553854,27.438589103706217,30,0.9726596523891683,0.5558247089503265,0.4168349434388418,65.12300888162773,23.970022681804924,{}
test,tiny_large,hetero,med,spread,1007,1.0,1.0208009189604974,0.5357618259424655,1.0208009189604974,30.502894532590787,50.0,8.0,12.0,1561,1561,0,1527,1230,297,34,0.9782190903267136,0.7879564381806534,24.6,0.7598073937733888,5.340116730793433,10.768551287911064,15.49682446892367,1.0775340630330168,1.5455398987859128,0.8695961577569663,0.4647834253191291,22.55165987603721,29.631075221338815,30,0.9665805783519503,0.5449553741345422,0.4219502254953398,64.72661467345971,24.11681821882873,{}
test,tiny_large,hetero,med,tetris,1007,1.0,1.0208009189604974,0.5357618259424655,1.0208009189604974,30.502894532590787,50.0,8.0,12.0,1561,1561,0,1528,1231,297,33,0.9788597053171044,0.7885970531710442,24.62,0.7455121776916755,4.95308075199415,10.754256071829351,15.10334836142006,1.0759981660734743,1.5107327063535083,0.8708687215801645,0.4666478855539974,22.228233208457613,28.96107663298869,30,0.9724701567763776,0.5741496566800592,0.39832050009631836,65.03716258428732,24.001662095528296,{}
test,tiny_large,hetero,med,hybrid,1007,1.0,1.0208009189604974,0.5357618259424655,1.0208009189604974,30.502894532590787,50.0,8.0,12.0,1561,1561,0,1527,1228,299,34,0.9782190903267136,0.7866752081998719,24.56,0.7771555375297359,5.714649468510146,10.785899431667412,15.828384628310395,1.0790797653505129,1.5691791671951698,0.8682532553672841,0.46453586718549766,23.01944510333685,28.42136403908944,30,0.9653376345079998,0.5882479398731104,0.37708969463488945,64.45719786530071,24.217621176491356,"{'alpha': 0.1, 'beta': 0.9, 'gamma': 0.0, 'source': 'phase3_tuning'}"
test,tiny_large,hetero,med,binpack,1008,1.0,1.0065840065393155,0.5615531013710588,1.0065840065393155,28.38592659581841,50.0,8.0,12.0,1431,1431,0,1407,1120,287,24,0.9832285115303984,0.782669461914745,22.4,0.3635351683994743,1.8715251281395808,10.353066745923325,12.551391875589708,1.036838379571505,1.1936885927719916,0.867445629448484,0.496369790587966,9.801124690983107,27.42893618910462,30,0.9752749884805115,0.6242429534857283,0.35221261828572764,63.762605760580506,22.442621077519966,{}
test,tiny_large,hetero,med,spread,1008,1.0,1.0065840065393155,0.5615531013710588,1.0065840065393155,28.38592659581841,50.0,8.0,12.0,1431,1431,0,1400,1117,283,31,0.9783368273934312,0.7805730258560447,22.34,0.4409432224819877,2.708555664971435,10.430474800005838,13.074097999511196,1.0448026568280135,1.276255908586395,0.8648299015304762,0.49261809771225984,11.8566883986986,29.694016029737178,30,0.9777077367626161,0.5869003759886937,0.3908073607739225,63.81979808319745,22.42250904859499,{}
test,tiny_large,hetero,med,tetris,1008,1.0,1.0065840065393155,0.5615531013710588,1.0065840065393155,28.38592659581841,50.0,8.0,12.0,1431,1431,0,1400,1115,285,31,0.9783368273934312,0.7791754018169113,22.3,0.4411396311152611,2.557479744491282,10.430671208639112,12.891643394104328,1.044821975154644,1.264093829793176,0.8653855226484523,0.4920069164205419,11.930532316619376,28.556851186314343,30,0.981453967205372,0.6255182032906583,0.35795758327944743,64.00713777268376,22.35688158845787,{}
test,tiny_large,hetero,med,hybrid,1008,1.0,1.0065840065393155,0.5615531013710588,1.0065840065393155,28.38592659581841,50.0,8.0,12.0,1431,1431,0,1399,1116,283,32,0.9776380153738644,0.779874213836478,22.32,0.4522602191773016,2.922164362312401,10.441791796701152,13.140049176895772,1.0458514650984498,1.2885458345591065,0.863333758478837,0.49049904516231196,12.099915281523725,28.00344994498471,30,0.9807486815444288,0.5977280205283115,0.38344601031623665,64.18223955481,22.295887615108263,"{'alpha': 0.1, 'beta': 0.9, 'gamma': 0.0, 'source': 'phase3_tuning'}"
test,tiny_large,hetero,med,binpack,1009,1.0,0.9999803764597958,0.5145135656304156,0.9999803764597958,29.015639243372608,50.0,8.0,12.0,1450,1450,0,1438,1158,280,12,0.9917241379310345,0.7986206896551724,23.16,0.4970414235342345,3.8213973235854866,10.513546716039677,13.851757920579177,1.0504226673973098,1.3831735255365571,0.8745399456419495,0.4595702919718687,14.19374371249135,27.579811708459193,30,0.9580909983506509,0.5300146242400212,0.4335851976255031,62.72022201622419,23.118540613981253,{}
test,tiny_large,hetero,med,spread,1009,1.0,0.9999803764597958,0.5145135656304156,0.9999803764597958,29.015639243372608,50.0,8.0,12.0,1450,1450,0,1438,1157,281,12,0.9917241379310345,0.7979310344827586,23.14,0.4879972816878016,3.1813660214976807,10.504502574193245,13.551047497706456,1.0494986553431749,1.310559353036915,0.8746472252274402,0.4624456649211052,13.903632293821701,29.715472551963554,30,0.9702707309240248,0.4932669228302433,0.48119264171264814,63.643275355703814,22.78323973579164,{}
test,tiny_large,hetero,med,tetris,1009,1.0,0.9999803764597958,0.5145135656304156,0.9999803764597958,29.015639243372608,50.0,8.0,12.0,1450,1450,0,1427,1152,275,23,0.9841379310344828,0.7944827586206896,23.04,0.5528669307665444,3.197783843550436,10.569372223271987,13.657252756375795,1.056112917114047,1.306941794181293,0.859702716417143,0.4660652367356167,15.18422540535422,28.667997825496897,30,0.9027593290198929,0.5185239156842605,0.3851454375349707,64.78201632634178,22.382755002492853,{}
test,tiny_large,hetero,med,hybrid,1009,1.0,0.9999803764597958,0.5145135656304156,0.9999803764597958,29.015639243372608,50.0,8.0,12.0,1450,1450,0,1436,1155,281,14,0.9903448275862069,0.7965517241379311,23.1,0.5258433305695789,3.441241514251743,10.542348623075021,13.788291426878581,1.0534095098111655,1.3436936345775603,0.8702980029713403,0.46213877491720856,14.849277766616629,28.102518642640998,30,0.9580672153886567,0.5261315456364131,0.4328456939515821,64.32683196475551,22.541138055647615,"{'alpha': 0.1, 'beta': 0.9, 'gamma': 0.0, 'source': 'phase3_tuning'}"
test,tiny_large,hetero,high,binpack,1000,1.3,1.342406782516904,0.78065456627649,1.342406782516904,38.71281092845009,50.0,8.0,12.0,2002,2002,0,1701,1365,336,301,0.8496503496503497,0.6818181818181818,27.3,4.7207079053120395,17.061590233406697,14.692833882376517,27.1295363349942,1.4807991042664463,2.797117228370238,0.9075649641587514,0.5789328172154041,148.7675369539005,28.061133535678213,30,0.9824362332692795,0.6908435676190199,0.2918148956450345,80.6108927205189,24.835353293270323,{}
test,tiny_large,hetero,high,spread,1000,1.3,1.342406782516904,0.78065456627649,1.342406782516904,38.71281092845009,50.0,8.0,12.0,2002,2002,0,1759,1407,352,243,0.8786213786213786,0.7027972027972028,28.14,3.906797634486107,19.20572811343039,13.878923611550585,28.267579400164358,1.39806010481116,2.7469271771734274,0.9114760965968781,0.6000509407475834,122.71536436698935,29.700820235392257,30,0.9897785280119195,0.6953055251444336,0.2944730028674859,80.05910298945251,25.00652549484293,{}
test,tiny_large,hetero,high,tetris,1000,1.3,1.342406782516904,0.78065456627649,1.342406782516904,38.71281092845009,50.0,8.0,12.0,2002,2002,0,1746,1397,349,256,0.8721278721278721,0.6978021978021978,27.94,4.045839710168415,16.216829299007916,14.017965687232893,26.992440236672905,1.412288904107306,2.709585381780653,0.9121433208873231,0.5961413044243062,127.0147067710648,28.916573115357128,30,0.9889645070695239,0.7010661462317641,0.28789836083775977,80.5071796698016,24.867347337357465,{}
test,tiny_large,hetero,high,hybrid,1000,1.3,1.342406782516904,0.78065456627649,1.342406782516904,38.71281092845009,50.0,8.0,12.0,2002,2002,0,1754,1402,352,248,0.8761238761238761,0.7002997002997003,28.04,4.010492956619702,19.24367120881761,13.98261893368418,28.19240055868962,1.4085935666023623,2.745219394999707,0.9097363067301042,0.5988018782425122,126.29715258057968,28.401817175774987,30,0.9875813107584288,0.7103989043110688,0.2774046364421347,80.09704608483973,24.994679552594963,"{'alpha': 0.1, 'beta': 0.9, 'gamma': 0.0, 'source': 'phase3_tuning'}"
test,tiny_large,hetero,high,binpack,1001,1.3,1.2962405472712732,0.8102930618759446,1.2962405472712732,41.09729588462099,50.0,8.0,12.0,2045,2045,0,1814,1437,377,231,0.887041564792176,0.7026894865525672,28.74,3.4446778202324553,14.949643874015138,13.457030875382822,25.55446081822952,1.3483413576688212,2.56011781939334,0.9081441984572329,0.6150121955550191,112.28284791699167,28.019510118322955,30,0.9911403231132884,0.7566958342519804,0.23531673740549625,78.20559228666384,26.14902515543927,{}
test,tiny_large,hetero,high,spread,1001,1.3,1.2962405472712732,0.8102930618759446,1.2962405472712732,41.09729588462099,50.0,8.0,12.0,2045,2045,0,1833,1461,372,212,0.8963325183374083,0.7144254278728607,29.22,3.0561950498923216,15.77281461911609,13.068548105042687,26.261088625123044,1.309163336146237,2.6219464844152647,0.9108583860068741,0.6184896293500295,97.13275498219211,29.75490939802262,30,0.9906393417566245,0.7157788046379356,0.275732785662877,78.11620350869039,26.1789476209311,{}
test,tiny_large,hetero,high,tetris,1001,1.3,1.2962405472712732,0.8102930618759446,1.2962405472712732,41.09729588462099,50.0,8.0,12.0,2045,2045,0,1814,1443,371,231,0.887041564792176,0.7056234718826406,28.86,3.2589311368309906,15.294880254632467,13.271284191981355,25.607978877616375,1.3295304180673182,2.584216076130918,0.9099675516821775,0.6166111951851467,105.12516103328164,28.837195241705775,30,0.9893357430654305,0.744375005427656,0.24660970576026875,77.871169170849,26.261323950501875,{}
test,tiny_large,hetero,high,hybrid,1001,1.3,1.2962405472712732,0.8102930618759446,1.2962405472712732,41.09729588462099,50.0,8.0,12.0,2045,2045,0,1810,1442,368,235,0.8850855745721271,0.7051344743276283,28.84,3.228370035185014,15.770245637125186,13.24072309033538,25.610534676987026,1.3266249435489805,2.59892803182202,0.9107127660605062,0.6151249479990903,103.3990744302781,28.425111497369087,30,0.9903117038186907,0.7544195605436826,0.2369153598609441,78.02481327969035,26.209610943501072,"{'alpha': 0.1, 'beta': 0.9, 'gamma': 0.0, 'source': 'phase3_tuning'}"
test,tiny_large,hetero,high,binpack,1002,1.3,1.3129353713767766,0.850833833935969,1.3129353713767766,41.57706217691064,50.0,8.0,12.0,2098,2098,0,1764,1404,360,334,0.8408007626310772,0.669208770257388,28.08,4.563722201794379,13.520828205437763,14.551366555724956,23.885755149949084,1.4619510592622478,2.383844178458506,0.9087205223258941,0.6315954694730712,152.867453955485,28.334504841047124,30,0.9922034762220986,0.7507085134074534,0.24204446571503702,77.66030439732113,27.015088548537417,{}
test,tiny_large,hetero,high,spread,1002,1.3,1.3129353713767766,0.850833833935969,1.3129353713767766,41.57706217691064,50.0,8.0,12.0,2098,2098,0,1746,1397,349,352,0.8322211630123928,0.6658722592945663,27.94,4.6351944378804,13.398444350881192,14.622838791810976,23.65810160852788,1.469112687065542,2.3500461202507545,0.9085782549985452,0.6273392029591741,153.71545611303046,29.764361233211385,30,0.9888865906782819,0.7328995794219054,0.25653651415676826,77.92610841479608,26.922940753469554,{}
test,tiny_large,hetero,high,tetris,1002,1.3,1.3129353713767766,0.850833833935969,1.3129353713767766,41.57706217691064,50.0,8.0,12.0,2098,2098,0,1774,1419,355,324,0.8455672068636797,0.6763584366062917,28.38,4.284238714282604,12.901846531649376,14.271883068213182,23.305100753504945,1.4335310481107633,2.3553528589253885,0.9129598554105711,0.6351644506894306,142.0975180299118,28.845706189902415,30,0.9877842524695161,0.7559452258462032,0.23474000091478783,77.92960078716672,26.92173421662766,{}
test,tiny_large,hetero,high,hybrid,1002,1.3,1.3129353713767766,0.850833833935969,1.3129353713767766,41.57706217691064,50.0,8.0,12.0,2098,2098,0,1771,1416,355,327,0.844137273593899,0.674928503336511,28.32,4.343488461176913,13.096290673624146,14.331132815107493,23.41438912597483,1.4394293767709523,2.3179247693662233,0.9139425508262642,0.6362366326708772,144.2567266425885,28.40446530901945,30,0.9891091847633606,0.7564787994547018,0.23553135960013377,77.5427398011771,27.05604683790335,"{'alpha': 0.1, 'beta': 0.9, 'gamma': 0.0, 'source': 'phase3_tuning'}"
test,tiny_large,hetero,high,binpack,1003,1.3,1.2410716250301754,0.7011805849223399,1.2410716250301754,40.444238386778736,50.0,8.0,12.0,1928,1928,0,1773,1410,363,155,0.9196058091286307,0.7313278008298755,28.2,2.489827390731502,11.171766779648905,12.48080116151796,21.435664017448318,1.2520390094816802,2.217558459140392,0.9066574545285604,0.5608564211143906,78.7920509861471,27.931820827716727,30,0.9912532055189871,0.7009553827595169,0.29029782275947025,74.73001515744441,25.799539795863904,{}
test,tiny_large,hetero,high,spread,1003,1.3,1.2410716250301754,0.7011805849223399,1.2410716250301754,40.444238386778736,50.0,8.0,12.0,1928,1928,0,1770,1411,359,158,0.9180497925311203,0.7318464730290456,28.22,2.495050264844,10.496229911245322,12.486024035630457,20.968595634866965,1.2526357104444157,2.136204205754913,0.9077337853871852,0.5604094015784503,79.20024043560801,29.78665408375433,30,0.9909346441351818,0.6999756572973304,0.29095898683785143,74.6336145147363,25.832863817942506,{}
test,tiny_large,hetero,high,tetris,1003,1.3,1.2410716250301754,0.7011805849223399,1.2410716250301754,40.444238386778736,50.0,8.0,12.0,1928,1928,0,1774,1414,360,154,0.9201244813278008,0.733402489626556,28.28,2.449452866616778,11.2159866252237,12.440426637403235,21.435664017448318,1.247967631497956,2.2083132293416394,0.9077849303350232,0.5614036840942628,77.19277412178289,29.161386011468558,30,0.990195384912668,0.7058031177970151,0.28439226711565274,74.79826993583602,25.77599724771563,{}
test,tiny_large,hetero,high,hybrid,1003,1.3,1.2410716250301754,0.7011805849223399,1.2410716250301754,40.444238386778736,50.0,8.0,12.0,1928,1928,0,1777,1414,363,151,0.9216804979253111,0.733402489626556,28.28,2.449268125021058,11.094040635568735,12.440241895807514,21.318185929646695,1.248010438224236,2.17055746812799,0.9077311520687996,0.561629595441145,77.25539601765807,28.636959927963392,30,0.9921882492080046,0.6796412721526193,0.3125469770553853,75.07653711178104,25.68045989027719,"{'alpha': 0.1, 'beta': 0.9, 'gamma': 0.0, 'source': 'phase3_tuning'}"
test,tiny_large,hetero,high,binpack,1004,1.3,1.2948102988175954,0.758091003177851,1.2948102988175954,37.64791320531194,50.0,8.0,12.0,1862,1862,0,1639,1304,335,223,0.8802363050483352,0.7003222341568206,26.08,3.4782256762076718,15.839460301733205,13.517834125215812,26.167086035263807,1.3508621666674967,2.6053019140987517,0.9043541228646106,0.566687346811966,101.81580033581544,27.842541853012662,30,0.9912801856281888,0.6836596705309912,0.3076205150971976,77.91922292705814,23.896542214532325,{}
test,tiny_large,hetero,high,spread,1004,1.3,1.2948102988175954,0.758091003177851,1.2948102988175954,37.64791320531194,50.0,8.0,12.0,1862,1862,0,1643,1308,335,219,0.8823845327604726,0.7024704618689581,26.16,3.3910044467191702,16.126943105712456,13.430612895727311,26.435961213390378,1.3420001912540165,2.622913761538612,0.9055300517102093,0.5683540864642809,98.64250170246368,29.656780951836236,30,0.9907635012757422,0.7130770562470623,0.2776864450286799,77.48330491698633,24.030983216254135,{}
test,tiny_large,hetero,high,tetris,1004,1.3,1.2948102988175954,0.758091003177851,1.2948102988175954,37.64791320531194,50.0,8.0,12.0,1862,1862,0,1658,1320,338,204,0.8904403866809882,0.7089151450053706,26.4,3.147286921945841,15.843439364068324,13.186895370953982,26.156154006931956,1.3174552889786213,2.629961973055011,0.907091213832782,0.5743157358867136,90.84072624509925,28.723151538925404,30,0.9920116900945699,0.7137614061037962,0.2782502839907737,77.77118646503722,23.9420289780082,{}
test,tiny_large,hetero,high,hybrid,1004,1.3,1.2948102988175954,0.758091003177851,1.2948102988175954,37.64791320531194,50.0,8.0,12.0,1862,1862,0,1639,1304,335,223,0.8802363050483352,0.7003222341568206,26.08,3.460976912214943,15.634063154957481,13.500585361223083,25.888175953953876,1.3491684960977859,2.566385937831667,0.9051137201466326,0.5674451134971742,101.34589287248174,28.265757494670268,30,0.9888437776175076,0.6881127488845399,0.30188023174509565,78.2967454659618,23.78132052512289,"{'alpha': 0.1, 'beta': 0.9, 'gamma': 0.0, 'source': 'phase3_tuning'}"
test,tiny_large,hetero,high,binpack,1005,1.3,1.2842526030501713,0.7681902185651975,1.2842526030501713,39.5904777362068,50.0,8.0,12.0,1944,1944,0,1682,1337,345,262,0.8652263374485597,0.6877572016460906,26.74,4.537816988524971,10.758252338686496,14.584111875931072,21.539598643012766,1.4567749694245034,2.1529444885218436,0.9145946463884448,0.5907936244273745,148.97116084183907,28.296200124796055,30,0.9839430374871242,0.736797552512744,0.25122314927500133,76.79345914877102,25.31465598175377,{}
test,tiny_large,hetero,high,spread,1005,1.3,1.2842526030501713,0.7681902185651975,1.2842526030501713,39.5904777362068,50.0,8.0,12.0,1944,1944,0,1718,1365,353,226,0.8837448559670782,0.7021604938271605,27.3,3.8545054292668834,12.110209562299762,13.900800316672983,22.35410597070853,1.3876565642422753,2.267962382597044,0.9210199395625246,0.5962214652100086,125.34632631988696,29.712013751581477,30,0.9850828670323487,0.7320127438641949,0.25360508332565374,76.9389278574061,25.266793470307913,{}
test,tiny_large,hetero,high,tetris,1005,1.3,1.2842526030501713,0.7681902185651975,1.2842526030501713,39.5904777362068,50.0,8.0,12.0,1944,1944,0,1705,1358,347,239,0.8770576131687243,0.698559670781893,27.16,3.985935130115571,11.868182362298619,14.032230017521673,22.165827861840214,1.4009472138353982,2.2442898390367967,0.9209334383602468,0.593965585262221,129.505967476654,28.8454665978433,30,0.9885564447953659,0.7259110329083982,0.2626454118869676,76.65945151362138,25.358908283534703,{}
test,tiny_large,hetero,high,hybrid,1005,1.3,1.2842526030501713,0.7681902185651975,1.2842526030501713,39.5904777362068,50.0,8.0,12.0,1944,1944,0,1680,1334,346,264,0.8641975308641975,0.6862139917695473,26.68,4.384657724162809,12.336207735067987,14.43095261156891,22.269361035310986,1.441168015168582,2.2718342143957244,0.9199105280822577,0.585640098190167,142.5809980148012,28.458471653624123,30,0.9878365975253683,0.7252483018115877,0.26457593523789424,76.73561229166756,25.333739341402136,"{'alpha': 0.1, 'beta': 0.9, 'gamma': 0.0, 'source': 'phase3_tuning'}"
test,tiny_large,hetero,high,binpack,1006,1.3,1.3118496158219646,0.7434613396065791,1.3118496158219646,38.06455859650487,50.0,8.0,12.0,1917,1917,0,1583,1264,319,334,0.8257694314032342,0.6593635889410537,25.28,4.855313126586625,14.909825151524636,14.848442214644205,25.245792061240792,1.491808023176702,2.5620219928385533,0.9173795182949418,0.5482270445517277,145.23769802775615,28.268487078843954,30,0.9917394852543459,0.6505595150663009,0.3411799701880449,77.2513273339654,24.8151075995447,{}
test,tiny_large,hetero,high,spread,1006,1.3,1.3118496158219646,0.7434613396065791,1.3118496158219646,38.06455859650487,50.0,8.0,12.0,1917,1917,0,1601,1283,318,316,0.8351591027647366,0.6692749087115284,25.66,4.392761739197414,14.543818977571263,14.385890827254991,24.737889290177666,1.4446307844716435,2.501213298776934,0.9212248888833802,0.5588279989355208,131.47581374215474,29.769784251667872,30,0.992123756842488,0.6076991643620991,0.3844245924803888,77.61222254545629,24.69971786824224,{}
test,tiny_large,hetero,high,tetris,1006,1.3,1.3118496158219646,0.7434613396065791,1.3118496158219646,38.06455859650487,50.0,8.0,12.0,1917,1917,0,1613,1290,323,304,0.8414188836724048,0.672926447574335,25.8,4.359496910018153,14.94269817743713,14.352625998075732,25.284191707460074,1.4411907520171685,2.535920712680462,0.9190459788586736,0.5579862282287409,130.01079206395207,28.913965338549055,30,0.990600812017471,0.6419791942585361,0.34862161775893485,77.84267245517253,24.626595407601762,{}
test,tiny_large,hetero,high,hybrid,1006,1.3,1.3118496158219646,0.7434613396065791,1.3118496158219646,38.06455859650487,50.0,8.0,12.0,1917,1917,0,1583,1266,317,334,0.8257694314032342,0.6604068857589984,25.32,4.75850370572678,14.790641691378603,14.751632793784358,24.937445689494943,1.4819905023425666,2.5413288855680465,0.9189867872185098,0.547702074206657,142.0845224847835,28.4917490137735,30,0.9891923497162729,0.639477515215819,0.34971483450045393,77.07377337859455,24.872273874324183,"{'alpha': 0.1, 'beta': 0.9, 'gamma': 0.0, 'source': 'phase3_tuning'}"
test,tiny_large,hetero,high,binpack,1007,1.3,1.3475390125798212,0.7064064781471122,1.3475390125798212,39.65376289236802,50.0,8.0,12.0,2055,2055,0,1702,1355,347,353,0.8282238442822385,0.6593673965936739,27.1,5.576399332114784,16.258861690954184,15.5776498745123,26.228751228275954,1.5664275442418536,2.6771881349325577,0.9119460731712976,0.5030018246853868,183.05956557426228,27.97811791986589,30,0.9918074050540547,0.6192289572133762,0.37257844784067856,79.95302581425396,25.702591979122275,{}
test,tiny_large,hetero,high,spread,1007,1.3,1.3475390125798212,0.7064064781471122,1.3475390125798212,39.65376289236802,50.0,8.0,12.0,2055,2055,0,1721,1371,350,334,0.8374695863746958,0.6671532846715329,27.42,5.253973100362905,16.190536568096697,15.255223642760422,26.654480057513332,1.533882388333109,2.7263490786810927,0.9126399386231115,0.5074017090053329,171.72986989944496,29.718298898479198,30,0.9902321300016728,0.6064885258191592,0.3837436041825137,80.3531305611435,25.574610293948396,{}
test,tiny_large,hetero,high,tetris,1007,1.3,1.3475390125798212,0.7064064781471122,1.3475390125798212,39.65376289236802,50.0,8.0,12.0,2055,2055,0,1731,1379,352,324,0.8423357664233576,0.6710462287104623,27.58,5.2760456695673446,15.955439588798356,15.277296211964861,26.540958774385253,1.5357563522348145,2.714468026072322,0.9130914347202973,0.505396781482911,173.04221328411265,29.02305998075602,30,0.9911856859436188,0.617566884992023,0.37361880095159583,80.49524028050566,25.52945978965765,{}
test,tiny_large,hetero,high,hybrid,1007,1.3,1.3475390125798212,0.7064064781471122,1.3475390125798212,39.65376289236802,50.0,8.0,12.0,2055,2055,0,1727,1375,352,328,0.840389294403893,0.6690997566909975,27.5,5.250335733724456,16.21547341171746,15.251586276121971,26.62254522195071,1.5332636314701693,2.713188346247403,0.9137424547147178,0.5073084189894804,171.8797829710028,28.708004472054082,30,0.9920260346530166,0.6195904518936209,0.37243558275939564,79.96180217019626,25.699770943456166,"{'alpha': 0.1, 'beta': 0.9, 'gamma': 0.0, 'source': 'phase3_tuning'}"
test,tiny_large,hetero,high,binpack,1008,1.3,1.2931759274216248,0.7235757490085848,1.2931759274216248,36.90170457456394,50.0,8.0,12.0,1846,1846,0,1595,1270,325,251,0.8640303358613218,0.6879739978331527,25.4,4.31666114001044,13.407930452743926,14.292082121479146,23.575854233202087,1.441368378950845,2.456447900594433,0.9053819698359742,0.5620728762626848,130.40191423277048,28.111283284509113,30,0.984876678578026,0.6451830212654436,0.3396936573125824,77.70095360370439,23.757752181718296,{}
test,tiny_large,hetero,high,spread,1008,1.3,1.2931759274216248,0.7235757490085848,1.2931759274216248,36.90170457456394,50.0,8.0,12.0,1846,1846,0,1614,1291,323,232,0.8743228602383532,0.699349945828819,25.82,3.992037597043293,13.043470508289403,13.967458578512,23.312584036019885,1.408254590854748,2.413099994293095,0.9120626300809864,0.5643457849304734,120.53749793786893,29.773128161937105,30,0.9900380436145094,0.646676634939449,0.34454199196600493,77.20442000950523,23.910548123704896,{}
test,tiny_large,hetero,high,tetris,1008,1.3,1.2931759274216248,0.7235757490085848,1.2931759274216248,36.90170457456394,50.0,8.0,12.0,1846,1846,0,1608,1285,323,238,0.8710725893824486,0.6960996749729144,25.7,3.8979579140143334,13.70382673870484,13.87337889548304,22.778388148555756,1.3986139687415644,2.3341121045191215,0.9133702080431925,0.5682329215059471,117.30509066433964,28.608524460552676,30,0.9913266363333578,0.6499115686630542,0.3418404169704229,77.04997283109539,23.958476975023693,{}
test,tiny_large,hetero,high,hybrid,1008,1.3,1.2931759274216248,0.7235757490085848,1.2931759274216248,36.90170457456394,50.0,8.0,12.0,1846,1846,0,1602,1283,319,244,0.8678223185265439,0.6950162513542795,25.66,3.9776716826645124,13.443107551267822,13.953092664133218,22.71336306570325,1.4066541597226134,2.299224199496113,0.9111739380375903,0.5663800593193171,119.26380814240743,28.33199893720224,30,0.9893320480969422,0.6521457453785126,0.3387922353094933,76.8677326772479,24.01527839712642,"{'alpha': 0.1, 'beta': 0.9, 'gamma': 0.0, 'source': 'phase3_tuning'}"
test,tiny_large,hetero,high,binpack,1009,1.3,1.315947494178199,0.6713745289019458,1.315947494178199,37.72033101638439,50.0,8.0,12.0,1905,1905,0,1655,1307,348,250,0.868766404199475,0.6860892388451444,26.14,4.21614358933308,14.371086906878496,14.21215733536942,25.35673911546955,1.4260186507781716,2.5846201186880418,0.9164546642493314,0.5154571898526473,131.53508012475442,28.070816853245493,30,0.9889592116287668,0.6009685159571732,0.3911395085531726,77.84718026597864,24.47102121735471,{}
test,tiny_large,hetero,high,spread,1009,1.3,1.315947494178199,0.6713745289019458,1.315947494178199,37.72033101638439,50.0,8.0,12.0,1905,1905,0,1645,1300,345,260,0.863517060367454,0.6824146981627297,26.0,4.308589488188573,14.757663228310697,14.304603234224915,25.507194046622722,1.4355563251060246,2.590004790491892,0.9175699441486862,0.5125480494620288,133.9432602626594,29.76787044082636,30,0.9910817606659684,0.5960726979325367,0.3950090627334317,77.7807394834397,24.49192451308069,{}
test,tiny_large,hetero,high,tetris,1009,1.3,1.315947494178199,0.6713745289019458,1.315947494178199,37.72033101638439,50.0,8.0,12.0,1905,1905,0,1646,1312,334,259,0.8640419947506561,0.6887139107611548,26.24,3.980657544375919,15.021373376840351,13.976671290412261,25.45659507455992,1.4021011856103527,2.637516712561747,0.9156480525642132,0.5149683470573501,122.26166957842746,29.03411276595047,30,0.990517479485628,0.5940916184375352,0.39642586104809274,77.75235846018519,24.500864510437932,{}
test,tiny_large,hetero,high,hybrid,1009,1.3,1.315947494178199,0.6713745289019458,1.315947494178199,37.72033101638439,50.0,8.0,12.0,1905,1905,0,1644,1301,343,261,0.862992125984252,0.6829396325459317,26.02,4.258564826669649,14.623678276964299,14.254578572705991,25.422433271816317,1.4306217432214288,2.584148632425934,0.9175156649092422,0.5126772235620362,131.8232225375859,28.61490825588511,30,0.9919330895593829,0.6020890941290986,0.3898439954302841,77.72356488050721,24.50994113469655,"{'alpha': 0.1, 'beta': 0.9, 'gamma': 0.0, 'source': 'phase3_tuning'}"
test,drift,homog,low,binpack,1000,0.7,0.7080861154075453,0.42705449573110166,0.7080861154075453,16.128,50.0,8.0,12.0,825,825,0,825,659,166,0,1.0,0.7987878787878788,13.18,0.3188884505603317,1.7019862000813681,10.254183414342831,12.385784429045259,1.0329329550274327,1.1726747782528877,0.6701511717802799,0.36644251755198526,5.261659434245477,24.75222719364334,22,0.39861111111111114,0.6222916666666667,0.23006944444444447,61.79685552500513,13.350193840626352,{}
test,drift,homog,low,spread,1000,0.7,0.7080861154075453,0.42705449573110166,0.7080861154075453,16.128,50.0,8.0,12.0,825,825,0,825,659,166,0,1.0,0.7987878787878788,13.18,0.32534622001615493,1.7193303126124206,10.260641183798654,12.396665780715956,1.03356896930555,1.182864577214519,0.6701511717802788,0.36644251755198504,5.368212630266555,29.31700029116426,30,0.39861111111111114,0.6222916666666667,0.2734027777777778,61.79685552500513,13.350193840626352,{}
test,drift,homog,low,tetris,1000,0.7,0.7080861154075453,0.42705449573110166,0.7080861154075453,16.128,50.0,8.0,12.0,825,825,0,825,659,166,0,1.0,0.7987878787878788,13.18,0.41460764033921954,1.9761240977353545,10.34990260412172,12.753424664727643,1.0426796100689664,1.2228675795749293,0.6701511717802796,0.366442517551985,6.841026065597119,29.317000291164266,30,0.39861111111111114,0.6222916666666667,0.22368055555555558,61.79685552500513,13.350193840626352,{}
test,drift,homog,low,hybrid,1000,0.7,0.7080861154075453,0.42705449573110166,0.7080861154075453,16.128,50.0,8.0,12.0,825,825,0,825,659,166,0,1.0,0.7987878787878788,13.18,0.3972051589692704,1.9328607563993359,10.332500122751771,12.753424664727643,1.0407908272102666,1.2095893114110026,0.670151171780279,0.3664425175519851,6.553885122992959,28.815360454390984,30,0.39861111111111114,0.6222916666666667,0.22368055555555555,61.79685552500513,13.350193840626352,"{'alpha': 0.1, 'beta': 0.9, 'gamma': 0.0, 'source': 'phase3_tuning'}"
test,drift,homog,low,binpack,1001,0.7,0.6966584634510252,0.41916323731875926,0.6966584634510252,16.128,50.0,8.0,12.0,803,803,0,803,652,151,0,1.0,0.8119551681195517,13.04,0.11915852978371312,0.9105668802324125,10.140183800079,11.92210785311416,1.0119851940996623,1.0898719840533668,0.6619676842332254,0.3639420111786233,1.9136859883264339,24.86007456414766,20,0.3392361111111111,0.5641666666666667,0.22645833333333334,60.67168807650542,13.235168254877594,{}
test,drift,homog,low,spread,1001,0.7,0.6966584634510252,0.41916323731875926,0.6966584634510252,16.128,50.0,8.0,12.0,803,803,0,803,652,151,0,1.0,0.8119551681195517,13.04,0.15230512403395177,1.1452483018767943,10.17333039432924,11.94602954662627,1.0154259297364383,1.1161217527023397,0.6619676842332259,0.3639420111786233,2.446020291985265,29.468569584822273,30,0.3392361111111111,0.5641666666666667,0.2271527777777778,60.67168807650542,13.235168254877594,{}
test,drift,homog,low,tetris,1001,0.7,0.6966584634510252,0.41916323731875926,0.6966584634510252,16.128,50.0,8.0,12.0,803,803,0,803,652,151,0,1.0,0.8119551681195517,13.04,0.20378497502275594,1.3149858967464638,10.224810245318043,12.110867281736677,1.0205381956851343,1.1325414474408673,0.6619676842332257,0.36394201117862335,3.2727866988654597,29.468569584822262,30,0.3392361111111111,0.5641666666666667,0.22493055555555552,60.67168807650542,13.235168254877594,{}
test,drift,homog,low,hybrid,1001,0.7,0.6966584634510252,0.41916323731875926,0.6966584634510252,16.128,50.0,8.0,12.0,803,803,0,803,652,151,0,1.0,0.8119551681195517,13.04,0.20403771937906348,1.799279994639555,10.22506298967435,12.13430639992536,1.0206263141115832,1.175593688958557,0.6619676842332263,0.36394201117862324,3.276845773227762,29.266931151719874,30,0.3392361111111111,0.5641666666666667,0.2253472222222222,60.67168807650542,13.235168254877594,"{'alpha': 0.1, 'beta': 0.9, 'gamma': 0.0, 'source': 'phase3_tuning'}"
test,drift,homog,low,binpack,1002,0.7,0.697906526245744,0.4178754115729255,0.697906526245744,16.128,50.0,8.0,12.0,803,803,0,803,641,162,0,1.0,0.7982565379825654,12.82,0.3493289770242316,2.0769856283378427,10.323652333965361,12.88796158891715,1.0350550609474143,1.2113013296374733,0.658711456764349,0.34805528866414476,5.610223371009158,24.734103758814154,21,0.3578125,0.6290625,0.27125,61.30076799054342,13.099346489816817,{}
test,drift,homog,low,spread,1002,0.7,0.697906526245744,0.4178754115729255,0.697906526245744,16.128,50.0,8.0,12.0,803,803,0,803,641,162,0,1.0,0.7982565379825654,12.82,0.3463366436940618,2.1212163488455307,10.320660000635192,12.718417564784257,1.0347948609151456,1.2171179931157126,0.6587114567643491,0.34805528866414503,5.562166497726635,29.513936369376474,30,0.3578125,0.6290625,0.2847222222222222,61.30076799054342,13.099346489816817,{}
test,drift,homog,low,tetris,1002,0.7,0.697906526245744,0.4178754115729255,0.697906526245744,16.128,50.0,8.0,12.0,803,803,0,803,641,162,0,1.0,0.7982565379825654,12.82,0.4804155777634933,2.474231590900743,10.454738934704624,13.262052689513812,1.0482104579706975,1.250741755104117,0.6587114567643492,0.3480552886641448,7.715474178881697,29.44750321704329,30,0.3578125,0.6290625,0.27125,61.30076799054342,13.099346489816817,{}
test,drift,homog,low,hybrid,1002,0.7,0.697906526245744,0.4178754115729255,0.697906526245744,16.128,50.0,8.0,12.0,803,803,0,803,641,162,0,1.0,0.7982565379825654,12.82,0.4243469458629345,2.4070498844336985,10.398670302804064,13.188241500848324,1.0425963801447304,1.2568585138944888,0.658711456764349,0.3480552886641448,6.815011950558724,28.953957831271605,30,0.3578125,0.6290625,0.27125,61.30076799054342,13.099346489816817,"{'alpha': 0.1, 'beta': 0.9, 'gamma': 0.0, 'source': 'phase3_tuning'}"
test,drift,homog,low,binpack,1003,0.7,0.6583776844953837,0.39580883390061417,0.6583776844953837,16.128,50.0,8.0,12.0,761,761,0,761,587,174,0,1.0,0.771353482260184,11.74,0.013195556696792387,0.0,10.002210347182102,11.871628423513776,1.001277393193971,1.0000000000000004,0.6179021915232444,0.32648781875399374,0.20083637292518014,23.677200361408524,20,0.37864583333333335,0.6509375,0.27229166666666665,61.04014451935472,12.467205082692765,{}
test,drift,homog,low,spread,1003,0.7,0.6583776844953837,0.39580883390061417,0.6583776844953837,16.128,50.0,8.0,12.0,761,761,0,761,587,174,0,1.0,0.771353482260184,11.74,0.0339711850220358,0.1383900948832899,10.022985975507343,11.889960956644643,1.003252952446785,1.012541817142813,0.6179021915232442,0.3264878187539938,0.5170414360353849,29.54839923178984,30,0.37864583333333335,0.6509375,0.29006944444444444,61.04014451935472,12.467205082692765,{}
test,drift,homog,low,tetris,1003,0.7,0.6583776844953837,0.39580883390061417,0.6583776844953837,16.128,50.0,8.0,12.0,761,761,0,761,587,174,0,1.0,0.771353482260184,11.74,0.03875300195270278,0.11276611847959472,10.027767792438011,11.889960956644643,1.003702452792337,1.012967717581852,0.6179021915232443,0.32648781875399374,0.5898206897201365,29.512906585572058,30,0.37864583333333335,0.6509375,0.27229166666666665,61.04014451935472,12.467205082692765,{}
test,drift,homog,low,hybrid,1003,0.7,0.6583776844953837,0.39580883390061417,0.6583776844953837,16.128,50.0,8.0,12.0,761,761,0,761,587,174,0,1.0,0.771353482260184,11.74,0.039421517507615265,0.1374998886643457,10.028436307992923,11.894448438486371,1.0037682943487065,1.0159517949271417,0.6179021915232444,0.3264878187539938,0.5999954964659042,28.979434184077988,30,0.37864583333333335,0.6509375,0.27270833333333333,61.04014451935472,12.467205082692765,"{'alpha': 0.1, 'beta': 0.9, 'gamma': 0.0, 'source': 'phase3_tuning'}"
test,drift,homog,low,binpack,1004,0.7,0.7075464940715857,0.42128887956937033,0.7075464940715857,16.128,50.0,8.0,12.0,809,809,0,809,654,155,0,1.0,0.8084054388133498,13.08,0.24507104557522347,1.7499496672775159,10.28152722701862,12.43034556021677,1.0247060212163484,1.1754866175402818,0.6715480310555377,0.3618149208462926,3.9652495174071176,24.86909163695121,21,0.3446180555555555,0.5880208333333333,0.24868055555555554,61.75579222787554,13.099985779711702,{}
test,drift,homog,low,spread,1004,0.7,0.7075464940715857,0.42128887956937033,0.7075464940715857,16.128,50.0,8.0,12.0,809,809,0,809,654,155,0,1.0,0.8084054388133498,13.08,0.26065031112898795,1.5589662658829706,10.297106492572384,12.508284365168937,1.026154620230914,1.1682333611711737,0.6715480310555363,0.36181492084629246,4.217322034067024,29.293731246454573,30,0.3446180555555555,0.5880208333333333,0.2515972222222222,61.75579222787554,13.099985779711702,{}
test,drift,homog,low,tetris,1004,0.7,0.7075464940715857,0.42128887956937033,0.7075464940715857,16.128,50.0,8.0,12.0,809,809,0,809,654,155,0,1.0,0.8084054388133498,13.08,0.3056020237022823,1.7313739279047962,10.342058205145678,12.681338445031571,1.0306898496100574,1.1701948968591855,0.6715480310555361,0.3618149208462926,4.944640743502934,29.293731246454545,30,0.3446180555555555,0.5880208333333333,0.24340277777777775,61.75579222787554,13.099985779711702,{}
test,drift,homog,low,hybrid,1004,0.7,0.7075464940715857,0.42128887956937033,0.7075464940715857,16.128,50.0,8.0,12.0,809,809,0,809,654,155,0,1.0,0.8084054388133498,13.08,0.27270986108388195,1.7313739279047962,10.309166042527279,12.465111089347813,1.0274419043173255,1.1707156254797215,0.6715480310555364,0.36181492084629263,4.412445552337214,29.15873198092322,30,0.3446180555555555,0.5880208333333333,0.24340277777777777,61.75579222787554,13.099985779711702,"{'alpha': 0.1, 'beta': 0.9, 'gamma': 0.0, 'source': 'phase3_tuning'}"
test,drift,homog,low,binpack,1005,0.7,0.7068033149880383,0.4231288903372859,0.7068033149880383,16.128,50.0,8.0,12.0,811,811,0,811,655,156,0,1.0,0.8076448828606658,13.1,0.4141580119353582,4.142243398670846,10.424362914871715,14.01442991364926,1.0415233203458754,1.4173498929478816,0.6644117598890898,0.35293406020070406,6.717642953591508,24.67431027452211,20,0.378125,0.6168750000000001,0.24055555555555555,61.36974442003305,13.214980894319378,{}
test,drift,homog,low,spread,1005,0.7,0.7068033149880383,0.4231288903372859,0.7068033149880383,16.128,50.0,8.0,12.0,811,811,0,811,655,156,0,1.0,0.8076448828606658,13.1,0.4469730963556118,4.36365723374834,10.45717799929197,14.318559193081835,1.0448173629654056,1.4348171103838443,0.6644117598890885,0.35293406020070384,7.249903622888029,29.40179151772317,30,0.378125,0.6168750000000001,0.2751388888888889,61.36974442003305,13.214980894319378,{}
test,drift,homog,low,tetris,1005,0.7,0.7068033149880383,0.4231288903372859,0.7068033149880383,16.128,50.0,8.0,12.0,811,811,0,811,655,156,0,1.0,0.8076448828606658,13.1,0.5307316855973516,5.97965447144599,10.540936588533707,15.560628700806536,1.053027798071671,1.558908972039855,0.6644117598890886,0.3529340602007037,8.60846794038905,29.40179151772315,30,0.378125,0.6168750000000001,0.23875,61.36974442003305,13.214980894319378,{}
test,drift,homog,low,hybrid,1005,0.7,0.7068033149880383,0.4231288903372859,0.7068033149880383,16.128,50.0,8.0,12.0,811,811,0,811,655,156,0,1.0,0.8076448828606658,13.1,0.492152309795142,5.039569683042616,10.5023572127315,15.245000807943278,1.0491906874385335,1.4960531701455464,0.6644117598890885,0.35293406020070384,7.982710464877208,29.216735487812613,30,0.378125,0.6168750000000001,0.23916666666666664,61.36974442003305,13.214980894319378,"{'alpha': 0.1, 'beta': 0.9, 'gamma': 0.0, 'source': 'phase3_tuning'}"
test,drift,homog,low,binpack,1006,0.7,0.7031364590571728,0.4249319992596561,0.7031364590571728,16.128,50.0,8.0,12.0,809,809,0,809,650,159,0,1.0,0.8034610630407911,13.0,0.27271317159760544,1.6720716801783482,10.308413863998862,12.457552494054044,1.0272767079499443,1.1642224759982434,0.6663660118442081,0.36061330722397694,4.412499116449255,24.908743214896987,20,0.35885416666666664,0.6190625,0.2602083333333333,61.9209388564298,13.065047380430576,{}
test,drift,homog,low,spread,1006,0.7,0.7031364590571728,0.4249319992596561,0.7031364590571728,16.128,50.0,8.0,12.0,809,809,0,809,650,159,0,1.0,0.8034610630407911,13.0,0.2644294552055675,1.6720716801783482,10.300130147606824,12.477187166428546,1.0263853653145756,1.1640453362425929,0.6663660118442079,0.3606133072239768,4.278468585226083,29.550712544354084,30,0.35885416666666664,0.6190625,0.2779861111111111,61.9209388564298,13.065047380430576,{}
test,drift,homog,low,tetris,1006,0.7,0.7031364590571728,0.4249319992596561,0.7031364590571728,16.128,50.0,8.0,12.0,809,809,0,809,650,159,0,1.0,0.8034610630407911,13.0,0.3078024725269854,2.0573684493308715,10.34350316492824,12.63625605315421,1.0308498150461702,1.2098432295395198,0.6663660118442075,0.36061330722397694,4.98024400548662,29.55071254435409,30,0.35885416666666664,0.6190625,0.2602083333333333,61.9209388564298,13.065047380430576,{}
test,drift,homog,low,hybrid,1006,0.7,0.7031364590571728,0.4249319992596561,0.7031364590571728,16.128,50.0,8.0,12.0,809,809,0,809,650,159,0,1.0,0.8034610630407911,13.0,0.31613296537688185,1.8882750616627852,10.351833657778139,12.581155115123448,1.0316609549563671,1.1914133824319706,0.6663660118442073,0.3606133072239773,5.115031379797946,28.903504732403515,30,0.35885416666666664,0.6190625,0.2602083333333333,61.9209388564298,13.065047380430576,"{'alpha': 0.1, 'beta': 0.9, 'gamma': 0.0, 'source': 'phase3_tuning'}"
test,drift,homog,low,binpack,1007,0.7,0.7635490711634308,0.45551471172370483,0.7635490711634308,16.128,50.0,8.0,12.0,874,874,0,874,669,205,0,1.0,0.7654462242562929,13.38,0.4924907469908195,2.599053347419396,10.514627217854924,13.294295261718991,1.0498457976785354,1.2617079214501221,0.7192381439836388,0.37472601175730824,8.608738257399532,25.80724118325364,28,0.44548611111111114,0.8129166666666666,0.3674305555555556,61.32978647878831,14.250824113047974,{}
test,drift,homog,low,spread,1007,0.7,0.7635490711634308,0.45551471172370483,0.7635490711634308,16.128,50.0,8.0,12.0,874,874,0,874,669,205,0,1.0,0.7654462242562929,13.38,0.48423827097329153,2.6636055455420724,10.506374741837398,13.36473226965234,1.0490191300260376,1.2741910508366252,0.7192381439836368,0.37472601175730874,8.464484976613141,29.359294314823284,30,0.44548611111111114,0.8129166666666666,0.37909722222222225,61.32978647878831,14.250824113047974,{}
test,drift,homog,low,tetris,1007,0.7,0.7635490711634308,0.45551471172370483,0.7635490711634308,16.128,50.0,8.0,12.0,874,874,0,874,669,205,0,1.0,0.7654462242562929,13.38,0.4822349080958993,2.6495023677898537,10.504371378960006,13.294206577653625,1.0488071545856916,1.2680990040008482,0.7192381439836366,0.37472601175730824,8.429466193516319,29.359294314823273,30,0.44548611111111114,0.8129166666666666,0.3674305555555556,61.32978647878831,14.250824113047974,{}
test,drift,homog,low,hybrid,1007,0.7,0.7635490711634308,0.45551471172370483,0.7635490711634308,16.128,50.0,8.0,12.0,874,874,0,874,669,205,0,1.0,0.7654462242562929,13.38,0.4992576666397582,2.7153768960524474,10.521394137503863,13.497234634088372,1.0505639262172035,1.2858882563309424,0.7192381439836383,0.37472601175730835,8.727024012862982,29.04880607338275,30,0.44548611111111114,0.8129166666666666,0.37006944444444445,61.32978647878831,14.250824113047974,"{'alpha': 0.1, 'beta': 0.9, 'gamma': 0.0, 'source': 'phase3_tuning'}"
test,drift,homog,low,binpack,1008,0.7,0.6992688264910026,0.41671157175380763,0.6992688264910026,16.128,50.0,8.0,12.0,803,803,0,803,647,156,0,1.0,0.8057285180572852,12.94,0.19997359520530722,1.2166630570876542,10.174083320169176,11.995527972109215,1.0202163008827771,1.1178249627979921,0.6592071499532595,0.3460003896589143,3.2115759389972336,24.273370912505584,22,0.38333333333333336,0.65125,0.27749999999999997,61.54136139030328,13.048135138045941,{}
test,drift,homog,low,spread,1008,0.7,0.6992688264910026,0.41671157175380763,0.6992688264910026,16.128,50.0,8.0,12.0,803,803,0,803,647,156,0,1.0,0.8057285180572852,12.94,0.2319848881299272,1.3692349068599885,10.206094613093796,12.099479178146899,1.0234193187778375,1.1426830922587283,0.6592071499532609,0.3460003896589145,3.7256773033666275,29.487525191090757,30,0.38333333333333336,0.65125,0.28111111111111114,61.54136139030328,13.048135138045941,{}
test,drift,homog,low,tetris,1008,0.7,0.6992688264910026,0.41671157175380763,0.6992688264910026,16.128,50.0,8.0,12.0,803,803,0,803,647,156,0,1.0,0.8057285180572852,12.94,0.24094407753723765,1.2754756143325992,10.215053802501107,12.267359488398794,1.0242769247581123,1.1362004005358013,0.6592071499532604,0.34600038965891433,3.869561885248034,29.487525191090768,30,0.38333333333333336,0.65125,0.26791666666666664,61.54136139030328,13.048135138045941,{}
test,drift,homog,low,hybrid,1008,0.7,0.6992688264910026,0.41671157175380763,0.6992688264910026,16.128,50.0,8.0,12.0,803,803,0,803,647,156,0,1.0,0.8057285180572852,12.94,0.2586948384934653,1.5308240021193154,10.232804563457334,12.40117252930949,1.0260839728818087,1.152369542498696,0.6592071499532612,0.3460003896589142,4.154639106205051,28.978289363663176,30,0.38333333333333336,0.65125,0.26791666666666664,61.54136139030328,13.048135138045941,"{'alpha': 0.1, 'beta': 0.9, 'gamma': 0.0, 'source': 'phase3_tuning'}"
test,drift,homog,low,binpack,1009,0.7,0.715876204778476,0.43008230030408845,0.715876204778476,16.128,50.0,8.0,12.0,824,824,0,824,654,170,0,1.0,0.7936893203883495,13.08,0.41608916075913804,2.484977180419964,10.411178005376765,13.01095426693129,1.0420157334847233,1.2599254073545292,0.6789898930089693,0.36638569428277457,6.857149369310592,24.96537615462054,22,0.36961805555555555,0.6667708333333333,0.29715277777777777,61.63549372274991,13.368920247585496,{}
test,drift,homog,low,spread,1009,0.7,0.715876204778476,0.43008230030408845,0.715876204778476,16.128,50.0,8.0,12.0,824,824,0,824,654,170,0,1.0,0.7936893203883495,13.08,0.43739997389974555,2.5404794644631075,10.43248881851737,12.907193241533736,1.0441101141560691,1.2685245325909489,0.6789898930089707,0.3663856942827741,7.208351569867809,29.507730948278518,30,0.36961805555555555,0.6667708333333333,0.31993055555555555,61.63549372274991,13.368920247585496,{}
test,drift,homog,low,tetris,1009,0.7,0.715876204778476,0.43008230030408845,0.715876204778476,16.128,50.0,8.0,12.0,824,824,0,824,654,170,0,1.0,0.7936893203883495,13.08,0.48107082586831973,2.6307707944301164,10.476159670485947,13.355897212004418,1.048577086481014,1.2701685254115793,0.6789898930089698,0.3663856942827741,7.928047210309901,29.507730948278553,30,0.36961805555555555,0.6667708333333333,0.29715277777777777,61.63549372274991,13.368920247585496,{}
test,drift,homog,low,hybrid,1009,0.7,0.715876204778476,0.43008230030408845,0.715876204778476,16.128,50.0,8.0,12.0,824,824,0,824,654,170,0,1.0,0.7936893203883495,13.08,0.47359943078540007,2.767555342737527,10.468688275403027,13.355897212004418,1.0479001233033618,1.2852521884163948,0.6789898930089708,0.366385694282774,7.804918619343398,29.20048790450898,30,0.36961805555555555,0.6667708333333333,0.29715277777777777,61.63549372274991,13.368920247585496,"{'alpha': 0.1, 'beta': 0.9, 'gamma': 0.0, 'source': 'phase3_tuning'}"
test,drift,homog,med,binpack,1000,1.0,1.050371094578235,0.6343697847064815,1.050371094578235,23.04,50.0,8.0,12.0,1218,1218,0,1019,739,280,199,0.8366174055829229,0.6067323481116584,14.78,5.715543262835475,12.017792617314957,15.690666425857604,22.565541641660033,1.5820058467062101,2.3107051016572595,0.892482118612528,0.3646209558632459,124.19377984243125,28.096352875990938,30,0.687673611111111,0.9769791666666666,0.2956944444444444,70.89684010383289,17.17989120835516,{}
test,drift,homog,med,spread,1000,1.0,1.050371094578235,0.6343697847064815,1.050371094578235,23.04,50.0,8.0,12.0,1218,1218,0,1049,765,284,169,0.861247947454844,0.6280788177339901,15.3,5.182882150754621,13.159694076873961,15.15800531377675,22.943418441030953,1.5278693788116902,2.3644343941570782,0.8991933346723501,0.3828980915329123,113.64562682966262,29.521900203815004,30,0.7862847222222222,0.9667708333333334,0.21395833333333333,69.334946943933,17.56689885383374,{}
test,drift,homog,med,tetris,1000,1.0,1.050371094578235,0.6343697847064815,1.050371094578235,23.04,50.0,8.0,12.0,1218,1218,0,1050,769,281,168,0.8620689655172413,0.6313628899835796,15.38,5.359323730392373,12.142194505584513,15.334446893414501,22.61314003976961,1.5458942143824657,2.2869757498895837,0.8926397892366524,0.3768901160751435,117.38484701983825,29.521900203815026,30,0.7857638888888889,0.9639583333333334,0.2152777777777778,69.51810703601956,17.520615159571523,{}
test,drift,homog,med,hybrid,1000,1.0,1.050371094578235,0.6343697847064815,1.050371094578235,23.04,50.0,8.0,12.0,1218,1218,0,1053,773,280,165,0.8645320197044335,0.6346469622331691,15.46,5.240020810288431,12.25437534432357,15.21514397331056,22.63543217988029,1.533802971723495,2.313559900060925,0.8942526600543416,0.37844626500862544,114.48184503990396,29.3916377884548,30,0.7876736111111111,0.9732291666666666,0.20027777777777775,69.68684847924615,17.478190312519867,"{'alpha': 0.1, 'beta': 0.9, 'gamma': 0.0, 'source': 'phase3_tuning'}"
test,drift,homog,med,binpack,1001,1.0,0.9702764520009819,0.5787409648095395,0.9702764520009819,23.04,50.0,8.0,12.0,1116,1116,0,1048,793,255,68,0.9390681003584229,0.7105734767025089,15.86,4.396770859216408,9.706623222802602,14.389921365508542,20.063556504939232,1.4472383366250672,2.0599811342189676,0.8747686971651322,0.41153342459140746,95.47344043886984,27.92756369531982,30,0.6682291666666667,0.9709375,0.30270833333333336,64.764225148199,17.23173553680715,{}
test,drift,homog,med,spread,1001,1.0,0.9702764520009819,0.5787409648095395,0.9702764520009819,23.04,50.0,8.0,12.0,1116,1116,0,1074,817,257,42,0.9623655913978495,0.732078853046595,16.34,3.753165746394319,10.427032310747354,13.746316252686453,20.616627290488587,1.3817136290436272,2.100810774953613,0.8792770747556261,0.43425874822127253,82.6833380821818,29.627998709375575,30,0.7310763888888889,0.9748958333333333,0.253125,63.634155844006145,17.537751309780575,{}
test,drift,homog,med,tetris,1001,1.0,0.9702764520009819,0.5787409648095395,0.9702764520009819,23.04,50.0,8.0,12.0,1116,1116,0,1075,820,255,41,0.9632616487455197,0.7347670250896058,16.4,3.7935161685729057,10.83650297455898,13.786666674865039,21.316642157194963,1.3856749816071083,2.1377276200640063,0.8805269863930598,0.433422172927149,83.4439673434204,29.62799870937555,30,0.71875,0.975,0.25666666666666665,64.30505532020037,17.354778631990804,{}
test,drift,homog,med,hybrid,1001,1.0,0.9702764520009819,0.5787409648095395,0.9702764520009819,23.04,50.0,8.0,12.0,1116,1116,0,1062,811,251,54,0.9516129032258065,0.7267025089605734,16.22,3.890588841418647,10.512103326725413,13.883739347710781,20.94960506120568,1.395621971165064,2.108131618381992,0.878258304735708,0.4251034080468657,84.93559919248894,29.49547042654002,30,0.709201388888889,0.9630208333333333,0.2604861111111111,64.58848821856422,17.278620862335586,"{'alpha': 0.1, 'beta': 0.9, 'gamma': 0.0, 'source': 'phase3_tuning'}"
test,drift,homog,med,binpack,1002,1.0,1.0106150267949667,0.6036976173105917,1.0106150267949667,23.04,50.0,8.0,12.0,1168,1168,0,1055,796,259,113,0.9032534246575342,0.6815068493150684,15.92,4.2827194288822215,10.543135917183442,14.236643062437865,20.996282209360754,1.4367132590438083,2.157010522822164,0.8860013256124469,0.40382615708412944,93.78985680711862,27.9981310722034,30,0.7335069444444444,0.9526041666666667,0.259375,66.47365693471632,17.57087023431088,{}
test,drift,homog,med,spread,1002,1.0,1.0106150267949667,0.6036976173105917,1.0106150267949667,23.04,50.0,8.0,12.0,1168,1168,0,1072,810,262,96,0.9178082191780822,0.6934931506849316,16.2,4.042558164058491,10.82838046591032,13.996481797614134,21.125130868248338,1.4120977214078616,2.1849767314807576,0.88765139407462,0.4145928393126458,89.64924237805681,29.659755458563495,30,0.7777777777777778,0.9666666666666667,0.21916666666666668,66.00522938561022,17.69556762201989,{}
test,drift,homog,med,tetris,1002,1.0,1.0106150267949667,0.6036976173105917,1.0106150267949667,23.04,50.0,8.0,12.0,1168,1168,0,1093,824,269,75,0.9357876712328768,0.7054794520547946,16.48,3.634206447207136,14.341386596414523,13.58813008076278,24.437895600771686,1.370780401660179,2.4848340270278517,0.8888130357649429,0.4338984698133205,81.54246780711756,29.659755458563563,30,0.9118055555555556,0.9508333333333333,0.08444444444444445,65.00642739558756,17.967454093305246,{}
test,drift,homog,med,hybrid,1002,1.0,1.0106150267949667,0.6036976173105917,1.0106150267949667,23.04,50.0,8.0,12.0,1168,1168,0,1075,812,263,93,0.9203767123287672,0.6952054794520548,16.24,3.950860580862283,11.304115880288979,13.904784214417926,21.400624884646138,1.402980520328215,2.1661574899266114,0.8877700959607231,0.41381853330031987,87.6430630763433,29.591670334456065,30,0.7956597222222223,0.9455208333333334,0.21708333333333332,66.1441949324596,17.658390145842045,"{'alpha': 0.1, 'beta': 0.9, 'gamma': 0.0, 'source': 'phase3_tuning'}"
test,drift,homog,med,binpack,1003,1.0,0.9394042986585573,0.563903318916352,0.9394042986585573,23.04,50.0,8.0,12.0,1083,1083,0,1039,790,249,44,0.9593721144967683,0.7294552169898431,15.8,2.492877634805249,6.77042688203116,12.48445361170046,17.244891926857882,1.2520305909089966,1.685204602248948,0.8601567212152914,0.4324119155194312,52.96301523871568,28.313319101824483,30,0.6234375,0.9853124999999999,0.361875,63.742234788114466,16.990304836345945,{}
test,drift,homog,med,spread,1003,1.0,0.9394042986585573,0.563903318916352,0.9394042986585573,23.04,50.0,8.0,12.0,1083,1083,0,1041,793,248,42,0.961218836565097,0.7322253000923361,15.86,2.5123128354300515,6.811052329422189,12.503888812325263,17.418621606704644,1.253953225029267,1.684685478083514,0.8600068946384922,0.4323196837797015,53.36241175435582,29.683879462252936,30,0.6050347222222222,0.9880208333333333,0.3829861111111111,63.81260303608634,16.971569070573068,{}
test,drift,homog,med,tetris,1003,1.0,0.9394042986585573,0.563903318916352,0.9394042986585573,23.04,50.0,8.0,12.0,1083,1083,0,1047,800,247,36,0.9667590027700831,0.7386888273314867,16.0,2.352307372612427,7.320006918280267,12.343883349507639,17.825885385899987,1.2376840523934314,1.729773501372463,0.863475932237208,0.43789530488718953,50.07545046788137,29.68387946225289,30,0.6085069444444444,0.9776041666666667,0.3690972222222222,63.60670258565417,17.026507521618633,{}
test,drift,homog,med,hybrid,1003,1.0,0.9394042986585573,0.563903318916352,0.9394042986585573,23.04,50.0,8.0,12.0,1083,1083,0,1046,799,247,37,0.9658356417359187,0.7377654662973222,15.98,2.4119243455112316,6.756748698417557,12.403500322406442,17.407802672378075,1.2440616683917822,1.679042154049352,0.8631376174336105,0.4343430927890609,51.23916768159645,29.61576386969404,30,0.6137152777777778,0.9807291666666667,0.36701388888888886,63.91657786440062,16.943960959511795,"{'alpha': 0.1, 'beta': 0.9, 'gamma': 0.0, 'source': 'phase3_tuning'}"
test,drift,homog,med,binpack,1004,1.0,0.9767072795037457,0.5851240926479266,0.9767072795037457,23.04,50.0,8.0,12.0,1118,1118,0,1058,812,246,60,0.9463327370304114,0.7262969588550984,16.24,4.018876221056189,10.177781218674756,14.066255770163133,20.684186101722727,1.406772477766192,2.0666045491399414,0.8819984856684852,0.4255531298456034,87.78629348110546,27.846850797970284,30,0.7401041666666667,0.9371875000000001,0.24736111111111111,64.86158592839055,17.236704653418602,{}
test,drift,homog,med,spread,1004,1.0,0.9767072795037457,0.5851240926479266,0.9767072795037457,23.04,50.0,8.0,12.0,1118,1118,0,1084,830,254,34,0.9695885509838998,0.7423971377459749,16.6,3.6337123491218573,11.290462991071768,13.681091898228802,22.44003569573384,1.3677463209160823,2.216281425378817,0.8823070100546794,0.4423923468020233,80.16038879997909,29.50561187251817,30,0.7982638888888889,0.9439583333333333,0.20180555555555554,64.07248059276617,17.448988858505707,{}
test,drift,homog,med,tetris,1004,1.0,0.9767072795037457,0.5851240926479266,0.9767072795037457,23.04,50.0,8.0,12.0,1118,1118,0,1092,833,259,26,0.9767441860465116,0.7450805008944544,16.66,3.298942317962139,17.36695722109083,13.346321867069083,26.214259631173107,1.3339061453355998,2.506357870277919,0.878201640449835,0.45797082489957086,73.19146390527554,29.505611872518163,30,0.9022569444444444,0.9388541666666667,0.09673611111111112,63.17822385083277,17.695970729402887,{}
test,drift,homog,med,hybrid,1004,1.0,0.9767072795037457,0.5851240926479266,0.9767072795037457,23.04,50.0,8.0,12.0,1118,1118,0,1082,831,251,36,0.9677996422182469,0.7432915921288015,16.62,3.4599957225680464,15.099909429589184,13.507375271674992,23.71900416492396,1.3502112213894073,2.3680948351616915,0.8823453486085505,0.44518157138302816,76.2718946714537,29.36599476037551,30,0.8190972222222223,0.9252083333333334,0.18375,63.97424426402097,17.475782838262642,"{'alpha': 0.1, 'beta': 0.9, 'gamma': 0.0, 'source': 'phase3_tuning'}"
test,drift,homog,med,binpack,1005,1.0,1.0034881932482762,0.6064709484264347,1.0034881932482762,23.04,50.0,8.0,12.0,1155,1155,0,1069,801,268,86,0.9255411255411256,0.6935064935064935,16.02,4.295323798851729,11.198712217887557,14.335860162835775,21.133495844525257,1.434594186651119,2.122352977788127,0.8918959247975755,0.4194878295715388,95.55672521094196,28.187458455214358,30,0.7720486111111111,0.9607291666666666,0.21770833333333334,66.83506549860478,17.281347618700416,{}
test,drift,homog,med,spread,1005,1.0,1.0034881932482762,0.6064709484264347,1.0034881932482762,23.04,50.0,8.0,12.0,1155,1155,0,1077,804,273,78,0.9324675324675324,0.6961038961038961,16.08,4.199352513325313,11.408898186225827,14.23988887730936,21.142607987216593,1.4248346234720746,2.147811578180941,0.8931909253817047,0.4231578236054026,93.6461166095272,29.581254062406202,30,0.7838541666666666,0.9671875,0.20694444444444446,67.04159708532917,17.2281098633426,{}
test,drift,homog,med,tetris,1005,1.0,1.0034881932482762,0.6064709484264347,1.0034881932482762,23.04,50.0,8.0,12.0,1155,1155,0,1096,824,272,59,0.9489177489177489,0.7134199134199134,16.48,3.6857642790282665,12.228421592420236,13.726300643012314,22.155972651775407,1.372841369444481,2.2472564786586138,0.8936780499996477,0.44143818624741576,83.02681451335523,29.581254062406224,30,0.8253472222222222,0.9652083333333333,0.16652777777777777,65.36462556103452,17.670108106433098,{}
test,drift,homog,med,hybrid,1005,1.0,1.0034881932482762,0.6064709484264347,1.0034881932482762,23.04,50.0,8.0,12.0,1155,1155,0,1100,830,270,55,0.9523809523809523,0.7186147186147186,16.6,3.577519200464152,12.228421592420236,13.618055564448197,22.155972651775407,1.3618186149182645,2.2472564786586138,0.8986215292828631,0.4450269905572937,80.65693563963133,29.524028811928787,30,0.8229166666666666,0.959375,0.17173611111111112,65.43129858417763,17.652102663285643,"{'alpha': 0.1, 'beta': 0.9, 'gamma': 0.0, 'source': 'phase3_tuning'}"
test,drift,homog,med,binpack,1006,1.0,0.9900410668589187,0.5939323234879502,0.9900410668589187,23.04,50.0,8.0,12.0,1143,1143,0,1045,793,252,98,0.9142607174103237,0.6937882764654418,15.86,4.530790821719877,10.393396543692432,14.520424461439829,20.652825198591415,1.4603289109531394,2.1006010589677713,0.8805455715537631,0.40440708917128065,98.73860592513098,28.204407053070028,30,0.6255208333333333,0.9465625000000001,0.35465277777777776,65.72045361992387,17.391845872066334,{}
test,drift,homog,med,spread,1006,1.0,0.9900410668589187,0.5939323234879502,0.9900410668589187,23.04,50.0,8.0,12.0,1143,1143,0,1070,810,260,73,0.9361329833770778,0.7086614173228346,16.2,3.988725908791688,10.687352204454324,13.97835954851164,21.419002891356186,1.4058171355766205,2.140622872044467,0.8873397431384329,0.4214776371862186,88.40835530375497,29.685498781047873,30,0.6899305555555556,0.9652083333333333,0.2752777777777778,64.80137330932554,17.638515075042573,{}
test,drift,homog,med,tetris,1006,1.0,0.9900410668589187,0.5939323234879502,0.9900410668589187,23.04,50.0,8.0,12.0,1143,1143,0,1080,820,260,63,0.9448818897637795,0.7174103237095363,16.4,3.803708000790625,10.54309297142579,13.793341640510578,21.177961769214786,1.3874352307769542,2.1635620519109273,0.8905192809669055,0.4305295386239901,84.52154797469629,29.685498781047873,30,0.7357638888888889,0.9627083333333334,0.2336111111111111,64.72085645503562,17.660458507592395,{}
test,drift,homog,med,hybrid,1006,1.0,0.9900410668589187,0.5939323234879502,0.9900410668589187,23.04,50.0,8.0,12.0,1143,1143,0,1064,806,258,79,0.9308836395450568,0.705161854768154,16.12,4.048571128138065,10.798854394307682,14.03820476785802,21.454444040642834,1.412184198245169,2.1638114515598894,0.8852180928629296,0.41695742607400005,88.95341958050761,29.62887423292315,30,0.6963541666666667,0.9571875,0.2722222222222222,65.24241933101851,17.519276748472418,"{'alpha': 0.1, 'beta': 0.9, 'gamma': 0.0, 'source': 'phase3_tuning'}"
test,drift,homog,med,binpack,1007,1.0,1.0470636062837417,0.627018072749203,1.0470636062837417,23.04,50.0,8.0,12.0,1199,1199,0,1035,757,278,164,0.8632193494578816,0.6313594662218516,15.14,6.16410659947671,11.707157314464013,16.21027943967921,22.56386924668031,1.623799916841274,2.298846983576375,0.891418202558302,0.37233359229500773,135.18161732297028,27.893563247730263,30,0.7644097222222223,0.9705208333333334,0.21319444444444444,70.06915497016999,17.111666331789518,{}
test,drift,homog,med,spread,1007,1.0,1.0470636062837417,0.627018072749203,1.0470636062837417,23.04,50.0,8.0,12.0,1199,1199,0,1029,762,267,170,0.8582151793160967,0.6355296080066722,15.24,6.075176072337863,11.566378083100112,16.121348912540363,22.563355299847462,1.6151745668667479,2.3007428510951793,0.8886092028943778,0.37136048258067383,132.36933387323572,29.551506020376337,30,0.7359375,0.9615625,0.25895833333333335,70.38721126615211,17.034344427516434,{}
test,drift,homog,med,tetris,1007,1.0,1.0470636062837417,0.627018072749203,1.0470636062837417,23.04,50.0,8.0,12.0,1199,1199,0,1042,768,274,157,0.8690575479566305,0.640533778148457,15.36,5.710092104479576,11.29562636494575,15.756264944682075,22.028907632096843,1.5775163081771608,2.251862721482051,0.8918640190130419,0.38479336005042347,126.02566583657867,29.5515060203763,30,0.8194444444444444,0.9510416666666667,0.1867361111111111,69.49710587381612,17.252516992246978,{}
test,drift,homog,med,hybrid,1007,1.0,1.0470636062837417,0.627018072749203,1.0470636062837417,23.04,50.0,8.0,12.0,1199,1199,0,1054,783,271,145,0.8790658882402002,0.6530442035029191,15.66,5.3739027821382,11.997963347315675,15.420075622340699,22.573525735306188,1.543183882711542,2.2962506388375963,0.8927053338397508,0.39545286099684956,119.26795292390139,29.42177428494545,30,0.8527777777777777,0.9247916666666666,0.17506944444444444,68.66195508469718,17.462363233336234,"{'alpha': 0.1, 'beta': 0.9, 'gamma': 0.0, 'source': 'phase3_tuning'}"
test,drift,homog,med,binpack,1008,1.0,1.006738101550835,0.6060788795801306,1.006738101550835,23.04,50.0,8.0,12.0,1162,1162,0,1031,760,271,131,0.887263339070568,0.6540447504302926,15.2,4.659665476801067,10.826323351841765,14.650689738055709,20.56148407471293,1.4760478984842815,2.111519614724444,0.8773603749968453,0.3896249576652404,100.98479805636322,28.063997494459723,30,0.6637152777777777,0.9819791666666667,0.3186805555555556,68.11164357134716,17.06022552198144,{}
test,drift,homog,med,spread,1008,1.0,1.006738101550835,0.6060788795801306,1.006738101550835,23.04,50.0,8.0,12.0,1162,1162,0,1043,773,270,119,0.8975903614457831,0.6652323580034424,15.46,4.402402772709234,11.29729944274628,14.393427033963876,21.028655247531884,1.449898929700189,2.19468920952724,0.8806646642009727,0.396580526391787,96.11652632115275,29.641267633763526,30,0.6776041666666667,0.9809375,0.30333333333333334,67.96434714992468,17.097199468961392,{}
test,drift,homog,med,tetris,1008,1.0,1.006738101550835,0.6060788795801306,1.006738101550835,23.04,50.0,8.0,12.0,1162,1162,0,1031,759,272,131,0.887263339070568,0.653184165232358,15.18,4.586689549730052,11.616152750826494,14.577713810984694,21.269748949808598,1.4685204402183913,2.208708900639569,0.8793892623634708,0.38947378868449717,99.49280671418839,29.64126763376352,30,0.6727430555555556,0.9755208333333333,0.3036111111111111,67.82033672955487,17.133503843156554,{}
test,drift,homog,med,hybrid,1008,1.0,1.006738101550835,0.6060788795801306,1.006738101550835,23.04,50.0,8.0,12.0,1162,1162,0,1029,757,272,133,0.8855421686746988,0.6514629948364888,15.14,4.864515453399748,10.853047833183187,14.855539714654391,20.600038302131296,1.4967391086687671,2.1226743590573327,0.8749717146831221,0.38061266262081334,104.8813919348991,29.58005659229063,30,0.6539930555555556,0.9773958333333332,0.3240972222222222,68.65700924455393,16.924710423388753,"{'alpha': 0.1, 'beta': 0.9, 'gamma': 0.0, 'source': 'phase3_tuning'}"
test,drift,homog,med,binpack,1009,1.0,1.0218823800330106,0.614314152792997,1.0218823800330106,23.04,50.0,8.0,12.0,1181,1181,0,1045,784,261,136,0.8848433530906011,0.663844199830652,15.68,5.175400023124279,12.905959769806891,15.166056484043036,23.184592818047612,1.5284540559627087,2.3684619621345577,0.8912697856485352,0.3915169126538602,113.25142327009944,27.92029507720538,30,0.7203125,0.9553125,0.2579166666666667,67.89630694366076,17.394171394034352,{}
test,drift,homog,med,spread,1009,1.0,1.0218823800330106,0.614314152792997,1.0218823800330106,23.04,50.0,8.0,12.0,1181,1181,0,1050,778,272,131,0.8890770533446232,0.6587637595258256,15.56,4.870450164963908,14.16234836577268,14.861106625882666,23.957582757886566,1.49778880902685,2.44465567869107,0.8962160539316447,0.40210140887314877,107.44179846549363,29.655411663794876,30,0.8039930555555556,0.9498958333333333,0.21118055555555554,67.54946557248431,17.48348399193065,{}
test,drift,homog,med,tetris,1009,1.0,1.0218823800330106,0.614314152792997,1.0218823800330106,23.04,50.0,8.0,12.0,1181,1181,0,1057,786,271,124,0.8950042337002541,0.6655376799322608,15.72,4.878752168003207,14.647689215074497,14.869408628921963,24.463920352734654,1.4990071413977175,2.5166872388093933,0.8927499075120372,0.4025701243073637,107.54297456206736,29.655411663794958,30,0.8262152777777777,0.9282291666666667,0.18034722222222221,67.39658602116779,17.523142783954572,{}
test,drift,homog,med,hybrid,1009,1.0,1.0218823800330106,0.614314152792997,1.0218823800330106,23.04,50.0,8.0,12.0,1181,1181,0,1068,790,278,113,0.9043183742591024,0.6689246401354784,15.8,4.830853807293309,14.712477473540194,14.821510268212064,24.632432754265274,1.4942739235775915,2.5275359412314735,0.8953305692819975,0.40633072911065177,106.81137740189895,29.523445539724534,30,0.8451388888888889,0.9502083333333334,0.15506944444444445,67.41041953443629,17.519546802355855,"{'alpha': 0.1, 'beta': 0.9, 'gamma': 0.0, 'source': 'phase3_tuning'}"
test,drift,homog,high,binpack,1000,1.3,1.3599159168905315,0.817855378461736,1.3599159168905315,29.952,50.0,8.0,12.0,1570,1570,0,1006,757,249,564,0.640764331210191,0.4821656050955414,15.14,13.68013990025609,25.8098434469782,23.64966014783765,36.10890467239506,2.38489221843254,3.7817868728231754,0.9319640038272378,0.28633268409534735,302.0068850460714,28.544821168911277,30,0.9880208333333333,0.6228125,0.37506944444444446,86.37418873819155,18.17672643801982,{}
test,drift,homog,high,spread,1000,1.3,1.3599159168905315,0.817855378461736,1.3599159168905315,29.952,50.0,8.0,12.0,1570,1570,0,1066,805,261,504,0.6789808917197452,0.5127388535031847,16.1,12.297095334203995,24.806838829717137,22.266615581785555,34.63675100683173,2.2436283435542417,3.6434938831959784,0.9319284070632036,0.33399026364006756,276.87428099920896,29.63223092601163,30,0.9916666666666667,0.6675,0.32416666666666666,83.98434573965628,18.693960001389488,{}
test,drift,homog,high,tetris,1000,1.3,1.3599159168905315,0.817855378461736,1.3599159168905315,29.952,50.0,8.0,12.0,1570,1570,0,1079,831,248,491,0.6872611464968152,0.5292993630573248,16.62,11.904796985047371,25.36791819250483,21.87431723262893,34.90568693202652,2.2033389449098193,3.6139870513085603,0.9304562950804751,0.34839779548193056,265.97375463617436,29.632230926011587,30,0.992013888888889,0.6308333333333334,0.3614583333333333,83.76523218781088,18.742859764059233,{}
test,drift,homog,high,hybrid,1000,1.3,1.3599159168905315,0.817855378461736,1.3599159168905315,29.952,50.0,8.0,12.0,1570,1570,0,1040,782,258,530,0.6624203821656051,0.4980891719745223,15.64,12.793696600329344,24.820598294065473,22.763216847910904,35.0411582798246,2.293898092018618,3.6799898933251103,0.9322064395760599,0.3126834383544934,285.00740800338883,29.616170310545318,30,0.9973958333333334,0.6390625,0.35833333333333334,84.53824898552861,18.571475265222904,"{'alpha': 0.1, 'beta': 0.9, 'gamma': 0.0, 'source': 'phase3_tuning'}"
test,drift,homog,high,binpack,1001,1.3,1.263321009911709,0.7617398303010945,1.263321009911709,29.952,50.0,8.0,12.0,1453,1453,0,1031,768,263,422,0.70956641431521,0.52856159669649,15.36,11.391623769909716,20.94411838290266,21.426598508876573,31.444564199109344,2.1509113082113034,3.2465776105649966,0.9318880647273804,0.3158022356145972,259.24148402003505,28.56901764146638,30,0.9690972222222223,0.7445833333333333,0.2754861111111111,80.24737604163145,18.106511037148426,{}
test,drift,homog,high,spread,1001,1.3,1.263321009911709,0.7617398303010945,1.263321009911709,29.952,50.0,8.0,12.0,1453,1453,0,1077,780,297,376,0.7412250516173434,0.5368203716448727,15.6,10.502675776076535,18.584205151738104,20.537650515043396,29.89594663151496,2.062214828360822,3.0915183681696297,0.9281982482057526,0.34415887831269404,245.34985458260647,29.71384516105813,30,0.9317708333333333,0.9003125,0.1465972222222222,78.26732468361459,18.564579866164614,{}
test,drift,homog,high,tetris,1001,1.3,1.263321009911709,0.7617398303010945,1.263321009911709,29.952,50.0,8.0,12.0,1453,1453,0,1105,802,303,348,0.760495526496903,0.5519614590502409,16.04,9.874792697220997,19.004869192732354,19.909767436187856,29.895357315820664,1.9993767485465945,3.0728511485582732,0.9262715121307552,0.3646128202521383,233.38055754996856,29.713845161058234,30,0.9427083333333334,0.90625,0.11965277777777777,77.21937468424761,18.8165211896802,{}
test,drift,homog,high,hybrid,1001,1.3,1.263321009911709,0.7617398303010945,1.263321009911709,29.952,50.0,8.0,12.0,1453,1453,0,1111,825,286,342,0.7646249139710943,0.5677907777013076,16.5,9.602618004115728,19.004869192732354,19.637592743082585,30.375871939164252,1.9716769307317965,3.1348271776772183,0.9268758027403129,0.3732199231881284,227.14053327250977,29.628785634883478,30,0.939236111111111,0.8885416666666667,0.12611111111111112,76.98368813404977,18.874128211029944,"{'alpha': 0.1, 'beta': 0.9, 'gamma': 0.0, 'source': 'phase3_tuning'}"
test,drift,homog,high,binpack,1002,1.3,1.2994437233625085,0.7807085382390914,1.2994437233625085,29.952,50.0,8.0,12.0,1501,1501,0,1073,808,265,428,0.714856762158561,0.5383077948034644,16.16,10.975271322658694,20.491821648247196,20.933403762915045,31.2755727563988,2.116299709937193,3.3172944707252365,0.9303476288165199,0.33862016697567277,253.36443257286578,28.51069109382836,30,0.9819444444444444,0.7066666666666667,0.2922222222222222,81.49086956712384,18.419241418986577,{}
test,drift,homog,high,spread,1002,1.3,1.2994437233625085,0.7807085382390914,1.2994437233625085,29.952,50.0,8.0,12.0,1501,1501,0,1089,837,252,412,0.7255163224516988,0.5576282478347768,16.74,10.342197218987314,22.555276315758977,20.300329659243666,32.63814036261475,2.051649141872989,3.3714734558914743,0.9307149707914845,0.36480080534472187,240.01853639083248,29.738273429664233,30,0.9885416666666667,0.706875,0.2816666666666666,80.79163211243915,18.578656734041857,{}
test,drift,homog,high,tetris,1002,1.3,1.2994437233625085,0.7807085382390914,1.2994437233625085,29.952,50.0,8.0,12.0,1501,1501,0,1080,833,247,421,0.7195203197868087,0.5549633577614923,16.66,10.452345396922519,22.751933754984115,20.41047783717887,32.810979518617856,2.0627250040196485,3.4212743998053354,0.9286214890203374,0.36000075504596774,238.99585924053588,29.73827342966428,30,0.9876736111111111,0.6688541666666666,0.31881944444444443,81.43257532295709,18.432426999233623,{}
test,drift,homog,high,hybrid,1002,1.3,1.2994437233625085,0.7807085382390914,1.2994437233625085,29.952,50.0,8.0,12.0,1501,1501,0,1086,838,248,415,0.7235176548967355,0.558294470353098,16.76,10.173752203066524,23.36745844352201,20.131884643322877,33.18853542886312,2.034219396896138,3.435336951944035,0.9295461731847446,0.37007933566201584,233.26912742365752,29.588726880996525,30,0.9899305555555556,0.6727083333333332,0.3172222222222222,80.91033416874305,18.551400330019405,"{'alpha': 0.1, 'beta': 0.9, 'gamma': 0.0, 'source': 'phase3_tuning'}"
test,drift,homog,high,binpack,1003,1.3,1.241971944495316,0.7466055151790144,1.241971944495316,29.952,50.0,8.0,12.0,1435,1435,0,992,727,265,443,0.6912891986062718,0.5066202090592334,14.54,10.680223143902959,20.14972088683757,20.683868652433546,30.65037020530908,2.084240254300928,3.2098355774743768,0.9356198704049548,0.2871397628547003,232.91887617675616,28.605399087059922,30,0.9824652777777777,0.7219791666666667,0.2803472222222222,81.2041025241371,17.671520962545713,{}
test,drift,homog,high,spread,1003,1.3,1.241971944495316,0.7466055151790144,1.241971944495316,29.952,50.0,8.0,12.0,1435,1435,0,1020,751,269,415,0.710801393728223,0.5233449477351917,15.02,10.16936657586244,20.10107634782854,20.17301208439303,30.20098251244672,2.032774698346992,3.149420198050734,0.9359611998471642,0.30144091693045877,221.90471415747484,29.756830355579176,30,0.9909722222222223,0.7345833333333334,0.2609722222222222,80.27971340940594,17.875001529737258,{}
test,drift,homog,high,tetris,1003,1.3,1.241971944495316,0.7466055151790144,1.241971944495316,29.952,50.0,8.0,12.0,1435,1435,0,1044,791,253,391,0.7275261324041812,0.551219512195122,15.82,9.413435345826734,18.562754706242252,19.417080854357323,29.50575732946382,1.9563399521787461,3.083258271891831,0.9314896432909088,0.32764784675501496,207.076283007835,29.756830355579197,30,0.984548611111111,0.6863541666666666,0.31055555555555553,78.89741396782493,18.188175351161775,{}
test,drift,homog,high,hybrid,1003,1.3,1.241971944495316,0.7466055151790144,1.241971944495316,29.952,50.0,8.0,12.0,1435,1435,0,1052,796,256,383,0.7331010452961673,0.5547038327526133,15.92,9.206858808735007,18.430546763854505,19.210504317265595,29.24838963395556,1.9354992271430542,3.0485769222229955,0.934466290160663,0.33581829720690753,203.70392530676986,29.696833806191123,30,0.9913194444444444,0.7135416666666666,0.2852777777777778,78.73759204084773,18.225093793261372,"{'alpha': 0.1, 'beta': 0.9, 'gamma': 0.0, 'source': 'phase3_tuning'}"
test,drift,homog,high,binpack,1004,1.3,1.284155619293432,0.7700476186851937,1.284155619293432,29.952,50.0,8.0,12.0,1474,1474,0,1071,761,310,403,0.7265943012211669,0.5162822252374492,15.22,11.094485130976425,19.601459489980847,21.12865823082359,30.654825240562804,2.121265297447509,3.2377525837571257,0.9214805045027431,0.3228353514488528,256.4937330875244,28.249405507191096,30,0.9319444444444444,0.9272916666666667,0.124375,80.02736316599398,18.418700075655458,{}
test,drift,homog,high,spread,1004,1.3,1.284155619293432,0.7700476186851937,1.284155619293432,29.952,50.0,8.0,12.0,1474,1474,0,1098,794,304,376,0.7449118046132972,0.5386702849389416,15.88,10.041056138297092,20.92992961172704,20.07522923814426,30.761665294940624,2.0146027410648495,3.211759035349805,0.9198838231875953,0.3558487965145546,235.08631127702043,29.61970144039853,30,0.9397569444444444,0.9288541666666668,0.11743055555555555,78.15704406593522,18.859464525762988,{}
test,drift,homog,high,tetris,1004,1.3,1.284155619293432,0.7700476186851937,1.284155619293432,29.952,50.0,8.0,12.0,1474,1474,0,1105,813,292,369,0.7496607869742198,0.5515603799185889,16.26,9.916389250470885,21.956772022894633,19.95056235031805,31.55316034638942,2.001893941585649,3.2549797613207434,0.9161862638248107,0.3611927544468594,232.35566120891153,29.61970144039861,30,0.9579861111111111,0.8835416666666667,0.13402777777777777,77.85127162934384,18.93353787485749,{}
test,drift,homog,high,hybrid,1004,1.3,1.284155619293432,0.7700476186851937,1.284155619293432,29.952,50.0,8.0,12.0,1474,1474,0,1094,801,293,380,0.7421981004070556,0.5434192672998643,16.02,9.871367703362644,21.424926685467348,19.90554080320981,31.088163861453847,1.9975726579236746,3.2232109119661962,0.9193581726277502,0.36007338303430125,231.46975067770424,29.512208620909156,30,0.9440972222222223,0.8720833333333334,0.16520833333333332,77.8811360303695,18.92627759596648,"{'alpha': 0.1, 'beta': 0.9, 'gamma': 0.0, 'source': 'phase3_tuning'}"
test,drift,homog,high,binpack,1005,1.3,1.2891605855737844,0.7759470482354216,1.2891605855737844,29.952,50.0,8.0,12.0,1482,1482,0,1061,805,256,421,0.7159244264507423,0.5431848852901484,16.1,10.730247307744898,20.342808318703806,20.767638807172453,31.12455914086022,2.0837742351707953,3.273916607184379,0.9320727561508793,0.34788407595614074,248.58428544725928,28.525132977568074,30,0.978298611111111,0.6963541666666667,0.29624999999999996,80.96001553087044,18.305332456796606,{}
test,drift,homog,high,spread,1005,1.3,1.2891605855737844,0.7759470482354216,1.2891605855737844,29.952,50.0,8.0,12.0,1482,1482,0,1097,847,250,385,0.7402159244264508,0.5715249662618084,16.94,9.751861917856258,22.60434216816694,19.789253417283813,32.811174330349985,1.9856998864825763,3.3089276046030416,0.9321434476872272,0.3814040289783772,227.3941743343274,29.677887740312453,30,0.9887152777777778,0.6713541666666667,0.31736111111111115,79.40634452890183,18.66349608198613,{}
test,drift,homog,high,tetris,1005,1.3,1.2891605855737844,0.7759470482354216,1.2891605855737844,29.952,50.0,8.0,12.0,1482,1482,0,1121,870,251,361,0.7564102564102564,0.5870445344129555,17.4,9.354631750578529,24.6784523448689,19.392023250006083,34.812829484825244,1.946332083580024,3.438246928161961,0.9289101538206377,0.40223939970507716,218.77997138385297,29.677887740312546,30,0.9847222222222223,0.6820833333333333,0.30263888888888885,78.70374482423645,18.83010780884247,{}
test,drift,homog,high,hybrid,1005,1.3,1.2891605855737844,0.7759470482354216,1.2891605855737844,29.952,50.0,8.0,12.0,1482,1482,0,1086,843,243,396,0.7327935222672065,0.5688259109311741,16.86,9.978767461647864,21.78845668457294,20.016158961075416,31.979960197289483,2.0085423176773323,3.306127888762768,0.929527503909993,0.3685360313771268,231.84115598338522,29.65606219414021,30,0.9744791666666667,0.6559375000000001,0.3385416666666667,79.56779576958243,18.62562592900866,"{'alpha': 0.1, 'beta': 0.9, 'gamma': 0.0, 'source': 'phase3_tuning'}"
test,drift,homog,high,binpack,1006,1.3,1.3044921011683268,0.7781906193422803,1.3044921011683268,29.952,50.0,8.0,12.0,1499,1499,0,1050,794,256,449,0.7004669779853235,0.5296864576384256,15.88,11.313897548779007,21.902439445996492,21.317604494287497,31.726715123507045,2.1476146334920663,3.3709285650250154,0.9366256830295465,0.3180681385340407,257.01397058646415,28.635034810288392,30,0.986111111111111,0.6260416666666667,0.3696527777777778,82.37726966688102,18.196767215782806,{}
test,drift,homog,high,spread,1006,1.3,1.3044921011683268,0.7781906193422803,1.3044921011683268,29.952,50.0,8.0,12.0,1499,1499,0,1054,809,245,445,0.7031354236157439,0.5396931287525016,16.18,10.838004405755038,21.646501015498124,20.84171135126353,32.27053360899184,2.0990099414575267,3.3572297248203005,0.9340340801087964,0.3346304335383878,246.3883845367704,29.75807598542147,30,0.9951388888888889,0.6070833333333333,0.38805555555555554,81.73283883838043,18.340241466029852,{}
test,drift,homog,high,tetris,1006,1.3,1.3044921011683268,0.7781906193422803,1.3044921011683268,29.952,50.0,8.0,12.0,1499,1499,0,1092,838,254,407,0.7284856571047365,0.5590393595730487,16.76,9.985724322113409,24.535697384079633,19.989431267621903,34.30286335200907,2.011520021102804,3.506519267942361,0.9317887952284905,0.37441031259061136,228.51412153512084,29.758075985421463,30,0.9940972222222223,0.6483333333333333,0.34576388888888887,79.9591140345918,18.74708115639581,{}
test,drift,homog,high,hybrid,1006,1.3,1.3044921011683268,0.7781906193422803,1.3044921011683268,29.952,50.0,8.0,12.0,1499,1499,0,1082,836,246,417,0.7218145430286858,0.5577051367578385,16.72,10.07059380106487,22.619331947628417,20.07430074657336,32.88512868585232,2.0206458580691837,3.4051240795599873,0.9360025754508967,0.3659440320248941,230.9900162711501,29.68466374333065,30,0.9947916666666666,0.609375,0.3854166666666667,80.23555132204497,18.682491430555487,"{'alpha': 0.1, 'beta': 0.9, 'gamma': 0.0, 'source': 'phase3_tuning'}"
test,drift,homog,high,binpack,1007,1.3,1.3439119814231526,0.803744379653265,1.3439119814231526,29.952,50.0,8.0,12.0,1542,1542,0,1023,760,263,519,0.6634241245136187,0.49286640726329445,15.2,13.568974682069017,23.44755018146583,23.583504344159632,34.21393548527275,2.3739312455275567,3.6498174556144902,0.9275492906479705,0.283922749731944,305.4158292270129,28.354219636556714,30,0.9836805555555556,0.7264583333333333,0.2752777777777778,84.58679695546451,18.229795375889136,{}
test,drift,homog,high,spread,1007,1.3,1.3439119814231526,0.803744379653265,1.3439119814231526,29.952,50.0,8.0,12.0,1542,1542,0,1011,767,244,531,0.6556420233463035,0.4974059662775616,15.34,13.121662327843675,23.267542636772518,23.136191989934286,34.09899025494433,2.328684370406696,3.6472799001338765,0.9280205137881131,0.3008231711714396,295.25181130360244,29.65500463105871,30,0.9814236111111111,0.6569791666666667,0.34902777777777777,84.30150410696464,18.291488584159275,{}
test,drift,homog,high,tetris,1007,1.3,1.3439119814231526,0.803744379653265,1.3439119814231526,29.952,50.0,8.0,12.0,1542,1542,0,1022,771,251,520,0.6627756160830091,0.5,15.42,12.879932460994652,22.39068230266282,22.894462123085265,33.533203968301535,2.3038536473500573,3.577216464194702,0.9252048090614542,0.30559723325137755,293.384269957549,29.655004631058688,30,0.9935763888888889,0.6923958333333334,0.30548611111111107,83.82001261925967,18.396561296218277,{}
test,drift,homog,high,hybrid,1007,1.3,1.3439119814231526,0.803744379653265,1.3439119814231526,29.952,50.0,8.0,12.0,1542,1542,0,1025,770,255,517,0.6647211413748378,0.4993514915693904,15.4,12.891216147622067,22.591632141330777,22.905745809712677,33.7920745587053,2.304706114614672,3.6122250868891483,0.9252229967589861,0.3039281160063812,292.6134997160664,29.58491100816483,30,0.98125,0.676875,0.3270138888888889,84.04297407204274,18.34775621669668,"{'alpha': 0.1, 'beta': 0.9, 'gamma': 0.0, 'source': 'phase3_tuning'}"
test,drift,homog,high,binpack,1008,1.3,1.3182522789349926,0.7931656546899449,1.3182522789349926,29.952,50.0,8.0,12.0,1520,1520,0,991,737,254,529,0.6519736842105263,0.48486842105263156,14.74,12.891662716003047,23.094386682392326,22.881701178595122,33.6405631866773,2.3080914839895983,3.556946348549202,0.9306137585971678,0.2742410556246101,282.17703422639124,28.46819717314306,30,0.9946180555555556,0.6198958333333333,0.37472222222222223,85.24883624976955,17.830155423430885,{}
test,drift,homog,high,spread,1008,1.3,1.3182522789349926,0.7931656546899449,1.3182522789349926,29.952,50.0,8.0,12.0,1520,1520,0,1008,766,242,512,0.6631578947368421,0.5039473684210526,15.32,12.34054573114122,22.439273314229723,22.330584193733294,33.25902202436003,2.2531363522742884,3.495506386202957,0.9302053852724942,0.2930000745213649,268.90326731056905,29.72405202597193,30,0.9930555555555556,0.5677083333333334,0.4253472222222222,84.75461948922913,17.93412570500852,{}
test,drift,homog,high,tetris,1008,1.3,1.3182522789349926,0.7931656546899449,1.3182522789349926,29.952,50.0,8.0,12.0,1520,1520,0,1035,783,252,485,0.680921052631579,0.5151315789473684,15.66,11.845385146848917,22.06568013275965,21.835423609440994,32.65045382333466,2.2035337105856194,3.417293917697505,0.9298012580693239,0.3134731847817196,262.810662984203,29.72405202597195,30,0.99375,0.6225,0.37124999999999997,83.7094317273484,18.158049441200617,{}
test,drift,homog,high,hybrid,1008,1.3,1.3182522789349926,0.7931656546899449,1.3182522789349926,29.952,50.0,8.0,12.0,1520,1520,0,1050,801,249,470,0.6907894736842105,0.5269736842105263,16.02,11.268903485955565,22.296870750665168,21.25894194854764,32.3992670520029,2.1459110258727434,3.3999912752206014,0.9319492640013566,0.3318796417760959,251.3414757823421,29.63681085144361,30,0.9916666666666667,0.614375,0.37729166666666664,82.91505345249824,18.332014956377048,"{'alpha': 0.1, 'beta': 0.9, 'gamma': 0.0, 'source': 'phase3_tuning'}"
test,drift,homog,high,binpack,1009,1.3,1.3071339959267416,0.7837684044768769,1.3071339959267416,29.952,50.0,8.0,12.0,1500,1500,0,1005,757,248,495,0.67,0.5046666666666667,15.14,12.560173094905027,22.53628156769718,22.576488192601555,33.43759920363314,2.268432072282274,3.5505997269243057,0.9337629997877538,0.304384513850292,284.26609235406687,28.522050635904456,30,0.9940972222222223,0.6639583333333333,0.33013888888888887,83.06405225785605,18.05835327349001,{}
test,drift,homog,high,spread,1009,1.3,1.3071339959267416,0.7837684044768769,1.3071339959267416,29.952,50.0,8.0,12.0,1500,1500,0,1037,789,248,463,0.6913333333333334,0.526,15.78,11.889232981342115,21.611134085407777,21.905548079038645,32.83534887732214,2.200289269818176,3.4578235623189615,0.9316357692036376,0.3251494137993236,270.02735911208305,29.73493204907305,30,0.9914930555555556,0.6717708333333333,0.3219444444444444,82.28875040670755,18.228494084383758,{}
test,drift,homog,high,tetris,1009,1.3,1.3071339959267416,0.7837684044768769,1.3071339959267416,29.952,50.0,8.0,12.0,1500,1500,0,1084,832,252,416,0.7226666666666667,0.5546666666666666,16.64,10.94880628348164,22.542585101816503,20.96512138117817,33.072815075003966,2.105163635255639,3.417872097420177,0.9285545428778873,0.3551341154906127,251.5742024759446,29.734932049073088,30,0.9833333333333333,0.6943750000000001,0.30895833333333333,81.05255536669313,18.506510907815176,{}
test,drift,homog,high,hybrid,1009,1.3,1.3071339959267416,0.7837684044768769,1.3071339959267416,29.952,50.0,8.0,12.0,1500,1500,0,1062,811,251,438,0.708,0.5406666666666666,16.22,11.443736129943982,21.730415594979863,21.460051227640513,32.81953631790837,2.155517142805842,3.446553837800569,0.9323374042970637,0.33758179891751866,260.43940782985993,29.696055967238763,30,0.992013888888889,0.6589583333333333,0.33916666666666667,82.0160485195669,18.28910349956861,"{'alpha': 0.1, 'beta': 0.9, 'gamma': 0.0, 'source': 'phase3_tuning'}"
test,drift,hetero,low,binpack,1000,0.7,0.7061537835607594,0.41005066242554944,0.7061537835607594,15.84247339533496,50.0,8.0,12.0,806,806,0,806,649,157,0,1.0,0.8052109181141439,12.98,0.3353083575091942,1.8370716760178212,10.270043939305705,12.331696227394517,1.0344626660051313,1.191473569345983,0.6718090782681996,0.35521974634440623,5.4051707230482045,25.527275665428224,23,0.372841819521821,0.5891523831096233,0.2192425064331038,61.71314399589937,13.060426803948863,{}
test,drift,hetero,low,spread,1000,0.7,0.7061537835607594,0.41005066242554944,0.7061537835607594,15.84247339533496,50.0,8.0,12.0,806,806,0,806,649,157,0,1.0,0.8052109181141439,12.98,0.35425202707327497,1.9022777577812313,10.288987608869785,12.4263016059938,1.0363893618150486,1.1962363829380518,0.6718090782681994,0.3552197463444065,5.710542676421198,29.289989269252565,30,0.3768014536450224,0.6125034346029921,0.2790298670955924,61.71314399589937,13.060426803948863,{}
test,drift,hetero,low,tetris,1000,0.7,0.7061537835607594,0.41005066242554944,0.7061537835607594,15.84247339533496,50.0,8.0,12.0,806,806,0,806,649,157,0,1.0,0.8052109181141439,12.98,0.3864596520334345,2.099814685306651,10.321195233829945,12.610003030117955,1.0397405779899822,1.2213326066908843,0.6718090782681998,0.3552197463444062,6.22972959077897,27.918612426879523,26,0.3820247289974245,0.5075767756676282,0.12574590332412644,61.71314399589937,13.060426803948863,{}
test,drift,hetero,low,hybrid,1000,0.7,0.7061537835607594,0.41005066242554944,0.7061537835607594,15.84247339533496,50.0,8.0,12.0,806,806,0,806,649,157,0,1.0,0.8052109181141439,12.98,0.3700285211213656,1.9275850286028593,10.304764102917876,12.511605553792316,1.038033315487524,1.1984485381088188,0.671809078268199,0.35521974634440634,5.964859760476414,26.84526260495877,23,0.4015994921008523,0.48851664527112365,0.0986137517331824,61.71314399589937,13.060426803948863,"{'alpha': 0.1, 'beta': 0.9, 'gamma': 0.0, 'source': 'phase3_tuning'}"
test,drift,hetero,low,binpack,1001,0.7,0.7000804634547914,0.43617161116760833,0.7000804634547914,16.818278008167972,50.0,8.0,12.0,838,838,0,838,682,156,0,1.0,0.8138424821002387,13.64,0.14329692932128174,1.1609863142720442,10.151896310359355,11.956530451680626,1.0142404384459662,1.1149981945706067,0.6640659893268024,0.3741211469542282,2.401656535424682,25.586005877849953,20,0.3594570040879304,0.5235545785808879,0.16409757449295762,61.499403436722794,13.626148436744181,{}
test,drift,hetero,low,spread,1001,0.7,0.7000804634547914,0.43617161116760833,0.7000804634547914,16.818278008167972,50.0,8.0,12.0,838,838,0,838,682,156,0,1.0,0.8138424821002387,13.64,0.1831816976075557,1.787047635421466,10.191781078645628,11.978983763092362,1.0182447527691105,1.1732365279428167,0.6640659893268035,0.3741211469542281,3.0701252519026325,29.464199191431884,30,0.34288254850401073,0.6364547793795048,0.3238489299057077,61.499403436722794,13.626148436744181,{}
test,drift,hetero,low,tetris,1001,0.7,0.7000804634547914,0.43617161116760833,0.7000804634547914,16.818278008167972,50.0,8.0,12.0,838,838,0,838,682,156,0,1.0,0.8138424821002387,13.64,0.20423114619196972,2.104081307442481,10.212830527230041,12.138987064968685,1.0205111417835133,1.1967384925577367,0.6640659893268029,0.3741211469542284,3.4229140101774123,28.051613533588444,24,0.3685337067864351,0.49231075348098263,0.12377704669454752,61.499403436722794,13.626148436744181,{}
test,drift,hetero,low,hybrid,1001,0.7,0.7000804634547914,0.43617161116760833,0.7000804634547914,16.818278008167972,50.0,8.0,12.0,838,838,0,838,682,156,0,1.0,0.8138424821002387,13.64,0.1994055660886129,1.8748409996421493,10.208004947126684,12.020609345831618,1.019867414881091,1.1851800531780792,0.6640659893268028,0.3741211469542281,3.3420372876451525,27.45294224932564,22,0.37940366544260684,0.4813742337018135,0.10252303898062558,61.499403436722794,13.626148436744181,"{'alpha': 0.1, 'beta': 0.9, 'gamma': 0.0, 'source': 'phase3_tuning'}"
test,drift,hetero,low,binpack,1002,0.7,0.6914679132229706,0.4499482532785778,0.6914679132229706,17.014613137012656,50.0,8.0,12.0,842,842,0,842,669,173,0,1.0,0.7945368171021377,13.38,0.2747996369514514,1.836227346087231,10.242470701220027,12.197226319465297,1.0281092297454488,1.1929201441725592,0.656173822498193,0.379763911071718,4.6276258862624395,25.704010520989083,25,0.37900236629782685,0.7596396163859592,0.38730439249531734,61.14881159391038,13.769687064267528,{}
test,drift,hetero,low,spread,1002,0.7,0.6914679132229706,0.4499482532785778,0.6914679132229706,17.014613137012656,50.0,8.0,12.0,842,842,0,842,669,173,0,1.0,0.7945368171021377,13.38,0.30508300274684724,2.231165267710601,10.272754067015423,12.302091984546152,1.0312903404495366,1.2400418383099716,0.6561738224981927,0.37976391107171736,5.137597766256906,29.50029116288155,30,0.3575127523587131,0.7177492009098023,0.36121862830607315,61.14881159391038,13.769687064267528,{}
test,drift,hetero,low,tetris,1002,0.7,0.6914679132229706,0.4499482532785778,0.6914679132229706,17.014613137012656,50.0,8.0,12.0,842,842,0,842,669,173,0,1.0,0.7945368171021377,13.38,0.36569361323666116,2.3339244236423085,10.333364677505237,12.620257982107328,1.0374325698076785,1.2570630429421246,0.6561738224981924,0.3797639110717181,6.158280446905371,28.742000575039533,29,0.3632539361436299,0.6331677298784922,0.2699137937348623,61.14881159391038,13.769687064267528,{}
test,drift,hetero,low,hybrid,1002,0.7,0.6914679132229706,0.4499482532785778,0.6914679132229706,17.014613137012656,50.0,8.0,12.0,842,842,0,842,669,173,0,1.0,0.7945368171021377,13.38,0.36854071349983614,2.538029284976462,10.336211777768414,12.641837150190227,1.0377556009280713,1.2570630429421246,0.6561738224981939,0.3797639110717179,6.206225615337233,27.45261371684148,29,0.37349877362843054,0.6315310708035771,0.25803229717514653,61.14881159391038,13.769687064267528,"{'alpha': 0.1, 'beta': 0.9, 'gamma': 0.0, 'source': 'phase3_tuning'}"
test,drift,hetero,low,binpack,1003,0.7,0.6546355012765503,0.3711380396701794,0.6546355012765503,16.551026785974067,50.0,8.0,12.0,776,776,0,776,603,173,0,1.0,0.7770618556701031,12.06,0.011979661092882838,0.0,10.000810700763735,11.846584094838269,1.0012277979446869,1.0000000000000004,0.6176354781270029,0.3103188298651494,0.18592434016154166,24.800792511368616,21,0.3860930243583488,0.6513424343764562,0.2652494100181074,61.25780594046315,12.667773324336808,{}
test,drift,hetero,low,spread,1003,0.7,0.6546355012765503,0.3711380396701794,0.6546355012765503,16.551026785974067,50.0,8.0,12.0,776,776,0,776,603,173,0,1.0,0.7770618556701031,12.06,0.02656991011906685,0.0,10.01540094978992,11.854559582765326,1.002682132073506,1.0000000000000004,0.617635478127003,0.31031882986514936,0.4123650050479175,29.517142898444295,30,0.3645934464324357,0.6230792306312605,0.2902816506011183,61.25780594046315,12.667773324336808,{}
test,drift,hetero,low,tetris,1003,0.7,0.6546355012765503,0.3711380396701794,0.6546355012765503,16.551026785974067,50.0,8.0,12.0,776,776,0,776,603,173,0,1.0,0.7770618556701031,12.06,0.026401272552747466,0.05102781853759453,10.015232312223599,11.854559582765326,1.0026792867846455,1.0050073796066228,0.6176354781270024,0.31031882986514936,0.40974775001864067,28.75249703831153,28,0.3913295253841431,0.5755018523851164,0.1846786886855227,61.25780594046315,12.667773324336808,{}
test,drift,hetero,low,hybrid,1003,0.7,0.6546355012765503,0.3711380396701794,0.6546355012765503,16.551026785974067,50.0,8.0,12.0,776,776,0,776,603,173,0,1.0,0.7770618556701031,12.06,0.033654265300366706,0.06274364916181341,10.02248530497122,11.871628423513773,1.003399657255538,1.005549756477994,0.617635478127003,0.3103188298651494,0.522314197461691,27.0820493193324,25,0.39390927614213395,0.523305291933844,0.13169159260607902,61.25780594046315,12.667773324336808,"{'alpha': 0.1, 'beta': 0.9, 'gamma': 0.0, 'source': 'phase3_tuning'}"
test,drift,hetero,low,binpack,1004,0.7,0.7113179629882144,0.41511143139014545,0.7113179629882144,15.40668448094304,50.0,8.0,12.0,773,773,0,773,620,153,0,1.0,0.8020698576972833,12.4,0.3591786686769594,1.9402935553200429,10.41036829741111,12.964194763733214,1.035770924833605,1.192430189073562,0.6755813292055349,0.3575616875676815,5.552902217745795,25.438609042468514,21,0.36719508913124604,0.5603346050053806,0.194110686897248,61.72568784273203,12.523149227101207,{}
test,drift,hetero,low,spread,1004,0.7,0.7113179629882144,0.41511143139014545,0.7113179629882144,15.40668448094304,50.0,8.0,12.0,773,773,0,773,620,153,0,1.0,0.8020698576972833,12.4,0.3677153390133269,2.1356967005894347,10.418904967747476,12.967946608103585,1.0365154205964013,1.2007515048264972,0.6755813292055355,0.35756168756768164,5.684879141146026,29.167937428893268,30,0.36100971884796823,0.6302313448652471,0.31939893802607094,61.72568784273203,12.523149227101207,{}
test,drift,hetero,low,tetris,1004,0.7,0.7113179629882144,0.41511143139014545,0.7113179629882144,15.40668448094304,50.0,8.0,12.0,773,773,0,773,620,153,0,1.0,0.8020698576972833,12.4,0.4341153939593773,2.2805525523433694,10.485305022693527,13.043266006506624,1.0433046963878407,1.2240630893383788,0.6755813292055354,0.35756168756768103,6.711423990611977,28.758691264239584,28,0.3832979741010096,0.5488488271626596,0.16555085306165,61.72568784273203,12.523149227101207,{}
test,drift,hetero,low,hybrid,1004,0.7,0.7113179629882144,0.41511143139014545,0.7113179629882144,15.40668448094304,50.0,8.0,12.0,773,773,0,773,620,153,0,1.0,0.8020698576972833,12.4,0.39470198359846514,2.0588655685939052,10.445891612332614,12.967946608103585,1.0393796728457705,1.210532939460832,0.6755813292055356,0.3575616875676814,6.10209266643227,28.10720182554714,25,0.3834514652932508,0.5098022630114489,0.1315479838020635,61.72568784273203,12.523149227101207,"{'alpha': 0.1, 'beta': 0.9, 'gamma': 0.0, 'source': 'phase3_tuning'}"
test,drift,hetero,low,binpack,1005,0.7,0.7048973649200264,0.42247961631097386,0.7048973649200264,16.201641658201552,50.0,8.0,12.0,814,814,0,814,659,155,0,1.0,0.8095823095823096,13.18,0.41999543326816435,4.081409603222255,10.432289019216178,13.745867115410618,1.0428738051362731,1.3832953421512946,0.6625632805969288,0.3525677124081216,6.837525653605723,25.531983937294882,22,0.3813028193677356,0.6694426001490345,0.3006395772001201,61.302214363418315,13.278476290829538,{}
test,drift,hetero,low,spread,1005,0.7,0.7048973649200264,0.42247961631097386,0.7048973649200264,16.201641658201552,50.0,8.0,12.0,814,814,0,814,659,155,0,1.0,0.8095823095823096,13.18,0.4886563403761061,5.35520887946085,10.500949926324118,15.28116353943779,1.049910648115271,1.5357293700272998,0.662563280596928,0.3525677124081215,7.955325221323006,29.39090093266104,30,0.37617951808481787,0.6495889576049536,0.35583196873108386,61.302214363418315,13.278476290829538,{}
test,drift,hetero,low,tetris,1005,0.7,0.7048973649200264,0.42247961631097386,0.7048973649200264,16.201641658201552,50.0,8.0,12.0,814,814,0,814,659,155,0,1.0,0.8095823095823096,13.18,0.4711365688756111,5.244279797720875,10.483430154823624,15.28116353943779,1.048170503186837,1.5025489180364446,0.6625632805969272,0.35256771240812107,7.670103341294948,27.416771878367257,24,0.38733176829506466,0.5185775212185217,0.13257580517034037,61.302214363418315,13.278476290829538,{}
test,drift,hetero,low,hybrid,1005,0.7,0.7048973649200264,0.42247961631097386,0.7048973649200264,16.201641658201552,50.0,8.0,12.0,814,814,0,814,659,155,0,1.0,0.8095823095823096,13.18,0.52990396797038,5.677268251698493,10.542197553918394,15.65323071088436,1.054110390771834,1.5513743852435526,0.6625632805969288,0.35256771240812124,8.626836598557782,26.435801498049212,19,0.3952480817358485,0.4744013182507704,0.08052534352144812,61.302214363418315,13.278476290829538,"{'alpha': 0.1, 'beta': 0.9, 'gamma': 0.0, 'source': 'phase3_tuning'}"
test,drift,hetero,low,binpack,1006,0.7,0.7035953131540207,0.39950919628525633,0.7035953131540207,15.577188594877372,50.0,8.0,12.0,781,781,0,781,629,152,0,1.0,0.8053777208706786,12.58,0.2588294771685353,1.4839747001253834,10.28097823382564,12.436849141905046,1.0263234407285649,1.14930591825981,0.667316318165853,0.3408973943039835,4.042916433372525,25.40100215814488,22,0.37180144467002774,0.6056681308669476,0.2338666861969198,61.59207874263608,12.680201999082161,{}
test,drift,hetero,low,spread,1006,0.7,0.7035953131540207,0.39950919628525633,0.7035953131540207,15.577188594877372,50.0,8.0,12.0,781,781,0,781,629,152,0,1.0,0.8053777208706786,12.58,0.2604761064599126,1.5910318559735508,10.282624863117018,12.393732454875924,1.0264747530979133,1.1604928484159698,0.6673163181658539,0.34089739430398375,4.068636782903834,29.498024887426674,30,0.34994079054744953,0.6032341753767745,0.3056999925567505,61.59207874263608,12.680201999082161,{}
test,drift,hetero,low,tetris,1006,0.7,0.7035953131540207,0.39950919628525633,0.7035953131540207,15.577188594877372,50.0,8.0,12.0,781,781,0,781,629,152,0,1.0,0.8053777208706786,12.58,0.30144074152230055,1.8711612531342006,10.323589498179407,12.594210225866977,1.0305235351566668,1.193500315390424,0.667316318165851,0.3408973943039836,4.708504382578336,28.086551858181934,27,0.3804844110020319,0.5336072900418048,0.15426718395360214,61.59207874263608,12.680201999082161,{}
test,drift,hetero,low,hybrid,1006,0.7,0.7035953131540207,0.39950919628525633,0.7035953131540207,15.577188594877372,50.0,8.0,12.0,781,781,0,781,629,152,0,1.0,0.8053777208706786,12.58,0.30129965799436653,1.7465509636138243,10.323448414651471,12.551444019805206,1.030654304830519,1.1826269925957744,0.6673163181658528,0.3408973943039835,4.706300657872006,26.530133789837414,20,0.3823084664718713,0.4910665888021361,0.1144914162864962,61.59207874263608,12.680201999082161,"{'alpha': 0.1, 'beta': 0.9, 'gamma': 0.0, 'source': 'phase3_tuning'}"
test,drift,hetero,low,binpack,1007,0.7,0.7657327305251129,0.39781439712613254,0.7657327305251129,16.2275398913383,50.0,8.0,12.0,879,879,0,879,672,207,0,1.0,0.764505119453925,13.44,0.4736625149273621,2.184975203086278,10.50306457628887,13.30267165582104,1.0478728013692007,1.2440713653116862,0.7211784090520413,0.3283912219411506,8.326987012423025,25.642302639047017,25,0.43719959529140096,0.7115625233155648,0.2801808888178093,61.77308300759247,14.229498629556225,{}
test,drift,hetero,low,spread,1007,0.7,0.7657327305251129,0.39781439712613254,0.7657327305251129,16.2275398913383,50.0,8.0,12.0,879,879,0,879,672,207,0,1.0,0.764505119453925,13.44,0.5107145494839244,2.357924728803095,10.54011661084543,13.386568034335436,1.0515580826076982,1.2591356118108494,0.7211784090520394,0.32839122194115034,8.978361779927384,29.32330890347556,30,0.44639669649918645,0.7240934347037027,0.3382601060003826,61.77308300759247,14.229498629556225,{}
test,drift,hetero,low,tetris,1007,0.7,0.7657327305251129,0.39781439712613254,0.7657327305251129,16.2275398913383,50.0,8.0,12.0,879,879,0,879,672,207,0,1.0,0.764505119453925,13.44,0.5121591712412293,2.410581605945122,10.541561232602735,13.48363935548334,1.0516768891873485,1.265671778301043,0.7211784090520399,0.3283912219411508,9.00375823042081,28.88960065704277,30,0.460552032487019,0.6596507706073774,0.19909873812035847,61.77308300759247,14.229498629556225,{}
test,drift,hetero,low,hybrid,1007,0.7,0.7657327305251129,0.39781439712613254,0.7657327305251129,16.2275398913383,50.0,8.0,12.0,879,879,0,879,672,207,0,1.0,0.764505119453925,13.44,0.5474190981835512,2.601335733330437,10.576821159545057,13.567970486668685,1.0552725020449516,1.2804887914825283,0.7211784090520404,0.3283912219411506,9.623627746066841,28.1176236689472,27,0.46683336667675623,0.6395350563305694,0.1757646872498454,61.77308300759247,14.229498629556225,"{'alpha': 0.1, 'beta': 0.9, 'gamma': 0.0, 'source': 'phase3_tuning'}"
test,drift,hetero,low,binpack,1008,0.7,0.695333432275931,0.38693182929507564,0.695333432275931,15.10131294897539,50.0,8.0,12.0,750,750,0,750,594,156,0,1.0,0.792,11.88,0.2617249064603155,1.7552830497866019,10.23027255378873,12.153759374134504,1.0270244368446253,1.183183514074959,0.6559813510256834,0.32059202492493727,3.9258735969047325,24.805301079077395,24,0.4351449504695613,0.7001154764092712,0.2889917488399923,61.27902757098903,12.239097611840501,{}
test,drift,hetero,low,spread,1008,0.7,0.695333432275931,0.38693182929507564,0.695333432275931,15.10131294897539,50.0,8.0,12.0,750,750,0,750,594,156,0,1.0,0.792,11.88,0.3270092820329965,2.0611901381858644,10.29555692936141,12.322156299197882,1.0336782671006315,1.2052454254243674,0.6559813510256832,0.32059202492493716,4.905139230494948,29.446820007921247,30,0.42245395295121635,0.6972128256702328,0.3475451944959157,61.27902757098903,12.239097611840501,{}
test,drift,hetero,low,tetris,1008,0.7,0.695333432275931,0.38693182929507564,0.695333432275931,15.10131294897539,50.0,8.0,12.0,750,750,0,750,594,156,0,1.0,0.792,11.88,0.33741582840727663,2.746136976448213,10.305963475735691,12.53573577947904,1.0348055468989563,1.2724565579420306,0.6559813510256837,0.320592024924937,5.061237426109149,28.126222245842747,28,0.42853400384686896,0.5958521580445253,0.16763504852081537,61.27902757098903,12.239097611840501,{}
test,drift,hetero,low,hybrid,1008,0.7,0.695333432275931,0.38693182929507564,0.695333432275931,15.10131294897539,50.0,8.0,12.0,750,750,0,750,594,156,0,1.0,0.792,11.88,0.3168470565974498,2.410591438621953,10.285394703925864,12.504802255824334,1.0326223985361342,1.2375590472480493,0.6559813510256817,0.32059202492493716,4.752705848961747,26.354443161247286,22,0.4475619924558451,0.5557257714537008,0.1134584606941745,61.27902757098903,12.239097611840501,"{'alpha': 0.1, 'beta': 0.9, 'gamma': 0.0, 'source': 'phase3_tuning'}"
test,drift,hetero,low,binpack,1009,0.7,0.725346221714595,0.3684354768933924,0.725346221714595,15.436320077474226,50.0,8.0,12.0,797,797,0,797,626,171,0,1.0,0.7854454203262233,12.52,0.44466931530824516,2.869694413807732,10.434950599253446,13.09065650044817,1.0450327348904465,1.2868889241861448,0.6843613338853717,0.30744059690908193,7.088028886013429,24.588753005654738,20,0.3921399598826506,0.6232448385824155,0.2346816569255612,61.30140769400211,13.00133275859472,{}
test,drift,hetero,low,spread,1009,0.7,0.725346221714595,0.3684354768933924,0.725346221714595,15.436320077474226,50.0,8.0,12.0,797,797,0,797,626,171,0,1.0,0.7854454203262233,12.52,0.4515140364788067,2.9393368807717266,10.441795320424006,13.144065744790435,1.0457704600048092,1.2974773551908123,0.6843613338853715,0.30744059690908176,7.197133741472179,29.456546021464742,30,0.39975869244631634,0.6229525595791036,0.2958403925822869,61.30140769400211,13.00133275859472,{}
test,drift,hetero,low,tetris,1009,0.7,0.725346221714595,0.3684354768933924,0.725346221714595,15.436320077474226,50.0,8.0,12.0,797,797,0,797,626,171,0,1.0,0.7854454203262233,12.52,0.5128695015110775,3.335455726086648,10.50315078545628,13.624431163273368,1.0517509736308759,1.3399376152995117,0.6843613338853715,0.30744059690908193,8.175139854086575,28.407074262832385,27,0.4149500792939232,0.5301517001550168,0.11775332135846579,61.30140769400211,13.00133275859472,{}
test,drift,hetero,low,hybrid,1009,0.7,0.725346221714595,0.3684354768933924,0.725346221714595,15.436320077474226,50.0,8.0,12.0,797,797,0,797,626,171,0,1.0,0.7854454203262233,12.52,0.4912409019864612,2.9588320987793733,10.481522185931663,13.530311265447352,1.0495262839221646,1.313609194876476,0.6843613338853726,0.3074405969090816,7.83037997766419,27.006195695383944,20,0.4347288306299328,0.5122390202451127,0.07968426654284491,61.30140769400211,13.00133275859472,"{'alpha': 0.1, 'beta': 0.9, 'gamma': 0.0, 'source': 'phase3_tuning'}"
test,drift,hetero,med,binpack,1000,1.0,1.0533991313448339,0.6145312802402897,1.0533991313448339,22.632104850478513,50.0,8.0,12.0,1198,1198,0,1017,745,272,181,0.8489148580968281,0.6218697829716193,14.9,5.614976440644906,12.110031675089218,15.589602767211524,22.105608248075807,1.5726545380383983,2.243419241340247,0.8933795493512794,0.35010096938391916,119.62744276902379,28.404727065402017,30,0.6627605315970116,0.9503735076637834,0.3054368591849925,69.81689636302404,17.15917009216234,{}
test,drift,hetero,med,spread,1000,1.0,1.0533991313448339,0.6145312802402897,1.0533991313448339,22.632104850478513,50.0,8.0,12.0,1198,1198,0,1022,749,273,176,0.8530884808013356,0.6252086811352254,14.98,5.350378262352949,12.276550769037627,15.325004588919567,22.04794599774149,1.5455153186321011,2.2339789120037814,0.8960135189040854,0.3571164845585384,115.02494397058645,29.51328348039759,30,0.7286952092397688,0.9634031028486538,0.2659495612674498,69.7462435670612,17.176552294864738,{}
test,drift,hetero,med,tetris,1000,1.0,1.0533991313448339,0.6145312802402897,1.0533991313448339,22.632104850478513,50.0,8.0,12.0,1198,1198,0,1020,746,274,178,0.8514190317195326,0.6227045075125208,14.92,5.316667536591499,11.952746794916749,15.291293863158113,21.987853266318197,1.541967058049853,2.2069380707273556,0.8977977208100705,0.35852148151102275,113.65218089471676,29.296059454974202,30,0.7421439814559425,0.956847230948601,0.2525196532407754,69.03081889688414,17.354567411253388,{}
test,drift,hetero,med,hybrid,1000,1.0,1.0533991313448339,0.6145312802402897,1.0533991313448339,22.632104850478513,50.0,8.0,12.0,1198,1198,0,1018,743,275,180,0.8497495826377296,0.6202003338898163,14.86,5.269571612262179,12.066945145068967,15.244197938828794,21.858446890209688,1.5373231356641848,2.208793338503731,0.8971341747456455,0.35893910814654556,112.72959749932215,29.170673175429293,30,0.7454643607082075,0.9499507114077494,0.2537578196631639,69.48038143317027,17.242277248467566,"{'alpha': 0.1, 'beta': 0.9, 'gamma': 0.0, 'source': 'phase3_tuning'}"
test,drift,hetero,med,binpack,1001,1.0,0.9699438541313984,0.6064315725570436,0.9699438541313984,24.026111440239962,50.0,8.0,12.0,1166,1166,0,1066,820,246,100,0.9142367066895368,0.7032590051457976,16.4,4.504608504362259,9.149156394670376,14.506643647618109,19.868142053510013,1.4594072462753995,2.0378729809544027,0.867282409455236,0.4110725214659081,99.33137613379908,28.184660210350767,30,0.6478895567523492,0.9461588457551163,0.29826928900276717,66.1360347115722,17.630328233089223,{}
test,drift,hetero,med,spread,1001,1.0,0.9699438541313984,0.6064315725570436,0.9699438541313984,24.026111440239962,50.0,8.0,12.0,1166,1166,0,1077,829,248,89,0.9236706689536878,0.7109777015437393,16.58,4.24170025321115,9.447476085577884,14.243735396466999,19.910450625740673,1.4327711050020548,2.0486271103740594,0.8717863332264117,0.42093813288544335,94.30807799886574,29.624858846325125,30,0.649948676980095,0.967181289051581,0.317232612071486,65.7313613426112,17.738868877558538,{}
test,drift,hetero,med,tetris,1001,1.0,0.9699438541313984,0.6064315725570436,0.9699438541313984,24.026111440239962,50.0,8.0,12.0,1166,1166,0,1081,836,245,85,0.9271012006861064,0.7169811320754716,16.72,4.030314686130726,10.518197946702882,14.032349829386575,20.958296951962506,1.4113823416356532,2.108288534619184,0.8723897791153143,0.42684972583996605,89.90076002975474,29.13228111600035,30,0.6697689080480288,0.9429308305262974,0.30452064791397787,65.51028520887257,17.79873185229362,{}
test,drift,hetero,med,hybrid,1001,1.0,0.9699438541313984,0.6064315725570436,0.9699438541313984,24.026111440239962,50.0,8.0,12.0,1166,1166,0,1067,826,241,99,0.9150943396226415,0.7084048027444254,16.52,4.199753239797083,9.752905239826308,14.201788383052932,20.427585409816004,1.4286918893733085,2.1152983622431374,0.8697299795285899,0.4175795553659046,92.65646081600954,28.947101131122285,30,0.64546145365939,0.918408408269724,0.30753857560966524,66.01520452936194,17.66259770476651,"{'alpha': 0.1, 'beta': 0.9, 'gamma': 0.0, 'source': 'phase3_tuning'}"
test,drift,hetero,med,binpack,1002,1.0,1.0135872160549695,0.6599855769342902,1.0135872160549695,24.30659019573237,50.0,8.0,12.0,1238,1238,0,1070,807,263,168,0.864297253634895,0.6518578352180937,16.14,4.929416373307146,9.916600811180835,14.886704567893455,20.947016757712973,1.5023354542505707,2.09210581395871,0.8774182285245604,0.402128354154032,109.0252665649437,28.330645277927193,30,0.7031600468772093,0.9802366274587991,0.2804314072221271,70.57026899620627,17.54279837117459,{}
test,drift,hetero,med,spread,1002,1.0,1.0135872160549695,0.6599855769342902,1.0135872160549695,24.30659019573237,50.0,8.0,12.0,1238,1238,0,1059,798,261,179,0.8554119547657512,0.6445880452342488,15.96,5.18438688502641,10.571861709982656,15.14167507961272,21.43212607388363,1.5280383340032793,2.158129944341081,0.874191922498681,0.3887706437397558,112.96444736603254,29.652219309573187,30,0.6763033166963365,0.9653519764308156,0.31781328696838895,71.31006473647614,17.36080319902928,{}
test,drift,hetero,med,tetris,1002,1.0,1.0135872160549695,0.6599855769342902,1.0135872160549695,24.30659019573237,50.0,8.0,12.0,1238,1238,0,1094,830,264,144,0.8836833602584814,0.6704361873990307,16.6,4.636505829755426,9.891651335461233,14.593794024341733,21.01189061304673,1.4729332528317727,2.060213002363152,0.8849805038688489,0.4140345814806929,103.52362210693987,29.31437192211225,30,0.7148856443702901,0.9677474182319157,0.2542683521961823,69.25684976228493,17.87548818996638,{}
test,drift,hetero,med,hybrid,1002,1.0,1.0135872160549695,0.6599855769342902,1.0135872160549695,24.30659019573237,50.0,8.0,12.0,1238,1238,0,1098,836,262,140,0.8869143780290791,0.6752827140549273,16.72,4.563276402301855,9.660914695349462,14.520564596888164,20.894809348094444,1.4653873031051925,2.0579715671595005,0.8842648445886759,0.4168487044720498,102.31187757430183,29.128539571225307,30,0.7003735308390139,0.9743562391519112,0.27398270831289734,69.09767209905579,17.916667268113613,"{'alpha': 0.1, 'beta': 0.9, 'gamma': 0.0, 'source': 'phase3_tuning'}"
test,drift,hetero,med,binpack,1003,1.0,0.9417831340904883,0.5340352671292925,0.9417831340904883,23.644323979962955,50.0,8.0,12.0,1112,1112,0,1087,813,274,25,0.9775179856115108,0.7311151079136691,16.26,2.5147213590578246,6.849080112167005,12.51780573486025,16.992942376522144,1.253694492181492,1.6833901860287066,0.8639320578339098,0.4106902692794933,55.483795417473395,28.432669105353654,30,0.6731040084495071,0.9842709417608796,0.3111669333113724,63.40850931216217,17.53707841522638,{}
test,drift,hetero,med,spread,1003,1.0,0.9417831340904883,0.5340352671292925,0.9417831340904883,23.644323979962955,50.0,8.0,12.0,1112,1112,0,1090,816,274,22,0.9802158273381295,0.7338129496402878,16.32,2.387648881421623,7.440305024637315,12.390733257224046,17.487126574439227,1.2409812071759143,1.7417008217762933,0.865209978906455,0.4151301720372535,52.7359219942932,29.645195748050853,30,0.6677721518549687,0.9819263272518327,0.314154175396864,63.19480700900117,17.596382561016636,{}
test,drift,hetero,med,tetris,1003,1.0,0.9417831340904883,0.5340352671292925,0.9417831340904883,23.644323979962955,50.0,8.0,12.0,1112,1112,0,1088,816,272,24,0.9784172661870504,0.7338129496402878,16.32,2.401114156526191,7.14264406714965,12.404198532328616,17.2604234997512,1.242418641306963,1.7147928954150178,0.865114448423234,0.41219685027456193,53.00298171856182,29.488541794659696,30,0.6561310943069334,0.9768940247743314,0.32353415503593597,63.36223521199787,17.54988592620607,{}
test,drift,hetero,med,hybrid,1003,1.0,0.9417831340904883,0.5340352671292925,0.9417831340904883,23.644323979962955,50.0,8.0,12.0,1112,1112,0,1094,821,273,18,0.9838129496402878,0.7383093525179856,16.42,2.3168719645169853,7.031922997695094,12.31995634031941,17.326174655549895,1.2340067107471473,1.7065257524812574,0.8677344201841315,0.4190609139124914,51.258798515499386,29.384227682709337,30,0.6581201068589253,0.9750438858553276,0.31692377899640234,62.89467859917043,17.68035110071565,"{'alpha': 0.1, 'beta': 0.9, 'gamma': 0.0, 'source': 'phase3_tuning'}"
test,drift,hetero,med,binpack,1004,1.0,0.9914605313773242,0.5788887048214513,0.9914605313773242,22.009549258490058,50.0,8.0,12.0,1085,1085,0,1003,753,250,82,0.9244239631336405,0.6940092165898617,15.06,4.637466728020309,9.662170119336645,14.683801630642797,20.561129453149523,1.468871211438919,2.0565244135887446,0.8794789970065576,0.39230922365280646,96.15421020376387,28.026095114178883,30,0.760768132321925,0.9671697329908118,0.20813968034935243,66.11407052744624,16.41103007792538,{}
test,drift,hetero,med,spread,1004,1.0,0.9914605313773242,0.5788887048214513,0.9914605313773242,22.009549258490058,50.0,8.0,12.0,1085,1085,0,985,741,244,100,0.9078341013824884,0.6829493087557603,14.82,4.664755699485746,9.839120154991313,14.711090602108234,20.784200394614878,1.4716803477661373,2.0834710214895007,0.8737599830663492,0.38117896240459764,95.60388847536093,29.439917145108225,30,0.7335446295006893,0.9453315015738201,0.24211560831542817,66.67682212098457,16.2725211773182,{}
test,drift,hetero,med,tetris,1004,1.0,0.9914605313773242,0.5788887048214513,0.9914605313773242,22.009549258490058,50.0,8.0,12.0,1085,1085,0,995,749,246,90,0.9170506912442397,0.6903225806451613,14.98,4.656349307356465,9.901722147546835,14.702684209978953,20.766438610436833,1.470652990122439,2.083020155481343,0.8761518226465015,0.38492197150298163,95.63890142411614,29.095941067923803,30,0.7754103919494405,0.945075382270267,0.22137448940549503,66.92615280029592,16.21189855687032,{}
test,drift,hetero,med,hybrid,1004,1.0,0.9914605313773242,0.5788887048214513,0.9914605313773242,22.009549258490058,50.0,8.0,12.0,1085,1085,0,1009,762,247,76,0.9299539170506912,0.7023041474654378,15.24,4.410454275002383,10.268889407167004,14.45678917762487,21.387110390114525,1.4462311487632684,2.1455524131414787,0.8777734986668113,0.3930579894818578,90.98528812367445,28.97543738033489,30,0.7733007388646018,0.951579170102924,0.18539798513778066,66.64914809117097,16.279277846369506,"{'alpha': 0.1, 'beta': 0.9, 'gamma': 0.0, 'source': 'phase3_tuning'}"
test,drift,hetero,med,binpack,1005,1.0,1.0040133259097033,0.6036492930097143,1.0040133259097033,23.145202368859362,50.0,8.0,12.0,1161,1161,0,1028,760,268,133,0.8854435831180018,0.6546080964685616,15.2,5.379824807886221,11.350778962404245,15.418385771707777,21.115938676059855,1.544804459881272,2.1495291839910204,0.8743445807654295,0.37386622332411973,116.14441964113388,28.313185352247228,30,0.6742987518014605,0.9663062934572654,0.2954682323988232,67.96702143779146,17.081813730246143,{}
test,drift,hetero,med,spread,1005,1.0,1.0040133259097033,0.6036492930097143,1.0040133259097033,23.145202368859362,50.0,8.0,12.0,1161,1161,0,1039,774,265,122,0.8949181739879414,0.6666666666666666,15.48,4.774733136035652,11.46744422618406,14.813294099857211,21.571638384867466,1.48378275247069,2.2444146038761326,0.8813499458317058,0.3912154643398291,104.09748850473754,29.560779846578704,30,0.7074054349036961,0.9571475145447744,0.2843556692174921,66.73378679073097,17.39748418055092,{}
test,drift,hetero,med,tetris,1005,1.0,1.0040133259097033,0.6036492930097143,1.0040133259097033,23.145202368859362,50.0,8.0,12.0,1161,1161,0,1039,773,266,122,0.8949181739879414,0.6658053402239449,15.46,4.878395824856241,11.320745686145333,14.916956788677798,21.50715959799405,1.4941996983137922,2.2356560341574103,0.8799931113317951,0.38738836914770663,105.88790385314341,29.12022671745728,30,0.6931301263776505,0.9706390641754995,0.28713930772807633,66.81650071900802,17.37594737088226,{}
test,drift,hetero,med,hybrid,1005,1.0,1.0040133259097033,0.6036492930097143,1.0040133259097033,23.145202368859362,50.0,8.0,12.0,1161,1161,0,1043,773,270,118,0.8983634797588286,0.6658053402239449,15.46,4.748813489056342,11.325523409239288,14.787374452877899,21.748295051784368,1.4812882658694229,2.2578859935677156,0.8801618054814172,0.3900411514652554,102.89236910967247,29.004585515450085,30,0.7459581429770944,0.9713070099282162,0.2261058450071824,67.10889512093162,17.30024012327805,"{'alpha': 0.1, 'beta': 0.9, 'gamma': 0.0, 'source': 'phase3_tuning'}"
test,drift,hetero,med,binpack,1006,1.0,0.9970791150421975,0.5637530803400946,0.9970791150421975,22.253126564110534,50.0,8.0,12.0,1108,1108,0,993,725,268,115,0.8962093862815884,0.6543321299638989,14.5,5.316147478184511,10.45088328130769,15.314644723592712,20.984867308560688,1.5374826357559463,2.0659374178945398,0.8766971812666035,0.36212934623505,111.85861648857619,28.44407030932854,30,0.683678053836044,0.961349099638399,0.2786017665691761,66.33091603590303,16.704126314195197,{}
test,drift,hetero,med,spread,1006,1.0,0.9970791150421975,0.5637530803400946,0.9970791150421975,22.253126564110534,50.0,8.0,12.0,1108,1108,0,999,733,266,109,0.9016245487364621,0.6615523465703971,14.66,4.90307449200943,11.206073093586536,14.901571737417633,21.36677154333058,1.4952836184113028,2.1268292339533503,0.8789512831247857,0.3680751913651173,103.4272070584873,29.623785646052045,30,0.6774392495797285,0.9651131886460419,0.2885114446112081,65.88672976757123,16.816739940025773,{}
test,drift,hetero,med,tetris,1006,1.0,0.9970791150421975,0.5637530803400946,0.9970791150421975,22.253126564110534,50.0,8.0,12.0,1108,1108,0,998,733,265,110,0.9007220216606499,0.6615523465703971,14.66,5.0519387341063835,11.291667460876333,15.050435979514585,21.238595882023276,1.510834040500303,2.1163271610869594,0.877255866377339,0.3622435729642297,106.11724556867983,29.321379855290534,30,0.6609845422107193,0.9554152250182553,0.29522755784229887,66.49510035055044,16.662881838794426,{}
test,drift,hetero,med,hybrid,1006,1.0,0.9970791150421975,0.5637530803400946,0.9970791150421975,22.253126564110534,50.0,8.0,12.0,1108,1108,0,1001,733,268,107,0.9034296028880866,0.6615523465703971,14.66,4.893051572773201,11.206073093586536,14.891548818181404,21.38255910989812,1.4943477657517135,2.1155488917732255,0.8803419123253545,0.3684969588554969,103.2044036148683,29.169154209258323,30,0.6766612957841474,0.9546462393119228,0.27941064322223713,65.9330462072443,16.804926569254434,"{'alpha': 0.1, 'beta': 0.9, 'gamma': 0.0, 'source': 'phase3_tuning'}"
test,drift,hetero,med,binpack,1007,1.0,1.0456549367522738,0.5463139461698674,1.0456549367522738,23.182199844769,50.0,8.0,12.0,1205,1205,0,1065,764,301,140,0.8838174273858921,0.6340248962655601,15.28,5.6308240383125545,11.719718514404782,15.673900676916588,22.028983190705603,1.5713889146001854,2.24271484203576,0.8987417686186506,0.33637741301684004,128.06262067130635,28.143782840569937,30,0.8111461130472893,0.9265882267461306,0.20283090283944682,67.37905117600758,17.88389683393283,{}
test,drift,hetero,med,spread,1007,1.0,1.0456549367522738,0.5463139461698674,1.0456549367522738,23.182199844769,50.0,8.0,12.0,1205,1205,0,1059,747,312,146,0.8788381742738589,0.6199170124481328,14.94,5.90287478019046,11.945581933198923,15.945951418794495,22.342724754410618,1.5986230280984777,2.2632391600044177,0.8974025065543677,0.33367824648496813,133.9315915759086,29.53941349576487,30,0.7810556334349091,0.9483127512936066,0.2371308262089172,67.38316398636563,17.882805269337318,{}
test,drift,hetero,med,tetris,1007,1.0,1.0456549367522738,0.5463139461698674,1.0456549367522738,23.182199844769,50.0,8.0,12.0,1205,1205,0,1067,775,292,138,0.8854771784232365,0.6431535269709544,15.5,5.7182444093765,12.102248524487482,15.761321047980536,22.80726582849804,1.580133565310516,2.305552151073305,0.8957912527333199,0.3303368955922602,128.7892773926337,29.310833731030584,30,0.7968374720298227,0.9402921872914761,0.19073998101078135,67.79259510932481,17.774802661806547,{}
test,drift,hetero,med,hybrid,1007,1.0,1.0456549367522738,0.5463139461698674,1.0456549367522738,23.182199844769,50.0,8.0,12.0,1205,1205,0,1071,781,290,134,0.8887966804979253,0.6481327800829876,15.62,5.502273083497101,11.819221643216665,15.545349722101136,22.377253782487905,1.5583355883758785,2.268882273244043,0.8968388739929708,0.3354393767991111,124.9053397569542,29.18799795126454,30,0.8117025463948507,0.9418061329870752,0.185371428886741,67.57397764025716,17.832308265395376,"{'alpha': 0.1, 'beta': 0.9, 'gamma': 0.0, 'source': 'phase3_tuning'}"
test,drift,hetero,med,binpack,1008,1.0,1.006009121397011,0.5621379169700707,1.006009121397011,21.573304212821988,50.0,8.0,12.0,1089,1089,0,974,712,262,115,0.8943985307621671,0.6538108356290174,14.24,4.606712862386726,10.90365877028756,14.590943126817153,20.799646127185188,1.4738212021254264,2.1704451919119263,0.8744161356411273,0.35466260859061693,94.07867837981132,28.120140026640332,30,0.7145559173045599,0.9526869651420415,0.29002654224957625,66.93762904487518,16.268876199214215,{}
test,drift,hetero,med,spread,1008,1.0,1.006009121397011,0.5621379169700707,1.006009121397011,21.573304212821988,50.0,8.0,12.0,1089,1089,0,990,728,262,99,0.9090909090909091,0.6685032139577594,14.56,4.211241435723558,10.638819729205045,14.195471700153984,20.789051231848415,1.433911069071052,2.1005261680498273,0.8815296213538099,0.3688734386954342,86.61928379630365,29.614713814620053,30,0.7545189144408224,0.9673226832671088,0.23958722390426918,66.6564382178715,16.337506610247054,{}
test,drift,hetero,med,tetris,1008,1.0,1.006009121397011,0.5621379169700707,1.006009121397011,21.573304212821988,50.0,8.0,12.0,1089,1089,0,989,723,266,100,0.9081726354453628,0.6639118457300276,14.46,4.2726392084759475,11.472012707737477,14.256869472906374,21.40804745466757,1.4398320312168054,2.2263524392465843,0.8808000472988639,0.3647865815047838,87.30687877205602,29.226300591682467,30,0.78779305070865,0.9607569709858146,0.21120397242941583,66.78114842864807,16.306997193430057,{}
test,drift,hetero,med,hybrid,1008,1.0,1.006009121397011,0.5621379169700707,1.006009121397011,21.573304212821988,50.0,8.0,12.0,1089,1089,0,985,727,258,104,0.9044995408631772,0.667584940312213,14.54,4.287468840617008,11.089744275291949,14.271699105047434,21.196412985060142,1.4416445584328244,2.1906270487927597,0.8789184333573664,0.3643661494056195,87.31563523496179,29.046741331153875,30,0.7542927360377156,0.9472089681914252,0.2588622356049155,66.86408030544331,16.286771537502865,"{'alpha': 0.1, 'beta': 0.9, 'gamma': 0.0, 'source': 'phase3_tuning'}"
test,drift,hetero,med,binpack,1009,1.0,1.0299423369834506,0.5268402300775408,1.0299423369834506,22.05188582496318,50.0,8.0,12.0,1140,1140,0,999,711,288,141,0.8763157894736842,0.6236842105263158,14.22,5.543418906861451,12.574780183078708,15.532119981626398,22.370947816101584,1.5638960457781592,2.270741641622511,0.8918346219460096,0.3187400700352381,118.48412329418404,28.16924352242307,30,0.7678831454862085,0.9344537324668514,0.2245823846609257,67.04145275614121,17.004404784405157,{}
test,drift,hetero,med,spread,1009,1.0,1.0299423369834506,0.5268402300775408,1.0299423369834506,22.05188582496318,50.0,8.0,12.0,1140,1140,0,1010,715,295,130,0.8859649122807017,0.6271929824561403,14.3,5.337929090306947,13.141919767826554,15.326630165071892,23.18727314090729,1.543298509196858,2.344886777643547,0.8961365156232941,0.32995785784441467,114.65298263842635,29.623087077926662,30,0.7791722032634898,0.9400544093426596,0.23881686057209628,66.59557675339045,17.118254027914272,{}
test,drift,hetero,med,tetris,1009,1.0,1.0299423369834506,0.5268402300775408,1.0299423369834506,22.05188582496318,50.0,8.0,12.0,1140,1140,0,1017,733,284,123,0.8921052631578947,0.6429824561403509,14.66,5.114950469162934,13.39157830568113,15.10365154392788,23.45759124936682,1.5212357140852546,2.4177351956107773,0.891752834734678,0.3301915538890642,109.92259018696433,29.234452239541486,30,0.8300908422733488,0.9047925387185924,0.2156497254990365,66.90878395120367,17.038121643809845,{}
test,drift,hetero,med,hybrid,1009,1.0,1.0299423369834506,0.5268402300775408,1.0299423369834506,22.05188582496318,50.0,8.0,12.0,1140,1140,0,1004,729,275,136,0.8807017543859649,0.6394736842105263,14.58,5.347282687949564,13.390384904561984,15.33598376271451,23.631358110043728,1.544808398178675,2.3874198053484825,0.8892313632478702,0.32082070984666466,113.78618511298431,29.137382131519516,30,0.7961895152954147,0.9080801172063295,0.2347417846540855,67.08817899116417,16.992561389244795,"{'alpha': 0.1, 'beta': 0.9, 'gamma': 0.0, 'source': 'phase3_tuning'}"
test,drift,hetero,high,binpack,1000,1.3,1.3580718223237893,0.7929998588077898,1.3580718223237893,29.42173630562207,50.0,8.0,12.0,1545,1545,0,971,734,237,574,0.6284789644012945,0.47508090614886733,14.68,13.436195064167938,24.121007788199435,23.40597416867513,34.85330676247919,2.364849790670919,3.6840683043205904,0.9328312630858729,0.2814376289975916,296.4076467968361,28.732426362263304,30,0.9664679074420665,0.6658384811622059,0.34149171803389217,85.041535453736,18.167592950394287,{}
test,drift,hetero,high,spread,1000,1.3,1.3580718223237893,0.7929998588077898,1.3580718223237893,29.42173630562207,50.0,8.0,12.0,1545,1545,0,982,751,231,563,0.6355987055016181,0.486084142394822,15.02,13.27785645496839,24.222604882897983,23.24763555947558,35.132951839415604,2.34918996766074,3.7345708348422777,0.9326066185403599,0.2846236619947983,290.31163999189727,29.623254686906908,30,0.9791574639796893,0.6571866646232485,0.3362829754947128,85.14938131384844,18.144582804487456,{}
test,drift,hetero,high,tetris,1000,1.3,1.3580718223237893,0.7929998588077898,1.3580718223237893,29.42173630562207,50.0,8.0,12.0,1545,1545,0,982,744,238,563,0.6355987055016181,0.4815533980582524,14.88,13.130296040443026,23.284855799105323,23.100075144950218,34.41604638163743,2.333977133989405,3.65680363976206,0.9322170129594312,0.28599438826265944,291.3069044544414,29.392542847727746,30,0.9794798687726446,0.6675492324598017,0.3288541990362852,84.85167800478015,18.208243329176845,{}
test,drift,hetero,high,hybrid,1000,1.3,1.3580718223237893,0.7929998588077898,1.3580718223237893,29.42173630562207,50.0,8.0,12.0,1545,1545,0,981,743,238,564,0.6349514563106796,0.4809061488673139,14.86,13.374145362039682,23.865118802846162,23.343924466546873,34.972626133776075,2.3593240104640474,3.7467199460094607,0.9328471558180262,0.29391674433682796,290.61295387923434,29.29680550577593,30,0.9814342807352135,0.6624422192608601,0.3325383872511611,85.24748622513434,18.123701570738785,"{'alpha': 0.1, 'beta': 0.9, 'gamma': 0.0, 'source': 'phase3_tuning'}"
test,drift,hetero,high,binpack,1001,1.3,1.2684051239357614,0.7956309381907808,1.2684051239357614,31.23394487231195,50.0,8.0,12.0,1516,1516,0,1071,789,282,445,0.7064643799472295,0.5204485488126649,15.78,11.91038107332681,22.04942790834788,21.9467365742772,32.652567389213914,2.202214659361205,3.400487714276106,0.9285409586464785,0.31505558369409176,274.5009896689915,28.690023166506027,30,0.94574039741279,0.8301018366725519,0.19661898752832319,82.34400608247158,18.41056893056249,{}
test,drift,hetero,high,spread,1001,1.3,1.2684051239357614,0.7956309381907808,1.2684051239357614,31.23394487231195,50.0,8.0,12.0,1516,1516,0,1024,765,259,492,0.6754617414248021,0.5046174142480211,15.3,12.169308446330339,22.64897695689919,22.205663947280726,32.575748055257876,2.2280026374834976,3.361076837472169,0.9273661614095423,0.3152494425396415,279.1744588367285,29.6981523574324,30,0.9123237927175903,0.8377167946386744,0.22935963632626588,82.68109142356701,18.33551025873235,{}
test,drift,hetero,high,tetris,1001,1.3,1.2684051239357614,0.7956309381907808,1.2684051239357614,31.23394487231195,50.0,8.0,12.0,1516,1516,0,1039,780,259,477,0.6853562005277045,0.5145118733509235,15.6,11.754421253518908,21.59864664671978,21.790776754469295,32.18203908440114,2.185981065734597,3.3344237809073163,0.9307119229864559,0.32161729546667794,272.5359332350528,29.400394270641176,30,0.9210073066766584,0.8204439417710422,0.23458968822412268,82.29662101002528,18.421169440423593,{}
test,drift,hetero,high,hybrid,1001,1.3,1.2684051239357614,0.7956309381907808,1.2684051239357614,31.23394487231195,50.0,8.0,12.0,1516,1516,0,1041,767,274,475,0.6866754617414248,0.5059366754617414,15.34,11.827945001474871,22.609955812523893,21.864300502425262,32.52025652310593,2.193580813239237,3.3879145993887634,0.9283829018835301,0.3210768443909883,274.57447357129473,29.291304014842826,30,0.941938647182127,0.8453653432893196,0.18289967706721805,82.30019764513742,18.420368885828193,"{'alpha': 0.1, 'beta': 0.9, 'gamma': 0.0, 'source': 'phase3_tuning'}"
test,drift,hetero,high,binpack,1002,1.3,1.3127997237619236,0.8539549245717535,1.3127997237619236,31.59856725445208,50.0,8.0,12.0,1596,1596,0,1023,777,246,573,0.6409774436090225,0.4868421052631579,15.54,13.398412835887168,24.536828344394088,23.367194698229493,35.377052868528025,2.3613247811235896,3.7257452153059125,0.9317032583931133,0.2973187743517885,299.51529502838514,28.627076447963976,30,0.9741452686767942,0.7037348838898507,0.2906217672570142,86.24352514647858,18.505737065934007,{}
test,drift,hetero,high,spread,1002,1.3,1.3127997237619236,0.8539549245717535,1.3127997237619236,31.59856725445208,50.0,8.0,12.0,1596,1596,0,1003,780,223,593,0.6284461152882206,0.48872180451127817,15.6,13.493518771510349,25.075041614289965,23.46230063385267,35.859953861831364,2.370580273951372,3.783090754918647,0.9293209315021831,0.29802509880898725,295.8641679057246,29.74097262503017,30,0.9606266315633344,0.6548053291750892,0.36187519042695054,86.55077366442866,18.44004313800764,{}
test,drift,hetero,high,tetris,1002,1.3,1.3127997237619236,0.8539549245717535,1.3127997237619236,31.59856725445208,50.0,8.0,12.0,1596,1596,0,1056,806,250,540,0.6616541353383458,0.5050125313283208,16.12,12.41085575248561,23.597496488486243,22.379637614827935,34.539484640586785,2.2602851581964725,3.652486264617145,0.9296487332612053,0.32460026179713786,280.6102629169914,29.372663449101907,30,0.9629308368827503,0.7045458366726602,0.30357642566109855,85.26115937478998,18.71895728023498,{}
test,drift,hetero,high,hybrid,1002,1.3,1.3127997237619236,0.8539549245717535,1.3127997237619236,31.59856725445208,50.0,8.0,12.0,1596,1596,0,1048,800,248,548,0.656641604010025,0.5012531328320802,16.0,12.680110253959832,24.038204803023547,22.648892116302154,35.0305228257973,2.2879004336385433,3.715123898342999,0.9301843464406435,0.3146717205309112,284.35626021804984,29.196459909883323,30,0.9572283906929466,0.702229384547666,0.3154246829541682,85.9751851593313,18.563495932486262,"{'alpha': 0.1, 'beta': 0.9, 'gamma': 0.0, 'source': 'phase3_tuning'}"
test,drift,hetero,high,binpack,1003,1.3,1.2498035573370168,0.7068501560304964,1.2498035573370168,30.73762117395184,50.0,8.0,12.0,1476,1476,0,983,742,241,493,0.6659891598915989,0.502710027100271,14.84,11.146223107522818,19.900407031752884,21.14802876321788,30.649210261628745,2.131186310165696,3.250334624431581,0.9281594654209121,0.2589282804562803,247.16013781835747,28.69450381223208,30,0.965835448407266,0.66754581305691,0.33910324903848515,80.67980854747705,18.294540190082742,{}
test,drift,hetero,high,spread,1003,1.3,1.2498035573370168,0.7068501560304964,1.2498035573370168,30.73762117395184,50.0,8.0,12.0,1476,1476,0,1020,787,233,456,0.6910569105691057,0.5331978319783198,15.74,10.138514437404824,19.69333542475188,20.140320093099888,30.14369611880082,2.0292674430308155,3.190020279835333,0.9278308749013398,0.2862078860290438,226.32662112438638,29.739542679384826,30,0.9847407160828282,0.5869416795630541,0.4048818639070913,79.53619928213435,18.55758778168752,{}
test,drift,hetero,high,tetris,1003,1.3,1.2498035573370168,0.7068501560304964,1.2498035573370168,30.73762117395184,50.0,8.0,12.0,1476,1476,0,1051,811,240,425,0.712059620596206,0.5494579945799458,16.22,9.545260473809067,18.948296763647658,19.54706612950413,29.884468604854234,1.9692030456271106,3.160495625259172,0.9270068287006016,0.30352189162129123,214.14446933436201,29.50760943130761,30,0.9789520146898442,0.6132250000757373,0.385835827834655,78.6932960867412,18.756362656013934,{}
test,drift,hetero,high,hybrid,1003,1.3,1.2498035573370168,0.7068501560304964,1.2498035573370168,30.73762117395184,50.0,8.0,12.0,1476,1476,0,1038,795,243,438,0.7032520325203252,0.5386178861788617,15.9,10.100462673807554,19.36344191696365,20.102268329502618,30.340996770807124,2.025318934042439,3.2156369462469376,0.9277664961681463,0.2832362290274015,223.71565348238525,29.40193399896324,30,0.9757123807812635,0.6118183048205879,0.388493032805043,80.06745182449065,18.43445702799959,"{'alpha': 0.1, 'beta': 0.9, 'gamma': 0.0, 'source': 'phase3_tuning'}"
test,drift,hetero,high,binpack,1004,1.3,1.2776591617343147,0.7481121234002546,1.2776591617343147,28.612414036037077,50.0,8.0,12.0,1399,1399,0,968,718,250,431,0.6919228020014296,0.5132237312365976,14.36,11.483132881405176,20.351119570014617,21.509202104896,31.419711844247708,2.1612328285703546,3.277678778251017,0.9198039688610232,0.30551766551441534,249.7632697663092,28.451546263960743,30,0.9440302678262462,0.8054475705028544,0.2147652379054648,81.10244666490935,17.249787861274303,{}
test,drift,hetero,high,spread,1004,1.3,1.2776591617343147,0.7481121234002546,1.2776591617343147,28.612414036037077,50.0,8.0,12.0,1399,1399,0,951,721,230,448,0.679771265189421,0.5153681200857756,14.42,11.550855032026966,19.91093665874935,21.576924255517792,31.08143869150245,2.1679622154440894,3.285653685012585,0.920270415299352,0.3063797953292486,248.73407319625258,29.57470600467039,30,0.9678592555625366,0.7496917718070145,0.2621407021974468,81.00360602448893,17.270836061015057,{}
test,drift,hetero,high,tetris,1004,1.3,1.2776591617343147,0.7481121234002546,1.2776591617343147,28.612414036037077,50.0,8.0,12.0,1399,1399,0,993,737,256,406,0.7097927090779128,0.5268048606147248,14.74,11.177337031307122,20.711532861646305,21.203406254797947,31.73308142406787,2.1302369225998814,3.2666227644744525,0.9174183634099916,0.3110435306893423,241.97671618856302,29.37868138685198,30,0.9505292783420944,0.787659097412114,0.2399779018060563,81.17001661958317,17.23542828082255,{}
test,drift,hetero,high,hybrid,1004,1.3,1.2776591617343147,0.7481121234002546,1.2776591617343147,28.612414036037077,50.0,8.0,12.0,1399,1399,0,946,704,242,453,0.6761972837741244,0.503216583273767,14.08,11.817180766417035,21.44491446419432,21.843249989907857,32.3749272503424,2.195277466145431,3.3629000194679426,0.920323870467612,0.29536700345718353,252.41667802758002,29.257782933240783,30,0.9362533528520793,0.771376627644689,0.25752031475596887,82.42931210216892,16.972117858583815,"{'alpha': 0.1, 'beta': 0.9, 'gamma': 0.0, 'source': 'phase3_tuning'}"
test,drift,hetero,high,binpack,1005,1.3,1.2895511182248671,0.7730790823476555,1.2895511182248671,30.08876307951717,50.0,8.0,12.0,1490,1490,0,1039,787,252,451,0.6973154362416107,0.5281879194630873,15.74,11.340258519837855,20.519950124937886,21.378375138279463,31.787402175675865,2.145569373131693,3.399942695206345,0.928982810089297,0.3275907215376239,256.8544909050854,28.70183831524925,30,0.9528643979685137,0.7291057585859811,0.2938078373919469,82.07939488474345,18.153155272310062,{}
test,drift,hetero,high,spread,1005,1.3,1.2895511182248671,0.7730790823476555,1.2895511182248671,30.08876307951717,50.0,8.0,12.0,1490,1490,0,1067,814,253,423,0.7161073825503356,0.5463087248322148,16.28,10.556136949223195,19.970972936684184,20.5942535676648,31.058963473928287,2.0666223832184616,3.266900663637316,0.929826029815516,0.34852664535778966,242.51483552327213,29.673020442646248,30,0.9564147535671619,0.7103670193289416,0.309345962385187,80.65159280865993,18.47452664121485,{}
test,drift,hetero,high,tetris,1005,1.3,1.2895511182248671,0.7730790823476555,1.2895511182248671,30.08876307951717,50.0,8.0,12.0,1490,1490,0,1054,804,250,436,0.7073825503355705,0.5395973154362416,16.08,10.809664077317287,20.351634504819835,20.847780695758892,31.541700182604146,2.0922451981725083,3.3357289385610898,0.9300433418114128,0.3453887747988209,245.86310776707262,29.375151481574022,30,0.9733386279772045,0.7183809943118901,0.2812540493964477,81.35121604386434,18.31564508140353,{}
test,drift,hetero,high,hybrid,1005,1.3,1.2895511182248671,0.7730790823476555,1.2895511182248671,30.08876307951717,50.0,8.0,12.0,1490,1490,0,1065,813,252,425,0.714765100671141,0.5456375838926174,16.26,10.759816919648186,20.335215697684912,20.797933538089794,31.380143033552123,2.0869976449313246,3.3257570239600125,0.9286094966486441,0.33702027092641473,244.5291415354892,29.274060826209517,30,0.9501978452247228,0.6830816025331707,0.3387491708058619,81.38973311550984,18.306977341790322,"{'alpha': 0.1, 'beta': 0.9, 'gamma': 0.0, 'source': 'phase3_tuning'}"
test,drift,hetero,high,binpack,1006,1.3,1.3022560122407676,0.7379655334036328,1.3022560122407676,28.929064533343695,50.0,8.0,12.0,1450,1450,0,976,747,229,474,0.6731034482758621,0.5151724137931034,14.94,11.527824660379702,20.934786148555773,21.53220666500595,31.651858310865713,2.168190673538494,3.3503127072162138,0.9373402300613836,0.28892861856797114,250.37781201880128,28.81933177855993,30,0.9667727873871276,0.6081764060912694,0.40294323895083123,82.3564400285602,17.606394830776534,{}
test,drift,hetero,high,spread,1006,1.3,1.3022560122407676,0.7379655334036328,1.3022560122407676,28.929064533343695,50.0,8.0,12.0,1450,1450,0,1009,769,240,441,0.6958620689655173,0.5303448275862069,15.38,11.199954375018882,21.83515691406895,21.204336379645127,32.20825609790753,2.1350412493273536,3.3664933003962836,0.9391106684649134,0.302233904080183,244.12791959181075,29.70716638659271,30,0.9918145145876808,0.6199451408010842,0.37186937378659657,81.8753104765703,17.70985650692508,{}
test,drift,hetero,high,tetris,1006,1.3,1.3022560122407676,0.7379655334036328,1.3022560122407676,28.929064533343695,50.0,8.0,12.0,1450,1450,0,1047,798,249,403,0.7220689655172414,0.5503448275862068,15.96,10.662896655358319,22.966114389065925,20.667278659984564,32.95691201492754,2.081130615177867,3.40105736463226,0.9338066788752095,0.3218023822954151,232.43247153529254,29.3935563720263,30,0.9818768609299128,0.6500402605104317,0.34635414045027785,81.27490457818791,17.840685357004315,{}
test,drift,hetero,high,hybrid,1006,1.3,1.3022560122407676,0.7379655334036328,1.3022560122407676,28.929064533343695,50.0,8.0,12.0,1450,1450,0,979,744,235,471,0.6751724137931034,0.5131034482758621,14.88,11.700611890194956,21.729332919269318,21.704993894821204,32.43567355950704,2.185842272840125,3.423558716029606,0.936840684727924,0.2859233416903013,252.18610221446804,29.334481163358017,30,0.991665191153707,0.5970722843983088,0.39648044886698863,82.99102021490991,17.471769792022602,"{'alpha': 0.1, 'beta': 0.9, 'gamma': 0.0, 'source': 'phase3_tuning'}"
test,drift,hetero,high,binpack,1007,1.3,1.334224113009535,0.6998099503005875,1.334224113009535,30.1368597981997,50.0,8.0,12.0,1545,1545,0,1039,745,294,506,0.6724919093851133,0.48220064724919093,14.9,12.941082624514818,20.785689727845565,22.95524774004934,32.23855524409297,2.3120226204864887,3.4579461981847333,0.9228581994865283,0.2540818283819839,305.8246253514288,28.4217685264414,30,0.940233840147182,0.7981440329138465,0.2399968157812789,80.7964166828571,19.1221351568653,{}
test,drift,hetero,high,spread,1007,1.3,1.334224113009535,0.6998099503005875,1.334224113009535,30.1368597981997,50.0,8.0,12.0,1545,1545,0,1026,751,275,519,0.6640776699029126,0.486084142394822,15.02,12.696774388818666,20.37783697151623,22.71093950435319,31.650213988978685,2.2875742656074274,3.3930138368083735,0.9221165509225471,0.25843486448684366,302.5011939551075,29.60676864418268,30,0.9422785374356177,0.7446891858684797,0.2953264581174687,80.30070695042367,19.24017930444694,{}
test,drift,hetero,high,tetris,1007,1.3,1.334224113009535,0.6998099503005875,1.334224113009535,30.1368597981997,50.0,8.0,12.0,1545,1545,0,1082,794,288,463,0.7003236245954693,0.513915857605178,15.88,12.006195016985886,20.551964949643377,22.020360132520413,32.10043255448841,2.217444220123482,3.377166154026363,0.9226705501675895,0.2767668980934041,287.45718263261693,29.32595121608826,30,0.9483280981637706,0.7755087488457676,0.2522537854796264,79.51000703878785,19.43151632782894,{}
test,drift,hetero,high,hybrid,1007,1.3,1.334224113009535,0.6998099503005875,1.334224113009535,30.1368597981997,50.0,8.0,12.0,1545,1545,0,1054,788,266,491,0.6822006472491909,0.510032362459547,15.76,12.198775569705576,20.86153892221332,22.2129406852401,32.19202912385117,2.2373173812071148,3.4383208627049093,0.9227020472972599,0.2769037897545429,287.63998130390905,29.245970858581835,30,0.9529197426320005,0.6900707939939845,0.33525579388905963,80.26168477975656,19.249533625410223,"{'alpha': 0.1, 'beta': 0.9, 'gamma': 0.0, 'source': 'phase3_tuning'}"
test,drift,hetero,high,binpack,1008,1.3,1.3112877248247066,0.733785078822531,1.3112877248247066,28.045295476668585,50.0,8.0,12.0,1414,1414,0,941,716,225,473,0.6654879773691655,0.5063649222065064,14.32,12.312787738082603,22.463232679268373,22.302790491586684,32.854946552733594,2.2519833573118593,3.4938577236115615,0.9260461262813675,0.26917662268871334,254.9619381678396,28.596743545317327,30,0.9863319663383864,0.6147903430273076,0.37243119602666913,83.77950868328273,16.87763538152794,{}
test,drift,hetero,high,spread,1008,1.3,1.3112877248247066,0.733785078822531,1.3112877248247066,28.045295476668585,50.0,8.0,12.0,1414,1414,0,983,744,239,431,0.6951909476661952,0.5261669024045261,14.88,11.391869614292878,21.549813500459315,21.38187236779696,32.19393174262077,2.1584073704108335,3.4292109641966744,0.9258071344391843,0.3007006820444664,239.05804036413912,29.68746649541523,30,0.9880478263796534,0.6291394293175789,0.35976458912153514,82.67760468186148,17.102575787493944,{}
test,drift,hetero,high,tetris,1008,1.3,1.3112877248247066,0.733785078822531,1.3112877248247066,28.045295476668585,50.0,8.0,12.0,1414,1414,0,952,730,222,462,0.6732673267326733,0.5162659123055162,14.6,11.684747044242712,21.872840067627862,21.674749797746795,32.739252969964014,2.1875201359824246,3.4860846660363585,0.9238108298304115,0.28610561663346995,241.8090498091029,29.425447248061154,30,0.9844234460654305,0.6006248466707746,0.3865206917227457,83.45810733799082,16.942631999471853,{}
test,drift,hetero,high,hybrid,1008,1.3,1.3112877248247066,0.733785078822531,1.3112877248247066,28.045295476668585,50.0,8.0,12.0,1414,1414,0,971,742,229,443,0.6867043847241867,0.5247524752475248,14.84,11.364952139211582,21.826659400591282,21.35495489271566,32.61283521929102,2.1552954008618204,3.4700295554742944,0.9251426160655555,0.2982530279656869,235.96077220122282,29.333054005005465,30,0.9887648752735244,0.6245606902634292,0.3650454210838843,82.86505276820931,17.063888246776965,"{'alpha': 0.1, 'beta': 0.9, 'gamma': 0.0, 'source': 'phase3_tuning'}"
test,drift,hetero,high,binpack,1009,1.3,1.3035613932684726,0.6675586214323883,1.3035613932684726,28.667451572452137,50.0,8.0,12.0,1437,1437,0,944,720,224,493,0.6569241475295755,0.5010438413361169,14.4,12.758226726682002,21.903822788638653,22.776812416656604,32.659742134041025,2.290808794857867,3.4708335182909447,0.9347769508605457,0.2529679545516155,280.2552601472319,28.708758892926816,30,0.9892324966277628,0.5626341017184301,0.4284225559954554,80.68580163005566,17.809824913045343,{}
test,drift,hetero,high,spread,1009,1.3,1.3035613932684726,0.6675586214323883,1.3035613932684726,28.667451572452137,50.0,8.0,12.0,1437,1437,0,1018,756,262,419,0.708420320111343,0.5260960334029228,15.12,11.198210446345632,21.00039597938746,21.216796136320234,31.32369017583773,2.1332545361017177,3.2682911713868292,0.9325782130895799,0.28366443097858857,256.9363522993852,29.705817736514568,30,0.9774483654865516,0.686844805283988,0.3137735259475622,78.34574885450772,18.34177375301609,{}
test,drift,hetero,high,tetris,1009,1.3,1.3035613932684726,0.6675586214323883,1.3035613932684726,28.667451572452137,50.0,8.0,12.0,1437,1437,0,1043,791,252,394,0.7258176757132916,0.5504523312456506,15.82,10.653749521812442,21.553763513887766,20.672335211787043,32.28156050400038,2.078233582674799,3.326009654990975,0.9303250061978148,0.3030693822038781,243.0950271062469,29.51351566845446,30,0.9737338317788894,0.6412664707709145,0.36184499368765816,77.23551840449647,18.605429596188756,{}
test,drift,hetero,high,hybrid,1009,1.3,1.3035613932684726,0.6675586214323883,1.3035613932684726,28.667451572452137,50.0,8.0,12.0,1437,1437,0,1060,797,263,377,0.7376478775226165,0.5546276965901183,15.94,10.484244071517118,23.06567016915354,20.502829761491718,33.99635261637225,2.06147595210066,3.448754079812847,0.9291831226767424,0.3031520113655427,241.8537286910643,29.450715820138033,30,0.954114659261967,0.7204605094723938,0.30284822317222015,77.151396346419,18.625716034324228,"{'alpha': 0.1, 'beta': 0.9, 'gamma': 0.0, 'source': 'phase3_tuning'}"
test,pred_error,homog,low,binpack,1000,0.7,0.7119464259656041,0.17343331200666187,0.7119464259656041,11.357746478873239,50.0,8.0,12.0,585,585,0,585,468,117,0,1.0,0.8,9.36,0.0,0.0,9.89878352681229,11.68577086688201,1.0,1.0000000000000004,0.6418479814285609,0.1561659788923296,0.0,21.878343242712255,24,0.7083333333333334,0.18125,0.5270833333333333,61.981666383908156,9.438274801722324,{}
test,pred_error,homog,low,spread,1000,0.7,0.7119464259656041,0.17343331200666187,0.7119464259656041,11.357746478873239,50.0,8.0,12.0,585,585,0,585,468,117,0,1.0,0.8,9.36,0.0,0.0,9.89878352681229,11.68577086688201,1.0,1.0000000000000004,0.6418479814285609,0.1561659788923296,0.0,29.0301404134534,30,0.7083333333333334,0.18125,0.5270833333333333,61.981666383908156,9.438274801722324,{}
test,pred_error,homog,low,tetris,1000,0.7,0.7119464259656041,0.17343331200666187,0.7119464259656041,11.357746478873239,50.0,8.0,12.0,585,585,0,585,468,117,0,1.0,0.8,9.36,0.00037772314173614816,0.0,9.899161249954025,11.68577086688201,1.0000447369220309,1.0000000000000004,0.6417988774201352,0.15615861329106576,0.004419360758312934,29.0301404134534,30,0.7083333333333334,0.18125,0.5270833333333333,61.981666383908156,9.438274801722324,{}
test,pred_error,homog,low,hybrid,1000,0.7,0.7119464259656041,0.17343331200666187,0.7119464259656041,11.357746478873239,50.0,8.0,12.0,585,585,0,585,468,117,0,1.0,0.8,9.36,0.0,0.0,9.89878352681229,11.68577086688201,1.0,1.0000000000000004,0.6418479814285609,0.1561659788923296,0.0,28.741779778501204,30,0.7083333333333334,0.18125,0.5270833333333333,61.981666383908156,9.438274801722324,"{'alpha': 0.1, 'beta': 0.9, 'gamma': 0.0, 'source': 'phase3_tuning'}"
test,pred_error,homog,low,binpack,1001,0.7,0.7044619488491317,0.1729133728130163,0.7044619488491317,11.357746478873239,50.0,8.0,12.0,570,570,0,570,440,130,0,1.0,0.7719298245614035,8.8,0.0,0.0,10.046576052156897,11.815601833372929,1.0,1.0000000000000004,0.6254965005800819,0.15368571061464517,0.0,21.300610888484783,27,0.8246527777777778,0.20104166666666667,0.6236111111111111,60.82236788617196,9.371552272787955,{}
test,pred_error,homog,low,spread,1001,0.7,0.7044619488491317,0.1729133728130163,0.7044619488491317,11.357746478873239,50.0,8.0,12.0,570,570,0,570,440,130,0,1.0,0.7719298245614035,8.8,0.0,0.0,10.046576052156897,11.815601833372929,1.0,1.0000000000000004,0.6254965005800819,0.15368571061464517,0.0,29.24302343895127,30,0.8246527777777779,0.20104166666666667,0.6236111111111111,60.82236788617196,9.371552272787955,{}
test,pred_error,homog,low,tetris,1001,0.7,0.7044619488491317,0.1729133728130163,0.7044619488491317,11.357746478873239,50.0,8.0,12.0,570,570,0,570,440,130,0,1.0,0.7719298245614035,8.8,0.0017067515542501933,0.0,10.048282803711148,11.815601833372929,1.0001824488978044,1.0000000000000004,0.6252803120498767,0.1536532823351144,0.019456967718452206,29.24536881044758,30,0.8246527777777778,0.20104166666666667,0.6236111111111111,60.82236788617196,9.371552272787955,{}
test,pred_error,homog,low,hybrid,1001,0.7,0.7044619488491317,0.1729133728130163,0.7044619488491317,11.357746478873239,50.0,8.0,12.0,570,570,0,570,440,130,0,1.0,0.7719298245614035,8.8,0.0,0.0,10.046576052156897,11.815601833372929,1.0,1.0000000000000004,0.6254965005800819,0.15368571061464517,0.0,28.82651543133932,30,0.8246527777777778,0.20104166666666667,0.6236111111111111,60.82236788617196,9.371552272787955,"{'alpha': 0.1, 'beta': 0.9, 'gamma': 0.0, 'source': 'phase3_tuning'}"
test,pred_error,homog,low,binpack,1002,0.7,0.6964528576249628,0.17144411234579426,0.6964528576249628,11.357746478873239,50.0,8.0,12.0,567,567,0,567,448,119,0,1.0,0.7901234567901234,8.96,0.0,0.0,9.964353120163976,11.789594486043502,1.0,1.0000000000000004,0.6120870504658724,0.15330546171062617,0.0,21.11725440577883,26,0.7805555555555556,0.17958333333333334,0.6009722222222221,60.93616618016273,9.304819051523825,{}
test,pred_error,homog,low,spread,1002,0.7,0.6964528576249628,0.17144411234579426,0.6964528576249628,11.357746478873239,50.0,8.0,12.0,567,567,0,567,448,119,0,1.0,0.7901234567901234,8.96,0.0,0.0,9.964353120163976,11.789594486043502,1.0,1.0000000000000004,0.6120870504658724,0.15330546171062617,0.0,29.309789644514538,30,0.7805555555555556,0.17958333333333334,0.6009722222222221,60.93616618016273,9.304819051523825,{}
test,pred_error,homog,low,tetris,1002,0.7,0.6964528576249628,0.17144411234579426,0.6964528576249628,11.357746478873239,50.0,8.0,12.0,567,567,0,567,448,119,0,1.0,0.7901234567901234,8.96,0.0027220140753000475,0.0,9.967075134239275,11.799922038528507,1.0002615920993294,1.0000000000000004,0.6120870504658724,0.15330546171062617,0.03086763961390254,29.309043013934325,30,0.7805555555555556,0.17958333333333334,0.6009722222222221,60.93616618016273,9.304819051523825,{}
test,pred_error,homog,low,hybrid,1002,0.7,0.6964528576249628,0.17144411234579426,0.6964528576249628,11.357746478873239,50.0,8.0,12.0,567,567,0,567,448,119,0,1.0,0.7901234567901234,8.96,0.0006565697233528548,0.0,9.965009689887328,11.789594486043502,1.0000632253893933,1.0000000000000004,0.6120870504658724,0.15330546171062623,0.007445500662821374,29.006778205769887,30,0.7805555555555556,0.17958333333333334,0.6009722222222222,60.93616618016273,9.304819051523825,"{'alpha': 0.1, 'beta': 0.9, 'gamma': 0.0, 'source': 'phase3_tuning'}"
test,pred_error,homog,low,binpack,1003,0.7,0.6228524652883962,0.15318152106943883,0.6228524652883962,11.357746478873239,50.0,8.0,12.0,507,507,0,507,407,100,0,1.0,0.8027613412228797,8.14,0.0,0.0,10.013655986326402,11.846584094838267,1.0,1.0000000000000002,0.5617693820408275,0.1387010037107074,0.0,19.28903167164236,24,0.5923611111111111,0.14354166666666668,0.44881944444444444,61.662113362747576,8.222228729291299,{}
test,pred_error,homog,low,spread,1003,0.7,0.6228524652883962,0.15318152106943883,0.6228524652883962,11.357746478873239,50.0,8.0,12.0,507,507,0,507,407,100,0,1.0,0.8027613412228797,8.14,0.0,0.0,10.013655986326402,11.846584094838267,1.0,1.0000000000000002,0.5617693820408275,0.1387010037107074,0.0,29.358726909141623,30,0.5923611111111111,0.14354166666666668,0.44881944444444444,61.662113362747576,8.222228729291299,{}
test,pred_error,homog,low,tetris,1003,0.7,0.6228524652883962,0.15318152106943883,0.6228524652883962,11.357746478873239,50.0,8.0,12.0,507,507,0,507,407,100,0,1.0,0.8027613412228797,8.14,0.0,0.0,10.013655986326402,11.846584094838267,1.0,1.0000000000000002,0.5617693820408275,0.1387010037107074,0.0,29.349982266223723,30,0.5923611111111111,0.14354166666666668,0.44881944444444444,61.662113362747576,8.222228729291299,{}
test,pred_error,homog,low,hybrid,1003,0.7,0.6228524652883962,0.15318152106943883,0.6228524652883962,11.357746478873239,50.0,8.0,12.0,507,507,0,507,407,100,0,1.0,0.8027613412228797,8.14,0.0,0.0,10.013655986326402,11.846584094838267,1.0,1.0000000000000002,0.5617693820408275,0.1387010037107074,0.0,29.118013341925806,30,0.5923611111111111,0.14354166666666668,0.44881944444444444,61.662113362747576,8.222228729291299,"{'alpha': 0.1, 'beta': 0.9, 'gamma': 0.0, 'source': 'phase3_tuning'}"
test,pred_error,homog,low,binpack,1004,0.7,0.7069695391848323,0.172755366067691,0.7069695391848323,11.357746478873239,50.0,8.0,12.0,566,566,0,566,441,125,0,1.0,0.7791519434628975,8.82,0.0,0.0,10.084956992278169,11.806560437145269,1.0,1.0000000000000004,0.628309288027229,0.15466696211714162,0.0,21.246142834436387,28,0.8013888888888889,0.18270833333333333,0.6186805555555555,60.64933426369886,9.332336568429152,{}
test,pred_error,homog,low,spread,1004,0.7,0.7069695391848323,0.172755366067691,0.7069695391848323,11.357746478873239,50.0,8.0,12.0,566,566,0,566,441,125,0,1.0,0.7791519434628975,8.82,0.0,0.0,10.084956992278169,11.806560437145269,1.0,1.0000000000000004,0.628309288027229,0.15466696211714162,0.0,28.997098369965357,30,0.8013888888888889,0.18270833333333333,0.6186805555555555,60.64933426369886,9.332336568429152,{}
test,pred_error,homog,low,tetris,1004,0.7,0.7069695391848323,0.172755366067691,0.7069695391848323,11.357746478873239,50.0,8.0,12.0,566,566,0,566,441,125,0,1.0,0.7791519434628975,8.82,0.0007905112320376928,0.0,10.085747503510206,11.806560437145269,1.0000737623842035,1.0000000000000004,0.6282098592811547,0.15465204780523056,0.008948587146666681,28.997098369965357,30,0.8013888888888889,0.18270833333333333,0.6186805555555556,60.64933426369886,9.332336568429152,{}
test,pred_error,homog,low,hybrid,1004,0.7,0.7069695391848323,0.172755366067691,0.7069695391848323,11.357746478873239,50.0,8.0,12.0,566,566,0,566,441,125,0,1.0,0.7791519434628975,8.82,0.0003435445053341745,0.0,10.085300536783501,11.806560437145269,1.0000337441552716,1.0000000000000004,0.6282660777627803,0.15466048057747434,0.0038889238003828553,28.635934455958953,30,0.8013888888888889,0.18270833333333333,0.6186805555555556,60.64933426369886,9.332336568429152,"{'alpha': 0.1, 'beta': 0.9, 'gamma': 0.0, 'source': 'phase3_tuning'}"
test,pred_error,homog,low,binpack,1005,0.7,0.7175716409557721,0.1762418234556416,0.7175716409557721,11.357746478873239,50.0,8.0,12.0,581,581,0,581,469,112,0,1.0,0.8072289156626506,9.38,0.0,0.0,9.995357928358386,11.737932727526292,1.0,1.0000000000000004,0.6518153975905358,0.16130124389840828,0.0,22.582963949804306,23,0.6782986111111111,0.15760416666666668,0.5206944444444445,61.07723056708964,9.512546567772201,{}
test,pred_error,homog,low,spread,1005,0.7,0.7175716409557721,0.1762418234556416,0.7175716409557721,11.357746478873239,50.0,8.0,12.0,581,581,0,581,469,112,0,1.0,0.8072289156626506,9.38,0.0,0.0,9.995357928358386,11.737932727526292,1.0,1.0000000000000004,0.6518153975905358,0.16130124389840828,0.0,29.15054395516695,30,0.6782986111111111,0.15760416666666668,0.5206944444444445,61.07723056708964,9.512546567772201,{}
test,pred_error,homog,low,tetris,1005,0.7,0.7175716409557721,0.1762418234556416,0.7175716409557721,11.357746478873239,50.0,8.0,12.0,581,581,0,581,469,112,0,1.0,0.8072289156626506,9.38,1.8915370924220305e-05,0.0,9.99537684372931,11.737932727526292,1.0000022614084882,1.0000000000000004,0.651815397590536,0.16130124389840828,0.00021979661013943997,29.15054395516696,30,0.6782986111111111,0.15760416666666668,0.5206944444444445,61.07723056708964,9.512546567772201,{}
test,pred_error,homog,low,hybrid,1005,0.7,0.7175716409557721,0.1762418234556416,0.7175716409557721,11.357746478873239,50.0,8.0,12.0,581,581,0,581,469,112,0,1.0,0.8072289156626506,9.38,0.0,0.0,9.995357928358386,11.737932727526292,1.0,1.0000000000000004,0.6518153975905358,0.16130124389840828,0.0,29.027356584433974,30,0.6782986111111111,0.15760416666666668,0.5206944444444445,61.07723056708964,9.512546567772201,"{'alpha': 0.1, 'beta': 0.9, 'gamma': 0.0, 'source': 'phase3_tuning'}"
test,pred_error,homog,low,binpack,1006,0.7,0.710384494076854,0.17432726341837992,0.710384494076854,11.357746478873239,50.0,8.0,12.0,574,574,0,574,464,110,0,1.0,0.8083623693379791,9.28,0.0,0.0,10.011777222847838,11.826247321352206,1.0,1.0000000000000004,0.6457556281326698,0.1576353728829307,0.0,22.058944121246572,25,0.6654513888888889,0.17052083333333332,0.49493055555555554,61.40882668922207,9.34719047645871,{}
test,pred_error,homog,low,spread,1006,0.7,0.710384494076854,0.17432726341837992,0.710384494076854,11.357746478873239,50.0,8.0,12.0,574,574,0,574,464,110,0,1.0,0.8083623693379791,9.28,0.0,0.0,10.011777222847838,11.826247321352206,1.0,1.0000000000000004,0.6457556281326698,0.1576353728829307,0.0,29.36201181298288,30,0.6654513888888889,0.17052083333333332,0.49493055555555554,61.40882668922207,9.34719047645871,{}
test,pred_error,homog,low,tetris,1006,0.7,0.710384494076854,0.17432726341837992,0.710384494076854,11.357746478873239,50.0,8.0,12.0,574,574,0,574,464,110,0,1.0,0.8083623693379791,9.28,0.0,0.0,10.011777222847838,11.826247321352206,1.0,1.0000000000000004,0.6457556281326698,0.1576353728829307,0.0,29.36201181298288,30,0.6654513888888889,0.17052083333333332,0.49493055555555554,61.40882668922207,9.34719047645871,{}
test,pred_error,homog,low,hybrid,1006,0.7,0.710384494076854,0.17432726341837992,0.710384494076854,11.357746478873239,50.0,8.0,12.0,574,574,0,574,464,110,0,1.0,0.8083623693379791,9.28,0.0,0.0,10.011777222847838,11.826247321352206,1.0,1.0000000000000004,0.6457556281326698,0.1576353728829307,0.0,28.96875702447166,30,0.6654513888888889,0.17052083333333332,0.49493055555555554,61.40882668922207,9.34719047645871,"{'alpha': 0.1, 'beta': 0.9, 'gamma': 0.0, 'source': 'phase3_tuning'}"
test,pred_error,homog,low,binpack,1007,0.7,0.7168914467663806,0.17633156295385782,0.7168914467663806,11.357746478873239,50.0,8.0,12.0,580,580,0,580,452,128,0,1.0,0.7793103448275862,9.04,0.0,0.0,10.038231145374926,11.8622289024747,1.0,1.0000000000000004,0.6404561981862622,0.1582430596539016,0.0,21.598700415816655,26,0.771701388888889,0.19427083333333334,0.5774305555555556,60.65718729225463,9.56193364531528,{}
test,pred_error,homog,low,spread,1007,0.7,0.7168914467663806,0.17633156295385782,0.7168914467663806,11.357746478873239,50.0,8.0,12.0,580,580,0,580,452,128,0,1.0,0.7793103448275862,9.04,0.0001961155373441096,0.0,10.03842726091227,11.8622289024747,1.0000175672296407,1.0000000000000004,0.6404561981862622,0.1582430596539016,0.0022749402331916713,29.090197927049093,30,0.771701388888889,0.19427083333333334,0.5774305555555556,60.65718729225463,9.56193364531528,{}
test,pred_error,homog,low,tetris,1007,0.7,0.7168914467663806,0.17633156295385782,0.7168914467663806,11.357746478873239,50.0,8.0,12.0,580,580,0,580,452,128,0,1.0,0.7793103448275862,9.04,0.004767159324742626,0.0,10.042998304699669,11.871057243360449,1.0004814257530246,1.0000000000000004,0.6404561981862631,0.15824305965390173,0.05529904816701446,29.090197927049076,30,0.771701388888889,0.19427083333333334,0.5774305555555556,60.65718729225463,9.56193364531528,{}
test,pred_error,homog,low,hybrid,1007,0.7,0.7168914467663806,0.17633156295385782,0.7168914467663806,11.357746478873239,50.0,8.0,12.0,580,580,0,580,452,128,0,1.0,0.7793103448275862,9.04,0.006762683948371615,0.0,10.044993829323298,11.871057243360449,1.0006884841532528,1.0000000000000004,0.6404124517138595,0.1582364976830412,0.07844713380111074,28.933456165989426,30,0.771701388888889,0.19427083333333334,0.5774305555555556,60.65718729225463,9.56193364531528,"{'alpha': 0.1, 'beta': 0.9, 'gamma': 0.0, 'source': 'phase3_tuning'}"
test,pred_error,homog,low,binpack,1008,0.7,0.6817945234297358,0.16760021808582495,0.6817945234297358,11.357746478873239,50.0,8.0,12.0,554,554,0,554,434,120,0,1.0,0.7833935018050542,8.68,0.0,0.0,9.985823135471849,11.772546262431282,1.0,1.0000000000000004,0.6098756578726792,0.14971773194315632,0.0,21.135378179911505,24,0.7057291666666666,0.1765625,0.5291666666666667,61.9231682341742,8.946570658415668,{}
test,pred_error,homog,low,spread,1008,0.7,0.6817945234297358,0.16760021808582495,0.6817945234297358,11.357746478873239,50.0,8.0,12.0,554,554,0,554,434,120,0,1.0,0.7833935018050542,8.68,0.0,0.0,9.985823135471849,11.772546262431282,1.0,1.0000000000000004,0.6098756578726792,0.14971773194315632,0.0,29.272285771348916,30,0.7057291666666666,0.1765625,0.5291666666666667,61.9231682341742,8.946570658415668,{}
test,pred_error,homog,low,tetris,1008,0.7,0.6817945234297358,0.16760021808582495,0.6817945234297358,11.357746478873239,50.0,8.0,12.0,554,554,0,554,434,120,0,1.0,0.7833935018050542,8.68,0.0,0.0,9.985823135471849,11.772546262431282,1.0,1.0000000000000004,0.6098756578726792,0.14971773194315632,0.0,29.272179511494922,30,0.7057291666666666,0.1765625,0.5291666666666667,61.9231682341742,8.946570658415668,{}
test,pred_error,homog,low,hybrid,1008,0.7,0.6817945234297358,0.16760021808582495,0.6817945234297358,11.357746478873239,50.0,8.0,12.0,554,554,0,554,434,120,0,1.0,0.7833935018050542,8.68,4.8224102600093526e-05,0.0,9.98587135957445,11.772546262431282,1.0000057620738925,1.0000000000000004,0.6098756578726792,0.14971773194315632,0.0005343230568090363,28.9844758664449,30,0.7057291666666666,0.1765625,0.5291666666666667,61.9231682341742,8.946570658415668,"{'alpha': 0.1, 'beta': 0.9, 'gamma': 0.0, 'source': 'phase3_tuning'}"
test,pred_error,homog,low,binpack,1009,0.7,0.7140851113015946,0.1743086472117687,0.7140851113015946,11.357746478873239,50.0,8.0,12.0,579,579,0,579,470,109,0,1.0,0.8117443868739206,9.4,0.0,0.0,9.968320837981146,11.834172421199042,1.0,1.0000000000000004,0.6490264630807487,0.15856627623160066,0.0,22.430088292796015,22,0.6454861111111111,0.16791666666666666,0.4775694444444445,61.60648103584904,9.398361832468206,{}
test,pred_error,homog,low,spread,1009,0.7,0.7140851113015946,0.1743086472117687,0.7140851113015946,11.357746478873239,50.0,8.0,12.0,579,579,0,579,470,109,0,1.0,0.8117443868739206,9.4,0.0,0.0,9.968320837981146,11.834172421199042,1.0,1.0000000000000004,0.6490264630807487,0.15856627623160066,0.0,29.300977946555506,30,0.6454861111111111,0.16791666666666666,0.4775694444444445,61.60648103584904,9.398361832468206,{}
test,pred_error,homog,low,tetris,1009,0.7,0.7140851113015946,0.1743086472117687,0.7140851113015946,11.357746478873239,50.0,8.0,12.0,579,579,0,579,470,109,0,1.0,0.8117443868739206,9.4,0.00011435990601694107,0.0,9.968435197887164,11.834172421199042,1.0000114499496389,1.0000000000000004,0.6490264630807487,0.15856627623160072,0.0013242877116761776,29.300977946555495,30,0.6454861111111111,0.16791666666666666,0.4775694444444445,61.60648103584904,9.398361832468206,{}
test,pred_error,homog,low,hybrid,1009,0.7,0.7140851113015946,0.1743086472117687,0.7140851113015946,11.357746478873239,50.0,8.0,12.0,579,579,0,579,470,109,0,1.0,0.8117443868739206,9.4,0.00047239617934826447,0.0,9.968793234160495,11.834172421199042,1.0000445539258829,1.0000000000000004,0.6490264630807487,0.1585662762316007,0.005470347756852903,28.91793774085053,30,0.6454861111111111,0.16791666666666666,0.4775694444444445,61.60648103584904,9.398361832468206,"{'alpha': 0.1, 'beta': 0.9, 'gamma': 0.0, 'source': 'phase3_tuning'}"
test,pred_error,homog,med,binpack,1000,1.0,1.0166901011036111,0.24945417927473326,1.0166901011036111,16.225352112676056,50.0,8.0,12.0,830,830,0,802,639,163,28,0.9662650602409638,0.7698795180722892,12.78,1.089955560613406,3.9396296800163597,11.025295168281918,14.467372187588225,1.1120965902105813,1.4272191488518835,0.8718626473538879,0.21389277876203394,17.271469851446597,27.23233422051594,30,0.9631944444444444,0.24291666666666664,0.7202777777777778,64.57574710787128,12.853122684179205,{}
test,pred_error,homog,med,spread,1000,1.0,1.0166901011036111,0.24945417927473326,1.0166901011036111,16.225352112676056,50.0,8.0,12.0,830,830,0,793,634,159,37,0.9554216867469879,0.763855421686747,12.68,1.231678377490556,5.311390921567423,11.167017985159069,14.997912302928011,1.1266248532499312,1.5247080250242604,0.8666285728877718,0.2130176935277068,19.299097865131,29.321098289417428,30,0.9666666666666667,0.235625,0.7310416666666666,64.65773507652396,12.836824534878547,{}
test,pred_error,homog,med,tetris,1000,1.0,1.0166901011036111,0.24945417927473326,1.0166901011036111,16.225352112676056,50.0,8.0,12.0,830,830,0,785,626,159,45,0.9457831325301205,0.7542168674698795,12.52,1.382087286324028,7.2352839611823185,11.317426893992542,16.664807331155203,1.142136029385205,1.7209791384355906,0.8558404879536609,0.21193131286634728,21.376101511593944,29.321098289417407,30,0.9697916666666667,0.236875,0.7329166666666667,64.95093941763206,12.778875986121337,{}
test,pred_error,homog,med,hybrid,1000,1.0,1.0166901011036111,0.24945417927473326,1.0166901011036111,16.225352112676056,50.0,8.0,12.0,830,830,0,790,629,161,40,0.9518072289156626,0.7578313253012048,12.58,1.3052424394230486,7.687592965856901,11.240582047091563,17.358159691746064,1.1340354081724529,1.7884375806791943,0.856522421745133,0.2130800627206841,20.17850887599889,29.17725491871948,30,0.9644097222222222,0.23802083333333332,0.726388888888889,65.69990668373643,12.633199069755467,"{'alpha': 0.1, 'beta': 0.9, 'gamma': 0.0, 'source': 'phase3_tuning'}"
test,pred_error,homog,med,binpack,1001,1.0,0.9956872251619985,0.24407278269225202,0.9956872251619985,16.225352112676056,50.0,8.0,12.0,809,809,0,785,631,154,24,0.9703337453646477,0.7799752781211372,12.62,0.612826623230748,3.85554502408921,10.631309724253803,13.443119321808304,1.0629892793321127,1.3688834536373393,0.8610379963830187,0.21589972974480137,9.42802809529863,27.093540945479308,30,0.9652777777777778,0.22291666666666668,0.742361111111111,63.255775220143875,12.78934606657659,{}
test,pred_error,homog,med,spread,1001,1.0,0.9956872251619985,0.24407278269225202,0.9956872251619985,16.225352112676056,50.0,8.0,12.0,809,809,0,782,628,154,27,0.9666254635352287,0.7762669962917181,12.56,0.7207221062327809,3.8038848212724083,10.739205207255836,13.842896947673843,1.0739004802516214,1.3785784516871415,0.8558592167814929,0.21486179888432005,11.04383803262941,29.471758167313368,30,0.9595486111111111,0.22010416666666668,0.7394444444444445,63.01306733687706,12.838606882521175,{}
test,pred_error,homog,med,tetris,1001,1.0,0.9956872251619985,0.24407278269225202,0.9956872251619985,16.225352112676056,50.0,8.0,12.0,809,809,0,777,625,152,32,0.9604449938195303,0.7725587144622992,12.5,0.8565946375648499,4.640579346535699,10.875077738587905,14.341620429963314,1.0879979349350346,1.4595106597374683,0.8491719078406663,0.21373817253004115,12.940259536849773,29.471758167313304,30,0.9414930555555556,0.21739583333333332,0.7240972222222222,63.993145891956665,12.641978898269535,{}
test,pred_error,homog,med,hybrid,1001,1.0,0.9956872251619985,0.24407278269225202,0.9956872251619985,16.225352112676056,50.0,8.0,12.0,809,809,0,780,628,152,29,0.9641532756489494,0.7762669962917181,12.56,0.816130331518175,4.275542766151148,10.83461343254123,13.98068563702929,1.083743747982224,1.4324361602212379,0.8519576273771192,0.2140826137010272,12.419511431289324,29.2412715455545,30,0.9539930555555556,0.21927083333333333,0.7347222222222223,63.63565027312097,12.71299965550463,"{'alpha': 0.1, 'beta': 0.9, 'gamma': 0.0, 'source': 'phase3_tuning'}"
test,pred_error,homog,med,binpack,1002,1.0,0.9927740959425652,0.24242252407128942,0.9927740959425652,16.225352112676056,50.0,8.0,12.0,807,807,0,793,634,159,14,0.9826517967781908,0.7856257744733581,12.68,0.5751385456771605,2.3252737957776652,10.545692377913069,13.014098511337131,1.058190039048312,1.2376457129014367,0.8606152385809662,0.2135409249791579,8.942150129668523,27.145371403572145,30,0.9729166666666667,0.22874999999999998,0.7441666666666666,63.99902102648262,12.609567881765965,{}
test,pred_error,homog,med,spread,1002,1.0,0.9927740959425652,0.24242252407128942,0.9927740959425652,16.225352112676056,50.0,8.0,12.0,807,807,0,793,634,159,14,0.9826517967781908,0.7856257744733581,12.68,0.6699168046370583,2.9652794403681213,10.640470636872967,13.406080820736907,1.0675665293233114,1.3016713696412692,0.8575703175086072,0.21308643226097757,10.202151249975607,29.516852751160176,30,0.9645833333333333,0.2275,0.7370833333333333,65.39569005448072,12.340262780738204,{}
test,pred_error,homog,med,tetris,1002,1.0,0.9927740959425652,0.24242252407128942,0.9927740959425652,16.225352112676056,50.0,8.0,12.0,807,807,0,786,626,160,21,0.9739776951672863,0.7757125154894672,12.52,0.7936126643492178,3.7565017341213185,10.764166496585126,14.093662429706098,1.080177247891532,1.4045186193083645,0.8513435523303235,0.2118227699771085,12.126815201189883,29.51685275116017,30,0.9631944444444444,0.23041666666666666,0.7327777777777779,65.74930253467633,12.273894458034537,{}
test,pred_error,homog,med,hybrid,1002,1.0,0.9927740959425652,0.24242252407128942,0.9927740959425652,16.225352112676056,50.0,8.0,12.0,807,807,0,790,630,160,17,0.9789343246592317,0.7806691449814126,12.6,0.7665621919029948,3.639473522416239,10.737116024138903,13.74024137321131,1.077444346097728,1.3636425092332893,0.8528267050207866,0.2121554500693439,11.777802884658037,29.25604100034455,30,0.9699652777777777,0.22947916666666668,0.7404861111111111,65.15297399977923,12.386234279999782,"{'alpha': 0.1, 'beta': 0.9, 'gamma': 0.0, 'source': 'phase3_tuning'}"
test,pred_error,homog,med,binpack,1003,1.0,0.9388945216469881,0.23026036231990357,0.9388945216469881,16.225352112676056,50.0,8.0,12.0,762,762,0,741,584,157,21,0.9724409448818898,0.7664041994750657,11.68,0.201529104640496,1.5882021350767275,10.191142933780638,11.998823858030075,1.0204576300441015,1.1618118567224898,0.8063318432557129,0.19973555321578135,2.5387892110802857,26.22439322844514,30,0.9668402777777777,0.24072916666666666,0.726111111111111,62.60437541726985,12.171673224453206,{}
test,pred_error,homog,med,spread,1003,1.0,0.9388945216469881,0.23026036231990357,0.9388945216469881,16.225352112676056,50.0,8.0,12.0,762,762,0,740,586,154,22,0.9711286089238845,0.7690288713910761,11.72,0.26150585403269105,2.0824622905220593,10.251119683172835,12.17808190845858,1.0265354748656765,1.2075782427685438,0.802174105223729,0.19912355937664775,3.3473987035699286,29.551108836399102,30,0.9486111111111111,0.23291666666666666,0.7156944444444444,62.7471751018639,12.143972995803676,{}
test,pred_error,homog,med,tetris,1003,1.0,0.9388945216469881,0.23026036231990357,0.9388945216469881,16.225352112676056,50.0,8.0,12.0,762,762,0,737,584,153,25,0.9671916010498688,0.7664041994750657,11.68,0.31062936890309156,2.156185030417504,10.300243198043235,12.388830087336572,1.0314012497045713,1.2159037386487577,0.7988793323119797,0.19850278312701394,4.013012584883456,29.55110883639911,30,0.9416666666666667,0.231875,0.7097916666666666,63.20103084528877,12.056765369307298,{}
test,pred_error,homog,med,hybrid,1003,1.0,0.9388945216469881,0.23026036231990357,0.9388945216469881,16.225352112676056,50.0,8.0,12.0,762,762,0,741,585,156,21,0.9724409448818898,0.7677165354330708,11.7,0.29063341218351474,2.0546286860798304,10.280247241323657,12.346963752251725,1.0294919987057038,1.2064700389560334,0.8013635000284846,0.1990788346467305,3.8166679904585794,29.36993625270178,30,0.9625,0.24125,0.72125,63.171055508424445,12.062486432546315,"{'alpha': 0.1, 'beta': 0.9, 'gamma': 0.0, 'source': 'phase3_tuning'}"
test,pred_error,homog,med,binpack,1004,1.0,1.0040875893263532,0.24663936836825576,1.0040875893263532,16.225352112676056,50.0,8.0,12.0,813,813,0,783,624,159,30,0.9630996309963099,0.7675276752767528,12.48,0.9040639443736178,5.520806829693328,10.940144888386248,15.546489751421245,1.0923901485372405,1.5894695503916214,0.8489360274015105,0.21243883534689156,13.552227521955329,26.60132223715739,30,0.9697916666666667,0.243125,0.7266666666666667,64.93882922264511,12.519474245718232,{}
test,pred_error,homog,med,spread,1004,1.0,1.0040875893263532,0.24663936836825576,1.0040875893263532,16.225352112676056,50.0,8.0,12.0,813,813,0,783,624,159,30,0.9630996309963099,0.7675276752767528,12.48,1.0213932318950174,6.917046341639306,11.057474175907647,16.305736822021643,1.1040463475076387,1.685543227371317,0.8424179410034052,0.21102989405401884,15.109773976133733,29.297968858975814,30,0.965625,0.24250000000000002,0.723125,66.04606139997883,12.30959095465851,{}
test,pred_error,homog,med,tetris,1004,1.0,1.0040875893263532,0.24663936836825576,1.0040875893263532,16.225352112676056,50.0,8.0,12.0,813,813,0,781,622,159,32,0.9606396063960639,0.7650676506765067,12.44,1.1547090534336157,7.370215960486426,11.190789997446245,16.648339237644063,1.11767355554054,1.6871746235864085,0.8399188826237334,0.21076206043127343,17.009258106038896,29.297968858975864,30,0.9588541666666667,0.2434375,0.7154166666666666,66.20315982800493,12.280380605882936,{}
test,pred_error,homog,med,hybrid,1004,1.0,1.0040875893263532,0.24663936836825576,1.0040875893263532,16.225352112676056,50.0,8.0,12.0,813,813,0,775,618,157,38,0.9532595325953259,0.7601476014760148,12.36,1.1671120246061715,7.541570098983151,11.2031929686188,18.007396528305975,1.119066467074445,1.8218152534170964,0.833207107016448,0.21064452924067056,17.136653539013672,28.92594362187072,30,0.9282986111111111,0.2419791666666667,0.6863194444444445,65.69532188738556,12.37531039719447,"{'alpha': 0.1, 'beta': 0.9, 'gamma': 0.0, 'source': 'phase3_tuning'}"
test,pred_error,homog,med,binpack,1005,1.0,1.0080971834655577,0.24651548097739773,1.0080971834655577,16.225352112676056,50.0,8.0,12.0,816,816,0,796,638,158,20,0.9754901960784313,0.7818627450980392,12.76,1.184679030535727,4.5941145209524805,11.194173779542336,14.883976435106284,1.1200645354738514,1.451124215007541,0.8738572132734258,0.2149091881692945,18.770920932696214,27.276405361095712,30,0.9560763888888889,0.23364583333333336,0.7224305555555556,64.1391042242089,12.722347932199622,{}
test,pred_error,homog,med,spread,1005,1.0,1.0080971834655577,0.24651548097739773,1.0080971834655577,16.225352112676056,50.0,8.0,12.0,816,816,0,790,632,158,26,0.9681372549019608,0.7745098039215687,12.64,1.3423262879919413,5.238272693313817,11.35182103699855,15.788628866113974,1.1365079799655227,1.515480045346649,0.8664075344985918,0.21388140059015587,21.109273637175434,29.405380768616887,30,0.9545138888888889,0.2345833333333333,0.7199305555555555,65.02059496891505,12.54986978187622,{}
test,pred_error,homog,med,tetris,1005,1.0,1.0080971834655577,0.24651548097739773,1.0080971834655577,16.225352112676056,50.0,8.0,12.0,816,816,0,794,634,160,22,0.9730392156862745,0.7769607843137255,12.68,1.4081348577839878,5.3267481329646,11.417629606790596,15.772044591726047,1.1428810290761207,1.5280422668899385,0.8650592596107078,0.21336600800295324,22.099236582432628,29.405380768616833,30,0.9522569444444444,0.24010416666666667,0.7121527777777777,65.0205851823146,12.549871670825095,{}
test,pred_error,homog,med,hybrid,1005,1.0,1.0080971834655577,0.24651548097739773,1.0080971834655577,16.225352112676056,50.0,8.0,12.0,816,816,0,793,629,164,23,0.9718137254901961,0.7708333333333334,12.58,1.4844401852297013,4.905114611083469,11.49393493423631,15.478168086917847,1.1506238867654357,1.4837335334546378,0.8652905040522831,0.21295075495988922,23.422804444276856,29.124153924088755,30,0.9680555555555556,0.24833333333333335,0.7197222222222222,64.6882345237237,12.614349518237988,"{'alpha': 0.1, 'beta': 0.9, 'gamma': 0.0, 'source': 'phase3_tuning'}"
test,pred_error,homog,med,binpack,1006,1.0,1.0070879145303908,0.24536592197430965,1.0070879145303908,16.225352112676056,50.0,8.0,12.0,813,813,0,795,641,154,18,0.977859778597786,0.7884378843788438,12.82,0.7590970130324838,3.025209784709695,10.79262721936269,13.688949124352273,1.0762260809511033,1.2990724674846812,0.8668696585106226,0.214010741022588,11.855106719681132,27.254761032560246,30,0.9559027777777778,0.21916666666666668,0.7367361111111111,64.38392457534664,12.627375627724739,{}
test,pred_error,homog,med,spread,1006,1.0,1.0070879145303908,0.24536592197430965,1.0070879145303908,16.225352112676056,50.0,8.0,12.0,813,813,0,793,639,154,20,0.97539975399754,0.7859778597785978,12.78,0.8047822448895771,4.108887934221912,10.838312451219783,14.379661100865903,1.0808108913265868,1.4220679532339495,0.8634225111917705,0.21413540503857997,12.257019032244639,29.553408269087985,30,0.9434027777777777,0.21729166666666666,0.726111111111111,65.07003276973367,12.494230683377717,{}
test,pred_error,homog,med,tetris,1006,1.0,1.0070879145303908,0.24536592197430965,1.0070879145303908,16.225352112676056,50.0,8.0,12.0,813,813,0,791,637,154,22,0.972939729397294,0.7835178351783518,12.74,0.9006139474029723,3.860314392311775,10.93414415373318,14.152615862332278,1.0904515008341016,1.3878655284278414,0.8608507475581542,0.21340175928086005,13.87479984702261,29.553408269087967,30,0.9559027777777778,0.21916666666666668,0.7367361111111111,64.64774855377547,12.575843988189751,{}
test,pred_error,homog,med,hybrid,1006,1.0,1.0070879145303908,0.24536592197430965,1.0070879145303908,16.225352112676056,50.0,8.0,12.0,813,813,0,793,638,155,20,0.97539975399754,0.7847478474784748,12.76,0.8852506747967053,4.1901898699815945,10.918780881126912,14.515068707555777,1.0888944167027566,1.422710205158119,0.8602072461799365,0.21334186498428914,13.540111149511008,29.319055323392163,30,0.9545138888888889,0.2189583333333333,0.7355555555555555,65.11159394222312,12.486255531102753,"{'alpha': 0.1, 'beta': 0.9, 'gamma': 0.0, 'source': 'phase3_tuning'}"
test,pred_error,homog,med,binpack,1007,1.0,1.0876221595162692,0.2672221392844636,1.0876221595162692,16.225352112676056,50.0,8.0,12.0,879,879,0,786,620,166,93,0.89419795221843,0.7053469852104665,12.4,1.9327620774389158,7.010217154915992,11.962164138800423,17.31352576263074,1.1949852484075734,1.7065284443544846,0.8531703364428616,0.20929527780823684,27.800533690267034,26.77504682683705,30,0.9715277777777778,0.25354166666666667,0.7179861111111111,68.22711496053194,12.883440850583884,{}
test,pred_error,homog,med,spread,1007,1.0,1.0876221595162692,0.2672221392844636,1.0876221595162692,16.225352112676056,50.0,8.0,12.0,879,879,0,786,620,166,93,0.89419795221843,0.7053469852104665,12.4,2.0014125190333187,7.077097230069185,12.030814580394825,17.46825122445302,1.2019218453157188,1.7129909538147545,0.8509341825898105,0.20854824547493309,28.73665970967176,29.36313854893433,30,0.9710069444444444,0.25385416666666666,0.7171527777777779,68.69680923137375,12.795354105013683,{}
test,pred_error,homog,med,tetris,1007,1.0,1.0876221595162692,0.2672221392844636,1.0876221595162692,16.225352112676056,50.0,8.0,12.0,879,879,0,791,623,168,88,0.8998862343572241,0.7087599544937428,12.46,1.968331600244168,9.743564526144475,11.997733661605674,19.508796173185157,1.1996603311937464,2.0126745901517604,0.8447961003508531,0.21029948950889957,27.917808869332394,29.363138548934415,30,0.9645833333333333,0.265,0.6995833333333333,70.01301230558397,12.554809042688403,{}
test,pred_error,homog,med,hybrid,1007,1.0,1.0876221595162692,0.2672221392844636,1.0876221595162692,16.225352112676056,50.0,8.0,12.0,879,879,0,797,630,167,82,0.906712172923777,0.7167235494880546,12.6,1.9702665490131386,7.82897833137001,11.999668610374645,18.181599613154745,1.1993887263997687,1.8759475194956559,0.8487574797316267,0.2100910462931414,28.292788903154015,29.134643563438395,30,0.967013888888889,0.26145833333333335,0.7055555555555556,69.51261026380313,12.645187638101346,"{'alpha': 0.1, 'beta': 0.9, 'gamma': 0.0, 'source': 'phase3_tuning'}"
test,pred_error,homog,med,binpack,1008,1.0,0.992456614889906,0.24369217348695824,0.992456614889906,16.225352112676056,50.0,8.0,12.0,808,808,0,791,630,161,17,0.9789603960396039,0.7797029702970297,12.6,0.49520745237258873,2.164069427570361,10.469036505322942,12.714277260736992,1.0504948692664768,1.2292864494520566,0.8543334861978745,0.21297987570337398,7.484042534261034,27.141734230366854,30,0.9633680555555556,0.23239583333333333,0.7309722222222222,64.40365645560915,12.545871530709158,{}
test,pred_error,homog,med,spread,1008,1.0,0.992456614889906,0.24369217348695824,0.992456614889906,16.225352112676056,50.0,8.0,12.0,808,808,0,789,629,160,19,0.9764851485148515,0.7784653465346535,12.58,0.5073385393414978,2.160127687614228,10.481167592291852,12.74738167659801,1.0518841940770467,1.2437537733892168,0.8556156739790552,0.21321529858679764,7.701254460535746,29.4906000399442,30,0.9657986111111111,0.22572916666666665,0.7400694444444444,64.57522637822353,12.512538403930069,{}
test,pred_error,homog,med,tetris,1008,1.0,0.992456614889906,0.24369217348695824,0.992456614889906,16.225352112676056,50.0,8.0,12.0,808,808,0,784,624,160,24,0.9702970297029703,0.7722772277227723,12.48,0.6945549425781761,2.8480769909438735,10.66838399552853,13.236407298780414,1.0708376123872287,1.3003245995961683,0.8474653974456292,0.21156058006572132,10.496421951654662,29.4906000399442,30,0.9522569444444444,0.23385416666666667,0.7184027777777777,64.84347319126014,12.46077608484589,{}
test,pred_error,homog,med,hybrid,1008,1.0,0.992456614889906,0.24369217348695824,0.992456614889906,16.225352112676056,50.0,8.0,12.0,808,808,0,786,626,160,22,0.9727722772277227,0.7747524752475248,12.52,0.6755682405284589,2.6373068632760877,10.649397293478813,13.043248618383544,1.0690742199846004,1.2850035746196458,0.8496886194282355,0.21198585802825348,10.218069107134975,29.25221720713185,30,0.9538194444444444,0.22979166666666667,0.7240277777777777,64.71400191668677,12.4857059688601,"{'alpha': 0.1, 'beta': 0.9, 'gamma': 0.0, 'source': 'phase3_tuning'}"
test,pred_error,homog,med,binpack,1009,1.0,1.0247795449949033,0.25120526844175545,1.0247795449949033,16.225352112676056,50.0,8.0,12.0,832,832,0,796,635,161,36,0.9567307692307693,0.7632211538461539,12.7,1.1696056865599471,5.216214946709428,11.170357669490205,15.323262802110747,1.1184090457917673,1.5625571528358324,0.8749266406324504,0.2168276972196751,18.46668262984234,27.371372410946623,30,0.9743055555555556,0.24145833333333336,0.7328472222222222,64.96587892661248,12.806722755800067,{}
test,pred_error,homog,med,spread,1009,1.0,1.0247795449949033,0.25120526844175545,1.0247795449949033,16.225352112676056,50.0,8.0,12.0,832,832,0,793,628,165,39,0.953125,0.7548076923076923,12.56,1.2791434443891583,7.444581345130153,11.279895427319417,17.357777321457323,1.129323614498445,1.7540111604265913,0.8650231455556449,0.2158550543273336,20.094367997576526,29.510684562588857,30,0.975,0.243125,0.731875,66.15336443099852,12.576835768766081,{}
test,pred_error,homog,med,tetris,1009,1.0,1.0247795449949033,0.25120526844175545,1.0247795449949033,16.225352112676056,50.0,8.0,12.0,832,832,0,789,626,163,43,0.9483173076923077,0.7524038461538461,12.52,1.3388158340457963,7.431655632343087,11.339567816976055,17.611343248657676,1.135473100058133,1.7491733388808197,0.862541219530197,0.21548096610906992,20.901067952098103,29.510684562588857,30,0.9736111111111111,0.24604166666666666,0.7275694444444445,65.87849230677675,12.629311492522033,{}
test,pred_error,homog,med,hybrid,1009,1.0,1.0247795449949033,0.25120526844175545,1.0247795449949033,16.225352112676056,50.0,8.0,12.0,832,832,0,793,629,164,39,0.953125,0.7560096153846154,12.58,1.3076746630199214,6.94939421549363,11.30842664595018,17.096979977210893,1.1324398117833911,1.7162326943620714,0.8647225359867525,0.2153542883111294,20.523278590791943,29.38591645723688,30,0.976388888888889,0.24645833333333333,0.7299305555555555,65.78077937372029,12.648071487161303,"{'alpha': 0.1, 'beta': 0.9, 'gamma': 0.0, 'source': 'phase3_tuning'}"
test,pred_error,homog,high,binpack,1000,1.3,1.354187593024998,0.3306398172987703,1.354187593024998,21.092957746478874,50.0,8.0,12.0,1100,1100,0,868,697,171,232,0.7890909090909091,0.6336363636363637,13.94,6.514526898970685,18.72956797098643,16.49947708626014,28.83004265731163,1.659215048670451,2.923582867945004,0.8981079736726882,0.2277409165915478,100.70791276978588,27.866610872744968,30,0.971875,0.26375,0.708125,81.15952297926842,13.553554279526589,{}
test,pred_error,homog,high,spread,1000,1.3,1.354187593024998,0.3306398172987703,1.354187593024998,21.092957746478874,50.0,8.0,12.0,1100,1100,0,860,689,171,240,0.7818181818181819,0.6263636363636363,13.78,6.563162883292539,18.150324365052803,16.548113070581994,28.36113440338128,1.6640308274580335,2.867166695262579,0.9017926785402713,0.22544722180014695,102.2905534984866,29.477767914936408,30,0.9817708333333334,0.2640625,0.7177083333333333,80.6156800646704,13.644988160089614,{}
test,pred_error,homog,high,tetris,1000,1.3,1.354187593024998,0.3306398172987703,1.354187593024998,21.092957746478874,50.0,8.0,12.0,1100,1100,0,870,699,171,230,0.7909090909090909,0.6354545454545455,13.98,6.582182505125208,18.296707784259695,16.56713269241466,29.010660385251853,1.6656789558909981,2.9559657680878373,0.8955511840883926,0.22770588392686952,100.22738959917805,29.47776791493642,30,0.9744791666666667,0.2590625,0.7154166666666666,81.63062739781937,13.475334382023686,{}
test,pred_error,homog,high,hybrid,1000,1.3,1.354187593024998,0.3306398172987703,1.354187593024998,21.092957746478874,50.0,8.0,12.0,1100,1100,0,872,700,172,228,0.7927272727272727,0.6363636363636364,14.0,6.524323688021083,18.819977179044272,16.509273875310537,29.22589688330423,1.6597934232551,2.966873697460219,0.8924123892020439,0.22905756205006425,98.6690743374045,29.272287712250918,30,0.9736111111111111,0.2710416666666667,0.7025694444444445,81.62521359111365,13.476228135956198,"{'alpha': 0.1, 'beta': 0.9, 'gamma': 0.0, 'source': 'phase3_tuning'}"
test,pred_error,homog,high,binpack,1001,1.3,1.261752687125995,0.3103672847254534,1.261752687125995,21.092957746478874,50.0,8.0,12.0,1026,1026,0,851,686,165,175,0.8294346978557505,0.6686159844054581,13.72,5.439511395371348,20.173700422199744,15.430325422811162,29.410195886813817,1.555764320028039,2.9996322663693684,0.8942678124380844,0.22733388135757487,89.40348637957032,27.67784780730954,30,0.9703125,0.2459375,0.724375,75.71143466250358,13.551453681647523,{}
test,pred_error,homog,high,spread,1001,1.3,1.261752687125995,0.3103672847254534,1.261752687125995,21.092957746478874,50.0,8.0,12.0,1026,1026,0,847,680,167,179,0.8255360623781677,0.6627680311890838,13.6,5.40967720219836,21.208184991904446,15.400491229638174,31.036345465671985,1.5527559124593526,3.162451685511807,0.8931948960342752,0.2268089507474783,88.7899936821199,29.593660128702535,30,0.9727430555555556,0.25177083333333333,0.7209722222222222,75.2889531350156,13.627497226054867,{}
test,pred_error,homog,high,tetris,1001,1.3,1.261752687125995,0.3103672847254534,1.261752687125995,21.092957746478874,50.0,8.0,12.0,1026,1026,0,852,682,170,174,0.8304093567251462,0.6647173489278753,13.64,5.362828666881175,24.40754938832731,15.353642694320989,33.890888483322485,1.548192225316168,3.363574421917279,0.8880383661208601,0.22905405013167301,87.64735713492445,29.59366012870247,30,0.9737847222222222,0.2636458333333333,0.7101388888888889,75.52434649552296,13.585023209182228,{}
test,pred_error,homog,high,hybrid,1001,1.3,1.261752687125995,0.3103672847254534,1.261752687125995,21.092957746478874,50.0,8.0,12.0,1026,1026,0,855,689,166,171,0.8333333333333334,0.6715399610136452,13.78,5.345648778698379,23.11661033156652,15.336462806138194,32.4220694552027,1.5463492562774428,3.302146674839161,0.8886029901280019,0.22875648856926237,87.34085302167261,29.483719019046845,30,0.9684027777777777,0.2554166666666667,0.7129861111111111,75.66197298621903,13.560312525644479,"{'alpha': 0.1, 'beta': 0.9, 'gamma': 0.0, 'source': 'phase3_tuning'}"
test,pred_error,homog,high,binpack,1002,1.3,1.3167625876511417,0.3227317885489538,1.3167625876511417,21.092957746478874,50.0,8.0,12.0,1074,1074,0,878,702,176,196,0.8175046554934823,0.6536312849162011,14.04,5.313621629198711,17.9255887319283,15.279488870473273,27.22009532828131,1.542823595286603,2.7536950742435646,0.9026046263754887,0.2368438966085758,82.83240338350483,27.85279848774242,30,0.9784722222222223,0.24520833333333333,0.7332638888888888,77.93041058294911,13.781526261264013,{}
test,pred_error,homog,high,spread,1002,1.3,1.3167625876511417,0.3227317885489538,1.3167625876511417,21.092957746478874,50.0,8.0,12.0,1074,1074,0,874,700,174,200,0.813780260707635,0.6517690875232774,14.0,5.388193764773464,18.446472783011124,15.354061006048026,27.85527661498343,1.550383143564078,2.77095041889074,0.893757587669058,0.23546986114205398,82.827327557098,29.62834827012328,30,0.978125,0.24437499999999998,0.73375,78.54640848051486,13.673445047031388,{}
test,pred_error,homog,high,tetris,1002,1.3,1.3167625876511417,0.3227317885489538,1.3167625876511417,21.092957746478874,50.0,8.0,12.0,1074,1074,0,880,704,176,194,0.819366852886406,0.6554934823091247,14.08,5.3719868780289435,19.492908748148253,15.337854119303504,28.814359052014055,1.5488207529766318,2.905198777581451,0.8927554588855046,0.236018206447626,82.51112901108652,29.62834827012327,30,0.9774305555555556,0.24270833333333333,0.7347222222222223,79.04550740298384,13.587109948255682,{}
test,pred_error,homog,high,hybrid,1002,1.3,1.3167625876511417,0.3227317885489538,1.3167625876511417,21.092957746478874,50.0,8.0,12.0,1074,1074,0,869,698,171,205,0.8091247672253259,0.6499068901303539,13.96,5.3946410570401415,17.876369862877524,15.360508298314704,27.397890475208207,1.5511241180558104,2.7364655666643802,0.8978200298996742,0.23506475664541046,83.57958152596859,29.50791737079752,30,0.9739583333333334,0.24375,0.7302083333333333,77.89189753768724,13.788340430150074,"{'alpha': 0.1, 'beta': 0.9, 'gamma': 0.0, 'source': 'phase3_tuning'}"
test,pred_error,homog,high,binpack,1003,1.3,1.220048339008078,0.29938417685505575,1.220048339008078,21.092957746478874,50.0,8.0,12.0,990,990,0,863,690,173,127,0.8717171717171717,0.696969696969697,13.8,3.2143953989496037,16.496647924816727,13.199445439786334,25.786690109421137,1.3248558701914095,2.5434228378473174,0.8999439533289775,0.2347969641227396,49.71392293293594,27.93216558635996,30,0.9737847222222222,0.2573958333333333,0.7163888888888889,72.93821836319617,13.573131099395528,{}
test,pred_error,homog,high,spread,1003,1.3,1.220048339008078,0.29938417685505575,1.220048339008078,21.092957746478874,50.0,8.0,12.0,990,990,0,858,684,174,132,0.8666666666666667,0.6909090909090909,13.68,3.438272466208298,15.457581277905902,13.423322507045027,25.52923901145637,1.3475416994421974,2.5412103524274694,0.8945572535506477,0.23206992846621005,53.092032254195075,29.654699104922344,30,0.9765625,0.2609375,0.715625,73.71356536614744,13.43036380186614,{}
test,pred_error,homog,high,tetris,1003,1.3,1.220048339008078,0.29938417685505575,1.220048339008078,21.092957746478874,50.0,8.0,12.0,990,990,0,859,686,173,131,0.8676767676767677,0.692929292929293,13.72,3.4334929981497577,17.11481002047661,13.418543038986488,26.599301188695016,1.347024982365911,2.6145192028945456,0.8918445224621182,0.23225792454066038,52.73827913599621,29.654699104922344,30,0.976388888888889,0.2558333333333333,0.7205555555555556,73.5732927216377,13.455969732734875,{}
test,pred_error,homog,high,hybrid,1003,1.3,1.220048339008078,0.29938417685505575,1.220048339008078,21.092957746478874,50.0,8.0,12.0,990,990,0,862,688,174,128,0.8707070707070707,0.694949494949495,13.76,3.3644739187311066,16.62086280599322,13.349523959567835,26.140323685557917,1.3401517223550823,2.5801835269780646,0.8946176359200093,0.23362779181935786,52.11309292966169,29.472940869139805,30,0.978125,0.256875,0.72125,73.29399371737802,13.507245952750845,"{'alpha': 0.1, 'beta': 0.9, 'gamma': 0.0, 'source': 'phase3_tuning'}"
test,pred_error,homog,high,binpack,1004,1.3,1.2854821615401952,0.3158718488707682,1.2854821615401952,21.092957746478874,50.0,8.0,12.0,1039,1039,0,851,680,171,188,0.8190567853705486,0.6544754571703562,13.6,5.849940640008912,18.81283274278568,15.895673541874757,28.493721987724093,1.5918248875214354,2.792996438755301,0.8879291329031278,0.22730613663316315,94.42548243813462,27.49063963617048,30,0.9765625,0.2703125,0.70625,77.40110142935843,13.423581587508323,{}
test,pred_error,homog,high,spread,1004,1.3,1.2854821615401952,0.3158718488707682,1.2854821615401952,21.092957746478874,50.0,8.0,12.0,1039,1039,0,852,682,170,187,0.8200192492781521,0.6564003849855631,13.64,5.623250061766092,20.17297537689354,15.668982963631938,30.256463945921517,1.5681879372756058,3.017278516090548,0.887043498432436,0.23004359421089352,90.93286120531222,29.459976045365952,30,0.9784722222222223,0.2795833333333333,0.6988888888888888,77.4248840807891,13.41945825732014,{}
test,pred_error,homog,high,tetris,1004,1.3,1.2854821615401952,0.3158718488707682,1.2854821615401952,21.092957746478874,50.0,8.0,12.0,1039,1039,0,850,678,172,189,0.8180943214629451,0.6525505293551492,13.56,5.846881054109228,19.92503311692453,15.892613955975074,29.771014772052908,1.5912580372028005,2.9450826461500728,0.8831473808684841,0.22780368250103536,94.29184555944344,29.45997604536591,30,0.9777777777777777,0.27166666666666667,0.7061111111111111,77.71660776816849,13.369085834257916,{}
test,pred_error,homog,high,hybrid,1004,1.3,1.2854821615401952,0.3158718488707682,1.2854821615401952,21.092957746478874,50.0,8.0,12.0,1039,1039,0,843,675,168,196,0.8113570741097209,0.6496631376323387,13.5,5.920956121220178,18.978626907701532,15.966689023086024,28.685395147913404,1.598609482889203,2.8077688833197096,0.8860146076653221,0.22670346101631214,95.4264874416062,29.352234997698396,30,0.9760416666666667,0.270625,0.7054166666666667,77.42322538171231,13.41974575300264,"{'alpha': 0.1, 'beta': 0.9, 'gamma': 0.0, 'source': 'phase3_tuning'}"
test,pred_error,homog,high,binpack,1005,1.3,1.3186784776336888,0.32350270252364066,1.3186784776336888,21.092957746478874,50.0,8.0,12.0,1064,1064,0,874,705,169,190,0.8214285714285714,0.6625939849624061,14.1,5.720992888125393,18.49542758398229,15.76446664425516,28.95034390717629,1.5743447032996438,2.8223213267529057,0.9031770119180578,0.23364434092879335,91.9348339715435,28.01287622609424,30,0.9756944444444444,0.25104166666666666,0.7246527777777777,79.00036992464807,13.468291363886799,{}
test,pred_error,homog,high,spread,1005,1.3,1.3186784776336888,0.32350270252364066,1.3186784776336888,21.092957746478874,50.0,8.0,12.0,1064,1064,0,874,704,170,190,0.8214285714285714,0.6616541353383458,14.08,5.652584171244496,19.96685233079073,15.696057927374264,29.527691780028263,1.5676317656229792,2.9285508320426743,0.9021032793058236,0.23417609270610795,90.81426848772621,29.54260059124372,30,0.974826388888889,0.25677083333333334,0.7180555555555556,79.04879728705987,13.46004033604917,{}
test,pred_error,homog,high,tetris,1005,1.3,1.3186784776336888,0.32350270252364066,1.3186784776336888,21.092957746478874,50.0,8.0,12.0,1064,1064,0,876,706,170,188,0.8233082706766918,0.6635338345864662,14.12,5.7324566183492225,20.781510081330683,15.77593037447899,30.376868638397042,1.5756740732922299,2.987048910994483,0.8994150162435206,0.23382324898768608,91.89206398964961,29.54260059124379,30,0.9717013888888889,0.25552083333333336,0.7161805555555555,79.44141074699077,13.393518443279964,{}
test,pred_error,homog,high,hybrid,1005,1.3,1.3186784776336888,0.32350270252364066,1.3186784776336888,21.092957746478874,50.0,8.0,12.0,1064,1064,0,872,704,168,192,0.8195488721804511,0.6616541353383458,14.08,5.681737306324396,21.33286947253447,15.725211062454163,31.404393667092634,1.570817869445071,3.1189884087388284,0.8969290431057485,0.23383108084975335,90.97470142700138,29.399626845959457,30,0.9739583333333334,0.253125,0.7208333333333333,79.14255737245597,13.444094243665477,"{'alpha': 0.1, 'beta': 0.9, 'gamma': 0.0, 'source': 'phase3_tuning'}"
test,pred_error,homog,high,binpack,1006,1.3,1.2981025385769969,0.3185968661652559,1.2981025385769969,21.092957746478874,50.0,8.0,12.0,1053,1053,0,866,698,168,187,0.8224121557454891,0.6628679962013295,13.96,5.265932065015901,22.14565406782156,15.279314473391109,31.675969819643512,1.5347575755690908,3.204583273051948,0.9006290903577585,0.23646480888730165,84.23590645330314,28.032898271847444,30,0.9734375,0.23468750000000002,0.73875,77.59854159309094,13.569842659178981,{}
test,pred_error,homog,high,spread,1006,1.3,1.2981025385769969,0.3185968661652559,1.2981025385769969,21.092957746478874,50.0,8.0,12.0,1053,1053,0,868,698,170,185,0.8243114909781576,0.6628679962013295,13.96,5.172958960404042,22.14933861897378,15.186341368779248,31.80933161576595,1.525092905745621,3.2355952103400054,0.9029695349145043,0.23786795884825335,83.01159533851974,29.656467899298512,30,0.9753472222222223,0.24083333333333332,0.7345138888888889,77.4861917397487,13.589518033570286,{}
test,pred_error,homog,high,tetris,1006,1.3,1.2981025385769969,0.3185968661652559,1.2981025385769969,21.092957746478874,50.0,8.0,12.0,1053,1053,0,872,699,173,181,0.8281101614434948,0.6638176638176638,13.98,5.215710924567407,22.028829206273066,15.229093332942615,31.73716463850598,1.5296895750231208,3.2388115092790173,0.8990584907159651,0.23751345356565257,83.10677056715403,29.656467899298505,30,0.9769097222222223,0.24302083333333335,0.7338888888888888,78.17556277654882,13.469682373887304,{}
test,pred_error,homog,high,hybrid,1006,1.3,1.2981025385769969,0.3185968661652559,1.2981025385769969,21.092957746478874,50.0,8.0,12.0,1053,1053,0,866,696,170,187,0.8224121557454891,0.6609686609686609,13.92,5.233920976002881,21.725440339755757,15.247303384378087,31.374885056534474,1.531349705652417,3.1733411484546896,0.8994263922915486,0.23708753644083722,83.5539735529314,29.48927740606705,30,0.9743055555555556,0.2414583333333333,0.7328472222222222,78.03347479138465,13.494208771493248,"{'alpha': 0.1, 'beta': 0.9, 'gamma': 0.0, 'source': 'phase3_tuning'}"
test,pred_error,homog,high,binpack,1007,1.3,1.3722387047639302,0.33649914953190074,1.3722387047639302,21.092957746478874,50.0,8.0,12.0,1111,1111,0,865,688,177,246,0.7785778577857786,0.6192619261926192,13.76,7.165222177505283,24.666650366054945,17.193162842575028,34.46261770381799,1.7299488763468658,3.423288315942965,0.893849389991218,0.22775868685720316,115.56895687258827,27.606693055162758,30,0.9760416666666667,0.26125000000000004,0.7147916666666667,82.08520733092614,13.534716377349314,{}
test,pred_error,homog,high,spread,1007,1.3,1.3722387047639302,0.33649914953190074,1.3722387047639302,21.092957746478874,50.0,8.0,12.0,1111,1111,0,860,683,177,251,0.774077407740774,0.6147614761476148,13.66,7.266791957937951,25.06283732836991,17.294732623007697,34.92745987022538,1.7400199054883518,3.472633380951781,0.8930745638123981,0.22710481747240574,116.93565236028209,29.510106576103308,30,0.9817708333333334,0.2546875,0.7270833333333333,82.586335980777,13.452588576621189,{}
test,pred_error,homog,high,tetris,1007,1.3,1.3722387047639302,0.33649914953190074,1.3722387047639302,21.092957746478874,50.0,8.0,12.0,1111,1111,0,855,682,173,256,0.7695769576957696,0.6138613861386139,13.64,7.469665571009111,23.784707759427015,17.497606236078855,34.2035964042092,1.7601375996624966,3.431360815156316,0.8868273476795047,0.22500621432695453,119.55571275493027,29.51010657610331,30,0.974826388888889,0.2598958333333333,0.7149305555555556,82.33137994176361,13.494247281970207,{}
test,pred_error,homog,high,hybrid,1007,1.3,1.3722387047639302,0.33649914953190074,1.3722387047639302,21.092957746478874,50.0,8.0,12.0,1111,1111,0,867,689,178,244,0.7803780378037803,0.6201620162016201,13.78,7.272541693833448,25.35623266971303,17.300482358903192,35.034729117788636,1.7409423047241195,3.464492595699598,0.8858590115904703,0.2292510424571403,116.22674219944433,29.328418964091014,30,0.9803819444444444,0.26385416666666667,0.7165277777777778,82.93221288820133,13.396483239844438,"{'alpha': 0.1, 'beta': 0.9, 'gamma': 0.0, 'source': 'phase3_tuning'}"
test,pred_error,homog,high,binpack,1008,1.3,1.3105113553099768,0.32174028181427483,1.3105113553099768,21.092957746478874,50.0,8.0,12.0,1067,1067,0,857,682,175,210,0.8031865042174321,0.6391752577319587,13.64,5.892870655518436,15.590023778027408,15.874036452699686,25.555570810950222,1.6005791171860624,2.583759002111991,0.9045223867765937,0.22749832701249695,94.04278821349345,27.874048829658378,30,0.9746527777777777,0.25479166666666664,0.7198611111111111,77.8646093760441,13.703273008755044,{}
test,pred_error,homog,high,spread,1008,1.3,1.3105113553099768,0.32174028181427483,1.3105113553099768,21.092957746478874,50.0,8.0,12.0,1067,1067,0,852,679,173,215,0.7985004686035614,0.6363636363636364,13.58,6.025154044963135,15.401347943036441,16.006319842144386,25.73877799092879,1.6141029722888278,2.638972709756789,0.898923635615042,0.22529483875254294,95.24363116049388,29.608153876880206,30,0.9711805555555556,0.24645833333333333,0.7247222222222223,79.05226196146056,13.49739999242757,{}
test,pred_error,homog,high,tetris,1008,1.3,1.3105113553099768,0.32174028181427483,1.3105113553099768,21.092957746478874,50.0,8.0,12.0,1067,1067,0,858,681,177,209,0.8041237113402062,0.6382380506091846,13.62,5.856519781904001,16.324851007782158,15.837685579085248,26.346222374292218,1.5976029939913499,2.6600631756623554,0.8970775512444716,0.23000257440905436,92.59802087663445,29.60815387688019,30,0.9786458333333333,0.2596875,0.7189583333333334,78.474263878097,13.596814385637211,{}
test,pred_error,homog,high,hybrid,1008,1.3,1.3105113553099768,0.32174028181427483,1.3105113553099768,21.092957746478874,50.0,8.0,12.0,1067,1067,0,856,683,173,211,0.8022492970946579,0.6401124648547329,13.66,5.945824003898437,15.38085398716968,15.926989801079687,25.614125231493894,1.6062091627166586,2.659964186722516,0.8979438348156105,0.22615435334995113,94.19897388951928,29.447957840605827,30,0.9722222222222222,0.24895833333333334,0.7232638888888889,79.6118305796006,13.402530656962478,"{'alpha': 0.1, 'beta': 0.9, 'gamma': 0.0, 'source': 'phase3_tuning'}"
test,pred_error,homog,high,binpack,1009,1.3,1.3495575829085373,0.3309370782788885,1.3495575829085373,21.092957746478874,50.0,8.0,12.0,1093,1093,0,861,690,171,232,0.787740164684355,0.6312900274473925,13.8,6.869551050940595,19.454490928124898,16.8598460401268,29.066583295097367,1.6959337298557706,2.8876611891364132,0.898295245233495,0.22287016077636998,109.72334165536469,27.83525245838505,30,0.9734375,0.2628125,0.7106250000000001,79.7814319545939,13.699929585396015,{}
test,pred_error,homog,high,spread,1009,1.3,1.3495575829085373,0.3309370782788885,1.3495575829085373,21.092957746478874,50.0,8.0,12.0,1093,1093,0,863,690,173,230,0.7895699908508692,0.6312900274473925,13.8,6.723721337514153,20.519129372085104,16.71401632670036,30.20285526204171,1.68076549713194,2.9065038176109717,0.8975706174615466,0.22544075606698702,107.421943677298,29.623603509683672,30,0.9701388888888889,0.2689583333333333,0.7011805555555556,80.32232226694997,13.607674294667824,{}
test,pred_error,homog,high,tetris,1009,1.3,1.3495575829085373,0.3309370782788885,1.3495575829085373,21.092957746478874,50.0,8.0,12.0,1093,1093,0,864,691,173,229,0.7904849039341263,0.6322049405306496,13.82,6.741614302333636,19.013264279040712,16.73190929151984,29.22277978916626,1.682260785686118,2.9438242890673987,0.8961516242277177,0.22656116157593945,106.56130957638328,29.62360350968372,30,0.9727430555555556,0.2611458333333333,0.7115972222222222,79.20588032837064,13.79948048640651,{}
test,pred_error,homog,high,hybrid,1009,1.3,1.3495575829085373,0.3309370782788885,1.3495575829085373,21.092957746478874,50.0,8.0,12.0,1093,1093,0,861,690,171,232,0.787740164684355,0.6312900274473925,13.8,6.847865996718406,19.148472700313725,16.83816098590461,29.041593181064897,1.693711708891225,2.905955978824032,0.8974490969963653,0.22179833451112413,109.13683060667809,29.44863476424403,30,0.9723958333333333,0.2634375,0.7089583333333334,79.06098381885108,13.824771046415792,"{'alpha': 0.1, 'beta': 0.9, 'gamma': 0.0, 'source': 'phase3_tuning'}"
test,pred_error,hetero,low,binpack,1000,0.7,0.7151007987816478,0.16889718291916772,0.7151007987816478,11.156671405165465,50.0,8.0,12.0,574,574,0,574,460,114,0,1.0,0.8013937282229965,9.2,0.0,0.0,9.90160081608411,11.68577086688201,1.0,1.0000000000000004,0.6418461571879555,0.15146559048815406,0.0,23.195002743646906,25,0.74512761648302,0.24704471693638602,0.498082899546634,61.45412532287331,9.340300541001376,{}
test,pred_error,hetero,low,spread,1000,0.7,0.7151007987816478,0.16889718291916772,0.7151007987816478,11.156671405165465,50.0,8.0,12.0,574,574,0,574,460,114,0,1.0,0.8013937282229965,9.2,0.0,0.0,9.90160081608411,11.68577086688201,1.0,1.0000000000000004,0.6418461571879555,0.15146559048815406,0.0,28.909891313043868,30,0.7334881558356307,0.1923196771837731,0.5435326122949294,61.45412532287331,9.340300541001376,{}
test,pred_error,hetero,low,tetris,1000,0.7,0.7151007987816478,0.16889718291916772,0.7151007987816478,11.156671405165465,50.0,8.0,12.0,574,574,0,574,460,114,0,1.0,0.8013937282229965,9.2,0.0,0.0,9.90160081608411,11.68577086688201,1.0,1.0000000000000004,0.6418461571879555,0.15146559048815406,0.0,28.10920586815549,30,0.7289090397578988,0.24729483683831832,0.4816142029195805,61.45412532287331,9.340300541001376,{}
test,pred_error,hetero,low,hybrid,1000,0.7,0.7151007987816478,0.16889718291916772,0.7151007987816478,11.156671405165465,50.0,8.0,12.0,574,574,0,574,460,114,0,1.0,0.8013937282229965,9.2,0.0,0.0,9.90160081608411,11.68577086688201,1.0,1.0000000000000004,0.6418461571879555,0.15146559048815406,0.0,27.869139960755223,30,0.7260072576454488,0.24870899667643476,0.47987091157823886,61.45412532287331,9.340300541001376,"{'alpha': 0.1, 'beta': 0.9, 'gamma': 0.0, 'source': 'phase3_tuning'}"
test,pred_error,hetero,low,binpack,1001,0.7,0.7132777529350638,0.18243821114968495,0.7132777529350638,11.843857752230967,50.0,8.0,12.0,601,601,0,601,466,135,0,1.0,0.7753743760399334,9.32,0.0,0.0,10.029057473527377,11.81560183337293,1.0,1.0000000000000004,0.6285741106394394,0.16376638185396536,0.0,22.775895095107636,29,0.8515803209498589,0.24939217210917988,0.6021881488406791,61.60673693352923,9.755426596419978,{}
test,pred_error,hetero,low,spread,1001,0.7,0.7132777529350638,0.18243821114968495,0.7132777529350638,11.843857752230967,50.0,8.0,12.0,601,601,0,601,466,135,0,1.0,0.7753743760399334,9.32,0.0,0.0,10.029057473527377,11.81560183337293,1.0,1.0000000000000004,0.6285741106394394,0.16376638185396536,0.0,29.239847658892653,30,0.8585226481173325,0.20038566597429006,0.6581369821430424,61.60673693352923,9.755426596419978,{}
test,pred_error,hetero,low,tetris,1001,0.7,0.7132777529350638,0.18243821114968495,0.7132777529350638,11.843857752230967,50.0,8.0,12.0,601,601,0,601,466,135,0,1.0,0.7753743760399334,9.32,0.0,0.0,10.029057473527377,11.81560183337293,1.0,1.0000000000000004,0.6285741106394394,0.16376638185396536,0.0,28.12238348051475,30,0.852098586524057,0.24458730859953318,0.6075112779245238,61.60673693352923,9.755426596419978,{}
test,pred_error,hetero,low,hybrid,1001,0.7,0.7132777529350638,0.18243821114968495,0.7132777529350638,11.843857752230967,50.0,8.0,12.0,601,601,0,601,466,135,0,1.0,0.7753743760399334,9.32,0.0,0.0,10.029057473527377,11.81560183337293,1.0,1.0000000000000004,0.6285741106394394,0.16376638185396536,0.0,27.76501203368121,30,0.8568590050375704,0.2553613453540703,0.6014976596835001,61.60673693352923,9.755426596419978,"{'alpha': 0.1, 'beta': 0.9, 'gamma': 0.0, 'source': 'phase3_tuning'}"
test,pred_error,hetero,low,binpack,1002,0.7,0.6899975333700594,0.18344349757553063,0.6899975333700594,11.982121927473703,50.0,8.0,12.0,593,593,0,593,470,123,0,1.0,0.7925801011804384,9.4,0.0,0.0,9.958404648287372,11.789594486043502,1.0,1.0000000000000004,0.6186367744383577,0.1662997377072567,0.0,21.749015330061813,25,0.7511175412712411,0.2442606512552426,0.5068568900159984,60.50261238894899,9.801229675634858,{}
test,pred_error,hetero,low,spread,1002,0.7,0.6899975333700594,0.18344349757553063,0.6899975333700594,11.982121927473703,50.0,8.0,12.0,593,593,0,593,470,123,0,1.0,0.7925801011804384,9.4,0.0,0.0,9.958404648287372,11.789594486043502,1.0,1.0000000000000004,0.6186367744383577,0.1662997377072567,0.0,29.263949157628346,30,0.7461429934190977,0.18844419399128057,0.5598866369604977,60.50261238894899,9.801229675634858,{}
test,pred_error,hetero,low,tetris,1002,0.7,0.6899975333700594,0.18344349757553063,0.6899975333700594,11.982121927473703,50.0,8.0,12.0,593,593,0,593,470,123,0,1.0,0.7925801011804384,9.4,0.0,0.0,9.958404648287372,11.789594486043502,1.0,1.0000000000000004,0.6186367744383577,0.1662997377072567,0.0,28.481791480177392,30,0.7317835155455163,0.2437273490897097,0.48805616645580674,60.50261238894899,9.801229675634858,{}
test,pred_error,hetero,low,hybrid,1002,0.7,0.6899975333700594,0.18344349757553063,0.6899975333700594,11.982121927473703,50.0,8.0,12.0,593,593,0,593,470,123,0,1.0,0.7925801011804384,9.4,0.0,0.0,9.958404648287372,11.789594486043502,1.0,1.0000000000000004,0.6186367744383577,0.1662997377072567,0.0,27.992113417550712,30,0.7345150847222086,0.24414734059232315,0.4903677441298855,60.50261238894899,9.801229675634858,"{'alpha': 0.1, 'beta': 0.9, 'gamma': 0.0, 'source': 'phase3_tuning'}"
test,pred_error,hetero,low,binpack,1003,0.7,0.6332168123239538,0.14614645327604295,0.6332168123239538,11.65565266617892,50.0,8.0,12.0,527,527,0,527,416,111,0,1.0,0.7893738140417458,8.32,0.0,0.0,10.008324934630897,11.846584094838269,1.0,1.0000000000000004,0.5634786022853974,0.13099520094558093,0.0,20.78259380471278,22,0.6520867683363144,0.18468842608701902,0.4673983422492954,61.742303730522465,8.535476782662974,{}
test,pred_error,hetero,low,spread,1003,0.7,0.6332168123239538,0.14614645327604295,0.6332168123239538,11.65565266617892,50.0,8.0,12.0,527,527,0,527,416,111,0,1.0,0.7893738140417458,8.32,0.0,0.0,10.008324934630897,11.846584094838269,1.0,1.0000000000000004,0.5634786022853974,0.13099520094558093,0.0,29.349999419669956,30,0.649072598372687,0.14978821483903543,0.4992843835336517,61.742303730522465,8.535476782662974,{}
test,pred_error,hetero,low,tetris,1003,0.7,0.6332168123239538,0.14614645327604295,0.6332168123239538,11.65565266617892,50.0,8.0,12.0,527,527,0,527,416,111,0,1.0,0.7893738140417458,8.32,0.0,0.0,10.008324934630897,11.846584094838269,1.0,1.0000000000000004,0.5634786022853974,0.13099520094558093,0.0,28.80207834834484,30,0.6534430292696974,0.19117701772642706,0.46226601154327046,61.742303730522465,8.535476782662974,{}
test,pred_error,hetero,low,hybrid,1003,0.7,0.6332168123239538,0.14614645327604295,0.6332168123239538,11.65565266617892,50.0,8.0,12.0,527,527,0,527,416,111,0,1.0,0.7893738140417458,8.32,0.0,0.0,10.008324934630897,11.846584094838269,1.0,1.0000000000000004,0.5634786022853974,0.13099520094558093,0.0,28.58077284309684,30,0.6479474244108476,0.20139829448051466,0.44654912993033297,61.742303730522465,8.535476782662974,"{'alpha': 0.1, 'beta': 0.9, 'gamma': 0.0, 'source': 'phase3_tuning'}"
test,pred_error,hetero,low,binpack,1004,0.7,0.7059492666580987,0.1690781702148731,0.7059492666580987,10.849777803481015,50.0,8.0,12.0,542,542,0,542,420,122,0,1.0,0.7749077490774908,8.4,0.0,0.0,10.101848766095815,11.815591886046242,1.0,1.0000000000000004,0.6262208225135989,0.15023514287894377,0.0,22.62842401842509,29,0.7916725803281911,0.23292767706899273,0.5587449032591985,61.351094600470915,8.834398204785082,{}
test,pred_error,hetero,low,spread,1004,0.7,0.7059492666580987,0.1690781702148731,0.7059492666580987,10.849777803481015,50.0,8.0,12.0,542,542,0,542,420,122,0,1.0,0.7749077490774908,8.4,0.0,0.0,10.101848766095815,11.815591886046242,1.0,1.0000000000000004,0.6262208225135989,0.15023514287894377,0.0,28.863831922933972,30,0.7861494910499995,0.1921516303120373,0.5939978607379622,61.351094600470915,8.834398204785082,{}
test,pred_error,hetero,low,tetris,1004,0.7,0.7059492666580987,0.1690781702148731,0.7059492666580987,10.849777803481015,50.0,8.0,12.0,542,542,0,542,420,122,0,1.0,0.7749077490774908,8.4,0.0,0.0,10.101848766095815,11.815591886046242,1.0,1.0000000000000004,0.6262208225135989,0.15023514287894377,0.0,28.040050799660616,30,0.7678283275403435,0.23271744455285504,0.5351108829874885,61.351094600470915,8.834398204785082,{}
test,pred_error,hetero,low,hybrid,1004,0.7,0.7059492666580987,0.1690781702148731,0.7059492666580987,10.849777803481015,50.0,8.0,12.0,542,542,0,542,420,122,0,1.0,0.7749077490774908,8.4,0.0,0.0,10.101848766095815,11.815591886046242,1.0,1.0000000000000004,0.6262208225135989,0.15023514287894377,0.0,27.71598121011641,30,0.7722199244801291,0.23728225395941377,0.5349376705207153,61.351094600470915,8.834398204785082,"{'alpha': 0.1, 'beta': 0.9, 'gamma': 0.0, 'source': 'phase3_tuning'}"
test,pred_error,hetero,low,binpack,1005,0.7,0.7118352524289502,0.17494299712024178,0.7118352524289502,11.409606801550389,50.0,8.0,12.0,583,583,0,583,469,114,0,1.0,0.8044596912521441,9.38,0.0,0.0,9.994704531596637,11.737932727526285,1.0,1.0000000000000004,0.6488349364949522,0.16028980966701284,0.0,23.29613143369066,23,0.6778559674300343,0.23144068796059872,0.44641527946943554,61.33556534731535,9.505088877859635,{}
test,pred_error,hetero,low,spread,1005,0.7,0.7118352524289502,0.17494299712024178,0.7118352524289502,11.409606801550389,50.0,8.0,12.0,583,583,0,583,469,114,0,1.0,0.8044596912521441,9.38,0.0,0.0,9.994704531596637,11.737932727526285,1.0,1.0000000000000004,0.6488349364949522,0.16028980966701284,0.0,29.15359842560123,30,0.6926597156607854,0.16811908651396681,0.5261146590965767,61.33556534731535,9.505088877859635,{}
test,pred_error,hetero,low,tetris,1005,0.7,0.7118352524289502,0.17494299712024178,0.7118352524289502,11.409606801550389,50.0,8.0,12.0,583,583,0,583,469,114,0,1.0,0.8044596912521441,9.38,0.0,0.0,9.994704531596637,11.737932727526285,1.0,1.0000000000000004,0.6488349364949522,0.16028980966701284,0.0,28.147305482673556,30,0.6653837486360297,0.2330061175214907,0.432377631114539,61.33556534731535,9.505088877859635,{}
test,pred_error,hetero,low,hybrid,1005,0.7,0.7118352524289502,0.17494299712024178,0.7118352524289502,11.409606801550389,50.0,8.0,12.0,583,583,0,583,469,114,0,1.0,0.8044596912521441,9.38,0.0,0.0,9.994704531596637,11.737932727526285,1.0,1.0000000000000004,0.6488349364949522,0.16028980966701284,0.0,27.8381441374701,30,0.6619139209198482,0.23691784023404025,0.42499608068580785,61.33556534731535,9.505088877859635,"{'alpha': 0.1, 'beta': 0.9, 'gamma': 0.0, 'source': 'phase3_tuning'}"
test,pred_error,hetero,low,binpack,1006,0.7,0.7095240686084638,0.1646780260198444,0.7095240686084638,10.969851123153079,50.0,8.0,12.0,555,555,0,555,446,109,0,1.0,0.8036036036036036,8.92,0.0,0.0,10.02663279486579,11.807177807095577,1.0,1.0000000000000002,0.6438684160848076,0.14907656083533616,0.0,23.192174425164787,24,0.6833207487081651,0.21836235130299472,0.46495839740517025,61.50210254150282,9.024081731603813,{}
test,pred_error,hetero,low,spread,1006,0.7,0.7095240686084638,0.1646780260198444,0.7095240686084638,10.969851123153079,50.0,8.0,12.0,555,555,0,555,446,109,0,1.0,0.8036036036036036,8.92,0.0,0.0,10.02663279486579,11.807177807095577,1.0,1.0000000000000002,0.6438684160848076,0.14907656083533616,0.0,29.24004076281127,30,0.6777888263664884,0.17109596126470583,0.5066928651017827,61.50210254150282,9.024081731603813,{}
test,pred_error,hetero,low,tetris,1006,0.7,0.7095240686084638,0.1646780260198444,0.7095240686084638,10.969851123153079,50.0,8.0,12.0,555,555,0,555,446,109,0,1.0,0.8036036036036036,8.92,0.0,0.0,10.02663279486579,11.807177807095577,1.0,1.0000000000000002,0.6438684160848076,0.14907656083533616,0.0,28.32349568594405,30,0.6620853479433889,0.22471011709294772,0.43737523085044117,61.50210254150282,9.024081731603813,{}
test,pred_error,hetero,low,hybrid,1006,0.7,0.7095240686084638,0.1646780260198444,0.7095240686084638,10.969851123153079,50.0,8.0,12.0,555,555,0,555,446,109,0,1.0,0.8036036036036036,8.92,0.0,0.0,10.02663279486579,11.807177807095577,1.0,1.0000000000000002,0.6438684160848076,0.14907656083533616,0.0,27.926925628867355,30,0.6682467915190061,0.23064732444594285,0.43759946707306324,61.50210254150282,9.024081731603813,"{'alpha': 0.1, 'beta': 0.9, 'gamma': 0.0, 'source': 'phase3_tuning'}"
test,pred_error,hetero,low,binpack,1007,0.7,0.7191360467961995,0.1524425904543744,0.7191360467961995,11.42784499390021,50.0,8.0,12.0,582,582,0,582,457,125,0,1.0,0.7852233676975945,9.14,0.0,0.0,10.033346511664435,11.8622289024747,1.0,1.0000000000000004,0.6435411921563059,0.13756780817977962,0.0,22.855028298211582,26,0.7824895216415361,0.19480363896198785,0.5876858826795481,60.350742400524865,9.64362619000588,{}
test,pred_error,hetero,low,spread,1007,0.7,0.7191360467961995,0.1524425904543744,0.7191360467961995,11.42784499390021,50.0,8.0,12.0,582,582,0,582,457,125,0,1.0,0.7852233676975945,9.14,0.0,0.0,10.033346511664435,11.8622289024747,1.0,1.0000000000000004,0.6435411921563059,0.13756780817977962,0.0,29.07315933098268,30,0.7713455207007353,0.16128160554757603,0.6100639151531592,60.350742400524865,9.64362619000588,{}
test,pred_error,hetero,low,tetris,1007,0.7,0.7191360467961995,0.1524425904543744,0.7191360467961995,11.42784499390021,50.0,8.0,12.0,582,582,0,582,457,125,0,1.0,0.7852233676975945,9.14,0.0003924170678517725,0.0,10.033738928732287,11.871057243360447,1.0000335591972291,1.0000000000000004,0.6435411921563056,0.13756780817977965,0.004567734669794632,28.26411169983937,30,0.7620432683174253,0.19557837031442007,0.5664648980030053,60.350742400524865,9.64362619000588,{}
test,pred_error,hetero,low,hybrid,1007,0.7,0.7191360467961995,0.1524425904543744,0.7191360467961995,11.42784499390021,50.0,8.0,12.0,582,582,0,582,457,125,0,1.0,0.7852233676975945,9.14,0.0006366059836689091,0.0,10.033983117648106,11.871057243360447,1.0000564104623155,1.0000000000000004,0.6435411921563056,0.13756780817977965,0.0074100936499061024,27.91858682852005,30,0.7570134008463374,0.195751491622073,0.5612619092242643,60.350742400524865,9.64362619000588,"{'alpha': 0.1, 'beta': 0.9, 'gamma': 0.0, 'source': 'phase3_tuning'}"
test,pred_error,hetero,low,binpack,1008,0.7,0.6798389457054996,0.15504033901094388,0.6798389457054996,10.63472742885591,50.0,8.0,12.0,514,514,0,514,402,112,0,1.0,0.7821011673151751,8.04,0.0,0.0,9.984833037360971,11.769138536703393,1.0,1.0000000000000004,0.6100536815946423,0.1395715850263167,0.0,21.789893602478337,24,0.7140992612733912,0.21045915878825944,0.5036401024851318,60.66289824730367,8.473053791537996,{}
test,pred_error,hetero,low,spread,1008,0.7,0.6798389457054996,0.15504033901094388,0.6798389457054996,10.63472742885591,50.0,8.0,12.0,514,514,0,514,402,112,0,1.0,0.7821011673151751,8.04,0.0,0.0,9.984833037360971,11.769138536703393,1.0,1.0000000000000004,0.6100536815946423,0.1395715850263167,0.0,29.195292944566987,30,0.7020945874601495,0.16410415556247793,0.5379904318976717,60.66289824730367,8.473053791537996,{}
test,pred_error,hetero,low,tetris,1008,0.7,0.6798389457054996,0.15504033901094388,0.6798389457054996,10.63472742885591,50.0,8.0,12.0,514,514,0,514,402,112,0,1.0,0.7821011673151751,8.04,0.0,0.0,9.984833037360971,11.769138536703393,1.0,1.0000000000000004,0.6100536815946423,0.1395715850263167,0.0,28.406291804517362,29,0.687402838804023,0.21432289587627418,0.4730799429277488,60.66289824730367,8.473053791537996,{}
test,pred_error,hetero,low,hybrid,1008,0.7,0.6798389457054996,0.15504033901094388,0.6798389457054996,10.63472742885591,50.0,8.0,12.0,514,514,0,514,402,112,0,1.0,0.7821011673151751,8.04,0.0,0.0,9.984833037360971,11.769138536703393,1.0,1.0000000000000004,0.6100536815946423,0.1395715850263167,0.0,28.040875785913673,29,0.6754349898570603,0.21659893634974398,0.4588360535073164,60.66289824730367,8.473053791537996,"{'alpha': 0.1, 'beta': 0.9, 'gamma': 0.0, 'source': 'phase3_tuning'}"
test,pred_error,hetero,low,binpack,1009,0.7,0.708954398564384,0.14729390205429949,0.708954398564384,10.87064794188326,50.0,8.0,12.0,550,550,0,550,448,102,0,1.0,0.8145454545454546,8.96,0.0,0.0,9.97071391016164,11.81958144025581,1.0,1.0000000000000004,0.6546948556168196,0.13637088020893945,0.0,23.482875947823587,22,0.573692251061691,0.17294087671985875,0.40075137434183217,60.78482325884448,9.048311247988574,{}
test,pred_error,hetero,low,spread,1009,0.7,0.708954398564384,0.14729390205429949,0.708954398564384,10.87064794188326,50.0,8.0,12.0,550,550,0,550,448,102,0,1.0,0.8145454545454546,8.96,0.0,0.0,9.97071391016164,11.81958144025581,1.0,1.0000000000000004,0.6546948556168196,0.13637088020893945,0.0,29.2607878699326,30,0.612070839614431,0.1346283407726676,0.4774424988417634,60.78482325884448,9.048311247988574,{}
test,pred_error,hetero,low,tetris,1009,0.7,0.708954398564384,0.14729390205429949,0.708954398564384,10.87064794188326,50.0,8.0,12.0,550,550,0,550,448,102,0,1.0,0.8145454545454546,8.96,0.004146286582542599,0.0,9.974860196744181,11.81958144025581,1.000450132463267,1.0000000000000004,0.6546948556168196,0.13637088020893942,0.045609152407968596,28.567391304782262,30,0.5833131868140081,0.17641850601741918,0.40689468079658897,60.78482325884448,9.048311247988574,{}
test,pred_error,hetero,low,hybrid,1009,0.7,0.708954398564384,0.14729390205429949,0.708954398564384,10.87064794188326,50.0,8.0,12.0,550,550,0,550,448,102,0,1.0,0.8145454545454546,8.96,0.0022714977010227246,0.0,9.972985407862662,11.81958144025581,1.0002534652012345,1.0000000000000004,0.6546948556168196,0.13637088020893948,0.02498647471124997,28.3567590843521,29,0.5717156621875261,0.1743856024495007,0.3973300597380255,60.78482325884448,9.048311247988574,"{'alpha': 0.1, 'beta': 0.9, 'gamma': 0.0, 'source': 'phase3_tuning'}"
test,pred_error,hetero,med,binpack,1000,1.0,1.0117780727361116,0.24056967470893365,1.0117780727361116,15.938102007379236,50.0,8.0,12.0,813,813,0,785,627,158,28,0.965559655596556,0.7712177121771218,12.54,0.8419309840914381,4.392763689010003,10.771943447556744,14.5750933537024,1.0855744782018844,1.4288936660379896,0.869460583907541,0.2083320964967075,13.00283989949041,27.467383821475682,30,0.9648098444860793,0.2527072621602641,0.7121025823258152,63.305720154288394,12.84244137841826,{}
test,pred_error,hetero,med,spread,1000,1.0,1.0117780727361116,0.24056967470893365,1.0117780727361116,15.938102007379236,50.0,8.0,12.0,813,813,0,782,626,156,31,0.9618696186961869,0.7699876998769988,12.52,0.9321892513033226,4.782249237409367,10.862201714768629,15.140424662356907,1.0949426715145754,1.491007970703007,0.8659780526075296,0.2078017450469229,14.306115663405217,29.275698399447183,30,0.9696284189848791,0.24564339114980663,0.7239850278350723,63.83710469510858,12.735539994850281,{}
test,pred_error,hetero,med,tetris,1000,1.0,1.0117780727361116,0.24056967470893365,1.0117780727361116,15.938102007379236,50.0,8.0,12.0,813,813,0,781,624,157,32,0.9606396063960639,0.7675276752767528,12.48,1.0539704490960364,6.512260231439381,10.983982912561343,16.330508189090715,1.1071731003330467,1.6361118868133229,0.8591300915794037,0.2074600743854405,16.054602715662803,28.648654495745724,30,0.9625850432415916,0.2671653536486585,0.695419689592933,63.90885701885735,12.721241435441588,{}
test,pred_error,hetero,med,hybrid,1000,1.0,1.0117780727361116,0.24056967470893365,1.0117780727361116,15.938102007379236,50.0,8.0,12.0,813,813,0,782,625,157,31,0.9618696186961869,0.7687576875768758,12.5,0.9973211431222159,4.313055292643192,10.927333606587522,14.738076419485793,1.1017368144031991,1.4446357783473154,0.866036115562639,0.20702064571105233,15.400339057017215,28.43537132965691,30,0.9710544075420581,0.2668929687370909,0.7041614388049672,63.40682580712013,12.821963403011194,"{'alpha': 0.1, 'beta': 0.9, 'gamma': 0.0, 'source': 'phase3_tuning'}"
test,pred_error,hetero,med,binpack,1001,1.0,0.9979511538911152,0.25596871841316043,0.9979511538911152,16.919796788901383,50.0,8.0,12.0,843,843,0,825,661,164,18,0.9786476868327402,0.7841043890865955,13.22,0.6372687587315355,3.2356355134053914,10.642945300201152,12.933095938967206,1.065119189455087,1.3219060949359374,0.8715458378248967,0.22662385494142603,10.460379626788887,27.43971569525169,30,0.9674560720494709,0.28764580774996956,0.6798102642995013,63.076876495696865,13.364644015901927,{}
test,pred_error,hetero,med,spread,1001,1.0,0.9979511538911152,0.25596871841316043,0.9979511538911152,16.919796788901383,50.0,8.0,12.0,843,843,0,829,666,163,14,0.9833926453143536,0.7900355871886121,13.32,0.6187763629642444,3.616570683821564,10.624452904433863,13.122760732107572,1.063484127165577,1.3682109800760511,0.8706659908327334,0.22684424748985743,10.043712603540763,29.427406791117843,30,0.9622214918474548,0.27298338654345666,0.6892381053039982,63.56591937933183,13.261823446135786,{}
test,pred_error,hetero,med,tetris,1001,1.0,0.9979511538911152,0.25596871841316043,0.9979511538911152,16.919796788901383,50.0,8.0,12.0,843,843,0,825,663,162,18,0.9786476868327402,0.7864768683274022,13.26,0.7483078752603652,4.180445523471292,10.753984416729983,13.769324714154834,1.0766685640343745,1.410384144026474,0.864356834983074,0.22568285822651105,12.11929946871709,28.78467366159414,30,0.9440295821037314,0.28961130776484734,0.6544182743388841,63.36074736934219,13.304767304684525,{}
test,pred_error,hetero,med,hybrid,1001,1.0,0.9979511538911152,0.25596871841316043,0.9979511538911152,16.919796788901383,50.0,8.0,12.0,843,843,0,827,662,165,16,0.9810201660735468,0.7852906287069988,13.24,0.6479906258275447,2.9607935248455632,10.653667167297163,13.178064219903852,1.066194128993837,1.3048974040172658,0.870898249161917,0.22654591810885014,10.541057662880016,28.52645509469221,30,0.9630241599548207,0.294427860274857,0.6685962996799637,63.326893822061976,13.31187982105501,"{'alpha': 0.1, 'beta': 0.9, 'gamma': 0.0, 'source': 'phase3_tuning'}"
test,pred_error,hetero,med,binpack,1002,1.0,0.9884702227834973,0.2631782542020778,0.9884702227834973,17.117317039248146,50.0,8.0,12.0,850,850,0,837,668,169,13,0.9847058823529412,0.7858823529411765,13.36,0.4726338383730647,2.447555149497063,10.434958454351095,12.622148618033354,1.0480041932389894,1.2455136358952235,0.866481131578239,0.23355311457073158,7.74869402954821,27.483427616273712,30,0.9621759796057747,0.2985357575336178,0.663640222072157,63.85223602174381,13.311984872550848,{}
test,pred_error,hetero,med,spread,1002,1.0,0.9884702227834973,0.2631782542020778,0.9884702227834973,17.117317039248146,50.0,8.0,12.0,850,850,0,836,670,166,14,0.9835294117647059,0.788235294117647,13.4,0.5158925892702958,2.496240836271408,10.478217205248328,12.665581145344753,1.0524582134830949,1.2482634071877814,0.865665374698862,0.23364516813283426,8.341693320951354,29.47990024273072,30,0.9329491130974376,0.2788758848162691,0.6540732282811684,64.24720963547153,13.230146567030149,{}
test,pred_error,hetero,med,tetris,1002,1.0,0.9884702227834973,0.2631782542020778,0.9884702227834973,17.117317039248146,50.0,8.0,12.0,850,850,0,836,668,168,14,0.9835294117647059,0.7858823529411765,13.36,0.5899090376025887,2.8298847448927447,10.552233653580618,12.947739923528598,1.0599913355710817,1.2648195372783708,0.8616762348396115,0.23258882735422745,9.49790483547461,28.784451499563133,30,0.9514580809788655,0.30058951468288897,0.6508685662959766,64.58173162718141,13.161616738722575,{}
test,pred_error,hetero,med,hybrid,1002,1.0,0.9884702227834973,0.2631782542020778,0.9884702227834973,17.117317039248146,50.0,8.0,12.0,850,850,0,836,667,169,14,0.9835294117647059,0.7847058823529411,13.34,0.552622008798721,2.78002718740251,10.514946624776751,12.776420093266786,1.0561022377902565,1.2627117806626387,0.8636395173167974,0.2330961006077722,8.870092055632979,28.519491214413435,30,0.9486472491407142,0.3152831339670438,0.6333641151736704,64.39231983312196,13.200331999263973,"{'alpha': 0.1, 'beta': 0.9, 'gamma': 0.0, 'source': 'phase3_tuning'}"
test,pred_error,hetero,med,binpack,1003,1.0,0.9342324706795352,0.2174190728909178,0.9342324706795352,16.6509323802556,50.0,8.0,12.0,781,781,0,760,597,163,21,0.9731113956466069,0.764404609475032,11.94,0.21313700515467351,1.817551185608167,10.205225423225276,12.027683241892323,1.022071050557699,1.1927600851957303,0.8107974515674272,0.1896199214685745,2.9569733880346734,26.864409076731487,30,0.9570043910427333,0.25858365476940126,0.698420736273332,62.968905636896,12.402947011713364,{}
test,pred_error,hetero,med,spread,1003,1.0,0.9342324706795352,0.2174190728909178,0.9342324706795352,16.6509323802556,50.0,8.0,12.0,781,781,0,760,596,164,21,0.9731113956466069,0.7631241997439181,11.92,0.24534994238840976,2.0307615210299446,10.237438360459011,12.07743509884984,1.0255362176536786,1.1944279457953368,0.8088291898976968,0.18937755763729547,3.442325239872632,29.50789485604532,30,0.9635324956511186,0.2471792710679291,0.7163532245831895,63.217748069168465,12.354125603232246,{}
test,pred_error,hetero,med,tetris,1003,1.0,0.9342324706795352,0.2174190728909178,0.9342324706795352,16.6509323802556,50.0,8.0,12.0,781,781,0,764,600,164,17,0.9782330345710627,0.7682458386683739,12.0,0.21740462079187733,1.6285927738397348,10.20949303886248,12.052892879767455,1.0224428525568976,1.164875178597404,0.8113070373336575,0.18964605450440014,3.0684365450848423,29.10799768556194,30,0.961662285881735,0.2729846823828526,0.6886776034988824,63.06195907492175,12.384645378240164,{}
test,pred_error,hetero,med,hybrid,1003,1.0,0.9342324706795352,0.2174190728909178,0.9342324706795352,16.6509323802556,50.0,8.0,12.0,781,781,0,762,597,165,19,0.9756722151088348,0.764404609475032,11.94,0.2248483386093974,1.8172105582107179,10.21693675668,12.000983214912768,1.023315417233681,1.1947343762943181,0.8104557304507631,0.18959757298907198,3.1831020165998147,28.988643169480916,30,0.9693716898288228,0.2676343649716451,0.7017373248571778,62.91855988481706,12.412871518829279,"{'alpha': 0.1, 'beta': 0.9, 'gamma': 0.0, 'source': 'phase3_tuning'}"
test,pred_error,hetero,med,binpack,1004,1.0,1.0085082525297842,0.2411840166681982,1.0085082525297842,15.49968257640145,50.0,8.0,12.0,777,777,0,745,599,146,32,0.9588159588159588,0.7709137709137709,11.98,0.813499841475071,4.3260919923249475,10.860429506604815,14.599975372868911,1.0820402736391261,1.4147601601808002,0.8564162147900375,0.20753564064463564,11.625957269731492,27.193002178850662,30,0.9487844307296562,0.2596799029113001,0.6891045278183561,64.82495504698615,11.986124779212236,{}
test,pred_error,hetero,med,spread,1004,1.0,1.0085082525297842,0.2411840166681982,1.0085082525297842,15.49968257640145,50.0,8.0,12.0,777,777,0,743,594,149,34,0.9562419562419563,0.7644787644787645,11.88,0.9476971336158921,4.6319980803569365,10.994626798745635,14.902870117800752,1.0959318004608882,1.4391143411854717,0.8516189433168918,0.20654754383937887,13.56278560674786,29.23118063908903,30,0.9718163359581042,0.26567234302603887,0.7061439929320653,65.0059812804103,11.9527462657371,{}
test,pred_error,hetero,med,tetris,1004,1.0,1.0085082525297842,0.2411840166681982,1.0085082525297842,15.49968257640145,50.0,8.0,12.0,777,777,0,743,595,148,34,0.9562419562419563,0.7657657657657657,11.9,0.9763551395435284,5.414578712305513,11.023284804673272,15.956215357255267,1.098477942790758,1.559176650256175,0.8471646811484719,0.20645724592042114,13.91423952528535,28.781281953672778,30,0.9615024235592114,0.26726963628088357,0.6942327872783277,65.08600681036607,11.938049944650304,{}
test,pred_error,hetero,med,hybrid,1004,1.0,1.0085082525297842,0.2411840166681982,1.0085082525297842,15.49968257640145,50.0,8.0,12.0,777,777,0,742,593,149,35,0.954954954954955,0.7631917631917632,11.86,0.9850163617082826,5.49709776947833,11.031946026838026,15.563847653673946,1.0993198741137584,1.5220040152822538,0.8487149888019699,0.20665346606553503,14.02551838072708,28.586649950751283,30,0.9611298393419427,0.2764513150258318,0.6846785243161109,65.20795247685722,11.91572454718254,"{'alpha': 0.1, 'beta': 0.9, 'gamma': 0.0, 'source': 'phase3_tuning'}"
test,pred_error,hetero,med,binpack,1005,1.0,1.0090904140287262,0.24575767901204174,1.0090904140287262,16.299438287929128,50.0,8.0,12.0,821,821,0,805,644,161,16,0.9805115712545676,0.784409257003654,12.88,1.0585815509949734,4.676500842747441,11.064748959056718,14.789772082956631,1.107436851738199,1.481927321935069,0.8789080968630715,0.21578330366986684,16.93803242045903,27.56698786487654,30,0.957990053616976,0.29802082892241283,0.6599692246945632,63.049036456054786,13.021610577224878,{}
test,pred_error,hetero,med,spread,1005,1.0,1.0090904140287262,0.24575767901204174,1.0090904140287262,16.299438287929128,50.0,8.0,12.0,821,821,0,798,636,162,23,0.9719853836784409,0.7746650426309378,12.72,1.18023485289461,4.162791571423654,11.186402260956356,14.461696311269911,1.119801742041838,1.421412764506523,0.8765974942653071,0.21454058440350515,18.884516097380935,29.38375140185346,30,0.9576377455663143,0.28536203417909006,0.6722757113872242,63.1804108940245,12.994534039626654,{}
test,pred_error,hetero,med,tetris,1005,1.0,1.0090904140287262,0.24575767901204174,1.0090904140287262,16.299438287929128,50.0,8.0,12.0,821,821,0,802,643,159,19,0.976857490864799,0.7831912302070646,12.86,1.1359084022833508,5.0321557918304585,11.142075810345096,15.278563887072249,1.1151979130292164,1.5043158620527115,0.8730369854790101,0.21478911318412128,18.090248524269363,28.684173028978922,30,0.9500138560489809,0.3009752140639665,0.6490386419850144,63.3166818303717,12.966567044677053,{}
test,pred_error,hetero,med,hybrid,1005,1.0,1.0090904140287262,0.24575767901204174,1.0090904140287262,16.299438287929128,50.0,8.0,12.0,821,821,0,801,640,161,20,0.9756394640682094,0.7795371498172959,12.8,1.242491537447821,4.794929885920379,11.248658945509566,15.085846352892311,1.1260719625543316,1.4916159949268382,0.8721854468386332,0.21407284908414834,19.780034347503765,28.48022532270841,30,0.9569876490607594,0.30261251267674444,0.654375136384015,63.24332525724299,12.981607097042614,"{'alpha': 0.1, 'beta': 0.9, 'gamma': 0.0, 'source': 'phase3_tuning'}"
test,pred_error,hetero,med,binpack,1006,1.0,1.0026877332858901,0.2312713657670055,1.0026877332858901,15.671215890218686,50.0,8.0,12.0,784,784,0,768,619,149,16,0.9795918367346939,0.7895408163265306,12.38,0.6987740649191936,2.829294949806325,10.725075136465284,13.280750732012407,1.0706057858517826,1.2878796203720326,0.8726599041441638,0.20350733185558917,10.616512697509085,27.674012796661682,30,0.9512407687150141,0.236942624718853,0.714298143996161,63.54626704907511,12.337467429747484,{}
test,pred_error,hetero,med,spread,1006,1.0,1.0026877332858901,0.2312713657670055,1.0026877332858901,15.671215890218686,50.0,8.0,12.0,784,784,0,767,617,150,17,0.9783163265306123,0.7869897959183674,12.34,0.7176569489956252,2.816720371856924,10.743958020541715,13.235883651639824,1.0724639288558577,1.2841228697575067,0.8741362830169013,0.20360365344091297,10.981312819572313,29.45792390424884,30,0.9632659857422029,0.2378191087650681,0.7254468769771348,63.16761469725824,12.411423223078094,{}
test,pred_error,hetero,med,tetris,1006,1.0,1.0026877332858901,0.2312713657670055,1.0026877332858901,15.671215890218686,50.0,8.0,12.0,784,784,0,764,616,148,20,0.9744897959183674,0.7857142857142857,12.32,0.916332948255158,3.7553309442422815,10.942634019801247,13.785194868218227,1.0924969965242577,1.3706630102856343,0.864064984267118,0.20207522224537225,13.808697931247279,28.891745251988876,30,0.9486254242280872,0.24392793909573307,0.704697485132354,63.70257457078803,12.307194886272578,{}
test,pred_error,hetero,med,hybrid,1006,1.0,1.0026877332858901,0.2312713657670055,1.0026877332858901,15.671215890218686,50.0,8.0,12.0,784,784,0,764,616,148,20,0.9744897959183674,0.7857142857142857,12.32,0.8046130060023414,3.701028690966851,10.830914077548432,13.923169531601758,1.08132100738117,1.3534792379051666,0.8684507244943427,0.20273875943494846,12.151072516591716,28.707378197683386,30,0.9632974305162392,0.24108932305422826,0.722208107462011,63.84821010358289,12.279122605443332,"{'alpha': 0.1, 'beta': 0.9, 'gamma': 0.0, 'source': 'phase3_tuning'}"
test,pred_error,hetero,med,binpack,1007,1.0,1.0879507025271031,0.23234306726646659,1.0879507025271031,16.325492848428873,50.0,8.0,12.0,883,883,0,796,625,171,87,0.9014722536806342,0.7078142695356738,12.5,1.992516994281833,6.2862423098658695,12.019457449808659,16.8795662160337,1.2019610826108338,1.6878674250268806,0.856652417028919,0.18272371869421886,29.699844366875418,26.98059043435499,30,0.9778915055492489,0.2629430148060839,0.714948490743165,69.76135756906167,12.657437165351265,{}
test,pred_error,hetero,med,spread,1007,1.0,1.0879507025271031,0.23234306726646659,1.0879507025271031,16.325492848428873,50.0,8.0,12.0,883,883,0,796,626,170,87,0.9014722536806342,0.7089467723669309,12.52,2.059791769883841,6.39878446983608,12.086732225410666,16.88063578360613,1.2084970909786956,1.6894560271019101,0.8542470177557315,0.18199443773822688,30.391134251413224,29.337371105073984,30,0.9812767048940683,0.25097786043890674,0.7302988444551616,70.09398528549659,12.597371891518128,{}
test,pred_error,hetero,med,tetris,1007,1.0,1.0879507025271031,0.23234306726646659,1.0879507025271031,16.325492848428873,50.0,8.0,12.0,883,883,0,791,620,171,92,0.8958097395243488,0.7021517553793885,12.4,2.159882977216576,6.407611601455677,12.1868234327434,16.891415535244725,1.2189105815951178,1.7035359023161714,0.8518581646555315,0.18125614089426528,31.95015297328259,28.706779493292437,30,0.9795490782708882,0.2583348181868988,0.7212142600839894,70.3727187502195,12.547476006065855,{}
test,pred_error,hetero,med,hybrid,1007,1.0,1.0879507025271031,0.23234306726646659,1.0879507025271031,16.325492848428873,50.0,8.0,12.0,883,883,0,787,618,169,96,0.8912797281993206,0.6998867497168743,12.36,2.2617031914159744,6.83211129349516,12.288643646942798,17.386594337925693,1.2288462293230107,1.7325779764307072,0.8467215761295575,0.18029179508760426,33.30484752623606,28.54731745596961,30,0.9760836780754151,0.2600094022241257,0.7160742758512892,70.40966128594614,12.540892597309623,"{'alpha': 0.1, 'beta': 0.9, 'gamma': 0.0, 'source': 'phase3_tuning'}"
test,pred_error,hetero,med,binpack,1008,1.0,0.9903556433072345,0.22699228032979119,0.9903556433072345,15.192467755508446,50.0,8.0,12.0,756,756,0,728,579,149,28,0.9629629629629629,0.7658730158730159,11.58,0.5151972793097508,2.6531817005730645,10.481783226254985,12.946802795362466,1.0528749016299326,1.2777087542694252,0.8467502105772552,0.198442441035493,6.981889522095701,27.26520421644261,30,0.9602833012274566,0.266475808533868,0.6938074926935887,64.74688696346243,11.676237043282425,{}
test,pred_error,hetero,med,spread,1008,1.0,0.9903556433072345,0.22699228032979119,0.9903556433072345,15.192467755508446,50.0,8.0,12.0,756,756,0,726,577,149,30,0.9603174603174603,0.7632275132275133,11.54,0.620084565436918,2.851368249804665,10.586670512382153,13.489855205991866,1.0634953478281675,1.2927897066389795,0.8445226286776595,0.19801878273845244,8.521729571176266,29.441639599537574,30,0.9564949316290122,0.23335959464017378,0.7231353369888385,64.43192225958786,11.733314380318719,{}
test,pred_error,hetero,med,tetris,1008,1.0,0.9903556433072345,0.22699228032979119,0.9903556433072345,15.192467755508446,50.0,8.0,12.0,756,756,0,726,577,149,30,0.9603174603174603,0.7632275132275133,11.54,0.6466580112516207,2.765474999899098,10.613243958196854,13.229847009161011,1.0664344307958644,1.2898015108871648,0.8443760174821431,0.19804886616191258,8.945675476048025,28.66521448425133,30,0.958204946639868,0.2507217651292362,0.7074831815106318,64.30249599034326,11.756930868026236,{}
test,pred_error,hetero,med,hybrid,1008,1.0,0.9903556433072345,0.22699228032979119,0.9903556433072345,15.192467755508446,50.0,8.0,12.0,756,756,0,729,579,150,27,0.9642857142857143,0.7658730158730159,11.58,0.6154970958242807,2.725032925981232,10.582083042769515,13.151873869575667,1.0631849620990284,1.2788132552607265,0.8455332496530866,0.198210818368802,8.523709957611052,28.4381940594199,30,0.9607831557958654,0.25282551315095547,0.7079576426449098,64.08973075646969,11.795961553851336,"{'alpha': 0.1, 'beta': 0.9, 'gamma': 0.0, 'source': 'phase3_tuning'}"
test,pred_error,hetero,med,binpack,1009,1.0,1.0328034837653388,0.21434238341058134,1.0328034837653388,15.529497059833227,50.0,8.0,12.0,802,802,0,766,609,157,36,0.9551122194513716,0.7593516209476309,12.18,1.2639937520214606,4.313840845663115,11.253106491980489,14.398396267419338,1.1281309251719887,1.4590187443626623,0.8797872762275223,0.18305386782435462,19.38641566034791,27.613460298251486,30,0.9815160664320955,0.23733946785096105,0.7441765985811345,63.28471649066637,12.672886037472951,{}
test,pred_error,hetero,med,spread,1009,1.0,1.0328034837653388,0.21434238341058134,1.0328034837653388,15.529497059833227,50.0,8.0,12.0,802,802,0,762,604,158,40,0.9501246882793017,0.7531172069825436,12.08,1.3003643826060245,5.1663288551396676,11.289477122565051,14.843009774279828,1.1319831379949212,1.5589692168696778,0.8756177688258389,0.18301061680686234,19.76388440369557,29.488759021906866,30,0.9781159154911132,0.2384022697977555,0.7399026669219887,64.04052673427401,12.523319855374888,{}
test,pred_error,hetero,med,tetris,1009,1.0,1.0328034837653388,0.21434238341058134,1.0328034837653388,15.529497059833227,50.0,8.0,12.0,802,802,0,761,600,161,41,0.9488778054862843,0.7481296758104738,12.0,1.6194506441851717,6.560805458542891,11.6085633841442,16.291841421581047,1.1645878712326483,1.6724809283677406,0.8631671630622749,0.18135735324386507,24.481130078449425,29.00615431978848,30,0.9783527971408472,0.24346606271400748,0.7348867344268398,65.1853638422798,12.303375370282366,{}
test,pred_error,hetero,med,hybrid,1009,1.0,1.0328034837653388,0.21434238341058134,1.0328034837653388,15.529497059833227,50.0,8.0,12.0,802,802,0,761,601,160,41,0.9488778054862843,0.7493765586034913,12.02,1.4871912305266382,6.582707206375172,11.476303970485665,16.276484810462172,1.1511525480568483,1.700915107025577,0.8670638529672807,0.18234640130438234,22.505617753391597,28.853707340884498,30,0.9690395931598985,0.24108470155421857,0.72795489160568,65.47400177045635,12.249136730815867,"{'alpha': 0.1, 'beta': 0.9, 'gamma': 0.0, 'source': 'phase3_tuning'}"
test,pred_error,hetero,high,binpack,1000,1.3,1.3535641643303604,0.32039834899477326,1.3535641643303604,20.719532609593006,50.0,8.0,12.0,1079,1079,0,860,687,173,219,0.7970342910101946,0.6367006487488415,13.74,6.297528543471632,18.570382924162416,16.267910051134347,28.858295866505436,1.6352365504256903,2.8558875186383337,0.9080092557115667,0.22489636338837282,97.9407767879407,28.098095617671834,30,0.982406514626835,0.30124500392366105,0.681161510703174,79.86305367303856,13.510627885798787,{}
test,pred_error,hetero,high,spread,1000,1.3,1.3535641643303604,0.32039834899477326,1.3535641643303604,20.719532609593006,50.0,8.0,12.0,1079,1079,0,861,688,173,218,0.7979610750695088,0.6376274328081557,13.76,6.276383373556527,18.519092715815688,16.246764881219242,29.06352253724443,1.6329535307095813,2.8485509937030837,0.9070994786104255,0.22520836080336895,96.68713979429724,29.396509992265,30,0.9800086979991519,0.29997342267165866,0.6800352753274932,79.99226749889799,13.488803777375917,{}
test,pred_error,hetero,high,tetris,1000,1.3,1.3535641643303604,0.32039834899477326,1.3535641643303604,20.719532609593006,50.0,8.0,12.0,1079,1079,0,841,673,168,238,0.7794253938832252,0.623725671918443,13.46,6.465544229529445,20.20535821067333,16.435925737192157,29.888881992153756,1.6521804890230665,2.881754160034381,0.9046214303880632,0.2216397029736915,101.71785495616878,28.968650816776343,30,0.9802452536906819,0.2873827320330468,0.6928625216576351,81.02873221593231,13.31626412621869,{}
test,pred_error,hetero,high,hybrid,1000,1.3,1.3535641643303604,0.32039834899477326,1.3535641643303604,20.719532609593006,50.0,8.0,12.0,1079,1079,0,857,684,173,222,0.794253938832252,0.633920296570899,13.68,6.319572105311291,18.69864072634961,16.289953612974006,29.293050520634488,1.6374845270103517,2.8722191428761157,0.9040585703516784,0.22323171985399579,97.3991737452197,28.834271091433603,30,0.9796754405189726,0.30677303759372215,0.6729024029252505,80.2075560079038,13.452597906033608,"{'alpha': 0.1, 'beta': 0.9, 'gamma': 0.0, 'source': 'phase3_tuning'}"
test,pred_error,hetero,high,binpack,1001,1.3,1.2648756817998588,0.3233306329783923,1.2648756817998588,21.9957358255718,50.0,8.0,12.0,1068,1068,0,901,723,178,167,0.8436329588014981,0.6769662921348315,14.46,5.316862545684779,17.413625472459024,15.310886923780384,26.81834275362238,1.5390227316533658,2.699146058290917,0.9056952557842926,0.23708740791926278,91.50922499354243,28.05409454121223,30,0.9834972911425098,0.29978970381561687,0.683707587326893,76.68454760999518,13.927186549129427,{}
test,pred_error,hetero,high,spread,1001,1.3,1.2648756817998588,0.3233306329783923,1.2648756817998588,21.9957358255718,50.0,8.0,12.0,1068,1068,0,903,725,178,165,0.8455056179775281,0.6788389513108615,14.5,5.222279658946381,17.701418009310387,15.216304037041988,27.904098080394284,1.5288509354459283,2.775598081562785,0.9021129863494195,0.23719632895740125,89.64564708234845,29.600270882569617,30,0.9787041406852013,0.29102821506163246,0.6876759256235689,76.50104387502536,13.960593815487279,{}
test,pred_error,hetero,high,tetris,1001,1.3,1.2648756817998588,0.3233306329783923,1.2648756817998588,21.9957358255718,50.0,8.0,12.0,1068,1068,0,904,726,178,164,0.846441947565543,0.6797752808988764,14.52,5.203823455457839,17.813733637376878,15.197847833553444,27.964427127373277,1.5269394968152712,2.800634593684416,0.9034725074823724,0.23772933483619835,89.52542966260842,29.149683127420577,30,0.9793259631990664,0.2997086241190237,0.6796173390800426,76.91865211180607,13.884798688978522,{}
test,pred_error,hetero,high,hybrid,1001,1.3,1.2648756817998588,0.3233306329783923,1.2648756817998588,21.9957358255718,50.0,8.0,12.0,1068,1068,0,905,729,176,163,0.8473782771535581,0.6825842696629213,14.58,5.181868675960172,18.301208512126692,15.175893054055777,28.101184974313448,1.5245508773590095,2.8143025525397416,0.9025317976030744,0.23888912804251308,88.85647113021443,28.971087156945465,30,0.9661072617254607,0.3221441211731255,0.6439631405523353,76.83964981124032,13.899074275111674,"{'alpha': 0.1, 'beta': 0.9, 'gamma': 0.0, 'source': 'phase3_tuning'}"
test,pred_error,hetero,high,binpack,1002,1.3,1.3132052957308546,0.3496978763448026,1.3132052957308546,22.252512151022593,50.0,8.0,12.0,1129,1129,0,928,745,183,201,0.8219663418954827,0.6598759964570416,14.9,4.983707190318934,19.058847758695606,14.941027956953091,28.84124809661067,1.5097040445103043,3.057565353910507,0.9089016409473443,0.25852544190185367,82.77596970861053,28.136425664719116,30,0.9733920799182847,0.296797721993679,0.6765943579246058,79.67035159249453,14.17089265244763,{}
test,pred_error,hetero,high,spread,1002,1.3,1.3132052957308546,0.3496978763448026,1.3132052957308546,22.252512151022593,50.0,8.0,12.0,1129,1129,0,915,738,177,214,0.8104517271922055,0.6536758193091231,14.76,5.255972219970428,16.310559346871763,15.213292986604582,26.31237208441938,1.5356423420936813,2.7132776474539826,0.9044413305171188,0.25565019339879164,85.3505830742343,29.604847851822118,30,0.9680008153792102,0.29695751181125435,0.6710433035679559,78.21844669829164,14.433935313939932,{}
test,pred_error,hetero,high,tetris,1002,1.3,1.3132052957308546,0.3496978763448026,1.3132052957308546,22.252512151022593,50.0,8.0,12.0,1129,1129,0,921,741,180,208,0.8157661647475642,0.6563330380868024,14.82,5.166283830824959,18.2743069835063,15.123604597459114,27.743530052151357,1.5271957852832032,2.860052573630534,0.9043598742438416,0.25633659989005736,85.19036982985764,29.136111873525532,30,0.9726270887320246,0.2961811811492814,0.6764459075827431,79.52334825905041,14.197088335896503,{}
test,pred_error,hetero,high,hybrid,1002,1.3,1.3132052957308546,0.3496978763448026,1.3132052957308546,22.252512151022593,50.0,8.0,12.0,1129,1129,0,922,742,180,207,0.816651904340124,0.6572187776793623,14.84,5.15925950306183,19.34079269486599,15.116580269695987,28.678673724660193,1.5271510797594563,2.9881944193311876,0.9019515679097913,0.25695448777642116,84.60136959872864,28.96177896136724,30,0.9670369393988272,0.2977229592313161,0.669313980167511,80.30909994811965,14.058182705687692,"{'alpha': 0.1, 'beta': 0.9, 'gamma': 0.0, 'source': 'phase3_tuning'}"
test,pred_error,hetero,high,binpack,1003,1.3,1.2227915944938275,0.28351154258006117,1.2227915944938275,21.64621209433228,50.0,8.0,12.0,1018,1018,0,879,706,173,139,0.8634577603143418,0.693516699410609,14.12,3.6134751706799544,11.805785230064359,13.603339650084841,22.01402846191305,1.3665711827249056,2.2330036442071544,0.8968173956555765,0.2181358309802155,57.001769154716364,28.0090293804258,30,0.975163547087813,0.2774174773333154,0.6977460697544976,74.24825536655091,13.710759868690632,{}
test,pred_error,hetero,high,spread,1003,1.3,1.2227915944938275,0.28351154258006117,1.2227915944938275,21.64621209433228,50.0,8.0,12.0,1018,1018,0,874,703,171,144,0.8585461689587426,0.6905697445972495,14.06,3.6182372631869386,11.720338950910111,13.608101742591826,22.19864138319825,1.3670136346098685,2.2369018092842685,0.8954772135438834,0.2164036004748226,57.01127554812494,29.642870911463966,30,0.9790028512530572,0.26993986806342707,0.7090629831896302,74.57243525922802,13.651156710401608,{}
test,pred_error,hetero,high,tetris,1003,1.3,1.2227915944938275,0.28351154258006117,1.2227915944938275,21.64621209433228,50.0,8.0,12.0,1018,1018,0,878,705,173,140,0.862475442043222,0.6925343811394892,14.1,3.5512087348173376,12.909545099823347,13.541073214222223,22.497543533116144,1.3600390434363718,2.240581239937054,0.894694704143015,0.21693877337061568,55.936272593258224,29.27341159724404,30,0.9766665067335001,0.2925131839395474,0.6841533227939529,74.460990699217,13.671588175776243,{}
test,pred_error,hetero,high,hybrid,1003,1.3,1.2227915944938275,0.28351154258006117,1.2227915944938275,21.64621209433228,50.0,8.0,12.0,1018,1018,0,876,704,172,142,0.8605108055009824,0.6915520628683693,14.08,3.5546458677860415,12.752971082271955,13.544510347190927,22.14337310261844,1.3604227303701484,2.2211940776139047,0.895978652608252,0.21780035377800677,56.385617650671,29.06918602852167,30,0.9803469473952832,0.28888412869352587,0.6914628187017572,74.22158255987108,13.71568706688283,"{'alpha': 0.1, 'beta': 0.9, 'gamma': 0.0, 'source': 'phase3_tuning'}"
test,pred_error,hetero,high,binpack,1004,1.3,1.2882729654583833,0.3071802104084482,1.2882729654583833,20.149587349321884,50.0,8.0,12.0,993,993,0,827,660,167,166,0.8328298086606244,0.6646525679758308,13.2,5.5413855733199835,20.242353562337776,15.58044207154921,30.79198868612265,1.5602254218033167,3.027408141539538,0.8970946443610451,0.22751810928779148,86.0031156563932,27.963252323852934,30,0.9773328727544929,0.2816578120169382,0.6956750607375547,77.96290989457589,12.736825771931404,{}
test,pred_error,hetero,high,spread,1004,1.3,1.2882729654583833,0.3071802104084482,1.2882729654583833,20.149587349321884,50.0,8.0,12.0,993,993,0,825,658,167,168,0.8308157099697885,0.6626384692849949,13.16,5.606915102838777,20.529192070696133,15.645971601068004,31.08984165697268,1.5668353425869348,3.0912053120315752,0.8943192554214252,0.22688520917549793,86.5700901548639,29.41832530602408,30,0.974383672577121,0.2655449246772081,0.708838747899913,77.79811265839639,12.763805779712962,{}
test,pred_error,hetero,high,tetris,1004,1.3,1.2882729654583833,0.3071802104084482,1.2882729654583833,20.149587349321884,50.0,8.0,12.0,993,993,0,830,664,166,163,0.8358509566968781,0.6686807653575025,13.28,5.500066223255313,20.143510820476106,15.53912272148454,30.389481408648443,1.5552536537164954,2.97276193189472,0.8956327330444046,0.2273193726956534,85.27063962567964,29.09628929001883,30,0.9810520571082436,0.27591848314980655,0.705133573958437,78.13549806465784,12.70869226658392,{}
test,pred_error,hetero,high,hybrid,1004,1.3,1.2882729654583833,0.3071802104084482,1.2882729654583833,20.149587349321884,50.0,8.0,12.0,993,993,0,836,669,167,157,0.8418932527693856,0.6737160120845922,13.38,5.437280312038284,20.226222951269413,15.476336810267512,30.199422322673886,1.549052153330255,2.9560543050290167,0.8951255083190446,0.22830273243538726,83.45551787179353,28.972680594449226,30,0.9757007693596855,0.2959226018625739,0.6797781674971116,78.27624985530508,12.685840236796942,"{'alpha': 0.1, 'beta': 0.9, 'gamma': 0.0, 'source': 'phase3_tuning'}"
test,pred_error,hetero,high,binpack,1005,1.3,1.316357702921856,0.32055278202697735,1.316357702921856,21.189269774307867,50.0,8.0,12.0,1066,1066,0,885,712,173,181,0.8302063789868668,0.6679174484052532,14.24,5.373922787842888,22.354786655247786,15.416123213404298,32.44703845797591,1.5381905350970124,3.173121981323047,0.9106183419529897,0.2365947966857348,88.76415718913701,28.18806293258898,30,0.9789705927259909,0.3066932949067482,0.6722772978192426,79.71019647011948,13.373445897848281,{}
test,pred_error,hetero,high,spread,1005,1.3,1.316357702921856,0.32055278202697735,1.316357702921856,21.189269774307867,50.0,8.0,12.0,1066,1066,0,885,711,174,181,0.8302063789868668,0.6669793621013134,14.22,5.365074097400242,22.748378696814832,15.407274522961654,32.68991528772412,1.5375340569097125,3.1785804217814597,0.9093895668064158,0.23580979468818164,88.57969065013218,29.52673257940897,30,0.9822660993172138,0.30696233873996487,0.675303760577249,79.57135926420064,13.39678007083632,{}
test,pred_error,hetero,high,tetris,1005,1.3,1.316357702921856,0.32055278202697735,1.316357702921856,21.189269774307867,50.0,8.0,12.0,1066,1066,0,888,714,174,178,0.8330206378986866,0.6697936210131332,14.28,5.3822126016075975,22.80286073172296,15.424413027169008,32.957960449424135,1.5392153362408398,3.217963697158556,0.9073006348119762,0.23599169473837558,88.1091646001171,28.997107602952337,30,0.9762719140020529,0.3096195003621433,0.6666524136399095,79.94231775052852,13.334614632097685,{}
test,pred_error,hetero,high,hybrid,1005,1.3,1.316357702921856,0.32055278202697735,1.316357702921856,21.189269774307867,50.0,8.0,12.0,1066,1066,0,879,709,170,187,0.8245778611632271,0.6651031894934334,14.18,5.461602544408502,22.066202456162493,15.503802969969914,32.21676874783312,1.5473800264351518,3.0922005195634665,0.9090419291763264,0.23534931294685205,90.28299223777235,28.859087930155706,30,0.9750656206684372,0.31042815270539026,0.664637467963047,79.16165179289003,13.466116179447177,"{'alpha': 0.1, 'beta': 0.9, 'gamma': 0.0, 'source': 'phase3_tuning'}"
test,pred_error,hetero,high,binpack,1006,1.3,1.309670717835932,0.30286632479662395,1.309670717835932,20.372580657284292,50.0,8.0,12.0,1022,1022,0,830,668,162,192,0.812133072407045,0.6536203522504892,13.36,5.627860467846733,16.600045047171747,15.644852790921812,27.102537933793336,1.5678491911205357,2.7365512568134007,0.9030964215932953,0.22221669913598815,84.53298581346293,28.1435458847388,30,0.9799972620006373,0.25424557320682495,0.7257516887938124,77.502514661307,13.186668903147625,{}
test,pred_error,hetero,high,spread,1006,1.3,1.309670717835932,0.30286632479662395,1.309670717835932,20.372580657284292,50.0,8.0,12.0,1022,1022,0,839,672,167,183,0.8209393346379648,0.6575342465753424,13.44,5.335136636400729,20.579820396980665,15.352128959475808,30.812798576732135,1.5383516450399695,2.981898068722945,0.8988291895499826,0.2239537390269488,80.95656094879125,29.624538872639008,30,0.9778452809221195,0.26593552758136546,0.711909753340754,78.95420908059222,12.944211738690171,{}
test,pred_error,hetero,high,tetris,1006,1.3,1.309670717835932,0.30286632479662395,1.309670717835932,20.372580657284292,50.0,8.0,12.0,1022,1022,0,833,668,165,189,0.815068493150685,0.6536203522504892,13.36,5.531029919691197,19.77251769768926,15.548022242766276,29.585338834151678,1.5580579989684267,2.8924386101105606,0.8958502843793706,0.2220270429094799,83.10069039717752,29.21223025133887,30,0.9780655945614282,0.27426564860313557,0.7037999459582925,79.33555738109867,12.881991804641771,{}
test,pred_error,hetero,high,hybrid,1006,1.3,1.309670717835932,0.30286632479662395,1.309670717835932,20.372580657284292,50.0,8.0,12.0,1022,1022,0,829,667,162,193,0.8111545988258317,0.6526418786692759,13.34,5.454901438467448,20.39676442110033,15.471893761542528,30.691190438974694,1.5502568170887152,2.9746115690105914,0.8973892254833399,0.22272146905521814,82.99058481386335,28.986106133935287,30,0.9796680567606069,0.2616414042963188,0.7180266524642881,80.12344570152558,12.755317635828295,"{'alpha': 0.1, 'beta': 0.9, 'gamma': 0.0, 'source': 'phase3_tuning'}"
test,pred_error,hetero,high,binpack,1007,1.3,1.369836073433912,0.29303208705288736,1.369836073433912,21.223140702957533,50.0,8.0,12.0,1115,1115,0,870,694,176,245,0.7802690582959642,0.6224215246636772,13.88,7.1986473553362424,23.211883945334847,17.226576594460752,33.35008968951099,1.7284577286403966,3.3042072439562595,0.8957599281262391,0.19794435169330996,117.37461516670652,27.784787614599196,30,0.9810868800172631,0.24349250104757972,0.7375943789696834,81.64070010195383,13.65740370437264,{}
test,pred_error,hetero,high,spread,1007,1.3,1.369836073433912,0.29303208705288736,1.369836073433912,21.223140702957533,50.0,8.0,12.0,1115,1115,0,869,694,175,246,0.7793721973094171,0.6224215246636772,13.88,7.258051500193592,22.466142484067767,17.285980739318102,32.830128897396456,1.7342699971793667,3.201863633594127,0.8954140810259105,0.19743785438857725,118.27803820228786,29.498061125135465,30,0.9814603288406143,0.25101271030375644,0.7304476185368578,81.2464235072637,13.723681017175055,{}
test,pred_error,hetero,high,tetris,1007,1.3,1.369836073433912,0.29303208705288736,1.369836073433912,21.223140702957533,50.0,8.0,12.0,1115,1115,0,872,696,176,243,0.7820627802690583,0.6242152466367713,13.92,7.225752702033218,23.501971187825006,17.25368194115773,33.46433581857318,1.7310629502972608,3.318311293864865,0.8903468068465709,0.19718967357849052,116.55830703123718,29.116551478042,30,0.9756085489409541,0.26104846016173755,0.7145600887792164,82.29771715313956,13.54837094600338,{}
test,pred_error,hetero,high,hybrid,1007,1.3,1.369836073433912,0.29303208705288736,1.369836073433912,21.223140702957533,50.0,8.0,12.0,1115,1115,0,866,690,176,249,0.7766816143497758,0.6188340807174888,13.8,7.179475976066853,23.47897495889049,17.20740521519136,33.41094566661224,1.7265475587103676,3.299886619030055,0.8905641407452687,0.20026371978030652,115.63910069539853,28.976848617357728,30,0.9806214637038588,0.26718039972697766,0.7134410639768812,82.15628055706854,13.57169521842561,"{'alpha': 0.1, 'beta': 0.9, 'gamma': 0.0, 'source': 'phase3_tuning'}"
test,pred_error,hetero,high,binpack,1008,1.3,1.2971715056395043,0.2961917915820891,1.2971715056395043,19.750208082160977,50.0,8.0,12.0,985,985,0,807,644,163,178,0.8192893401015229,0.6538071065989848,12.88,5.404999989577996,16.033814191560502,15.390760753644216,26.43943303375037,1.549192108029336,2.6588320480981955,0.897362599465687,0.21823661952184176,77.67899742079635,28.048369154592223,30,0.9665459071575137,0.24681086602446128,0.7197350411330523,76.76000090690547,12.83220412144872,{}
test,pred_error,hetero,high,spread,1008,1.3,1.2971715056395043,0.2961917915820891,1.2971715056395043,19.750208082160977,50.0,8.0,12.0,985,985,0,805,643,162,180,0.817258883248731,0.6527918781725889,12.86,5.355066927097137,16.09045982737606,15.340827691163357,26.221684831913322,1.5442805246725109,2.6576484345209717,0.8982799209021683,0.2181093212831538,78.35040551818722,29.56307306124134,30,0.976042944657448,0.25604026671696195,0.7200026779404861,77.28430126104435,12.745149841918744,{}
test,pred_error,hetero,high,tetris,1008,1.3,1.2971715056395043,0.2961917915820891,1.2971715056395043,19.750208082160977,50.0,8.0,12.0,985,985,0,812,650,162,173,0.8243654822335026,0.6598984771573604,13.0,5.356499563135875,16.64766834602647,15.342260327202096,26.878576808541556,1.5446323178313321,2.7327006380214054,0.893961244808917,0.2186342884983451,77.4061752868913,29.156158051266434,30,0.9645364387611307,0.25355796643507816,0.7109784723260526,77.90813849574981,12.643095047813722,{}
test,pred_error,hetero,high,hybrid,1008,1.3,1.2971715056395043,0.2961917915820891,1.2971715056395043,19.750208082160977,50.0,8.0,12.0,985,985,0,808,646,162,177,0.8203045685279188,0.6558375634517767,12.92,5.34413464060998,15.989318860053494,15.3298954046762,26.253902699430355,1.543232672525423,2.6513458567854413,0.8983544280025696,0.21818766380024512,78.13856261049577,28.98248350306756,30,0.9785680167587448,0.27122851884294,0.7073394979158049,77.20048660719623,12.758986935040685,"{'alpha': 0.1, 'beta': 0.9, 'gamma': 0.0, 'source': 'phase3_tuning'}"
test,pred_error,hetero,high,binpack,1009,1.3,1.3423371733755982,0.2795507378174927,1.3423371733755982,20.188346177783195,50.0,8.0,12.0,1042,1042,0,809,642,167,233,0.7763915547024952,0.6161228406909789,12.84,7.160088637004055,18.28378162485145,17.158083316044745,28.27567237304458,1.7276062627526183,2.877514793155521,0.9127022470676321,0.1886725562963473,111.09377725863615,28.312491999560443,30,0.9803793799773232,0.24619199200704867,0.7341873879702745,79.60112616594029,13.090267062651819,{}
test,pred_error,hetero,high,spread,1009,1.3,1.3423371733755982,0.2795507378174927,1.3423371733755982,20.188346177783195,50.0,8.0,12.0,1042,1042,0,811,644,167,231,0.7783109404990403,0.6180422264875239,12.88,7.091871570896196,18.59267253335932,17.08986624993689,28.593860391720632,1.7209627100557363,2.928216219080337,0.9094242833626552,0.18791652155565444,109.11892794816713,29.56094876264037,30,0.981580928101424,0.24030065641722145,0.7412802716842026,79.87248415444131,13.045794318669124,{}
test,pred_error,hetero,high,tetris,1009,1.3,1.3423371733755982,0.2795507378174927,1.3423371733755982,20.188346177783195,50.0,8.0,12.0,1042,1042,0,812,650,162,230,0.7792706333973128,0.6238003838771593,13.0,6.958236151472566,18.65368384706639,16.956230830513256,28.764506528554342,1.7078689625038548,2.924431857794359,0.9056529638211714,0.18922774945933196,106.91282428274144,29.339459633119535,30,0.9791690552866134,0.2500784647434002,0.7290905905432131,79.46156333281229,13.113258238272339,{}
test,pred_error,hetero,high,hybrid,1009,1.3,1.3423371733755982,0.2795507378174927,1.3423371733755982,20.188346177783195,50.0,8.0,12.0,1042,1042,0,815,651,164,227,0.7821497120921305,0.6247600767754319,13.02,6.991417408418823,18.662943126137876,16.989412087459517,28.875804716212905,1.7110741447110485,2.9218175846533625,0.909055328434984,0.189564713998427,107.97900611844209,29.22320526916371,30,0.9813228500546707,0.24277319335686215,0.7385496566978086,79.42581348607823,13.119160563368256,"{'alpha': 0.1, 'beta': 0.9, 'gamma': 0.0, 'source': 'phase3_tuning'}"
test,adversarial,homog,low,binpack,1000,0.7,0.7136663077485876,0.42556140782476914,0.7136663077485876,16.128,50.0,8.0,12.0,825,825,0,825,659,166,0,1.0,0.7987878787878788,13.18,0.15617877353658866,1.22567367152379,10.091473737319088,11.94168225563692,1.0160282024324865,1.1368227133734132,0.685801111584476,0.4087936578480767,2.576949763353712,24.038896401315732,14,0.28611111111111115,0.17416666666666666,0.11194444444444444,61.79685552500513,13.350193840626352,{}
test,adversarial,homog,low,spread,1000,0.7,0.7136663077485876,0.42556140782476914,0.7136663077485876,16.128,50.0,8.0,12.0,825,825,0,825,659,166,0,1.0,0.7987878787878788,13.18,0.24445900884249971,1.7363370827515823,10.179753972625,12.237852310089018,1.0249633842721788,1.172337644882855,0.6858011115844753,0.40879365784807725,4.033573645901246,29.317000291164266,30,0.28611111111111115,0.17416666666666666,0.13388888888888892,61.79685552500513,13.350193840626352,{}
test,adversarial,homog,low,tetris,1000,0.7,0.7136663077485876,0.42556140782476914,0.7136663077485876,16.128,50.0,8.0,12.0,825,825,0,825,659,166,0,1.0,0.7987878787878788,13.18,0.3408820716504619,2.453785728478838,10.276177035432962,12.805328593355288,1.0346886095331302,1.2536644645488795,0.6858011115844768,0.4087936578480768,5.624554182232616,28.747634739159203,30,0.28611111111111115,0.17416666666666666,0.11194444444444443,61.79685552500513,13.350193840626352,{}
test,adversarial,homog,low,hybrid,1000,0.7,0.7136663077485876,0.42556140782476914,0.7136663077485876,16.128,50.0,8.0,12.0,825,825,0,825,659,166,0,1.0,0.7987878787878788,13.18,0.1707102720385208,1.3295031498656655,10.106005235821021,11.964444337392997,1.0174910785806133,1.1361204204049729,0.685801111584476,0.4087936578480771,2.816719488635592,28.304656729921007,30,0.28611111111111115,0.17416666666666666,0.11194444444444447,61.79685552500513,13.350193840626352,"{'alpha': 0.1, 'beta': 0.9, 'gamma': 0.0, 'source': 'phase3_tuning'}"
test,adversarial,homog,low,binpack,1001,0.7,0.700363350401653,0.4200977561848874,0.700363350401653,16.128,50.0,8.0,12.0,803,803,0,803,652,151,0,1.0,0.8119551681195517,13.04,0.10209805647883544,1.093617871883497,10.123123326774124,11.914805487400528,1.010272649486776,1.1101860258238172,0.6744147480226084,0.4038342911194865,1.6396947870500975,23.945800796464678,10,0.2569444444444444,0.16041666666666668,0.10125,60.67168807650542,13.235168254877594,{}
test,adversarial,homog,low,spread,1001,0.7,0.700363350401653,0.4200977561848874,0.700363350401653,16.128,50.0,8.0,12.0,803,803,0,803,652,151,0,1.0,0.8119551681195517,13.04,0.14055931161389804,1.2347072609549912,10.161584581909185,11.94602954662627,1.0141383882064001,1.1197968083481542,0.6744147480226084,0.40383429111948677,2.257382544519204,29.46757199200377,30,0.2569444444444445,0.16041666666666668,0.13013888888888892,60.67168807650542,13.235168254877594,{}
test,adversarial,homog,low,tetris,1001,0.7,0.700363350401653,0.4200977561848874,0.700363350401653,16.128,50.0,8.0,12.0,803,803,0,803,652,151,0,1.0,0.8119551681195517,13.04,0.19868137522474785,1.8056408032372566,10.219706645520036,12.040807842895758,1.0199553210094365,1.1884359317667519,0.6744147480226084,0.40383429111948677,3.1908228861094505,28.822720430554718,30,0.2569444444444444,0.16041666666666668,0.09652777777777777,60.67168807650542,13.235168254877594,{}
test,adversarial,homog,low,hybrid,1001,0.7,0.700363350401653,0.4200977561848874,0.700363350401653,16.128,50.0,8.0,12.0,803,803,0,803,652,151,0,1.0,0.8119551681195517,13.04,0.11793051753463751,1.101035492929265,10.138955787829925,11.932784499560142,1.0118907747889332,1.115821063218959,0.6744147480226087,0.40383429111948665,1.893964111606278,28.127764399760444,27,0.2569444444444444,0.16041666666666668,0.10652777777777782,60.67168807650542,13.235168254877594,"{'alpha': 0.1, 'beta': 0.9, 'gamma': 0.0, 'source': 'phase3_tuning'}"
test,adversarial,homog,low,binpack,1002,0.7,0.6980212246390205,0.41633059628760255,0.6980212246390205,16.128,50.0,8.0,12.0,803,803,0,803,641,162,0,1.0,0.7982565379825654,12.82,0.2547359916243405,2.1648989636516607,10.229059348565471,12.148097258800039,1.0259093419923058,1.2304404095934547,0.6679020651725684,0.39818057684157365,4.091060025486906,23.276538534628084,12,0.2833333333333333,0.1675,0.11583333333333333,61.30076799054342,13.099346489816817,{}
test,adversarial,homog,low,spread,1002,0.7,0.6980212246390205,0.41633059628760255,0.6980212246390205,16.128,50.0,8.0,12.0,803,803,0,803,641,162,0,1.0,0.7982565379825654,12.82,0.3083579891834182,2.3950669681752466,10.282681346124548,12.59514914607642,1.0313299965674625,1.2479853065121431,0.6679020651725679,0.39818057684157354,4.952229306285695,29.513936369376466,30,0.2833333333333333,0.1675,0.1275,61.30076799054342,13.099346489816817,{}
test,adversarial,homog,low,tetris,1002,0.7,0.6980212246390205,0.41633059628760255,0.6980212246390205,16.128,50.0,8.0,12.0,803,803,0,803,641,162,0,1.0,0.7982565379825654,12.82,0.39881457255365893,3.448237375550409,10.373137929494789,13.100005610559169,1.040673786048491,1.3276104383523675,0.6679020651725684,0.3981805768415734,6.4049620352117635,28.827356298984938,30,0.2833333333333333,0.1675,0.11583333333333332,61.30076799054342,13.099346489816817,{}
test,adversarial,homog,low,hybrid,1002,0.7,0.6980212246390205,0.41633059628760255,0.6980212246390205,16.128,50.0,8.0,12.0,803,803,0,803,641,162,0,1.0,0.7982565379825654,12.82,0.2616603025309763,2.1597037470671303,10.235983659472106,12.35498754725896,1.0266125737994252,1.2295835189926736,0.6679020651725684,0.3981805768415734,4.202264458647479,28.332328037177753,29,0.2833333333333333,0.1675,0.11583333333333332,61.30076799054342,13.099346489816817,"{'alpha': 0.1, 'beta': 0.9, 'gamma': 0.0, 'source': 'phase3_tuning'}"
test,adversarial,homog,low,binpack,1003,0.7,0.6607965615922003,0.39655561603306505,0.6607965615922003,16.128,50.0,8.0,12.0,761,761,0,761,587,174,0,1.0,0.771353482260184,11.74,0.050110741004716824,0.5276213100770271,10.039125531490026,11.900487922787786,1.0049553330382737,1.0465873911763415,0.6277994283065224,0.3768796959378779,0.7626854780917904,22.559590072271657,11,0.30520833333333336,0.179375,0.12583333333333332,61.04014451935472,12.467205082692765,{}
test,adversarial,homog,low,spread,1003,0.7,0.6607965615922003,0.39655561603306505,0.6607965615922003,16.128,50.0,8.0,12.0,761,761,0,761,587,174,0,1.0,0.771353482260184,11.74,0.09213284228120106,0.9797429674905267,10.081147632766509,11.91304003297629,1.0091233459417075,1.1016621096903885,0.6277994283065227,0.37687969593787807,1.40226185951988,29.54839923178984,30,0.30520833333333336,0.17937499999999998,0.15444444444444447,61.04014451935472,12.467205082692765,{}
test,adversarial,homog,low,tetris,1003,0.7,0.6607965615922003,0.39655561603306505,0.6607965615922003,16.128,50.0,8.0,12.0,761,761,0,761,587,174,0,1.0,0.771353482260184,11.74,0.13358927044840582,1.2942015911162486,10.122604060933714,11.933182390505237,1.0133502656996993,1.1383226480110251,0.627799428306523,0.3768796959378778,2.0332286962247377,28.932857979694678,30,0.30520833333333336,0.17937499999999998,0.1258333333333333,61.04014451935472,12.467205082692765,{}
test,adversarial,homog,low,hybrid,1003,0.7,0.6607965615922003,0.39655561603306505,0.6607965615922003,16.128,50.0,8.0,12.0,761,761,0,761,587,174,0,1.0,0.771353482260184,11.74,0.055953449873481775,0.5529247343603672,10.04496824035879,11.902607944883314,1.0055567957516296,1.0546687864411064,0.6277994283065229,0.37687969593787807,0.8516115070743924,28.452244264450133,30,0.30520833333333336,0.17937499999999998,0.1325,61.04014451935472,12.467205082692765,"{'alpha': 0.1, 'beta': 0.9, 'gamma': 0.0, 'source': 'phase3_tuning'}"
test,adversarial,homog,low,binpack,1004,0.7,0.704527975763143,0.4250699485705226,0.704527975763143,16.128,50.0,8.0,12.0,809,809,0,809,654,155,0,1.0,0.8084054388133498,13.08,0.13678515594221913,1.3918657712214628,10.173241337385615,11.96122990248152,1.0137433016012238,1.1342969412923796,0.6773215428341739,0.4089122553744008,2.2131838231451053,24.27611570776657,13,0.2638888888888889,0.16458333333333333,0.09930555555555555,61.75579222787554,13.099985779711702,{}
test,adversarial,homog,low,spread,1004,0.7,0.704527975763143,0.4250699485705226,0.704527975763143,16.128,50.0,8.0,12.0,809,809,0,809,654,155,0,1.0,0.8084054388133498,13.08,0.18783824729742393,1.6617555951387981,10.22429442874082,11.995839389743473,1.0189228084484263,1.1649883592925447,0.6773215428341739,0.40891225537440107,3.0392228412723217,29.293731246454534,30,0.2638888888888889,0.16458333333333333,0.11708333333333334,61.75579222787554,13.099985779711702,{}
test,adversarial,homog,low,tetris,1004,0.7,0.704527975763143,0.4250699485705226,0.704527975763143,16.128,50.0,8.0,12.0,809,809,0,809,654,155,0,1.0,0.8084054388133498,13.08,0.2452619626802279,2.178715792237357,10.281718144123623,12.22951645433072,1.0250913273141844,1.2134445025283658,0.6773215428341739,0.40891225537440107,3.968338556166085,28.626495309264055,30,0.2638888888888889,0.16458333333333333,0.09930555555555555,61.75579222787554,13.099985779711702,{}
test,adversarial,homog,low,hybrid,1004,0.7,0.704527975763143,0.4250699485705226,0.704527975763143,16.128,50.0,8.0,12.0,809,809,0,809,654,155,0,1.0,0.8084054388133498,13.08,0.14406309234295436,1.5526666881757585,10.180519273786352,11.96122990248152,1.0144519767122628,1.1505256171746956,0.6773215428341741,0.4089122553744008,2.3309408341090005,28.139844923076122,26,0.2638888888888889,0.16458333333333333,0.09930555555555558,61.75579222787554,13.099985779711702,"{'alpha': 0.1, 'beta': 0.9, 'gamma': 0.0, 'source': 'phase3_tuning'}"
test,adversarial,homog,low,binpack,1005,0.7,0.7065785967749073,0.4216946111094242,0.7065785967749073,16.128,50.0,8.0,12.0,811,811,0,811,655,156,0,1.0,0.8076448828606658,13.1,0.21604262996072437,1.6743471548441846,10.226247532897082,12.080130698036502,1.02175635505399,1.1701965852916572,0.676344345341181,0.40343720123773585,3.504211457962949,23.79603500348133,10,0.27291666666666664,0.16125,0.11361111111111111,61.36974442003305,13.214980894319378,{}
test,adversarial,homog,low,spread,1005,0.7,0.7065785967749073,0.4216946111094242,0.7065785967749073,16.128,50.0,8.0,12.0,811,811,0,811,655,156,0,1.0,0.8076448828606658,13.1,0.29971920657516,2.1133809511150954,10.309924109511517,12.406617659930056,1.0302991197530307,1.2138225971678487,0.6763443453411804,0.4034372012377356,4.8614455306490925,29.401791517723158,30,0.27291666666666664,0.16125,0.12972222222222224,61.36974442003305,13.214980894319378,{}
test,adversarial,homog,low,tetris,1005,0.7,0.7065785967749073,0.4216946111094242,0.7065785967749073,16.128,50.0,8.0,12.0,811,811,0,811,655,156,0,1.0,0.8076448828606658,13.1,0.4132393491413719,2.6767724617816384,10.42344425207773,13.033362738280033,1.041758249692442,1.262016280887125,0.6763443453411813,0.4034372012377354,6.702742243073044,28.88437202171922,30,0.27291666666666664,0.16125,0.11166666666666665,61.36974442003305,13.214980894319378,{}
test,adversarial,homog,low,hybrid,1005,0.7,0.7065785967749073,0.4216946111094242,0.7065785967749073,16.128,50.0,8.0,12.0,811,811,0,811,655,156,0,1.0,0.8076448828606658,13.1,0.24160421835301973,1.8571997259914426,10.251809121289376,12.18506448367151,1.024365943288949,1.1882668775356933,0.6763443453411804,0.4034372012377353,3.918820421685981,28.053804823313207,29,0.27291666666666664,0.16125,0.11361111111111112,61.36974442003305,13.214980894319378,"{'alpha': 0.1, 'beta': 0.9, 'gamma': 0.0, 'source': 'phase3_tuning'}"
test,adversarial,homog,low,binpack,1006,0.7,0.7031636759294904,0.42171159186905965,0.7031636759294904,16.128,50.0,8.0,12.0,809,809,0,809,650,159,0,1.0,0.8034610630407911,13.0,0.12967818369304712,1.1834084575920798,10.165378876094303,11.944597269436237,1.0134468250822422,1.120070390787088,0.6741673144909841,0.404645442311636,2.098193012153503,24.181347161096642,11,0.27708333333333335,0.165,0.11208333333333333,61.9209388564298,13.065047380430576,{}
test,adversarial,homog,low,spread,1006,0.7,0.7031636759294904,0.42171159186905965,0.7031636759294904,16.128,50.0,8.0,12.0,809,809,0,809,650,159,0,1.0,0.8034610630407911,13.0,0.18747611483908244,1.6220187797220493,10.223176807240339,11.974492721751684,1.0193814919542852,1.1603149777660877,0.6741673144909847,0.4046454423116364,3.0333635380963546,29.550600937048213,30,0.27708333333333335,0.165,0.1429166666666667,61.9209388564298,13.065047380430576,{}
test,adversarial,homog,low,tetris,1006,0.7,0.7031636759294904,0.42171159186905965,0.7031636759294904,16.128,50.0,8.0,12.0,809,809,0,809,650,159,0,1.0,0.8034610630407911,13.0,0.24017203785316488,2.2057196999348765,10.275872730254418,12.118558044891149,1.0248437898732112,1.2250102792999684,0.6741673144909845,0.4046454423116361,3.885983572464209,28.97896395451443,30,0.27708333333333335,0.165,0.11208333333333333,61.9209388564298,13.065047380430576,{}
test,adversarial,homog,low,hybrid,1006,0.7,0.7031636759294904,0.42171159186905965,0.7031636759294904,16.128,50.0,8.0,12.0,809,809,0,809,650,159,0,1.0,0.8034610630407911,13.0,0.14956059173509514,1.4820718409685991,10.18526128413635,11.95461115849375,1.0153874574717685,1.1410574999093477,0.6741673144909839,0.4046454423116361,2.4198903742738405,28.491977292986068,27,0.27708333333333335,0.165,0.11208333333333335,61.9209388564298,13.065047380430576,"{'alpha': 0.1, 'beta': 0.9, 'gamma': 0.0, 'source': 'phase3_tuning'}"
test,adversarial,homog,low,binpack,1007,0.7,0.7637550315446133,0.4573835220779435,0.7637550315446133,16.128,50.0,8.0,12.0,874,874,0,874,669,205,0,1.0,0.7654462242562929,13.38,0.10458653416410309,1.0637777960492407,10.126723005028207,11.928299916251746,1.0107065482439381,1.1012353328661073,0.7279677926399687,0.4357461038150136,1.828172617188522,25.168651351845526,17,0.3689236111111111,0.22135416666666666,0.14756944444444448,61.32978647878831,14.250824113047974,{}
test,adversarial,homog,low,spread,1007,0.7,0.7637550315446133,0.4573835220779435,0.7637550315446133,16.128,50.0,8.0,12.0,874,874,0,874,669,205,0,1.0,0.7654462242562929,13.38,0.13000800632276277,1.2580551105619975,10.152144477186868,11.935951700163145,1.013315883893356,1.1222169055329387,0.7279677926399692,0.4357461038150139,2.2725399505218924,29.35929431482329,30,0.3689236111111111,0.22135416666666666,0.16729166666666667,61.32978647878831,14.250824113047974,{}
test,adversarial,homog,low,tetris,1007,0.7,0.7637550315446133,0.4573835220779435,0.7637550315446133,16.128,50.0,8.0,12.0,874,874,0,874,669,205,0,1.0,0.7654462242562929,13.38,0.2859557539229442,2.0112080235330296,10.308092224787048,12.500038910324825,1.0290305596700169,1.2058369667896531,0.7279677926399681,0.435746103815014,4.998506578573062,28.642043950226316,30,0.3689236111111111,0.22135416666666666,0.15701388888888887,61.32978647878831,14.250824113047974,{}
test,adversarial,homog,low,hybrid,1007,0.7,0.7637550315446133,0.4573835220779435,0.7637550315446133,16.128,50.0,8.0,12.0,874,874,0,874,669,205,0,1.0,0.7654462242562929,13.38,0.10618936697492735,1.0373442762043474,10.128325837839034,11.92603136905931,1.0108522252058276,1.100738923668185,0.7279677926399689,0.43574610381501344,1.8561901347217307,28.18565896908893,28,0.3689236111111111,0.22135416666666666,0.14756944444444445,61.32978647878831,14.250824113047974,"{'alpha': 0.1, 'beta': 0.9, 'gamma': 0.0, 'source': 'phase3_tuning'}"
test,adversarial,homog,low,binpack,1008,0.7,0.6998981532202851,0.4172084841617461,0.6998981532202851,16.128,50.0,8.0,12.0,803,803,0,803,647,156,0,1.0,0.8057285180572852,12.94,0.10634015083272046,1.1894124708443172,10.08044987579659,11.95082415012007,1.0105900861017467,1.1110236115905108,0.6718383199356682,0.39975952372668105,1.7078228223734901,23.833091957604616,14,0.26875,0.16374999999999998,0.10694444444444445,61.54136139030328,13.048135138045941,{}
test,adversarial,homog,low,spread,1008,0.7,0.6998981532202851,0.4172084841617461,0.6998981532202851,16.128,50.0,8.0,12.0,803,803,0,803,647,156,0,1.0,0.8057285180572852,12.94,0.14732961063831254,1.2513286258464902,10.121439335602183,11.982054936877493,1.0146145022769684,1.1299577480945975,0.6718383199356682,0.3997595237266809,2.366113546851299,29.48752519109075,30,0.26875,0.16374999999999998,0.11555555555555558,61.54136139030328,13.048135138045941,{}
test,adversarial,homog,low,tetris,1008,0.7,0.6998981532202851,0.4172084841617461,0.6998981532202851,16.128,50.0,8.0,12.0,803,803,0,803,647,156,0,1.0,0.8057285180572852,12.94,0.2166340597561632,2.1259249402825393,10.190743784720032,12.23304708306772,1.021803104325956,1.208149689870822,0.6718383199356691,0.3997595237266809,3.479142999683979,28.928420703035805,30,0.26875,0.16374999999999998,0.10500000000000004,61.54136139030328,13.048135138045941,{}
test,adversarial,homog,low,hybrid,1008,0.7,0.6998981532202851,0.4172084841617461,0.6998981532202851,16.128,50.0,8.0,12.0,803,803,0,803,647,156,0,1.0,0.8057285180572852,12.94,0.1224601094829652,1.3295127913222213,10.096569834446834,11.960283622319787,1.0121028821510643,1.1278241366834434,0.6718383199356686,0.3997595237266809,1.9667093582964212,28.322851861103118,25,0.26875,0.16374999999999998,0.105,61.54136139030328,13.048135138045941,"{'alpha': 0.1, 'beta': 0.9, 'gamma': 0.0, 'source': 'phase3_tuning'}"
test,adversarial,homog,low,binpack,1009,0.7,0.716552521940417,0.4285733222364206,0.716552521940417,16.128,50.0,8.0,12.0,824,824,0,824,654,170,0,1.0,0.7936893203883495,13.08,0.1687600875465409,1.33393624753597,10.163848932164166,11.994396105681796,1.0166167101360502,1.1274236370797428,0.6879168576085357,0.41170397570025563,2.781166242766991,23.62329321104078,14,0.2972222222222222,0.17583333333333334,0.12333333333333334,61.63549372274991,13.368920247585496,{}
test,adversarial,homog,low,spread,1009,0.7,0.716552521940417,0.4285733222364206,0.716552521940417,16.128,50.0,8.0,12.0,824,824,0,824,654,170,0,1.0,0.7936893203883495,13.08,0.23329271859667483,1.5582597686806388,10.2283815632143,12.165002878153642,1.0230809921769137,1.1560218724085294,0.6879168576085359,0.4117039757002559,3.8446640024732,29.507730948278528,30,0.2972222222222222,0.17583333333333334,0.1411111111111111,61.63549372274991,13.368920247585496,{}
test,adversarial,homog,low,tetris,1009,0.7,0.716552521940417,0.4285733222364206,0.716552521940417,16.128,50.0,8.0,12.0,824,824,0,824,654,170,0,1.0,0.7936893203883495,13.08,0.37409425198947976,2.3161952290116457,10.369183096607106,12.965965035632944,1.0373729542267436,1.2340252671530572,0.6879168576085363,0.4117039757002555,6.165073272786624,28.907156411910467,30,0.2972222222222222,0.17583333333333334,0.12694444444444442,61.63549372274991,13.368920247585496,{}
test,adversarial,homog,low,hybrid,1009,0.7,0.716552521940417,0.4285733222364206,0.716552521940417,16.128,50.0,8.0,12.0,824,824,0,824,654,170,0,1.0,0.7936893203883495,13.08,0.18352178473691322,1.33393624753597,10.17861062935454,12.064389233393136,1.0181199108281707,1.134221888234335,0.6879168576085357,0.4117039757002555,3.0244390124643337,28.440453936269364,29,0.2972222222222222,0.17583333333333334,0.1213888888888889,61.63549372274991,13.368920247585496,"{'alpha': 0.1, 'beta': 0.9, 'gamma': 0.0, 'source': 'phase3_tuning'}"
test,adversarial,homog,med,binpack,1000,1.0,1.0565298052647718,0.631220878740976,1.0565298052647718,23.04,50.0,8.0,12.0,1218,1218,0,1118,812,306,100,0.9178981937602627,0.6666666666666666,16.24,3.9682591436193193,10.735999162185852,13.94338230664145,21.295727408031258,1.4041653040909283,2.1569399119871946,0.9114416461920883,0.5716954276586446,94.06959181897419,28.197832782636425,30,0.9911458333333333,0.41781250000000003,0.5736111111111111,64.1645051046394,18.982457637812168,{}
test,adversarial,homog,med,spread,1000,1.0,1.0565298052647718,0.631220878740976,1.0565298052647718,23.04,50.0,8.0,12.0,1218,1218,0,1095,802,293,123,0.8990147783251231,0.6584564860426929,16.04,4.338128346365536,11.480784370928443,14.313251509387666,21.962077547692598,1.4417929138415073,2.2120992947835227,0.9018092343873855,0.5704850497615362,101.86026185891366,29.52190020381508,30,0.9821180555555556,0.39927083333333335,0.5828472222222222,64.32722149264832,18.934441310187786,{}
test,adversarial,homog,med,tetris,1000,1.0,1.0565298052647718,0.631220878740976,1.0565298052647718,23.04,50.0,8.0,12.0,1218,1218,0,1083,794,289,135,0.8891625615763546,0.6518883415435139,15.88,4.27271603697665,12.408121462922438,14.24783919999878,23.0210839533468,1.4337178340577525,2.35284284283938,0.885399831967733,0.5652556586206259,98.99413422510986,29.127679707807275,30,0.9871527777777778,0.3754166666666666,0.6117361111111111,65.06574944566931,18.719526177394524,{}
test,adversarial,homog,med,hybrid,1000,1.0,1.0565298052647718,0.631220878740976,1.0565298052647718,23.04,50.0,8.0,12.0,1218,1218,0,1113,814,299,105,0.9137931034482759,0.6683087027914614,16.28,4.007154315895706,10.719601289870337,13.982277478917835,21.10803954345284,1.4080744065162671,2.129618386584148,0.9113268298135248,0.5737251118236667,95.01740335899844,28.907047849368265,30,0.9800347222222222,0.4161458333333333,0.5638888888888889,63.85933702961002,19.073170136972188,"{'alpha': 0.1, 'beta': 0.9, 'gamma': 0.0, 'source': 'phase3_tuning'}"
test,adversarial,homog,med,binpack,1001,1.0,0.974980970830948,0.5804629977793446,0.974980970830948,23.04,50.0,8.0,12.0,1116,1116,0,1116,823,293,0,1.0,0.7374551971326165,16.46,3.0195558595854184,9.221666671530542,13.012706365877552,19.79379460248145,1.305014667860656,1.9845474895113717,0.9032798511693853,0.5466932395139433,67.39648678594655,28.140517791976357,30,0.812326388888889,0.36989583333333337,0.45243055555555556,61.386532850245075,18.179883244465476,{}
test,adversarial,homog,med,spread,1001,1.0,0.974980970830948,0.5804629977793446,0.974980970830948,23.04,50.0,8.0,12.0,1116,1116,0,1116,812,304,0,1.0,0.7275985663082437,16.24,3.287075516132618,9.545801841877516,13.28022602242475,20.030556997241213,1.3316688256411382,2.000668432380978,0.9013811594911856,0.5479267128458611,73.36752552008006,29.627998709375582,30,0.875173611111111,0.3676041666666666,0.5075694444444444,61.386532850245075,18.179883244465476,{}
test,adversarial,homog,med,tetris,1001,1.0,0.974980970830948,0.5804629977793446,0.974980970830948,23.04,50.0,8.0,12.0,1116,1116,0,1107,794,313,9,0.9919354838709677,0.7114695340501792,15.88,3.458841861869237,11.017186956579469,13.45199236816137,21.560461423145618,1.3491784016104795,2.1556078227964295,0.8811325445607703,0.5437112022773846,77.17744786984886,29.206618503393234,30,0.9798611111111111,0.37041666666666667,0.6094444444444445,61.84690023172972,18.044558350031117,{}
test,adversarial,homog,med,hybrid,1001,1.0,0.974980970830948,0.5804629977793446,0.974980970830948,23.04,50.0,8.0,12.0,1116,1116,0,1116,819,297,0,1.0,0.7338709677419355,16.38,2.9981682376539434,9.133684569000053,12.991318743946078,19.68309390011111,1.3031244879747557,1.9781708136338068,0.9036945898565307,0.5478404552727839,66.91911506443593,28.956304223757748,30,0.8229166666666666,0.365625,0.45729166666666665,61.386532850245075,18.179883244465476,"{'alpha': 0.1, 'beta': 0.9, 'gamma': 0.0, 'source': 'phase3_tuning'}"
test,adversarial,homog,med,binpack,1002,1.0,1.0127377371864656,0.6057757299965797,1.0127377371864656,23.04,50.0,8.0,12.0,1168,1168,0,1138,808,330,30,0.9743150684931506,0.6917808219178082,16.16,3.2843248787706356,8.843171594724382,13.238248512326278,19.468086771993555,1.3334646497963019,1.9656516948011689,0.9090255575053487,0.5616228984816931,76.4769315833641,28.182037343409526,30,0.9796875,0.4153125,0.564375,62.38244356741825,18.723216552710277,{}
test,adversarial,homog,med,spread,1002,1.0,1.0127377371864656,0.6057757299965797,1.0127377371864656,23.04,50.0,8.0,12.0,1168,1168,0,1116,797,319,52,0.9554794520547946,0.6823630136986302,15.94,3.6837956789324102,9.356377894220433,13.637719312488054,19.976673769156314,1.3736523043548374,2.0054547794836584,0.9004158856709463,0.5593491034619857,85.44173651811802,29.65975545856355,30,0.9798611111111111,0.4204166666666667,0.5594444444444444,62.642435464827926,18.64550749556666,{}
test,adversarial,homog,med,tetris,1002,1.0,1.0127377371864656,0.6057757299965797,1.0127377371864656,23.04,50.0,8.0,12.0,1168,1168,0,1096,790,306,72,0.9383561643835616,0.6763698630136986,15.8,3.5985453956039817,10.101572086089725,13.552469029159626,20.990000533580687,1.365487900773002,2.1193369922864345,0.8867256445926144,0.5519041701552024,82.83117423444558,29.183538131532742,30,0.975,0.418125,0.556875,63.05645736587398,18.52308310349384,{}
test,adversarial,homog,med,hybrid,1002,1.0,1.0127377371864656,0.6057757299965797,1.0127377371864656,23.04,50.0,8.0,12.0,1168,1168,0,1135,808,327,33,0.9717465753424658,0.6917808219178082,16.16,3.2998606853113412,8.933976443422814,13.253784318866984,19.506357985778557,1.3349966528081165,1.9658770926845859,0.9080712108943884,0.5614456439277764,76.79553179552953,28.89635363677936,30,0.9723958333333333,0.41343749999999996,0.5589583333333333,62.35153589536564,18.73249765587271,"{'alpha': 0.1, 'beta': 0.9, 'gamma': 0.0, 'source': 'phase3_tuning'}"
test,adversarial,homog,med,binpack,1003,1.0,0.940865510688023,0.5631006241239896,0.940865510688023,23.04,50.0,8.0,12.0,1083,1083,0,1083,800,283,0,1.0,0.7386888273314867,16.0,1.7983240037395403,5.84467880988408,11.789899980634752,16.488879789874332,1.1824056645814598,1.6251169871127482,0.8872370527392114,0.5329528209016248,38.951697920998434,28.16216163829139,29,0.673611111111111,0.3541666666666667,0.3194444444444445,61.408454803630725,17.636007996996018,{}
test,adversarial,homog,med,spread,1003,1.0,0.940865510688023,0.5631006241239896,0.940865510688023,23.04,50.0,8.0,12.0,1083,1083,0,1083,805,278,0,1.0,0.7433056325023084,16.1,1.930155940244128,5.8397164022998,11.921731917139338,16.515753217443322,1.1959282731093974,1.6259717123712802,0.8882633805201895,0.5332640891263009,41.80717766568784,29.683879462252857,30,0.6508680555555556,0.36052083333333335,0.29034722222222226,61.408454803630725,17.636007996996018,{}
test,adversarial,homog,med,tetris,1003,1.0,0.940865510688023,0.5631006241239896,0.940865510688023,23.04,50.0,8.0,12.0,1083,1083,0,1083,785,298,0,1.0,0.7248384118190212,15.7,2.17562081996778,7.027445985184253,12.16719679686299,17.770037095647158,1.2203487871634202,1.7575405070887762,0.8791594221019658,0.5299124984193504,47.123946960502145,29.277415215879273,30,0.7845486111111111,0.3844791666666667,0.4000694444444444,61.408454803630725,17.636007996996018,{}
test,adversarial,homog,med,hybrid,1003,1.0,0.940865510688023,0.5631006241239896,0.940865510688023,23.04,50.0,8.0,12.0,1083,1083,0,1083,800,283,0,1.0,0.7386888273314867,16.0,1.863284600203706,6.056237833029897,11.854860577098917,16.74873014644784,1.1889085787057012,1.6467637385486376,0.8852235728576265,0.53250417078412,40.35874444041223,29.02855592251486,30,0.6918402777777778,0.35885416666666664,0.35034722222222225,61.408454803630725,17.636007996996018,"{'alpha': 0.1, 'beta': 0.9, 'gamma': 0.0, 'source': 'phase3_tuning'}"
test,adversarial,homog,med,binpack,1004,1.0,0.9719860617709432,0.5862529385291869,0.9719860617709432,23.04,50.0,8.0,12.0,1118,1118,0,1118,815,303,0,1.0,0.7289803220035778,16.3,3.240327238519162,9.835750372486192,13.287706787626107,20.427382363056147,1.3294222022835558,2.0884328047995364,0.8950261823189902,0.5524355260512305,72.45371705328839,27.871980843879324,30,0.853125,0.369375,0.4965277777777778,60.45441937191666,18.493271651854666,{}
test,adversarial,homog,med,spread,1004,1.0,0.9719860617709432,0.5862529385291869,0.9719860617709432,23.04,50.0,8.0,12.0,1118,1118,0,1118,807,311,0,1.0,0.721824686940966,16.14,3.5995677941859294,11.099246681989467,13.646947343292874,21.317494964311777,1.3655146276969754,2.1832452996623513,0.8866716641319005,0.5526152933205255,80.48633587799729,29.50561187251818,30,0.9253472222222222,0.3645833333333333,0.560763888888889,60.71582966309947,18.41364939264716,{}
test,adversarial,homog,med,tetris,1004,1.0,0.9719860617709432,0.5862529385291869,0.9719860617709432,23.04,50.0,8.0,12.0,1118,1118,0,1118,797,321,0,1.0,0.7128801431127012,15.94,3.5302809214836532,11.35800902660512,13.577660470590597,21.71297207153287,1.3592457298240395,2.228039776755571,0.8772286579871301,0.5473881672878487,78.93708140437451,29.047916821754665,30,0.9729166666666667,0.39125000000000004,0.5816666666666667,61.41877806537585,18.20290203119915,{}
test,adversarial,homog,med,hybrid,1004,1.0,0.9719860617709432,0.5862529385291869,0.9719860617709432,23.04,50.0,8.0,12.0,1118,1118,0,1118,815,303,0,1.0,0.7289803220035778,16.3,3.1979098909943855,9.908251796763935,13.24528944010133,20.283103010330027,1.3251626100095715,2.0819588448620325,0.8955528735051262,0.55194227476254,71.50526516263447,28.765540401743078,30,0.8505208333333333,0.37093750000000003,0.4876388888888889,60.45441937191666,18.493271651854666,"{'alpha': 0.1, 'beta': 0.9, 'gamma': 0.0, 'source': 'phase3_tuning'}"
test,adversarial,homog,med,binpack,1005,1.0,1.0068656325990324,0.6013654025407504,1.0068656325990324,23.04,50.0,8.0,12.0,1155,1155,0,1138,803,335,17,0.9852813852813853,0.6952380952380952,16.06,3.569537990789614,9.830824709754353,13.61007435477366,20.40515166129982,1.3606936813080028,2.041138256079855,0.9075996863456564,0.5597390726338992,82.36807665294424,28.24899318398037,30,0.9789930555555556,0.4073958333333333,0.5715972222222222,62.10722182995401,18.596871120114233,{}
test,adversarial,homog,med,spread,1005,1.0,1.0068656325990324,0.6013654025407504,1.0068656325990324,23.04,50.0,8.0,12.0,1155,1155,0,1122,799,323,33,0.9714285714285714,0.6917748917748918,15.98,3.9050024678675763,10.123981893633687,13.945538831851623,20.656977404213894,1.3947785006643283,2.060815092377374,0.9036731262269094,0.5575303815932282,89.97526662722704,29.581254062406227,30,0.974826388888889,0.41302083333333334,0.5618055555555556,62.31808232895451,18.53394643794035,{}
test,adversarial,homog,med,tetris,1005,1.0,1.0068656325990324,0.6013654025407504,1.0068656325990324,23.04,50.0,8.0,12.0,1155,1155,0,1103,793,310,52,0.9549783549783549,0.6865800865800866,15.86,3.8023534820288623,11.116925938119877,13.842889846012909,21.707708375585444,1.3845893934251605,2.219324162830329,0.8874989532825238,0.5497850666496218,87.19657291680609,29.220376163909144,30,0.9835069444444444,0.4244791666666667,0.5590277777777778,62.81384581694896,18.38766572844276,{}
test,adversarial,homog,med,hybrid,1005,1.0,1.0068656325990324,0.6013654025407504,1.0068656325990324,23.04,50.0,8.0,12.0,1155,1155,0,1135,802,333,20,0.9826839826839827,0.6943722943722944,16.04,3.517680582016509,9.835482224676166,13.558216946000556,20.435314124591137,1.355316906969842,2.0256508945801532,0.9079030842968326,0.559781888349011,81.14464235175289,29.008946550556008,30,0.9765625,0.4046875,0.571875,62.16709235859434,18.57896125071589,"{'alpha': 0.1, 'beta': 0.9, 'gamma': 0.0, 'source': 'phase3_tuning'}"
test,adversarial,homog,med,binpack,1006,1.0,0.9898486658449375,0.5964704117801362,0.9898486658449375,23.04,50.0,8.0,12.0,1143,1143,0,1143,831,312,0,1.0,0.7270341207349081,16.62,3.049320302097221,8.868571985540228,13.038953941817173,19.525468634707035,1.3094781807620097,1.9608118234506953,0.9120970048586934,0.5603764054247649,69.7074621059426,28.301216244235032,30,0.8703125,0.38718749999999996,0.483125,61.20510303871788,18.67491341819892,{}
test,adversarial,homog,med,spread,1006,1.0,0.9898486658449375,0.5964704117801362,0.9898486658449375,23.04,50.0,8.0,12.0,1143,1143,0,1143,813,330,0,1.0,0.7112860892388452,16.26,3.5070184428728477,9.643377061270048,13.496652082592801,20.275968814318055,1.356203861623017,2.0297562915538934,0.9018805310685764,0.5590415395406487,80.17044160407337,29.685498781047983,30,0.9807291666666667,0.3959375,0.5847916666666666,61.348736184488516,18.63119065016693,{}
test,adversarial,homog,med,tetris,1006,1.0,0.9898486658449375,0.5964704117801362,0.9898486658449375,23.04,50.0,8.0,12.0,1143,1143,0,1123,810,313,20,0.9825021872265967,0.7086614173228346,16.2,3.453168053322645,10.31775269614134,13.442801693042597,21.130932881852637,1.3514237089203076,2.1340234297858713,0.8893255989239195,0.5519899955388349,78.82849689368861,29.286248030712013,30,0.9762152777777777,0.39760416666666665,0.5786111111111112,61.99298525670939,18.437569916449462,{}
test,adversarial,homog,med,hybrid,1006,1.0,0.9898486658449375,0.5964704117801362,0.9898486658449375,23.04,50.0,8.0,12.0,1143,1143,0,1143,826,317,0,1.0,0.7226596675415573,16.52,3.0923515853877195,8.964520707424114,13.081985225107672,19.57465792488548,1.3140092208631073,1.9746914815704433,0.9108253676478942,0.5601175629654224,70.6911572419633,29.049619653052968,30,0.9076388888888889,0.3908333333333333,0.5227777777777778,61.20510303871788,18.67491341819892,"{'alpha': 0.1, 'beta': 0.9, 'gamma': 0.0, 'source': 'phase3_tuning'}"
test,adversarial,homog,med,binpack,1007,1.0,1.0471648927995332,0.6260441639897751,1.0471648927995332,23.04,50.0,8.0,12.0,1199,1199,0,1123,838,285,76,0.9366138448707256,0.6989157631359466,16.76,4.181239218747841,13.680927390438157,14.22741205895034,23.563925623575468,1.4233369030414809,2.3647987843356706,0.9030702890463397,0.5727198988700186,98.31205877210425,27.916406101294484,30,0.9859375,0.36781250000000004,0.6181249999999999,64.19621638660108,18.67711319276837,{}
test,adversarial,homog,med,spread,1007,1.0,1.0471648927995332,0.6260441639897751,1.0471648927995332,23.04,50.0,8.0,12.0,1199,1199,0,1110,836,274,89,0.9257714762301918,0.6972477064220184,16.72,4.37501205122301,14.413463654151869,14.421184891425508,24.475991413464754,1.4430115531741048,2.483633403480567,0.8966740482479862,0.5753592295528693,102.05701778064179,29.55150602037635,30,0.9876736111111111,0.3501041666666667,0.6375694444444444,64.34683851069177,18.633394083545785,{}
test,adversarial,homog,med,tetris,1007,1.0,1.0471648927995332,0.6260441639897751,1.0471648927995332,23.04,50.0,8.0,12.0,1199,1199,0,1085,813,272,114,0.9049207673060884,0.6780650542118432,16.26,4.464337101842201,15.030643334447895,14.5105099420447,25.188973421036295,1.4512864208194172,2.561964462195851,0.8810933523869936,0.5631498093967805,103.47707393560808,29.049430765158437,30,0.9935763888888889,0.3205208333333333,0.6730555555555555,64.85052919015571,18.48866948308585,{}
test,adversarial,homog,med,hybrid,1007,1.0,1.0471648927995332,0.6260441639897751,1.0471648927995332,23.04,50.0,8.0,12.0,1199,1199,0,1125,840,285,74,0.9382819015846539,0.700583819849875,16.8,4.1271081152832725,13.595905727043949,14.17328095548577,23.388873835685217,1.4178652254203818,2.3478580631317234,0.9056555791408194,0.5733765924440873,97.11641238132428,28.769253932053886,30,0.9817708333333334,0.3671875,0.6145833333333334,63.95869685468661,18.746473254827464,"{'alpha': 0.1, 'beta': 0.9, 'gamma': 0.0, 'source': 'phase3_tuning'}"
test,adversarial,homog,med,binpack,1008,1.0,1.0080416778591592,0.6062178332665685,1.0080416778591592,23.04,50.0,8.0,12.0,1162,1162,0,1143,808,335,19,0.9836488812392427,0.6953528399311532,16.16,3.0784238206183416,9.099645959400402,13.069448081872984,19.385195247353764,1.313224440809053,1.9531884173455663,0.9049154307000938,0.5623868718012319,71.40850970605757,28.13358884781011,30,0.982638888888889,0.4083333333333333,0.5743055555555556,62.290878811893705,18.65441654000441,{}
test,adversarial,homog,med,spread,1008,1.0,1.0080416778591592,0.6062178332665685,1.0080416778591592,23.04,50.0,8.0,12.0,1162,1162,0,1132,804,328,30,0.9741824440619621,0.6919104991394148,16.08,3.370942976747869,9.55448673172268,13.361967238002512,19.714867416012623,1.3431003334546885,1.9872973648883268,0.898717972519619,0.5601916251391569,78.03218723591937,29.64126763376357,30,0.9809027777777778,0.40729166666666666,0.5736111111111111,62.61526068038201,18.55777628925637,{}
test,adversarial,homog,med,tetris,1008,1.0,1.0080416778591592,0.6062178332665685,1.0080416778591592,23.04,50.0,8.0,12.0,1162,1162,0,1110,795,315,52,0.955249569707401,0.6841652323580034,15.9,3.5216821010044543,10.77341640439467,13.512706362259097,20.975783266160708,1.3588625465357471,2.1379277530403415,0.8800497853674741,0.5546854362418883,81.03588321369267,29.249894492125105,30,0.9770833333333333,0.41062499999999996,0.5664583333333333,63.326211356248216,18.34943185631377,{}
test,adversarial,homog,med,hybrid,1008,1.0,1.0080416778591592,0.6062178332665685,1.0080416778591592,23.04,50.0,8.0,12.0,1162,1162,0,1147,811,336,15,0.9870912220309811,0.697934595524957,16.22,3.04389202621821,9.226962100866569,13.034916287472853,19.4060018972159,1.309738538984762,1.9520898243067997,0.9054168033258653,0.5629885442535582,70.6194997696968,28.946020635313012,30,0.9786458333333333,0.4034375,0.5752083333333334,62.23034417421072,18.67256264479334,"{'alpha': 0.1, 'beta': 0.9, 'gamma': 0.0, 'source': 'phase3_tuning'}"
test,adversarial,homog,med,binpack,1009,1.0,1.0247131669218943,0.6154304568052316,1.0247131669218943,23.04,50.0,8.0,12.0,1181,1181,0,1129,827,302,52,0.955969517358171,0.7002540220152413,16.54,3.7926495819144774,10.682265972576069,13.783306042833233,21.14714358733137,1.3859407849765752,2.1291812997043515,0.9064153382158082,0.5688230205482729,88.80646115557707,28.18563605634314,30,0.9795138888888889,0.39458333333333334,0.5849305555555555,63.01811346051672,18.740643525292803,{}
test,adversarial,homog,med,spread,1009,1.0,1.0247131669218943,0.6154304568052316,1.0247131669218943,23.04,50.0,8.0,12.0,1181,1181,0,1113,822,291,68,0.9424216765453006,0.6960203217612193,16.44,4.125501510421194,11.32468621342639,14.11615797133995,21.704183922765985,1.419454628123265,2.1882449728079765,0.9000299483723263,0.5672420053039682,96.10105939245166,29.655411663794908,30,0.9833333333333333,0.388125,0.5952083333333333,63.332153895815004,18.64771569182397,{}
test,adversarial,homog,med,tetris,1009,1.0,1.0247131669218943,0.6154304568052316,1.0247131669218943,23.04,50.0,8.0,12.0,1181,1181,0,1099,810,289,82,0.930567315834039,0.6858594411515665,16.2,3.993638027486175,11.736089063192516,13.984294488404931,22.340512910031595,1.4063257517356078,2.2623948858765894,0.8888053151533967,0.5607183173368241,92.40550369536811,29.25567521685816,30,0.9814236111111111,0.3726041666666667,0.6088194444444445,63.68656296432311,18.543943102434184,{}
test,adversarial,homog,med,hybrid,1009,1.0,1.0247131669218943,0.6154304568052316,1.0247131669218943,23.04,50.0,8.0,12.0,1181,1181,0,1130,828,302,51,0.9568162574089755,0.7011007620660458,16.56,3.7708230488050614,10.636810406730405,13.761479509723817,21.00897736370223,1.383838642509585,2.115844330800192,0.9087632154047792,0.5692106062999444,88.47475476745471,28.973222074350392,30,0.9769097222222223,0.3930208333333333,0.5838888888888889,62.73642776585697,18.82478875602693,"{'alpha': 0.1, 'beta': 0.9, 'gamma': 0.0, 'source': 'phase3_tuning'}"
test,adversarial,homog,high,binpack,1000,1.3,1.3574101000484962,0.8150279467333984,1.3574101000484962,29.952,50.0,8.0,12.0,1570,1570,0,1218,865,353,352,0.7757961783439491,0.5509554140127388,17.3,10.23746177243432,28.396809788712368,20.206982020015882,38.17900232490216,2.043951043641563,3.847042063557893,0.9338990373400516,0.6938172746659272,262.3214024718875,28.61371752510502,30,0.9815972222222222,0.5152083333333334,0.4663888888888889,78.84068280834862,19.913576900601743,{}
test,adversarial,homog,high,spread,1000,1.3,1.3574101000484962,0.8150279467333984,1.3574101000484962,29.952,50.0,8.0,12.0,1570,1570,0,1203,833,370,367,0.7662420382165606,0.5305732484076433,16.66,10.828689159792116,28.339262979538695,20.79820940737368,38.54592245556884,2.1037439112124194,3.844311090969946,0.924670073340465,0.6890958870181475,276.63539091219155,29.63223092601166,30,0.9913194444444444,0.6010416666666667,0.3902777777777778,79.43996988084062,19.763350896972753,{}
test,adversarial,homog,high,tetris,1000,1.3,1.3574101000484962,0.8150279467333984,1.3574101000484962,29.952,50.0,8.0,12.0,1570,1570,0,1213,913,300,357,0.7726114649681529,0.5815286624203821,18.26,8.761142090873859,29.84231676472865,18.73066233845542,39.57653161920055,1.8954251318927995,4.020934890432836,0.9160027632954139,0.7022329545771295,216.30136217363503,29.328984390620967,30,0.9744791666666667,0.3809375,0.5935416666666666,79.53938867525083,19.73864806039822,{}
test,adversarial,homog,high,hybrid,1000,1.3,1.3574101000484962,0.8150279467333984,1.3574101000484962,29.952,50.0,8.0,12.0,1570,1570,0,1221,872,349,349,0.7777070063694268,0.5554140127388535,17.44,10.111368674954633,28.6537179221802,20.080888922536193,38.2032446238389,2.03115668149732,3.883427278200046,0.9340313640458503,0.6947128675431251,260.33461411027383,29.159267576437042,30,0.9788194444444444,0.48666666666666664,0.4921527777777778,78.73750984892729,19.939670469796926,"{'alpha': 0.1, 'beta': 0.9, 'gamma': 0.0, 'source': 'phase3_tuning'}"
test,adversarial,homog,high,binpack,1001,1.3,1.269430148176823,0.7556123594849454,1.269430148176823,29.952,50.0,8.0,12.0,1453,1453,0,1182,875,307,271,0.8134893324156917,0.6022023399862354,17.5,8.51085334832995,25.16237023576234,18.54582808729681,34.82590589200948,1.8615439927989457,3.572897232968493,0.9293102886777477,0.6541670594706386,215.0155461805035,28.56962907075108,30,0.9704861111111112,0.34791666666666665,0.6225694444444444,74.36868156013891,19.53779426390689,{}
test,adversarial,homog,high,spread,1001,1.3,1.269430148176823,0.7556123594849454,1.269430148176823,29.952,50.0,8.0,12.0,1453,1453,0,1178,862,316,275,0.8107364074328974,0.5932553337921541,17.24,8.820109526523662,25.517724294386632,18.85508426549052,35.30426433263285,1.8929314096089673,3.613767581934352,0.9222503687888991,0.6531741299353243,223.33201989979509,29.71384516105817,30,0.978298611111111,0.3619791666666667,0.6163194444444444,74.48970888497718,19.506050188001687,{}
test,adversarial,homog,high,tetris,1001,1.3,1.269430148176823,0.7556123594849454,1.269430148176823,29.952,50.0,8.0,12.0,1453,1453,0,1164,875,289,289,0.8011011699931176,0.6022023399862354,17.5,7.789816525980844,24.42208550093133,17.824791264947702,34.57670524700161,1.7859625832428674,3.5483662868877683,0.9155272699720001,0.6616080546091762,187.32244707816474,29.389706541071735,30,0.986111111111111,0.38229166666666664,0.6038194444444444,74.9173305548995,19.394711333651166,{}
test,adversarial,homog,high,hybrid,1001,1.3,1.269430148176823,0.7556123594849454,1.269430148176823,29.952,50.0,8.0,12.0,1453,1453,0,1185,875,310,268,0.8155540261527874,0.6022023399862354,17.5,8.47726696209297,25.372789720586375,18.51224170105983,35.23274248382193,1.858559599164536,3.6074460125364145,0.9275795759623378,0.6550374142171136,214.33895450682306,29.197157095198268,30,0.9725694444444444,0.3560416666666667,0.6165277777777778,74.29894212124871,19.55613308233708,"{'alpha': 0.1, 'beta': 0.9, 'gamma': 0.0, 'source': 'phase3_tuning'}"
test,adversarial,homog,high,binpack,1002,1.3,1.301824944497206,0.7770634952666499,1.301824944497206,29.952,50.0,8.0,12.0,1501,1501,0,1201,879,322,300,0.8001332445036642,0.5856095936042638,17.58,8.903838144620014,26.910383972875934,18.861970584876367,36.08130195922891,1.9054915870497482,3.6900779941611974,0.9325593724353246,0.6703963329694888,227.85804309083196,28.601567187238132,30,0.978298611111111,0.37447916666666664,0.6038194444444444,75.20432782594432,19.958957727459115,{}
test,adversarial,homog,high,spread,1002,1.3,1.301824944497206,0.7770634952666499,1.301824944497206,29.952,50.0,8.0,12.0,1501,1501,0,1184,844,340,317,0.7888074616922052,0.5622918054630246,16.88,9.574129737628914,26.85832028237492,19.532262177885265,35.84435518310928,1.973577567519071,3.6712132647455498,0.9243433852913782,0.6671951853688117,243.83426968512194,29.73827342966425,30,0.9819444444444444,0.45666666666666667,0.5252777777777777,75.49259485162965,19.88274483013877,{}
test,adversarial,homog,high,tetris,1002,1.3,1.301824944497206,0.7770634952666499,1.301824944497206,29.952,50.0,8.0,12.0,1501,1501,0,1195,901,294,306,0.7961359093937375,0.6002664890073285,18.02,7.996710292046099,26.858233422962755,17.954842732302453,36.54630191665805,1.8102232122236916,3.744734402683974,0.9145021109947475,0.6767182827154471,196.3265041891434,29.371952408871344,30,0.9875,0.373125,0.614375,76.08212332840846,19.72868177615041,{}
test,adversarial,homog,high,hybrid,1002,1.3,1.301824944497206,0.7770634952666499,1.301824944497206,29.952,50.0,8.0,12.0,1501,1501,0,1199,884,315,302,0.798800799467022,0.5889407061958695,17.68,8.842758111838917,26.94078112436621,18.800890552095268,36.22902013016254,1.8992479895719627,3.7015306939155423,0.9302895812450492,0.6701458985955656,225.90222673743617,29.15104125906095,30,0.9770833333333333,0.354375,0.6227083333333333,75.35147250448726,19.91998231899999,"{'alpha': 0.1, 'beta': 0.9, 'gamma': 0.0, 'source': 'phase3_tuning'}"
test,adversarial,homog,high,binpack,1003,1.3,1.2464409323309855,0.7473509474841147,1.2464409323309855,29.952,50.0,8.0,12.0,1435,1435,0,1178,861,317,257,0.8209059233449477,0.6,17.22,7.154595498132413,22.247408206943312,17.158241006663,32.11869014931623,1.7241545181917104,3.2201379736118763,0.9338269904757496,0.6482012179799446,178.69994288396174,28.637871049265932,30,0.9852430555555556,0.37552083333333336,0.6097222222222223,73.32314973799234,19.570899574387155,{}
test,adversarial,homog,high,spread,1003,1.3,1.2464409323309855,0.7473509474841147,1.2464409323309855,29.952,50.0,8.0,12.0,1435,1435,0,1180,853,327,255,0.8222996515679443,0.5944250871080139,17.06,7.339105812365268,23.394689274087064,17.342751320895857,33.0606602286176,1.7432944140604865,3.3547319438517906,0.9238686258626528,0.6461262482162854,183.70550106987048,29.75683035557917,30,0.9932291666666667,0.37281250000000005,0.6204166666666667,73.77903497225671,19.449969771759772,{}
test,adversarial,homog,high,tetris,1003,1.3,1.2464409323309855,0.7473509474841147,1.2464409323309855,29.952,50.0,8.0,12.0,1435,1435,0,1150,846,304,285,0.8013937282229965,0.5895470383275261,16.92,6.984813391271584,22.565295150450986,16.988458899802172,33.06387888985224,1.7071020353024118,3.363163003632485,0.90398787920913,0.6506201982288712,165.4262696096087,29.444165550676384,30,0.9897569444444444,0.40197916666666667,0.5877777777777777,74.38936473186887,19.290391915193183,{}
test,adversarial,homog,high,hybrid,1003,1.3,1.2464409323309855,0.7473509474841147,1.2464409323309855,29.952,50.0,8.0,12.0,1435,1435,0,1177,863,314,258,0.8202090592334494,0.6013937282229965,17.26,7.173175178585899,21.459920829152885,17.176820687116486,31.68174222984681,1.7259194003345282,3.163976080465451,0.9358432613325324,0.6480514936434666,178.6676543382533,29.25273532501144,30,0.9795138888888889,0.37270833333333336,0.6068055555555555,73.58141010912301,19.502208477275175,"{'alpha': 0.1, 'beta': 0.9, 'gamma': 0.0, 'source': 'phase3_tuning'}"
test,adversarial,homog,high,binpack,1004,1.3,1.2841506560881244,0.7729323341773566,1.2841506560881244,29.952,50.0,8.0,12.0,1474,1474,0,1191,873,318,283,0.8080054274084125,0.5922659430122117,17.46,8.806674413578198,25.8773237213043,18.840847513425363,35.79260185560213,1.8864162949792724,3.5608987727240775,0.9212013342023663,0.6637342444086467,222.1858232366862,28.363062187599525,30,0.975,0.365,0.61,75.18625184056076,19.604647976411304,{}
test,adversarial,homog,high,spread,1004,1.3,1.2841506560881244,0.7729323341773566,1.2841506560881244,29.952,50.0,8.0,12.0,1474,1474,0,1188,857,331,286,0.8059701492537313,0.5814111261872456,17.14,9.216390962469113,26.272766106091062,19.250564062316283,35.99181076743134,1.9281939152606713,3.5969337201260934,0.9150026628557986,0.6625537948953937,233.7751739890988,29.619701440398504,30,0.9902777777777777,0.3891666666666667,0.601111111111111,75.16396005617065,19.61046223347556,{}
test,adversarial,homog,high,tetris,1004,1.3,1.2841506560881244,0.7729323341773566,1.2841506560881244,29.952,50.0,8.0,12.0,1474,1474,0,1172,875,297,302,0.7951153324287653,0.5936227951153324,17.5,7.996515649367905,24.81553229991342,18.03068874921507,35.05706084109412,1.8062565312521766,3.5238437125458413,0.9107834750652886,0.6719394011964802,191.2591537167335,29.267628324426624,30,0.9880208333333333,0.4009375,0.5870833333333334,75.48158854106354,19.527940899099036,{}
test,adversarial,homog,high,hybrid,1004,1.3,1.2841506560881244,0.7729323341773566,1.2841506560881244,29.952,50.0,8.0,12.0,1474,1474,0,1190,871,319,284,0.8073270013568521,0.5909090909090909,17.42,8.83868246219691,25.703744894254896,18.872855562044077,35.643468380382146,1.8896484511996325,3.5446826571388588,0.9238810459865241,0.6641407791041076,223.58719365346144,29.05041569364853,30,0.9777777777777777,0.36541666666666667,0.6123611111111111,74.99959644672037,19.653439082797302,"{'alpha': 0.1, 'beta': 0.9, 'gamma': 0.0, 'source': 'phase3_tuning'}"
test,adversarial,homog,high,binpack,1005,1.3,1.2951030399689938,0.7727784677052577,1.2951030399689938,29.952,50.0,8.0,12.0,1482,1482,0,1191,877,314,291,0.8036437246963563,0.5917678812415654,17.54,9.055201199803927,26.41923883546987,19.09259269923148,36.149141812490285,1.9090426932105797,3.5381630237799366,0.934511714022961,0.6666613652113219,231.9276835217428,28.653071679984922,30,0.9711805555555556,0.3589583333333334,0.6122222222222222,74.78746897262978,19.816153967483142,{}
test,adversarial,homog,high,spread,1005,1.3,1.2951030399689938,0.7727784677052577,1.2951030399689938,29.952,50.0,8.0,12.0,1482,1482,0,1186,856,330,296,0.8002699055330634,0.5775978407557355,17.12,9.56471653080472,26.444920207306552,19.602108030232277,36.10973639664056,1.960849233857468,3.5168296340217955,0.9276130040019042,0.6645340736550832,244.61605743385823,29.67788774031248,30,0.9864583333333333,0.405,0.5814583333333334,74.78340908291668,19.817229759569013,{}
test,adversarial,homog,high,tetris,1005,1.3,1.2951030399689938,0.7727784677052577,1.2951030399689938,29.952,50.0,8.0,12.0,1482,1482,0,1188,890,298,294,0.8016194331983806,0.6005398110661269,17.8,7.964071311387307,26.04632604445627,18.00146281081486,36.67571054507668,1.7994853462072282,3.6753054920735457,0.9181586719901317,0.6736097986836094,195.73034700142026,29.400289356853158,30,0.9928819444444444,0.3813541666666667,0.6115277777777777,74.84119354359487,19.801928988969657,{}
test,adversarial,homog,high,hybrid,1005,1.3,1.2951030399689938,0.7727784677052577,1.2951030399689938,29.952,50.0,8.0,12.0,1482,1482,0,1193,875,318,289,0.8049932523616734,0.5904183535762483,17.5,9.10082973015742,26.30304963286555,19.138221229584975,35.926846751517104,1.9137438179053567,3.5101197712455194,0.9337649703922944,0.6665479603596842,232.9469415860861,29.237651192735388,30,0.9802083333333333,0.37124999999999997,0.6089583333333334,74.67930517193952,19.84485523248891,"{'alpha': 0.1, 'beta': 0.9, 'gamma': 0.0, 'source': 'phase3_tuning'}"
test,adversarial,homog,high,binpack,1006,1.3,1.3007426700971803,0.7801052184807153,1.3007426700971803,29.952,50.0,8.0,12.0,1499,1499,0,1205,885,320,294,0.8038692461641094,0.590393595730487,17.7,8.59474740477654,26.122589336250428,18.59845435028503,35.80199266724488,1.869911489975368,3.713276826350312,0.9341200650407204,0.671756027450871,219.24312547845236,28.6932432647962,30,0.9732638888888889,0.36395833333333333,0.6093055555555555,76.03064053505096,19.71573551730035,{}
test,adversarial,homog,high,spread,1006,1.3,1.3007426700971803,0.7801052184807153,1.3007426700971803,29.952,50.0,8.0,12.0,1499,1499,0,1206,875,331,293,0.8045363575717145,0.5837224816544363,17.5,9.153761808466795,25.782237746884263,19.157468753975287,35.40272651874201,1.9263678645352922,3.657352656471365,0.929392643585429,0.6709889758792151,233.16848248228405,29.758075985421453,30,0.9850694444444444,0.3954166666666667,0.5896527777777778,75.93982304425444,19.739313839676026,{}
test,adversarial,homog,high,tetris,1006,1.3,1.3007426700971803,0.7801052184807153,1.3007426700971803,29.952,50.0,8.0,12.0,1499,1499,0,1189,886,303,310,0.7931954636424283,0.5910607071380921,17.72,7.893339549728678,26.044576963173355,17.89704649523717,35.75039322837791,1.7967776532408173,3.680503735513632,0.9180132552886924,0.6740067691546203,193.316569578435,29.45096002362463,30,0.9958333333333333,0.38375,0.6120833333333333,76.1239617503911,19.691565776820575,{}
test,adversarial,homog,high,hybrid,1006,1.3,1.3007426700971803,0.7801052184807153,1.3007426700971803,29.952,50.0,8.0,12.0,1499,1499,0,1200,881,319,299,0.800533689126084,0.5877251501000668,17.62,8.698426360413198,25.991908055756483,18.70213330592169,35.63468032234088,1.880321702489764,3.700595903528846,0.9331553252741785,0.6716215033774598,221.75692259575928,29.268938194656183,30,0.9746527777777777,0.3641666666666667,0.6104861111111111,75.97976215113111,19.728937779751714,"{'alpha': 0.1, 'beta': 0.9, 'gamma': 0.0, 'source': 'phase3_tuning'}"
test,adversarial,homog,high,binpack,1007,1.3,1.34443145243262,0.8050279424828157,1.34443145243262,29.952,50.0,8.0,12.0,1542,1542,0,1197,852,345,345,0.7762645914396887,0.5525291828793775,17.04,10.353101208110125,29.22340929153787,20.36763087020074,38.85729608658048,2.048969440259463,3.889795492061337,0.9277624565055063,0.6859208148445614,264.5463160287464,28.39723546253405,30,0.9802083333333333,0.46499999999999997,0.5152083333333334,77.86350593935578,19.8038860618605,{}
test,adversarial,homog,high,spread,1007,1.3,1.34443145243262,0.8050279424828157,1.34443145243262,29.952,50.0,8.0,12.0,1542,1542,0,1176,813,363,366,0.7626459143968871,0.5272373540856031,16.26,11.1005524319465,28.46595630998751,21.11508209403711,38.24505158165271,2.1256781301580823,3.806375312047709,0.9184451041993641,0.678847040528433,280.34641722054124,29.655004631058702,30,0.9895833333333334,0.58125,0.4083333333333333,78.10536959028322,19.742560698308687,{}
test,adversarial,homog,high,tetris,1007,1.3,1.34443145243262,0.8050279424828157,1.34443145243262,29.952,50.0,8.0,12.0,1542,1542,0,1210,908,302,332,0.7846952010376135,0.5888456549935149,18.16,8.873268311272733,33.22195501320931,18.887797973363345,42.88323308276506,1.9000668168371588,4.293500107019397,0.9077550137309198,0.7043655328820566,220.18323906691273,29.268792896275684,30,0.9784722222222223,0.4202083333333333,0.5582638888888888,79.69564315797633,19.348611026871033,{}
test,adversarial,homog,high,hybrid,1007,1.3,1.34443145243262,0.8050279424828157,1.34443145243262,29.952,50.0,8.0,12.0,1542,1542,0,1196,854,342,346,0.7756160830090791,0.5538261997405967,17.08,10.36302680909063,29.339507899535597,20.37755647118124,39.00256460275792,2.0499983727581697,3.8834650038518115,0.9264016536667943,0.6859839183089486,264.23829704800204,29.05327225542602,30,0.9791666666666666,0.453125,0.5260416666666666,77.92034640187605,19.789439744622005,"{'alpha': 0.1, 'beta': 0.9, 'gamma': 0.0, 'source': 'phase3_tuning'}"
test,adversarial,homog,high,binpack,1008,1.3,1.313404538962378,0.7949136908723542,1.313404538962378,29.952,50.0,8.0,12.0,1520,1520,0,1198,874,324,322,0.7881578947368421,0.575,17.48,9.025344287441612,26.081457086825033,19.015382750033687,35.68325029696464,1.922227501180879,3.6023499381540125,0.9328321930712467,0.681532317230229,229.43127797563938,28.564299113700073,30,0.9739583333333334,0.41875,0.5552083333333333,76.10994882255437,19.971107897389153,{}
test,adversarial,homog,high,spread,1008,1.3,1.313404538962378,0.7949136908723542,1.313404538962378,29.952,50.0,8.0,12.0,1520,1520,0,1198,866,332,322,0.7881578947368421,0.5697368421052632,17.32,9.19743037951113,26.61600661673892,19.187468842103208,36.343786614616896,1.9398913315483808,3.6831015007629127,0.9251876273463313,0.6804801205640095,235.31016823074265,29.72405202597193,30,0.9857638888888889,0.4189583333333333,0.5668055555555556,76.26610613939792,19.930216408607112,{}
test,adversarial,homog,high,tetris,1008,1.3,1.313404538962378,0.7949136908723542,1.313404538962378,29.952,50.0,8.0,12.0,1520,1520,0,1194,890,304,326,0.7855263157894737,0.5855263157894737,17.8,8.001221881845206,26.75666605907398,17.991260344437283,36.36945816274034,1.8204436963720914,3.71111873150619,0.9157207000339719,0.6837673520682224,194.79658273308553,29.42299576317315,30,0.9913194444444444,0.37604166666666666,0.6152777777777777,76.48871156555077,19.872213414097857,{}
test,adversarial,homog,high,hybrid,1008,1.3,1.313404538962378,0.7949136908723542,1.313404538962378,29.952,50.0,8.0,12.0,1520,1520,0,1208,883,325,312,0.7947368421052632,0.5809210526315789,17.66,8.8340962903619,26.33778894774695,18.824134752953977,36.03671064824346,1.9030476655946729,3.6408138241294856,0.9317991915445265,0.6822490374553286,225.33223672101113,29.189246642548422,30,0.9777777777777777,0.38104166666666667,0.5967361111111111,76.03943403585114,19.989628003850594,"{'alpha': 0.1, 'beta': 0.9, 'gamma': 0.0, 'source': 'phase3_tuning'}"
test,adversarial,homog,high,binpack,1009,1.3,1.3048256073632802,0.7808783632784324,1.3048256073632802,29.952,50.0,8.0,12.0,1500,1500,0,1193,881,312,307,0.7953333333333333,0.5873333333333334,17.62,9.35142169845413,27.68798675013508,19.36773679615066,37.05072945286557,1.9487971991532893,3.7785834936100002,0.9310680432563757,0.6737794930066456,239.9593856923197,28.604335427956286,30,0.9739583333333334,0.353125,0.6208333333333333,75.47267701834895,19.87474221479277,{}
test,adversarial,homog,high,spread,1009,1.3,1.3048256073632802,0.7808783632784324,1.3048256073632802,29.952,50.0,8.0,12.0,1500,1500,0,1189,845,344,311,0.7926666666666666,0.5633333333333334,16.9,10.04472169622631,27.38820931517248,20.061036793922842,36.66428873033094,2.01910978896616,3.7364435385074275,0.9257809883922594,0.6703463144415719,257.2218629091703,29.734932049073073,30,0.9909722222222223,0.4408333333333333,0.5501388888888888,75.8317955399557,19.780620903399964,{}
test,adversarial,homog,high,tetris,1009,1.3,1.3048256073632802,0.7808783632784324,1.3048256073632802,29.952,50.0,8.0,12.0,1500,1500,0,1206,910,296,294,0.804,0.6066666666666667,18.2,8.133545878689791,28.278282841610505,18.14986097638632,38.02180968709593,1.8241199257997738,3.8370408173631136,0.9190759525789884,0.6809432111976467,202.44262890104645,29.427442474506393,30,0.9888888888888889,0.3733333333333333,0.6155555555555555,76.28205649766637,19.663864201745636,{}
test,adversarial,homog,high,hybrid,1009,1.3,1.3048256073632802,0.7808783632784324,1.3048256073632802,29.952,50.0,8.0,12.0,1500,1500,0,1197,889,308,303,0.798,0.5926666666666667,17.78,9.260698317193558,27.79486326872002,19.27701341489009,37.23607870963258,1.9396521853197206,3.8180402345963005,0.9306754100013022,0.6737930877571691,237.8809533577235,29.21017082642338,30,0.967013888888889,0.34270833333333334,0.6243055555555556,75.79018870107696,19.791479948890608,"{'alpha': 0.1, 'beta': 0.9, 'gamma': 0.0, 'source': 'phase3_tuning'}"
test,adversarial,hetero,low,binpack,1000,0.7,0.7081787770412105,0.40973250407883327,0.7081787770412105,15.84247339533496,50.0,8.0,12.0,806,806,0,806,649,157,0,1.0,0.8052109181141439,12.98,0.29153968166227046,2.073289110661163,10.226275263458781,12.53800046719848,1.0297398615874176,1.201915728470696,0.6822361837745057,0.39429046089065634,4.699619668395801,24.32248292717124,10,0.252803824486973,0.2157927761267596,0.06360551866369067,61.71314399589937,13.060426803948863,{}
test,adversarial,hetero,low,spread,1000,0.7,0.7081787770412105,0.40973250407883327,0.7081787770412105,15.84247339533496,50.0,8.0,12.0,806,806,0,806,649,157,0,1.0,0.8052109181141439,12.98,0.27220756702447907,2.092589137082939,10.20694314882099,12.523654739939294,1.0277463517182608,1.2138294645950864,0.6822361837745041,0.3942904608906565,4.387985980434605,29.30435977664755,30,0.27529771164097494,0.16425398899032906,0.12334873685821232,61.71314399589937,13.060426803948863,{}
test,adversarial,hetero,low,tetris,1000,0.7,0.7081787770412105,0.40973250407883327,0.7081787770412105,15.84247339533496,50.0,8.0,12.0,806,806,0,806,649,157,0,1.0,0.8052109181141439,12.98,0.2746575445197613,2.009532560315856,10.209393126316272,12.48130173395729,1.0280205238135656,1.208651416918826,0.6822361837745042,0.39429046089065595,4.427479617658557,28.72387241856019,29,0.28946424744684857,0.1752081540041298,0.11434307954393261,61.71314399589937,13.060426803948863,{}
test,adversarial,hetero,low,hybrid,1000,0.7,0.7081787770412105,0.40973250407883327,0.7081787770412105,15.84247339533496,50.0,8.0,12.0,806,806,0,806,649,157,0,1.0,0.8052109181141439,12.98,0.2668953092625752,1.9589226651823832,10.201630891059086,12.307337597747335,1.0272811955184595,1.1970403044948574,0.6822361837745048,0.3942904608906565,4.302352385312705,25.826289980691637,14,0.25726060069617196,0.20955467032061478,0.049846192966833236,61.71314399589937,13.060426803948863,"{'alpha': 0.1, 'beta': 0.9, 'gamma': 0.0, 'source': 'phase3_tuning'}"
test,adversarial,hetero,low,binpack,1001,0.7,0.6987964278608243,0.43862441923306067,0.6987964278608243,16.818278008167972,50.0,8.0,12.0,838,838,0,838,682,156,0,1.0,0.8138424821002387,13.64,0.19162195335089774,1.6603293871346647,10.200221334388969,12.0780158314914,1.0193248220623932,1.1643510356718125,0.6719176929604015,0.42125024348002305,3.2115839381610454,24.41233204757937,12,0.23626620069236476,0.22760248542149597,0.04168446674917523,61.499403436722794,13.626148436744181,{}
test,adversarial,hetero,low,spread,1001,0.7,0.6987964278608243,0.43862441923306067,0.6987964278608243,16.818278008167972,50.0,8.0,12.0,838,838,0,838,682,156,0,1.0,0.8138424821002387,13.64,0.16380428276727765,1.6731390265434403,10.172403663805348,11.973426953073101,1.0165953384533162,1.169178394360542,0.6719176929604006,0.4212502434800228,2.745359779179571,29.489698051627443,30,0.25760904894275477,0.1724248783262733,0.13711200655379294,61.499403436722794,13.626148436744181,{}
test,adversarial,hetero,low,tetris,1001,0.7,0.6987964278608243,0.43862441923306067,0.6987964278608243,16.818278008167972,50.0,8.0,12.0,838,838,0,838,682,156,0,1.0,0.8138424821002387,13.64,0.14726342027493816,1.517718924754469,10.15586280131301,11.94602954662627,1.0149060137655372,1.1533563790062236,0.6719176929604014,0.421250243480023,2.468134923807963,28.033604481837546,25,0.25756106416421426,0.17923325471593618,0.09070823012251852,61.499403436722794,13.626148436744181,{}
test,adversarial,hetero,low,hybrid,1001,0.7,0.6987964278608243,0.43862441923306067,0.6987964278608243,16.818278008167972,50.0,8.0,12.0,838,838,0,838,682,156,0,1.0,0.8138424821002387,13.64,0.16313018597537515,1.731522931397036,10.171729567013447,11.973426953073101,1.016507669827144,1.1675257032238455,0.6719176929604009,0.42125024348002293,2.734061916947285,26.567513406945285,13,0.2554901963983566,0.21626017474038947,0.05252062937692493,61.499403436722794,13.626148436744181,"{'alpha': 0.1, 'beta': 0.9, 'gamma': 0.0, 'source': 'phase3_tuning'}"
test,adversarial,hetero,low,binpack,1002,0.7,0.6915206172089845,0.4487409163992484,0.6915206172089845,17.014613137012656,50.0,8.0,12.0,842,842,0,842,669,173,0,1.0,0.7945368171021377,13.38,0.3230768020564162,2.5219399012774764,10.290747866324994,12.785005517339707,1.0329090624717283,1.2522535382106552,0.6639735387857131,0.43048298877471725,5.440613346630042,25.114869157031833,14,0.2792159959240352,0.24101738598681546,0.061699827957440015,61.14881159391038,13.769687064267528,{}
test,adversarial,hetero,low,spread,1002,0.7,0.6915206172089845,0.4487409163992484,0.6915206172089845,17.014613137012656,50.0,8.0,12.0,842,842,0,842,669,173,0,1.0,0.7945368171021377,13.38,0.28353378623355313,2.7991862852581155,10.25120485050213,12.59152236910286,1.0288473942073182,1.2797091133244092,0.6639735387857132,0.4304829887747168,4.774708960173037,29.513160191756352,30,0.28326288701840335,0.18965389823633053,0.11970421323861064,61.14881159391038,13.769687064267528,{}
test,adversarial,hetero,low,tetris,1002,0.7,0.6915206172089845,0.4487409163992484,0.6915206172089845,17.014613137012656,50.0,8.0,12.0,842,842,0,842,669,173,0,1.0,0.7945368171021377,13.38,0.2827523735857279,2.803330580818736,10.250423437854305,12.6416708613827,1.0287764980338836,1.280455972697909,0.663973538785713,0.4304829887747168,4.761549971183656,28.29875062621766,27,0.29661465229775213,0.17574709622173626,0.1227072233826788,61.14881159391038,13.769687064267528,{}
test,adversarial,hetero,low,hybrid,1002,0.7,0.6915206172089845,0.4487409163992484,0.6915206172089845,17.014613137012656,50.0,8.0,12.0,842,842,0,842,669,173,0,1.0,0.7945368171021377,13.38,0.3009338378831747,2.8426607046808083,10.26860490215175,12.595505899448595,1.030613997611109,1.2822661168444744,0.6639735387857125,0.43048298877471697,5.067725829952657,26.168535570129798,18,0.29424806692426736,0.22569870948003706,0.06999056652339242,61.14881159391038,13.769687064267528,"{'alpha': 0.1, 'beta': 0.9, 'gamma': 0.0, 'source': 'phase3_tuning'}"
test,adversarial,hetero,low,binpack,1003,0.7,0.6564971966945741,0.3715941501190533,0.6564971966945741,16.551026785974067,50.0,8.0,12.0,776,776,0,776,603,173,0,1.0,0.7770618556701031,12.06,0.09815897928941256,0.9542970575678584,10.086990018960265,11.924837399017328,1.0097651137607084,1.0966939546160785,0.626362067353012,0.35440395059623214,1.5234273585716833,23.293239274567938,15,0.2836559814723627,0.22219685348289814,0.08018650843930408,61.25780594046315,12.667773324336808,{}
test,adversarial,hetero,low,spread,1003,0.7,0.6564971966945741,0.3715941501190533,0.6564971966945741,16.551026785974067,50.0,8.0,12.0,776,776,0,776,603,173,0,1.0,0.7770618556701031,12.06,0.10204667665193332,0.993390546172348,10.090877716322785,11.916074649627873,1.0102322926935252,1.1030061209208832,0.6263620673530124,0.354403950596232,1.5837644216380047,29.541852291186746,30,0.29168356095392045,0.17368139991839784,0.1528156961932407,61.25780594046315,12.667773324336808,{}
test,adversarial,hetero,low,tetris,1003,0.7,0.6564971966945741,0.3715941501190533,0.6564971966945741,16.551026785974067,50.0,8.0,12.0,776,776,0,776,603,173,0,1.0,0.7770618556701031,12.06,0.10036121055643002,1.0505013744395555,10.089192250227283,11.916074649627873,1.0100788937699345,1.1108451715927163,0.6263620673530123,0.3544039505962321,1.5576059878357933,28.9036341580191,30,0.30302295083276953,0.17709958616312693,0.13188602267092092,61.25780594046315,12.667773324336808,{}
test,adversarial,hetero,low,hybrid,1003,0.7,0.6564971966945741,0.3715941501190533,0.6564971966945741,16.551026785974067,50.0,8.0,12.0,776,776,0,776,603,173,0,1.0,0.7770618556701031,12.06,0.0899613830843023,0.9954467022892342,10.078792422755154,11.903155081755376,1.0090174106419265,1.104835847044679,0.6263620673530124,0.35440395059623214,1.3962006654683716,27.885279530821137,22,0.3025521281399104,0.22047878274562036,0.0875207909524875,61.25780594046315,12.667773324336808,"{'alpha': 0.1, 'beta': 0.9, 'gamma': 0.0, 'source': 'phase3_tuning'}"
test,adversarial,hetero,low,binpack,1004,0.7,0.7046746234837982,0.41546011376593944,0.7046746234837982,15.40668448094304,50.0,8.0,12.0,773,773,0,773,620,153,0,1.0,0.8020698576972833,12.4,0.2101714596492663,1.6816294455533498,10.261361088383415,11.995839389743466,1.021473489668865,1.1709597522985182,0.6774832023046438,0.3997586597130079,3.2492507661776573,24.8540608261357,13,0.2800031727084141,0.23149798916025865,0.06561754378455288,61.72568784273203,12.523149227101207,{}
test,adversarial,hetero,low,spread,1004,0.7,0.7046746234837982,0.41546011376593944,0.7046746234837982,15.40668448094304,50.0,8.0,12.0,773,773,0,773,620,153,0,1.0,0.8020698576972833,12.4,0.2214210584803124,2.0259229432284247,10.272610687214462,12.076419068391115,1.0227659623512302,1.2065631380722082,0.677483202304645,0.3997586597130081,3.423169564105629,29.25818263198494,30,0.27421396191750497,0.18079883456418278,0.1639870901221882,61.72568784273203,12.523149227101207,{}
test,adversarial,hetero,low,tetris,1004,0.7,0.7046746234837982,0.41546011376593944,0.7046746234837982,15.40668448094304,50.0,8.0,12.0,773,773,0,773,620,153,0,1.0,0.8020698576972833,12.4,0.1956106279060543,1.8427189634306842,10.246800256640205,11.975332997330874,1.0201033062551483,1.1813763996409992,0.6774832023046444,0.3997586597130081,3.024140307427598,28.56371909337557,28,0.2735935973456837,0.15401993246321485,0.12216517952218045,61.72568784273203,12.523149227101207,{}
test,adversarial,hetero,low,hybrid,1004,0.7,0.7046746234837982,0.41546011376593944,0.7046746234837982,15.40668448094304,50.0,8.0,12.0,773,773,0,773,620,153,0,1.0,0.8020698576972833,12.4,0.19779508032427875,1.9147264687959176,10.248984709058428,11.993352482842807,1.0203591388281807,1.188745235211791,0.6774832023046434,0.3997586597130075,3.057911941813347,27.097504689281667,16,0.27731579228091857,0.236404055546675,0.057043636170839136,61.72568784273203,12.523149227101207,"{'alpha': 0.1, 'beta': 0.9, 'gamma': 0.0, 'source': 'phase3_tuning'}"
test,adversarial,hetero,low,binpack,1005,0.7,0.7067571342172045,0.42079571857917,0.7067571342172045,16.201641658201552,50.0,8.0,12.0,814,814,0,814,659,155,0,1.0,0.8095823095823096,13.18,0.41065902451694464,2.27274003288891,10.422952610464959,12.896078041219607,1.041717351212043,1.2388365897515456,0.6764562304978198,0.4027962177282238,6.685528919135854,24.953718160656432,10,0.276101349600829,0.2343086502830268,0.05869844950988486,61.302214363418315,13.278476290829538,{}
test,adversarial,hetero,low,spread,1005,0.7,0.7067571342172045,0.42079571857917,0.7067571342172045,16.201641658201552,50.0,8.0,12.0,814,814,0,814,659,155,0,1.0,0.8095823095823096,13.18,0.347426499111538,2.3530367283024134,10.359720085059552,12.667487033293742,1.0351161567478186,1.2380259081459997,0.6764562304978198,0.40279621772822355,5.656103405535837,29.404471793114684,30,0.27008403134553977,0.1681593972452507,0.15071423148213686,61.302214363418315,13.278476290829538,{}
test,adversarial,hetero,low,tetris,1005,0.7,0.7067571342172045,0.42079571857917,0.7067571342172045,16.201641658201552,50.0,8.0,12.0,814,814,0,814,659,155,0,1.0,0.8095823095823096,13.18,0.36608627196217974,2.302542827747221,10.378379857910193,12.793486483407602,1.0371069030099769,1.2434306370013724,0.67645623049782,0.4027962177282239,5.959884507544283,27.812303599408946,23,0.2635161751777971,0.16996619512061537,0.09939112786320455,61.302214363418315,13.278476290829538,{}
test,adversarial,hetero,low,hybrid,1005,0.7,0.7067571342172045,0.42079571857917,0.7067571342172045,16.201641658201552,50.0,8.0,12.0,814,814,0,814,659,155,0,1.0,0.8095823095823096,13.18,0.3195084897760601,2.1170948902015194,10.331802075724074,12.527273931582648,1.0323541850603462,1.2167405239434426,0.67645623049782,0.4027962177282238,5.201598213554259,25.515762525242422,14,0.2577710048911499,0.22925249760727967,0.03602940293814916,61.302214363418315,13.278476290829538,"{'alpha': 0.1, 'beta': 0.9, 'gamma': 0.0, 'source': 'phase3_tuning'}"
test,adversarial,hetero,low,binpack,1006,0.7,0.6989815618413476,0.3998945244368653,0.6989815618413476,15.577188594877372,50.0,8.0,12.0,781,781,0,781,629,152,0,1.0,0.8053777208706786,12.58,0.2275464081373656,1.9647218550310654,10.24969516479447,11.97781085501417,1.0237195243040538,1.2003293234872654,0.6714879127436333,0.3838315640654777,3.55427489510565,23.983225500750255,12,0.2578636693890344,0.2136856022918001,0.07170135668828216,61.59207874263608,12.680201999082161,{}
test,adversarial,hetero,low,spread,1006,0.7,0.6989815618413476,0.3998945244368653,0.6989815618413476,15.577188594877372,50.0,8.0,12.0,781,781,0,781,629,152,0,1.0,0.8053777208706786,12.58,0.20713304072572206,1.9138732785924564,10.229281797382829,11.977068781746922,1.0216153908928485,1.1963592583368137,0.6714879127436335,0.38383156406547786,3.2354180961357817,29.523342534936354,30,0.26839452042000655,0.1636072033915513,0.1214596749054879,61.59207874263608,12.680201999082161,{}
test,adversarial,hetero,low,tetris,1006,0.7,0.6989815618413476,0.3998945244368653,0.6989815618413476,15.577188594877372,50.0,8.0,12.0,781,781,0,781,629,152,0,1.0,0.8053777208706786,12.58,0.20480723992323935,1.8562115972494855,10.226955996580346,11.96416639538366,1.021442123917217,1.2055175963683222,0.6714879127436335,0.3838315640654774,3.1990890876009996,28.64840147131755,24,0.26567625391689026,0.1744370020863971,0.10006479369706013,61.59207874263608,12.680201999082161,{}
test,adversarial,hetero,low,hybrid,1006,0.7,0.6989815618413476,0.3998945244368653,0.6989815618413476,15.577188594877372,50.0,8.0,12.0,781,781,0,781,629,152,0,1.0,0.8053777208706786,12.58,0.19782510906146078,1.9103373220741995,10.219973865718567,11.96416639538366,1.020724615691152,1.1898334811775118,0.6714879127436332,0.3838315640654775,3.090028203540019,25.84853201646454,15,0.25010555930232276,0.21555170129684637,0.055621588577663195,61.59207874263608,12.680201999082161,"{'alpha': 0.1, 'beta': 0.9, 'gamma': 0.0, 'source': 'phase3_tuning'}"
test,adversarial,hetero,low,binpack,1007,0.7,0.7644404863247712,0.39833873656503394,0.7644404863247712,16.2275398913383,50.0,8.0,12.0,879,879,0,879,672,207,0,1.0,0.764505119453925,13.44,0.16732988572716737,1.3986004135168049,10.196731947088674,11.971548697798415,1.017061147748694,1.1356264427938385,0.7288408554976025,0.3796305656223196,2.941659391083599,25.218589399123754,16,0.3407528910091166,0.23434575392659857,0.1066403764827497,61.77308300759247,14.229498629556225,{}
test,adversarial,hetero,low,spread,1007,0.7,0.7644404863247712,0.39833873656503394,0.7644404863247712,16.2275398913383,50.0,8.0,12.0,879,879,0,879,672,207,0,1.0,0.764505119453925,13.44,0.1896347493722437,1.5723956172686169,10.21903681073375,11.991214024655783,1.0192198711027354,1.150567935375432,0.7288408554976027,0.37963056562232034,3.333778893964044,29.359145298422703,30,0.3721912333376382,0.20478483315613918,0.1779431061528195,61.77308300759247,14.229498629556225,{}
test,adversarial,hetero,low,tetris,1007,0.7,0.7644404863247712,0.39833873656503394,0.7644404863247712,16.2275398913383,50.0,8.0,12.0,879,879,0,879,672,207,0,1.0,0.764505119453925,13.44,0.26842031762114027,1.8672895873853808,10.297822378982648,12.390373890747902,1.0272398651990893,1.1998622653725135,0.7288408554976029,0.37963056562231984,4.718829183779648,28.795441676360785,30,0.38089996743057813,0.2109121604471365,0.17062239405009955,61.77308300759247,14.229498629556225,{}
test,adversarial,hetero,low,hybrid,1007,0.7,0.7644404863247712,0.39833873656503394,0.7644404863247712,16.2275398913383,50.0,8.0,12.0,879,879,0,879,672,207,0,1.0,0.764505119453925,13.44,0.1862170250105001,1.5369594293775606,10.215619086372005,11.991214024655783,1.0189006801058533,1.1488979545250813,0.7288408554976041,0.3796305656223198,3.2736952996845914,28.010969625381705,24,0.35404764785335285,0.2471743971636061,0.10773319446527796,61.77308300759247,14.229498629556225,"{'alpha': 0.1, 'beta': 0.9, 'gamma': 0.0, 'source': 'phase3_tuning'}"
test,adversarial,hetero,low,binpack,1008,0.7,0.6967591052493379,0.38745097896611697,0.6967591052493379,15.10131294897539,50.0,8.0,12.0,750,750,0,750,594,156,0,1.0,0.792,11.88,0.17894829898691333,1.507649315206626,10.147495946315328,11.998059710423764,1.0180019633783441,1.1467018361069625,0.6687584032842654,0.37144408751188557,2.684224484803698,24.149969187054857,12,0.26602395930452827,0.22353089884352215,0.053905973933374145,61.27902757098903,12.239097611840501,{}
test,adversarial,hetero,low,spread,1008,0.7,0.6967591052493379,0.38745097896611697,0.6967591052493379,15.10131294897539,50.0,8.0,12.0,750,750,0,750,594,156,0,1.0,0.792,11.88,0.21206850132759036,2.1650230234631467,10.180616148656005,12.123507320962316,1.0213903205694905,1.2021995933088236,0.6687584032842645,0.37144408751188573,3.181027519913856,29.45268376690063,30,0.2876672936885875,0.16800640465222313,0.14861070100187518,61.27902757098903,12.239097611840501,{}
test,adversarial,hetero,low,tetris,1008,0.7,0.6967591052493379,0.38745097896611697,0.6967591052493379,15.10131294897539,50.0,8.0,12.0,750,750,0,750,594,156,0,1.0,0.792,11.88,0.18762684891338136,1.997071262797398,10.156174496241796,12.046178983019786,1.0188497880604417,1.1905587177866404,0.6687584032842647,0.3714440875118856,2.814402733700719,28.65790982113198,28,0.27884060518272163,0.1680670957423578,0.11725329859104759,61.27902757098903,12.239097611840501,{}
test,adversarial,hetero,low,hybrid,1008,0.7,0.6967591052493379,0.38745097896611697,0.6967591052493379,15.10131294897539,50.0,8.0,12.0,750,750,0,750,594,156,0,1.0,0.792,11.88,0.18262501820224183,1.827499540147155,10.151172665530655,11.996479912987638,1.018394875214076,1.1746328586280157,0.6687584032842644,0.371444087511886,2.7393752730336267,27.008869616941762,17,0.2693169224041226,0.19919899100585067,0.07438274180555199,61.27902757098903,12.239097611840501,"{'alpha': 0.1, 'beta': 0.9, 'gamma': 0.0, 'source': 'phase3_tuning'}"
test,adversarial,hetero,low,binpack,1009,0.7,0.723151910741558,0.3689533046942307,0.723151910741558,15.436320077474226,50.0,8.0,12.0,797,797,0,797,626,171,0,1.0,0.7854454203262233,12.52,0.2827884208364738,1.7595683050339446,10.273069704781676,12.370908690349825,1.028259846887875,1.1869080467648079,0.6908374195466085,0.3528241768620603,4.507647428133392,24.65571754010151,12,0.28140921337043473,0.19077569954510026,0.09855978708569427,61.30140769400211,13.00133275859472,{}
test,adversarial,hetero,low,spread,1009,0.7,0.723151910741558,0.3689533046942307,0.723151910741558,15.436320077474226,50.0,8.0,12.0,797,797,0,797,626,171,0,1.0,0.7854454203262233,12.52,0.3156499991503404,2.1693790491823552,10.305931283095543,12.609196193033046,1.0315126029339954,1.2200122580027328,0.6908374195466078,0.35282417686206036,5.031460986456424,29.48567306026848,30,0.3125736977124254,0.16030154072035308,0.16259098286046836,61.30140769400211,13.00133275859472,{}
test,adversarial,hetero,low,tetris,1009,0.7,0.723151910741558,0.3689533046942307,0.723151910741558,15.436320077474226,50.0,8.0,12.0,797,797,0,797,626,171,0,1.0,0.7854454203262233,12.52,0.3318941557591176,2.180486764804135,10.32217543970432,12.798633633205945,1.0331262479202232,1.2233309246622204,0.6908374195466073,0.3528241768620601,5.290392842800332,28.81227210903907,30,0.31536287937192564,0.16332638560302903,0.1520364937688966,61.30140769400211,13.00133275859472,{}
test,adversarial,hetero,low,hybrid,1009,0.7,0.723151910741558,0.3689533046942307,0.723151910741558,15.436320077474226,50.0,8.0,12.0,797,797,0,797,626,171,0,1.0,0.7854454203262233,12.52,0.30465883183754516,1.972085827989277,10.294940115782747,12.603246112147115,1.0303556340252944,1.196819512874032,0.6908374195466078,0.3528241768620601,4.85626177949047,26.956273069777875,18,0.29478285069520155,0.2095637452462114,0.09109144860172272,61.30140769400211,13.00133275859472,"{'alpha': 0.1, 'beta': 0.9, 'gamma': 0.0, 'source': 'phase3_tuning'}"
test,adversarial,hetero,med,binpack,1000,1.0,1.0576068831173797,0.6102604396208278,1.0576068831173797,22.632104850478513,50.0,8.0,12.0,1198,1198,0,1057,776,281,141,0.8823038397328882,0.6477462437395659,15.52,4.69924905861958,12.234062740008472,14.673875385186196,22.91321865465416,1.4783686206778532,2.3416673963641275,0.8881080007408295,0.5470926327339801,107.70995040939366,28.563885141826848,30,0.9806656822651012,0.4322984789483354,0.5528831076094214,64.44229669513211,18.590274733186153,{}
test,adversarial,hetero,med,spread,1000,1.0,1.0576068831173797,0.6102604396208278,1.0576068831173797,22.632104850478513,50.0,8.0,12.0,1198,1198,0,1064,781,283,134,0.8881469115191987,0.6519198664440734,15.62,4.2416058134438765,12.317797229514849,14.216232140010492,22.899254047880085,1.4315193892405509,2.3406042252638586,0.8889250119380137,0.547741097370513,96.51986030589143,29.513051843653265,30,0.9839377959625056,0.3929868083905811,0.5909509875719245,64.64377392978827,18.532333853236775,{}
test,adversarial,hetero,med,tetris,1000,1.0,1.0576068831173797,0.6102604396208278,1.0576068831173797,22.632104850478513,50.0,8.0,12.0,1198,1198,0,1060,778,282,138,0.8848080133555927,0.6494156928213689,15.56,4.2683656987892755,12.227038734715173,14.24299202535589,23.026978210688668,1.4338362488476477,2.3450903065124766,0.8865786123258238,0.546515098505951,97.28650513538825,29.19339989968482,30,0.9804563319668904,0.4371301905420874,0.543369246469653,64.51112120928018,18.570441460993596,{}
test,adversarial,hetero,med,hybrid,1000,1.0,1.0576068831173797,0.6102604396208278,1.0576068831173797,22.632104850478513,50.0,8.0,12.0,1198,1198,0,1066,779,287,132,0.8898163606010017,0.6502504173622704,15.58,4.513727527896917,11.949476689881724,14.488353854463533,22.817115282133955,1.4593447503719068,2.317796480738196,0.8886093946053903,0.5466262816418663,103.5787460019877,28.90192647877896,30,0.9793424432975607,0.431904283027426,0.5489354035500743,64.35219187618382,18.61630451228452,"{'alpha': 0.1, 'beta': 0.9, 'gamma': 0.0, 'source': 'phase3_tuning'}"
test,adversarial,hetero,med,binpack,1001,1.0,0.9730454230179045,0.6078495047056498,0.9730454230179045,24.026111440239962,50.0,8.0,12.0,1166,1166,0,1166,837,329,0,1.0,0.7178387650085764,16.74,3.7046520741835955,10.32741060159045,13.706687217439445,20.957014834103518,1.3769975247824076,2.1345388270776495,0.8862724204040953,0.5686744384321412,86.39248636996145,28.532255713449878,30,0.9188261304103494,0.4526010171813277,0.47549961174874245,61.14968544608629,19.06796398859688,{}
test,adversarial,hetero,med,spread,1001,1.0,0.9730454230179045,0.6078495047056498,0.9730454230179045,24.026111440239962,50.0,8.0,12.0,1166,1166,0,1166,840,326,0,1.0,0.7204116638078902,16.8,3.348329775801004,10.445442629515934,13.350364919056855,20.96220016180674,1.3412314312628995,2.1454186356905307,0.8874913457138076,0.568914107496593,78.08305037167929,29.642788636139166,30,0.9322318667398289,0.42784597605979635,0.5051752847499759,61.14968544608629,19.06796398859688,{}
test,adversarial,hetero,med,tetris,1001,1.0,0.9730454230179045,0.6078495047056498,0.9730454230179045,24.026111440239962,50.0,8.0,12.0,1166,1166,0,1166,843,323,0,1.0,0.7229845626072041,16.86,3.273250869747363,10.025321390966624,13.275286013003214,20.787848582758944,1.3336173204018948,2.12503238683514,0.8896182133221285,0.5683748184482481,76.33221028250851,29.255518046160905,30,0.8932614512699165,0.4850157709778919,0.432136868908043,61.14968544608629,19.06796398859688,{}
test,adversarial,hetero,med,hybrid,1001,1.0,0.9730454230179045,0.6078495047056498,0.9730454230179045,24.026111440239962,50.0,8.0,12.0,1166,1166,0,1166,840,326,0,1.0,0.7204116638078902,16.8,3.445390769055695,10.331226287868233,13.447425912311544,20.936292937311556,1.3508771283878667,2.135656046925883,0.8878205198097737,0.5690145389214571,80.3465127343788,28.93125794081353,30,0.912915149726238,0.48244555749032225,0.44779385033110713,61.14968544608629,19.06796398859688,"{'alpha': 0.1, 'beta': 0.9, 'gamma': 0.0, 'source': 'phase3_tuning'}"
test,adversarial,hetero,med,binpack,1002,1.0,1.0163992199459089,0.6597294473965692,1.0163992199459089,24.30659019573237,50.0,8.0,12.0,1238,1238,0,1163,839,324,75,0.9394184168012925,0.6777059773828756,16.78,4.00024295889749,10.117436309680208,13.957531153483798,20.679344124014335,1.4058057087791938,2.091893296497076,0.8888524690045523,0.6044189405107886,97.76349190133993,28.545228576577788,30,0.9840050839275506,0.5168106041457647,0.46719447978178585,63.08212240756358,19.625211593254242,{}
test,adversarial,hetero,med,spread,1002,1.0,1.0163992199459089,0.6597294473965692,1.0163992199459089,24.30659019573237,50.0,8.0,12.0,1238,1238,0,1157,838,319,81,0.9345718901453958,0.6768982229402262,16.76,3.6706432490765897,10.215601030659933,13.627931443662899,20.830352453291475,1.372025324247416,2.1058192185383326,0.8897826545504546,0.6036285704523677,89.65170497237484,29.65921213422937,30,0.9820735452355386,0.4805729332509141,0.5015006119846245,63.18888133000904,19.592054392203035,{}
test,adversarial,hetero,med,tetris,1002,1.0,1.0163992199459089,0.6597294473965692,1.0163992199459089,24.30659019573237,50.0,8.0,12.0,1238,1238,0,1159,840,319,79,0.9361873990306947,0.678513731825525,16.8,3.678360978399736,10.308058845966045,13.635649172986046,20.995315842648715,1.3728175325574348,2.135122234146825,0.8883156811993212,0.6013359136526768,89.79732101233017,29.127187301941934,30,0.9780761375365279,0.5288315069189902,0.45340353529990723,63.19989177068003,19.588641140273886,{}
test,adversarial,hetero,med,hybrid,1002,1.0,1.0163992199459089,0.6597294473965692,1.0163992199459089,24.30659019573237,50.0,8.0,12.0,1238,1238,0,1162,838,324,76,0.938610662358643,0.6768982229402262,16.76,3.913182557471246,10.16531258305227,13.870470752057555,20.711928440856,1.397049232263162,2.1076426003608772,0.8882565276885752,0.6016976777950215,95.51913238460966,28.846225250246935,30,0.9755240875652154,0.5465936653643291,0.43931065068559183,63.40880307070025,19.52410296437296,"{'alpha': 0.1, 'beta': 0.9, 'gamma': 0.0, 'source': 'phase3_tuning'}"
test,adversarial,hetero,med,binpack,1003,1.0,0.9414145271810881,0.5317088974943338,0.9414145271810881,23.644323979962955,50.0,8.0,12.0,1112,1112,0,1112,814,298,0,1.0,0.7320143884892086,16.28,2.1291701977876714,6.561099834625459,12.132254573590096,17.124802536919084,1.2157238111021356,1.6878569680673852,0.8840125659992869,0.5023745091321696,47.35274519879779,28.543781360559716,29,0.7127182967139739,0.40605550068450325,0.3492262973547946,61.899069496975976,17.964728856777494,{}
test,adversarial,hetero,med,spread,1003,1.0,0.9414145271810881,0.5317088974943338,0.9414145271810881,23.644323979962955,50.0,8.0,12.0,1112,1112,0,1112,801,311,0,1.0,0.7203237410071942,16.02,2.203019341444925,7.351445022838973,12.20610371724735,17.88998888828236,1.2233412468190632,1.7597655891702917,0.8785903921332521,0.5011371706926137,48.99515015373523,29.67929660383077,30,0.8124817901506567,0.36643691900257025,0.4460448711480865,61.899069496975976,17.964728856777494,{}
test,adversarial,hetero,med,tetris,1003,1.0,0.9414145271810881,0.5317088974943338,0.9414145271810881,23.644323979962955,50.0,8.0,12.0,1112,1112,0,1112,809,303,0,1.0,0.7275179856115108,16.18,2.1208475177113524,7.017355334623659,12.123931893513776,17.53394009120439,1.214955613400569,1.733043237358776,0.8809297486333993,0.5015378501669524,47.167648793900504,29.30410516617751,30,0.7653979443876024,0.43492029604278026,0.3386887837405466,61.899069496975976,17.964728856777494,{}
test,adversarial,hetero,med,hybrid,1003,1.0,0.9414145271810881,0.5317088974943338,0.9414145271810881,23.644323979962955,50.0,8.0,12.0,1112,1112,0,1112,813,299,0,1.0,0.7311151079136691,16.26,2.085341035394625,6.71735471071473,12.08842541119705,17.339002196512723,1.2116503754891585,1.7165270510142423,0.8833900843922453,0.5015938897014766,46.37798462717643,29.05220238605524,30,0.721677183177161,0.4202065917381786,0.31241343501335217,61.899069496975976,17.964728856777494,"{'alpha': 0.1, 'beta': 0.9, 'gamma': 0.0, 'source': 'phase3_tuning'}"
test,adversarial,hetero,med,binpack,1004,1.0,0.9883112455666305,0.5814556124225716,0.9883112455666305,22.009549258490058,50.0,8.0,12.0,1085,1085,0,1050,764,286,35,0.967741935483871,0.7041474654377881,15.28,3.9954883494617364,12.405469620377602,14.041823252084223,22.096912782745292,1.404081843190477,2.2388349334218725,0.8775600279559715,0.5419486136409821,86.38648617186129,28.19118704451132,30,0.9787680487979115,0.4100556965760688,0.5687123522218427,62.41526057792078,17.383569177692667,{}
test,adversarial,hetero,med,spread,1004,1.0,0.9883112455666305,0.5814556124225716,0.9883112455666305,22.009549258490058,50.0,8.0,12.0,1085,1085,0,1044,760,284,41,0.9622119815668203,0.7004608294930875,15.2,3.697217011881899,11.798635948471677,13.743551914504385,21.88086111844772,1.3743346104573804,2.213095835366496,0.8758922999748797,0.5382964110077065,79.91947684867888,29.480727842389438,30,0.9705018219891949,0.3908195641022303,0.5796822578869646,62.383918773138475,17.39230271739812,{}
test,adversarial,hetero,med,tetris,1004,1.0,0.9883112455666305,0.5814556124225716,0.9883112455666305,22.009549258490058,50.0,8.0,12.0,1085,1085,0,1059,763,296,26,0.976036866359447,0.7032258064516129,15.26,3.6051357260427177,11.434848244786647,13.651470628665205,21.55639452599936,1.3651590191821474,2.1859240240368623,0.8803567326961076,0.5382289846650823,78.13922703594659,29.0541869582059,30,0.9753989539649424,0.4316260522685222,0.5468889055731728,62.16596404384945,17.45328037114784,{}
test,adversarial,hetero,med,hybrid,1004,1.0,0.9883112455666305,0.5814556124225716,0.9883112455666305,22.009549258490058,50.0,8.0,12.0,1085,1085,0,1055,763,292,30,0.9723502304147466,0.7032258064516129,15.26,3.708572648416545,11.570300189970027,13.754907551039032,21.609241542656875,1.375143064165002,2.163891932525589,0.8833698866985484,0.5411529686780842,80.34098211678462,28.766020557673723,30,0.9695566214962772,0.4159768458887621,0.5544805168173658,62.17306565631841,17.45128679994141,"{'alpha': 0.1, 'beta': 0.9, 'gamma': 0.0, 'source': 'phase3_tuning'}"
test,adversarial,hetero,med,binpack,1005,1.0,1.0094057135540835,0.6001950813143251,1.0094057135540835,23.145202368859362,50.0,8.0,12.0,1161,1161,0,1098,794,304,63,0.9457364341085271,0.6838931955211025,15.88,4.419255154792933,11.048770316049808,14.457816118614492,21.6284292049098,1.4451690145017078,2.1702020430666837,0.8871802375765913,0.5531670614805103,101.64387436372026,28.60530873010264,30,0.9822740434586403,0.4613965701297723,0.5221445418634134,63.16624940037212,18.38006864458792,{}
test,adversarial,hetero,med,spread,1005,1.0,1.0094057135540835,0.6001950813143251,1.0094057135540835,23.145202368859362,50.0,8.0,12.0,1161,1161,0,1119,803,316,42,0.9638242894056848,0.6916451335055986,16.06,3.7509582132935355,10.469386800442841,13.789519177115093,21.272788603184146,1.377899622062863,2.145130456692846,0.8953737823718655,0.5534355992587119,86.52853978808066,29.583130255180208,30,0.9854492929333563,0.4447381620004675,0.5407111309328887,62.734466314421226,18.50657331140972,{}
test,adversarial,hetero,med,tetris,1005,1.0,1.0094057135540835,0.6001950813143251,1.0094057135540835,23.145202368859362,50.0,8.0,12.0,1161,1161,0,1116,801,315,45,0.9612403100775194,0.689922480620155,16.02,3.7880633691892376,10.684330745239734,13.826624333010795,21.482331831296868,1.3815383037611577,2.1644778302549117,0.8913973412380263,0.5524532398327388,87.31649149550907,29.105869829078316,30,0.9830466447135678,0.49680215681240725,0.4862444879011606,62.88696665380628,18.461695034383244,{}
test,adversarial,hetero,med,hybrid,1005,1.0,1.0094057135540835,0.6001950813143251,1.0094057135540835,23.145202368859362,50.0,8.0,12.0,1161,1161,0,1124,806,318,37,0.9681309216192937,0.694229112833764,16.12,3.8316225629428935,10.353702535029498,13.870183526764452,20.839933531729685,1.3859367865058065,2.0971297924521344,0.9015278179362701,0.556148491092318,88.61345150825198,28.759466341586332,30,0.9805556570126995,0.4711091392569677,0.5094465177557319,62.43404013960523,18.595625037302625,"{'alpha': 0.1, 'beta': 0.9, 'gamma': 0.0, 'source': 'phase3_tuning'}"
test,adversarial,hetero,med,binpack,1006,1.0,0.994725209667038,0.5653894253571558,0.994725209667038,22.253126564110534,50.0,8.0,12.0,1108,1108,0,1095,785,310,13,0.9882671480144405,0.7084837545126353,15.7,3.8624582212355545,10.490267597440877,13.860955466643757,21.1410002495288,1.3920454168018939,2.1316144740816956,0.8906596212038151,0.5254933908885884,85.51823204031975,28.632774791966536,30,0.982671284492991,0.404764392666664,0.577906891826327,61.75523426699777,17.941798993257475,{}
test,adversarial,hetero,med,spread,1006,1.0,0.994725209667038,0.5653894253571558,0.994725209667038,22.253126564110534,50.0,8.0,12.0,1108,1108,0,1096,787,309,12,0.9891696750902527,0.7102888086642599,15.74,3.4505146731347223,10.310196070707637,13.449011918542926,21.172049469737765,1.3503459248116512,2.1245378394506744,0.891751267708733,0.5254791630264499,76.4064895320076,29.666339774455526,30,0.9761964486489918,0.3793807919577656,0.5968156566912263,61.78542612152975,17.933031615264788,{}
test,adversarial,hetero,med,tetris,1006,1.0,0.994725209667038,0.5653894253571558,0.994725209667038,22.253126564110534,50.0,8.0,12.0,1108,1108,0,1094,784,310,14,0.9873646209386282,0.7075812274368231,15.68,3.424967246484207,10.091406191974322,13.42346449189241,20.97108476911281,1.3477856964376873,2.104754612771304,0.8934821856888306,0.5256109054322836,75.8390278716192,29.30047312492196,30,0.9753652508776146,0.436327462267162,0.5390377886104526,61.735943502294155,17.947405306259324,{}
test,adversarial,hetero,med,hybrid,1006,1.0,0.994725209667038,0.5653894253571558,0.994725209667038,22.253126564110534,50.0,8.0,12.0,1108,1108,0,1096,788,308,12,0.9891696750902527,0.7111913357400722,15.76,3.5120656802713093,10.153731385962587,13.510562925679512,20.91153685465801,1.3565267071993043,2.0977776888119837,0.8953344958339298,0.5258319240027745,77.79578444334575,28.80670479309425,30,0.9762590126169378,0.4146995040674663,0.5615595085494716,61.64844924277338,17.972877073300968,"{'alpha': 0.1, 'beta': 0.9, 'gamma': 0.0, 'source': 'phase3_tuning'}"
test,adversarial,hetero,med,binpack,1007,1.0,1.046016652803372,0.5458352683009189,1.046016652803372,23.182199844769,50.0,8.0,12.0,1205,1205,0,1102,833,269,103,0.9145228215767635,0.6912863070539419,16.66,4.520659072748084,14.523727422949435,14.563735711352118,24.700415298470105,1.4588919061261965,2.488541540868648,0.8907150083568282,0.5023831030131566,105.47743714740128,28.263679596715043,30,0.9771224548766979,0.33900513752424294,0.638117317352455,64.59529524496948,18.654609371010537,{}
test,adversarial,hetero,med,spread,1007,1.0,1.046016652803372,0.5458352683009189,1.046016652803372,23.182199844769,50.0,8.0,12.0,1205,1205,0,1099,829,270,106,0.9120331950207469,0.6879668049792531,16.58,4.317631184840672,13.988304838567952,14.360707823444706,24.067606076786646,1.4373676814812384,2.4189325583062233,0.8921147659503373,0.4986738552912245,100.64553363628069,29.551401708895874,30,0.9813161076932867,0.3106967496741237,0.6706193580191631,64.5189719628493,18.676677004305827,{}
test,adversarial,hetero,med,tetris,1007,1.0,1.046016652803372,0.5458352683009189,1.046016652803372,23.182199844769,50.0,8.0,12.0,1205,1205,0,1102,833,269,103,0.9145228215767635,0.6912863070539419,16.66,4.296816613180664,14.530255398875902,14.339893251784698,24.54614583960764,1.4351484987999383,2.466271065570758,0.8875434873330096,0.4965964831651963,100.15366622171153,29.16615282474363,30,0.9816295055023254,0.3297056119156425,0.6519238935866828,64.61946689428264,18.647631401406922,{}
test,adversarial,hetero,med,hybrid,1007,1.0,1.046016652803372,0.5458352683009189,1.046016652803372,23.182199844769,50.0,8.0,12.0,1205,1205,0,1102,833,269,103,0.9145228215767635,0.6912863070539419,16.66,4.500453551272221,14.709532640601864,14.543530189876254,24.875575513706472,1.4564929075289403,2.496190762759503,0.888538769242423,0.501388990743467,104.67405559763276,28.82878459462984,30,0.9802250676775902,0.33888412162296666,0.6413409460546237,64.53728763677577,18.671376565775375,"{'alpha': 0.1, 'beta': 0.9, 'gamma': 0.0, 'source': 'phase3_tuning'}"
test,adversarial,hetero,med,binpack,1008,1.0,1.01081990278505,0.5646564617935893,1.01081990278505,21.573304212821988,50.0,8.0,12.0,1089,1089,0,1041,743,298,48,0.9559228650137741,0.682277318640955,14.86,3.6794098965489552,10.230070045739275,13.663640160979382,20.70723085239909,1.3729348831890056,2.0937668895901314,0.8865958828582966,0.5177891821955418,79.48653452524621,28.390816276087,30,0.9829605836063483,0.44378841351104154,0.5391721700953069,63.038370506817536,17.275192731738294,{}
test,adversarial,hetero,med,spread,1008,1.0,1.01081990278505,0.5646564617935893,1.01081990278505,21.573304212821988,50.0,8.0,12.0,1089,1089,0,1016,738,278,73,0.9329660238751147,0.6776859504132231,14.76,3.5888783625340137,11.22772932810858,13.57310862696444,21.42351116754441,1.3643515360807554,2.1839691872970426,0.8771798526892856,0.5169005261098996,76.81969554217035,29.616878636830428,30,0.9789648519260888,0.37983968612427105,0.5991251658018177,63.54810533861307,17.1366242029926,{}
test,adversarial,hetero,med,tetris,1008,1.0,1.01081990278505,0.5646564617935893,1.01081990278505,21.573304212821988,50.0,8.0,12.0,1089,1089,0,1021,737,284,68,0.9375573921028466,0.6767676767676768,14.74,3.4917091666610736,10.600631787995468,13.4759394310915,20.950449438990024,1.3542781563418764,2.1380353041687967,0.8824066232469263,0.5165399856059434,75.26807800448736,29.214387677231667,30,0.9800069507711915,0.4512478169205792,0.5287591338506125,62.91046738517787,17.31031488500077,{}
test,adversarial,hetero,med,hybrid,1008,1.0,1.01081990278505,0.5646564617935893,1.01081990278505,21.573304212821988,50.0,8.0,12.0,1089,1089,0,1039,742,297,50,0.9540863177226814,0.6813590449954087,14.84,3.4981679007513162,10.295998513597569,13.482398165181744,20.768013323811417,1.354402641757117,2.0966708958675953,0.8850782614854791,0.5169048545508543,75.5195946630426,28.786599761182174,30,0.9789379044114338,0.45771664468130957,0.5224018430210688,63.08458210868387,17.262538065542554,"{'alpha': 0.1, 'beta': 0.9, 'gamma': 0.0, 'source': 'phase3_tuning'}"
test,adversarial,hetero,med,binpack,1009,1.0,1.0336196695400939,0.5293833231806709,1.0336196695400939,22.05188582496318,50.0,8.0,12.0,1140,1140,0,1045,772,273,95,0.9166666666666666,0.6771929824561403,15.44,4.3122157429437165,11.541274547681724,14.300916817708663,21.939237714490098,1.4372040430328126,2.2382232994471982,0.8917777527627321,0.4831752930951062,95.65472367690607,28.53647063976608,30,0.9808749813941148,0.3751702299754867,0.607778382450276,63.80300629705171,17.867496630055793,{}
test,adversarial,hetero,med,spread,1009,1.0,1.0336196695400939,0.5293833231806709,1.0336196695400939,22.05188582496318,50.0,8.0,12.0,1140,1140,0,1040,770,270,100,0.9122807017543859,0.6754385964912281,15.4,4.0567668650739055,11.88356882074357,14.04546793983885,22.279272237018738,1.4121903428983715,2.268876040466939,0.8886998983222396,0.48245205001782265,89.59875287959602,29.6399711421879,30,0.975425420073652,0.335081907167697,0.6403435129059549,64.07590746729971,17.791398437576305,{}
test,adversarial,hetero,med,tetris,1009,1.0,1.0336196695400939,0.5293833231806709,1.0336196695400939,22.05188582496318,50.0,8.0,12.0,1140,1140,0,1051,771,280,89,0.9219298245614035,0.6763157894736842,15.42,4.026252355948627,11.576413656695841,14.014953430713572,22.086609394514298,1.4084377939182127,2.2322716618957146,0.8913926685601753,0.4815147181733663,89.16667316075589,29.22310379198694,30,0.984894769140377,0.3913766347547834,0.5935181343855935,63.935785948654114,17.830390024696296,{}
test,adversarial,hetero,med,hybrid,1009,1.0,1.0336196695400939,0.5293833231806709,1.0336196695400939,22.05188582496318,50.0,8.0,12.0,1140,1140,0,1048,771,277,92,0.9192982456140351,0.6763157894736842,15.42,4.126243137763007,11.38333798623615,14.114944212527954,21.860918270246465,1.4184047042508443,2.2149400583002024,0.8920480726812575,0.48237041055223245,91.44756248420771,29.076096575541087,30,0.9852925662783517,0.392998737098818,0.5922938291795338,63.8521926983865,17.853733001541965,"{'alpha': 0.1, 'beta': 0.9, 'gamma': 0.0, 'source': 'phase3_tuning'}"
test,adversarial,hetero,high,binpack,1000,1.3,1.361312593683338,0.7902865809192199,1.361312593683338,29.42173630562207,50.0,8.0,12.0,1545,1545,0,1158,794,364,387,0.7495145631067961,0.513915857605178,15.88,11.543087052308746,29.451850447951117,21.512866156815935,39.04946804253533,2.17337683783756,3.9725506238887154,0.9048148994125923,0.6551274466885835,285.39724007744564,28.895296262943706,30,0.980748193062563,0.7037419928188281,0.27700620024373507,80.94872053057323,19.08615713594231,{}
test,adversarial,hetero,high,spread,1000,1.3,1.361312593683338,0.7902865809192199,1.361312593683338,29.42173630562207,50.0,8.0,12.0,1545,1545,0,1187,875,312,358,0.7682847896440129,0.5663430420711975,17.5,9.730120078179153,30.616358924476263,19.699899182686345,40.485895647267824,1.9912837972661734,4.138579358401137,0.9058410450870811,0.674498823699233,241.64122439011007,29.625424495117905,30,0.9809739776305552,0.3748993356486384,0.6060746419819167,81.03680934896563,19.065410057629826,{}
test,adversarial,hetero,high,tetris,1000,1.3,1.361312593683338,0.7902865809192199,1.361312593683338,29.42173630562207,50.0,8.0,12.0,1545,1545,0,1188,883,305,357,0.7689320388349514,0.5715210355987055,17.66,9.512814194950506,30.74065581407035,19.482593299457697,40.62505705241069,1.9702169333125916,4.127468375558536,0.9080697913840384,0.6774363067286003,235.544189756929,29.37953838437301,30,0.9760856602035445,0.42010337473666637,0.5559822854668782,80.86866029588019,19.105052493106644,{}
test,adversarial,hetero,high,hybrid,1000,1.3,1.361312593683338,0.7902865809192199,1.361312593683338,29.42173630562207,50.0,8.0,12.0,1545,1545,0,1176,835,341,369,0.7611650485436893,0.540453074433657,16.7,10.839682116130312,29.6397546246978,20.809461220637502,39.45371229504357,2.102868374721896,4.030056388806569,0.9063832650831516,0.6659099758292508,267.87875549715756,29.15532806059926,30,0.982143657260706,0.5548651057243347,0.42727855153637145,80.6162731422657,19.164865104511804,"{'alpha': 0.1, 'beta': 0.9, 'gamma': 0.0, 'source': 'phase3_tuning'}"
test,adversarial,hetero,high,binpack,1001,1.3,1.2691479152881349,0.7901906164676968,1.2691479152881349,31.23394487231195,50.0,8.0,12.0,1516,1516,0,1202,853,349,314,0.7928759894459103,0.5626649076517151,17.06,9.843485937770637,25.40185276808873,19.879841438721023,35.148049545621674,1.9967353591794392,3.608936124904804,0.9024028925142384,0.6769516288219887,255.052637982464,28.87096593342307,30,0.9841923645337105,0.5268377497481673,0.45735461478554323,75.21397544053369,20.155828635844315,{}
test,adversarial,hetero,high,spread,1001,1.3,1.2691479152881349,0.7901906164676968,1.2691479152881349,31.23394487231195,50.0,8.0,12.0,1516,1516,0,1217,899,318,299,0.8027704485488126,0.5930079155672823,17.98,8.826423153906177,26.132922439100113,18.862778654856562,36.02338094280082,1.8939225000372615,3.70354428474997,0.9064560329429437,0.6820135128088417,229.10964184773493,29.72522202779939,30,0.9817039892328988,0.38565561578357205,0.5960483734493267,75.1592762543959,20.17049758260987,{}
test,adversarial,hetero,high,tetris,1001,1.3,1.2691479152881349,0.7901906164676968,1.2691479152881349,31.23394487231195,50.0,8.0,12.0,1516,1516,0,1217,906,311,299,0.8027704485488126,0.5976253298153035,18.12,8.688364646217215,25.756669377601938,18.724720147167602,35.880646818615126,1.8797017470361108,3.6457698152606293,0.9053373702992495,0.6869354374121547,223.90054822727703,29.427321573969934,30,0.9771017760386028,0.4619833211249923,0.5151184549136104,74.92598697152154,20.233300371154446,{}
test,adversarial,hetero,high,hybrid,1001,1.3,1.2691479152881349,0.7901906164676968,1.2691479152881349,31.23394487231195,50.0,8.0,12.0,1516,1516,0,1213,882,331,303,0.8001319261213721,0.5817941952506597,17.64,9.363970258028077,25.87440307430503,19.400325758978465,35.47230117392104,1.9483471864631192,3.6628788945724104,0.9037391677732236,0.6796551674788502,242.36288166855195,29.177890723702767,30,0.9801221053229928,0.4732662579150987,0.5068558474078941,75.35091528325515,20.11919821147671,"{'alpha': 0.1, 'beta': 0.9, 'gamma': 0.0, 'source': 'phase3_tuning'}"
test,adversarial,hetero,high,binpack,1002,1.3,1.3074242075170228,0.8542623747497712,1.3074242075170228,31.59856725445208,50.0,8.0,12.0,1596,1596,0,1226,853,373,370,0.768170426065163,0.5344611528822055,17.06,10.320841889654709,27.461170039939304,20.289623751997034,36.60866540407183,2.0525879745009923,3.783428655797863,0.9024312525178726,0.7219729879268645,272.77478559996905,28.880945058906065,30,0.9809472945071388,0.6307806213184021,0.35055158020925065,77.04531524139503,20.715081702235654,{}
test,adversarial,hetero,high,spread,1002,1.3,1.3074242075170228,0.8542623747497712,1.3074242075170228,31.59856725445208,50.0,8.0,12.0,1596,1596,0,1241,907,334,355,0.7775689223057645,0.568295739348371,18.14,9.496042417144649,27.435903579557817,19.464824279486972,36.785924262675934,1.9693285416966897,3.8090406064200906,0.902669087868274,0.7317214147366943,248.12631784947015,29.737855487868792,30,0.9827139282592784,0.46899708089617886,0.5137168473630995,77.05466426326834,20.71256834689509,{}
test,adversarial,hetero,high,tetris,1002,1.3,1.3074242075170228,0.8542623747497712,1.3074242075170228,31.59856725445208,50.0,8.0,12.0,1596,1596,0,1250,909,341,346,0.7832080200501254,0.5695488721804511,18.18,9.360803719278126,27.964836749146365,19.329585581620453,37.26337689876342,1.9556886168924867,3.8405605761945467,0.9066188825952569,0.7311242056698509,246.90204172899882,29.328605616878413,30,0.983568178282223,0.5103592699978041,0.47320890828441886,77.29543941188294,20.648048735390727,{}
test,adversarial,hetero,high,hybrid,1002,1.3,1.3074242075170228,0.8542623747497712,1.3074242075170228,31.59856725445208,50.0,8.0,12.0,1596,1596,0,1223,865,358,373,0.7662907268170426,0.5419799498746867,17.3,10.20843936996591,26.753497471157765,20.177221232308234,36.15220715443982,2.04108059131701,3.723525120395088,0.9028790477465297,0.7231608498325818,266.7934475768517,29.11248096172845,30,0.9838959628507359,0.6323311732813699,0.351564789569366,76.85864117397344,20.76539443869913,"{'alpha': 0.1, 'beta': 0.9, 'gamma': 0.0, 'source': 'phase3_tuning'}"
test,adversarial,hetero,high,binpack,1003,1.3,1.2473640290197228,0.7069077547965819,1.2473640290197228,30.73762117395184,50.0,8.0,12.0,1476,1476,0,1195,868,327,281,0.809620596205962,0.5880758807588076,17.36,7.847640147097637,24.163423792355722,17.8494458027927,33.446704867140866,1.7942684181468171,3.375759823182149,0.9087119441734559,0.6100796312843577,198.4803720036383,28.88868677319613,30,0.9808566399089833,0.40959893660912533,0.5712577032998579,74.33196373116819,19.85686810775184,{}
test,adversarial,hetero,high,spread,1003,1.3,1.2473640290197228,0.7069077547965819,1.2473640290197228,30.73762117395184,50.0,8.0,12.0,1476,1476,0,1189,876,313,287,0.8055555555555556,0.5934959349593496,17.52,7.034026269757055,22.670952711914882,17.03583192545212,33.12718366674882,1.7139383368834056,3.3614744288621417,0.907992041741085,0.6182382658882679,171.91722310892092,29.753305079869815,30,0.9899268023877428,0.3895347611000428,0.6003920412877,74.19890627994413,19.892476506745506,{}
test,adversarial,hetero,high,tetris,1003,1.3,1.2473640290197228,0.7069077547965819,1.2473640290197228,30.73762117395184,50.0,8.0,12.0,1476,1476,0,1195,882,313,281,0.809620596205962,0.5975609756097561,17.64,7.02591584377807,22.36391220270267,17.02772149947313,32.74236640284665,1.7122127106727638,3.3326704913756426,0.9117227014513699,0.6161101114972847,172.76843484570952,29.46469628167507,30,0.9873750220896756,0.44249001487144846,0.5448850072182272,73.91337841872091,19.96932127277998,{}
test,adversarial,hetero,high,hybrid,1003,1.3,1.2473640290197228,0.7069077547965819,1.2473640290197228,30.73762117395184,50.0,8.0,12.0,1476,1476,0,1193,875,318,283,0.8082655826558266,0.5928184281842819,17.5,7.429702901756459,23.008320437170262,17.431508557451522,33.327115341984275,1.7531620360943976,3.405301719075576,0.9084025826083912,0.6161658381427616,185.2929101014657,29.27092491235003,30,0.9855514853276335,0.43863038371839014,0.5469211016092433,74.0358393395404,19.936290493457147,"{'alpha': 0.1, 'beta': 0.9, 'gamma': 0.0, 'source': 'phase3_tuning'}"
test,adversarial,hetero,high,binpack,1004,1.3,1.2733198652939919,0.7510276597299506,1.2733198652939919,28.612414036037077,50.0,8.0,12.0,1399,1399,0,1116,799,317,283,0.7977126518942101,0.5711222301644031,15.98,9.77280479904594,27.039551685296317,19.79887402253676,36.79073100170427,1.9890222931341568,3.7784197685981438,0.8963576489149229,0.6445806237863533,234.07789509884972,28.608605418854832,30,0.9791577965757767,0.4818627317781015,0.4972950647976752,76.3527516510903,18.322849795813777,{}
test,adversarial,hetero,high,spread,1004,1.3,1.2733198652939919,0.7510276597299506,1.2733198652939919,28.612414036037077,50.0,8.0,12.0,1399,1399,0,1128,834,294,271,0.806290207290922,0.5961401000714797,16.68,8.698138909216475,28.797999944804747,18.724208132707297,38.07675938617071,1.882374550780238,3.9264491621759032,0.8945958493537276,0.6518567278613715,207.646517547006,29.600559878761118,30,0.9779008798839292,0.3769090322849154,0.6009918475990138,76.20318084480739,18.35881369373743,{}
test,adversarial,hetero,high,tetris,1004,1.3,1.2733198652939919,0.7510276597299506,1.2733198652939919,28.612414036037077,50.0,8.0,12.0,1399,1399,0,1128,838,290,271,0.806290207290922,0.5989992852037169,16.76,8.68247524934107,27.897914574828093,18.708544472831896,37.47983263390991,1.8805314110050713,3.8511799485560774,0.8996013944757513,0.653168981340502,207.4623113371467,29.272451506312194,30,0.9758557416593985,0.437389111035168,0.5384666306242305,75.88060033094166,18.43685993387605,{}
test,adversarial,hetero,high,hybrid,1004,1.3,1.2733198652939919,0.7510276597299506,1.2733198652939919,28.612414036037077,50.0,8.0,12.0,1399,1399,0,1123,825,298,276,0.8027162258756254,0.5897069335239457,16.5,9.283093778522197,27.02180735159515,19.30916300201302,37.16027622383794,1.9402390698276393,3.770575441094603,0.8967099333076806,0.6481801309578885,221.8593606173289,29.050785044364492,30,0.9782186740317038,0.4298617046327685,0.5483569693989353,75.9579046041914,18.41809627701081,"{'alpha': 0.1, 'beta': 0.9, 'gamma': 0.0, 'source': 'phase3_tuning'}"
test,adversarial,hetero,high,binpack,1005,1.3,1.2959635453518048,0.7720062002350089,1.2959635453518048,30.08876307951717,50.0,8.0,12.0,1490,1490,0,1152,809,343,338,0.7731543624161074,0.5429530201342282,16.18,10.64118190357466,26.239406792010527,20.679298522016268,36.115658934339585,2.0698353523274964,3.5487902171119896,0.9026248435564748,0.6537654511725235,266.0861221745044,28.927160561617466,30,0.9809920389978798,0.5976606760261226,0.384030244792515,76.12431886620924,19.57324574054606,{}
test,adversarial,hetero,high,spread,1005,1.3,1.2959635453518048,0.7720062002350089,1.2959635453518048,30.08876307951717,50.0,8.0,12.0,1490,1490,0,1184,874,310,306,0.7946308724832215,0.5865771812080537,17.48,9.016220204213644,27.338183281587277,19.05433682265525,37.236320658574954,1.9053853207703826,3.709263108013367,0.9105998921487424,0.6655421577793881,227.60631254043167,29.679330965523274,30,0.9776655269210967,0.377237103385434,0.6004284235356626,75.7677402105355,19.665361483129146,{}
test,adversarial,hetero,high,tetris,1005,1.3,1.2959635453518048,0.7720062002350089,1.2959635453518048,30.08876307951717,50.0,8.0,12.0,1490,1490,0,1184,880,304,306,0.7946308724832215,0.5906040268456376,17.6,8.77379977681625,27.145687447484946,18.811916395257857,37.436926416159984,1.8810739614674228,3.731535441046297,0.9102382994996581,0.6675363497762469,220.14477969423808,29.31220756082946,30,0.9811641245930113,0.43519592411054264,0.5459682004824686,75.31602023861406,19.783307658575488,{}
test,adversarial,hetero,high,hybrid,1005,1.3,1.2959635453518048,0.7720062002350089,1.2959635453518048,30.08876307951717,50.0,8.0,12.0,1490,1490,0,1178,859,319,312,0.7906040268456376,0.5765100671140939,17.18,9.603189271324684,27.15489966062859,19.64130588976629,36.66178727070023,1.9645598356646652,3.6222848560286103,0.9122559135444436,0.6632048340264174,243.27640751933316,29.045743339681785,30,0.9748121871827189,0.4567507701022804,0.5180614170804385,75.40365465109983,19.760315423627375,"{'alpha': 0.1, 'beta': 0.9, 'gamma': 0.0, 'source': 'phase3_tuning'}"
test,adversarial,hetero,high,binpack,1006,1.3,1.302805421167886,0.7382929229496297,1.302805421167886,28.929064533343695,50.0,8.0,12.0,1450,1450,0,1139,823,316,311,0.7855172413793103,0.5675862068965517,16.46,9.677623587797273,27.06664786656478,19.682005592423522,36.846405988036,1.9789607404443783,3.7900022142351926,0.9068286559365213,0.6326639236709276,235.66659602866085,28.948288301512793,30,0.980650563514249,0.44232448067999225,0.5383260828342566,75.87200316582863,19.111133744957634,{}
test,adversarial,hetero,high,spread,1006,1.3,1.302805421167886,0.7382929229496297,1.302805421167886,28.929064533343695,50.0,8.0,12.0,1450,1450,0,1163,861,302,287,0.8020689655172414,0.5937931034482758,17.22,8.276439626608893,28.549759060246114,18.280821631235142,37.99082493414859,1.8351093527287927,3.8010509045743373,0.9121545242140877,0.6424664157911874,199.40844153713635,29.74333828804262,30,0.9885612692879808,0.3995328808935067,0.5890283883944741,76.90855523982685,18.853559210394867,{}
test,adversarial,hetero,high,tetris,1006,1.3,1.302805421167886,0.7382929229496297,1.302805421167886,28.929064533343695,50.0,8.0,12.0,1450,1450,0,1157,856,301,293,0.7979310344827586,0.5903448275862069,17.12,8.3628784876237,27.336836621665185,18.367260492249947,37.168676526870776,1.8440921908855041,3.7612996156393286,0.913174880538655,0.6413783859417796,201.60057609559874,29.46190240378612,30,0.9908620194773011,0.4223886763285849,0.5684733431487162,76.42302942226236,18.973338415941004,{}
test,adversarial,hetero,high,hybrid,1006,1.3,1.302805421167886,0.7382929229496297,1.302805421167886,28.929064533343695,50.0,8.0,12.0,1450,1450,0,1150,841,309,300,0.7931034482758621,0.58,16.82,8.935574865221007,27.140227501696913,18.939956869847254,37.42747704874265,1.9032786875109882,3.782753887129992,0.911028526165514,0.6354239318149569,217.73046149067653,29.082080610072484,30,0.9823185426437919,0.4292612107879204,0.5530573318558715,75.8260295332769,19.122720903692514,"{'alpha': 0.1, 'beta': 0.9, 'gamma': 0.0, 'source': 'phase3_tuning'}"
test,adversarial,hetero,high,binpack,1007,1.3,1.3368429727664282,0.7002865223288172,1.3368429727664282,30.1368597981997,50.0,8.0,12.0,1545,1545,0,1200,853,347,345,0.7766990291262136,0.5521035598705502,17.06,10.976363029714202,29.669071963555325,20.990528145248724,39.22868146834874,2.115389450508603,4.017734200974651,0.9055812113790916,0.596244626672772,279.02787946919995,28.664368920549983,30,0.9831690079387784,0.4578513174459973,0.5253176904927811,78.67688431578969,19.637279913103185,{}
test,adversarial,hetero,high,spread,1007,1.3,1.3368429727664282,0.7002865223288172,1.3368429727664282,30.1368597981997,50.0,8.0,12.0,1545,1545,0,1216,892,324,329,0.7870550161812297,0.5773462783171521,17.84,9.68079738561783,32.83173534845787,19.694962501152354,42.12277042451311,1.9830346809840556,4.245387470172257,0.9103553282313258,0.6046994272367694,250.44517286452378,29.65492439145838,30,0.9836810630152376,0.34930323185545825,0.6343778311597794,78.51481319419518,19.677815397441794,{}
test,adversarial,hetero,high,tetris,1007,1.3,1.3368429727664282,0.7002865223288172,1.3368429727664282,30.1368597981997,50.0,8.0,12.0,1545,1545,0,1230,914,316,315,0.7961165048543689,0.5915857605177993,18.28,8.98218274092392,33.638704936712394,18.996347856458446,43.40248231545391,1.9138838857693399,4.402342437593697,0.9071484983919155,0.6185259837318277,228.72784555625708,29.358579095956635,30,0.9740234857851482,0.4094130021029601,0.564610483682188,79.25833058853782,19.49321905378909,{}
test,adversarial,hetero,high,hybrid,1007,1.3,1.3368429727664282,0.7002865223288172,1.3368429727664282,30.1368597981997,50.0,8.0,12.0,1545,1545,0,1205,880,325,340,0.7799352750809061,0.56957928802589,17.6,10.402813431422008,31.105599421937583,20.416978546956532,40.36525728398689,2.0557188213087922,4.138628435022452,0.905199073600414,0.599810571354778,267.734886334964,29.099065072792033,30,0.9785259673175288,0.39550060125586395,0.5830253660616649,78.41827491119018,19.702040139874725,"{'alpha': 0.1, 'beta': 0.9, 'gamma': 0.0, 'source': 'phase3_tuning'}"
test,adversarial,hetero,high,binpack,1008,1.3,1.3059731015267502,0.7356868952951334,1.3059731015267502,28.045295476668585,50.0,8.0,12.0,1414,1414,0,1108,804,304,306,0.7835926449787836,0.5685997171145686,16.08,9.608289764428092,27.196530173591107,19.598292517932173,36.412732111531945,1.9838618698865427,3.7532214414996203,0.9048522125014472,0.6309177521357996,224.40476554258504,28.76216636622077,30,0.9719131892611781,0.4409412436644608,0.5309719455967173,77.08452979526376,18.343499062076127,{}
test,adversarial,hetero,high,spread,1008,1.3,1.3059731015267502,0.7356868952951334,1.3059731015267502,28.045295476668585,50.0,8.0,12.0,1414,1414,0,1112,823,289,302,0.7864214992927864,0.582036775106082,16.46,8.511867259142244,28.35371504019149,18.501870012646325,38.079216909503515,1.8737868326112743,3.917740378789087,0.9018281036201036,0.6387289295357035,196.78316363810583,29.705291259100342,30,0.9782639947339847,0.38578788880636616,0.5924761059276185,76.84062283268719,18.401724867311973,{}
test,adversarial,hetero,high,tetris,1008,1.3,1.3059731015267502,0.7356868952951334,1.3059731015267502,28.045295476668585,50.0,8.0,12.0,1414,1414,0,1117,821,296,297,0.78995756718529,0.5806223479490806,16.42,8.66567311683956,27.814311630826268,18.655675870343643,37.54946396494794,1.8892026114142175,3.8820341612681926,0.904591344542618,0.6344280590681887,202.1156969500206,29.395682828639774,30,0.9822600904775515,0.40879368769806707,0.5734664027794844,77.11857175864196,18.335401807302613,{}
test,adversarial,hetero,high,hybrid,1008,1.3,1.3059731015267502,0.7356868952951334,1.3059731015267502,28.045295476668585,50.0,8.0,12.0,1414,1414,0,1108,816,292,306,0.7835926449787836,0.5770862800565771,16.32,9.109141320067025,27.94737792923965,19.099144073571104,37.37732601512647,1.9339382286769895,3.8721004609782073,0.902207536060848,0.6332290299125133,212.5490163342664,29.066615200909332,30,0.9773911290799128,0.4224580103362559,0.5558226914592475,77.06440288777283,18.348289833104612,"{'alpha': 0.1, 'beta': 0.9, 'gamma': 0.0, 'source': 'phase3_tuning'}"
test,adversarial,hetero,high,binpack,1009,1.3,1.307565989690649,0.6656988143089237,1.307565989690649,28.667451572452137,50.0,8.0,12.0,1437,1437,0,1152,850,302,285,0.8016701461377871,0.5915100904662491,17.0,9.730541909331293,28.44540869814795,19.749127599305893,38.63393200062422,1.984165870945494,3.909980681999532,0.9116207287736554,0.5744525411525006,239.12785823081114,28.874208184435393,30,0.9773684427196723,0.3316035252344154,0.6457649174852569,76.83713573846606,18.7018944184903,{}
test,adversarial,hetero,high,spread,1009,1.3,1.307565989690649,0.6656988143089237,1.307565989690649,28.667451572452137,50.0,8.0,12.0,1437,1437,0,1156,878,278,281,0.8044537230340988,0.6109951287404315,17.56,8.485077293770823,31.444316245917065,18.503662983745425,40.60952121712395,1.85695694710878,4.096896409096437,0.9106029451234248,0.589823063579076,204.8987551243229,29.723054724759944,30,0.9803598925384633,0.3487320193306493,0.631627873207814,76.92118630306504,18.68145915402686,{}
test,adversarial,hetero,high,tetris,1009,1.3,1.307565989690649,0.6656988143089237,1.307565989690649,28.667451572452137,50.0,8.0,12.0,1437,1437,0,1154,875,279,283,0.8030619345859429,0.6089074460681977,17.5,8.703695789525506,31.076646549498918,18.722281479500108,40.19660942808556,1.8791771875758088,4.052567343325464,0.9135037989515835,0.5884091345121617,212.0795220966755,29.4023875322977,30,0.9770240637353524,0.37376197132113675,0.6032620924142156,76.70993891900707,18.732905021828174,{}
test,adversarial,hetero,high,hybrid,1009,1.3,1.307565989690649,0.6656988143089237,1.307565989690649,28.667451572452137,50.0,8.0,12.0,1437,1437,0,1151,864,287,286,0.8009742519137091,0.6012526096033403,17.28,9.145856909464841,30.54810377244096,19.164442599439443,40.104575637759496,1.9246785747511703,4.007181326429447,0.9088005617465281,0.5798080021140611,223.56975108581642,29.28930505810857,30,0.9743055775579819,0.35475959666118884,0.619545980896793,77.00624948570203,18.66082310977646,"{'alpha': 0.1, 'beta': 0.9, 'gamma': 0.0, 'source': 'phase3_tuning'}"
