split,family,cluster_config,load,policy,seed,submitted,placed,rejected,admission_rate,mean_cpu_util,mean_ram_util,active_nodes,free_imbalance,stranded_frac,decisions_per_sec,mean_latency_us,p95_latency_us,params
test,tiny_large,homog,high,binpack,1000,333,304,29,0.9129129129129129,0.9954861111111111,0.5985416666666666,30,0.39694444444444443,0.2526041666666667,10012.432253718522,99.87583183183183,218.589,{}
test,tiny_large,homog,high,spread,1000,333,306,27,0.918918918918919,0.9614583333333333,0.591875,30,0.4365277777777778,0.26953125,6926.715824993384,144.36856156156156,246.652,{}
test,tiny_large,homog,high,tetris,1000,333,318,15,0.954954954954955,0.9822916666666667,0.6106250000000001,30,0.3716666666666667,0.25,5827.303197402765,171.60596696696695,295.142,{}
test,tiny_large,homog,high,hybrid,1000,333,317,16,0.9519519519519519,0.9857638888888889,0.6127083333333334,30,0.37305555555555553,0.24739583333333334,5360.307301105557,186.55646846846847,301.704,"{'family': 'hybrid', 'alpha': 0.1}"
test,tiny_large,homog,high,balance,1000,333,304,29,0.9129129129129129,0.9944444444444446,0.5991666666666667,30,0.3952777777777778,0.2526041666666667,9011.521351825624,110.96905405405406,215.443,"{'family': 'balance', 'lam': 0.8}"
test,tiny_large,homog,high,wmatch,1000,333,304,29,0.9129129129129129,0.9954861111111111,0.5985416666666666,30,0.39694444444444443,0.2526041666666667,6620.847749251755,151.03806006006005,293.219,"{'family': 'wmatch', 'lam': 0.8}"
test,tiny_large,homog,high,d1_cheap,1000,333,315,18,0.9459459459459459,0.9854166666666667,0.60875,30,0.3766666666666667,0.25,4309.802922419121,232.02917117117119,340.658,"{'family': 'd_cheap', 'alpha': 0.0, 'beta': 0.8, 'gamma': 0.2}"
test,tiny_large,homog,high,d1_cheap_nomad_ff,1000,333,304,29,0.9129129129129129,0.9954861111111111,0.5985416666666666,30,0.39694444444444443,0.2526041666666667,6934.441044694159,144.20772972972972,275.255,{'derived_from': 'd1_cheap'}
test,tiny_large,homog,high,d2_capacity,1000,333,316,17,0.948948948948949,0.9881944444444444,0.6154166666666666,30,0.37472222222222223,0.24479166666666666,3040.7070131414425,328.8708828828829,471.091,"{'family': 'd_capacity', 'alpha': 0.0, 'beta': 0.8, 'gamma': 0.2}"
test,tiny_large,homog,high,d2_capacity_nomad_ff,1000,333,304,29,0.9129129129129129,0.9954861111111111,0.5985416666666666,30,0.39694444444444443,0.2526041666666667,4767.100035189215,209.77113813813813,404.888,{'derived_from': 'd2_capacity'}
test,tiny_large,homog,high,ff_only_cheap,1000,333,304,29,0.9129129129129129,0.9954861111111111,0.5985416666666666,30,0.39694444444444443,0.2526041666666667,6784.531016644859,147.39412312312314,283.23,"{'alpha': 0, 'beta': 0, 'gamma': 1}"
test,tiny_large,homog,high,binpack,1001,333,306,27,0.918918918918919,0.9958333333333333,0.59,30,0.4058333333333334,0.2578125,10434.563209027396,95.83534834834835,183.243,{}
test,tiny_large,homog,high,spread,1001,333,310,23,0.9309309309309309,0.9663194444444444,0.5847916666666666,30,0.43041666666666667,0.2721354166666667,7005.846262994293,142.73793093093093,224.56,{}
test,tiny_large,homog,high,tetris,1001,333,317,16,0.9519519519519519,0.9711805555555556,0.6152083333333334,30,0.35597222222222225,0.15572916666666667,6348.2123738974315,157.52466066066066,223.829,{}
test,tiny_large,homog,high,hybrid,1001,333,312,21,0.9369369369369369,0.9833333333333333,0.61,30,0.37527777777777777,0.25,5457.008393272206,183.25058858858858,276.307,"{'family': 'hybrid', 'alpha': 0.1}"
test,tiny_large,homog,high,balance,1001,333,306,27,0.918918918918919,0.9958333333333333,0.59,30,0.4058333333333334,0.2578125,9024.76395228507,110.80622222222222,207.268,"{'family': 'balance', 'lam': 0.8}"
test,tiny_large,homog,high,wmatch,1001,333,305,28,0.9159159159159159,0.9951388888888889,0.5883333333333333,30,0.4068055555555556,0.2591145833333333,6189.485925833899,161.5643063063063,310.981,"{'family': 'wmatch', 'lam': 0.8}"
test,tiny_large,homog,high,d1_cheap,1001,333,314,19,0.9429429429429429,0.9847222222222223,0.6070833333333333,30,0.3776388888888889,0.2513020833333333,4099.403114595995,243.93795195195196,357.118,"{'family': 'd_cheap', 'alpha': 0.0, 'beta': 0.8, 'gamma': 0.2}"
test,tiny_large,homog,high,d1_cheap_nomad_ff,1001,333,305,28,0.9159159159159159,0.9951388888888889,0.5883333333333333,30,0.4068055555555556,0.2591145833333333,6582.6730760685,151.91396996996997,287.638,{'derived_from': 'd1_cheap'}
test,tiny_large,homog,high,d2_capacity,1001,333,316,17,0.948948948948949,0.9902777777777777,0.6141666666666666,30,0.3761111111111111,0.24479166666666666,2935.845662540622,340.61736036036035,478.496,"{'family': 'd_capacity', 'alpha': 0.0, 'beta': 0.8, 'gamma': 0.2}"
test,tiny_large,homog,high,d2_capacity_nomad_ff,1001,333,305,28,0.9159159159159159,0.9951388888888889,0.5883333333333333,30,0.4068055555555556,0.2591145833333333,4661.742625189663,214.51205705705706,414.966,{'derived_from': 'd2_capacity'}
test,tiny_large,homog,high,ff_only_cheap,1001,333,305,28,0.9159159159159159,0.9951388888888889,0.5883333333333333,30,0.4068055555555556,0.2591145833333333,6649.993223197596,150.37609309309312,282.639,"{'alpha': 0, 'beta': 0, 'gamma': 1}"
test,tiny_large,homog,high,binpack,1002,333,309,24,0.9279279279279279,0.9947916666666666,0.590625,30,0.4041666666666667,0.2578125,10477.34203991018,95.44405405405405,181.93,{}
test,tiny_large,homog,high,spread,1002,333,310,23,0.9309309309309309,0.9746527777777777,0.5797916666666667,30,0.4276388888888889,0.24348958333333334,7026.709493441136,142.31412312312312,221.414,{}
test,tiny_large,homog,high,tetris,1002,333,317,16,0.9519519519519519,0.9753472222222223,0.6002083333333333,30,0.37513888888888886,0.084375,6343.495963107752,157.64178078078078,225.392,{}
test,tiny_large,homog,high,hybrid,1002,333,317,16,0.9519519519519519,0.9836805555555556,0.5952083333333333,30,0.3884722222222222,0.11197916666666667,5378.983729058813,185.90872372372374,274.273,"{'family': 'hybrid', 'alpha': 0.1}"
test,tiny_large,homog,high,balance,1002,333,308,25,0.924924924924925,0.992013888888889,0.5902083333333333,30,0.4018055555555556,0.21770833333333334,9145.236238204569,109.34654654654655,197.77,"{'family': 'balance', 'lam': 0.8}"
test,tiny_large,homog,high,wmatch,1002,333,309,24,0.9279279279279279,0.9947916666666666,0.590625,30,0.4041666666666667,0.2578125,6275.531566734135,159.34905105105108,300.612,"{'family': 'wmatch', 'lam': 0.8}"
test,tiny_large,homog,high,d1_cheap,1002,333,316,17,0.948948948948949,0.9809027777777778,0.5885416666666666,30,0.3923611111111111,0.11041666666666666,4018.1120079008874,248.8731021021021,367.217,"{'family': 'd_cheap', 'alpha': 0.0, 'beta': 0.8, 'gamma': 0.2}"
test,tiny_large,homog,high,d1_cheap_nomad_ff,1002,333,309,24,0.9279279279279279,0.99375,0.59125,30,0.40249999999999997,0.240625,6667.822422553242,149.974,269.414,{'derived_from': 'd1_cheap'}
test,tiny_large,homog,high,d2_capacity,1002,333,317,16,0.9519519519519519,0.9836805555555556,0.5952083333333333,30,0.3884722222222222,0.12109375,2911.0532912014464,343.5182732732733,476.883,"{'family': 'd_capacity', 'alpha': 0.0, 'beta': 0.8, 'gamma': 0.2}"
test,tiny_large,homog,high,d2_capacity_nomad_ff,1002,333,309,24,0.9279279279279279,0.99375,0.59125,30,0.4025,0.24791666666666667,4813.284526531873,207.75833933933936,399.046,{'derived_from': 'd2_capacity'}
test,tiny_large,homog,high,ff_only_cheap,1002,333,309,24,0.9279279279279279,0.99375,0.59125,30,0.40249999999999997,0.240625,6715.065958281655,148.91886486486484,279.813,"{'alpha': 0, 'beta': 0, 'gamma': 1}"
test,tiny_large,homog,high,binpack,1003,333,297,36,0.8918918918918919,0.9958333333333333,0.58375,30,0.41208333333333336,0.26171875,10820.791126561338,92.41468468468469,174.717,{}
test,tiny_large,homog,high,spread,1003,333,299,34,0.8978978978978979,0.9680555555555556,0.5795833333333333,30,0.43736111111111114,0.2640625,7322.264561378542,136.56977177177177,216.315,{}
test,tiny_large,homog,high,tetris,1003,333,318,15,0.954954954954955,0.9822916666666667,0.6168750000000001,30,0.36541666666666667,0.0890625,6547.263584947687,152.73556456456456,220.472,{}
test,tiny_large,homog,high,hybrid,1003,333,311,22,0.933933933933934,0.9847222222222223,0.6070833333333333,30,0.3776388888888889,0.10729166666666666,5533.444119642168,180.71927327327327,262.391,"{'family': 'hybrid', 'alpha': 0.1}"
test,tiny_large,homog,high,balance,1003,333,298,35,0.8948948948948949,0.9944444444444444,0.5929166666666668,30,0.4034722222222222,0.225,9350.340057547552,106.94798198198198,202.689,"{'family': 'balance', 'lam': 0.8}"
test,tiny_large,homog,high,wmatch,1003,333,297,36,0.8918918918918919,0.9958333333333333,0.58375,30,0.41208333333333336,0.26171875,6430.112793640128,155.51826726726728,311.002,"{'family': 'wmatch', 'lam': 0.8}"
test,tiny_large,homog,high,d1_cheap,1003,333,309,24,0.9279279279279279,0.9864583333333333,0.6081249999999999,30,0.3783333333333333,0.1421875,4131.587923956598,242.03769069069068,365.574,"{'family': 'd_cheap', 'alpha': 0.0, 'beta': 0.8, 'gamma': 0.2}"
test,tiny_large,homog,high,d1_cheap_nomad_ff,1003,333,298,35,0.8948948948948949,0.9965277777777778,0.5854166666666667,30,0.41111111111111115,0.2604166666666667,6920.750486182722,144.493,284.532,{'derived_from': 'd1_cheap'}
test,tiny_large,homog,high,d2_capacity,1003,333,309,24,0.9279279279279279,0.9822916666666667,0.6106250000000001,30,0.3716666666666667,0.08828125,2995.451743852607,333.8394624624625,476.08,"{'family': 'd_capacity', 'alpha': 0.0, 'beta': 0.8, 'gamma': 0.2}"
test,tiny_large,homog,high,d2_capacity_nomad_ff,1003,333,298,35,0.8948948948948949,0.9965277777777778,0.5854166666666667,30,0.41111111111111115,0.2604166666666667,4909.539884703952,203.68507507507508,399.738,{'derived_from': 'd2_capacity'}
test,tiny_large,homog,high,ff_only_cheap,1003,333,298,35,0.8948948948948949,0.9965277777777778,0.5854166666666667,30,0.41111111111111115,0.2604166666666667,6858.208536249464,145.81067267267267,279.153,"{'alpha': 0, 'beta': 0, 'gamma': 1}"
test,tiny_large,homog,high,binpack,1004,333,299,34,0.8978978978978979,0.9930555555555556,0.5895833333333333,30,0.40541666666666665,0.2591145833333333,10783.793997798552,92.73174174174174,172.623,{}
test,tiny_large,homog,high,spread,1004,333,314,19,0.9429429429429429,0.9784722222222223,0.6045833333333334,30,0.4058333333333334,0.2552083333333333,7149.864378022991,139.8627927927928,204.563,{}
test,tiny_large,homog,high,tetris,1004,333,318,15,0.954954954954955,0.9739583333333334,0.615625,30,0.35833333333333334,0.16119791666666666,6368.945922427731,157.01185285285285,215.694,{}
test,tiny_large,homog,high,hybrid,1004,333,317,16,0.9519519519519519,0.9795138888888889,0.6164583333333333,30,0.3669444444444444,0.20208333333333334,5682.098369920302,175.99132132132132,258.724,"{'family': 'hybrid', 'alpha': 0.1}"
test,tiny_large,homog,high,balance,1004,333,308,25,0.924924924924925,0.9899305555555556,0.6039583333333333,30,0.3959722222222222,0.2513020833333333,9382.166844960708,106.58518618618618,196.247,"{'family': 'balance', 'lam': 0.8}"
test,tiny_large,homog,high,wmatch,1004,333,299,34,0.8978978978978979,0.9930555555555556,0.5895833333333333,30,0.40541666666666665,0.2591145833333333,6542.845123782574,152.8387087087087,294.601,"{'family': 'wmatch', 'lam': 0.8}"
test,tiny_large,homog,high,d1_cheap,1004,333,317,16,0.9519519519519519,0.9795138888888889,0.6164583333333333,30,0.3630555555555556,0.17578125,4130.380406547018,242.10845045045045,335.648,"{'family': 'd_cheap', 'alpha': 0.0, 'beta': 0.8, 'gamma': 0.2}"
test,tiny_large,homog,high,d1_cheap_nomad_ff,1004,333,301,32,0.9039039039039038,0.9923611111111111,0.5941666666666666,30,0.4001388888888889,0.2565104166666667,6880.011057603357,145.3486036036036,271.758,{'derived_from': 'd1_cheap'}
test,tiny_large,homog,high,d2_capacity,1004,333,317,16,0.9519519519519519,0.9795138888888889,0.6164583333333333,30,0.3630555555555556,0.21458333333333332,2996.84154500015,333.68464264264264,460.111,"{'family': 'd_capacity', 'alpha': 0.0, 'beta': 0.8, 'gamma': 0.2}"
test,tiny_large,homog,high,d2_capacity_nomad_ff,1004,333,301,32,0.9039039039039038,0.9923611111111111,0.5941666666666666,30,0.4001388888888889,0.2565104166666667,4891.0217921752555,204.45625525525526,390.26,{'derived_from': 'd2_capacity'}
test,tiny_large,homog,high,ff_only_cheap,1004,333,301,32,0.9039039039039038,0.9923611111111111,0.5941666666666666,30,0.4001388888888889,0.2565104166666667,6910.557607497719,144.70612312312315,262.872,"{'alpha': 0, 'beta': 0, 'gamma': 1}"
test,tiny_large,homog,high,binpack,1005,333,306,27,0.918918918918919,0.9864583333333333,0.6081249999999999,30,0.3963888888888889,0.25,10338.898858837052,96.7220990990991,184.485,{}
test,tiny_large,homog,high,spread,1005,333,309,24,0.9279279279279279,0.984375,0.603125,30,0.39319444444444446,0.22578125,7038.597874102481,142.07375075075075,209.712,{}
test,tiny_large,homog,high,tetris,1005,333,318,15,0.954954954954955,0.9614583333333333,0.6168750000000001,30,0.34458333333333335,0.034375,6333.991846573751,157.87832132132132,213.519,{}
test,tiny_large,homog,high,hybrid,1005,333,319,14,0.9579579579579579,0.9850694444444444,0.6172916666666667,30,0.36777777777777776,0.109375,5387.270752822554,185.62274774774775,260.648,"{'family': 'hybrid', 'alpha': 0.1}"
test,tiny_large,homog,high,balance,1005,333,310,23,0.9309309309309309,0.9923611111111111,0.6129166666666667,30,0.3813888888888889,0.2296875,8941.471543887643,111.8384144144144,208.069,"{'family': 'balance', 'lam': 0.8}"
test,tiny_large,homog,high,wmatch,1005,333,306,27,0.918918918918919,0.9864583333333333,0.6081249999999999,30,0.3963888888888889,0.25,6234.343466718828,160.40181381381382,308.257,"{'family': 'wmatch', 'lam': 0.8}"
test,tiny_large,homog,high,d1_cheap,1005,333,318,15,0.954954954954955,0.9864583333333333,0.620625,30,0.3658333333333334,0.13776041666666666,4120.835927779046,242.6692102102102,347.811,"{'family': 'd_cheap', 'alpha': 0.0, 'beta': 0.8, 'gamma': 0.2}"
test,tiny_large,homog,high,d1_cheap_nomad_ff,1005,333,306,27,0.918918918918919,0.9864583333333333,0.6081249999999999,30,0.3963888888888889,0.25,6606.842403119286,151.35823423423423,281.006,{'derived_from': 'd1_cheap'}
test,tiny_large,homog,high,d2_capacity,1005,333,319,14,0.9579579579579579,0.9892361111111111,0.6210416666666667,30,0.3681944444444445,0.1515625,2943.124802570902,339.7749219219219,465.291,"{'family': 'd_capacity', 'alpha': 0.0, 'beta': 0.8, 'gamma': 0.2}"
test,tiny_large,homog,high,d2_capacity_nomad_ff,1005,333,306,27,0.918918918918919,0.9864583333333333,0.6081249999999999,30,0.3963888888888889,0.25,4667.667472509786,214.23976876876876,399.307,{'derived_from': 'd2_capacity'}
test,tiny_large,homog,high,ff_only_cheap,1005,333,306,27,0.918918918918919,0.9864583333333333,0.6081249999999999,30,0.3963888888888889,0.25,6567.9868392533745,152.25365465465464,288.61,"{'alpha': 0, 'beta': 0, 'gamma': 1}"
test,tiny_large,homog,high,binpack,1006,333,302,31,0.9069069069069069,0.9961805555555556,0.6064583333333334,30,0.39166666666666666,0.24739583333333334,10608.958350981744,94.25996096096097,183.944,{}
test,tiny_large,homog,high,spread,1006,333,301,32,0.9039039039039038,0.9527777777777777,0.5929166666666668,30,0.4415277777777778,0.26015625,7439.291361253598,134.4214054054054,204.814,{}
test,tiny_large,homog,high,tetris,1006,333,318,15,0.954954954954955,0.9739583333333334,0.609375,30,0.3665277777777778,0.08046875,6557.768843020129,152.4908888888889,210.594,{}
test,tiny_large,homog,high,hybrid,1006,333,316,17,0.948948948948949,0.9819444444444444,0.6066666666666667,30,0.37722222222222224,0.08567708333333333,5709.203225312351,175.1557897897898,254.506,"{'family': 'hybrid', 'alpha': 0.1}"
test,tiny_large,homog,high,balance,1006,333,303,30,0.9099099099099099,0.9947916666666666,0.609375,30,0.3854166666666667,0.24609375,9251.837517729216,108.08663663663664,204.873,"{'family': 'balance', 'lam': 0.8}"
test,tiny_large,homog,high,wmatch,1006,333,302,31,0.9069069069069069,0.9961805555555556,0.6064583333333334,30,0.39166666666666666,0.24739583333333334,6401.499757973327,156.2133933933934,289.762,"{'family': 'wmatch', 'lam': 0.8}"
test,tiny_large,homog,high,d1_cheap,1006,333,312,21,0.9369369369369369,0.984375,0.609375,30,0.375,0.12057291666666667,4306.751018459317,232.19359459459457,339.005,"{'family': 'd_cheap', 'alpha': 0.0, 'beta': 0.8, 'gamma': 0.2}"
test,tiny_large,homog,high,d1_cheap_nomad_ff,1006,333,303,30,0.9099099099099099,0.9958333333333333,0.60875,30,0.38902777777777775,0.24609375,6696.6327239223265,149.32878078078076,278.071,{'derived_from': 'd1_cheap'}
test,tiny_large,homog,high,d2_capacity,1006,333,314,19,0.9429429429429429,0.9836805555555556,0.6077083333333333,30,0.3759722222222222,0.07578125,3118.0899311445214,320.7091591591592,460.972,"{'family': 'd_capacity', 'alpha': 0.0, 'beta': 0.8, 'gamma': 0.2}"
test,tiny_large,homog,high,d2_capacity_nomad_ff,1006,333,303,30,0.9099099099099099,0.9958333333333333,0.60875,30,0.38902777777777775,0.24609375,4757.411718867998,210.19833033033032,408.925,{'derived_from': 'd2_capacity'}
test,tiny_large,homog,high,ff_only_cheap,1006,333,303,30,0.9099099099099099,0.9958333333333333,0.60875,30,0.38902777777777775,0.24609375,6666.825896362249,149.99641741741743,287.358,"{'alpha': 0, 'beta': 0, 'gamma': 1}"
test,tiny_large,homog,high,binpack,1007,333,299,34,0.8978978978978979,0.9940972222222223,0.5889583333333334,30,0.4051388888888889,0.2591145833333333,10530.664203144797,94.96077177177177,180.418,{}
test,tiny_large,homog,high,spread,1007,333,295,38,0.8858858858858859,0.9777777777777777,0.5716666666666668,30,0.44,0.2760416666666667,7161.250281181223,139.6404204204204,216.035,{}
test,tiny_large,homog,high,tetris,1007,333,317,16,0.9519519519519519,0.9888888888888889,0.6108333333333333,30,0.37805555555555553,0.15963541666666667,6492.023437959212,154.0351801801802,213.199,{}
test,tiny_large,homog,high,hybrid,1007,333,312,21,0.9369369369369369,0.9895833333333334,0.60625,30,0.38333333333333336,0.1796875,5368.971090863838,186.25542642642642,271.398,"{'family': 'hybrid', 'alpha': 0.1}"
test,tiny_large,homog,high,balance,1007,333,299,34,0.8978978978978979,0.9940972222222223,0.5889583333333334,30,0.4051388888888889,0.2591145833333333,9208.020124694844,108.60097897897899,212.678,"{'family': 'balance', 'lam': 0.8}"
test,tiny_large,homog,high,wmatch,1007,333,299,34,0.8978978978978979,0.9940972222222223,0.5889583333333334,30,0.4051388888888889,0.2591145833333333,6368.255200196716,157.02888288288287,300.532,"{'family': 'wmatch', 'lam': 0.8}"
test,tiny_large,homog,high,d1_cheap,1007,333,314,19,0.9429429429429429,0.992013888888889,0.6089583333333334,30,0.3830555555555556,0.17578125,4106.256856477876,243.5307957957958,363.71,"{'family': 'd_cheap', 'alpha': 0.0, 'beta': 0.8, 'gamma': 0.2}"
test,tiny_large,homog,high,d1_cheap_nomad_ff,1007,333,299,34,0.8978978978978979,0.9951388888888889,0.5945833333333332,30,0.4005555555555556,0.2552083333333333,6813.944727653995,146.75786786786787,278.872,{'derived_from': 'd1_cheap'}
test,tiny_large,homog,high,d2_capacity,1007,333,314,19,0.9429429429429429,0.992013888888889,0.6089583333333334,30,0.3830555555555556,0.21328125,2953.4520262139886,338.58684384384384,488.694,"{'family': 'd_capacity', 'alpha': 0.0, 'beta': 0.8, 'gamma': 0.2}"
test,tiny_large,homog,high,d2_capacity_nomad_ff,1007,333,299,34,0.8978978978978979,0.9940972222222223,0.5889583333333334,30,0.4051388888888889,0.2591145833333333,4846.161301786618,206.34888888888887,402.223,{'derived_from': 'd2_capacity'}
test,tiny_large,homog,high,ff_only_cheap,1007,333,299,34,0.8978978978978979,0.9951388888888889,0.5945833333333332,30,0.4005555555555556,0.2552083333333333,6771.018293034422,147.6882732732733,280.405,"{'alpha': 0, 'beta': 0, 'gamma': 1}"
test,tiny_large,homog,high,binpack,1008,333,301,32,0.9039039039039038,0.9944444444444446,0.6054166666666667,30,0.3890277777777778,0.24869791666666666,10484.94706376929,95.37482582582582,184.716,{}
test,tiny_large,homog,high,spread,1008,333,293,40,0.8798798798798799,0.9243055555555556,0.5808333333333333,30,0.48541666666666666,0.2903645833333333,7508.247911793916,133.18686486486484,213.289,{}
test,tiny_large,homog,high,tetris,1008,333,318,15,0.954954954954955,0.9739583333333334,0.615625,30,0.35833333333333334,0.18619791666666666,6396.347297686368,156.33922822822822,214.251,{}
test,tiny_large,homog,high,hybrid,1008,333,318,15,0.954954954954955,0.9864583333333333,0.620625,30,0.36583333333333334,0.2421875,5522.0219395735585,181.0930870870871,257.792,"{'family': 'hybrid', 'alpha': 0.1}"
test,tiny_large,homog,high,balance,1008,333,307,26,0.9219219219219219,0.9934027777777779,0.6185416666666667,30,0.37680555555555556,0.24088541666666666,9097.936085387055,109.91503903903904,207.078,"{'family': 'balance', 'lam': 0.8}"
test,tiny_large,homog,high,wmatch,1008,333,301,32,0.9039039039039038,0.9944444444444446,0.6054166666666667,30,0.3890277777777778,0.24869791666666666,6214.241054926575,160.9206966966967,311.522,"{'family': 'wmatch', 'lam': 0.8}"
test,tiny_large,homog,high,d1_cheap,1008,333,314,19,0.9429429429429429,0.9815972222222222,0.6214583333333333,30,0.3601388888888889,0.24348958333333334,4222.287378160382,236.83845045045044,346.228,"{'family': 'd_cheap', 'alpha': 0.0, 'beta': 0.8, 'gamma': 0.2}"
test,tiny_large,homog,high,d1_cheap_nomad_ff,1008,333,301,32,0.9039039039039038,0.9944444444444446,0.6054166666666667,30,0.3890277777777778,0.24869791666666666,6596.788386260938,151.58891591591592,293.829,{'derived_from': 'd1_cheap'}
test,tiny_large,homog,high,d2_capacity,1008,333,315,18,0.9459459459459459,0.984375,0.621875,30,0.3625,0.2421875,3069.109912872025,325.8273663663664,463.156,"{'family': 'd_capacity', 'alpha': 0.0, 'beta': 0.8, 'gamma': 0.2}"
test,tiny_large,homog,high,d2_capacity_nomad_ff,1008,333,301,32,0.9039039039039038,0.9944444444444446,0.6054166666666667,30,0.3890277777777778,0.24869791666666666,4763.500565247276,209.92964864864865,401.171,{'derived_from': 'd2_capacity'}
test,tiny_large,homog,high,ff_only_cheap,1008,333,301,32,0.9039039039039038,0.9944444444444446,0.6054166666666667,30,0.3890277777777778,0.24869791666666666,6633.592332284409,150.74788288288286,286.035,"{'alpha': 0, 'beta': 0, 'gamma': 1}"
test,tiny_large,homog,high,binpack,1009,333,291,42,0.8738738738738738,0.996875,0.5831250000000001,30,0.41375,0.26171875,11246.791244862741,88.91424924924925,175.849,{}
test,tiny_large,homog,high,spread,1009,333,291,42,0.8738738738738738,0.959375,0.580625,30,0.44958333333333333,0.27734375,7789.184710012863,128.38314114114115,210.464,{}
test,tiny_large,homog,high,tetris,1009,333,313,20,0.93993993993994,0.9829861111111111,0.6060416666666666,30,0.37694444444444447,0.2526041666666667,6491.942690065707,154.0370960960961,216.235,{}
test,tiny_large,homog,high,hybrid,1009,333,308,25,0.924924924924925,0.9899305555555556,0.5977083333333333,30,0.3941666666666667,0.2552083333333333,5707.546646724648,175.20662762762763,262.23,"{'family': 'hybrid', 'alpha': 0.1}"
test,tiny_large,homog,high,balance,1009,333,299,34,0.8978978978978979,0.9951388888888889,0.5945833333333334,30,0.40249999999999997,0.2552083333333333,9622.979188819267,103.91792192192192,204.692,"{'family': 'balance', 'lam': 0.8}"
test,tiny_large,homog,high,wmatch,1009,333,291,42,0.8738738738738738,0.996875,0.5831250000000001,30,0.41375,0.26171875,6693.521019394709,149.3982012012012,306.623,"{'family': 'wmatch', 'lam': 0.8}"
test,tiny_large,homog,high,d1_cheap,1009,333,309,24,0.9279279279279279,0.9895833333333334,0.60625,30,0.38333333333333336,0.25,4519.0291431782325,221.28646846846846,323.916,"{'family': 'd_cheap', 'alpha': 0.0, 'beta': 0.8, 'gamma': 0.2}"
test,tiny_large,homog,high,d1_cheap_nomad_ff,1009,333,298,35,0.8948948948948949,0.9934027777777779,0.5935416666666666,30,0.4018055555555556,0.2565104166666667,7057.093176538992,141.7014024024024,274.203,{'derived_from': 'd1_cheap'}
test,tiny_large,homog,high,d2_capacity,1009,333,310,23,0.9309309309309309,0.9913194444444444,0.6072916666666667,30,0.3840277777777778,0.24869791666666666,3285.92039651606,304.32873573573573,436.396,"{'family': 'd_capacity', 'alpha': 0.0, 'beta': 0.8, 'gamma': 0.2}"
test,tiny_large,homog,high,d2_capacity_nomad_ff,1009,333,299,34,0.8978978978978979,0.9940972222222223,0.5952083333333333,30,0.4008333333333333,0.2552083333333333,5067.20467699644,197.34746546546546,386.814,{'derived_from': 'd2_capacity'}
test,tiny_large,homog,high,ff_only_cheap,1009,333,298,35,0.8948948948948949,0.9934027777777779,0.5935416666666666,30,0.4018055555555556,0.2565104166666667,6933.819153211604,144.22066366366366,275.646,"{'alpha': 0, 'beta': 0, 'gamma': 1}"
test,tiny_large,homog,low,binpack,1000,121,121,0,1.0,0.3975694444444445,0.23854166666666668,13,0.15902777777777777,0.08802083333333334,6417.452415651073,155.8250743801653,200.676,{}
test,tiny_large,homog,low,spread,1000,121,121,0,1.0,0.3975694444444445,0.23854166666666668,30,0.21375,0.0,5579.460649677931,179.22879338842975,210.704,{}
test,tiny_large,homog,low,tetris,1000,121,121,0,1.0,0.3975694444444445,0.23854166666666668,30,0.1590277777777778,0.005989583333333334,5598.82511662561,178.60890082644627,217.968,{}
test,tiny_large,homog,low,hybrid,1000,121,121,0,1.0,0.3975694444444445,0.23854166666666668,30,0.15902777777777777,0.005208333333333333,4580.196245889463,218.33125619834712,258.313,"{'family': 'hybrid', 'alpha': 0.1}"
test,tiny_large,homog,low,balance,1000,121,121,0,1.0,0.3975694444444445,0.23854166666666668,13,0.15902777777777777,0.08802083333333334,5943.113986421311,168.26195867768593,217.677,"{'family': 'balance', 'lam': 0.8}"
test,tiny_large,homog,low,wmatch,1000,121,121,0,1.0,0.3975694444444445,0.23854166666666668,13,0.15902777777777777,0.08802083333333334,4091.2298267289784,244.42528099173555,306.774,"{'family': 'wmatch', 'lam': 0.8}"
test,tiny_large,homog,low,d1_cheap,1000,121,121,0,1.0,0.3975694444444445,0.23854166666666668,25,0.15902777777777777,0.005208333333333333,3617.4909334017525,276.43469421487606,315.089,"{'family': 'd_cheap', 'alpha': 0.0, 'beta': 0.8, 'gamma': 0.2}"
test,tiny_large,homog,low,d1_cheap_nomad_ff,1000,121,121,0,1.0,0.3975694444444445,0.23854166666666668,13,0.15902777777777777,0.08802083333333334,4524.335146145934,221.02695041322315,264.245,{'derived_from': 'd1_cheap'}
test,tiny_large,homog,low,d2_capacity,1000,121,121,0,1.0,0.3975694444444445,0.23854166666666668,26,0.15902777777777777,0.005208333333333333,2686.1474068454622,372.28038842975207,422.0,"{'family': 'd_capacity', 'alpha': 0.0, 'beta': 0.8, 'gamma': 0.2}"
test,tiny_large,homog,low,d2_capacity_nomad_ff,1000,121,121,0,1.0,0.3975694444444445,0.23854166666666668,13,0.15902777777777777,0.08802083333333334,3320.505753091802,301.15894214876033,364.602,{'derived_from': 'd2_capacity'}
test,tiny_large,homog,low,ff_only_cheap,1000,121,121,0,1.0,0.3975694444444445,0.23854166666666668,13,0.15902777777777777,0.08802083333333334,4812.997160729444,207.77074380165288,258.374,"{'alpha': 0, 'beta': 0, 'gamma': 1}"
test,tiny_large,homog,low,binpack,1001,121,121,0,1.0,0.3975694444444445,0.23854166666666668,12,0.15902777777777777,0.10182291666666667,7675.866795671979,130.27844628099174,174.286,{}
test,tiny_large,homog,low,spread,1001,121,121,0,1.0,0.3975694444444445,0.23854166666666668,30,0.2048611111111111,0.0,6706.42598098246,149.11071900826445,172.593,{}
test,tiny_large,homog,low,tetris,1001,121,121,0,1.0,0.3975694444444445,0.23854166666666668,30,0.1590277777777778,0.002864583333333333,6697.318985720374,149.31347933884297,176.851,{}
test,tiny_large,homog,low,hybrid,1001,121,121,0,1.0,0.3975694444444445,0.23854166666666668,30,0.15902777777777777,0.006510416666666667,5441.637204248704,183.76822314049585,215.513,"{'family': 'hybrid', 'alpha': 0.1}"
test,tiny_large,homog,low,balance,1001,121,121,0,1.0,0.3975694444444445,0.23854166666666668,14,0.1590277777777778,0.07421875,7032.220880546803,142.2025867768595,183.212,"{'family': 'balance', 'lam': 0.8}"
test,tiny_large,homog,low,wmatch,1001,121,121,0,1.0,0.3975694444444445,0.23854166666666668,12,0.15902777777777777,0.10182291666666667,4801.641986954375,208.26209090909092,258.153,"{'family': 'wmatch', 'lam': 0.8}"
test,tiny_large,homog,low,d1_cheap,1001,121,121,0,1.0,0.3975694444444445,0.23854166666666668,27,0.15902777777777777,0.013802083333333333,4293.932527841273,232.8867520661157,271.238,"{'family': 'd_cheap', 'alpha': 0.0, 'beta': 0.8, 'gamma': 0.2}"
test,tiny_large,homog,low,d1_cheap_nomad_ff,1001,121,121,0,1.0,0.3975694444444445,0.23854166666666668,13,0.15902777777777777,0.08203125,5349.441902894631,186.93538842975207,232.365,{'derived_from': 'd1_cheap'}
test,tiny_large,homog,low,d2_capacity,1001,121,121,0,1.0,0.3975694444444445,0.23854166666666668,27,0.15902777777777777,0.009114583333333334,3164.7572631179187,315.98,364.672,"{'family': 'd_capacity', 'alpha': 0.0, 'beta': 0.8, 'gamma': 0.2}"
test,tiny_large,homog,low,d2_capacity_nomad_ff,1001,121,121,0,1.0,0.3975694444444445,0.23854166666666668,12,0.15902777777777777,0.10182291666666667,3890.690253467216,257.02380165289253,314.298,{'derived_from': 'd2_capacity'}
test,tiny_large,homog,low,ff_only_cheap,1001,121,121,0,1.0,0.3975694444444445,0.23854166666666668,13,0.15902777777777777,0.08203125,5590.3262038501825,178.88043801652893,227.335,"{'alpha': 0, 'beta': 0, 'gamma': 1}"
test,tiny_large,homog,low,binpack,1002,121,121,0,1.0,0.3975694444444445,0.23854166666666668,13,0.16680555555555554,0.10703125,8878.75553014389,112.62839669421487,144.891,{}
test,tiny_large,homog,low,spread,1002,121,121,0,1.0,0.3975694444444445,0.23854166666666668,30,0.23958333333333334,0.0,7537.285894361886,132.6737520661157,157.916,{}
test,tiny_large,homog,low,tetris,1002,121,121,0,1.0,0.3975694444444445,0.23854166666666668,30,0.1590277777777778,0.0,7492.045274491511,133.4749008264463,154.729,{}
test,tiny_large,homog,low,hybrid,1002,121,121,0,1.0,0.3975694444444445,0.23854166666666668,30,0.1590277777777778,0.006510416666666667,6100.7626154947475,163.91393388429753,193.322,"{'family': 'hybrid', 'alpha': 0.1}"
test,tiny_large,homog,low,balance,1002,121,121,0,1.0,0.3975694444444445,0.23854166666666668,13,0.1590277777777778,0.08411458333333334,7964.411062079886,125.55856198347108,154.199,"{'family': 'balance', 'lam': 0.8}"
test,tiny_large,homog,low,wmatch,1002,121,121,0,1.0,0.3975694444444445,0.23854166666666668,13,0.16680555555555554,0.10703125,5459.827088629779,183.15598347107436,225.913,"{'family': 'wmatch', 'lam': 0.8}"
test,tiny_large,homog,low,d1_cheap,1002,121,121,0,1.0,0.3975694444444445,0.23854166666666668,21,0.15902777777777777,0.013541666666666667,4794.995324681418,208.55077685950414,239.117,"{'family': 'd_cheap', 'alpha': 0.0, 'beta': 0.8, 'gamma': 0.2}"
test,tiny_large,homog,low,d1_cheap_nomad_ff,1002,121,121,0,1.0,0.3975694444444445,0.23854166666666668,13,0.16680555555555554,0.10703125,6017.448312481217,166.18339669421488,203.17,{'derived_from': 'd1_cheap'}
test,tiny_large,homog,low,d2_capacity,1002,121,121,0,1.0,0.3975694444444445,0.23854166666666668,22,0.15902777777777777,0.016927083333333332,3494.0860283830093,286.19787603305787,333.735,"{'family': 'd_capacity', 'alpha': 0.0, 'beta': 0.8, 'gamma': 0.2}"
test,tiny_large,homog,low,d2_capacity_nomad_ff,1002,121,121,0,1.0,0.3975694444444445,0.23854166666666668,13,0.16680555555555554,0.10703125,4442.251954471543,225.11104958677686,276.016,{'derived_from': 'd2_capacity'}
test,tiny_large,homog,low,ff_only_cheap,1002,121,121,0,1.0,0.3975694444444445,0.23854166666666668,13,0.16680555555555554,0.10703125,6390.33181877188,156.48639669421487,192.229,"{'alpha': 0, 'beta': 0, 'gamma': 1}"
test,tiny_large,homog,low,binpack,1003,121,121,0,1.0,0.3975694444444445,0.23854166666666668,13,0.16680555555555554,0.09375,10234.166180191356,97.7119173553719,124.122,{}
test,tiny_large,homog,low,spread,1003,121,121,0,1.0,0.3975694444444445,0.23854166666666668,30,0.17819444444444443,0.0,8572.844558386916,116.64739669421486,134.892,{}
test,tiny_large,homog,low,tetris,1003,121,121,0,1.0,0.3975694444444445,0.23854166666666668,30,0.1590277777777778,0.0,8493.850732857865,117.73223140495867,136.485,{}
test,tiny_large,homog,low,hybrid,1003,121,121,0,1.0,0.3975694444444445,0.23854166666666668,30,0.15902777777777777,0.006510416666666667,6938.448961916287,144.1244297520661,168.415,"{'family': 'hybrid', 'alpha': 0.1}"
test,tiny_large,homog,low,balance,1003,121,121,0,1.0,0.3975694444444445,0.23854166666666668,13,0.1590277777777778,0.07734375,9266.967549530409,107.9101652892562,137.538,"{'family': 'balance', 'lam': 0.8}"
test,tiny_large,homog,low,wmatch,1003,121,121,0,1.0,0.3975694444444445,0.23854166666666668,13,0.16680555555555554,0.09375,6369.972308519554,156.98655371900824,194.353,"{'family': 'wmatch', 'lam': 0.8}"
test,tiny_large,homog,low,d1_cheap,1003,121,121,0,1.0,0.3975694444444445,0.23854166666666668,23,0.15902777777777777,0.002864583333333333,5377.6950807778685,185.95327272727275,209.713,"{'family': 'd_cheap', 'alpha': 0.0, 'beta': 0.8, 'gamma': 0.2}"
test,tiny_large,homog,low,d1_cheap_nomad_ff,1003,121,121,0,1.0,0.3975694444444445,0.23854166666666668,13,0.16680555555555554,0.07604166666666666,6771.340775838961,147.68123966942147,182.852,{'derived_from': 'd1_cheap'}
test,tiny_large,homog,low,d2_capacity,1003,121,121,0,1.0,0.3975694444444445,0.23854166666666668,25,0.15902777777777777,0.002864583333333333,3916.7079998048766,255.31645454545455,286.887,"{'family': 'd_capacity', 'alpha': 0.0, 'beta': 0.8, 'gamma': 0.2}"
test,tiny_large,homog,low,d2_capacity_nomad_ff,1003,121,121,0,1.0,0.3975694444444445,0.23854166666666668,13,0.16680555555555554,0.07604166666666666,4923.851817778255,203.09303305785124,250.168,{'derived_from': 'd2_capacity'}
test,tiny_large,homog,low,ff_only_cheap,1003,121,121,0,1.0,0.3975694444444445,0.23854166666666668,13,0.16680555555555554,0.07604166666666666,7031.215633844042,142.2229173553719,174.186,"{'alpha': 0, 'beta': 0, 'gamma': 1}"
test,tiny_large,homog,low,binpack,1004,121,121,0,1.0,0.3975694444444445,0.23854166666666668,12,0.15902777777777777,0.08671875,11129.940026180195,89.8477438016529,112.07,{}
test,tiny_large,homog,low,spread,1004,121,121,0,1.0,0.3975694444444445,0.23854166666666668,30,0.21347222222222223,0.0,9421.27446796467,106.1427520661157,123.792,{}
test,tiny_large,homog,low,tetris,1004,121,121,0,1.0,0.3975694444444445,0.23854166666666668,30,0.16097222222222224,0.00078125,9459.783061374994,105.71066942148761,123.25,{}
test,tiny_large,homog,low,hybrid,1004,121,121,0,1.0,0.3975694444444445,0.23854166666666668,30,0.16097222222222224,0.005208333333333333,7523.0000182168515,132.92569421487605,159.489,"{'family': 'hybrid', 'alpha': 0.1}"
test,tiny_large,homog,low,balance,1004,121,121,0,1.0,0.3975694444444445,0.23854166666666668,13,0.15902777777777777,0.07161458333333333,9925.95809490184,100.74594214876032,127.158,"{'family': 'balance', 'lam': 0.8}"
test,tiny_large,homog,low,wmatch,1004,121,121,0,1.0,0.3975694444444445,0.23854166666666668,12,0.15902777777777777,0.08671875,6927.249963631937,144.3574297520661,175.127,"{'family': 'wmatch', 'lam': 0.8}"
test,tiny_large,homog,low,d1_cheap,1004,121,121,0,1.0,0.3975694444444445,0.23854166666666668,25,0.15902777777777777,0.0036458333333333334,5908.745240835329,169.2406694214876,191.107,"{'family': 'd_cheap', 'alpha': 0.0, 'beta': 0.8, 'gamma': 0.2}"
test,tiny_large,homog,low,d1_cheap_nomad_ff,1004,121,121,0,1.0,0.3975694444444445,0.23854166666666668,12,0.15902777777777777,0.090625,7494.550192272375,133.43028925619836,163.796,{'derived_from': 'd1_cheap'}
test,tiny_large,homog,low,d2_capacity,1004,121,121,0,1.0,0.3975694444444445,0.23854166666666668,25,0.15902777777777777,0.005208333333333333,4328.159942178645,231.04506611570247,261.93,"{'family': 'd_capacity', 'alpha': 0.0, 'beta': 0.8, 'gamma': 0.2}"
test,tiny_large,homog,low,d2_capacity_nomad_ff,1004,121,121,0,1.0,0.3975694444444445,0.23854166666666668,12,0.15902777777777777,0.08671875,5381.461088923085,185.82314049586776,226.033,{'derived_from': 'd2_capacity'}
test,tiny_large,homog,low,ff_only_cheap,1004,121,121,0,1.0,0.3975694444444445,0.23854166666666668,12,0.15902777777777777,0.090625,7778.6402139756065,128.557173553719,162.895,"{'alpha': 0, 'beta': 0, 'gamma': 1}"
test,tiny_large,homog,low,binpack,1005,121,121,0,1.0,0.3975694444444445,0.23854166666666668,12,0.1609722222222222,0.10182291666666667,12155.285886798929,82.26873553719008,100.788,{}
test,tiny_large,homog,low,spread,1005,121,121,0,1.0,0.3975694444444445,0.23854166666666668,30,0.20874999999999996,0.0,10517.048526791834,95.08371074380166,110.026,{}
test,tiny_large,homog,low,tetris,1005,121,121,0,1.0,0.3975694444444445,0.23854166666666668,30,0.15902777777777777,0.0,10230.240438550962,97.7494132231405,112.31,{}
test,tiny_large,homog,low,hybrid,1005,121,121,0,1.0,0.3975694444444445,0.23854166666666668,30,0.1590277777777778,0.00390625,8275.770561442638,120.8346694214876,139.972,"{'family': 'hybrid', 'alpha': 0.1}"
test,tiny_large,homog,low,balance,1005,121,121,0,1.0,0.3975694444444445,0.23854166666666668,12,0.15902777777777777,0.10182291666666667,10962.871743279624,91.21697520661158,113.222,"{'family': 'balance', 'lam': 0.8}"
test,tiny_large,homog,low,wmatch,1005,121,121,0,1.0,0.3975694444444445,0.23854166666666668,12,0.1609722222222222,0.10182291666666667,7474.974588175233,133.77971900826446,164.508,"{'family': 'wmatch', 'lam': 0.8}"
test,tiny_large,homog,low,d1_cheap,1005,121,121,0,1.0,0.3975694444444445,0.23854166666666668,23,0.15902777777777777,0.009114583333333334,6336.984606102726,157.8037603305785,180.778,"{'family': 'd_cheap', 'alpha': 0.0, 'beta': 0.8, 'gamma': 0.2}"
test,tiny_large,homog,low,d1_cheap_nomad_ff,1005,121,121,0,1.0,0.3975694444444445,0.23854166666666668,13,0.1609722222222222,0.103125,8190.789896762201,122.08834710743803,150.05,{'derived_from': 'd1_cheap'}
test,tiny_large,homog,low,d2_capacity,1005,121,121,0,1.0,0.3975694444444445,0.23854166666666668,24,0.15902777777777777,0.009114583333333334,4593.753846319723,217.68689256198346,248.935,"{'family': 'd_capacity', 'alpha': 0.0, 'beta': 0.8, 'gamma': 0.2}"
test,tiny_large,homog,low,d2_capacity_nomad_ff,1005,121,121,0,1.0,0.3975694444444445,0.23854166666666668,12,0.1609722222222222,0.10182291666666667,5778.648257644424,173.05085123966944,211.265,{'derived_from': 'd2_capacity'}
test,tiny_large,homog,low,ff_only_cheap,1005,121,121,0,1.0,0.3975694444444445,0.23854166666666668,13,0.1609722222222222,0.103125,8305.58854910566,120.40085950413223,148.087,"{'alpha': 0, 'beta': 0, 'gamma': 1}"
test,tiny_large,homog,low,binpack,1006,121,121,0,1.0,0.3975694444444445,0.23854166666666668,12,0.15902777777777777,0.090625,13401.972105733363,74.61588429752067,94.347,{}
test,tiny_large,homog,low,spread,1006,121,121,0,1.0,0.3975694444444445,0.23854166666666668,30,0.2251388888888889,0.0,11280.29061011829,88.65019834710743,106.71,{}
test,tiny_large,homog,low,tetris,1006,121,121,0,1.0,0.3975694444444445,0.23854166666666668,30,0.1590277777777778,0.0,11021.844293403681,90.7289173553719,107.912,{}
test,tiny_large,homog,low,hybrid,1006,121,121,0,1.0,0.3975694444444445,0.23854166666666668,30,0.1590277777777778,0.005208333333333333,8984.896759823463,111.29788429752067,129.252,"{'family': 'hybrid', 'alpha': 0.1}"
test,tiny_large,homog,low,balance,1006,121,121,0,1.0,0.3975694444444445,0.23854166666666668,12,0.15902777777777777,0.090625,11950.757742239142,83.67670247933884,104.135,"{'family': 'balance', 'lam': 0.8}"
test,tiny_large,homog,low,wmatch,1006,121,121,0,1.0,0.3975694444444445,0.23854166666666668,12,0.15902777777777777,0.09192708333333334,8182.908703490478,122.20593388429752,151.644,"{'family': 'wmatch', 'lam': 0.8}"
test,tiny_large,homog,low,d1_cheap,1006,121,121,0,1.0,0.3975694444444445,0.23854166666666668,22,0.15902777777777777,0.00234375,6949.737317160166,143.8903305785124,167.864,"{'family': 'd_cheap', 'alpha': 0.0, 'beta': 0.8, 'gamma': 0.2}"
test,tiny_large,homog,low,d1_cheap_nomad_ff,1006,121,121,0,1.0,0.3975694444444445,0.23854166666666668,12,0.15902777777777777,0.08671875,8966.329653704788,111.52835537190082,135.935,{'derived_from': 'd1_cheap'}
test,tiny_large,homog,low,d2_capacity,1006,121,121,0,1.0,0.3975694444444445,0.23854166666666668,23,0.15902777777777777,0.003125,4970.764510154573,201.17629752066114,227.305,"{'family': 'd_capacity', 'alpha': 0.0, 'beta': 0.8, 'gamma': 0.2}"
test,tiny_large,homog,low,d2_capacity_nomad_ff,1006,121,121,0,1.0,0.3975694444444445,0.23854166666666668,12,0.15902777777777777,0.09192708333333334,6264.817133871013,159.6215785123967,196.448,{'derived_from': 'd2_capacity'}
test,tiny_large,homog,low,ff_only_cheap,1006,121,121,0,1.0,0.3975694444444445,0.23854166666666668,12,0.15902777777777777,0.08671875,9107.444131287195,109.80028925619834,136.746,"{'alpha': 0, 'beta': 0, 'gamma': 1}"
test,tiny_large,homog,low,binpack,1007,121,121,0,1.0,0.3975694444444445,0.23854166666666668,12,0.15902777777777777,0.10182291666666667,14149.69015686744,70.67292561983471,86.432,{}
test,tiny_large,homog,low,spread,1007,121,121,0,1.0,0.3975694444444445,0.23854166666666668,30,0.20152777777777775,0.0,11860.455564999267,84.31379338842976,96.0,{}
test,tiny_large,homog,low,tetris,1007,121,121,0,1.0,0.3975694444444445,0.23854166666666668,30,0.15902777777777777,0.007291666666666667,11593.621898262998,86.25432231404959,97.302,{}
test,tiny_large,homog,low,hybrid,1007,121,121,0,1.0,0.3975694444444445,0.23854166666666668,30,0.16097222222222224,0.005208333333333333,9477.5830878561,105.51213223140496,124.022,"{'family': 'hybrid', 'alpha': 0.1}"
test,tiny_large,homog,low,balance,1007,121,121,0,1.0,0.3975694444444445,0.23854166666666668,12,0.15902777777777777,0.10182291666666667,12405.460904395008,80.60966115702479,99.235,"{'family': 'balance', 'lam': 0.8}"
test,tiny_large,homog,low,wmatch,1007,121,121,0,1.0,0.3975694444444445,0.23854166666666668,12,0.15902777777777777,0.10182291666666667,8440.402042158763,118.47776859504133,143.629,"{'family': 'wmatch', 'lam': 0.8}"
test,tiny_large,homog,low,d1_cheap,1007,121,121,0,1.0,0.3975694444444445,0.23854166666666668,26,0.15902777777777777,0.0078125,7255.896645329133,137.81894214876033,157.204,"{'family': 'd_cheap', 'alpha': 0.0, 'beta': 0.8, 'gamma': 0.2}"
test,tiny_large,homog,low,d1_cheap_nomad_ff,1007,121,121,0,1.0,0.3975694444444445,0.23854166666666668,12,0.15902777777777777,0.10182291666666667,9024.600987709015,110.80822314049587,135.594,{'derived_from': 'd1_cheap'}
test,tiny_large,homog,low,d2_capacity,1007,121,121,0,1.0,0.3975694444444445,0.23854166666666668,25,0.15902777777777777,0.00703125,5208.288047770934,192.0016694214876,216.556,"{'family': 'd_capacity', 'alpha': 0.0, 'beta': 0.8, 'gamma': 0.2}"
test,tiny_large,homog,low,d2_capacity_nomad_ff,1007,121,121,0,1.0,0.3975694444444445,0.23854166666666668,12,0.15902777777777777,0.10182291666666667,6295.444917822592,158.84500826446282,196.668,{'derived_from': 'd2_capacity'}
test,tiny_large,homog,low,ff_only_cheap,1007,121,121,0,1.0,0.3975694444444445,0.23854166666666668,12,0.15902777777777777,0.10182291666666667,9058.205633844571,110.39714049586777,134.171,"{'alpha': 0, 'beta': 0, 'gamma': 1}"
test,tiny_large,homog,low,binpack,1008,121,121,0,1.0,0.3975694444444445,0.23854166666666668,12,0.15902777777777777,0.10182291666666667,14223.20272201538,70.30765289256198,86.592,{}
test,tiny_large,homog,low,spread,1008,121,121,0,1.0,0.3975694444444445,0.23854166666666668,30,0.21680555555555556,0.0,11709.28912421872,85.40228099173554,103.764,{}
test,tiny_large,homog,low,tetris,1008,121,121,0,1.0,0.3975694444444445,0.23854166666666668,30,0.15902777777777782,0.0046875,11518.838870578802,86.81430578512398,99.346,{}
test,tiny_large,homog,low,hybrid,1008,121,121,0,1.0,0.3975694444444445,0.23854166666666668,30,0.1590277777777778,0.009114583333333334,9325.407712990771,107.2339173553719,125.545,"{'family': 'hybrid', 'alpha': 0.1}"
test,tiny_large,homog,low,balance,1008,121,121,0,1.0,0.3975694444444445,0.23854166666666668,12,0.15902777777777777,0.10182291666666667,12409.401116148712,80.58406611570247,105.257,"{'family': 'balance', 'lam': 0.8}"
test,tiny_large,homog,low,wmatch,1008,121,121,0,1.0,0.3975694444444445,0.23854166666666668,12,0.15902777777777777,0.10182291666666667,8476.440399415476,117.97404958677686,143.939,"{'family': 'wmatch', 'lam': 0.8}"
test,tiny_large,homog,low,d1_cheap,1008,121,121,0,1.0,0.3975694444444445,0.23854166666666668,21,0.15902777777777774,0.014322916666666666,7048.247115504867,141.8792479338843,162.123,"{'family': 'd_cheap', 'alpha': 0.0, 'beta': 0.8, 'gamma': 0.2}"
test,tiny_large,homog,low,d1_cheap_nomad_ff,1008,121,121,0,1.0,0.3975694444444445,0.23854166666666668,12,0.15902777777777777,0.10182291666666667,8948.334755576236,111.75263636363637,144.48,{'derived_from': 'd1_cheap'}
test,tiny_large,homog,low,d2_capacity,1008,121,121,0,1.0,0.3975694444444445,0.23854166666666668,24,0.15902777777777777,0.013020833333333334,4956.2335901563465,201.76611570247934,227.175,"{'family': 'd_capacity', 'alpha': 0.0, 'beta': 0.8, 'gamma': 0.2}"
test,tiny_large,homog,low,d2_capacity_nomad_ff,1008,121,121,0,1.0,0.3975694444444445,0.23854166666666668,12,0.15902777777777777,0.10182291666666667,6294.892402340597,158.85895041322314,195.897,{'derived_from': 'd2_capacity'}
test,tiny_large,homog,low,ff_only_cheap,1008,121,121,0,1.0,0.3975694444444445,0.23854166666666668,12,0.15902777777777777,0.10182291666666667,9038.348817668195,110.63967768595042,132.468,"{'alpha': 0, 'beta': 0, 'gamma': 1}"
test,tiny_large,homog,low,binpack,1009,121,121,0,1.0,0.3975694444444445,0.23854166666666668,12,0.1590277777777778,0.10182291666666667,14203.963516239297,70.40288429752067,89.537,{}
test,tiny_large,homog,low,spread,1009,121,121,0,1.0,0.3975694444444445,0.23854166666666668,30,0.21625,0.0,11798.328537621555,84.75776859504133,99.315,{}
test,tiny_large,homog,low,tetris,1009,121,121,0,1.0,0.3975694444444445,0.23854166666666668,30,0.1590277777777778,0.0,11406.308254066562,87.67078512396694,104.545,{}
test,tiny_large,homog,low,hybrid,1009,121,121,0,1.0,0.3975694444444445,0.23854166666666668,30,0.1609722222222222,0.006510416666666667,9203.339184425942,108.65621487603306,125.535,"{'family': 'hybrid', 'alpha': 0.1}"
test,tiny_large,homog,low,balance,1009,121,121,0,1.0,0.3975694444444445,0.23854166666666668,13,0.1590277777777778,0.103125,12189.759292550698,82.03607438016529,102.381,"{'family': 'balance', 'lam': 0.8}"
test,tiny_large,homog,low,wmatch,1009,121,121,0,1.0,0.3975694444444445,0.23854166666666668,12,0.1590277777777778,0.10182291666666667,8430.46247984353,118.61745454545455,148.999,"{'family': 'wmatch', 'lam': 0.8}"
test,tiny_large,homog,low,d1_cheap,1009,121,121,0,1.0,0.3975694444444445,0.23854166666666668,24,0.15902777777777777,0.00234375,6880.426154262566,145.33983471074382,162.674,"{'family': 'd_cheap', 'alpha': 0.0, 'beta': 0.8, 'gamma': 0.2}"
test,tiny_large,homog,low,d1_cheap_nomad_ff,1009,121,121,0,1.0,0.3975694444444445,0.23854166666666668,12,0.1590277777777778,0.10182291666666667,8950.958732751373,111.71987603305786,140.804,{'derived_from': 'd1_cheap'}
test,tiny_large,homog,low,d2_capacity,1009,121,121,0,1.0,0.3975694444444445,0.23854166666666668,24,0.15902777777777777,0.00703125,4923.100959577476,203.12400826446282,229.95,"{'family': 'd_capacity', 'alpha': 0.0, 'beta': 0.8, 'gamma': 0.2}"
test,tiny_large,homog,low,d2_capacity_nomad_ff,1009,121,121,0,1.0,0.3975694444444445,0.23854166666666668,12,0.1590277777777778,0.10182291666666667,6313.679787380312,158.38623966942149,195.245,{'derived_from': 'd2_capacity'}
test,tiny_large,homog,low,ff_only_cheap,1009,121,121,0,1.0,0.3975694444444445,0.23854166666666668,12,0.1590277777777778,0.10182291666666667,8920.604628260344,112.10002479338843,139.251,"{'alpha': 0, 'beta': 0, 'gamma': 1}"
test,tiny_large,homog,med,binpack,1000,227,227,0,1.0,0.748263888888889,0.44895833333333335,23,0.29930555555555555,0.18255208333333334,17248.470755901693,57.976154185022025,83.837,{}
test,tiny_large,homog,med,spread,1000,227,227,0,1.0,0.748263888888889,0.44895833333333335,30,0.3715277777777778,0.10572916666666667,12450.313923421903,80.31925991189428,97.172,{}
test,tiny_large,homog,med,tetris,1000,227,227,0,1.0,0.748263888888889,0.44895833333333335,30,0.29930555555555555,0.0140625,11755.056927099693,85.06977092511013,98.845,{}
test,tiny_large,homog,med,hybrid,1000,227,227,0,1.0,0.748263888888889,0.44895833333333335,30,0.30124999999999996,0.008333333333333333,10022.904323298095,99.77148017621145,122.199,"{'family': 'hybrid', 'alpha': 0.1}"
test,tiny_large,homog,med,balance,1000,227,227,0,1.0,0.748263888888889,0.44895833333333335,24,0.29930555555555555,0.17395833333333333,15176.317723899994,65.89213656387666,94.617,"{'family': 'balance', 'lam': 0.8}"
test,tiny_large,homog,med,wmatch,1000,227,227,0,1.0,0.748263888888889,0.44895833333333335,23,0.29930555555555555,0.17395833333333333,10355.708079979642,96.5651013215859,141.575,"{'family': 'wmatch', 'lam': 0.8}"
test,tiny_large,homog,med,d1_cheap,1000,227,227,0,1.0,0.748263888888889,0.44895833333333335,30,0.29930555555555555,0.009635416666666667,7542.911022691801,132.57481057268723,156.223,"{'family': 'd_cheap', 'alpha': 0.0, 'beta': 0.8, 'gamma': 0.2}"
test,tiny_large,homog,med,d1_cheap_nomad_ff,1000,227,227,0,1.0,0.748263888888889,0.44895833333333335,23,0.29930555555555555,0.17395833333333333,11065.066784746039,90.37451101321587,130.855,{'derived_from': 'd1_cheap'}
test,tiny_large,homog,med,d2_capacity,1000,227,227,0,1.0,0.748263888888889,0.44895833333333335,30,0.29930555555555555,0.008333333333333333,5330.475134131896,187.60053744493393,218.278,"{'family': 'd_capacity', 'alpha': 0.0, 'beta': 0.8, 'gamma': 0.2}"
test,tiny_large,homog,med,d2_capacity_nomad_ff,1000,227,227,0,1.0,0.748263888888889,0.44895833333333335,23,0.29930555555555555,0.17395833333333333,7738.4441336491345,129.22494273127754,189.544,{'derived_from': 'd2_capacity'}
test,tiny_large,homog,med,ff_only_cheap,1000,227,227,0,1.0,0.748263888888889,0.44895833333333335,23,0.29930555555555555,0.17395833333333333,11001.432803345366,90.89725110132159,130.604,"{'alpha': 0, 'beta': 0, 'gamma': 1}"
test,tiny_large,homog,med,binpack,1001,227,227,0,1.0,0.748263888888889,0.44895833333333335,23,0.29930555555555555,0.1640625,16779.907635109303,59.595083700440526,84.588,{}
test,tiny_large,homog,med,spread,1001,227,227,0,1.0,0.748263888888889,0.44895833333333335,30,0.38958333333333334,0.046614583333333334,12416.337405819073,80.53904845814978,95.799,{}
test,tiny_large,homog,med,tetris,1001,227,227,0,1.0,0.748263888888889,0.44895833333333335,30,0.29930555555555555,0.00078125,11878.040673760142,84.18896916299559,95.839,{}
test,tiny_large,homog,med,hybrid,1001,227,227,0,1.0,0.748263888888889,0.44895833333333335,30,0.2993055555555556,0.00625,9972.492614424687,100.27583259911894,122.77,"{'family': 'hybrid', 'alpha': 0.1}"
test,tiny_large,homog,med,balance,1001,227,227,0,1.0,0.748263888888889,0.44895833333333335,24,0.29930555555555555,0.13125,14728.036426391836,67.89771365638767,93.916,"{'family': 'balance', 'lam': 0.8}"
test,tiny_large,homog,med,wmatch,1001,227,227,0,1.0,0.748263888888889,0.44895833333333335,23,0.29930555555555555,0.1640625,10112.79328492706,98.88464757709252,138.239,"{'family': 'wmatch', 'lam': 0.8}"
test,tiny_large,homog,med,d1_cheap,1001,227,227,0,1.0,0.748263888888889,0.44895833333333335,30,0.2993055555555556,0.005208333333333333,7618.464351846056,131.26004845814978,155.341,"{'family': 'd_cheap', 'alpha': 0.0, 'beta': 0.8, 'gamma': 0.2}"
test,tiny_large,homog,med,d1_cheap_nomad_ff,1001,227,227,0,1.0,0.748263888888889,0.44895833333333335,23,0.29930555555555555,0.1640625,10762.585611153187,92.91447577092511,132.297,{'derived_from': 'd1_cheap'}
test,tiny_large,homog,med,d2_capacity,1001,227,227,0,1.0,0.748263888888889,0.44895833333333335,30,0.29930555555555555,0.0067708333333333336,5379.825771853913,185.8796255506608,218.128,"{'family': 'd_capacity', 'alpha': 0.0, 'beta': 0.8, 'gamma': 0.2}"
test,tiny_large,homog,med,d2_capacity_nomad_ff,1001,227,227,0,1.0,0.748263888888889,0.44895833333333335,23,0.29930555555555555,0.1640625,7521.318630955667,132.95540969162997,189.494,{'derived_from': 'd2_capacity'}
test,tiny_large,homog,med,ff_only_cheap,1001,227,227,0,1.0,0.748263888888889,0.44895833333333335,23,0.29930555555555555,0.1640625,10734.100905088038,93.1610396475771,133.28,"{'alpha': 0, 'beta': 0, 'gamma': 1}"
test,tiny_large,homog,med,binpack,1002,227,227,0,1.0,0.748263888888889,0.44895833333333335,23,0.31125,0.19036458333333334,17208.70812181279,58.110114537444936,82.855,{}
test,tiny_large,homog,med,spread,1002,227,227,0,1.0,0.748263888888889,0.44895833333333335,30,0.39569444444444446,0.078125,12542.514011562871,79.72883259911895,92.263,{}
test,tiny_large,homog,med,tetris,1002,227,227,0,1.0,0.748263888888889,0.44895833333333335,30,0.29930555555555555,0.0015625,12133.494307921252,82.41648898678415,94.878,{}
test,tiny_large,homog,med,hybrid,1002,227,227,0,1.0,0.748263888888889,0.44895833333333335,30,0.31125,0.009635416666666667,10228.610342350687,97.7649911894273,119.133,"{'family': 'hybrid', 'alpha': 0.1}"
test,tiny_large,homog,med,balance,1002,227,227,0,1.0,0.748263888888889,0.44895833333333335,23,0.31125,0.1765625,14649.752806395707,68.26053744493392,97.101,"{'family': 'balance', 'lam': 0.8}"
test,tiny_large,homog,med,wmatch,1002,227,227,0,1.0,0.748263888888889,0.44895833333333335,23,0.31125,0.19036458333333334,10334.783238165308,96.76061674008811,139.411,"{'family': 'wmatch', 'lam': 0.8}"
test,tiny_large,homog,med,d1_cheap,1002,227,227,0,1.0,0.748263888888889,0.44895833333333335,30,0.31125,0.008333333333333333,7843.684151494091,127.49111013215858,152.205,"{'family': 'd_cheap', 'alpha': 0.0, 'beta': 0.8, 'gamma': 0.2}"
test,tiny_large,homog,med,d1_cheap_nomad_ff,1002,227,227,0,1.0,0.748263888888889,0.44895833333333335,23,0.31125,0.19427083333333334,11066.900387902171,90.35953744493392,129.152,{'derived_from': 'd1_cheap'}
test,tiny_large,homog,med,d2_capacity,1002,227,227,0,1.0,0.748263888888889,0.44895833333333335,30,0.31125,0.008854166666666666,5502.344677535938,181.74070484581497,212.618,"{'family': 'd_capacity', 'alpha': 0.0, 'beta': 0.8, 'gamma': 0.2}"
test,tiny_large,homog,med,d2_capacity_nomad_ff,1002,227,227,0,1.0,0.748263888888889,0.44895833333333335,23,0.31125,0.19427083333333334,7738.66362483777,129.22127753303965,185.888,{'derived_from': 'd2_capacity'}
test,tiny_large,homog,med,ff_only_cheap,1002,227,227,0,1.0,0.748263888888889,0.44895833333333335,23,0.31125,0.19427083333333334,11021.537249057319,90.7314449339207,128.821,"{'alpha': 0, 'beta': 0, 'gamma': 1}"
test,tiny_large,homog,med,binpack,1003,227,227,0,1.0,0.748263888888889,0.44895833333333335,23,0.30930555555555556,0.19296875,17350.564252578966,57.635013215859026,83.767,{}
test,tiny_large,homog,med,spread,1003,227,227,0,1.0,0.748263888888889,0.44895833333333335,30,0.3426388888888889,0.103125,12311.944538757676,81.22193832599119,98.324,{}
test,tiny_large,homog,med,tetris,1003,227,227,0,1.0,0.748263888888889,0.44895833333333335,30,0.2993055555555556,0.015364583333333333,11900.136778180035,84.03264757709252,100.247,{}
test,tiny_large,homog,med,hybrid,1003,227,227,0,1.0,0.748263888888889,0.44895833333333335,30,0.2993055555555556,0.009635416666666667,9970.907352129796,100.29177533039648,121.227,"{'family': 'hybrid', 'alpha': 0.1}"
test,tiny_large,homog,med,balance,1003,227,227,0,1.0,0.748263888888889,0.44895833333333335,23,0.3051388888888889,0.19427083333333334,15148.096668346303,66.01489427312775,94.426,"{'family': 'balance', 'lam': 0.8}"
test,tiny_large,homog,med,wmatch,1003,227,227,0,1.0,0.748263888888889,0.44895833333333335,23,0.30930555555555556,0.19296875,10388.121736522362,96.26379295154184,144.06,"{'family': 'wmatch', 'lam': 0.8}"
test,tiny_large,homog,med,d1_cheap,1003,227,227,0,1.0,0.748263888888889,0.44895833333333335,30,0.30124999999999996,0.015364583333333333,7496.8683236176785,133.38903083700438,158.216,"{'family': 'd_cheap', 'alpha': 0.0, 'beta': 0.8, 'gamma': 0.2}"
test,tiny_large,homog,med,d1_cheap_nomad_ff,1003,227,227,0,1.0,0.748263888888889,0.44895833333333335,23,0.30930555555555556,0.19296875,11167.448511051962,89.54596916299559,129.853,{'derived_from': 'd1_cheap'}
test,tiny_large,homog,med,d2_capacity,1003,227,227,0,1.0,0.748263888888889,0.44895833333333335,30,0.30124999999999996,0.01796875,5233.780163664225,191.06648898678412,228.117,"{'family': 'd_capacity', 'alpha': 0.0, 'beta': 0.8, 'gamma': 0.2}"
test,tiny_large,homog,med,d2_capacity_nomad_ff,1003,227,227,0,1.0,0.748263888888889,0.44895833333333335,23,0.30930555555555556,0.19296875,7756.230756133752,128.9286035242291,192.03,{'derived_from': 'd2_capacity'}
test,tiny_large,homog,med,ff_only_cheap,1003,227,227,0,1.0,0.748263888888889,0.44895833333333335,23,0.30930555555555556,0.19296875,11115.479499995372,89.96462995594713,130.384,"{'alpha': 0, 'beta': 0, 'gamma': 1}"
test,tiny_large,homog,med,binpack,1004,227,227,0,1.0,0.748263888888889,0.44895833333333335,23,0.29930555555555555,0.18776041666666668,17542.182573626742,57.005449339207054,83.426,{}
test,tiny_large,homog,med,spread,1004,227,227,0,1.0,0.748263888888889,0.44895833333333335,30,0.38597222222222227,0.1109375,12371.387302847364,80.83167841409691,98.104,{}
test,tiny_large,homog,med,tetris,1004,227,227,0,1.0,0.748263888888889,0.44895833333333335,30,0.29930555555555555,0.020052083333333335,11793.88466817334,84.78970484581498,99.717,{}
test,tiny_large,homog,med,hybrid,1004,227,227,0,1.0,0.748263888888889,0.44895833333333335,30,0.30124999999999996,0.015625,10098.148217594542,99.02805726872246,119.754,"{'family': 'hybrid', 'alpha': 0.1}"
test,tiny_large,homog,med,balance,1004,227,227,0,1.0,0.748263888888889,0.44895833333333335,23,0.29930555555555555,0.1890625,15296.082632807564,65.37621585903084,94.988,"{'family': 'balance', 'lam': 0.8}"
test,tiny_large,homog,med,wmatch,1004,227,227,0,1.0,0.748263888888889,0.44895833333333335,23,0.29930555555555555,0.18776041666666668,10591.769635076209,94.41292951541851,139.24,"{'family': 'wmatch', 'lam': 0.8}"
test,tiny_large,homog,med,d1_cheap,1004,227,227,0,1.0,0.748263888888889,0.44895833333333335,30,0.29930555555555555,0.0109375,7535.020834996488,132.7136343612335,159.088,"{'family': 'd_cheap', 'alpha': 0.0, 'beta': 0.8, 'gamma': 0.2}"
test,tiny_large,homog,med,d1_cheap_nomad_ff,1004,227,227,0,1.0,0.748263888888889,0.44895833333333335,23,0.29930555555555555,0.18776041666666668,11193.808315056687,89.3351013215859,131.055,{'derived_from': 'd1_cheap'}
test,tiny_large,homog,med,d2_capacity,1004,227,227,0,1.0,0.748263888888889,0.44895833333333335,30,0.29930555555555555,0.013541666666666667,5342.2314670283,187.18769603524228,224.149,"{'family': 'd_capacity', 'alpha': 0.0, 'beta': 0.8, 'gamma': 0.2}"
test,tiny_large,homog,med,d2_capacity_nomad_ff,1004,227,227,0,1.0,0.748263888888889,0.44895833333333335,23,0.29930555555555555,0.18776041666666668,7907.416208907387,126.46355947136563,188.082,{'derived_from': 'd2_capacity'}
test,tiny_large,homog,med,ff_only_cheap,1004,227,227,0,1.0,0.748263888888889,0.44895833333333335,23,0.29930555555555555,0.18776041666666668,11290.437859593607,88.57052422907489,128.541,"{'alpha': 0, 'beta': 0, 'gamma': 1}"
test,tiny_large,homog,med,binpack,1005,227,227,0,1.0,0.748263888888889,0.44895833333333335,23,0.29930555555555555,0.17916666666666667,17048.321251055382,58.65680176211454,84.268,{}
test,tiny_large,homog,med,spread,1005,227,227,0,1.0,0.748263888888889,0.44895833333333335,30,0.3890277777777778,0.06692708333333333,12382.990288135272,80.75593832599118,98.163,{}
test,tiny_large,homog,med,tetris,1005,227,227,0,1.0,0.748263888888889,0.44895833333333335,30,0.29930555555555555,0.007552083333333333,12049.949002704816,82.98790308370044,99.055,{}
test,tiny_large,homog,med,hybrid,1005,227,227,0,1.0,0.748263888888889,0.44895833333333335,30,0.30124999999999996,0.0067708333333333336,10114.29509912945,98.86996475770925,119.714,"{'family': 'hybrid', 'alpha': 0.1}"
test,tiny_large,homog,med,balance,1005,227,227,0,1.0,0.748263888888889,0.44895833333333335,23,0.29930555555555555,0.17395833333333333,14952.485020672964,66.87851541850219,96.24,"{'family': 'balance', 'lam': 0.8}"
test,tiny_large,homog,med,wmatch,1005,227,227,0,1.0,0.748263888888889,0.44895833333333335,23,0.29930555555555555,0.17916666666666667,10289.002674279502,97.19114977973568,140.082,"{'family': 'wmatch', 'lam': 0.8}"
test,tiny_large,homog,med,d1_cheap,1005,227,227,0,1.0,0.748263888888889,0.44895833333333335,30,0.29930555555555555,0.009375,7751.252937110226,129.01140088105728,156.172,"{'family': 'd_cheap', 'alpha': 0.0, 'beta': 0.8, 'gamma': 0.2}"
test,tiny_large,homog,med,d1_cheap_nomad_ff,1005,227,227,0,1.0,0.748263888888889,0.44895833333333335,23,0.29930555555555555,0.16927083333333334,10949.665977303996,91.32698678414097,132.398,{'derived_from': 'd1_cheap'}
test,tiny_large,homog,med,d2_capacity,1005,227,227,0,1.0,0.748263888888889,0.44895833333333335,30,0.29930555555555555,0.0109375,5482.101036716022,182.41181497797356,215.483,"{'family': 'd_capacity', 'alpha': 0.0, 'beta': 0.8, 'gamma': 0.2}"
test,tiny_large,homog,med,d2_capacity_nomad_ff,1005,227,227,0,1.0,0.748263888888889,0.44895833333333335,23,0.29930555555555555,0.17916666666666667,7693.194847240433,129.98500881057268,188.974,{'derived_from': 'd2_capacity'}
test,tiny_large,homog,med,ff_only_cheap,1005,227,227,0,1.0,0.748263888888889,0.44895833333333335,23,0.29930555555555555,0.16927083333333334,10978.445490809057,91.08757709251101,130.454,"{'alpha': 0, 'beta': 0, 'gamma': 1}"
test,tiny_large,homog,med,binpack,1006,227,227,0,1.0,0.748263888888889,0.44895833333333335,23,0.29930555555555555,0.18645833333333334,18024.57774250501,55.47980176211454,81.964,{}
test,tiny_large,homog,med,spread,1006,227,227,0,1.0,0.748263888888889,0.44895833333333335,30,0.39875,0.13463541666666667,12488.911964339151,80.07102643171805,96.991,{}
test,tiny_large,homog,med,tetris,1006,227,227,0,1.0,0.748263888888889,0.44895833333333335,30,0.2993055555555556,0.00859375,11627.946884153325,85.99970484581497,101.44,{}
test,tiny_large,homog,med,hybrid,1006,227,227,0,1.0,0.748263888888889,0.44895833333333335,30,0.30124999999999996,0.014322916666666666,10034.551125573831,99.65567841409691,121.888,"{'family': 'hybrid', 'alpha': 0.1}"
test,tiny_large,homog,med,balance,1006,227,227,0,1.0,0.748263888888889,0.44895833333333335,23,0.29930555555555555,0.18645833333333334,15654.777265622122,63.87826431718062,95.118,"{'family': 'balance', 'lam': 0.8}"
test,tiny_large,homog,med,wmatch,1006,227,227,0,1.0,0.748263888888889,0.44895833333333335,23,0.29930555555555555,0.18645833333333334,10865.280808874686,92.03627753303965,139.37,"{'family': 'wmatch', 'lam': 0.8}"
test,tiny_large,homog,med,d1_cheap,1006,227,227,0,1.0,0.748263888888889,0.44895833333333335,30,0.29930555555555555,0.024739583333333332,7490.766969730338,133.49767841409692,158.196,"{'family': 'd_cheap', 'alpha': 0.0, 'beta': 0.8, 'gamma': 0.2}"
test,tiny_large,homog,med,d1_cheap_nomad_ff,1006,227,227,0,1.0,0.748263888888889,0.44895833333333335,23,0.29930555555555555,0.18515625,11542.717793414742,86.63470925110131,129.983,{'derived_from': 'd1_cheap'}
test,tiny_large,homog,med,d2_capacity,1006,227,227,0,1.0,0.748263888888889,0.44895833333333335,30,0.29930555555555555,0.013541666666666667,5265.7122474296475,189.90783259911893,220.933,"{'family': 'd_capacity', 'alpha': 0.0, 'beta': 0.8, 'gamma': 0.2}"
test,tiny_large,homog,med,d2_capacity_nomad_ff,1006,227,227,0,1.0,0.748263888888889,0.44895833333333335,23,0.29930555555555555,0.18645833333333334,8135.850204589752,122.91278414096917,185.487,{'derived_from': 'd2_capacity'}
test,tiny_large,homog,med,ff_only_cheap,1006,227,227,0,1.0,0.748263888888889,0.44895833333333335,23,0.29930555555555555,0.18515625,11416.944395155435,87.5891101321586,130.945,"{'alpha': 0, 'beta': 0, 'gamma': 1}"
test,tiny_large,homog,med,binpack,1007,227,227,0,1.0,0.748263888888889,0.44895833333333335,23,0.30124999999999996,0.18776041666666668,17310.78944902045,57.76744052863436,86.412,{}
test,tiny_large,homog,med,spread,1007,227,227,0,1.0,0.748263888888889,0.44895833333333335,30,0.3595833333333333,0.08671875,12173.222706803479,82.1475154185022,99.937,{}
test,tiny_large,homog,med,tetris,1007,227,227,0,1.0,0.748263888888889,0.44895833333333335,30,0.2993055555555556,0.013541666666666667,12091.686518073157,82.70144933920704,98.364,{}
test,tiny_large,homog,med,hybrid,1007,227,227,0,1.0,0.748263888888889,0.44895833333333335,30,0.2993055555555556,0.01171875,10083.229284327477,99.17457709251102,119.784,"{'family': 'hybrid', 'alpha': 0.1}"
test,tiny_large,homog,med,balance,1007,227,227,0,1.0,0.748263888888889,0.44895833333333335,23,0.29930555555555555,0.18515625,14991.556187593107,66.70421585903084,99.076,"{'family': 'balance', 'lam': 0.8}"
test,tiny_large,homog,med,wmatch,1007,227,227,0,1.0,0.748263888888889,0.44895833333333335,23,0.30124999999999996,0.18776041666666668,10389.41305079622,96.2518281938326,141.535,"{'family': 'wmatch', 'lam': 0.8}"
test,tiny_large,homog,med,d1_cheap,1007,227,227,0,1.0,0.748263888888889,0.44895833333333335,30,0.29930555555555555,0.014322916666666666,7658.093841067429,130.58079735682819,160.681,"{'family': 'd_cheap', 'alpha': 0.0, 'beta': 0.8, 'gamma': 0.2}"
test,tiny_large,homog,med,d1_cheap_nomad_ff,1007,227,227,0,1.0,0.748263888888889,0.44895833333333335,23,0.30124999999999996,0.18776041666666668,11052.237255212422,90.47941850220265,131.777,{'derived_from': 'd1_cheap'}
test,tiny_large,homog,med,d2_capacity,1007,227,227,0,1.0,0.748263888888889,0.44895833333333335,30,0.2993055555555556,0.0109375,5331.022065194267,187.58129074889868,222.386,"{'family': 'd_capacity', 'alpha': 0.0, 'beta': 0.8, 'gamma': 0.2}"
test,tiny_large,homog,med,d2_capacity_nomad_ff,1007,227,227,0,1.0,0.748263888888889,0.44895833333333335,23,0.30124999999999996,0.18776041666666668,7536.620672253283,132.68546255506607,194.904,{'derived_from': 'd2_capacity'}
test,tiny_large,homog,med,ff_only_cheap,1007,227,227,0,1.0,0.748263888888889,0.44895833333333335,23,0.30124999999999996,0.18776041666666668,11038.01170301544,90.59602643171806,132.137,"{'alpha': 0, 'beta': 0, 'gamma': 1}"
test,tiny_large,homog,med,binpack,1008,227,227,0,1.0,0.748263888888889,0.44895833333333335,23,0.30124999999999996,0.18515625,17676.89333349842,56.57102643171806,83.246,{}
test,tiny_large,homog,med,spread,1008,227,227,0,1.0,0.748263888888889,0.44895833333333335,30,0.3734722222222222,0.13072916666666667,12101.295627615305,82.63577973568282,100.749,{}
test,tiny_large,homog,med,tetris,1008,227,227,0,1.0,0.748263888888889,0.44895833333333335,30,0.29930555555555555,0.029166666666666667,11756.496746272996,85.05935242290748,101.199,{}
test,tiny_large,homog,med,hybrid,1008,227,227,0,1.0,0.748263888888889,0.44895833333333335,30,0.2993055555555556,0.015625,10141.378862971835,98.60592070484581,122.519,"{'family': 'hybrid', 'alpha': 0.1}"
test,tiny_large,homog,med,balance,1008,227,227,0,1.0,0.748263888888889,0.44895833333333335,23,0.30319444444444443,0.18515625,15138.935748822782,66.05484140969162,95.479,"{'family': 'balance', 'lam': 0.8}"
test,tiny_large,homog,med,wmatch,1008,227,227,0,1.0,0.748263888888889,0.44895833333333335,23,0.30124999999999996,0.18515625,10609.642688266591,94.25388105726873,141.084,"{'family': 'wmatch', 'lam': 0.8}"
test,tiny_large,homog,med,d1_cheap,1008,227,227,0,1.0,0.748263888888889,0.44895833333333335,30,0.29930555555555555,0.00625,7500.275478179733,133.328436123348,162.203,"{'family': 'd_cheap', 'alpha': 0.0, 'beta': 0.8, 'gamma': 0.2}"
test,tiny_large,homog,med,d1_cheap_nomad_ff,1008,227,227,0,1.0,0.748263888888889,0.44895833333333335,23,0.30319444444444443,0.18645833333333334,11489.564893720511,87.03549779735683,129.753,{'derived_from': 'd1_cheap'}
test,tiny_large,homog,med,d2_capacity,1008,227,227,0,1.0,0.748263888888889,0.44895833333333335,30,0.29930555555555555,0.00625,5351.503739545944,186.86336563876654,219.38,"{'family': 'd_capacity', 'alpha': 0.0, 'beta': 0.8, 'gamma': 0.2}"
test,tiny_large,homog,med,d2_capacity_nomad_ff,1008,227,227,0,1.0,0.748263888888889,0.44895833333333335,23,0.30319444444444443,0.18645833333333334,8051.973895287804,124.19314977973569,188.052,{'derived_from': 'd2_capacity'}
test,tiny_large,homog,med,ff_only_cheap,1008,227,227,0,1.0,0.748263888888889,0.44895833333333335,23,0.30319444444444443,0.18645833333333334,11339.53814211009,88.18701321585903,131.005,"{'alpha': 0, 'beta': 0, 'gamma': 1}"
test,tiny_large,homog,med,binpack,1009,227,227,0,1.0,0.748263888888889,0.44895833333333335,23,0.3051388888888889,0.18776041666666668,18064.049549290026,55.358572687224665,82.405,{}
test,tiny_large,homog,med,spread,1009,227,227,0,1.0,0.748263888888889,0.44895833333333335,30,0.41458333333333336,0.128125,12289.876276678573,81.36778414096916,96.48,{}
test,tiny_large,homog,med,tetris,1009,227,227,0,1.0,0.748263888888889,0.44895833333333335,30,0.29930555555555555,0.0390625,11693.181427745694,85.51992511013216,102.011,{}
test,tiny_large,homog,med,hybrid,1009,227,227,0,1.0,0.748263888888889,0.44895833333333335,30,0.29930555555555555,0.022916666666666665,9914.367814485493,100.863718061674,122.759,"{'family': 'hybrid', 'alpha': 0.1}"
test,tiny_large,homog,med,balance,1009,227,227,0,1.0,0.748263888888889,0.44895833333333335,23,0.31319444444444444,0.19036458333333334,15601.820643119418,64.09508370044053,95.148,"{'family': 'balance', 'lam': 0.8}"
test,tiny_large,homog,med,wmatch,1009,227,227,0,1.0,0.748263888888889,0.44895833333333335,23,0.3051388888888889,0.18776041666666668,10871.707387277276,91.98187224669603,139.692,"{'family': 'wmatch', 'lam': 0.8}"
test,tiny_large,homog,med,d1_cheap,1009,227,227,0,1.0,0.748263888888889,0.44895833333333335,30,0.29930555555555555,0.018229166666666668,7457.301609906582,134.09676211453746,160.39,"{'family': 'd_cheap', 'alpha': 0.0, 'beta': 0.8, 'gamma': 0.2}"
test,tiny_large,homog,med,d1_cheap_nomad_ff,1009,227,227,0,1.0,0.748263888888889,0.44895833333333335,23,0.31319444444444444,0.18515625,11609.699100637014,86.13487665198238,128.511,{'derived_from': 'd1_cheap'}
test,tiny_large,homog,med,d2_capacity,1009,227,227,0,1.0,0.748263888888889,0.44895833333333335,30,0.29930555555555555,0.013020833333333334,5303.796808226482,188.54417621145373,224.721,"{'family': 'd_capacity', 'alpha': 0.0, 'beta': 0.8, 'gamma': 0.2}"
test,tiny_large,homog,med,d2_capacity_nomad_ff,1009,227,227,0,1.0,0.748263888888889,0.44895833333333335,23,0.31319444444444444,0.18515625,8146.516133403616,122.75185903083701,186.869,{'derived_from': 'd2_capacity'}
test,tiny_large,homog,med,ff_only_cheap,1009,227,227,0,1.0,0.748263888888889,0.44895833333333335,23,0.31319444444444444,0.18515625,11594.55762702004,86.24736123348018,130.173,"{'alpha': 0, 'beta': 0, 'gamma': 1}"
test,tiny_large,hetero,high,binpack,1000,313,272,41,0.8690095846645367,0.950335675824186,0.5703087988019689,30,0.46241393250980783,0.35214095905692155,24960.179343274554,40.06381469648562,80.551,{}
test,tiny_large,hetero,high,spread,1000,313,290,23,0.9265175718849841,0.9836551828734107,0.509287176899224,30,0.4743680059741867,0.3217725665127148,14763.103598688094,67.73643450479233,95.929,{}
test,tiny_large,hetero,high,tetris,1000,313,292,21,0.9329073482428115,0.9803156714161856,0.5653217813407392,30,0.41541441525148143,0.32303791620205674,16129.858449927819,61.99682428115016,87.153,{}
test,tiny_large,hetero,high,hybrid,1000,313,291,22,0.9297124600638977,0.9835243885042984,0.5926339090568565,30,0.39142857653125157,0.3205072168233728,13490.927480575328,74.12388817891373,112.711,"{'family': 'hybrid', 'alpha': 0.1}"
test,tiny_large,hetero,high,balance,1000,313,286,27,0.9137380191693291,0.9768848160319605,0.5823345083483765,30,0.41856289129562135,0.32683396527008257,19347.160062516672,51.687172523961664,93.125,"{'family': 'balance', 'lam': 0.8}"
test,tiny_large,hetero,high,wmatch,1000,313,273,40,0.8722044728434505,0.9514153331406534,0.5680101484074774,30,0.46167832604409215,0.3508756093675796,15378.813841423793,65.02452076677316,130.725,"{'family': 'wmatch', 'lam': 0.8}"
test,tiny_large,hetero,high,d1_cheap,1000,313,291,22,0.9297124600638977,0.9865441095235307,0.5798759534801502,30,0.40666815604338047,0.3205072168233728,10187.704716311644,98.15753674121406,145.412,"{'family': 'd_cheap', 'alpha': 0.0, 'beta': 0.8, 'gamma': 0.2}"
test,tiny_large,hetero,high,d1_cheap_nomad_ff,1000,313,274,39,0.8753993610223643,0.9511046359881895,0.576618649102614,30,0.4527591281964917,0.34961025967823767,16016.53766360471,62.43546645367412,121.057,{'derived_from': 'd1_cheap'}
test,tiny_large,hetero,high,d2_capacity,1000,313,290,23,0.9265175718849841,0.9854087434748393,0.5866992333152847,30,0.3987095101595547,0.3179765174446889,7175.61985720975,139.36078274760385,212.287,"{'family': 'd_capacity', 'alpha': 0.0, 'beta': 0.8, 'gamma': 0.2}"
test,tiny_large,hetero,high,d2_capacity_nomad_ff,1000,313,272,41,0.8690095846645367,0.9391042110576365,0.5660582990073559,30,0.47428229406382516,0.35593700812494744,11253.31150262808,88.86273162939298,184.305,{'derived_from': 'd2_capacity'}
test,tiny_large,hetero,high,ff_only_cheap,1000,313,274,39,0.8753993610223643,0.9511046359881895,0.576618649102614,30,0.4527591281964917,0.34961025967823767,16055.47458854384,62.28405111821086,120.967,"{'alpha': 0, 'beta': 0, 'gamma': 1}"
test,tiny_large,hetero,high,binpack,1001,329,291,38,0.8844984802431611,0.9741193545421556,0.6171633276532623,30,0.38846783371600574,0.2881593502119951,24369.500288952648,41.03489969604863,81.603,{}
test,tiny_large,hetero,high,spread,1001,329,303,26,0.9209726443768997,0.965926118926596,0.5724945285274655,30,0.42833771689108974,0.258835663505982,15202.60708538528,65.7781914893617,94.457,{}
test,tiny_large,hetero,high,tetris,1001,329,311,18,0.9452887537993921,0.9786064708926209,0.6482254656992589,30,0.3305636118738867,0.15139675736024968,15736.20495636886,63.547723404255315,90.389,{}
test,tiny_large,hetero,high,hybrid,1001,329,306,23,0.9300911854103343,0.9803691879127266,0.6335531768040095,30,0.3469986177892419,0.15782010040432848,13068.842211804224,76.51787234042553,115.826,"{'family': 'hybrid', 'alpha': 0.1}"
test,tiny_large,hetero,high,balance,1001,329,297,32,0.9027355623100304,0.9807176959699497,0.6264080589940663,30,0.36859975409043577,0.25640482567644507,20450.52824522533,48.898492401215805,93.054,"{'family': 'balance', 'lam': 0.8}"
test,tiny_large,hetero,high,wmatch,1001,329,293,36,0.8905775075987842,0.9637193480961178,0.6165308883126965,30,0.3950310112539958,0.29337430002729187,14913.694134729678,67.05246808510638,137.798,"{'family': 'wmatch', 'lam': 0.8}"
test,tiny_large,hetero,high,d1_cheap,1001,329,304,25,0.9240121580547113,0.9809303051837076,0.6346281436280357,30,0.34792992087424973,0.15927848718736382,10131.635193260327,98.70075075987842,151.764,"{'family': 'd_cheap', 'alpha': 0.0, 'beta': 0.8, 'gamma': 0.2}"
test,tiny_large,hetero,high,d1_cheap_nomad_ff,1001,329,294,35,0.8936170212765957,0.9638960203225656,0.617674310205883,30,0.39752839942587337,0.2920705625734677,15745.686017045926,63.50945896656535,126.988,{'derived_from': 'd1_cheap'}
test,tiny_large,hetero,high,d2_capacity,1001,329,308,21,0.9361702127659575,0.9853620131788671,0.6454479342564837,30,0.3400966856029083,0.24064313160835393,7028.820406908882,142.2713829787234,219.831,"{'family': 'd_capacity', 'alpha': 0.0, 'beta': 0.8, 'gamma': 0.2}"
test,tiny_large,hetero,high,d2_capacity_nomad_ff,1001,329,288,41,0.8753799392097265,0.9574920848646612,0.6128876780820416,30,0.40734648739261803,0.2998929872964128,11104.74079273538,90.05162917933131,189.925,{'derived_from': 'd2_capacity'}
test,tiny_large,hetero,high,ff_only_cheap,1001,329,294,35,0.8936170212765957,0.9638960203225656,0.617674310205883,30,0.39752839942587337,0.2920705625734677,15863.312059940754,63.038537993920976,125.405,"{'alpha': 0, 'beta': 0, 'gamma': 1}"
test,tiny_large,hetero,high,binpack,1002,346,310,36,0.8959537572254336,0.9642719589280588,0.6749701474812819,30,0.3411721720450369,0.2552449956665232,24667.855524220093,40.53858670520231,81.693,{}
test,tiny_large,hetero,high,spread,1002,346,310,36,0.8959537572254336,0.9374935835839959,0.6201104710962219,30,0.41764319922378906,0.2669223389400446,15473.7293418446,64.62566184971098,93.565,{}
test,tiny_large,hetero,high,tetris,1002,346,325,21,0.9393063583815029,0.9801298527585505,0.6900151495153823,30,0.29370326366896005,0.23578275687732086,16310.565229910146,61.309953757225436,89.668,{}
test,tiny_large,hetero,high,hybrid,1002,346,324,22,0.9364161849710982,0.9787942589564557,0.7095601142872953,30,0.27142670949336056,0.2331877917054272,14426.530205589313,69.31673699421965,110.306,"{'family': 'hybrid', 'alpha': 0.1}"
test,tiny_large,hetero,high,balance,1002,346,316,30,0.9132947976878613,0.9772889490923661,0.68070900049487,30,0.32594640151911086,0.2435676523930018,20500.631342419856,48.77898554913295,92.563,"{'family': 'balance', 'lam': 0.8}"
test,tiny_large,hetero,high,wmatch,1002,346,310,36,0.8959537572254336,0.9576485883318699,0.6781661130704104,30,0.3451732846400629,0.2591374434243637,15098.454359008865,66.23194508670521,135.523,"{'family': 'wmatch', 'lam': 0.8}"
test,tiny_large,hetero,high,d1_cheap,1002,346,324,22,0.9364161849710982,0.9777997674227824,0.6948303037651528,30,0.29780435619511597,0.23708023946326767,11388.500083521154,87.80787572254336,145.031,"{'family': 'd_cheap', 'alpha': 0.0, 'beta': 0.8, 'gamma': 0.2}"
test,tiny_large,hetero,high,d1_cheap_nomad_ff,1002,346,310,36,0.8959537572254336,0.9642719589280588,0.6749701474812819,30,0.3411721720450369,0.2552449956665232,16015.73356040496,62.43860115606937,124.533,{'derived_from': 'd1_cheap'}
test,tiny_large,hetero,high,d2_capacity,1002,346,325,21,0.9393063583815029,0.9800449230053431,0.7026056971727959,30,0.284576579556126,0.23578275687732086,7764.112789670408,128.79771676300578,212.548,"{'family': 'd_capacity', 'alpha': 0.0, 'beta': 0.8, 'gamma': 0.2}"
test,tiny_large,hetero,high,d2_capacity_nomad_ff,1002,346,310,36,0.8959537572254336,0.9638588360212684,0.6793912064489781,30,0.3366535084543708,0.2552449956665232,10959.035316029755,91.24890751445086,186.438,{'derived_from': 'd2_capacity'}
test,tiny_large,hetero,high,ff_only_cheap,1002,346,310,36,0.8959537572254336,0.9642719589280588,0.6749701474812819,30,0.3411721720450369,0.2552449956665232,15883.83536046574,62.95708670520231,125.615,"{'alpha': 0, 'beta': 0, 'gamma': 1}"
test,tiny_large,hetero,high,binpack,1003,335,288,47,0.8597014925373134,0.9665710687889454,0.5832000323975212,30,0.4275669045840636,0.31510035711114875,25683.790676032637,38.935062686567164,80.761,{}
test,tiny_large,hetero,high,spread,1003,335,303,32,0.9044776119402985,0.9835616798855786,0.5604052255442216,30,0.42315645434135707,0.29264463111479294,14964.62385256513,66.82426567164178,98.905,{}
test,tiny_large,hetero,high,tetris,1003,335,308,27,0.9194029850746268,0.97828932245608,0.6288795459676252,30,0.3506658375633923,0.28266430844974594,16522.25068762155,60.52444179104477,88.736,{}
test,tiny_large,hetero,high,hybrid,1003,335,307,28,0.9164179104477612,0.9838179397313055,0.6358687271082795,30,0.35086670718953894,0.2839118487828768,13942.96237922377,71.72077014925372,113.172,"{'family': 'hybrid', 'alpha': 0.1}"
test,tiny_large,hetero,high,balance,1003,335,294,41,0.8776119402985074,0.9820211674056267,0.6087021965049491,30,0.3829127297002355,0.2963872521141856,21458.388981021177,46.60182089552239,92.433,"{'family': 'balance', 'lam': 0.8}"
test,tiny_large,hetero,high,wmatch,1003,335,289,46,0.8626865671641791,0.967131101406138,0.5849256021631398,30,0.4264013674356376,0.31385281677801785,15460.873881821142,64.67939701492537,135.954,"{'family': 'wmatch', 'lam': 0.8}"
test,tiny_large,hetero,high,d1_cheap,1003,335,310,25,0.9253731343283582,0.9774342687203172,0.6427156687203333,30,0.3399346577958155,0.2801692277834842,10590.661420316448,94.42280895522389,146.254,"{'family': 'd_cheap', 'alpha': 0.0, 'beta': 0.8, 'gamma': 0.2}"
test,tiny_large,hetero,high,d1_cheap_nomad_ff,1003,335,288,47,0.8597014925373134,0.9666848814217348,0.5855390280475365,30,0.4253417215668377,0.31510035711114875,16490.6872412685,60.640286567164175,123.251,{'derived_from': 'd1_cheap'}
test,tiny_large,hetero,high,d2_capacity,1003,335,305,30,0.9104477611940298,0.979729134593532,0.6322919748744057,30,0.3526532175149578,0.2864069294491386,7568.471851881707,132.1270686567164,215.072,"{'family': 'd_capacity', 'alpha': 0.0, 'beta': 0.8, 'gamma': 0.2}"
test,tiny_large,hetero,high,d2_capacity_nomad_ff,1003,335,289,46,0.8626865671641791,0.9672449140389274,0.5872645978131552,30,0.42417618441841165,0.31385281677801785,11469.263691416412,87.1895552238806,184.185,{'derived_from': 'd2_capacity'}
test,tiny_large,hetero,high,ff_only_cheap,1003,335,288,47,0.8597014925373134,0.9666848814217348,0.5855390280475365,30,0.4253417215668377,0.31510035711114875,16582.020812762552,60.306280597014926,120.946,"{'alpha': 0, 'beta': 0, 'gamma': 1}"
test,tiny_large,hetero,high,binpack,1004,356,322,34,0.9044943820224719,0.980407911448479,0.6678621086324396,30,0.33369618680337987,0.24756329712359904,24030.288423536804,41.61414887640449,82.574,{}
test,tiny_large,hetero,high,spread,1004,356,333,23,0.9353932584269663,0.9816249358379053,0.6226515148123462,30,0.37612179841188104,0.23764650367547513,14990.833905139603,66.70742977528089,91.711,{}
test,tiny_large,hetero,high,tetris,1004,356,338,18,0.949438202247191,0.987231184944466,0.6714556472000212,30,0.31732343748133035,0.18900075463913624,15482.053972788552,64.59091292134832,91.852,{}
test,tiny_large,hetero,high,hybrid,1004,356,336,20,0.9438202247191011,0.9806168353811616,0.6945158083789322,30,0.29162713605620305,0.1545951562938539,14036.656017471063,71.2420393258427,112.971,"{'family': 'hybrid', 'alpha': 0.1}"
test,tiny_large,hetero,high,balance,1004,356,321,35,0.901685393258427,0.9723637456793719,0.6637455071323277,30,0.345412196168291,0.252521693847661,20649.0890329556,48.42828651685394,91.872,"{'family': 'balance', 'lam': 0.8}"
test,tiny_large,hetero,high,wmatch,1004,356,322,34,0.9044943820224719,0.980407911448479,0.6678621086324396,30,0.33369618680337987,0.24756329712359904,14628.168996606635,68.36125561797753,136.285,"{'family': 'wmatch', 'lam': 0.8}"
test,tiny_large,hetero,high,d1_cheap,1004,356,337,19,0.9466292134831461,0.9840150415479858,0.6976921085355482,30,0.28747877987223663,0.14914223153959516,10913.377001351633,91.63066573033707,147.086,"{'family': 'd_cheap', 'alpha': 0.0, 'beta': 0.8, 'gamma': 0.2}"
test,tiny_large,hetero,high,d1_cheap_nomad_ff,1004,356,319,37,0.8960674157303371,0.9754728482118646,0.663491035035703,30,0.34129314166201025,0.25128209466664553,15513.279061840549,64.46090449438202,127.208,{'derived_from': 'd1_cheap'}
test,tiny_large,hetero,high,d2_capacity,1004,356,334,22,0.9382022471910112,0.9815694895339125,0.6919415778695545,30,0.29197342964830925,0.15441778691944125,7683.692426885836,130.14576123595506,212.898,"{'family': 'd_capacity', 'alpha': 0.0, 'beta': 0.8, 'gamma': 0.2}"
test,tiny_large,hetero,high,d2_capacity_nomad_ff,1004,356,318,38,0.8932584269662921,0.9753705754526503,0.6735883316528011,30,0.3307873604844071,0.252521693847661,10620.981014071576,94.15326123595506,191.659,{'derived_from': 'd2_capacity'}
test,tiny_large,hetero,high,ff_only_cheap,1004,356,319,37,0.8960674157303371,0.9754728482118646,0.663491035035703,30,0.34129314166201025,0.25128209466664553,15541.709560984686,64.34298595505618,126.106,"{'alpha': 0, 'beta': 0, 'gamma': 1}"
test,tiny_large,hetero,high,binpack,1005,333,291,42,0.8738738738738738,0.9464656254727691,0.6896174869548951,30,0.3397311133006871,0.2496002264573917,25253.383194988273,39.59865465465465,81.603,{}
test,tiny_large,hetero,high,spread,1005,333,313,20,0.93993993993994,0.9860962007494487,0.6623419929395441,30,0.32773697603734625,0.19997705845414407,14605.20614634443,68.46873573573573,95.739,{}
test,tiny_large,hetero,high,tetris,1005,333,315,18,0.9459459459459459,0.9794352482495916,0.7071502513052558,30,0.2773294707789418,0.15737092791435014,15525.65967269112,64.4095015015015,93.595,{}
test,tiny_large,hetero,high,hybrid,1005,333,308,25,0.924924924924925,0.9791327529185045,0.7146965976194418,30,0.2669398020054036,0.15699335098848702,13998.383501984428,71.43681981981982,111.599,"{'family': 'hybrid', 'alpha': 0.1}"
test,tiny_large,hetero,high,balance,1005,333,299,34,0.8978978978978979,0.9692655668589762,0.6940218409922428,30,0.31432780791843196,0.2304643488078534,20249.777662914174,49.38325825825826,94.146,"{'family': 'balance', 'lam': 0.8}"
test,tiny_large,hetero,high,wmatch,1005,333,290,43,0.8708708708708709,0.9568647106736553,0.6882227492557934,30,0.32938523706046396,0.24686652965031478,15177.994114584648,65.88485885885886,137.558,"{'family': 'wmatch', 'lam': 0.8}"
test,tiny_large,hetero,high,d1_cheap,1005,333,310,23,0.9309309309309309,0.9824159263895302,0.7163231860882318,30,0.27418737215270744,0.15497411379473616,10836.135759794695,92.28381981981983,145.182,"{'family': 'd_cheap', 'alpha': 0.0, 'beta': 0.8, 'gamma': 0.2}"
test,tiny_large,hetero,high,d1_cheap_nomad_ff,1005,333,290,43,0.8708708708708709,0.9459388408483403,0.6904408268885304,30,0.3398208729595536,0.2509670748609301,16200.43233261852,61.726747747747744,127.468,{'derived_from': 'd1_cheap'}
test,tiny_large,hetero,high,d2_capacity,1005,333,309,24,0.9279279279279279,0.9853913332909767,0.714653653782064,30,0.27883231136032166,0.21269531956185356,7784.446661544204,128.46128228228227,210.764,"{'family': 'd_capacity', 'alpha': 0.0, 'beta': 0.8, 'gamma': 0.2}"
test,tiny_large,hetero,high,d2_capacity_nomad_ff,1005,333,284,49,0.8528528528528528,0.9399437669373012,0.671083348761996,30,0.3679944053225679,0.26326871049277617,11225.841685292124,89.08018018018018,189.245,{'derived_from': 'd2_capacity'}
test,tiny_large,hetero,high,ff_only_cheap,1005,333,290,43,0.8708708708708709,0.9459388408483403,0.6904408268885304,30,0.3398208729595536,0.2509670748609301,16175.847099481167,61.82056456456456,127.979,"{'alpha': 0, 'beta': 0, 'gamma': 1}"
test,tiny_large,hetero,high,binpack,1006,342,282,60,0.8245614035087719,0.9055282040661589,0.6438851786244958,30,0.4259217252913248,0.31571971865323223,27166.200671005157,36.81044736842105,78.998,{}
test,tiny_large,hetero,high,spread,1006,342,303,39,0.8859649122807017,0.9407371727432443,0.6051268592576715,30,0.4340761713399901,0.2770598157522848,16062.885350733102,62.255315789473684,91.982,{}
test,tiny_large,hetero,high,tetris,1006,342,313,29,0.9152046783625731,0.9807268242408471,0.6708576254208471,30,0.3106392066973286,0.24484323000149533,16594.89133548698,60.25950877192982,88.525,{}
test,tiny_large,hetero,high,hybrid,1006,342,310,32,0.9064327485380117,0.9834229011801756,0.6951665147626722,30,0.29680042325371986,0.2448432300014954,14684.672422314005,68.098216374269,111.258,"{'family': 'hybrid', 'alpha': 0.1}"
test,tiny_large,hetero,high,balance,1006,342,288,54,0.8421052631578947,0.9435473433456406,0.6526286246374885,30,0.3861581653374623,0.2847917963324743,21880.85528808449,45.702052631578944,91.802,"{'family': 'balance', 'lam': 0.8}"
test,tiny_large,hetero,high,wmatch,1006,342,282,60,0.8245614035087719,0.9055282040661589,0.6438851786244958,30,0.4259217252913248,0.31571971865323223,16559.271078317946,60.389131578947364,133.88,"{'family': 'wmatch', 'lam': 0.8}"
test,tiny_large,hetero,high,d1_cheap,1006,342,316,26,0.9239766081871345,0.9782199896763026,0.6994386875178442,30,0.29145301159329196,0.2448432300014954,11369.019422074845,87.95833333333333,146.093,"{'family': 'd_cheap', 'alpha': 0.0, 'beta': 0.8, 'gamma': 0.2}"
test,tiny_large,hetero,high,d1_cheap_nomad_ff,1006,342,282,60,0.8245614035087719,0.9055282040661589,0.6438851786244958,30,0.4259217252913248,0.31571971865323223,17463.195167290516,57.26328947368421,123.862,{'derived_from': 'd1_cheap'}
test,tiny_large,hetero,high,d2_capacity,1006,342,317,25,0.9269005847953217,0.9754218423086042,0.6968030267825942,30,0.29065389930597924,0.24742055686155856,7612.583939589204,131.36144152046785,212.047,"{'family': 'd_capacity', 'alpha': 0.0, 'beta': 0.8, 'gamma': 0.2}"
test,tiny_large,hetero,high,d2_capacity_nomad_ff,1006,342,284,58,0.8304093567251462,0.9125243267094585,0.651052503038928,30,0.41634728754061706,0.3092764015030743,11876.715525575917,84.19836257309942,186.559,{'derived_from': 'd2_capacity'}
test,tiny_large,hetero,high,ff_only_cheap,1006,342,282,60,0.8245614035087719,0.9055282040661589,0.6438851786244958,30,0.4259217252913248,0.31571971865323223,17563.14992320744,56.93739473684211,123.911,"{'alpha': 0, 'beta': 0, 'gamma': 1}"
test,tiny_large,hetero,high,binpack,1007,344,284,60,0.8255813953488372,0.9285386347044222,0.6644381573023692,30,0.38354484183512016,0.27864193166262696,26804.073907558668,37.30776162790698,80.02,{}
test,tiny_large,hetero,high,spread,1007,344,307,37,0.8924418604651163,0.9556022794821544,0.6573125733752003,30,0.36922942328983877,0.24441691382180267,15946.743809348889,62.708726744186045,91.131,{}
test,tiny_large,hetero,high,tetris,1007,344,322,22,0.936046511627907,0.9820276081327639,0.7062364085863237,30,0.27677903815356963,0.14864366670630114,16986.693838792817,58.869607558139535,86.562,{}
test,tiny_large,hetero,high,hybrid,1007,344,324,20,0.9418604651162791,0.9837645659233983,0.7156072819877771,30,0.27523077026265486,0.21414093650107355,14544.171706461748,68.75606395348836,110.397,"{'family': 'hybrid', 'alpha': 0.1}"
test,tiny_large,hetero,high,balance,1007,344,295,49,0.8575581395348837,0.9539331198673863,0.6827478088832646,30,0.3388615856795986,0.25231499486199294,21970.55715416906,45.51545930232558,90.53,"{'family': 'balance', 'lam': 0.8}"
test,tiny_large,hetero,high,wmatch,1007,344,292,52,0.8488372093023255,0.9542899012798228,0.6622517825907402,30,0.36289443993263765,0.25626403538208803,15695.645375508506,63.71193895348837,137.438,"{'family': 'wmatch', 'lam': 0.8}"
test,tiny_large,hetero,high,d1_cheap,1007,344,322,22,0.936046511627907,0.9831519787445031,0.7177357919219285,30,0.26853160793563663,0.21677363018113693,11292.456435574204,88.55469186046511,144.27,"{'family': 'd_cheap', 'alpha': 0.0, 'beta': 0.8, 'gamma': 0.2}"
test,tiny_large,hetero,high,d1_cheap_nomad_ff,1007,344,281,63,0.8168604651162791,0.9249781030314436,0.6494376970974525,30,0.40366536282613785,0.28654001270281715,17560.034260443586,56.94749709302326,125.164,{'derived_from': 'd1_cheap'}
test,tiny_large,hetero,high,d2_capacity,1007,344,323,21,0.938953488372093,0.9823404548106437,0.7162100977430653,30,0.26924577818064044,0.16853131854639444,7956.385500107283,125.68521220930232,208.039,"{'family': 'd_capacity', 'alpha': 0.0, 'beta': 0.8, 'gamma': 0.2}"
test,tiny_large,hetero,high,d2_capacity_nomad_ff,1007,344,277,67,0.8052325581395349,0.9212044057076404,0.6453655934849778,30,0.4138327810251654,0.29575444058303907,12121.804116296871,82.49597093023256,188.092,{'derived_from': 'd2_capacity'}
test,tiny_large,hetero,high,ff_only_cheap,1007,344,281,63,0.8168604651162791,0.9249781030314436,0.6494376970974525,30,0.40366536282613785,0.28654001270281715,17394.969779274015,57.48788372093023,125.244,"{'alpha': 0, 'beta': 0, 'gamma': 1}"
test,tiny_large,hetero,high,binpack,1008,329,291,38,0.8844984802431611,0.9548808510441229,0.6473906756119417,30,0.37000746645775506,0.2847381376602705,25063.790775702233,39.89819452887538,78.687,{}
test,tiny_large,hetero,high,spread,1008,329,307,22,0.9331306990881459,0.9851969837617102,0.596169908812393,30,0.396680173988759,0.2497523796787927,15275.053571795028,65.46621884498481,90.82,{}
test,tiny_large,hetero,high,tetris,1008,329,309,20,0.939209726443769,0.984339988826725,0.6531776229888319,30,0.33310722066582904,0.15279456096856656,16277.1223116403,61.43592097264438,85.81,{}
test,tiny_large,hetero,high,hybrid,1008,329,305,24,0.9270516717325228,0.980505819896075,0.6660621174806818,30,0.31594951794650666,0.13106553290106304,13601.61393691646,73.52068693009117,112.942,"{'family': 'hybrid', 'alpha': 0.1}"
test,tiny_large,hetero,high,balance,1008,329,295,34,0.8966565349544073,0.9703584528238548,0.654858534086246,30,0.35921193514068667,0.2717096884373246,20839.287415452036,47.98628571428572,93.234,"{'family': 'balance', 'lam': 0.8}"
test,tiny_large,hetero,high,wmatch,1008,329,289,40,0.878419452887538,0.951725018781553,0.6453163078493266,30,0.37695662731407953,0.28734382750485965,14965.081552189175,66.82222188449848,138.89,"{'family': 'wmatch', 'lam': 0.8}"
test,tiny_large,hetero,high,d1_cheap,1008,329,305,24,0.9270516717325228,0.981269119245542,0.6828012431331235,30,0.3106992683464195,0.18621059948567317,10663.417900287448,93.7785623100304,149.33,"{'family': 'd_cheap', 'alpha': 0.0, 'beta': 0.8, 'gamma': 0.2}"
test,tiny_large,hetero,high,d1_cheap_nomad_ff,1008,329,292,37,0.8875379939209727,0.95458044163985,0.6488808559580357,30,0.36821687670738823,0.2834352927379759,16063.23661718783,62.253954407294835,126.727,{'derived_from': 'd1_cheap'}
test,tiny_large,hetero,high,d2_capacity,1008,329,305,24,0.9270516717325228,0.9814635571341499,0.6885865742037145,30,0.29919485407885726,0.1588687438662431,7569.3055044863895,132.11251671732524,217.607,"{'family': 'd_capacity', 'alpha': 0.0, 'beta': 0.8, 'gamma': 0.2}"
test,tiny_large,hetero,high,d2_capacity_nomad_ff,1008,329,293,36,0.8905775075987842,0.96194791113384,0.6541790231979948,30,0.36045198788464083,0.2782239130487976,10969.324899734036,91.16331306990882,190.337,{'derived_from': 'd2_capacity'}
test,tiny_large,hetero,high,ff_only_cheap,1008,329,292,37,0.8875379939209727,0.95458044163985,0.6488808559580357,30,0.36821687670738823,0.2834352927379759,16032.400848615931,62.37368996960486,126.496,"{'alpha': 0, 'beta': 0, 'gamma': 1}"
test,tiny_large,hetero,high,binpack,1009,327,270,57,0.8256880733944955,0.9445161357746731,0.6569609328598262,30,0.3791248748463641,0.27037854678912404,27985.594351120617,35.73266972477064,78.366,{}
test,tiny_large,hetero,high,spread,1009,327,294,33,0.8990825688073395,0.984179793016933,0.6370192939768663,30,0.3534602043514381,0.22875071241723727,16065.010725973905,62.247079510703365,91.02,{}
test,tiny_large,hetero,high,tetris,1009,327,297,30,0.908256880733945,0.9834188219648675,0.673449306176057,30,0.3099695157888104,0.18100386889948272,17445.848778955973,57.320226299694184,86.622,{}
test,tiny_large,hetero,high,hybrid,1009,327,297,30,0.908256880733945,0.9860110928552032,0.6901730172400017,30,0.2975916227031833,0.20655598183767718,14873.32701224516,67.23445259938838,111.869,"{'family': 'hybrid', 'alpha': 0.1}"
test,tiny_large,hetero,high,balance,1009,327,277,50,0.8470948012232415,0.9713464425054958,0.6644301366853832,30,0.34338383981300447,0.25251587467661674,23000.56347863617,43.47719571865443,90.94,"{'family': 'balance', 'lam': 0.8}"
test,tiny_large,hetero,high,wmatch,1009,327,272,55,0.8318042813455657,0.9524793252058015,0.6593011431298385,30,0.3695606098879204,0.26350828828431355,16640.074775509107,60.09588379204893,135.794,"{'family': 'wmatch', 'lam': 0.8}"
test,tiny_large,hetero,high,d1_cheap,1009,327,294,33,0.8990825688073395,0.9785470737670399,0.6667601921674386,30,0.32929579900106315,0.23327915086314732,11218.657361379335,89.13722629969419,143.538,"{'family': 'd_cheap', 'alpha': 0.0, 'beta': 0.8, 'gamma': 0.2}"
test,tiny_large,hetero,high,d1_cheap_nomad_ff,1009,327,270,57,0.8256880733944955,0.9445161357746731,0.6565491912076886,30,0.37953661649850157,0.27037854678912404,17869.5457583327,55.96113149847095,123.16,{'derived_from': 'd1_cheap'}
test,tiny_large,hetero,high,d2_capacity,1009,327,297,30,0.908256880733945,0.9805150143144865,0.6732291048704017,30,0.32479482684554667,0.22915699576026102,7958.1412478565035,125.65748318042813,211.345,"{'family': 'd_capacity', 'alpha': 0.0, 'beta': 0.8, 'gamma': 0.2}"
test,tiny_large,hetero,high,d2_capacity_nomad_ff,1009,327,275,52,0.8409785932721713,0.9601941529608402,0.6627347410911939,30,0.3590021493703147,0.2593861331814273,12339.895981846843,81.03796024464832,185.137,{'derived_from': 'd2_capacity'}
test,tiny_large,hetero,high,ff_only_cheap,1009,327,270,57,0.8256880733944955,0.9445161357746731,0.6565491912076886,30,0.37953661649850157,0.27037854678912404,17938.72329612575,55.745327217125386,121.718,"{'alpha': 0, 'beta': 0, 'gamma': 1}"
test,tiny_large,hetero,low,binpack,1000,114,114,0,1.0,0.4349676660519455,0.31535870706337593,15,0.17340597457292986,0.09799589569550843,14381.504476937112,69.53375438596491,90.58,{}
test,tiny_large,hetero,low,spread,1000,114,114,0,1.0,0.39239259361694423,0.19690200348988432,30,0.198853142500279,0.0,11863.330684203027,84.2933596491228,94.948,{}
test,tiny_large,hetero,low,tetris,1000,114,114,0,1.0,0.39146269574307485,0.2623144575541455,24,0.12951172114955495,0.003601346657553731,12474.795987842983,80.16163157894738,93.284,{}
test,tiny_large,hetero,low,hybrid,1000,114,114,0,1.0,0.3927645642497478,0.3042371284411622,18,0.08858447802399512,0.006409452652166375,9838.4118524901,101.64242105263158,122.419,"{'family': 'hybrid', 'alpha': 0.1}"
test,tiny_large,hetero,low,balance,1000,114,114,0,1.0,0.3806405629879252,0.3143525488611766,13,0.10528180345714469,0.0437007032645188,12578.508096256039,79.50068421052632,99.736,"{'family': 'balance', 'lam': 0.8}"
test,tiny_large,hetero,low,wmatch,1000,114,114,0,1.0,0.4349676660519455,0.31535870706337593,15,0.17340597457292986,0.09799589569550843,8612.717811100434,116.10736842105263,148.658,"{'family': 'wmatch', 'lam': 0.8}"
test,tiny_large,hetero,low,d1_cheap,1000,114,114,0,1.0,0.3867730994733788,0.3053736845878176,16,0.08139941488556124,0.008590750136888202,7448.835322324826,134.2491754385965,161.221,"{'family': 'd_cheap', 'alpha': 0.0, 'beta': 0.8, 'gamma': 0.2}"
test,tiny_large,hetero,low,d1_cheap_nomad_ff,1000,114,114,0,1.0,0.44566356874199864,0.3022175716941305,15,0.1901913178409104,0.08080044617524232,9254.907678642652,108.05078070175438,135.393,{'derived_from': 'd1_cheap'}
test,tiny_large,hetero,low,d2_capacity,1000,114,114,0,1.0,0.38496149057806406,0.30717087184436237,15,0.07779061873370167,0.007325400447546252,5188.520807333837,192.73315789473685,229.569,"{'family': 'd_capacity', 'alpha': 0.0, 'beta': 0.8, 'gamma': 0.2}"
test,tiny_large,hetero,low,d2_capacity_nomad_ff,1000,114,114,0,1.0,0.4361894880448419,0.31522420019950703,14,0.16794472346251627,0.09546519631682453,6193.787641861508,161.45209649122805,200.325,{'derived_from': 'd2_capacity'}
test,tiny_large,hetero,low,ff_only_cheap,1000,114,114,0,1.0,0.44566356874199864,0.3022175716941305,15,0.1901913178409104,0.08080044617524232,9242.551051109118,108.19523684210527,136.135,"{'alpha': 0, 'beta': 0, 'gamma': 1}"
test,tiny_large,hetero,low,binpack,1001,119,119,0,1.0,0.45589339218309627,0.31780244071153413,16,0.21849955846344882,0.08416183771480688,15031.661858850675,66.52624369747899,87.394,{}
test,tiny_large,hetero,low,spread,1001,119,119,0,1.0,0.3866375829968801,0.22354566570146517,30,0.18038417049896507,0.0,11927.057723150741,83.84297478991597,99.827,{}
test,tiny_large,hetero,low,tetris,1001,119,119,0,1.0,0.38614688186042617,0.29217763351526,21,0.09721533753355432,0.0026903892792050606,12336.143105894593,81.06261344537816,98.084,{}
test,tiny_large,hetero,low,hybrid,1001,119,119,0,1.0,0.3847756643145768,0.3185023544811207,16,0.06645591651398085,0.005054937529927948,10070.526691084733,99.29967226890757,125.295,"{'family': 'hybrid', 'alpha': 0.1}"
test,tiny_large,hetero,low,balance,1001,119,119,0,1.0,0.42149712261236105,0.34003388760590686,14,0.1151635473160718,0.03883600467112866,12808.721124541133,78.07180672268908,97.272,"{'family': 'balance', 'lam': 0.8}"
test,tiny_large,hetero,low,wmatch,1001,119,119,0,1.0,0.45589339218309627,0.31780244071153413,16,0.21849955846344882,0.08416183771480688,8889.708302524392,112.48963025210085,142.837,"{'family': 'wmatch', 'lam': 0.8}"
test,tiny_large,hetero,low,d1_cheap,1001,119,119,0,1.0,0.384974914503796,0.3237061402148909,14,0.07059291052270425,0.011257294487613274,7705.665840109895,129.77463865546218,153.687,"{'family': 'd_cheap', 'alpha': 0.0, 'beta': 0.8, 'gamma': 0.2}"
test,tiny_large,hetero,low,d1_cheap_nomad_ff,1001,119,119,0,1.0,0.4558025592154015,0.3206008373526883,16,0.21561032885459994,0.09613858691421297,9477.765560221165,105.51010084033614,134.522,{'derived_from': 'd1_cheap'}
test,tiny_large,hetero,low,d2_capacity,1001,119,119,0,1.0,0.384974914503796,0.3237061402148909,14,0.07059291052270425,0.011257294487613274,5286.53602792073,189.15978151260506,230.662,"{'family': 'd_capacity', 'alpha': 0.0, 'beta': 0.8, 'gamma': 0.2}"
test,tiny_large,hetero,low,d2_capacity_nomad_ff,1001,119,119,0,1.0,0.45090692822400447,0.32924577912991876,16,0.20754574134476284,0.08676931262245526,6433.7240460057765,155.43097478991595,196.477,{'derived_from': 'd2_capacity'}
test,tiny_large,hetero,low,ff_only_cheap,1001,119,119,0,1.0,0.4558025592154015,0.3206008373526883,16,0.21561032885459994,0.09613858691421297,9484.575489928138,105.43434453781512,133.339,"{'alpha': 0, 'beta': 0, 'gamma': 1}"
test,tiny_large,hetero,low,binpack,1002,126,126,0,1.0,0.4549671985697431,0.373672372644099,16,0.18852731956966284,0.10992915026601306,15146.256945189902,66.0229126984127,83.706,{}
test,tiny_large,hetero,low,spread,1002,126,126,0,1.0,0.3980667186076307,0.2396368403700839,30,0.17819299200794886,0.0,11939.987349299117,83.75218253968255,97.302,{}
test,tiny_large,hetero,low,tetris,1002,126,126,0,1.0,0.4218118928166082,0.3390894677249918,23,0.08512676589654654,0.003379239344871639,12567.213396968647,79.57213492063492,98.505,{}
test,tiny_large,hetero,low,hybrid,1002,126,126,0,1.0,0.422709992894663,0.3732883106078315,16,0.05127162006755444,0.008244099357064555,10192.241859634385,98.11384126984127,120.034,"{'family': 'hybrid', 'alpha': 0.1}"
test,tiny_large,hetero,low,balance,1002,126,126,0,1.0,0.4351299769905906,0.38142083005171706,14,0.08279899189330343,0.05311325881640006,12967.676419834494,77.11481746031745,96.06,"{'family': 'balance', 'lam': 0.8}"
test,tiny_large,hetero,low,wmatch,1002,126,126,0,1.0,0.4549671985697431,0.373672372644099,16,0.18852731956966284,0.10992915026601306,9014.42243200389,110.93334126984128,143.96,"{'family': 'wmatch', 'lam': 0.8}"
test,tiny_large,hetero,low,d1_cheap,1002,126,126,0,1.0,0.41773506133758886,0.37834834679461804,14,0.05038713908624208,0.019874117415200346,7936.704404436316,125.99688095238095,154.229,"{'family': 'd_cheap', 'alpha': 0.0, 'beta': 0.8, 'gamma': 0.2}"
test,tiny_large,hetero,low,d1_cheap_nomad_ff,1002,126,126,0,1.0,0.45064995999711266,0.36651583654824765,15,0.14755947608727032,0.08000933358702111,9737.768088097433,102.69293650793651,127.017,{'derived_from': 'd1_cheap'}
test,tiny_large,hetero,low,d2_capacity,1002,126,126,0,1.0,0.4261505460465742,0.37450225319323277,14,0.061131528379948105,0.024143821341354895,5596.228887893412,178.6917619047619,217.968,"{'family': 'd_capacity', 'alpha': 0.0, 'beta': 0.8, 'gamma': 0.2}"
test,tiny_large,hetero,low,d2_capacity_nomad_ff,1002,126,126,0,1.0,0.45474381969967176,0.3756921480628934,16,0.206551938409999,0.11111221055482891,6762.554319815041,147.87311904761904,190.497,{'derived_from': 'd2_capacity'}
test,tiny_large,hetero,low,ff_only_cheap,1002,126,126,0,1.0,0.45064995999711266,0.36651583654824765,15,0.14755947608727032,0.08000933358702111,9621.271623617075,103.93636507936507,131.146,"{'alpha': 0, 'beta': 0, 'gamma': 1}"
test,tiny_large,hetero,low,binpack,1003,121,121,0,1.0,0.45312080851910286,0.3533996422570765,15,0.16824806394598715,0.06360691074594106,14980.069698178831,66.75536363636363,88.275,{}
test,tiny_large,hetero,low,spread,1003,121,121,0,1.0,0.3865020884902599,0.21773003325119247,30,0.20668403278923067,0.0,11908.273228538561,83.97523140495868,97.672,{}
test,tiny_large,hetero,low,tetris,1003,121,121,0,1.0,0.42104344026331797,0.3124623906643331,25,0.10858104959898478,0.002721851442288145,12343.462453431483,81.01454545454546,99.426,{}
test,tiny_large,hetero,low,hybrid,1003,121,121,0,1.0,0.4160147396937755,0.345592617929053,20,0.07602019312129804,0.006075489306708222,10103.19199914031,98.97861983471074,124.623,"{'family': 'hybrid', 'alpha': 0.1}"
test,tiny_large,hetero,low,balance,1003,121,121,0,1.0,0.43180660707169966,0.35551566527352907,14,0.12302522170886489,0.05246422312050352,12732.521089684933,78.53904132231405,99.206,"{'family': 'balance', 'lam': 0.8}"
test,tiny_large,hetero,low,wmatch,1003,121,121,0,1.0,0.4517328885930085,0.35308774786701597,15,0.15593852558358054,0.05527241480954341,8811.038468993956,113.494,147.536,"{'family': 'wmatch', 'lam': 0.8}"
test,tiny_large,hetero,low,d1_cheap,1003,121,121,0,1.0,0.4163804491061211,0.3415625508954379,16,0.08086733697982372,0.008443707245412118,7792.749445587739,128.32441322314048,157.134,"{'family': 'd_cheap', 'alpha': 0.0, 'beta': 0.8, 'gamma': 0.2}"
test,tiny_large,hetero,low,d1_cheap_nomad_ff,1003,121,121,0,1.0,0.45312080851910286,0.3533996422570765,15,0.16824806394598715,0.06360691074594106,9494.598593481149,105.32304132231405,130.424,{'derived_from': 'd1_cheap'}
test,tiny_large,hetero,low,d2_capacity,1003,121,121,0,1.0,0.4159378375766204,0.34062120940959395,17,0.0814579666398609,0.008348497266762806,5421.182900316722,184.46158677685952,228.567,"{'family': 'd_capacity', 'alpha': 0.0, 'beta': 0.8, 'gamma': 0.2}"
test,tiny_large,hetero,low,d2_capacity_nomad_ff,1003,121,121,0,1.0,0.4453220813111256,0.3594959305138224,15,0.13308299471910068,0.08013619797979132,6372.576643400618,156.92239669421488,199.754,{'derived_from': 'd2_capacity'}
test,tiny_large,hetero,low,ff_only_cheap,1003,121,121,0,1.0,0.45312080851910286,0.3533996422570765,15,0.16824806394598715,0.06360691074594106,9496.571816058467,105.30115702479338,134.902,"{'alpha': 0, 'beta': 0, 'gamma': 1}"
test,tiny_large,hetero,low,binpack,1004,129,129,0,1.0,0.4293928295681697,0.33932563307942304,14,0.11273710498406671,0.06417845789744912,14753.923428509865,67.77858139534884,86.502,{}
test,tiny_large,hetero,low,spread,1004,129,129,0,1.0,0.38797072722605946,0.24012576617127465,30,0.19083594479156318,0.0,11718.143228412046,85.33775193798449,106.519,{}
test,tiny_large,hetero,low,tetris,1004,129,129,0,1.0,0.39841140940869496,0.27308560048651404,25,0.12710151462297928,0.0030646534464765863,12062.394559242908,82.90227906976743,98.684,{}
test,tiny_large,hetero,low,hybrid,1004,129,129,0,1.0,0.4008622738798463,0.33689881603320754,18,0.07141471432449172,0.009934251049464951,10025.773231931575,99.74293023255814,124.423,"{'family': 'hybrid', 'alpha': 0.1}"
test,tiny_large,hetero,low,balance,1004,129,129,0,1.0,0.40595855866938113,0.34600204674127705,13,0.07412372495788705,0.03374600884096535,12477.560944421752,80.14386821705426,102.872,"{'family': 'balance', 'lam': 0.8}"
test,tiny_large,hetero,low,wmatch,1004,129,129,0,1.0,0.4459343845291336,0.32461739203413464,14,0.14763094854395067,0.08830867369649462,8861.360511469486,112.84948837209302,143.899,"{'family': 'wmatch', 'lam': 0.8}"
test,tiny_large,hetero,low,d1_cheap,1004,129,129,0,1.0,0.4035820628240906,0.33845512366622804,15,0.06836994307088909,0.020037770369302578,7609.785310849112,131.40975193798448,151.283,"{'family': 'd_cheap', 'alpha': 0.0, 'beta': 0.8, 'gamma': 0.2}"
test,tiny_large,hetero,low,d1_cheap_nomad_ff,1004,129,129,0,1.0,0.4293928295681697,0.33932563307942304,14,0.11273710498406671,0.06417845789744912,9463.218377482059,105.6722945736434,132.418,{'derived_from': 'd1_cheap'}
test,tiny_large,hetero,low,d2_capacity,1004,129,129,0,1.0,0.40239616610291906,0.3432770982707344,14,0.062362071745211266,0.012442081330156835,5296.1746059266325,188.81552713178294,225.783,"{'family': 'd_capacity', 'alpha': 0.0, 'beta': 0.8, 'gamma': 0.2}"
test,tiny_large,hetero,low,d2_capacity_nomad_ff,1004,129,129,0,1.0,0.4293928295681697,0.33932563307942304,14,0.11273710498406671,0.06417845789744912,6417.94684805675,155.81306976744187,198.251,{'derived_from': 'd2_capacity'}
test,tiny_large,hetero,low,ff_only_cheap,1004,129,129,0,1.0,0.4293928295681697,0.33932563307942304,14,0.11273710498406671,0.06417845789744912,9419.806376975248,106.15929457364341,136.195,"{'alpha': 0, 'beta': 0, 'gamma': 1}"
test,tiny_large,hetero,low,binpack,1005,121,121,0,1.0,0.462095637457328,0.32632199003687834,15,0.17354180607676026,0.10788984130420098,14799.870886415638,67.56815702479338,89.097,{}
test,tiny_large,hetero,low,spread,1005,121,121,0,1.0,0.38461296344961204,0.2483043299329141,30,0.17653603089401415,0.0,11833.578806744943,84.50528925619835,102.372,{}
test,tiny_large,hetero,low,tetris,1005,121,121,0,1.0,0.37716363133742564,0.2900069298358057,23,0.0933184739844237,0.007133798570754316,12180.28267919511,82.09990082644627,95.83,{}
test,tiny_large,hetero,low,hybrid,1005,121,121,0,1.0,0.3820046319946742,0.3437148653391108,16,0.046808277917107496,0.012271869889860414,10035.279397936316,99.64844628099173,122.52,"{'family': 'hybrid', 'alpha': 0.1}"
test,tiny_large,hetero,low,balance,1005,121,121,0,1.0,0.38561626525146475,0.3699597446630077,14,0.06855938455578506,0.029526408742478173,12390.265511102036,80.70852066115704,102.402,"{'family': 'balance', 'lam': 0.8}"
test,tiny_large,hetero,low,wmatch,1005,121,121,0,1.0,0.462095637457328,0.32632199003687834,15,0.17354180607676026,0.10788984130420098,8825.692071020125,113.30556198347108,144.75,"{'family': 'wmatch', 'lam': 0.8}"
test,tiny_large,hetero,low,d1_cheap,1005,121,121,0,1.0,0.39082587998312673,0.34821015484063284,13,0.05071035699390289,0.01670786656457544,7670.034361120051,130.37751239669421,157.996,"{'family': 'd_cheap', 'alpha': 0.0, 'beta': 0.8, 'gamma': 0.2}"
test,tiny_large,hetero,low,d1_cheap_nomad_ff,1005,121,121,0,1.0,0.462095637457328,0.32632199003687834,15,0.17354180607676026,0.10788984130420098,9522.688237575489,105.01236363636363,132.367,{'derived_from': 'd1_cheap'}
test,tiny_large,hetero,low,d2_capacity,1005,121,121,0,1.0,0.38716090233261435,0.35383879385559935,14,0.043776914993438075,0.019627028129067577,5345.784800087088,187.06327272727273,225.371,"{'family': 'd_capacity', 'alpha': 0.0, 'beta': 0.8, 'gamma': 0.2}"
test,tiny_large,hetero,low,d2_capacity_nomad_ff,1005,121,121,0,1.0,0.46350544862124765,0.3264543932573689,15,0.17481921402018935,0.10788984130420098,6403.216806782457,156.1715041322314,199.443,{'derived_from': 'd2_capacity'}
test,tiny_large,hetero,low,ff_only_cheap,1005,121,121,0,1.0,0.462095637457328,0.32632199003687834,15,0.17354180607676026,0.10788984130420098,9476.33461642382,105.52603305785124,135.503,"{'alpha': 0, 'beta': 0, 'gamma': 1}"
test,tiny_large,hetero,low,binpack,1006,124,124,0,1.0,0.4377346526576644,0.34179598371474346,15,0.15610477672705256,0.10663050705979656,14929.610498502103,66.98098387096775,84.538,{}
test,tiny_large,hetero,low,spread,1006,124,124,0,1.0,0.39033984511762654,0.23745692999348111,30,0.17409731567202372,0.0,11918.43331809568,83.90364516129031,96.371,{}
test,tiny_large,hetero,low,tetris,1006,124,124,0,1.0,0.3853241347355832,0.2951341874626635,22,0.09230919853227797,0.0033407450076565677,12223.842209912946,81.80733870967742,96.1,{}
test,tiny_large,hetero,low,hybrid,1006,124,124,0,1.0,0.3896201300904012,0.3438772563910091,17,0.04989979952422525,0.010504861032889985,10091.220564865836,99.09604032258065,121.347,"{'family': 'hybrid', 'alpha': 0.1}"
test,tiny_large,hetero,low,balance,1006,124,124,0,1.0,0.3972518546464036,0.37269932034404435,13,0.04774472401940522,0.029980147317971884,12870.373541833384,77.69782258064517,98.574,"{'family': 'balance', 'lam': 0.8}"
test,tiny_large,hetero,low,wmatch,1006,124,124,0,1.0,0.4445344083789601,0.3382326685234545,15,0.17213026302030146,0.12789755015566462,8992.786842160418,111.20023387096774,140.342,"{'family': 'wmatch', 'lam': 0.8}"
test,tiny_large,hetero,low,d1_cheap,1006,124,124,0,1.0,0.3881878724316376,0.3461266097793347,12,0.042061262652302894,0.009144542392350607,7710.681308338455,129.6902258064516,156.302,"{'family': 'd_cheap', 'alpha': 0.0, 'beta': 0.8, 'gamma': 0.2}"
test,tiny_large,hetero,low,d1_cheap_nomad_ff,1006,124,124,0,1.0,0.4361320639183978,0.34709600413570896,15,0.14920216756682045,0.05404039105649368,9632.662307058356,103.81345967741935,130.414,{'derived_from': 'd1_cheap'}
test,tiny_large,hetero,low,d2_capacity,1006,124,124,0,1.0,0.38759954353360954,0.3468391100456312,12,0.04152174089315793,0.011389982878823932,5420.031220254027,184.5007822580645,229.359,"{'family': 'd_capacity', 'alpha': 0.0, 'beta': 0.8, 'gamma': 0.2}"
test,tiny_large,hetero,low,d2_capacity_nomad_ff,1006,124,124,0,1.0,0.43590335506392947,0.35176308127847056,15,0.15627746175797078,0.06997936379356419,6541.659768908483,152.86640322580647,194.804,{'derived_from': 'd2_capacity'}
test,tiny_large,hetero,low,ff_only_cheap,1006,124,124,0,1.0,0.4361320639183978,0.34709600413570896,15,0.14920216756682045,0.05404039105649368,9605.221522357895,104.11004032258064,129.933,"{'alpha': 0, 'beta': 0, 'gamma': 1}"
test,tiny_large,hetero,low,binpack,1007,125,125,0,1.0,0.4176641808286604,0.3961640000032659,15,0.12950128709065784,0.05137830930804411,14885.811535146355,67.17806399999999,84.588,{}
test,tiny_large,hetero,low,spread,1007,125,125,0,1.0,0.3853887765908047,0.25259389284960554,30,0.181979074763055,0.0,11975.767943724237,83.501952,98.224,{}
test,tiny_large,hetero,low,tetris,1007,125,125,0,1.0,0.3873452571051146,0.33065969843829135,18,0.061894743198847885,0.00882513089597961,12654.26946446828,79.024712,93.064,{}
test,tiny_large,hetero,low,hybrid,1007,125,125,0,1.0,0.3945410561109998,0.3497042602390798,14,0.0467129496163179,0.02443575508676983,10474.599055392277,95.469048,119.975,"{'family': 'hybrid', 'alpha': 0.1}"
test,tiny_large,hetero,low,balance,1007,125,125,0,1.0,0.40305226555070134,0.3999839305307662,15,0.13970638470368735,0.058332689182252595,13171.422480962816,75.921944,98.254,"{'family': 'balance', 'lam': 0.8}"
test,tiny_large,hetero,low,wmatch,1007,125,125,0,1.0,0.43527715029195935,0.38502671152082535,15,0.1380285408818295,0.0851716593353225,8954.546649570408,111.675112,144.219,"{'family': 'wmatch', 'lam': 0.8}"
test,tiny_large,hetero,low,d1_cheap,1007,125,125,0,1.0,0.39450198564163685,0.36375684393856356,13,0.042865970517657996,0.014646895403511022,7883.580331160829,126.84591999999999,153.066,"{'family': 'd_cheap', 'alpha': 0.0, 'beta': 0.8, 'gamma': 0.2}"
test,tiny_large,hetero,low,d1_cheap_nomad_ff,1007,125,125,0,1.0,0.4176641808286604,0.3961640000032659,15,0.12950128709065784,0.05137830930804411,9622.718607381688,103.920736,127.699,{'derived_from': 'd1_cheap'}
test,tiny_large,hetero,low,d2_capacity,1007,125,125,0,1.0,0.39761288116552623,0.3647810390941293,13,0.0443226419353897,0.011494833755843226,5569.684235440979,179.54339199999998,223.939,"{'family': 'd_capacity', 'alpha': 0.0, 'beta': 0.8, 'gamma': 0.2}"
test,tiny_large,hetero,low,d2_capacity_nomad_ff,1007,125,125,0,1.0,0.4176641808286604,0.3961640000032659,15,0.12950128709065784,0.05137830930804411,6507.244723782819,153.674872,192.601,{'derived_from': 'd2_capacity'}
test,tiny_large,hetero,low,ff_only_cheap,1007,125,125,0,1.0,0.4176641808286604,0.3961640000032659,15,0.12950128709065784,0.05137830930804411,9626.999219673951,103.87452800000001,130.254,"{'alpha': 0, 'beta': 0, 'gamma': 1}"
test,tiny_large,hetero,low,binpack,1008,119,119,0,1.0,0.45723988690097106,0.3102138456607758,15,0.22168931557415747,0.12008265899500871,15338.91592533944,65.19365546218488,89.267,{}
test,tiny_large,hetero,low,spread,1008,119,119,0,1.0,0.39109488439515666,0.23039130731379673,30,0.18300780923963067,0.0,11900.320118611191,84.03135294117648,100.759,{}
test,tiny_large,hetero,low,tetris,1008,119,119,0,1.0,0.38375509721701556,0.2914684068174564,23,0.09854756726422234,0.0030226706241887453,12219.640124410313,81.8354705882353,104.115,{}
test,tiny_large,hetero,low,hybrid,1008,119,119,0,1.0,0.37017354050077156,0.3126679016119897,16,0.05866847931979367,0.004862591810251011,10028.873886405221,99.7120924369748,122.629,"{'family': 'hybrid', 'alpha': 0.1}"
test,tiny_large,hetero,low,balance,1008,119,119,0,1.0,0.4127371890100181,0.3407196438108203,13,0.07344279371305436,0.016683095152329568,12633.802854283947,79.15273109243698,99.977,"{'family': 'balance', 'lam': 0.8}"
test,tiny_large,hetero,low,wmatch,1008,119,119,0,1.0,0.45647268135395846,0.31422567994541495,15,0.21676137667565618,0.08721509323416168,9124.287672995344,109.59759663865546,138.859,"{'family': 'wmatch', 'lam': 0.8}"
test,tiny_large,hetero,low,d1_cheap,1008,119,119,0,1.0,0.3756566888413592,0.3209924945033464,13,0.05466419433801283,0.007820886692431424,7735.811254526262,129.2689243697479,155.35,"{'family': 'd_cheap', 'alpha': 0.0, 'beta': 0.8, 'gamma': 0.2}"
test,tiny_large,hetero,low,d1_cheap_nomad_ff,1008,119,119,0,1.0,0.45723988690097106,0.3102138456607758,15,0.22168931557415747,0.12008265899500871,9911.65219662619,100.89135294117648,128.59,{'derived_from': 'd1_cheap'}
test,tiny_large,hetero,low,d2_capacity,1008,119,119,0,1.0,0.37547609128614107,0.32064831536306576,13,0.05585619088309825,0.0029779173310202156,5364.116450009703,186.42399159663867,219.831,"{'family': 'd_capacity', 'alpha': 0.0, 'beta': 0.8, 'gamma': 0.2}"
test,tiny_large,hetero,low,d2_capacity_nomad_ff,1008,119,119,0,1.0,0.4584061883943644,0.3098141221028888,16,0.2266966105354709,0.14296323846506545,6681.005564323205,149.67806722689076,197.289,{'derived_from': 'd2_capacity'}
test,tiny_large,hetero,low,ff_only_cheap,1008,119,119,0,1.0,0.45723988690097106,0.3102138456607758,15,0.22168931557415747,0.12008265899500871,9853.171189327442,101.49016806722689,132.257,"{'alpha': 0, 'beta': 0, 'gamma': 1}"
test,tiny_large,hetero,low,binpack,1009,119,119,0,1.0,0.46028937001599624,0.3722715816357819,16,0.1690929553562661,0.0841302865522188,15495.790418783503,64.53365546218488,84.488,{}
test,tiny_large,hetero,low,spread,1009,119,119,0,1.0,0.38649993423630336,0.24749750379505125,30,0.19778253257385262,0.0,11910.038971849373,83.96278151260505,93.224,{}
test,tiny_large,hetero,low,tetris,1009,119,119,0,1.0,0.4043918440114753,0.3276827979655582,22,0.07701926787023625,0.01246302322351624,12837.424696098242,77.89724369747898,94.938,{}
test,tiny_large,hetero,low,hybrid,1009,119,119,0,1.0,0.42153614926610816,0.36497658528338595,17,0.06079133086165752,0.014728282353113907,10507.665960416121,95.16861344537816,120.435,"{'family': 'hybrid', 'alpha': 0.1}"
test,tiny_large,hetero,low,balance,1009,119,119,0,1.0,0.4441094698687219,0.3724080255232888,14,0.07723756266792638,0.03812891887711763,13050.241785887205,76.62693277310925,97.413,"{'family': 'balance', 'lam': 0.8}"
test,tiny_large,hetero,low,wmatch,1009,119,119,0,1.0,0.46028937001599624,0.3722715816357819,16,0.1690929553562661,0.0841302865522188,9237.238522110145,108.25746218487394,145.202,"{'family': 'wmatch', 'lam': 0.8}"
test,tiny_large,hetero,low,d1_cheap,1009,119,119,0,1.0,0.4246548453393277,0.3602347676798411,15,0.06865184453842185,0.01686179043476045,7970.884702559404,125.4565882352941,156.963,"{'family': 'd_cheap', 'alpha': 0.0, 'beta': 0.8, 'gamma': 0.2}"
test,tiny_large,hetero,low,d1_cheap_nomad_ff,1009,119,119,0,1.0,0.46052620703016983,0.37119210017340615,16,0.1700990520084963,0.0841302865522188,9904.185741934207,100.96741176470589,133.831,{'derived_from': 'd1_cheap'}
test,tiny_large,hetero,low,d2_capacity,1009,119,119,0,1.0,0.4196265750159597,0.3598917479334213,15,0.06396659396147368,0.01686179043476045,5580.546608443901,179.19391596638656,222.857,"{'family': 'd_capacity', 'alpha': 0.0, 'beta': 0.8, 'gamma': 0.2}"
test,tiny_large,hetero,low,d2_capacity_nomad_ff,1009,119,119,0,1.0,0.4726024050080647,0.36081167249112817,16,0.1678914675163675,0.0834223749242935,6708.796026498504,149.05804201680672,197.93,{'derived_from': 'd2_capacity'}
test,tiny_large,hetero,low,ff_only_cheap,1009,119,119,0,1.0,0.46052620703016983,0.37119210017340615,16,0.1700990520084963,0.0841302865522188,10072.895598584784,99.27631932773109,130.013,"{'alpha': 0, 'beta': 0, 'gamma': 1}"
test,tiny_large,hetero,med,binpack,1000,213,213,0,1.0,0.7914359017807905,0.47649948597688846,26,0.3899702017183036,0.2849349211468571,19038.879805942866,52.52409859154929,81.722,{}
test,tiny_large,hetero,med,spread,1000,213,213,0,1.0,0.7350652730412393,0.3911200659395531,30,0.3731472586947456,0.10110681049909771,12541.138466886448,79.73757746478873,96.07,{}
test,tiny_large,hetero,med,tetris,1000,213,213,0,1.0,0.7358334668821234,0.4477210647602504,30,0.288532927297908,0.008217014161555928,13343.659947914623,74.94195774647888,90.69,{}
test,tiny_large,hetero,med,hybrid,1000,213,213,0,1.0,0.7251986682479908,0.47340627993217105,30,0.251967002439004,0.026966838231124342,11221.734466050644,89.11278403755868,113.162,"{'family': 'hybrid', 'alpha': 0.1}"
test,tiny_large,hetero,med,balance,1000,213,213,0,1.0,0.7326592779381031,0.4748671771595424,23,0.2842253556371156,0.183571288592949,15623.185775888847,64.00743192488262,94.927,"{'family': 'balance', 'lam': 0.8}"
test,tiny_large,hetero,med,wmatch,1000,213,213,0,1.0,0.7903332019134133,0.4740299206488043,26,0.3913370671790106,0.2849349211468571,11434.71657256557,87.4529765258216,138.099,"{'family': 'wmatch', 'lam': 0.8}"
test,tiny_large,hetero,med,d1_cheap,1000,213,213,0,1.0,0.7224938352694116,0.4795080398924867,30,0.2432174517155186,0.01800262405086739,8516.740813625442,117.41580751173709,151.594,"{'family': 'd_cheap', 'alpha': 0.0, 'beta': 0.8, 'gamma': 0.2}"
test,tiny_large,hetero,med,d1_cheap_nomad_ff,1000,213,213,0,1.0,0.790991322040301,0.47650483554581285,26,0.38928615758475066,0.28620027083619903,12127.20101581535,82.45925821596245,126.116,{'derived_from': 'd1_cheap'}
test,tiny_large,hetero,med,d2_capacity,1000,213,213,0,1.0,0.7218187090273787,0.47572697949030274,30,0.2463233858756696,0.024149177559683262,5948.84113921369,168.0999671361502,216.265,"{'family': 'd_capacity', 'alpha': 0.0, 'beta': 0.8, 'gamma': 0.2}"
test,tiny_large,hetero,med,d2_capacity_nomad_ff,1000,213,213,0,1.0,0.7966360737190089,0.46646633331751486,26,0.4049694114917565,0.2965177376866861,8228.157140031646,121.53389671361502,193.042,{'derived_from': 'd2_capacity'}
test,tiny_large,hetero,med,ff_only_cheap,1000,213,213,0,1.0,0.790991322040301,0.47650483554581285,26,0.38928615758475066,0.28620027083619903,12046.280111529324,83.01317840375587,129.301,"{'alpha': 0, 'beta': 0, 'gamma': 1}"
test,tiny_large,hetero,med,binpack,1001,224,224,0,1.0,0.7926488985958968,0.5270937618877727,26,0.3347229592072013,0.1826784674533784,18438.634536797217,54.233950892857145,83.265,{}
test,tiny_large,hetero,med,spread,1001,224,224,0,1.0,0.7246840098662412,0.43936331772203896,30,0.3430383664416354,0.014550610727281877,12023.428079020117,83.17095535714286,99.646,{}
test,tiny_large,hetero,med,tetris,1001,224,224,0,1.0,0.7414338710076094,0.48322886499992196,30,0.25820500600768737,0.00595205345493718,13386.932059407378,74.6997142857143,92.683,{}
test,tiny_large,hetero,med,hybrid,1001,224,224,0,1.0,0.7274066924989191,0.5154884714242713,30,0.21354598039322573,0.012903887691335613,11152.472622671223,89.66621428571429,118.281,"{'family': 'hybrid', 'alpha': 0.1}"
test,tiny_large,hetero,med,balance,1001,224,224,0,1.0,0.7685066360783195,0.5312157315635887,24,0.2603609543589706,0.10990135812176402,15468.092088181384,64.64921428571428,96.741,"{'family': 'balance', 'lam': 0.8}"
test,tiny_large,hetero,med,wmatch,1001,224,224,0,1.0,0.7926488985958968,0.5270937618877727,26,0.3347229592072013,0.1826784674533784,11070.8190409389,90.32755357142857,140.884,"{'family': 'wmatch', 'lam': 0.8}"
test,tiny_large,hetero,med,d1_cheap,1001,224,224,0,1.0,0.7284932417981956,0.5181302584040502,30,0.2105455900746701,0.009477156927130593,8507.464806631022,117.54383035714285,153.918,"{'family': 'd_cheap', 'alpha': 0.0, 'beta': 0.8, 'gamma': 0.2}"
test,tiny_large,hetero,med,d1_cheap_nomad_ff,1001,224,224,0,1.0,0.7934347310422005,0.5289250769629174,26,0.33500886825385856,0.1826784674533784,11942.339399792949,83.7356875,127.299,{'derived_from': 'd1_cheap'}
test,tiny_large,hetero,med,d2_capacity,1001,224,224,0,1.0,0.7291487874537932,0.5170171811638716,30,0.21231421297044634,0.01416866006682756,6053.522816524723,165.19306696428572,220.322,"{'family': 'd_capacity', 'alpha': 0.0, 'beta': 0.8, 'gamma': 0.2}"
test,tiny_large,hetero,med,d2_capacity_nomad_ff,1001,224,224,0,1.0,0.7872843072541731,0.5290319451102287,26,0.3354273767861804,0.18108155869553758,8129.549303956335,123.00804910714285,192.5,{'derived_from': 'd2_capacity'}
test,tiny_large,hetero,med,ff_only_cheap,1001,224,224,0,1.0,0.7934347310422005,0.5289250769629174,26,0.33500886825385856,0.1826784674533784,11866.21185171812,84.27289285714285,128.631,"{'alpha': 0, 'beta': 0, 'gamma': 1}"
test,tiny_large,hetero,med,binpack,1002,236,236,0,1.0,0.7723710176605975,0.5840571862331785,26,0.2985234798547846,0.19547952712757152,19562.553128702948,51.11807203389831,81.413,{}
test,tiny_large,hetero,med,spread,1002,236,236,0,1.0,0.7319581141453088,0.46048269041495576,30,0.367201699810349,0.010789773002873294,12167.531231629477,82.1859406779661,99.426,{}
test,tiny_large,hetero,med,tetris,1002,236,236,0,1.0,0.7609844357525877,0.5710815837243933,30,0.19424254199846158,0.015225291277137962,14346.347577959636,69.70415254237288,90.46,{}
test,tiny_large,hetero,med,hybrid,1002,236,236,0,1.0,0.7567708750699448,0.5900218107883092,30,0.16997023935385086,0.012366456819988082,12107.08097508173,82.59629237288136,113.703,"{'family': 'hybrid', 'alpha': 0.1}"
test,tiny_large,hetero,med,balance,1002,236,236,0,1.0,0.7747244664394619,0.578788750515601,25,0.2676475898436571,0.15943444836680648,16676.320324696437,59.96526694915254,93.685,"{'family': 'balance', 'lam': 0.8}"
test,tiny_large,hetero,med,wmatch,1002,236,236,0,1.0,0.7753135135200347,0.5802406261312465,26,0.30011781993707703,0.19050029408962443,11830.38160299465,84.52812711864406,137.036,"{'family': 'wmatch', 'lam': 0.8}"
test,tiny_large,hetero,med,d1_cheap,1002,236,236,0,1.0,0.7559412472842587,0.5897747636722696,29,0.16782206163315222,0.025240383833838396,9413.132284782192,106.23456355932204,145.953,"{'family': 'd_cheap', 'alpha': 0.0, 'beta': 0.8, 'gamma': 0.2}"
test,tiny_large,hetero,med,d1_cheap_nomad_ff,1002,236,236,0,1.0,0.7723135914059017,0.5854816716690524,26,0.297041568164215,0.19547952712757152,12595.39208254721,79.39411440677965,126.056,{'derived_from': 'd1_cheap'}
test,tiny_large,hetero,med,d2_capacity,1002,236,236,0,1.0,0.7548251620756052,0.5898797571772431,30,0.16929851767359386,0.01573318514799558,6467.71447112471,154.61412288135594,218.97,"{'family': 'd_capacity', 'alpha': 0.0, 'beta': 0.8, 'gamma': 0.2}"
test,tiny_large,hetero,med,d2_capacity_nomad_ff,1002,236,236,0,1.0,0.7759829401775918,0.5883554280434654,26,0.2956645797394034,0.20495106725775594,8568.0665907231,116.71244491525424,189.344,{'derived_from': 'd2_capacity'}
test,tiny_large,hetero,med,ff_only_cheap,1002,236,236,0,1.0,0.7723135914059017,0.5854816716690524,26,0.297041568164215,0.19547952712757152,12551.981691977348,79.66869491525424,125.835,"{'alpha': 0, 'beta': 0, 'gamma': 1}"
test,tiny_large,hetero,med,binpack,1003,228,228,0,1.0,0.7836393345428045,0.5177933117731988,25,0.32361650412736404,0.22653341866251475,19314.943022612377,51.77338596491228,81.642,{}
test,tiny_large,hetero,med,spread,1003,228,228,0,1.0,0.7268276451836431,0.41941515639961374,30,0.3445523797106856,0.09324149714694133,12200.837994222902,81.96158333333332,98.354,{}
test,tiny_large,hetero,med,tetris,1003,228,228,0,1.0,0.7531422233365691,0.5048665310649959,30,0.24827569227157323,0.013557638579767654,13760.900609903634,72.66966228070176,87.374,{}
test,tiny_large,hetero,med,hybrid,1003,228,228,0,1.0,0.747417271391658,0.5322433935143327,30,0.22038993567315698,0.02527637531120035,11719.785480635343,85.32579385964912,111.829,"{'family': 'hybrid', 'alpha': 0.1}"
test,tiny_large,hetero,med,balance,1003,228,228,0,1.0,0.7638897580349767,0.5224832329055341,24,0.28127811061886593,0.1794919375339472,16019.52470913321,62.423824561403514,94.216,"{'family': 'balance', 'lam': 0.8}"
test,tiny_large,hetero,med,wmatch,1003,228,228,0,1.0,0.7835930610522787,0.5180078479921945,25,0.3233556944178425,0.22778095899564563,11442.359041052023,87.39456578947367,139.692,"{'family': 'wmatch', 'lam': 0.8}"
test,tiny_large,hetero,med,d1_cheap,1003,228,228,0,1.0,0.7392641906790051,0.5131973574216286,30,0.23140694723831204,0.021795324222488126,8721.369903822415,114.66088596491228,149.199,"{'family': 'd_cheap', 'alpha': 0.0, 'beta': 0.8, 'gamma': 0.2}"
test,tiny_large,hetero,med,d1_cheap_nomad_ff,1003,228,228,0,1.0,0.7835930610522787,0.5180078479921945,25,0.3233556944178425,0.22778095899564563,12268.427379707666,81.51003947368422,129.131,{'derived_from': 'd1_cheap'}
test,tiny_large,hetero,med,d2_capacity,1003,228,228,0,1.0,0.73906206737383,0.5130699909437582,30,0.22929240583675473,0.022032084262587966,6128.416121604979,163.17429824561404,219.611,"{'family': 'd_capacity', 'alpha': 0.0, 'beta': 0.8, 'gamma': 0.2}"
test,tiny_large,hetero,med,d2_capacity_nomad_ff,1003,228,228,0,1.0,0.7835930610522787,0.5180078479921945,25,0.3233556944178425,0.22778095899564563,8331.584187881024,120.02519298245613,193.993,{'derived_from': 'd2_capacity'}
test,tiny_large,hetero,med,ff_only_cheap,1003,228,228,0,1.0,0.7835930610522787,0.5180078479921945,25,0.3233556944178425,0.22778095899564563,12373.868625442832,80.81546929824562,127.399,"{'alpha': 0, 'beta': 0, 'gamma': 1}"
test,tiny_large,hetero,med,binpack,1004,243,243,0,1.0,0.7783871670100042,0.5383714527607961,25,0.2844178650543235,0.18333126444543116,19398.99517994843,51.54906172839506,81.071,{}
test,tiny_large,hetero,med,spread,1004,243,243,0,1.0,0.7297284017405334,0.4580307465504839,30,0.38165954258964363,0.10100162346346493,12251.978732380028,81.61946913580248,97.242,{}
test,tiny_large,hetero,med,tetris,1004,243,243,0,1.0,0.7581197013205879,0.5184646946742436,30,0.23965500664634432,0.023952782767387253,12944.341833752995,77.25383127572016,93.575,{}
test,tiny_large,hetero,med,hybrid,1004,243,243,0,1.0,0.7408549361201875,0.5430267982426504,30,0.19823268423878446,0.016285533075429657,11142.768393752971,89.74430452674896,118.0,"{'family': 'hybrid', 'alpha': 0.1}"
test,tiny_large,hetero,med,balance,1004,243,243,0,1.0,0.7510306703803651,0.5412812032940768,24,0.21634656917851816,0.11319605364878435,15878.012950969873,62.980172839506174,94.427,"{'family': 'balance', 'lam': 0.8}"
test,tiny_large,hetero,med,wmatch,1004,243,243,0,1.0,0.782086369199061,0.5326553887041129,24,0.26775736971894554,0.18220304711999374,11408.469986146454,87.65417283950617,134.481,"{'family': 'wmatch', 'lam': 0.8}"
test,tiny_large,hetero,med,d1_cheap,1004,243,243,0,1.0,0.7196023485711011,0.5544494991614024,27,0.16515284940969863,0.02031743134528482,8795.02637277332,113.70062551440328,148.027,"{'family': 'd_cheap', 'alpha': 0.0, 'beta': 0.8, 'gamma': 0.2}"
test,tiny_large,hetero,med,d1_cheap_nomad_ff,1004,243,243,0,1.0,0.7765308928131,0.5453516069226093,25,0.2825140376145727,0.18333126444543116,12458.335072202459,80.26754732510287,125.094,{'derived_from': 'd1_cheap'}
test,tiny_large,hetero,med,d2_capacity,1004,243,243,0,1.0,0.7194877283037509,0.5552887790204959,28,0.16419894928325496,0.01907783216426933,6097.312964360252,164.006670781893,220.363,"{'family': 'd_capacity', 'alpha': 0.0, 'beta': 0.8, 'gamma': 0.2}"
test,tiny_large,hetero,med,d2_capacity_nomad_ff,1004,243,243,0,1.0,0.7780243777367878,0.5378393142577376,25,0.2872405109583473,0.18581046280746213,8596.643269056502,116.3244732510288,189.684,{'derived_from': 'd2_capacity'}
test,tiny_large,hetero,med,ff_only_cheap,1004,243,243,0,1.0,0.7765308928131,0.5453516069226093,25,0.2825140376145727,0.18333126444543116,12518.650470933086,79.88081481481481,123.762,"{'alpha': 0, 'beta': 0, 'gamma': 1}"
test,tiny_large,hetero,med,binpack,1005,227,227,0,1.0,0.7895527587804375,0.5765212628818752,26,0.29314440224561966,0.18625058618648602,19243.092047847313,51.96670044052863,82.745,{}
test,tiny_large,hetero,med,spread,1005,227,227,0,1.0,0.7363871626802561,0.4708000185780036,30,0.32977298667607113,0.03439198065489279,12377.573799239024,80.79127753303966,98.064,{}
test,tiny_large,hetero,med,tetris,1005,227,227,0,1.0,0.7467066908072683,0.5352448739627955,30,0.21146181684447277,0.0050821800037563316,13109.365313254637,76.28134361233481,94.377,{}
test,tiny_large,hetero,med,hybrid,1005,227,227,0,1.0,0.7273984119684461,0.5622981008384487,30,0.16749273124879735,0.013358495852758173,11424.204204781528,87.53344933920704,116.689,"{'family': 'hybrid', 'alpha': 0.1}"
test,tiny_large,hetero,med,balance,1005,227,227,0,1.0,0.7468854733028638,0.5797305087521686,24,0.21296592700553355,0.12634755863696798,16059.705315019608,62.267643171806164,95.218,"{'family': 'balance', 'lam': 0.8}"
test,tiny_large,hetero,med,wmatch,1005,227,227,0,1.0,0.7927411067866104,0.5732563580105433,26,0.29368734269868146,0.18625058618648602,11653.424885103392,85.81168281938326,137.116,"{'family': 'wmatch', 'lam': 0.8}"
test,tiny_large,hetero,med,d1_cheap,1005,227,227,0,1.0,0.7238244056800339,0.5774389347853732,28,0.14848652257364933,0.021045428232686833,9069.478316815095,110.25992511013216,150.101,"{'family': 'd_cheap', 'alpha': 0.0, 'beta': 0.8, 'gamma': 0.2}"
test,tiny_large,hetero,med,d1_cheap_nomad_ff,1005,227,227,0,1.0,0.7895527587804375,0.5765212628818752,26,0.29314440224561966,0.18625058618648602,12302.875550560455,81.28181057268723,127.689,{'derived_from': 'd1_cheap'}
test,tiny_large,hetero,med,d2_capacity,1005,227,227,0,1.0,0.7270863054990302,0.5823650747652754,28,0.1468222824127434,0.022461311306727422,6365.529452211138,157.09612334801764,216.855,"{'family': 'd_capacity', 'alpha': 0.0, 'beta': 0.8, 'gamma': 0.2}"
test,tiny_large,hetero,med,d2_capacity_nomad_ff,1005,227,227,0,1.0,0.7963539095519463,0.5676485284314814,26,0.30546162058635207,0.1983065521025091,8536.367256029496,117.14585022026431,190.106,{'derived_from': 'd2_capacity'}
test,tiny_large,hetero,med,ff_only_cheap,1005,227,227,0,1.0,0.7895527587804375,0.5765212628818752,26,0.29314440224561966,0.18625058618648602,12509.111124054947,79.94173127753304,125.956,"{'alpha': 0, 'beta': 0, 'gamma': 1}"
test,tiny_large,hetero,med,binpack,1006,233,233,0,1.0,0.7811375865369535,0.5433879545925268,25,0.287006077789283,0.21329752286875134,19774.193980939035,50.57096137339056,81.182,{}
test,tiny_large,hetero,med,spread,1006,233,233,0,1.0,0.7365866892536087,0.45594090734558396,30,0.3382188679719901,0.05152454477218455,12427.02058821302,80.46981115879828,94.967,{}
test,tiny_large,hetero,med,tetris,1006,233,233,0,1.0,0.7399484447248299,0.5162496347059427,30,0.22446881789621584,0.020023440233253482,13532.45203965415,73.89643776824035,89.979,{}
test,tiny_large,hetero,med,hybrid,1006,233,233,0,1.0,0.7175193693233076,0.5763743667893962,30,0.14499505149770542,0.01692026908578156,11781.172159886786,84.8811974248927,112.811,"{'family': 'hybrid', 'alpha': 0.1}"
test,tiny_large,hetero,med,balance,1006,233,233,0,1.0,0.7498776309332575,0.5567882521762797,24,0.20999935139196893,0.14303217894481335,16792.850886979646,59.549150214592274,91.942,"{'family': 'balance', 'lam': 0.8}"
test,tiny_large,hetero,med,wmatch,1006,233,233,0,1.0,0.7811375865369535,0.5433879545925268,25,0.287006077789283,0.21329752286875134,11891.19444802683,84.09584120171674,135.033,"{'family': 'wmatch', 'lam': 0.8}"
test,tiny_large,hetero,med,d1_cheap,1006,233,233,0,1.0,0.71283679080946,0.5812012776073605,25,0.1316355132020995,0.02765762603193072,9388.40428918719,106.51437339055795,148.087,"{'family': 'd_cheap', 'alpha': 0.0, 'beta': 0.8, 'gamma': 0.2}"
test,tiny_large,hetero,med,d1_cheap_nomad_ff,1006,233,233,0,1.0,0.7755991387761233,0.5512657295645779,25,0.28155086965913756,0.2029612644374561,12587.11784659372,79.44630472103005,123.181,{'derived_from': 'd1_cheap'}
test,tiny_large,hetero,med,d2_capacity,1006,233,233,0,1.0,0.7108794427307802,0.5809138901108761,25,0.12996555261990403,0.02788628268347826,6615.542436149368,151.15918454935624,213.88,"{'family': 'd_capacity', 'alpha': 0.0, 'beta': 0.8, 'gamma': 0.2}"
test,tiny_large,hetero,med,d2_capacity_nomad_ff,1006,233,233,0,1.0,0.7731004772006285,0.563762877526733,25,0.2852250616375706,0.209404581587614,8656.496830904807,115.52017167381975,187.251,{'derived_from': 'd2_capacity'}
test,tiny_large,hetero,med,ff_only_cheap,1006,233,233,0,1.0,0.7755991387761233,0.5512657295645779,25,0.28155086965913756,0.2029612644374561,12437.976269729204,80.3989313304721,124.803,"{'alpha': 0, 'beta': 0, 'gamma': 1}"
test,tiny_large,hetero,med,binpack,1007,234,234,0,1.0,0.7848288102082639,0.5902474997062391,27,0.3544341415433668,0.24948878122443052,20017.404876907076,49.95652564102564,81.543,{}
test,tiny_large,hetero,med,spread,1007,234,234,0,1.0,0.740741061336864,0.473734245859475,30,0.33317889183154414,0.10865997662361562,12248.536627024156,81.64240598290598,100.598,{}
test,tiny_large,hetero,med,tetris,1007,234,234,0,1.0,0.746029196319872,0.5478189709505726,30,0.2028766939303172,0.0302514472544429,14578.342016376586,68.59490598290598,89.287,{}
test,tiny_large,hetero,med,hybrid,1007,234,234,0,1.0,0.7381870752358185,0.5811946432306568,30,0.17050791303982876,0.020543861763177212,12206.360097847017,81.92450427350428,112.832,"{'family': 'hybrid', 'alpha': 0.1}"
test,tiny_large,hetero,med,balance,1007,234,234,0,1.0,0.7568502025900724,0.5924171444033498,25,0.24355649782847377,0.1545986876914229,15964.065842902677,62.64068376068376,94.186,"{'family': 'balance', 'lam': 0.8}"
test,tiny_large,hetero,med,wmatch,1007,234,234,0,1.0,0.7819513819842735,0.5907595571357227,27,0.35515338546368047,0.24566617446163938,12184.416454190055,82.07204700854702,133.95,"{'family': 'wmatch', 'lam': 0.8}"
test,tiny_large,hetero,med,d1_cheap,1007,234,234,0,1.0,0.7291623116917018,0.5901326823909824,29,0.15039233800608043,0.01848580849846101,9400.407841113181,106.37836324786325,148.478,"{'family': 'd_cheap', 'alpha': 0.0, 'beta': 0.8, 'gamma': 0.2}"
test,tiny_large,hetero,med,d1_cheap_nomad_ff,1007,234,234,0,1.0,0.78446936659007,0.5900142840427384,27,0.35430791358867375,0.25212147490449394,12822.074483430675,77.9905,126.337,{'derived_from': 'd1_cheap'}
test,tiny_large,hetero,med,d2_capacity,1007,234,234,0,1.0,0.7273007796854319,0.5910537654486183,28,0.15193435247524084,0.024064189808405422,6629.395487523478,150.84331623931624,214.882,"{'family': 'd_capacity', 'alpha': 0.0, 'beta': 0.8, 'gamma': 0.2}"
test,tiny_large,hetero,med,d2_capacity_nomad_ff,1007,234,234,0,1.0,0.78446936659007,0.5876739343604618,27,0.3566482632709504,0.25212147490449394,8872.042624022626,112.7136153846154,190.486,{'derived_from': 'd2_capacity'}
test,tiny_large,hetero,med,ff_only_cheap,1007,234,234,0,1.0,0.78446936659007,0.5900142840427384,27,0.35430791358867375,0.25212147490449394,12809.492249791887,78.06710683760684,129.883,"{'alpha': 0, 'beta': 0, 'gamma': 1}"
test,tiny_large,hetero,med,binpack,1008,224,224,0,1.0,0.7922840046196645,0.5253420200245931,25,0.30537055822653436,0.20286691609486351,19200.21175090674,52.08275892857143,81.352,{}
test,tiny_large,hetero,med,spread,1008,224,224,0,1.0,0.7344363911881633,0.45386241997460225,30,0.3656478291742672,0.09353770525238503,12345.246275538402,81.00283928571429,96.941,{}
test,tiny_large,hetero,med,tetris,1008,224,224,0,1.0,0.7467514882540962,0.5087230917741035,30,0.2396139078058144,0.009239005611569134,13243.253198053502,75.51014732142856,91.661,{}
test,tiny_large,hetero,med,hybrid,1008,224,224,0,1.0,0.736230002150781,0.5410663929631361,30,0.1963264496186567,0.022748028155290475,11297.026773852587,88.51886607142856,114.113,"{'family': 'hybrid', 'alpha': 0.1}"
test,tiny_large,hetero,med,balance,1008,224,224,0,1.0,0.7645605925242169,0.5295718537127255,24,0.23984139290480824,0.15449477165881675,16024.374217783408,62.40493303571428,93.274,"{'family': 'balance', 'lam': 0.8}"
test,tiny_large,hetero,med,wmatch,1008,224,224,0,1.0,0.7922840046196645,0.527269165385661,25,0.30344341286546633,0.20286691609486351,11507.881871592588,86.89696428571429,137.427,"{'family': 'wmatch', 'lam': 0.8}"
test,tiny_large,hetero,med,d1_cheap,1008,224,224,0,1.0,0.7253976013464563,0.5355637240282074,28,0.18983387731824888,0.027820937241029377,8548.356948551027,116.98154464285714,153.717,"{'family': 'd_cheap', 'alpha': 0.0, 'beta': 0.8, 'gamma': 0.2}"
test,tiny_large,hetero,med,d1_cheap_nomad_ff,1008,224,224,0,1.0,0.7922705492242232,0.5268688038175006,25,0.31072399115712235,0.2080782957840419,12253.752232959147,81.60765625,129.632,{'derived_from': 'd1_cheap'}
test,tiny_large,hetero,med,d2_capacity,1008,224,224,0,1.0,0.7181731743147413,0.5238787099354314,28,0.19563206053252813,0.02519950962292323,6117.797034818485,163.45753125,219.641,"{'family': 'd_capacity', 'alpha': 0.0, 'beta': 0.8, 'gamma': 0.2}"
test,tiny_large,hetero,med,d2_capacity_nomad_ff,1008,224,224,0,1.0,0.7884715368340189,0.5233305896544597,25,0.29668225986057956,0.20266456626870694,8303.756144779547,120.42742857142856,194.915,{'derived_from': 'd2_capacity'}
test,tiny_large,hetero,med,ff_only_cheap,1008,224,224,0,1.0,0.7922705492242232,0.5268688038175006,25,0.31072399115712235,0.2080782957840419,12187.28726654816,82.05271428571429,132.338,"{'alpha': 0, 'beta': 0, 'gamma': 1}"
test,tiny_large,hetero,med,binpack,1009,223,223,0,1.0,0.7923771088308765,0.5523722530022966,25,0.29737186025111856,0.18139145763187067,19766.18289746536,50.591457399103135,83.677,{}
test,tiny_large,hetero,med,spread,1009,223,223,0,1.0,0.7350865868768264,0.4703891096739435,30,0.3521163694650449,0.041171935288778765,12284.15419026271,81.40568609865471,93.996,{}
test,tiny_large,hetero,med,tetris,1009,223,223,0,1.0,0.7628557138363476,0.5451042233081236,30,0.2201721317908577,0.014559569070132505,13807.188616784082,72.4260403587444,90.84,{}
test,tiny_large,hetero,med,hybrid,1009,223,223,0,1.0,0.7510795315695064,0.5579224703522865,30,0.19349401028039137,0.025085016030501783,11907.432368320484,83.98116143497758,113.352,"{'family': 'hybrid', 'alpha': 0.1}"
test,tiny_large,hetero,med,balance,1009,223,223,0,1.0,0.7838332236698465,0.546854253070128,26,0.29019695368799586,0.1676521397444905,16913.346177363816,59.124905829596415,94.236,"{'family': 'balance', 'lam': 0.8}"
test,tiny_large,hetero,med,wmatch,1009,223,223,0,1.0,0.7894281127594038,0.5568733438712956,26,0.3121407007310932,0.1965060263424537,12099.862170090204,82.64556950672646,137.387,"{'family': 'wmatch', 'lam': 0.8}"
test,tiny_large,hetero,med,d1_cheap,1009,223,223,0,1.0,0.7391547291485162,0.547298159351738,30,0.19508426624657174,0.025096433344364885,8906.813284795595,112.27360089686098,148.598,"{'family': 'd_cheap', 'alpha': 0.0, 'beta': 0.8, 'gamma': 0.2}"
test,tiny_large,hetero,med,d1_cheap_nomad_ff,1009,223,223,0,1.0,0.7949832794752205,0.5456875149488504,26,0.3066627689489088,0.20483034408872827,12603.745641039786,79.3414932735426,129.923,{'derived_from': 'd1_cheap'}
test,tiny_large,hetero,med,d2_capacity,1009,223,223,0,1.0,0.7345292005637323,0.5535261281286948,30,0.18528808401484342,0.026330266312437966,6252.156713700455,159.9448071748879,217.758,"{'family': 'd_capacity', 'alpha': 0.0, 'beta': 0.8, 'gamma': 0.2}"
test,tiny_large,hetero,med,d2_capacity_nomad_ff,1009,223,223,0,1.0,0.7930428796308081,0.5435097333275106,25,0.3007396921054462,0.17864335422994645,8654.00160646211,115.5534798206278,192.229,{'derived_from': 'd2_capacity'}
test,tiny_large,hetero,med,ff_only_cheap,1009,223,223,0,1.0,0.7949832794752205,0.5456875149488504,26,0.3066627689489088,0.20483034408872827,12597.78109575839,79.37905829596413,128.27,"{'alpha': 0, 'beta': 0, 'gamma': 1}"
