split,family,cluster_config,load,policy,seed,submitted,placed,rejected,admission_rate,mean_cpu_util,mean_ram_util,active_nodes,free_imbalance,stranded_frac,decisions_per_sec,mean_latency_us,p95_latency_us,params
test,ram_heavy,homog,high,binpack,1000,285,259,26,0.9087719298245615,0.5767361111111111,0.9872916666666666,30,0.41055555555555556,0.16666666666666666,9968.967827412473,100.31128771929824,215.854,{}
test,ram_heavy,homog,high,spread,1000,285,261,24,0.9157894736842105,0.5838541666666667,0.9809375,30,0.39986111111111106,0.16796875,6707.748685369517,149.08131578947368,261.78,{}
test,ram_heavy,homog,high,tetris,1000,285,259,26,0.9087719298245615,0.5772569444444444,0.9651041666666667,30,0.3878472222222222,0.108203125,6988.156521367281,143.0992561403509,217.637,{}
test,ram_heavy,homog,high,hybrid,1000,285,259,26,0.9087719298245615,0.5746527777777778,0.9666666666666667,30,0.3974305555555555,0.09700520833333333,5606.584435712424,178.36171228070177,262.531,"{'family': 'hybrid', 'alpha': 0.1}"
test,ram_heavy,homog,high,balance,1000,285,260,25,0.9122807017543859,0.576388888888889,0.9864583333333333,30,0.41006944444444443,0.16731770833333334,9635.221012868633,103.78589122807017,195.215,"{'family': 'balance', 'lam': 0.8}"
test,ram_heavy,homog,high,wmatch,1000,285,259,26,0.9087719298245615,0.5767361111111111,0.9872916666666666,30,0.41055555555555556,0.16666666666666666,6490.470509010025,154.07203508771929,307.706,"{'family': 'wmatch', 'lam': 0.8}"
test,ram_heavy,homog,high,d1_cheap,1000,285,260,25,0.9122807017543859,0.5784722222222223,0.9758333333333333,30,0.3973611111111111,0.1203125,3980.9592812818014,251.19573684210525,375.953,"{'family': 'd_cheap', 'alpha': 0.0, 'beta': 0.8, 'gamma': 0.2}"
test,ram_heavy,homog,high,d1_cheap_nomad_ff,1000,285,259,26,0.9087719298245615,0.5756944444444444,0.9847916666666666,30,0.40909722222222217,0.16861979166666666,6930.958461087922,144.2801894736842,268.161,{'derived_from': 'd1_cheap'}
test,ram_heavy,homog,high,d2_capacity,1000,285,262,23,0.9192982456140351,0.5835069444444444,0.9801041666666667,30,0.39659722222222216,0.125,3047.465885089685,328.14149122807015,470.32,"{'family': 'd_capacity', 'alpha': 0.0, 'beta': 0.8, 'gamma': 0.2}"
test,ram_heavy,homog,high,d2_capacity_nomad_ff,1000,285,259,26,0.9087719298245615,0.5767361111111111,0.9872916666666666,30,0.41055555555555556,0.16666666666666666,5038.729887887553,198.46271228070177,388.557,{'derived_from': 'd2_capacity'}
test,ram_heavy,homog,high,ff_only_cheap,1000,285,259,26,0.9087719298245615,0.5756944444444444,0.9847916666666666,30,0.40909722222222217,0.16861979166666666,6830.127187752647,146.41015789473684,283.16,"{'alpha': 0, 'beta': 0, 'gamma': 1}"
test,ram_heavy,homog,high,binpack,1001,285,256,29,0.8982456140350877,0.5699652777777777,0.9851041666666667,30,0.41513888888888884,0.17057291666666666,10845.919293269244,92.2005754385965,177.722,{}
test,ram_heavy,homog,high,spread,1001,285,258,27,0.9052631578947369,0.5682291666666667,0.9746875,30,0.4064583333333333,0.1609375,7115.358511333181,140.5410561403509,221.134,{}
test,ram_heavy,homog,high,tetris,1001,285,258,27,0.9052631578947369,0.56875,0.97125,30,0.40249999999999997,0.13138020833333333,6832.428248355746,146.360849122807,230.051,{}
test,ram_heavy,homog,high,hybrid,1001,285,260,25,0.9122807017543859,0.5737847222222222,0.9755208333333333,30,0.4025694444444444,0.10768229166666667,5394.87309876627,185.36117192982456,281.947,"{'family': 'hybrid', 'alpha': 0.1}"
test,ram_heavy,homog,high,balance,1001,285,257,28,0.9017543859649123,0.5680555555555556,0.9852083333333332,30,0.41715277777777776,0.17122395833333334,9447.528113937586,105.84779298245614,205.093,"{'family': 'balance', 'lam': 0.8}"
test,ram_heavy,homog,high,wmatch,1001,285,256,29,0.8982456140350877,0.5699652777777777,0.9851041666666667,30,0.41513888888888884,0.17057291666666666,6483.194536100133,154.24494736842104,308.427,"{'family': 'wmatch', 'lam': 0.8}"
test,ram_heavy,homog,high,d1_cheap,1001,285,259,26,0.9087719298245615,0.5730902777777778,0.9738541666666667,30,0.40076388888888886,0.11497395833333333,4062.3008715345813,246.16591228070175,367.588,"{'family': 'd_cheap', 'alpha': 0.0, 'beta': 0.8, 'gamma': 0.2}"
test,ram_heavy,homog,high,d1_cheap_nomad_ff,1001,285,257,28,0.9017543859649123,0.5680555555555556,0.9852083333333332,30,0.41715277777777776,0.17122395833333334,6806.7282765535965,146.9134596491228,275.836,{'derived_from': 'd1_cheap'}
test,ram_heavy,homog,high,d2_capacity,1001,285,260,25,0.9122807017543859,0.5727430555555556,0.9730208333333333,30,0.4002777777777778,0.10768229166666667,2965.4693877092345,337.2147438596491,476.912,"{'family': 'd_capacity', 'alpha': 0.0, 'beta': 0.8, 'gamma': 0.2}"
test,ram_heavy,homog,high,d2_capacity_nomad_ff,1001,285,257,28,0.9017543859649123,0.5680555555555556,0.9852083333333332,30,0.41715277777777776,0.17122395833333334,5004.282260904524,199.82885614035087,392.594,{'derived_from': 'd2_capacity'}
test,ram_heavy,homog,high,ff_only_cheap,1001,285,257,28,0.9017543859649123,0.5680555555555556,0.9852083333333332,30,0.41715277777777776,0.17122395833333334,6630.539763626143,150.81728421052634,298.95,"{'alpha': 0, 'beta': 0, 'gamma': 1}"
test,ram_heavy,homog,high,binpack,1002,285,260,25,0.9122807017543859,0.5649305555555556,0.9839583333333334,30,0.4190277777777778,0.17317708333333334,10708.697867428575,93.3820350877193,182.431,{}
test,ram_heavy,homog,high,spread,1002,285,258,27,0.9052631578947369,0.5630208333333333,0.9684375000000001,30,0.4144444444444444,0.141796875,6927.148852616231,144.35953684210526,239.589,{}
test,ram_heavy,homog,high,tetris,1002,285,256,29,0.8982456140350877,0.5574652777777778,0.9551041666666666,30,0.39763888888888893,0.0921875,6766.104343252593,147.79553333333334,229.93,{}
test,ram_heavy,homog,high,hybrid,1002,285,258,27,0.9052631578947369,0.5635416666666667,0.965,30,0.4014583333333333,0.09361979166666666,5333.160875752173,187.50606315789474,285.734,"{'family': 'hybrid', 'alpha': 0.1}"
test,ram_heavy,homog,high,balance,1002,285,260,25,0.9122807017543859,0.5649305555555556,0.9839583333333334,30,0.4190277777777778,0.16458333333333333,9407.841412710515,106.29430877192982,206.456,"{'family': 'balance', 'lam': 0.8}"
test,ram_heavy,homog,high,wmatch,1002,285,259,26,0.9087719298245615,0.5631944444444444,0.9829166666666667,30,0.4197222222222222,0.17447916666666666,6491.169140189301,154.05545263157896,312.645,"{'family': 'wmatch', 'lam': 0.8}"
test,ram_heavy,homog,high,d1_cheap,1002,285,259,26,0.9087719298245615,0.5678819444444444,0.9707291666666666,30,0.4028472222222222,0.09830729166666667,3825.5318546332796,261.40156140350877,376.344,"{'family': 'd_cheap', 'alpha': 0.0, 'beta': 0.8, 'gamma': 0.2}"
test,ram_heavy,homog,high,d1_cheap_nomad_ff,1002,285,259,26,0.9087719298245615,0.5631944444444444,0.9797916666666667,30,0.4179861111111111,0.17643229166666666,6664.922561667898,150.03925263157893,298.338,{'derived_from': 'd1_cheap'}
test,ram_heavy,homog,high,d2_capacity,1002,285,260,25,0.9122807017543859,0.5696180555555556,0.9717708333333334,30,0.40215277777777775,0.1109375,2811.6063623633204,355.6685649122807,504.253,"{'family': 'd_capacity', 'alpha': 0.0, 'beta': 0.8, 'gamma': 0.2}"
test,ram_heavy,homog,high,d2_capacity_nomad_ff,1002,285,259,26,0.9087719298245615,0.5631944444444444,0.9829166666666667,30,0.4197222222222222,0.17447916666666666,4917.535856946018,203.35388070175438,395.1,{'derived_from': 'd2_capacity'}
test,ram_heavy,homog,high,ff_only_cheap,1002,285,259,26,0.9087719298245615,0.5631944444444444,0.9797916666666667,30,0.4179861111111111,0.17643229166666666,6518.016552468729,153.4209052631579,302.556,"{'alpha': 0, 'beta': 0, 'gamma': 1}"
test,ram_heavy,homog,high,binpack,1003,285,255,30,0.8947368421052632,0.5817708333333333,0.9853124999999999,30,0.40354166666666663,0.166015625,10604.312219378737,94.3012596491228,188.423,{}
test,ram_heavy,homog,high,spread,1003,285,255,30,0.8947368421052632,0.5786458333333333,0.9559375,30,0.3997916666666666,0.15338541666666666,6893.193283640102,145.07064561403507,251.49,{}
test,ram_heavy,homog,high,tetris,1003,285,259,26,0.9087719298245615,0.5855902777777777,0.9726041666666666,30,0.3870138888888889,0.12096354166666666,6743.319038916617,148.29492631578947,242.012,{}
test,ram_heavy,homog,high,hybrid,1003,285,260,25,0.9122807017543859,0.5847222222222223,0.9783333333333334,30,0.39402777777777775,0.11770833333333333,5460.415741110232,183.1362385964912,291.345,"{'family': 'hybrid', 'alpha': 0.1}"
test,ram_heavy,homog,high,balance,1003,285,257,28,0.9017543859649123,0.5852430555555556,0.9873958333333334,30,0.40215277777777775,0.16341145833333334,9284.849607915461,107.70233684210525,204.292,"{'family': 'balance', 'lam': 0.8}"
test,ram_heavy,homog,high,wmatch,1003,285,255,30,0.8947368421052632,0.5817708333333333,0.9853124999999999,30,0.40354166666666663,0.166015625,6412.318563446248,155.94983157894737,302.416,"{'family': 'wmatch', 'lam': 0.8}"
test,ram_heavy,homog,high,d1_cheap,1003,285,260,25,0.9122807017543859,0.5847222222222223,0.9783333333333334,30,0.39361111111111113,0.12565104166666666,4020.7940230177337,248.70709473684212,386.894,"{'family': 'd_cheap', 'alpha': 0.0, 'beta': 0.8, 'gamma': 0.2}"
test,ram_heavy,homog,high,d1_cheap_nomad_ff,1003,285,255,30,0.8947368421052632,0.5817708333333333,0.9853124999999999,30,0.40354166666666663,0.166015625,6636.474201929048,150.68242105263158,304.519,{'derived_from': 'd1_cheap'}
test,ram_heavy,homog,high,d2_capacity,1003,285,260,25,0.9122807017543859,0.5873263888888889,0.9767708333333333,30,0.3894444444444444,0.11770833333333333,2993.2192870573863,334.08845263157895,484.667,"{'family': 'd_capacity', 'alpha': 0.0, 'beta': 0.8, 'gamma': 0.2}"
test,ram_heavy,homog,high,d2_capacity_nomad_ff,1003,285,255,30,0.8947368421052632,0.5817708333333333,0.9853124999999999,30,0.40354166666666663,0.166015625,4949.323185264228,202.04782807017543,387.294,{'derived_from': 'd2_capacity'}
test,ram_heavy,homog,high,ff_only_cheap,1003,285,255,30,0.8947368421052632,0.5817708333333333,0.9853124999999999,30,0.40354166666666663,0.166015625,6765.818269456571,147.80178245614036,290.293,"{'alpha': 0, 'beta': 0, 'gamma': 1}"
test,ram_heavy,homog,high,binpack,1004,285,258,27,0.9052631578947369,0.58125,0.98875,30,0.4075,0.1640625,10798.534991174944,92.60515438596491,177.532,{}
test,ram_heavy,homog,high,spread,1004,285,256,29,0.8982456140350877,0.5746527777777778,0.9697916666666667,30,0.4240277777777778,0.16236979166666668,7153.5575382093475,139.79058596491228,224.05,{}
test,ram_heavy,homog,high,tetris,1004,285,263,22,0.9228070175438596,0.5821180555555556,0.9798958333333334,30,0.39777777777777773,0.12864583333333332,6670.9968067927875,149.9026350877193,234.399,{}
test,ram_heavy,homog,high,hybrid,1004,285,264,21,0.9263157894736842,0.5864583333333333,0.9825,30,0.3960416666666667,0.14283854166666668,5450.850977291678,183.45759298245613,274.654,"{'family': 'hybrid', 'alpha': 0.1}"
test,ram_heavy,homog,high,balance,1004,285,257,28,0.9017543859649123,0.5805555555555556,0.9870833333333333,30,0.40652777777777777,0.16536458333333334,9551.44055664321,104.69624912280702,203.761,"{'family': 'balance', 'lam': 0.8}"
test,ram_heavy,homog,high,wmatch,1004,285,256,29,0.8982456140350877,0.579861111111111,0.9854166666666667,30,0.40555555555555556,0.16666666666666666,6400.446423277826,156.23910175438598,310.22,"{'family': 'wmatch', 'lam': 0.8}"
test,ram_heavy,homog,high,d1_cheap,1004,285,264,21,0.9263157894736842,0.5864583333333333,0.9825,30,0.3960416666666667,0.15143229166666666,3978.6663630409084,251.34050175438597,370.944,"{'family': 'd_cheap', 'alpha': 0.0, 'beta': 0.8, 'gamma': 0.2}"
test,ram_heavy,homog,high,d1_cheap_nomad_ff,1004,285,258,27,0.9052631578947369,0.58125,0.98875,30,0.4075,0.1640625,6900.553627785687,144.91590877192982,282.198,{'derived_from': 'd1_cheap'}
test,ram_heavy,homog,high,d2_capacity,1004,285,263,22,0.9228070175438596,0.5847222222222223,0.9783333333333334,30,0.39361111111111113,0.10104166666666667,2969.9193438683287,336.7094807017544,482.813,"{'family': 'd_capacity', 'alpha': 0.0, 'beta': 0.8, 'gamma': 0.2}"
test,ram_heavy,homog,high,d2_capacity_nomad_ff,1004,285,258,27,0.9052631578947369,0.58125,0.98875,30,0.4075,0.1640625,5010.306904503533,199.58857192982458,391.693,{'derived_from': 'd2_capacity'}
test,ram_heavy,homog,high,ff_only_cheap,1004,285,258,27,0.9052631578947369,0.58125,0.98875,30,0.4075,0.1640625,6877.295795170676,145.4059894736842,283.149,"{'alpha': 0, 'beta': 0, 'gamma': 1}"
test,ram_heavy,homog,high,binpack,1005,285,256,29,0.8982456140350877,0.5824652777777778,0.9838541666666667,30,0.4018055555555556,0.16666666666666666,10696.14850457523,93.49159649122808,191.208,{}
test,ram_heavy,homog,high,spread,1005,285,259,26,0.9087719298245615,0.5772569444444444,0.9651041666666667,30,0.4182638888888889,0.16953125,7043.5635508487085,141.9735894736842,222.817,{}
test,ram_heavy,homog,high,tetris,1005,285,260,25,0.9122807017543859,0.577951388888889,0.9667708333333334,30,0.38881944444444444,0.12473958333333333,6573.59289476259,152.1238105263158,225.913,{}
test,ram_heavy,homog,high,hybrid,1005,285,264,21,0.9263157894736842,0.5885416666666666,0.9875,30,0.39895833333333325,0.153515625,5416.587872734892,184.6180701754386,273.612,"{'family': 'hybrid', 'alpha': 0.1}"
test,ram_heavy,homog,high,balance,1005,285,256,29,0.8982456140350877,0.5814236111111111,0.9844791666666667,30,0.4034722222222222,0.16666666666666666,9438.646282193402,105.94739649122806,213.74,"{'family': 'balance', 'lam': 0.8}"
test,ram_heavy,homog,high,wmatch,1005,285,256,29,0.8982456140350877,0.5824652777777778,0.9838541666666667,30,0.4018055555555556,0.16666666666666666,6458.016390128361,154.8463087719298,300.262,"{'family': 'wmatch', 'lam': 0.8}"
test,ram_heavy,homog,high,d1_cheap,1005,285,263,22,0.9228070175438596,0.584201388888889,0.9848958333333333,30,0.4006944444444444,0.14817708333333332,4075.2524972825577,245.38356842105262,357.378,"{'family': 'd_cheap', 'alpha': 0.0, 'beta': 0.8, 'gamma': 0.2}"
test,ram_heavy,homog,high,d1_cheap_nomad_ff,1005,285,256,29,0.8982456140350877,0.5824652777777778,0.9838541666666667,30,0.4018055555555556,0.16666666666666666,6843.134374523832,146.13186666666667,266.378,{'derived_from': 'd1_cheap'}
test,ram_heavy,homog,high,d2_capacity,1005,285,262,23,0.9192982456140351,0.579861111111111,0.9791666666666666,30,0.3993055555555555,0.13619791666666667,2978.1400445381364,335.7800456140351,472.434,"{'family': 'd_capacity', 'alpha': 0.0, 'beta': 0.8, 'gamma': 0.2}"
test,ram_heavy,homog,high,d2_capacity_nomad_ff,1005,285,255,30,0.8947368421052632,0.5796875,0.9834375000000001,30,0.4041666666666667,0.16796875,4973.596658692391,201.0617403508772,385.241,{'derived_from': 'd2_capacity'}
test,ram_heavy,homog,high,ff_only_cheap,1005,285,256,29,0.8982456140350877,0.5824652777777778,0.9838541666666667,30,0.4018055555555556,0.16666666666666666,6730.863199432925,148.5693543859649,278.841,"{'alpha': 0, 'beta': 0, 'gamma': 1}"
test,ram_heavy,homog,high,binpack,1006,285,257,28,0.9017543859649123,0.5909722222222222,0.9839583333333334,30,0.39368055555555553,0.16341145833333334,10659.879851559115,93.80968771929825,179.035,{}
test,ram_heavy,homog,high,spread,1006,285,260,25,0.9122807017543859,0.585763888888889,0.9808333333333333,30,0.3954861111111111,0.16731770833333334,7028.810378529307,142.27158596491228,216.665,{}
test,ram_heavy,homog,high,tetris,1006,285,261,24,0.9157894736842105,0.5895833333333333,0.9774999999999999,30,0.38791666666666663,0.15078125,6619.230243444141,151.07496842105263,226.184,{}
test,ram_heavy,homog,high,hybrid,1006,285,260,25,0.9122807017543859,0.5868055555555556,0.9708333333333333,30,0.3844444444444444,0.12161458333333333,5366.728924488317,186.33324210526317,279.092,"{'family': 'hybrid', 'alpha': 0.1}"
test,ram_heavy,homog,high,balance,1006,285,260,25,0.9122807017543859,0.5930555555555556,0.9858333333333333,30,0.3927777777777778,0.16145833333333334,9379.96551924675,106.61019999999999,195.216,"{'family': 'balance', 'lam': 0.8}"
test,ram_heavy,homog,high,wmatch,1006,285,260,25,0.9122807017543859,0.5930555555555556,0.9858333333333333,30,0.3927777777777778,0.16145833333333334,6374.258338267979,156.88099649122805,313.096,"{'family': 'wmatch', 'lam': 0.8}"
test,ram_heavy,homog,high,d1_cheap,1006,285,261,24,0.9157894736842105,0.5895833333333333,0.9774999999999999,30,0.38791666666666663,0.13294270833333333,3997.4267231707377,250.16093333333333,365.183,"{'family': 'd_cheap', 'alpha': 0.0, 'beta': 0.8, 'gamma': 0.2}"
test,ram_heavy,homog,high,d1_cheap_nomad_ff,1006,285,259,26,0.9087719298245615,0.5923611111111111,0.9841666666666666,30,0.3918055555555556,0.16276041666666666,6835.435733485066,146.29645263157894,274.674,{'derived_from': 'd1_cheap'}
test,ram_heavy,homog,high,d2_capacity,1006,285,261,24,0.9157894736842105,0.5895833333333333,0.9774999999999999,30,0.38791666666666663,0.1421875,3019.4889257542,331.18187368421053,466.613,"{'family': 'd_capacity', 'alpha': 0.0, 'beta': 0.8, 'gamma': 0.2}"
test,ram_heavy,homog,high,d2_capacity_nomad_ff,1006,285,260,25,0.9122807017543859,0.5930555555555556,0.9858333333333333,30,0.3927777777777778,0.16145833333333334,4953.860869687647,201.8627543859649,383.547,{'derived_from': 'd2_capacity'}
test,ram_heavy,homog,high,ff_only_cheap,1006,285,259,26,0.9087719298245615,0.5923611111111111,0.9841666666666666,30,0.3918055555555556,0.16276041666666666,6698.796759775553,149.28054035087717,279.342,"{'alpha': 0, 'beta': 0, 'gamma': 1}"
test,ram_heavy,homog,high,binpack,1007,285,256,29,0.8982456140350877,0.5803819444444444,0.9851041666666667,30,0.4047222222222222,0.16666666666666666,10885.090794261014,91.86877894736843,178.995,{}
test,ram_heavy,homog,high,spread,1007,285,261,24,0.9157894736842105,0.5828125,0.9846874999999999,30,0.4039583333333333,0.166015625,7108.3586216309,140.67945263157895,221.665,{}
test,ram_heavy,homog,high,tetris,1007,285,260,25,0.9122807017543859,0.584201388888889,0.9723958333333333,30,0.3881944444444444,0.13880208333333333,6687.184826819863,149.53975789473682,223.839,{}
test,ram_heavy,homog,high,hybrid,1007,285,262,23,0.9192982456140351,0.587673611111111,0.9807291666666667,30,0.39305555555555555,0.14947916666666666,5529.553718450258,180.84642105263157,271.938,"{'family': 'hybrid', 'alpha': 0.1}"
test,ram_heavy,homog,high,balance,1007,285,257,28,0.9017543859649123,0.5821180555555556,0.9861458333333334,30,0.40402777777777776,0.16536458333333334,9614.584048804572,104.0086596491228,197.991,"{'family': 'balance', 'lam': 0.8}"
test,ram_heavy,homog,high,wmatch,1007,285,258,27,0.9052631578947369,0.5838541666666667,0.9871875,30,0.4033333333333333,0.1640625,6523.136007019535,153.30049824561402,296.004,"{'family': 'wmatch', 'lam': 0.8}"
test,ram_heavy,homog,high,d1_cheap,1007,285,262,23,0.9192982456140351,0.586111111111111,0.9847916666666666,30,0.3986805555555556,0.14752604166666666,4046.9394998732528,247.10030877192983,353.201,"{'family': 'd_cheap', 'alpha': 0.0, 'beta': 0.8, 'gamma': 0.2}"
test,ram_heavy,homog,high,d1_cheap_nomad_ff,1007,285,258,27,0.9052631578947369,0.5838541666666667,0.9871875,30,0.4033333333333333,0.1640625,6811.9215319222785,146.80145614035087,269.143,{'derived_from': 'd1_cheap'}
test,ram_heavy,homog,high,d2_capacity,1007,285,262,23,0.9192982456140351,0.5887152777777778,0.9832291666666666,30,0.39451388888888883,0.13893229166666668,3057.5527335047123,327.0589543859649,482.713,"{'family': 'd_capacity', 'alpha': 0.0, 'beta': 0.8, 'gamma': 0.2}"
test,ram_heavy,homog,high,d2_capacity_nomad_ff,1007,285,258,27,0.9052631578947369,0.5838541666666667,0.9871875,30,0.4033333333333333,0.1640625,4991.16467531747,200.35403859649125,391.833,{'derived_from': 'd2_capacity'}
test,ram_heavy,homog,high,ff_only_cheap,1007,285,258,27,0.9052631578947369,0.5838541666666667,0.9871875,30,0.4033333333333333,0.1640625,6758.002613284042,147.97271578947368,279.403,"{'alpha': 0, 'beta': 0, 'gamma': 1}"
test,ram_heavy,homog,high,binpack,1008,285,256,29,0.8982456140350877,0.5897569444444444,0.9857291666666667,30,0.3959722222222222,0.16276041666666666,10770.674243073861,92.84469824561404,173.525,{}
test,ram_heavy,homog,high,spread,1008,285,254,31,0.8912280701754386,0.5732638888888889,0.9664583333333333,30,0.42763888888888885,0.18098958333333334,7147.663453896443,139.90585964912282,214.932,{}
test,ram_heavy,homog,high,tetris,1008,285,262,23,0.9192982456140351,0.5881944444444444,0.9741666666666667,30,0.3859722222222222,0.14674479166666668,6572.772724865856,152.14279298245611,226.604,{}
test,ram_heavy,homog,high,hybrid,1008,285,262,23,0.9192982456140351,0.5902777777777778,0.9791666666666666,30,0.3897222222222222,0.12369791666666667,5367.9080352667415,186.29231228070176,274.543,"{'family': 'hybrid', 'alpha': 0.1}"
test,ram_heavy,homog,high,balance,1008,285,256,29,0.8982456140350877,0.5897569444444444,0.9857291666666667,30,0.3959722222222222,0.16276041666666666,9430.337156392015,106.04074736842105,200.545,"{'family': 'balance', 'lam': 0.8}"
test,ram_heavy,homog,high,wmatch,1008,285,256,29,0.8982456140350877,0.5897569444444444,0.9857291666666667,30,0.3959722222222222,0.16276041666666666,6463.865494987851,154.70618947368422,303.959,"{'family': 'wmatch', 'lam': 0.8}"
test,ram_heavy,homog,high,d1_cheap,1008,285,263,22,0.9228070175438596,0.5930555555555556,0.9858333333333333,30,0.3927777777777778,0.16145833333333334,4085.91225481928,244.74338596491228,361.947,"{'family': 'd_cheap', 'alpha': 0.0, 'beta': 0.8, 'gamma': 0.2}"
test,ram_heavy,homog,high,d1_cheap_nomad_ff,1008,285,256,29,0.8982456140350877,0.5897569444444444,0.9857291666666667,30,0.3959722222222222,0.16276041666666666,6927.268060481613,144.35705263157897,291.195,{'derived_from': 'd1_cheap'}
test,ram_heavy,homog,high,d2_capacity,1008,285,263,22,0.9228070175438596,0.592013888888889,0.9833333333333333,30,0.3913194444444444,0.16341145833333334,3059.6215570199392,326.83780701754387,472.724,"{'family': 'd_capacity', 'alpha': 0.0, 'beta': 0.8, 'gamma': 0.2}"
test,ram_heavy,homog,high,d2_capacity_nomad_ff,1008,285,256,29,0.8982456140350877,0.5897569444444444,0.9857291666666667,30,0.3959722222222222,0.16276041666666666,5033.500684573754,198.66889122807015,382.466,{'derived_from': 'd2_capacity'}
test,ram_heavy,homog,high,ff_only_cheap,1008,285,256,29,0.8982456140350877,0.5897569444444444,0.9857291666666667,30,0.3959722222222222,0.16276041666666666,6837.948396666651,146.24269473684208,287.097,"{'alpha': 0, 'beta': 0, 'gamma': 1}"
test,ram_heavy,homog,high,binpack,1009,285,255,30,0.8947368421052632,0.5755208333333334,0.9890625,30,0.41354166666666664,0.166015625,10928.053644243233,91.50760350877194,179.025,{}
test,ram_heavy,homog,high,spread,1009,285,257,28,0.9017543859649123,0.5737847222222222,0.9848958333333333,30,0.4111111111111111,0.16927083333333334,7179.1718772340455,139.29183157894738,211.175,{}
test,ram_heavy,homog,high,tetris,1009,285,257,28,0.9017543859649123,0.5664930555555556,0.9673958333333332,30,0.4009027777777778,0.09231770833333333,6824.16340964512,146.53810877192984,210.464,{}
test,ram_heavy,homog,high,hybrid,1009,285,258,27,0.9052631578947369,0.5682291666666667,0.9715624999999999,30,0.4033333333333333,0.08385416666666666,5505.747004975051,181.62839649122807,269.093,"{'family': 'hybrid', 'alpha': 0.1}"
test,ram_heavy,homog,high,balance,1009,285,254,31,0.8912280701754386,0.5737847222222222,0.9848958333333333,30,0.41111111111111115,0.16927083333333334,9717.950302197567,102.90235789473684,203.601,"{'family': 'balance', 'lam': 0.8}"
test,ram_heavy,homog,high,wmatch,1009,285,255,30,0.8947368421052632,0.5755208333333334,0.9890625,30,0.41354166666666664,0.166015625,6469.426636055005,154.57320350877194,304.76,"{'family': 'wmatch', 'lam': 0.8}"
test,ram_heavy,homog,high,d1_cheap,1009,285,258,27,0.9052631578947369,0.5682291666666667,0.9715625,30,0.4033333333333333,0.10963541666666667,4081.1979682164038,245.0260947368421,351.397,"{'family': 'd_cheap', 'alpha': 0.0, 'beta': 0.8, 'gamma': 0.2}"
test,ram_heavy,homog,high,d1_cheap_nomad_ff,1009,285,255,30,0.8947368421052632,0.5744791666666667,0.9865625,30,0.41208333333333336,0.16796875,6907.152050579548,144.7774701754386,282.588,{'derived_from': 'd1_cheap'}
test,ram_heavy,homog,high,d2_capacity,1009,285,258,27,0.9052631578947369,0.5682291666666667,0.9715624999999999,30,0.4033333333333333,0.09309895833333333,3095.0023010527634,323.10153684210525,470.35,"{'family': 'd_capacity', 'alpha': 0.0, 'beta': 0.8, 'gamma': 0.2}"
test,ram_heavy,homog,high,d2_capacity_nomad_ff,1009,285,254,31,0.8912280701754386,0.5737847222222222,0.9848958333333333,30,0.4111111111111111,0.16927083333333334,5110.704311002819,195.66774736842106,389.408,{'derived_from': 'd2_capacity'}
test,ram_heavy,homog,high,ff_only_cheap,1009,285,255,30,0.8947368421052632,0.5744791666666667,0.9865625,30,0.41208333333333336,0.16796875,6879.412539686969,145.36124912280704,285.093,"{'alpha': 0, 'beta': 0, 'gamma': 1}"
test,ram_heavy,homog,low,binpack,1000,103,103,0,1.0,0.23090277777777776,0.39791666666666664,13,0.17062499999999997,0.07122395833333334,6173.942127984023,161.97106796116503,227.565,{}
test,ram_heavy,homog,low,spread,1000,103,103,0,1.0,0.23090277777777776,0.39791666666666664,30,0.19354166666666664,0.0,5251.152156314258,190.43439805825244,278.411,{}
test,ram_heavy,homog,low,tetris,1000,103,103,0,1.0,0.23090277777777776,0.39791666666666664,30,0.1670138888888889,0.0014322916666666666,5138.3323886451035,194.61566990291263,298.709,{}
test,ram_heavy,homog,low,hybrid,1000,103,103,0,1.0,0.23090277777777776,0.39791666666666664,30,0.1670138888888889,0.0049479166666666664,4240.64429467422,235.8132233009709,293.84,"{'family': 'hybrid', 'alpha': 0.1}"
test,ram_heavy,homog,low,balance,1000,103,103,0,1.0,0.2309027777777778,0.39791666666666664,13,0.16770833333333332,0.06458333333333334,5806.747496967665,172.21344660194174,222.877,"{'family': 'balance', 'lam': 0.8}"
test,ram_heavy,homog,low,wmatch,1000,103,103,0,1.0,0.23090277777777776,0.39791666666666664,13,0.17062499999999997,0.07122395833333334,3934.1670992022387,254.1834077669903,327.132,"{'family': 'wmatch', 'lam': 0.8}"
test,ram_heavy,homog,low,d1_cheap,1000,103,103,0,1.0,0.23090277777777776,0.39791666666666664,18,0.16701388888888888,0.0,3208.4131945276185,311.68055339805824,363.59,"{'family': 'd_cheap', 'alpha': 0.0, 'beta': 0.8, 'gamma': 0.2}"
test,ram_heavy,homog,low,d1_cheap_nomad_ff,1000,103,103,0,1.0,0.23090277777777776,0.39791666666666664,13,0.16770833333333332,0.06458333333333334,4270.23559967727,234.17911650485436,303.548,{'derived_from': 'd1_cheap'}
test,ram_heavy,homog,low,d2_capacity,1000,103,103,0,1.0,0.23090277777777776,0.39791666666666664,18,0.1670138888888889,0.00546875,2413.996454565751,414.2508155339806,479.087,"{'family': 'd_capacity', 'alpha': 0.0, 'beta': 0.8, 'gamma': 0.2}"
test,ram_heavy,homog,low,d2_capacity_nomad_ff,1000,103,103,0,1.0,0.23090277777777776,0.39791666666666664,13,0.17062499999999997,0.07122395833333334,3115.087293214154,321.0182912621359,403.595,{'derived_from': 'd2_capacity'}
test,ram_heavy,homog,low,ff_only_cheap,1000,103,103,0,1.0,0.23090277777777776,0.39791666666666664,13,0.16770833333333332,0.06458333333333334,4245.106340325971,235.56535922330096,293.86,"{'alpha': 0, 'beta': 0, 'gamma': 1}"
test,ram_heavy,homog,low,binpack,1001,103,103,0,1.0,0.23090277777777776,0.39791666666666664,13,0.16868055555555556,0.07252604166666667,6660.877092655192,150.1303786407767,190.446,{}
test,ram_heavy,homog,low,spread,1001,103,103,0,1.0,0.23090277777777776,0.39791666666666664,30,0.20493055555555553,0.0,5555.82945135483,179.99112621359225,215.824,{}
test,ram_heavy,homog,low,tetris,1001,103,103,0,1.0,0.23090277777777776,0.39791666666666664,30,0.1670138888888889,0.0,5461.5925961590265,183.0967766990291,220.333,{}
test,ram_heavy,homog,low,hybrid,1001,103,103,0,1.0,0.23090277777777776,0.39791666666666664,30,0.16743055555555558,0.002994791666666667,4305.032177189774,232.28630097087378,278.34,"{'family': 'hybrid', 'alpha': 0.1}"
test,ram_heavy,homog,low,balance,1001,103,103,0,1.0,0.23090277777777776,0.39791666666666664,13,0.16770833333333332,0.055989583333333336,5738.081642316959,174.2742718446602,223.107,"{'family': 'balance', 'lam': 0.8}"
test,ram_heavy,homog,low,wmatch,1001,103,103,0,1.0,0.23090277777777776,0.39791666666666664,13,0.16868055555555556,0.07252604166666667,3939.195496191582,253.85894174757283,319.228,"{'family': 'wmatch', 'lam': 0.8}"
test,ram_heavy,homog,low,d1_cheap,1001,103,103,0,1.0,0.23090277777777776,0.39791666666666664,19,0.1670138888888889,0.0033854166666666668,3238.1017053163973,308.82291262135925,361.346,"{'family': 'd_cheap', 'alpha': 0.0, 'beta': 0.8, 'gamma': 0.2}"
test,ram_heavy,homog,low,d1_cheap_nomad_ff,1001,103,103,0,1.0,0.23090277777777776,0.39791666666666664,13,0.16868055555555556,0.07252604166666667,4244.6716080963115,235.58948543689323,300.132,{'derived_from': 'd1_cheap'}
test,ram_heavy,homog,low,d2_capacity,1001,103,103,0,1.0,0.23090277777777776,0.39791666666666664,20,0.16701388888888888,0.003515625,2385.9650033139433,419.11763106796116,486.551,"{'family': 'd_capacity', 'alpha': 0.0, 'beta': 0.8, 'gamma': 0.2}"
test,ram_heavy,homog,low,d2_capacity_nomad_ff,1001,103,103,0,1.0,0.23090277777777776,0.39791666666666664,13,0.16868055555555556,0.07252604166666667,3039.8813844186484,328.9602038834951,419.304,{'derived_from': 'd2_capacity'}
test,ram_heavy,homog,low,ff_only_cheap,1001,103,103,0,1.0,0.23090277777777776,0.39791666666666664,13,0.16868055555555556,0.07252604166666667,4157.972937328529,240.5018058252427,304.299,"{'alpha': 0, 'beta': 0, 'gamma': 1}"
test,ram_heavy,homog,low,binpack,1002,103,103,0,1.0,0.23090277777777776,0.39791666666666664,13,0.17256944444444444,0.06197916666666667,6565.923304278592,152.30150485436891,193.722,{}
test,ram_heavy,homog,low,spread,1002,103,103,0,1.0,0.23090277777777776,0.39791666666666664,30,0.18340277777777778,0.0,5547.429200126955,180.2636796116505,216.195,{}
test,ram_heavy,homog,low,tetris,1002,103,103,0,1.0,0.23090277777777776,0.39791666666666664,30,0.1670138888888889,0.0,5449.85540422477,183.4911067961165,211.616,{}
test,ram_heavy,homog,low,hybrid,1002,103,103,0,1.0,0.23090277777777776,0.39791666666666664,30,0.16701388888888893,0.0049479166666666664,4228.302731368621,236.50151456310678,280.675,"{'family': 'hybrid', 'alpha': 0.1}"
test,ram_heavy,homog,low,balance,1002,103,103,0,1.0,0.23090277777777776,0.39791666666666664,13,0.17256944444444444,0.06067708333333333,5712.689013744729,175.04891262135922,225.512,"{'family': 'balance', 'lam': 0.8}"
test,ram_heavy,homog,low,wmatch,1002,103,103,0,1.0,0.23090277777777776,0.39791666666666664,13,0.17256944444444444,0.06197916666666667,3913.2436169677635,255.5424854368932,319.217,"{'family': 'wmatch', 'lam': 0.8}"
test,ram_heavy,homog,low,d1_cheap,1002,103,103,0,1.0,0.23090277777777776,0.39791666666666664,19,0.1670138888888889,0.0014322916666666666,3256.2234333265806,307.10423300970876,354.073,"{'family': 'd_cheap', 'alpha': 0.0, 'beta': 0.8, 'gamma': 0.2}"
test,ram_heavy,homog,low,d1_cheap_nomad_ff,1002,103,103,0,1.0,0.23090277777777776,0.39791666666666664,13,0.17256944444444444,0.06067708333333333,4236.277688907344,236.05629126213591,290.784,{'derived_from': 'd1_cheap'}
test,ram_heavy,homog,low,d2_capacity,1002,103,103,0,1.0,0.23090277777777776,0.39791666666666664,19,0.1670138888888889,0.0020833333333333333,2404.581760122099,415.8727378640777,477.673,"{'family': 'd_capacity', 'alpha': 0.0, 'beta': 0.8, 'gamma': 0.2}"
test,ram_heavy,homog,low,d2_capacity_nomad_ff,1002,103,103,0,1.0,0.23090277777777776,0.39791666666666664,13,0.17256944444444444,0.06067708333333333,3051.7486801409173,327.6809805825243,410.508,{'derived_from': 'd2_capacity'}
test,ram_heavy,homog,low,ff_only_cheap,1002,103,103,0,1.0,0.23090277777777776,0.39791666666666664,13,0.17256944444444444,0.06067708333333333,4163.883164672484,240.16043689320387,299.04,"{'alpha': 0, 'beta': 0, 'gamma': 1}"
test,ram_heavy,homog,low,binpack,1003,103,103,0,1.0,0.23090277777777776,0.39791666666666664,13,0.1670138888888889,0.07122395833333334,6665.004945045416,150.03739805825245,196.247,{}
test,ram_heavy,homog,low,spread,1003,103,103,0,1.0,0.23090277777777776,0.39791666666666664,30,0.18756944444444443,0.0,5527.916569033642,180.89998058252428,217.267,{}
test,ram_heavy,homog,low,tetris,1003,103,103,0,1.0,0.23090277777777776,0.39791666666666664,30,0.16701388888888888,0.0,5370.896654510189,186.1886504854369,225.933,{}
test,ram_heavy,homog,low,hybrid,1003,103,103,0,1.0,0.23090277777777776,0.39791666666666664,30,0.1670138888888889,0.002994791666666667,4238.291914042667,235.9441067961165,282.589,"{'family': 'hybrid', 'alpha': 0.1}"
test,ram_heavy,homog,low,balance,1003,103,103,0,1.0,0.23090277777777776,0.39791666666666664,13,0.16701388888888888,0.07252604166666667,5892.3878358232005,169.7104854368932,214.221,"{'family': 'balance', 'lam': 0.8}"
test,ram_heavy,homog,low,wmatch,1003,103,103,0,1.0,0.23090277777777776,0.39791666666666664,13,0.16701388888888888,0.07252604166666667,3945.112228101333,253.47821359223303,314.679,"{'family': 'wmatch', 'lam': 0.8}"
test,ram_heavy,homog,low,d1_cheap,1003,103,103,0,1.0,0.23090277777777776,0.39791666666666664,19,0.1670138888888889,0.0020833333333333333,3203.728517911642,312.13631067961165,356.016,"{'family': 'd_cheap', 'alpha': 0.0, 'beta': 0.8, 'gamma': 0.2}"
test,ram_heavy,homog,low,d1_cheap_nomad_ff,1003,103,103,0,1.0,0.23090277777777776,0.39791666666666664,13,0.16701388888888888,0.07252604166666667,4271.879321648789,234.08900970873788,296.855,{'derived_from': 'd1_cheap'}
test,ram_heavy,homog,low,d2_capacity,1003,103,103,0,1.0,0.23090277777777776,0.39791666666666664,19,0.16701388888888888,0.0069010416666666664,2382.045280506877,419.80730097087377,491.67,"{'family': 'd_capacity', 'alpha': 0.0, 'beta': 0.8, 'gamma': 0.2}"
test,ram_heavy,homog,low,d2_capacity_nomad_ff,1003,103,103,0,1.0,0.23090277777777776,0.39791666666666664,13,0.16701388888888888,0.07252604166666667,3074.2453839384766,325.2830776699029,404.196,{'derived_from': 'd2_capacity'}
test,ram_heavy,homog,low,ff_only_cheap,1003,103,103,0,1.0,0.23090277777777776,0.39791666666666664,13,0.16701388888888888,0.07252604166666667,4231.227634829609,236.3380291262136,288.61,"{'alpha': 0, 'beta': 0, 'gamma': 1}"
test,ram_heavy,homog,low,binpack,1004,103,103,0,1.0,0.23090277777777776,0.39791666666666664,13,0.1670138888888889,0.07122395833333334,6633.654681305704,150.74646601941748,197.269,{}
test,ram_heavy,homog,low,spread,1004,103,103,0,1.0,0.23090277777777776,0.39791666666666664,30,0.18965277777777778,0.0,5505.564201132478,181.634427184466,220.102,{}
test,ram_heavy,homog,low,tetris,1004,103,103,0,1.0,0.23090277777777776,0.39791666666666664,30,0.1670138888888889,0.0,5435.223976873175,183.98505825242717,212.648,{}
test,ram_heavy,homog,low,hybrid,1004,103,103,0,1.0,0.23090277777777776,0.39791666666666664,30,0.16743055555555558,0.0016927083333333334,4271.847784856142,234.09073786407768,272.35,"{'family': 'hybrid', 'alpha': 0.1}"
test,ram_heavy,homog,low,balance,1004,103,103,0,1.0,0.23090277777777776,0.39791666666666664,13,0.1670138888888889,0.07122395833333334,5727.945712866201,174.58266019417476,224.249,"{'family': 'balance', 'lam': 0.8}"
test,ram_heavy,homog,low,wmatch,1004,103,103,0,1.0,0.23090277777777776,0.39791666666666664,13,0.1670138888888889,0.07122395833333334,3973.5790172806705,251.66229126213594,312.615,"{'family': 'wmatch', 'lam': 0.8}"
test,ram_heavy,homog,low,d1_cheap,1004,103,103,0,1.0,0.23090277777777776,0.39791666666666664,19,0.16701388888888888,0.002864583333333333,3278.670991032103,305.00163106796117,348.522,"{'family': 'd_cheap', 'alpha': 0.0, 'beta': 0.8, 'gamma': 0.2}"
test,ram_heavy,homog,low,d1_cheap_nomad_ff,1004,103,103,0,1.0,0.23090277777777776,0.39791666666666664,13,0.1670138888888889,0.07122395833333334,4292.21338734688,232.9800291262136,287.168,{'derived_from': 'd1_cheap'}
test,ram_heavy,homog,low,d2_capacity,1004,103,103,0,1.0,0.23090277777777776,0.39791666666666664,19,0.16701388888888888,0.004296875,2474.0474821114353,404.1959611650485,456.484,"{'family': 'd_capacity', 'alpha': 0.0, 'beta': 0.8, 'gamma': 0.2}"
test,ram_heavy,homog,low,d2_capacity_nomad_ff,1004,103,103,0,1.0,0.23090277777777776,0.39791666666666664,13,0.16701388888888888,0.07122395833333334,3259.342255872417,306.81036893203884,382.285,{'derived_from': 'd2_capacity'}
test,ram_heavy,homog,low,ff_only_cheap,1004,103,103,0,1.0,0.23090277777777776,0.39791666666666664,13,0.1670138888888889,0.07122395833333334,4583.483093822609,218.17468932038832,273.251,"{'alpha': 0, 'beta': 0, 'gamma': 1}"
test,ram_heavy,homog,low,binpack,1005,103,103,0,1.0,0.23090277777777776,0.39791666666666664,13,0.16701388888888888,0.06796875,7294.892413793495,137.08221359223302,175.989,{}
test,ram_heavy,homog,low,spread,1005,103,103,0,1.0,0.23090277777777776,0.39791666666666664,30,0.19229166666666667,0.0,6197.154964372375,161.36436893203884,186.98,{}
test,ram_heavy,homog,low,tetris,1005,103,103,0,1.0,0.23090277777777776,0.39791666666666664,30,0.16701388888888888,0.0,6081.92841771015,164.42153398058252,195.927,{}
test,ram_heavy,homog,low,hybrid,1005,103,103,0,1.0,0.23090277777777776,0.39791666666666664,30,0.1670138888888889,0.00234375,4819.6634031306385,207.48336893203884,245.068,"{'family': 'hybrid', 'alpha': 0.1}"
test,ram_heavy,homog,low,balance,1005,103,103,0,1.0,0.23090277777777776,0.39791666666666664,13,0.16701388888888888,0.07122395833333334,6617.895135403741,151.10544660194174,188.412,"{'family': 'balance', 'lam': 0.8}"
test,ram_heavy,homog,low,wmatch,1005,103,103,0,1.0,0.23090277777777776,0.39791666666666664,13,0.16701388888888888,0.06796875,4533.218057559194,220.59384466019418,272.31,"{'family': 'wmatch', 'lam': 0.8}"
test,ram_heavy,homog,low,d1_cheap,1005,103,103,0,1.0,0.23090277777777776,0.39791666666666664,18,0.16701388888888888,0.002734375,3726.3986910861795,268.35561165048546,312.495,"{'family': 'd_cheap', 'alpha': 0.0, 'beta': 0.8, 'gamma': 0.2}"
test,ram_heavy,homog,low,d1_cheap_nomad_ff,1005,103,103,0,1.0,0.23090277777777776,0.39791666666666664,13,0.16701388888888888,0.06197916666666667,5022.366597653823,199.1093203883495,255.327,{'derived_from': 'd1_cheap'}
test,ram_heavy,homog,low,d2_capacity,1005,103,103,0,1.0,0.23090277777777776,0.39791666666666664,20,0.1670138888888889,0.007552083333333333,2913.8888418171678,343.18399029126215,403.435,"{'family': 'd_capacity', 'alpha': 0.0, 'beta': 0.8, 'gamma': 0.2}"
test,ram_heavy,homog,low,d2_capacity_nomad_ff,1005,103,103,0,1.0,0.23090277777777776,0.39791666666666664,13,0.16701388888888888,0.06197916666666667,3812.586428650721,262.2891359223301,333.434,{'derived_from': 'd2_capacity'}
test,ram_heavy,homog,low,ff_only_cheap,1005,103,103,0,1.0,0.23090277777777776,0.39791666666666664,13,0.16701388888888888,0.06197916666666667,5245.22362552607,190.64964077669904,246.301,"{'alpha': 0, 'beta': 0, 'gamma': 1}"
test,ram_heavy,homog,low,binpack,1006,103,103,0,1.0,0.23090277777777776,0.39791666666666664,13,0.1670138888888889,0.061328125,8178.134700865668,122.27727184466019,159.789,{}
test,ram_heavy,homog,low,spread,1006,103,103,0,1.0,0.23090277777777776,0.39791666666666664,30,0.18881944444444443,0.0,6973.586626637828,143.39823300970872,172.993,{}
test,ram_heavy,homog,low,tetris,1006,103,103,0,1.0,0.23090277777777776,0.39791666666666664,30,0.1670138888888889,0.0,6908.390119070464,144.75152427184466,173.795,{}
test,ram_heavy,homog,low,hybrid,1006,103,103,0,1.0,0.23090277777777776,0.39791666666666664,30,0.16743055555555558,0.007682291666666666,5599.6176602807645,178.5836213592233,216.525,"{'family': 'hybrid', 'alpha': 0.1}"
test,ram_heavy,homog,low,balance,1006,103,103,0,1.0,0.23090277777777776,0.39791666666666664,13,0.1670138888888889,0.04544270833333333,7458.5703571648655,134.07395145631068,171.11,"{'family': 'balance', 'lam': 0.8}"
test,ram_heavy,homog,low,wmatch,1006,103,103,0,1.0,0.23090277777777776,0.39791666666666664,13,0.1670138888888889,0.061328125,5171.706946983226,193.3597572815534,245.199,"{'family': 'wmatch', 'lam': 0.8}"
test,ram_heavy,homog,low,d1_cheap,1006,103,103,0,1.0,0.23090277777777776,0.39791666666666664,19,0.16701388888888888,0.008203125,4340.66847305903,230.37926213592232,261.84,"{'family': 'd_cheap', 'alpha': 0.0, 'beta': 0.8, 'gamma': 0.2}"
test,ram_heavy,homog,low,d1_cheap_nomad_ff,1006,103,103,0,1.0,0.23090277777777776,0.39791666666666664,13,0.1670138888888889,0.0546875,5604.078593992177,178.44146601941748,223.939,{'derived_from': 'd1_cheap'}
test,ram_heavy,homog,low,d2_capacity,1006,103,103,0,1.0,0.23090277777777776,0.39791666666666664,19,0.16701388888888888,0.004296875,3293.438916508478,303.63399029126214,350.346,"{'family': 'd_capacity', 'alpha': 0.0, 'beta': 0.8, 'gamma': 0.2}"
test,ram_heavy,homog,low,d2_capacity_nomad_ff,1006,103,103,0,1.0,0.23090277777777776,0.39791666666666664,13,0.1670138888888889,0.0546875,4196.365629581754,238.30144660194173,291.705,{'derived_from': 'd2_capacity'}
test,ram_heavy,homog,low,ff_only_cheap,1006,103,103,0,1.0,0.23090277777777776,0.39791666666666664,13,0.1670138888888889,0.0546875,5882.444990858224,169.99733980582525,210.183,"{'alpha': 0, 'beta': 0, 'gamma': 1}"
test,ram_heavy,homog,low,binpack,1007,103,103,0,1.0,0.23090277777777776,0.39791666666666664,13,0.16743055555555555,0.061328125,9342.630732429596,107.03623300970874,138.329,{}
test,ram_heavy,homog,low,spread,1007,103,103,0,1.0,0.23090277777777776,0.39791666666666664,30,0.18840277777777775,0.0,7967.027952046846,125.51732038834952,151.714,{}
test,ram_heavy,homog,low,tetris,1007,103,103,0,1.0,0.23090277777777776,0.39791666666666664,30,0.1670138888888889,0.0,7814.733458409533,127.96341747572816,154.609,{}
test,ram_heavy,homog,low,hybrid,1007,103,103,0,1.0,0.23090277777777776,0.39791666666666664,30,0.16743055555555558,0.00234375,6312.261574236364,158.42182524271846,186.709,"{'family': 'hybrid', 'alpha': 0.1}"
test,ram_heavy,homog,low,balance,1007,103,103,0,1.0,0.23090277777777776,0.39791666666666664,13,0.16743055555555555,0.061328125,8364.562386398278,119.55198058252427,161.032,"{'family': 'balance', 'lam': 0.8}"
test,ram_heavy,homog,low,wmatch,1007,103,103,0,1.0,0.23090277777777776,0.39791666666666664,13,0.16743055555555555,0.061328125,5763.100857118574,173.5176990291262,222.867,"{'family': 'wmatch', 'lam': 0.8}"
test,ram_heavy,homog,low,d1_cheap,1007,103,103,0,1.0,0.23090277777777776,0.39791666666666664,19,0.16701388888888888,0.0022135416666666666,4890.108577976841,204.49443689320387,227.085,"{'family': 'd_cheap', 'alpha': 0.0, 'beta': 0.8, 'gamma': 0.2}"
test,ram_heavy,homog,low,d1_cheap_nomad_ff,1007,103,103,0,1.0,0.23090277777777776,0.39791666666666664,13,0.16743055555555555,0.061328125,6292.861719801229,158.91021359223302,196.407,{'derived_from': 'd1_cheap'}
test,ram_heavy,homog,low,d2_capacity,1007,103,103,0,1.0,0.23090277777777776,0.39791666666666664,19,0.16701388888888888,0.0022135416666666666,3684.353758627469,271.41801941747576,303.628,"{'family': 'd_capacity', 'alpha': 0.0, 'beta': 0.8, 'gamma': 0.2}"
test,ram_heavy,homog,low,d2_capacity_nomad_ff,1007,103,103,0,1.0,0.23090277777777776,0.39791666666666664,13,0.16743055555555555,0.061328125,4661.178483493273,214.53801941747574,268.522,{'derived_from': 'd2_capacity'}
test,ram_heavy,homog,low,ff_only_cheap,1007,103,103,0,1.0,0.23090277777777776,0.39791666666666664,13,0.16743055555555555,0.061328125,6340.51742685059,157.71583495145632,197.209,"{'alpha': 0, 'beta': 0, 'gamma': 1}"
test,ram_heavy,homog,low,binpack,1008,103,103,0,1.0,0.23090277777777776,0.39791666666666664,13,0.16701388888888888,0.066015625,10277.861486358383,97.29650485436893,120.084,{}
test,ram_heavy,homog,low,spread,1008,103,103,0,1.0,0.23090277777777776,0.39791666666666664,30,0.1879861111111111,0.0,8700.059126615422,114.94174757281554,134.352,{}
test,ram_heavy,homog,low,tetris,1008,103,103,0,1.0,0.23090277777777776,0.39791666666666664,30,0.1670138888888889,0.0,8558.075599547203,116.84869902912622,135.995,{}
test,ram_heavy,homog,low,hybrid,1008,103,103,0,1.0,0.23090277777777776,0.39791666666666664,30,0.1670138888888889,0.004296875,6930.44104721252,144.29096116504854,169.878,"{'family': 'hybrid', 'alpha': 0.1}"
test,ram_heavy,homog,low,balance,1008,103,103,0,1.0,0.23090277777777776,0.39791666666666664,13,0.16701388888888888,0.066015625,9305.953831807805,107.45808737864077,136.015,"{'family': 'balance', 'lam': 0.8}"
test,ram_heavy,homog,low,wmatch,1008,103,103,0,1.0,0.23090277777777776,0.39791666666666664,13,0.16701388888888888,0.066015625,6410.196170050929,156.00146601941748,194.874,"{'family': 'wmatch', 'lam': 0.8}"
test,ram_heavy,homog,low,d1_cheap,1008,103,103,0,1.0,0.23090277777777776,0.39791666666666664,19,0.16701388888888888,0.0014322916666666666,5256.022381061826,190.25794174757283,214.05,"{'family': 'd_cheap', 'alpha': 0.0, 'beta': 0.8, 'gamma': 0.2}"
test,ram_heavy,homog,low,d1_cheap_nomad_ff,1008,103,103,0,1.0,0.23090277777777776,0.39791666666666664,13,0.16701388888888888,0.06796875,6890.700050302111,145.1231359223301,178.254,{'derived_from': 'd1_cheap'}
test,ram_heavy,homog,low,d2_capacity,1008,103,103,0,1.0,0.2309027777777778,0.39791666666666664,20,0.16701388888888888,0.0020833333333333333,3882.6165156253455,257.55827184466017,298.128,"{'family': 'd_capacity', 'alpha': 0.0, 'beta': 0.8, 'gamma': 0.2}"
test,ram_heavy,homog,low,d2_capacity_nomad_ff,1008,103,103,0,1.0,0.23090277777777776,0.39791666666666664,13,0.16701388888888888,0.066015625,5101.053100031304,196.03795145631068,244.547,{'derived_from': 'd2_capacity'}
test,ram_heavy,homog,low,ff_only_cheap,1008,103,103,0,1.0,0.23090277777777776,0.39791666666666664,13,0.16701388888888888,0.06796875,7110.445935413679,140.63815533980582,170.96,"{'alpha': 0, 'beta': 0, 'gamma': 1}"
test,ram_heavy,homog,low,binpack,1009,103,103,0,1.0,0.23090277777777776,0.39791666666666664,13,0.16701388888888888,0.05859375,11308.471384517012,88.42928155339806,113.863,{}
test,ram_heavy,homog,low,spread,1009,103,103,0,1.0,0.23090277777777776,0.39791666666666664,30,0.20159722222222223,0.0,9575.844921887601,104.42942718446602,122.429,{}
test,ram_heavy,homog,low,tetris,1009,103,103,0,1.0,0.23090277777777776,0.39791666666666664,30,0.16743055555555555,0.00013020833333333333,9386.377850554101,106.53736893203883,127.318,{}
test,ram_heavy,homog,low,hybrid,1009,103,103,0,1.0,0.23090277777777776,0.39791666666666664,30,0.1670138888888889,0.004296875,7418.407777775617,134.7998155339806,160.16,"{'family': 'hybrid', 'alpha': 0.1}"
test,ram_heavy,homog,low,balance,1009,103,103,0,1.0,0.23090277777777776,0.39791666666666664,13,0.16701388888888888,0.05859375,10134.818671366598,98.66974757281554,126.096,"{'family': 'balance', 'lam': 0.8}"
test,ram_heavy,homog,low,wmatch,1009,103,103,0,1.0,0.23090277777777776,0.39791666666666664,13,0.16701388888888888,0.05859375,7004.929021706575,142.7566213592233,180.468,"{'family': 'wmatch', 'lam': 0.8}"
test,ram_heavy,homog,low,d1_cheap,1009,103,103,0,1.0,0.23090277777777776,0.39791666666666664,19,0.16701388888888888,0.0020833333333333333,5725.903660169952,174.6449223300971,198.751,"{'family': 'd_cheap', 'alpha': 0.0, 'beta': 0.8, 'gamma': 0.2}"
test,ram_heavy,homog,low,d1_cheap_nomad_ff,1009,103,103,0,1.0,0.23090277777777776,0.39791666666666664,13,0.16701388888888888,0.06393229166666667,7573.109549661732,132.0461553398058,165.72,{'derived_from': 'd1_cheap'}
test,ram_heavy,homog,low,d2_capacity,1009,103,103,0,1.0,0.23090277777777776,0.39791666666666664,19,0.16701388888888888,0.002864583333333333,4277.793603768246,233.76536893203883,264.094,"{'family': 'd_capacity', 'alpha': 0.0, 'beta': 0.8, 'gamma': 0.2}"
test,ram_heavy,homog,low,d2_capacity_nomad_ff,1009,103,103,0,1.0,0.23090277777777776,0.39791666666666664,13,0.16701388888888888,0.06393229166666667,5574.439797213787,179.3902233009709,219.471,{'derived_from': 'd2_capacity'}
test,ram_heavy,homog,low,ff_only_cheap,1009,103,103,0,1.0,0.23090277777777776,0.39791666666666664,13,0.16701388888888888,0.06393229166666667,7669.07480579371,130.39382524271844,161.041,"{'alpha': 0, 'beta': 0, 'gamma': 1}"
test,ram_heavy,homog,med,binpack,1000,194,194,0,1.0,0.4383680555555555,0.7473958333333334,23,0.3090277777777778,0.124609375,15156.106727428592,65.98000515463917,99.346,{}
test,ram_heavy,homog,med,spread,1000,194,194,0,1.0,0.4383680555555555,0.7473958333333334,30,0.36666666666666664,0.007942708333333333,10362.331195488263,96.50338144329898,115.997,{}
test,ram_heavy,homog,med,tetris,1000,194,194,0,1.0,0.4383680555555555,0.7473958333333334,30,0.3090277777777778,0.0,10456.967315616715,95.63002061855671,114.264,{}
test,ram_heavy,homog,med,hybrid,1000,194,194,0,1.0,0.4383680555555555,0.7473958333333334,30,0.30944444444444447,0.011848958333333333,8683.073199202232,115.16659793814433,139.43,"{'family': 'hybrid', 'alpha': 0.1}"
test,ram_heavy,homog,med,balance,1000,194,194,0,1.0,0.4383680555555555,0.7473958333333334,23,0.3090277777777778,0.12330729166666667,13610.710253867108,73.47155154639175,109.625,"{'family': 'balance', 'lam': 0.8}"
test,ram_heavy,homog,med,wmatch,1000,194,194,0,1.0,0.4383680555555555,0.7473958333333334,23,0.3090277777777778,0.124609375,9487.041068667253,105.40694329896907,156.021,"{'family': 'wmatch', 'lam': 0.8}"
test,ram_heavy,homog,med,d1_cheap,1000,194,194,0,1.0,0.4383680555555555,0.7473958333333334,30,0.30902777777777773,0.009765625,6523.7275368556975,153.28659793814433,183.223,"{'family': 'd_cheap', 'alpha': 0.0, 'beta': 0.8, 'gamma': 0.2}"
test,ram_heavy,homog,med,d1_cheap_nomad_ff,1000,194,194,0,1.0,0.4383680555555555,0.7473958333333334,23,0.3090277777777778,0.12330729166666667,10220.351300868968,97.84399484536083,142.136,{'derived_from': 'd1_cheap'}
test,ram_heavy,homog,med,d2_capacity,1000,194,194,0,1.0,0.4383680555555555,0.7473958333333334,30,0.30902777777777773,0.006380208333333333,4978.597164765903,200.85979381443298,236.803,"{'family': 'd_capacity', 'alpha': 0.0, 'beta': 0.8, 'gamma': 0.2}"
test,ram_heavy,homog,med,d2_capacity_nomad_ff,1000,194,194,0,1.0,0.4383680555555555,0.7473958333333334,23,0.3090277777777778,0.124609375,7739.796345212312,129.20236597938145,189.354,{'derived_from': 'd2_capacity'}
test,ram_heavy,homog,med,ff_only_cheap,1000,194,194,0,1.0,0.4383680555555555,0.7473958333333334,23,0.3090277777777778,0.12330729166666667,10496.550124841315,95.26939690721649,135.944,"{'alpha': 0, 'beta': 0, 'gamma': 1}"
test,ram_heavy,homog,med,binpack,1001,194,194,0,1.0,0.4383680555555555,0.7473958333333334,23,0.30902777777777773,0.1265625,16723.073997533607,59.79761855670103,87.243,{}
test,ram_heavy,homog,med,spread,1001,194,194,0,1.0,0.4383680555555555,0.7473958333333334,30,0.33625,0.015885416666666666,11754.137850347528,85.07642268041238,99.526,{}
test,ram_heavy,homog,med,tetris,1001,194,194,0,1.0,0.4383680555555555,0.7473958333333334,30,0.30902777777777773,0.0014322916666666666,11852.625191520705,84.36949484536082,101.38,{}
test,ram_heavy,homog,med,hybrid,1001,194,194,0,1.0,0.4383680555555555,0.7473958333333334,30,0.30944444444444447,0.0046875,9626.586687264255,103.87897938144329,122.639,"{'family': 'hybrid', 'alpha': 0.1}"
test,ram_heavy,homog,med,balance,1001,194,194,0,1.0,0.4383680555555555,0.7473958333333334,23,0.3090277777777778,0.11796875,15180.092232362453,65.87575257731959,96.61,"{'family': 'balance', 'lam': 0.8}"
test,ram_heavy,homog,med,wmatch,1001,194,194,0,1.0,0.4383680555555555,0.7473958333333334,23,0.30902777777777773,0.12526041666666668,10503.088178622664,95.21009278350516,137.177,"{'family': 'wmatch', 'lam': 0.8}"
test,ram_heavy,homog,med,d1_cheap,1001,194,194,0,1.0,0.4383680555555555,0.7473958333333334,30,0.30902777777777773,0.009895833333333333,7368.789771998249,135.70749484536083,157.424,"{'family': 'd_cheap', 'alpha': 0.0, 'beta': 0.8, 'gamma': 0.2}"
test,ram_heavy,homog,med,d1_cheap_nomad_ff,1001,194,194,0,1.0,0.4383680555555555,0.7473958333333334,23,0.30902777777777773,0.12786458333333334,11158.065734350843,89.62126804123712,133.119,{'derived_from': 'd1_cheap'}
test,ram_heavy,homog,med,d2_capacity,1001,194,194,0,1.0,0.4383680555555555,0.7473958333333334,30,0.30902777777777773,0.010416666666666666,5437.050432650485,183.9232525773196,216.816,"{'family': 'd_capacity', 'alpha': 0.0, 'beta': 0.8, 'gamma': 0.2}"
test,ram_heavy,homog,med,d2_capacity_nomad_ff,1001,194,194,0,1.0,0.4383680555555555,0.7473958333333334,23,0.30902777777777773,0.1265625,8117.00911310002,123.19808762886598,180.307,{'derived_from': 'd2_capacity'}
test,ram_heavy,homog,med,ff_only_cheap,1001,194,194,0,1.0,0.4383680555555555,0.7473958333333334,23,0.30902777777777773,0.12786458333333334,11067.809731799587,90.35211340206186,131.156,"{'alpha': 0, 'beta': 0, 'gamma': 1}"
test,ram_heavy,homog,med,binpack,1002,194,194,0,1.0,0.4383680555555555,0.7473958333333334,23,0.30902777777777773,0.121875,17412.295881220136,57.43068041237113,83.185,{}
test,ram_heavy,homog,med,spread,1002,194,194,0,1.0,0.4383680555555555,0.7473958333333334,30,0.345,0.0,12124.302852585977,82.47896907216496,99.786,{}
test,ram_heavy,homog,med,tetris,1002,194,194,0,1.0,0.4383680555555555,0.7473958333333334,30,0.30902777777777773,0.0,11678.571284524249,85.62691237113403,103.234,{}
test,ram_heavy,homog,med,hybrid,1002,194,194,0,1.0,0.4383680555555555,0.7473958333333334,30,0.30944444444444447,0.011328125,9855.86208133352,101.4624587628866,120.926,"{'family': 'hybrid', 'alpha': 0.1}"
test,ram_heavy,homog,med,balance,1002,194,194,0,1.0,0.4383680555555555,0.7473958333333334,23,0.30902777777777773,0.121875,15085.240942401439,66.2899587628866,95.729,"{'family': 'balance', 'lam': 0.8}"
test,ram_heavy,homog,med,wmatch,1002,194,194,0,1.0,0.4383680555555555,0.7473958333333334,23,0.30902777777777773,0.121875,10492.606795672005,95.30520103092785,141.014,"{'family': 'wmatch', 'lam': 0.8}"
test,ram_heavy,homog,med,d1_cheap,1002,194,194,0,1.0,0.4383680555555556,0.7473958333333334,30,0.30902777777777773,0.007682291666666666,7352.713772951837,136.00420618556703,163.246,"{'family': 'd_cheap', 'alpha': 0.0, 'beta': 0.8, 'gamma': 0.2}"
test,ram_heavy,homog,med,d1_cheap_nomad_ff,1002,194,194,0,1.0,0.4383680555555555,0.7473958333333334,23,0.30902777777777773,0.11588541666666667,11138.773035441967,89.77649484536083,129.352,{'derived_from': 'd1_cheap'}
test,ram_heavy,homog,med,d2_capacity,1002,194,194,0,1.0,0.4383680555555555,0.7473958333333334,30,0.30902777777777773,0.013802083333333333,5457.1915531338755,183.2444381443299,214.08,"{'family': 'd_capacity', 'alpha': 0.0, 'beta': 0.8, 'gamma': 0.2}"
test,ram_heavy,homog,med,d2_capacity_nomad_ff,1002,194,194,0,1.0,0.4383680555555555,0.7473958333333334,23,0.30902777777777773,0.121875,8025.529789422095,124.60236597938145,186.749,{'derived_from': 'd2_capacity'}
test,ram_heavy,homog,med,ff_only_cheap,1002,194,194,0,1.0,0.4383680555555555,0.7473958333333334,23,0.30902777777777773,0.11588541666666667,10988.646236167759,91.0030206185567,129.502,"{'alpha': 0, 'beta': 0, 'gamma': 1}"
test,ram_heavy,homog,med,binpack,1003,194,194,0,1.0,0.4383680555555555,0.7473958333333334,23,0.3090277777777778,0.09661458333333334,17503.08559550189,57.13278350515464,83.346,{}
test,ram_heavy,homog,med,spread,1003,194,194,0,1.0,0.4383680555555555,0.7473958333333334,30,0.34361111111111114,0.007942708333333333,12065.321151173435,82.88217010309278,97.021,{}
test,ram_heavy,homog,med,tetris,1003,194,194,0,1.0,0.4383680555555555,0.7473958333333334,30,0.30944444444444436,0.00234375,12239.09282329879,81.70540206185566,97.032,{}
test,ram_heavy,homog,med,hybrid,1003,194,194,0,1.0,0.4383680555555555,0.7473958333333334,30,0.30902777777777773,0.005859375,9837.3969558023,101.65290721649484,121.677,"{'family': 'hybrid', 'alpha': 0.1}"
test,ram_heavy,homog,med,balance,1003,194,194,0,1.0,0.4383680555555555,0.7473958333333334,23,0.3090277777777778,0.09661458333333334,15455.551586329135,64.70167010309278,94.246,"{'family': 'balance', 'lam': 0.8}"
test,ram_heavy,homog,med,wmatch,1003,194,194,0,1.0,0.4383680555555555,0.7473958333333334,23,0.3090277777777778,0.09661458333333334,10571.393058398282,94.59491237113401,138.349,"{'family': 'wmatch', 'lam': 0.8}"
test,ram_heavy,homog,med,d1_cheap,1003,194,194,0,1.0,0.4383680555555555,0.7473958333333334,30,0.30902777777777773,0.005598958333333333,7371.995370386907,135.6484845360825,156.744,"{'family': 'd_cheap', 'alpha': 0.0, 'beta': 0.8, 'gamma': 0.2}"
test,ram_heavy,homog,med,d1_cheap_nomad_ff,1003,194,194,0,1.0,0.4383680555555555,0.7473958333333334,23,0.3090277777777778,0.11067708333333333,11192.074165375589,89.34894329896908,128.21,{'derived_from': 'd1_cheap'}
test,ram_heavy,homog,med,d2_capacity,1003,194,194,0,1.0,0.4383680555555555,0.7473958333333334,30,0.3090277777777778,0.003515625,5431.771061713292,184.10201546391752,214.421,"{'family': 'd_capacity', 'alpha': 0.0, 'beta': 0.8, 'gamma': 0.2}"
test,ram_heavy,homog,med,d2_capacity_nomad_ff,1003,194,194,0,1.0,0.4383680555555555,0.7473958333333334,24,0.3090277777777778,0.08138020833333333,8099.623363338541,123.46253092783505,179.486,{'derived_from': 'd2_capacity'}
test,ram_heavy,homog,med,ff_only_cheap,1003,194,194,0,1.0,0.4383680555555555,0.7473958333333334,23,0.3090277777777778,0.11067708333333333,11075.303500423888,90.2909793814433,131.686,"{'alpha': 0, 'beta': 0, 'gamma': 1}"
test,ram_heavy,homog,med,binpack,1004,194,194,0,1.0,0.4383680555555555,0.7473958333333334,23,0.3090277777777778,0.116015625,17485.126826654978,57.19146391752577,84.578,{}
test,ram_heavy,homog,med,spread,1004,194,194,0,1.0,0.4383680555555555,0.7473958333333334,30,0.3343055555555556,0.007291666666666667,12134.07780695933,82.41252577319587,98.744,{}
test,ram_heavy,homog,med,tetris,1004,194,194,0,1.0,0.4383680555555555,0.7473958333333334,30,0.30902777777777773,0.0069010416666666664,12098.322442868324,82.65608762886598,94.637,{}
test,ram_heavy,homog,med,hybrid,1004,194,194,0,1.0,0.4383680555555555,0.7473958333333334,30,0.30944444444444436,0.009375,9837.031820668273,101.65668041237113,120.466,"{'family': 'hybrid', 'alpha': 0.1}"
test,ram_heavy,homog,med,balance,1004,194,194,0,1.0,0.4383680555555555,0.7473958333333334,23,0.3090277777777778,0.11471354166666667,15505.507932066375,64.49321134020619,94.607,"{'family': 'balance', 'lam': 0.8}"
test,ram_heavy,homog,med,wmatch,1004,194,194,0,1.0,0.4383680555555555,0.7473958333333334,23,0.3090277777777778,0.124609375,10593.97177886056,94.39330412371133,137.427,"{'family': 'wmatch', 'lam': 0.8}"
test,ram_heavy,homog,med,d1_cheap,1004,194,194,0,1.0,0.4383680555555555,0.7473958333333334,30,0.30902777777777773,0.013151041666666667,7276.130346849383,137.43569072164948,161.803,"{'family': 'd_cheap', 'alpha': 0.0, 'beta': 0.8, 'gamma': 0.2}"
test,ram_heavy,homog,med,d1_cheap_nomad_ff,1004,194,194,0,1.0,0.4383680555555555,0.7473958333333334,23,0.3090277777777778,0.11471354166666667,11232.547429431519,89.027,128.21,{'derived_from': 'd1_cheap'}
test,ram_heavy,homog,med,d2_capacity,1004,194,194,0,1.0,0.4383680555555555,0.7473958333333334,30,0.30902777777777773,0.011197916666666667,5360.261666975618,186.55805670103092,217.257,"{'family': 'd_capacity', 'alpha': 0.0, 'beta': 0.8, 'gamma': 0.2}"
test,ram_heavy,homog,med,d2_capacity_nomad_ff,1004,194,194,0,1.0,0.4383680555555555,0.7473958333333334,23,0.3090277777777778,0.11471354166666667,8134.737416965925,122.92959793814433,182.351,{'derived_from': 'd2_capacity'}
test,ram_heavy,homog,med,ff_only_cheap,1004,194,194,0,1.0,0.4383680555555555,0.7473958333333334,23,0.3090277777777778,0.11471354166666667,11211.839795292612,89.19142783505156,130.604,"{'alpha': 0, 'beta': 0, 'gamma': 1}"
test,ram_heavy,homog,med,binpack,1005,194,194,0,1.0,0.4383680555555555,0.7473958333333334,23,0.3090277777777778,0.12135416666666667,17505.97436493694,57.12335567010309,86.862,{}
test,ram_heavy,homog,med,spread,1005,194,194,0,1.0,0.4383680555555555,0.7473958333333334,30,0.3759722222222222,0.023828125,12085.451869438746,82.74411340206186,99.175,{}
test,ram_heavy,homog,med,tetris,1005,194,194,0,1.0,0.4383680555555555,0.7473958333333334,30,0.30944444444444447,0.007682291666666666,12207.959954870823,81.9137680412371,98.143,{}
test,ram_heavy,homog,med,hybrid,1005,194,194,0,1.0,0.4383680555555555,0.7473958333333334,30,0.3097222222222222,0.010546875,9950.980138202702,100.49261340206186,121.277,"{'family': 'hybrid', 'alpha': 0.1}"
test,ram_heavy,homog,med,balance,1005,194,194,0,1.0,0.4383680555555555,0.7473958333333334,23,0.3090277777777778,0.12135416666666667,15297.939998325111,65.36827835051547,94.858,"{'family': 'balance', 'lam': 0.8}"
test,ram_heavy,homog,med,wmatch,1005,194,194,0,1.0,0.4383680555555555,0.7473958333333334,23,0.3090277777777778,0.12135416666666667,10551.47846065242,94.77344845360824,140.583,"{'family': 'wmatch', 'lam': 0.8}"
test,ram_heavy,homog,med,d1_cheap,1005,194,194,0,1.0,0.4383680555555555,0.7473958333333334,30,0.30902777777777773,0.003515625,7368.620721062838,135.71060824742267,161.522,"{'family': 'd_cheap', 'alpha': 0.0, 'beta': 0.8, 'gamma': 0.2}"
test,ram_heavy,homog,med,d1_cheap_nomad_ff,1005,194,194,0,1.0,0.4383680555555555,0.7473958333333334,23,0.3090277777777778,0.12135416666666667,11231.94717788932,89.03175773195876,130.183,{'derived_from': 'd1_cheap'}
test,ram_heavy,homog,med,d2_capacity,1005,194,194,0,1.0,0.4383680555555555,0.7473958333333334,30,0.30902777777777773,0.0049479166666666664,5470.890393333613,182.7856030927835,216.876,"{'family': 'd_capacity', 'alpha': 0.0, 'beta': 0.8, 'gamma': 0.2}"
test,ram_heavy,homog,med,d2_capacity_nomad_ff,1005,194,194,0,1.0,0.4383680555555555,0.7473958333333334,23,0.3090277777777778,0.12135416666666667,8149.352254617018,122.70913917525773,182.952,{'derived_from': 'd2_capacity'}
test,ram_heavy,homog,med,ff_only_cheap,1005,194,194,0,1.0,0.4383680555555555,0.7473958333333334,23,0.3090277777777778,0.12135416666666667,11102.203913378087,90.072206185567,131.085,"{'alpha': 0, 'beta': 0, 'gamma': 1}"
test,ram_heavy,homog,med,binpack,1006,194,194,0,1.0,0.4383680555555555,0.7473958333333334,23,0.30902777777777773,0.12265625,17652.665070162064,56.64867010309279,81.773,{}
test,ram_heavy,homog,med,spread,1006,194,194,0,1.0,0.4383680555555555,0.7473958333333334,30,0.3454166666666667,0.015234375,12293.799242131636,81.34181958762886,92.303,{}
test,ram_heavy,homog,med,tetris,1006,194,194,0,1.0,0.4383680555555555,0.7473958333333334,30,0.30902777777777773,0.006119791666666667,11923.618284659668,83.86715979381442,99.136,{}
test,ram_heavy,homog,med,hybrid,1006,194,194,0,1.0,0.4383680555555555,0.7473958333333334,30,0.30944444444444447,0.003125,9794.3504470086,102.09967525773196,119.133,"{'family': 'hybrid', 'alpha': 0.1}"
test,ram_heavy,homog,med,balance,1006,194,194,0,1.0,0.4383680555555555,0.7473958333333334,23,0.30902777777777773,0.11341145833333334,15370.148430474123,65.06118041237113,94.046,"{'family': 'balance', 'lam': 0.8}"
test,ram_heavy,homog,med,wmatch,1006,194,194,0,1.0,0.4383680555555555,0.7473958333333334,23,0.30902777777777773,0.12265625,10499.05413804795,95.24667525773195,137.797,"{'family': 'wmatch', 'lam': 0.8}"
test,ram_heavy,homog,med,d1_cheap,1006,194,194,0,1.0,0.4383680555555555,0.7473958333333334,30,0.30902777777777773,0.00703125,7284.9386596899485,137.26951546391751,159.158,"{'family': 'd_cheap', 'alpha': 0.0, 'beta': 0.8, 'gamma': 0.2}"
test,ram_heavy,homog,med,d1_cheap_nomad_ff,1006,194,194,0,1.0,0.4383680555555555,0.7473958333333334,23,0.30902777777777773,0.11471354166666667,11133.58104977273,89.81836082474227,131.085,{'derived_from': 'd1_cheap'}
test,ram_heavy,homog,med,d2_capacity,1006,194,194,0,1.0,0.4383680555555555,0.7473958333333334,30,0.30902777777777773,0.0171875,5475.511789595387,182.6313298969072,213.73,"{'family': 'd_capacity', 'alpha': 0.0, 'beta': 0.8, 'gamma': 0.2}"
test,ram_heavy,homog,med,d2_capacity_nomad_ff,1006,194,194,0,1.0,0.4383680555555555,0.7473958333333334,23,0.3090277777777778,0.10611979166666667,8161.370659291928,122.5284381443299,183.483,{'derived_from': 'd2_capacity'}
test,ram_heavy,homog,med,ff_only_cheap,1006,194,194,0,1.0,0.4383680555555555,0.7473958333333334,23,0.30902777777777773,0.11471354166666667,11358.502017334362,88.03977835051546,127.469,"{'alpha': 0, 'beta': 0, 'gamma': 1}"
test,ram_heavy,homog,med,binpack,1007,194,194,0,1.0,0.4383680555555555,0.7473958333333334,23,0.3104166666666667,0.12005208333333334,17963.84784880144,55.66736082474227,80.911,{}
test,ram_heavy,homog,med,spread,1007,194,194,0,1.0,0.4383680555555555,0.7473958333333334,30,0.3551388888888889,0.015885416666666666,12195.873268531754,81.99494845360825,99.215,{}
test,ram_heavy,homog,med,tetris,1007,194,194,0,1.0,0.4383680555555555,0.7473958333333334,30,0.30902777777777773,0.0,12125.853356929994,82.46842268041237,99.305,{}
test,ram_heavy,homog,med,hybrid,1007,194,194,0,1.0,0.4383680555555555,0.7473958333333334,30,0.30902777777777773,0.011328125,10127.600985885414,98.74006701030929,120.055,"{'family': 'hybrid', 'alpha': 0.1}"
test,ram_heavy,homog,med,balance,1007,194,194,0,1.0,0.4383680555555555,0.7473958333333334,23,0.3104166666666667,0.12005208333333334,15635.6500235381,63.956407216494846,92.273,"{'family': 'balance', 'lam': 0.8}"
test,ram_heavy,homog,med,wmatch,1007,194,194,0,1.0,0.4383680555555555,0.7473958333333334,23,0.3104166666666667,0.12005208333333334,10715.438334060862,93.323293814433,137.678,"{'family': 'wmatch', 'lam': 0.8}"
test,ram_heavy,homog,med,d1_cheap,1007,194,194,0,1.0,0.4383680555555555,0.7473958333333334,30,0.30902777777777773,0.010416666666666666,7349.968484168641,136.05500515463916,163.987,"{'family': 'd_cheap', 'alpha': 0.0, 'beta': 0.8, 'gamma': 0.2}"
test,ram_heavy,homog,med,d1_cheap_nomad_ff,1007,194,194,0,1.0,0.4383680555555555,0.7473958333333334,23,0.30902777777777773,0.12005208333333334,11474.43944405986,87.1502268041237,131.777,{'derived_from': 'd1_cheap'}
test,ram_heavy,homog,med,d2_capacity,1007,194,194,0,1.0,0.4383680555555555,0.7473958333333334,30,0.30902777777777773,0.011979166666666667,5467.0402289619,182.91432989690722,214.06,"{'family': 'd_capacity', 'alpha': 0.0, 'beta': 0.8, 'gamma': 0.2}"
test,ram_heavy,homog,med,d2_capacity_nomad_ff,1007,194,194,0,1.0,0.4383680555555555,0.7473958333333334,23,0.30902777777777773,0.12005208333333334,8201.967271444782,121.92196907216496,180.287,{'derived_from': 'd2_capacity'}
test,ram_heavy,homog,med,ff_only_cheap,1007,194,194,0,1.0,0.4383680555555555,0.7473958333333334,23,0.30902777777777773,0.12005208333333334,11264.269041840373,88.77628865979382,130.754,"{'alpha': 0, 'beta': 0, 'gamma': 1}"
test,ram_heavy,homog,med,binpack,1008,194,194,0,1.0,0.4383680555555555,0.7473958333333334,23,0.3090277777777778,0.120703125,17064.585232941266,58.6008969072165,91.151,{}
test,ram_heavy,homog,med,spread,1008,194,194,0,1.0,0.4383680555555555,0.7473958333333334,30,0.36000000000000004,0.0,11804.794219009722,84.71134536082474,104.305,{}
test,ram_heavy,homog,med,tetris,1008,194,194,0,1.0,0.4383680555555555,0.7473958333333334,30,0.3090277777777778,0.0048177083333333336,11770.354081980031,84.95921134020618,107.311,{}
test,ram_heavy,homog,med,hybrid,1008,194,194,0,1.0,0.4383680555555555,0.7473958333333334,30,0.31041666666666673,0.012630208333333334,9635.38654314962,103.78410824742268,129.482,"{'family': 'hybrid', 'alpha': 0.1}"
test,ram_heavy,homog,med,balance,1008,194,194,0,1.0,0.4383680555555555,0.7473958333333334,23,0.3090277777777778,0.120703125,15128.482143790141,66.10048453608248,104.946,"{'family': 'balance', 'lam': 0.8}"
test,ram_heavy,homog,med,wmatch,1008,194,194,0,1.0,0.4383680555555555,0.7473958333333334,23,0.3090277777777778,0.120703125,10438.239813609625,95.80159278350516,149.279,"{'family': 'wmatch', 'lam': 0.8}"
test,ram_heavy,homog,med,d1_cheap,1008,194,194,0,1.0,0.4383680555555555,0.7473958333333334,30,0.3090277777777778,0.010416666666666666,7281.192289983016,137.3401443298969,172.273,"{'family': 'd_cheap', 'alpha': 0.0, 'beta': 0.8, 'gamma': 0.2}"
test,ram_heavy,homog,med,d1_cheap_nomad_ff,1008,194,194,0,1.0,0.4383680555555555,0.7473958333333334,23,0.30902777777777773,0.11471354166666667,11083.76797605769,90.22202577319587,133.129,{'derived_from': 'd1_cheap'}
test,ram_heavy,homog,med,d2_capacity,1008,194,194,0,1.0,0.4383680555555555,0.7473958333333334,30,0.30902777777777773,0.011197916666666667,5318.070507527043,188.0381237113402,232.505,"{'family': 'd_capacity', 'alpha': 0.0, 'beta': 0.8, 'gamma': 0.2}"
test,ram_heavy,homog,med,d2_capacity_nomad_ff,1008,194,194,0,1.0,0.4383680555555555,0.7473958333333334,23,0.30902777777777773,0.11471354166666667,8047.241789210466,124.26618041237113,190.776,{'derived_from': 'd2_capacity'}
test,ram_heavy,homog,med,ff_only_cheap,1008,194,194,0,1.0,0.4383680555555555,0.7473958333333334,23,0.30902777777777773,0.11471354166666667,11004.8306668553,90.8691855670103,138.73,"{'alpha': 0, 'beta': 0, 'gamma': 1}"
test,ram_heavy,homog,med,binpack,1009,194,194,0,1.0,0.4383680555555555,0.7473958333333334,23,0.30902777777777773,0.11263020833333333,17509.33500267694,57.112391752577324,84.999,{}
test,ram_heavy,homog,med,spread,1009,194,194,0,1.0,0.4383680555555555,0.7473958333333334,30,0.36125,0.0,11796.801911325143,84.76873711340207,108.493,{}
test,ram_heavy,homog,med,tetris,1009,194,194,0,1.0,0.4383680555555555,0.7473958333333334,30,0.3090277777777778,0.0033854166666666668,11726.012175469014,85.28048453608247,105.167,{}
test,ram_heavy,homog,med,hybrid,1009,194,194,0,1.0,0.4383680555555555,0.7473958333333334,30,0.30944444444444447,0.005208333333333333,9677.684227938795,103.33050515463918,133.75,"{'family': 'hybrid', 'alpha': 0.1}"
test,ram_heavy,homog,med,balance,1009,194,194,0,1.0,0.4383680555555555,0.7473958333333334,23,0.30902777777777773,0.116015625,15326.5604156816,65.24621134020619,100.248,"{'family': 'balance', 'lam': 0.8}"
test,ram_heavy,homog,med,wmatch,1009,194,194,0,1.0,0.4383680555555555,0.7473958333333334,23,0.30902777777777773,0.11263020833333333,10490.155205631374,95.32747422680413,145.543,"{'family': 'wmatch', 'lam': 0.8}"
test,ram_heavy,homog,med,d1_cheap,1009,194,194,0,1.0,0.4383680555555555,0.7473958333333334,30,0.30902777777777773,0.0,7183.974818464845,139.198706185567,171.692,"{'family': 'd_cheap', 'alpha': 0.0, 'beta': 0.8, 'gamma': 0.2}"
test,ram_heavy,homog,med,d1_cheap_nomad_ff,1009,194,194,0,1.0,0.4383680555555555,0.7473958333333334,23,0.30902777777777773,0.116015625,11283.349568173417,88.6261649484536,135.263,{'derived_from': 'd1_cheap'}
test,ram_heavy,homog,med,d2_capacity,1009,194,194,0,1.0,0.4383680555555555,0.7473958333333334,30,0.30902777777777773,0.005729166666666666,5430.770082637845,184.13594845360825,224.86,"{'family': 'd_capacity', 'alpha': 0.0, 'beta': 0.8, 'gamma': 0.2}"
test,ram_heavy,homog,med,d2_capacity_nomad_ff,1009,194,194,0,1.0,0.4383680555555555,0.7473958333333334,23,0.30902777777777773,0.116015625,8190.629210891139,122.09074226804124,186.929,{'derived_from': 'd2_capacity'}
test,ram_heavy,homog,med,ff_only_cheap,1009,194,194,0,1.0,0.4383680555555555,0.7473958333333334,23,0.30902777777777773,0.116015625,11228.439298449428,89.05957216494845,134.332,"{'alpha': 0, 'beta': 0, 'gamma': 1}"
test,ram_heavy,hetero,high,binpack,1000,308,261,47,0.8474025974025974,0.6509445955646314,0.9356709856814089,30,0.37771187498740577,0.18195142584042936,27300.286218682562,36.629652597402604,79.829,{}
test,ram_heavy,hetero,high,spread,1000,308,274,34,0.8896103896103896,0.6530138564461904,0.952722149965264,30,0.35347671579882023,0.15080763705036698,15583.737722051186,64.1694577922078,100.077,{}
test,ram_heavy,hetero,high,tetris,1000,308,282,26,0.9155844155844156,0.6939596782937818,0.9785681867479085,30,0.2858429879645122,0.1055449256213865,15855.421617281834,63.069909090909086,96.701,{}
test,ram_heavy,hetero,high,hybrid,1000,308,282,26,0.9155844155844156,0.6966729595051321,0.9838184316518083,30,0.2871999802775815,0.11710259297685527,14079.989057837074,71.02278246753247,113.863,"{'family': 'hybrid', 'alpha': 0.1}"
test,ram_heavy,hetero,high,balance,1000,308,271,37,0.8798701298701299,0.6706906568545353,0.9557680607308436,30,0.34040179280455085,0.15601175720891935,21203.848498502477,47.16125,92.323,"{'family': 'balance', 'lam': 0.8}"
test,ram_heavy,hetero,high,wmatch,1000,308,271,37,0.8798701298701299,0.677709711583297,0.9547360137544878,30,0.32978352973417036,0.12177957991012171,15941.553709371812,62.729142857142854,133.921,"{'family': 'wmatch', 'lam': 0.8}"
test,ram_heavy,hetero,high,d1_cheap,1000,308,281,27,0.9123376623376623,0.6929669178740595,0.9789263375284757,30,0.2953613136022532,0.11227185432843735,10616.731078856701,94.19095129870131,149.65,"{'family': 'd_cheap', 'alpha': 0.0, 'beta': 0.8, 'gamma': 0.2}"
test,ram_heavy,hetero,high,d1_cheap_nomad_ff,1000,308,260,48,0.8441558441558441,0.6492346380050497,0.9314220262671975,30,0.38294887312159276,0.18701282459779717,17774.7460678424,56.259594155844155,118.902,{'derived_from': 'd1_cheap'}
test,ram_heavy,hetero,high,d2_capacity,1000,308,280,28,0.9090909090909091,0.6896843824581222,0.9755868600793879,30,0.2953043715691026,0.10539519869035709,7652.514806435974,130.67599675324675,207.468,"{'family': 'd_capacity', 'alpha': 0.0, 'beta': 0.8, 'gamma': 0.2}"
test,ram_heavy,hetero,high,d2_capacity_nomad_ff,1000,308,263,45,0.8538961038961039,0.6563842234466531,0.938597778393969,30,0.37141225814008755,0.17942072646174548,12496.220197681278,80.02419805194806,172.483,{'derived_from': 'd2_capacity'}
test,ram_heavy,hetero,high,ff_only_cheap,1000,308,260,48,0.8441558441558441,0.6492346380050497,0.9314220262671975,30,0.38294887312159276,0.18701282459779717,17365.011700240433,57.58706168831169,120.396,"{'alpha': 0, 'beta': 0, 'gamma': 1}"
test,ram_heavy,hetero,high,binpack,1001,286,252,34,0.8811188811188811,0.5848299110738538,0.9715023241983692,30,0.41813474498544595,0.18255661645223611,25936.596810161343,38.555559440559435,79.068,{}
test,ram_heavy,hetero,high,spread,1001,286,251,35,0.8776223776223776,0.5501205243558562,0.9531973106638088,30,0.4466145444936403,0.17929207247149823,15436.602440505256,64.7810944055944,98.524,{}
test,ram_heavy,hetero,high,tetris,1001,286,262,24,0.916083916083916,0.6034422162881737,0.9773499497767857,30,0.37390773348861206,0.12578944919257343,14899.144513001926,67.11794755244756,96.2,{}
test,ram_heavy,hetero,high,hybrid,1001,286,260,26,0.9090909090909091,0.6245643830356676,0.9780223109000695,30,0.3576715168119165,0.12552767721515712,12789.75331472618,78.18759090909091,119.383,"{'family': 'hybrid', 'alpha': 0.1}"
test,ram_heavy,hetero,high,balance,1001,286,256,30,0.8951048951048951,0.5903500748655044,0.9727575505417548,30,0.40117679484862,0.16775976932791345,20601.681471784123,48.53972727272727,92.493,"{'family': 'balance', 'lam': 0.8}"
test,ram_heavy,hetero,high,wmatch,1001,286,253,33,0.8846153846153846,0.5896042012779378,0.9705462245543455,30,0.41240435513733825,0.18125287899841191,16117.281512779313,62.04520279720279,130.875,"{'family': 'wmatch', 'lam': 0.8}"
test,ram_heavy,hetero,high,d1_cheap,1001,286,260,26,0.9090909090909091,0.5996096230634147,0.9746066697917326,30,0.3785388710993365,0.11131525536813286,9462.975166671613,105.67501048951048,153.797,"{'family': 'd_cheap', 'alpha': 0.0, 'beta': 0.8, 'gamma': 0.2}"
test,ram_heavy,hetero,high,d1_cheap_nomad_ff,1001,286,256,30,0.8951048951048951,0.5922024149950603,0.9745290545587915,30,0.4068918931816588,0.17734166663693937,16655.504760795506,60.040209790209786,118.802,{'derived_from': 'd1_cheap'}
test,ram_heavy,hetero,high,d2_capacity,1001,286,261,25,0.9125874125874126,0.6187184054526635,0.9772458338393182,30,0.36206925275767327,0.12403099716536876,7128.423154165236,140.28347902097903,209.231,"{'family': 'd_capacity', 'alpha': 0.0, 'beta': 0.8, 'gamma': 0.2}"
test,ram_heavy,hetero,high,d2_capacity_nomad_ff,1001,286,253,33,0.8846153846153846,0.586766567764554,0.9667653982427746,30,0.4180410711062575,0.17492251076270277,12419.65546833522,80.51753146853147,169.357,{'derived_from': 'd2_capacity'}
test,ram_heavy,hetero,high,ff_only_cheap,1001,286,256,30,0.8951048951048951,0.5922024149950603,0.9745290545587915,30,0.4068918931816588,0.17734166663693937,16768.672180315527,59.63501398601398,117.56,"{'alpha': 0, 'beta': 0, 'gamma': 1}"
test,ram_heavy,hetero,high,binpack,1002,280,251,29,0.8964285714285715,0.5284688071136792,0.9767083590317003,30,0.4638836625300647,0.19945324447080973,27243.065058871776,36.70658928571428,78.757,{}
test,ram_heavy,hetero,high,spread,1002,280,253,27,0.9035714285714286,0.5263201095498559,0.9750770132076764,30,0.46377718343938396,0.1907125749083324,16025.216364744912,62.40165357142857,94.968,{}
test,ram_heavy,hetero,high,tetris,1002,280,254,26,0.9071428571428571,0.5364402242404073,0.9654295401344725,30,0.42898931589406514,0.16711525604967267,14809.030673839456,67.52636428571428,97.943,{}
test,ram_heavy,hetero,high,hybrid,1002,280,255,25,0.9107142857142857,0.5465885530034896,0.9668734905159425,30,0.4202849375124528,0.1587268671591577,12164.25726761153,82.20806071428572,117.069,"{'family': 'hybrid', 'alpha': 0.1}"
test,ram_heavy,hetero,high,balance,1002,280,254,26,0.9071428571428571,0.5334874798909797,0.9766773872517315,30,0.44318990736075187,0.19361457283404906,21005.156765986052,47.60735714285715,91.711,"{'family': 'balance', 'lam': 0.8}"
test,ram_heavy,hetero,high,wmatch,1002,280,252,28,0.9,0.5293711410832967,0.9781062334506061,30,0.4643792029793529,0.19815576188486297,16805.90256910032,59.50290357142857,130.825,"{'family': 'wmatch', 'lam': 0.8}"
test,ram_heavy,hetero,high,d1_cheap,1002,280,255,25,0.9107142857142857,0.5441319216388668,0.9710294013701914,30,0.4268974797313245,0.1854197650030694,9151.362755574683,109.27334285714285,151.543,"{'family': 'd_cheap', 'alpha': 0.0, 'beta': 0.8, 'gamma': 0.2}"
test,ram_heavy,hetero,high,d1_cheap_nomad_ff,1002,280,252,28,0.9,0.5285846414085017,0.9747783203230264,30,0.46183778952656834,0.20010198576378313,17691.997985134174,56.522728571428566,119.604,{'derived_from': 'd1_cheap'}
test,ram_heavy,hetero,high,d2_capacity,1002,280,255,25,0.9107142857142857,0.5443371915234814,0.9668423365786514,30,0.42250514505517006,0.17802786189119696,6457.374100980739,154.86171071428572,215.293,"{'family': 'd_capacity', 'alpha': 0.0, 'beta': 0.8, 'gamma': 0.2}"
test,ram_heavy,hetero,high,d2_capacity_nomad_ff,1002,280,254,26,0.9071428571428571,0.5351223603111441,0.9786998260549021,30,0.44681968664974525,0.19361457283404906,12271.51318977299,81.48954285714287,180.067,{'derived_from': 'd2_capacity'}
test,ram_heavy,hetero,high,ff_only_cheap,1002,280,252,28,0.9,0.5285846414085017,0.9747783203230264,30,0.46183778952656834,0.20010198576378313,17511.062613806273,57.10675714285715,121.087,"{'alpha': 0, 'beta': 0, 'gamma': 1}"
test,ram_heavy,hetero,high,binpack,1003,304,267,37,0.8782894736842105,0.6023295571935616,0.9712300900701484,30,0.3903606918038142,0.16539551713544356,27749.37422422699,36.036848684210526,75.431,{}
test,ram_heavy,hetero,high,spread,1003,304,269,35,0.8848684210526315,0.579066604249249,0.9630131399700717,30,0.42858819068448945,0.16575944267878345,16314.915654032768,61.29360526315789,91.241,{}
test,ram_heavy,hetero,high,tetris,1003,304,277,27,0.9111842105263158,0.624928437120493,0.9815923435219329,30,0.357711356155273,0.1253360067082346,15589.477369437742,64.14583223684211,91.02,{}
test,ram_heavy,hetero,high,hybrid,1003,304,276,28,0.9078947368421053,0.6187030831427738,0.9820116891012809,30,0.3634262249848451,0.13879810196949272,13106.91256844266,76.29561842105262,109.956,"{'family': 'hybrid', 'alpha': 0.1}"
test,ram_heavy,hetero,high,balance,1003,304,272,32,0.8947368421052632,0.6063037788055747,0.977017562283072,30,0.3843727951823607,0.14640737109482813,22280.88381523196,44.88152302631578,89.488,"{'family': 'balance', 'lam': 0.8}"
test,ram_heavy,hetero,high,wmatch,1003,304,266,38,0.875,0.600712832705453,0.9704583569031926,30,0.39120568312496723,0.16664305746857444,16872.333380435262,59.268625,127.429,"{'family': 'wmatch', 'lam': 0.8}"
test,ram_heavy,hetero,high,d1_cheap,1003,304,277,27,0.9111842105263158,0.619623520174523,0.9780543711653075,30,0.3593312524705034,0.13281765836125858,9942.418353285651,100.57915131578947,149.489,"{'family': 'd_cheap', 'alpha': 0.0, 'beta': 0.8, 'gamma': 0.2}"
test,ram_heavy,hetero,high,d1_cheap_nomad_ff,1003,304,268,36,0.881578947368421,0.6045198772172136,0.9721493642826267,30,0.38908964599264073,0.1641479768023127,17878.971712114446,55.931628289473686,116.568,{'derived_from': 'd1_cheap'}
test,ram_heavy,hetero,high,d2_capacity,1003,304,278,26,0.9144736842105263,0.6204746112014828,0.9781352090990668,30,0.35856099937730296,0.12607712937509127,7044.617502064838,141.95234868421053,214.671,"{'family': 'd_capacity', 'alpha': 0.0, 'beta': 0.8, 'gamma': 0.2}"
test,ram_heavy,hetero,high,d2_capacity_nomad_ff,1003,304,266,38,0.875,0.6011493820527406,0.9700431905623726,30,0.3903539674368596,0.16664305746857444,12893.791885207249,77.55670394736843,164.788,{'derived_from': 'd2_capacity'}
test,ram_heavy,hetero,high,ff_only_cheap,1003,304,268,36,0.881578947368421,0.6045198772172136,0.9721493642826267,30,0.38908964599264073,0.1641479768023127,17708.118595697266,56.471273026315785,117.189,"{'alpha': 0, 'beta': 0, 'gamma': 1}"
test,ram_heavy,hetero,high,binpack,1004,296,263,33,0.8885135135135135,0.581529024297368,0.9722505703540382,30,0.4170301597573791,0.1849635384823169,26524.49774833001,37.70099662162162,76.984,{}
test,ram_heavy,hetero,high,spread,1004,296,270,26,0.9121621621621622,0.5666955703578861,0.9765432633838124,30,0.4169455419976114,0.1781457429867317,15460.835535936545,64.67955743243243,94.767,{}
test,ram_heavy,hetero,high,tetris,1004,296,274,22,0.9256756756756757,0.5850374880233961,0.9777955778584115,30,0.3927580898350155,0.17318734626266974,14971.327379128534,66.7943445945946,92.042,{}
test,ram_heavy,hetero,high,hybrid,1004,296,275,21,0.9290540540540541,0.5931795686042737,0.9788692849977743,30,0.38568971639350064,0.1738071458531775,12763.558316202065,78.34805743243243,117.55,"{'family': 'hybrid', 'alpha': 0.1}"
test,ram_heavy,hetero,high,balance,1004,296,266,30,0.8986486486486487,0.5808910952412403,0.9774869769637498,30,0.4060243764405975,0.1793853421677472,21042.198778969545,47.52355067567567,93.014,"{'family': 'balance', 'lam': 0.8}"
test,ram_heavy,hetero,high,wmatch,1004,296,259,37,0.875,0.577881302903496,0.9585738006971702,30,0.4311599050752096,0.19921892906399502,16345.228002401644,61.17993581081081,135.123,"{'family': 'wmatch', 'lam': 0.8}"
test,ram_heavy,hetero,high,d1_cheap,1004,296,274,22,0.9256756756756757,0.5906179605936152,0.9763161071653282,30,0.38569814657171314,0.16541915978404015,9638.204278809155,103.7537668918919,148.057,"{'family': 'd_cheap', 'alpha': 0.0, 'beta': 0.8, 'gamma': 0.2}"
test,ram_heavy,hetero,high,d1_cheap_nomad_ff,1004,296,264,32,0.8918918918918919,0.5819322200690243,0.9721747975496986,30,0.4059558668305926,0.18186454052977818,17149.054307868515,58.31225337837838,119.584,{'derived_from': 'd1_cheap'}
test,ram_heavy,hetero,high,d2_capacity,1004,296,272,24,0.918918918918919,0.5843480773368749,0.9769055572393213,30,0.3925574799024464,0.17566654462470072,6953.9349733781755,143.80347297297297,208.66,"{'family': 'd_capacity', 'alpha': 0.0, 'beta': 0.8, 'gamma': 0.2}"
test,ram_heavy,hetero,high,d2_capacity_nomad_ff,1004,296,262,34,0.8851351351351351,0.578348171124614,0.9679029165188086,30,0.41989010307581043,0.18992193520637884,12062.58558424848,82.90096621621622,177.762,{'derived_from': 'd2_capacity'}
test,ram_heavy,hetero,high,ff_only_cheap,1004,296,264,32,0.8918918918918919,0.5819322200690243,0.9721747975496986,30,0.4059558668305926,0.18186454052977818,16613.4447107647,60.19221283783784,126.076,"{'alpha': 0, 'beta': 0, 'gamma': 1}"
test,ram_heavy,hetero,high,binpack,1005,263,237,26,0.9011406844106464,0.5582490812268616,0.9754081440471053,30,0.44158136644100865,0.20039368393000753,26618.77311746824,37.56747148288974,77.865,{}
test,ram_heavy,hetero,high,spread,1005,263,239,24,0.908745247148289,0.5385596584152649,0.9720235443775118,30,0.44898081980299837,0.1603782883287783,15781.162440425362,63.366688212927755,95.398,{}
test,ram_heavy,hetero,high,tetris,1005,263,240,23,0.9125475285171103,0.5425524889121579,0.9584310862385571,30,0.416332057199838,0.09639662437947237,15003.48388882544,66.65118631178707,94.447,{}
test,ram_heavy,hetero,high,hybrid,1005,263,242,21,0.9201520912547528,0.5780131733355585,0.9775952960159583,30,0.39974538986689245,0.13653241922990508,12785.549198647475,78.21330038022813,118.281,"{'family': 'hybrid', 'alpha': 0.1}"
test,ram_heavy,hetero,high,balance,1005,263,236,27,0.8973384030418251,0.5521000639413985,0.9742786742671445,30,0.4422322444607621,0.19494650675738862,20537.676367295804,48.691,91.101,"{'family': 'balance', 'lam': 0.8}"
test,ram_heavy,hetero,high,wmatch,1005,263,236,27,0.8973384030418251,0.5569856900905612,0.9700714933603781,30,0.43785228885726213,0.168205587839226,16280.768098163004,61.42216349809886,131.837,"{'family': 'wmatch', 'lam': 0.8}"
test,ram_heavy,hetero,high,d1_cheap,1005,263,240,23,0.9125475285171103,0.5739560077807987,0.9609902688149526,30,0.38744204392695825,0.09088590164736905,9864.531476951035,101.37328897338402,153.578,"{'family': 'd_cheap', 'alpha': 0.0, 'beta': 0.8, 'gamma': 0.2}"
test,ram_heavy,hetero,high,d1_cheap_nomad_ff,1005,263,236,27,0.8973384030418251,0.5563688594384951,0.9701649045710247,30,0.4385625307199747,0.17909743779465506,17422.234069635808,57.39792015209125,120.235,{'derived_from': 'd1_cheap'}
test,ram_heavy,hetero,high,d2_capacity,1005,263,242,21,0.9201520912547528,0.5692516669820145,0.973881659138905,30,0.4050377750496948,0.12425409574884425,7067.09906922812,141.50077566539923,216.294,"{'family': 'd_capacity', 'alpha': 0.0, 'beta': 0.8, 'gamma': 0.2}"
test,ram_heavy,hetero,high,d2_capacity_nomad_ff,1005,263,237,26,0.9011406844106464,0.5654590036754104,0.9759362362401199,30,0.4279491898219355,0.20039368393000753,12309.290247260411,81.23945247148289,173.945,{'derived_from': 'd2_capacity'}
test,ram_heavy,hetero,high,ff_only_cheap,1005,263,236,27,0.8973384030418251,0.5563688594384951,0.9701649045710247,30,0.4385625307199747,0.17909743779465506,17490.92134725052,57.17251711026616,119.604,"{'alpha': 0, 'beta': 0, 'gamma': 1}"
test,ram_heavy,hetero,high,binpack,1006,285,246,39,0.8631578947368421,0.5748641790243189,0.952201128787536,30,0.44306820435560185,0.21133798082067437,27542.993888644545,36.30687368421053,78.307,{}
test,ram_heavy,hetero,high,spread,1006,285,260,25,0.9122807017543859,0.5767117446163172,0.9770542578877066,30,0.403049751869915,0.17779658003886875,15697.771737103853,63.70330877192983,98.885,{}
test,ram_heavy,hetero,high,tetris,1006,285,259,26,0.9087719298245615,0.5926152047584612,0.9729843948427959,30,0.3803691900843347,0.17718839992483756,15743.353073472628,63.5188701754386,90.639,{}
test,ram_heavy,hetero,high,hybrid,1006,285,261,24,0.9157894736842105,0.6078088668227374,0.9719702897542584,30,0.3641614229315209,0.17654406820982177,13191.884852341846,75.80417894736841,114.534,"{'family': 'hybrid', 'alpha': 0.1}"
test,ram_heavy,hetero,high,balance,1006,285,250,35,0.8771929824561403,0.5833801656105503,0.960907185564238,30,0.41373182352111787,0.19845134652035853,20528.875700466848,48.71187368421053,92.212,"{'family': 'balance', 'lam': 0.8}"
test,ram_heavy,hetero,high,wmatch,1006,285,246,39,0.8631578947368421,0.5787209314260545,0.9570082767447238,30,0.43308504752515786,0.20553899538553227,16838.07929860951,59.38919649122807,128.36,"{'family': 'wmatch', 'lam': 0.8}"
test,ram_heavy,hetero,high,d1_cheap,1006,285,258,27,0.9052631578947369,0.6046936636606035,0.9733067597957475,30,0.37759262121581927,0.17847706335486913,9999.595454962822,100.00404561403509,148.658,"{'family': 'd_cheap', 'alpha': 0.0, 'beta': 0.8, 'gamma': 0.2}"
test,ram_heavy,hetero,high,d1_cheap_nomad_ff,1006,285,246,39,0.8631578947368421,0.5756445249897346,0.9523586146049462,30,0.4424453442075961,0.21133798082067437,17860.383688669324,55.98983859649123,116.999,{'derived_from': 'd1_cheap'}
test,ram_heavy,hetero,high,d2_capacity,1006,285,258,27,0.9052631578947369,0.6038942301021645,0.9697571298523396,30,0.37484242483085045,0.1804100584999165,7193.157142039034,139.02101403508772,209.802,"{'family': 'd_capacity', 'alpha': 0.0, 'beta': 0.8, 'gamma': 0.2}"
test,ram_heavy,hetero,high,d2_capacity_nomad_ff,1006,285,246,39,0.8631578947368421,0.5771538890630856,0.949649239977105,30,0.42367762895166106,0.20940498567562693,12391.798403440695,80.69853684210527,178.133,{'derived_from': 'd2_capacity'}
test,ram_heavy,hetero,high,ff_only_cheap,1006,285,246,39,0.8631578947368421,0.5756445249897346,0.9523586146049462,30,0.4424453442075961,0.21133798082067437,17505.626369738486,57.12449122807018,123.31,"{'alpha': 0, 'beta': 0, 'gamma': 1}"
test,ram_heavy,hetero,high,binpack,1007,274,239,35,0.8722627737226277,0.5561529344746027,0.9625321874408549,30,0.4451379911633805,0.2134827630810577,26935.002202477095,37.12641240875912,79.419,{}
test,ram_heavy,hetero,high,spread,1007,274,245,29,0.8941605839416058,0.5448124437594764,0.9714183352493522,30,0.4463004736162229,0.20361016178081995,15783.515604136526,63.35724087591241,97.473,{}
test,ram_heavy,hetero,high,tetris,1007,274,250,24,0.9124087591240876,0.5839172113724144,0.9685477105010172,30,0.3846304991286028,0.15508648507422576,15828.95668457996,63.17535766423357,92.543,{}
test,ram_heavy,hetero,high,hybrid,1007,274,251,23,0.916058394160584,0.5946994642340537,0.9793049253611434,30,0.38460546112708976,0.18781399970043952,13266.885282986053,75.37564233576641,115.807,"{'family': 'hybrid', 'alpha': 0.1}"
test,ram_heavy,hetero,high,balance,1007,274,243,31,0.8868613138686131,0.5665659035660364,0.9677860112682858,30,0.4241894765698722,0.20229381494078824,20842.6928941783,47.97844525547445,93.415,"{'family': 'balance', 'lam': 0.8}"
test,ram_heavy,hetero,high,wmatch,1007,274,239,35,0.8722627737226277,0.5577462429197448,0.9618287274319576,30,0.44284122270934095,0.21348276308105768,16550.425098272677,60.42140875912409,129.352,"{'family': 'wmatch', 'lam': 0.8}"
test,ram_heavy,hetero,high,d1_cheap,1007,274,249,25,0.9087591240875912,0.5874956475414226,0.9762974417038965,30,0.3910384299509154,0.18847217312045536,9900.83554379725,101.00157664233578,151.213,"{'family': 'd_cheap', 'alpha': 0.0, 'beta': 0.8, 'gamma': 0.2}"
test,ram_heavy,hetero,high,d1_cheap_nomad_ff,1007,274,239,35,0.8722627737226277,0.5570004290938172,0.9617631519669451,30,0.44352146107025603,0.2134827630810577,17539.558425613388,57.01397810218978,119.895,{'derived_from': 'd1_cheap'}
test,ram_heavy,hetero,high,d2_capacity,1007,274,250,24,0.9124087591240876,0.5902424423243077,0.9805030159989089,30,0.39249720946304273,0.18715582628042365,7146.07734861961,139.93691240875913,220.993,"{'family': 'd_capacity', 'alpha': 0.0, 'beta': 0.8, 'gamma': 0.2}"
test,ram_heavy,hetero,high,d2_capacity_nomad_ff,1007,274,234,40,0.8540145985401459,0.5491772639577424,0.9467819358490568,30,0.4672585603680263,0.22993709858145395,12727.754219819555,78.56845620437956,182.532,{'derived_from': 'd2_capacity'}
test,ram_heavy,hetero,high,ff_only_cheap,1007,274,239,35,0.8722627737226277,0.5570004290938172,0.9617631519669451,30,0.44352146107025603,0.2134827630810577,17390.277819208386,57.503394160583944,120.886,"{'alpha': 0, 'beta': 0, 'gamma': 1}"
test,ram_heavy,hetero,high,binpack,1008,287,252,35,0.8780487804878049,0.6061416311343547,0.9709564393503396,30,0.38971294771139586,0.175299164187525,26971.03020031769,37.07681881533101,78.537,{}
test,ram_heavy,hetero,high,spread,1008,287,255,32,0.8885017421602788,0.5903822421493011,0.9668116126281604,30,0.38662956628833595,0.1713906294206413,15672.581746575446,63.8056968641115,95.369,{}
test,ram_heavy,hetero,high,tetris,1008,287,260,27,0.9059233449477352,0.6030085396588031,0.9719354058133469,30,0.36892686615454384,0.16487640480916826,15533.962085333194,64.37507665505227,93.204,{}
test,ram_heavy,hetero,high,hybrid,1008,287,259,28,0.9024390243902439,0.6252215416118125,0.974132711167593,30,0.3489111695557805,0.164224982348021,13565.633702743973,73.71568641114983,111.839,"{'family': 'hybrid', 'alpha': 0.1}"
test,ram_heavy,hetero,high,balance,1008,287,254,33,0.8850174216027874,0.6120754595708586,0.9759483495574931,30,0.36844711819402975,0.16683067219261016,21234.18404725324,47.09387456445993,92.342,"{'family': 'balance', 'lam': 0.8}"
test,ram_heavy,hetero,high,wmatch,1008,287,252,35,0.8780487804878049,0.6061416311343547,0.9709564393503396,30,0.38971294771139586,0.175299164187525,16417.890810157125,60.9091637630662,129.833,"{'family': 'wmatch', 'lam': 0.8}"
test,ram_heavy,hetero,high,d1_cheap,1008,287,261,26,0.9094076655052264,0.6167205788665052,0.9764276634814107,30,0.35981031290786153,0.16357355988687375,10104.705521946946,98.9637944250871,149.831,"{'family': 'd_cheap', 'alpha': 0.0, 'beta': 0.8, 'gamma': 0.2}"
test,ram_heavy,hetero,high,d1_cheap_nomad_ff,1008,287,252,35,0.8780487804878049,0.6057987872408505,0.9702800915462106,30,0.3893794438007712,0.175299164187525,17456.58419778906,57.284975609756096,119.664,{'derived_from': 'd1_cheap'}
test,ram_heavy,hetero,high,d2_capacity,1008,287,263,24,0.9163763066202091,0.6223936215019842,0.979328929658118,30,0.3570385364490899,0.16096787004228458,7199.964075440572,138.8895818815331,211.827,"{'family': 'd_capacity', 'alpha': 0.0, 'beta': 0.8, 'gamma': 0.2}"
test,ram_heavy,hetero,high,d2_capacity_nomad_ff,1008,287,252,35,0.8780487804878049,0.6061301685113931,0.970764711089814,30,0.3895326820738321,0.175299164187525,12236.720248578526,81.72124390243901,178.204,{'derived_from': 'd2_capacity'}
test,ram_heavy,hetero,high,ff_only_cheap,1008,287,252,35,0.8780487804878049,0.6057987872408505,0.9702800915462106,30,0.3893794438007712,0.175299164187525,17075.482676893076,58.563498257839726,122.519,"{'alpha': 0, 'beta': 0, 'gamma': 1}"
test,ram_heavy,hetero,high,binpack,1009,264,234,30,0.8863636363636364,0.5377676229584629,0.9794123965790905,30,0.44164477362062754,0.1941186773857275,26525.55873225915,37.69948863636364,79.379,{}
test,ram_heavy,hetero,high,spread,1009,264,237,27,0.8977272727272727,0.5177859973495457,0.9710222033191206,30,0.48054936398666853,0.19753027416094002,15841.627885681533,63.124825757575756,95.479,{}
test,ram_heavy,hetero,high,tetris,1009,264,239,25,0.9053030303030303,0.5526307792727947,0.9659281484652464,30,0.4132973691924517,0.1755872814342513,15338.247576164711,65.19649621212122,97.813,{}
test,ram_heavy,hetero,high,hybrid,1009,264,240,24,0.9090909090909091,0.5655136890593873,0.9700541346016263,30,0.40753002477305605,0.18234644805566302,12649.648576950472,79.05357954545454,117.48,"{'family': 'hybrid', 'alpha': 0.1}"
test,ram_heavy,hetero,high,balance,1009,264,237,27,0.8977272727272727,0.5456880331545982,0.9805300099202029,30,0.43484197676560454,0.19205759983428436,21589.06298069398,46.31975,91.301,"{'family': 'balance', 'lam': 0.8}"
test,ram_heavy,hetero,high,wmatch,1009,264,234,30,0.8863636363636364,0.5404356049323853,0.9800427713835875,30,0.4396071664512022,0.19411867738572744,16227.070810880252,61.625416666666666,131.306,"{'family': 'wmatch', 'lam': 0.8}"
test,ram_heavy,hetero,high,d1_cheap,1009,264,240,24,0.9090909090909091,0.5465676242629716,0.9733820316924988,30,0.4268144074295272,0.19411867738572744,9395.26822262985,106.43655681818183,153.117,"{'family': 'd_cheap', 'alpha': 0.0, 'beta': 0.8, 'gamma': 0.2}"
test,ram_heavy,hetero,high,d1_cheap_nomad_ff,1009,264,235,29,0.8901515151515151,0.538879502384787,0.9816712404042023,30,0.44279173801941535,0.19274462568476539,17205.581542790605,58.12067424242424,122.59,{'derived_from': 'd1_cheap'}
test,ram_heavy,hetero,high,d2_capacity,1009,264,239,25,0.9053030303030303,0.5393583174920412,0.9694921923787706,30,0.4301338748867293,0.18578157730806827,6711.9661670124815,148.98764015151514,214.792,"{'family': 'd_capacity', 'alpha': 0.0, 'beta': 0.8, 'gamma': 0.2}"
test,ram_heavy,hetero,high,d2_capacity_nomad_ff,1009,264,234,30,0.8863636363636364,0.5392454744059858,0.9800373899690286,30,0.4407919155630427,0.1941186773857275,12318.168206266608,81.18090151515152,177.251,{'derived_from': 'd2_capacity'}
test,ram_heavy,hetero,high,ff_only_cheap,1009,264,235,29,0.8901515151515151,0.538879502384787,0.9816712404042023,30,0.44279173801941535,0.19274462568476539,17133.759561562667,58.36430681818182,122.098,"{'alpha': 0, 'beta': 0, 'gamma': 1}"
test,ram_heavy,hetero,low,binpack,1000,112,112,0,1.0,0.3056272725559571,0.5086940242624599,17,0.24407947164519914,0.10015751890171229,15735.639016573139,63.55000892857143,83.446,{}
test,ram_heavy,hetero,low,spread,1000,112,112,0,1.0,0.26862949833248284,0.4087543939342068,30,0.16198904976603087,0.0,11880.415135648884,84.17214285714286,100.729,{}
test,ram_heavy,hetero,low,tetris,1000,112,112,0,1.0,0.3036578297725721,0.37344475978358127,20,0.07957268272034795,0.0028519506945895883,12449.377164329779,80.32530357142856,95.869,{}
test,ram_heavy,hetero,low,hybrid,1000,112,112,0,1.0,0.3189243392293371,0.3496665690987734,12,0.03074222986943627,0.009038031418489141,10029.441784552904,99.70644642857144,121.918,"{'family': 'hybrid', 'alpha': 0.1}"
test,ram_heavy,hetero,low,balance,1000,112,112,0,1.0,0.3276363476483631,0.4100562117639199,14,0.11727735641341412,0.04229200385909455,12783.180256652018,78.22779464285715,99.386,"{'family': 'balance', 'lam': 0.8}"
test,ram_heavy,hetero,low,wmatch,1000,112,112,0,1.0,0.30419380050145034,0.5095892155798286,17,0.24964214391577386,0.10332089312506716,9443.044194627211,105.89805357142856,141.544,"{'family': 'wmatch', 'lam': 0.8}"
test,ram_heavy,hetero,low,d1_cheap,1000,112,112,0,1.0,0.32888795824179223,0.36176435021203485,12,0.03287639197024268,0.006260070201740191,7526.702657745911,132.86030357142857,161.071,"{'family': 'd_cheap', 'alpha': 0.0, 'beta': 0.8, 'gamma': 0.2}"
test,ram_heavy,hetero,low,d1_cheap_nomad_ff,1000,112,112,0,1.0,0.3051467643382467,0.508417088580842,17,0.24610536442956396,0.09412852620192415,10123.888372198971,98.77627678571429,128.691,{'derived_from': 'd1_cheap'}
test,ram_heavy,hetero,low,d2_capacity,1000,112,112,0,1.0,0.32880789317642084,0.36153266021354935,12,0.03272476703712857,0.007045854599530765,5288.594593290313,189.0861517857143,226.223,"{'family': 'd_capacity', 'alpha': 0.0, 'beta': 0.8, 'gamma': 0.2}"
test,ram_heavy,hetero,low,d2_capacity_nomad_ff,1000,112,112,0,1.0,0.3073709836781046,0.501324372911354,16,0.21663003866401687,0.09078481489754178,6955.290523106159,143.77544642857143,193.843,{'derived_from': 'd2_capacity'}
test,ram_heavy,hetero,low,ff_only_cheap,1000,112,112,0,1.0,0.3051467643382467,0.508417088580842,17,0.24610536442956396,0.09412852620192415,9973.999031275343,100.2606875,131.917,"{'alpha': 0, 'beta': 0, 'gamma': 1}"
test,ram_heavy,hetero,low,binpack,1001,104,104,0,1.0,0.2661001536075146,0.5267420616795918,17,0.26251954314036335,0.11029495748340118,15699.606151226457,63.69586538461538,83.837,{}
test,ram_heavy,hetero,low,spread,1001,104,104,0,1.0,0.2340900188988307,0.4012838323443467,30,0.17983533630512605,0.0,11883.212699680822,84.15232692307693,97.022,{}
test,ram_heavy,hetero,low,tetris,1001,104,104,0,1.0,0.24941706027206842,0.36835589097216037,25,0.12095924177527918,0.0,11890.527571275137,84.10055769230769,95.168,{}
test,ram_heavy,hetero,low,hybrid,1001,104,104,0,1.0,0.27138389401578855,0.33643381314882703,14,0.06504991913303848,0.005068760109845158,9564.543794712517,104.55281730769231,129.393,"{'family': 'hybrid', 'alpha': 0.1}"
test,ram_heavy,hetero,low,balance,1001,104,104,0,1.0,0.28943865073921404,0.404465885515702,13,0.12976259970076015,0.05181939976306686,12717.823295628246,78.6298076923077,99.356,"{'family': 'balance', 'lam': 0.8}"
test,ram_heavy,hetero,low,wmatch,1001,104,104,0,1.0,0.26316787513479667,0.5264732300527617,17,0.2651829899862512,0.11029495748340118,9259.817387497449,107.99349038461538,144.13,"{'family': 'wmatch', 'lam': 0.8}"
test,ram_heavy,hetero,low,d1_cheap,1001,104,104,0,1.0,0.284865199083805,0.36984795674342463,13,0.08498275765961963,0.012894927557295108,7397.057322571089,135.18889423076922,160.991,"{'family': 'd_cheap', 'alpha': 0.0, 'beta': 0.8, 'gamma': 0.2}"
test,ram_heavy,hetero,low,d1_cheap_nomad_ff,1001,104,104,0,1.0,0.26591426126318,0.524367191717935,17,0.2589391407485774,0.08135668819164668,9994.564494540278,100.0543846153846,132.448,{'derived_from': 'd1_cheap'}
test,ram_heavy,hetero,low,d2_capacity,1001,104,104,0,1.0,0.2834666070020763,0.36625798280122424,13,0.08279137579914783,0.01046250138680229,5203.098184814147,192.1931826923077,229.569,"{'family': 'd_capacity', 'alpha': 0.0, 'beta': 0.8, 'gamma': 0.2}"
test,ram_heavy,hetero,low,d2_capacity_nomad_ff,1001,104,104,0,1.0,0.26519566677247963,0.5263347948642679,17,0.26220873288559354,0.11094682621031327,6849.482877214853,145.99642307692307,190.476,{'derived_from': 'd2_capacity'}
test,ram_heavy,hetero,low,ff_only_cheap,1001,104,104,0,1.0,0.26591426126318,0.524367191717935,17,0.2589391407485774,0.08135668819164668,9939.475285542489,100.60893269230769,129.732,"{'alpha': 0, 'beta': 0, 'gamma': 1}"
test,ram_heavy,hetero,low,binpack,1002,101,101,0,1.0,0.24763616692628568,0.5297996143109172,17,0.31823071939839453,0.12160344996142664,15933.911813212904,62.75922772277228,85.74,{}
test,ram_heavy,hetero,low,spread,1002,101,101,0,1.0,0.21702616331623498,0.40181548713505555,30,0.19385597804695895,0.0,11985.741951247936,83.43246534653466,93.495,{}
test,ram_heavy,hetero,low,tetris,1002,101,101,0,1.0,0.23609688330992398,0.3450009451205487,22,0.113957989611735,0.0015235725805888053,11821.989860946476,84.58812871287128,99.416,{}
test,ram_heavy,hetero,low,hybrid,1002,101,101,0,1.0,0.2456558906268445,0.32185380227790755,15,0.07642002042762988,0.002210880295599359,9490.928223116876,105.36377227722772,126.817,"{'family': 'hybrid', 'alpha': 0.1}"
test,ram_heavy,hetero,low,balance,1002,101,101,0,1.0,0.2610691700740127,0.4306376698184677,15,0.1854185193350333,0.028340662402347002,12591.249156635637,79.42023762376239,98.034,"{'family': 'balance', 'lam': 0.8}"
test,ram_heavy,hetero,low,wmatch,1002,101,101,0,1.0,0.2468668770571178,0.5299885680393586,17,0.32068179820821147,0.11187016128094185,9643.527483957849,103.69649504950496,138.569,"{'family': 'wmatch', 'lam': 0.8}"
test,ram_heavy,hetero,low,d1_cheap,1002,101,101,0,1.0,0.24833087701332177,0.32472004949772487,12,0.07757949350759911,0.0051864340444,7220.995566523206,138.48505940594058,157.134,"{'family': 'd_cheap', 'alpha': 0.0, 'beta': 0.8, 'gamma': 0.2}"
test,ram_heavy,hetero,low,d1_cheap_nomad_ff,1002,101,101,0,1.0,0.24831694934551254,0.5288733613902867,17,0.3087226711602436,0.10179477369476,10400.68805185433,96.14748514851486,128.721,{'derived_from': 'd1_cheap'}
test,ram_heavy,hetero,low,d2_capacity,1002,101,101,0,1.0,0.2484316108246017,0.3239512896220459,13,0.07670999982064022,0.004547339199006616,5106.887406228573,195.8139900990099,226.022,"{'family': 'd_capacity', 'alpha': 0.0, 'beta': 0.8, 'gamma': 0.2}"
test,ram_heavy,hetero,low,d2_capacity_nomad_ff,1002,101,101,0,1.0,0.24892022132904584,0.5294272002818307,17,0.31160725952802876,0.10721671921888061,7323.0072647132265,136.5559207920792,184.845,{'derived_from': 'd2_capacity'}
test,ram_heavy,hetero,low,ff_only_cheap,1002,101,101,0,1.0,0.24831694934551254,0.5288733613902867,17,0.3087226711602436,0.10179477369476,10312.0529316656,96.97390099009901,130.224,"{'alpha': 0, 'beta': 0, 'gamma': 1}"
test,ram_heavy,hetero,low,binpack,1003,110,110,0,1.0,0.2814810497789136,0.5397168612490043,17,0.2629265681831416,0.09844532188942205,16457.612595878687,60.76215454545455,82.925,{}
test,ram_heavy,hetero,low,spread,1003,110,110,0,1.0,0.2467222464250738,0.40940448911430694,30,0.19567805609828973,0.0,11909.738474052847,83.9649,96.57,{}
test,ram_heavy,hetero,low,tetris,1003,110,110,0,1.0,0.2569852903952378,0.3784522886147382,27,0.1253874806922786,0.0006680624918748972,11840.186756342087,84.45812727272727,102.572,{}
test,ram_heavy,hetero,low,hybrid,1003,110,110,0,1.0,0.27286340843359463,0.3259108921980341,13,0.05304748376443944,0.009764368616407806,9683.62965680248,103.26706363636363,125.345,"{'family': 'hybrid', 'alpha': 0.1}"
test,ram_heavy,hetero,low,balance,1003,110,110,0,1.0,0.29378313106508386,0.47644394978798105,16,0.2003522600693627,0.06719861476455449,13321.644196080555,75.0658090909091,96.841,"{'family': 'balance', 'lam': 0.8}"
test,ram_heavy,hetero,low,wmatch,1003,110,110,0,1.0,0.28237552539438054,0.5384722737035081,17,0.25998889518404583,0.09969286222255293,9853.894514417547,101.48271818181819,137.497,"{'family': 'wmatch', 'lam': 0.8}"
test,ram_heavy,hetero,low,d1_cheap,1003,110,110,0,1.0,0.2726447373576949,0.3302272321562087,11,0.057582494798513725,0.008146966099340902,7265.143663592674,137.64352727272728,162.053,"{'family': 'd_cheap', 'alpha': 0.0, 'beta': 0.8, 'gamma': 0.2}"
test,ram_heavy,hetero,low,d1_cheap_nomad_ff,1003,110,110,0,1.0,0.28217742667048545,0.5416426746863467,17,0.2691923218984879,0.09782155172285661,10000.820976485616,99.99179090909091,142.266,{'derived_from': 'd1_cheap'}
test,ram_heavy,hetero,low,d2_capacity,1003,110,110,0,1.0,0.27908870618284604,0.3382414051295245,12,0.05915269894667845,0.0073507859944717015,5195.492447430709,192.4745363636364,231.043,"{'family': 'd_capacity', 'alpha': 0.0, 'beta': 0.8, 'gamma': 0.2}"
test,ram_heavy,hetero,low,d2_capacity_nomad_ff,1003,110,110,0,1.0,0.28144813645041855,0.5389936584872671,17,0.2622362787498994,0.09844532188942204,7296.678227037204,137.04866363636364,188.813,{'derived_from': 'd2_capacity'}
test,ram_heavy,hetero,low,ff_only_cheap,1003,110,110,0,1.0,0.28217742667048545,0.5416426746863467,17,0.2691923218984879,0.09782155172285661,10573.432827413797,94.57666363636363,128.811,"{'alpha': 0, 'beta': 0, 'gamma': 1}"
test,ram_heavy,hetero,low,binpack,1004,107,107,0,1.0,0.24988451391906635,0.5115847228138002,16,0.2617002088947337,0.11010933250100909,15405.409919241098,64.91226168224298,86.692,{}
test,ram_heavy,hetero,low,spread,1004,107,107,0,1.0,0.2236651018144518,0.4102558585723683,30,0.20497867417227666,0.0,11910.897580751991,83.95672897196262,98.474,{}
test,ram_heavy,hetero,low,tetris,1004,107,107,0,1.0,0.23911561461010902,0.35653565352135147,25,0.12312287886969017,0.0017568756719122504,11887.624838114436,84.12109345794391,101.229,{}
test,ram_heavy,hetero,low,hybrid,1004,107,107,0,1.0,0.25926528096746015,0.32964225054832086,14,0.07037696958086072,0.00850217544839332,9775.403258224129,102.29757009345795,120.405,"{'family': 'hybrid', 'alpha': 0.1}"
test,ram_heavy,hetero,low,balance,1004,107,107,0,1.0,0.26965228678603786,0.43599455435225193,14,0.1805298754710846,0.06277765340233626,12683.411614875675,78.84314018691589,99.546,"{'family': 'balance', 'lam': 0.8}"
test,ram_heavy,hetero,low,wmatch,1004,107,107,0,1.0,0.24988451391906635,0.5115847228138002,16,0.2617002088947337,0.11010933250100909,9315.266128012128,107.35066355140187,143.188,"{'family': 'wmatch', 'lam': 0.8}"
test,ram_heavy,hetero,low,d1_cheap,1004,107,107,0,1.0,0.25699462011639157,0.3262506289854198,12,0.06925600886902815,0.010738505554613548,7308.5125319132685,136.8267476635514,158.857,"{'family': 'd_cheap', 'alpha': 0.0, 'beta': 0.8, 'gamma': 0.2}"
test,ram_heavy,hetero,low,d1_cheap_nomad_ff,1004,107,107,0,1.0,0.2573354814296297,0.5110738390565406,16,0.25966888993163506,0.10506554274587879,9927.821950915364,100.72702803738318,128.981,{'derived_from': 'd1_cheap'}
test,ram_heavy,hetero,low,d2_capacity,1004,107,107,0,1.0,0.25643723547957625,0.3214318545738835,12,0.06499461909430725,0.006862321497706096,5248.346868836258,190.53618691588784,220.814,"{'family': 'd_capacity', 'alpha': 0.0, 'beta': 0.8, 'gamma': 0.2}"
test,ram_heavy,hetero,low,d2_capacity_nomad_ff,1004,107,107,0,1.0,0.2559335092239386,0.511083984268418,16,0.26108100734920364,0.10506554274587879,6981.145296684974,143.24297196261682,186.93,{'derived_from': 'd2_capacity'}
test,ram_heavy,hetero,low,ff_only_cheap,1004,107,107,0,1.0,0.2573354814296297,0.5110738390565406,16,0.25966888993163506,0.10506554274587879,9847.807201655389,101.54544859813083,130.535,"{'alpha': 0, 'beta': 0, 'gamma': 1}"
test,ram_heavy,hetero,low,binpack,1005,95,95,0,1.0,0.22149565063316345,0.5306047267037222,17,0.3091090760705587,0.13673250354701344,15474.923781928024,64.62067368421053,86.381,{}
test,ram_heavy,hetero,low,spread,1005,95,95,0,1.0,0.2144492747211201,0.40453085632496133,30,0.21476752574680688,0.0,11885.362550473694,84.13710526315789,99.546,{}
test,ram_heavy,hetero,low,tetris,1005,95,95,0,1.0,0.22668979271689488,0.3356965760915475,20,0.10944918325117836,0.0,11704.461605238572,85.4375052631579,100.688,{}
test,ram_heavy,hetero,low,hybrid,1005,95,95,0,1.0,0.2647570779825153,0.3155424149789418,12,0.05192222808387547,0.006462357928011358,9825.228829579442,101.7788,121.558,"{'family': 'hybrid', 'alpha': 0.1}"
test,ram_heavy,hetero,low,balance,1005,95,95,0,1.0,0.27790789746573347,0.3995406485508811,13,0.12329726564484877,0.03669582864319769,12670.82945650411,78.92143157894736,97.723,"{'family': 'balance', 'lam': 0.8}"
test,ram_heavy,hetero,low,wmatch,1005,95,95,0,1.0,0.2258126965583759,0.5265663978196575,17,0.30087930936564866,0.11379340172317161,9265.705517152186,107.92486315789473,142.126,"{'family': 'wmatch', 'lam': 0.8}"
test,ram_heavy,hetero,low,d1_cheap,1005,95,95,0,1.0,0.2714726739069007,0.32676581324706466,11,0.05529313934016397,0.01164798615659343,7365.163814035351,135.7743052631579,161.252,"{'family': 'd_cheap', 'alpha': 0.0, 'beta': 0.8, 'gamma': 0.2}"
test,ram_heavy,hetero,low,d1_cheap_nomad_ff,1005,95,95,0,1.0,0.22149565063316345,0.5306047267037222,17,0.3091090760705587,0.13673250354701344,9974.875912543648,100.25187368421052,130.774,{'derived_from': 'd1_cheap'}
test,ram_heavy,hetero,low,d2_capacity,1005,95,95,0,1.0,0.26844044996572014,0.3221124384347985,12,0.05367198846907829,0.009196054735088255,5214.632632424498,191.76806315789474,221.986,"{'family': 'd_capacity', 'alpha': 0.0, 'beta': 0.8, 'gamma': 0.2}"
test,ram_heavy,hetero,low,d2_capacity_nomad_ff,1005,95,95,0,1.0,0.22167804163842283,0.5305630745639562,17,0.30888503292553343,0.13673250354701347,6841.579200677417,146.16508421052632,192.17,{'derived_from': 'd2_capacity'}
test,ram_heavy,hetero,low,ff_only_cheap,1005,95,95,0,1.0,0.22149565063316345,0.5306047267037222,17,0.3091090760705587,0.13673250354701344,9896.026099675066,101.05066315789475,133.129,"{'alpha': 0, 'beta': 0, 'gamma': 1}"
test,ram_heavy,hetero,low,binpack,1006,103,103,0,1.0,0.2293664902714862,0.5385029471671305,17,0.30913645689564434,0.12268628003660248,15840.253960793987,63.13030097087379,84.918,{}
test,ram_heavy,hetero,low,spread,1006,103,103,0,1.0,0.22741619222506845,0.41471536511983603,30,0.20052691819317778,0.0,11943.876305042426,83.72491262135922,95.639,{}
test,ram_heavy,hetero,low,tetris,1006,103,103,0,1.0,0.2523585899039394,0.31451663821539383,16,0.0636775132840569,0.0016879105170555446,12164.603860856301,82.20571844660194,97.122,{}
test,ram_heavy,hetero,low,hybrid,1006,103,103,0,1.0,0.2742253448185154,0.31202233386147543,11,0.04135206127159323,0.008810881728854929,9858.892448193674,101.43127184466019,120.355,"{'family': 'hybrid', 'alpha': 0.1}"
test,ram_heavy,hetero,low,balance,1006,103,103,0,1.0,0.2846028376880743,0.38467782518242183,13,0.14631268885786528,0.06864438779296789,12410.887119366827,80.57441747572815,106.349,"{'family': 'balance', 'lam': 0.8}"
test,ram_heavy,hetero,low,wmatch,1006,103,103,0,1.0,0.22912092656048985,0.539549381461007,17,0.31042845490051707,0.1213976166065709,9550.767149144223,104.70363106796117,141.485,"{'family': 'wmatch', 'lam': 0.8}"
test,ram_heavy,hetero,low,d1_cheap,1006,103,103,0,1.0,0.2802319404336396,0.32877204366776375,11,0.04854010323412423,0.009965515480642237,7529.598082481849,132.80921359223302,157.064,"{'family': 'd_cheap', 'alpha': 0.0, 'beta': 0.8, 'gamma': 0.2}"
test,ram_heavy,hetero,low,d1_cheap_nomad_ff,1006,103,103,0,1.0,0.22935701094408753,0.5384383618117821,17,0.30908135086769467,0.11603499189488,10318.699547319653,96.91143689320388,126.326,{'derived_from': 'd1_cheap'}
test,ram_heavy,hetero,low,d2_capacity,1006,103,103,0,1.0,0.2861337704048909,0.3133230509096277,11,0.03757649152045836,0.010151227123467327,5299.534037183485,188.6958349514563,225.101,"{'family': 'd_capacity', 'alpha': 0.0, 'beta': 0.8, 'gamma': 0.2}"
test,ram_heavy,hetero,low,d2_capacity_nomad_ff,1006,103,103,0,1.0,0.2283900738081878,0.5384056279048137,17,0.310015554096626,0.1213976166065709,7040.588445546757,142.03358252427185,187.852,{'derived_from': 'd2_capacity'}
test,ram_heavy,hetero,low,ff_only_cheap,1006,103,103,0,1.0,0.22935701094408753,0.5384383618117821,17,0.30908135086769467,0.11603499189488,10150.715457903701,98.51522330097087,128.561,"{'alpha': 0, 'beta': 0, 'gamma': 1}"
test,ram_heavy,hetero,low,binpack,1007,99,99,0,1.0,0.24171096921205,0.5360833586837547,17,0.29437238947170474,0.13024573694359068,15933.172091777646,62.76214141414141,91.251,{}
test,ram_heavy,hetero,low,spread,1007,99,99,0,1.0,0.21699790138907166,0.40546960813527133,30,0.19575125722533124,0.0,11869.21420766521,84.25157575757576,99.016,{}
test,ram_heavy,hetero,low,tetris,1007,99,99,0,1.0,0.2509649196786167,0.3441638774608661,22,0.09562183528228285,0.0023902880510340532,11980.34642321312,83.4700404040404,102.021,{}
test,ram_heavy,hetero,low,hybrid,1007,99,99,0,1.0,0.273020391998655,0.34603223909611064,14,0.08106192540914853,0.011081448905171891,9915.729321422572,100.84986868686869,121.097,"{'family': 'hybrid', 'alpha': 0.1}"
test,ram_heavy,hetero,low,balance,1007,99,99,0,1.0,0.28479193248196677,0.3967526974949152,13,0.1384011408252259,0.040908677079399984,12547.407654881907,79.69773737373737,101.249,"{'family': 'balance', 'lam': 0.8}"
test,ram_heavy,hetero,low,wmatch,1007,99,99,0,1.0,0.24028561458569356,0.5359035140325461,17,0.29561789944685263,0.13024573694359068,9656.392395210585,103.55834343434343,143.108,"{'family': 'wmatch', 'lam': 0.8}"
test,ram_heavy,hetero,low,d1_cheap,1007,99,99,0,1.0,0.2722601529273864,0.3540214203842158,13,0.08176126745682938,0.009389772977055887,7529.513410899997,132.81070707070708,159.809,"{'family': 'd_cheap', 'alpha': 0.0, 'beta': 0.8, 'gamma': 0.2}"
test,ram_heavy,hetero,low,d1_cheap_nomad_ff,1007,99,99,0,1.0,0.24028561458569356,0.5359035140325461,17,0.29561789944685263,0.13024573694359068,10444.93965884506,95.74014141414142,128.22,{'derived_from': 'd1_cheap'}
test,ram_heavy,hetero,low,d2_capacity,1007,99,99,0,1.0,0.2683381678639786,0.3490124246535594,14,0.08067425678958075,0.009389772977055887,5358.9758704803735,186.60281818181818,219.25,"{'family': 'd_capacity', 'alpha': 0.0, 'beta': 0.8, 'gamma': 0.2}"
test,ram_heavy,hetero,low,d2_capacity_nomad_ff,1007,99,99,0,1.0,0.23960965361023073,0.5359925732168499,17,0.2963829196066191,0.13024573694359068,7243.995550869642,138.04536363636365,189.404,{'derived_from': 'd2_capacity'}
test,ram_heavy,hetero,low,ff_only_cheap,1007,99,99,0,1.0,0.24028561458569356,0.5359035140325461,17,0.29561789944685263,0.13024573694359068,10340.9105746256,96.70328282828282,129.923,"{'alpha': 0, 'beta': 0, 'gamma': 1}"
test,ram_heavy,hetero,low,binpack,1008,104,104,0,1.0,0.2548577749730791,0.5306657742719879,17,0.28171283065323466,0.11990037147527856,15832.205415558095,63.16239423076924,88.355,{}
test,ram_heavy,hetero,low,spread,1008,104,104,0,1.0,0.23459595168040498,0.4133453290441971,30,0.19978280036167914,0.0,11845.746061602664,84.4184903846154,99.917,{}
test,ram_heavy,hetero,low,tetris,1008,104,104,0,1.0,0.24491064083662725,0.33661578452792795,20,0.09389206127854885,0.002118443835825114,11987.737466705212,83.41857692307693,98.725,{}
test,ram_heavy,hetero,low,hybrid,1008,104,104,0,1.0,0.2770396861219897,0.32710887763389085,12,0.050069191511901145,0.008233362493218455,9858.864664520846,101.43155769230769,121.918,"{'family': 'hybrid', 'alpha': 0.1}"
test,ram_heavy,hetero,low,balance,1008,104,104,0,1.0,0.29004703188392295,0.4282512604191751,14,0.16692231576665925,0.06046167154821795,12850.446503591205,77.81830769230768,102.131,"{'family': 'balance', 'lam': 0.8}"
test,ram_heavy,hetero,low,wmatch,1008,104,104,0,1.0,0.2548577749730791,0.5306657742719879,17,0.28171283065323466,0.11990037147527856,9514.911513152718,105.09819230769232,141.585,"{'family': 'wmatch', 'lam': 0.8}"
test,ram_heavy,hetero,low,d1_cheap,1008,104,104,0,1.0,0.2832223120337777,0.34206961671336356,12,0.05884730467958588,0.008064524784542523,7508.700526237169,133.17883653846152,159.318,"{'family': 'd_cheap', 'alpha': 0.0, 'beta': 0.8, 'gamma': 0.2}"
test,ram_heavy,hetero,low,d1_cheap_nomad_ff,1008,104,104,0,1.0,0.25262095362615294,0.5314781203532308,17,0.27885716672707794,0.11664325916954209,10367.20851945297,96.45798076923077,126.486,{'derived_from': 'd1_cheap'}
test,ram_heavy,hetero,low,d2_capacity,1008,104,104,0,1.0,0.2820738414269589,0.34077666996666645,12,0.05870282853970757,0.009710418600854361,5407.565339897979,184.9261057692308,223.879,"{'family': 'd_capacity', 'alpha': 0.0, 'beta': 0.8, 'gamma': 0.2}"
test,ram_heavy,hetero,low,d2_capacity_nomad_ff,1008,104,104,0,1.0,0.25241772560947445,0.531513759067532,17,0.27909603345805756,0.11664325916954209,7299.805979579916,136.9899423076923,183.283,{'derived_from': 'd2_capacity'}
test,ram_heavy,hetero,low,ff_only_cheap,1008,104,104,0,1.0,0.25262095362615294,0.5314781203532308,17,0.27885716672707794,0.11664325916954209,10263.015427877943,97.43725,126.487,"{'alpha': 0, 'beta': 0, 'gamma': 1}"
test,ram_heavy,hetero,low,binpack,1009,96,96,0,1.0,0.2634530775712907,0.5283340458249411,17,0.26488096825365043,0.08857013929424969,16226.24249916587,61.6285625,85.46,{}
test,ram_heavy,hetero,low,spread,1009,96,96,0,1.0,0.2209325891153773,0.403310667138274,30,0.19945511147787534,0.0,11947.169615958232,83.70183333333333,100.498,{}
test,ram_heavy,hetero,low,tetris,1009,96,96,0,1.0,0.24376581511965867,0.3848550681421946,27,0.14587089339023296,0.002659115573426612,11822.82754004521,84.58213541666667,105.458,{}
test,ram_heavy,hetero,low,hybrid,1009,96,96,0,1.0,0.2449223106649897,0.3398890921020154,18,0.09496678143702571,0.006002902809969802,9853.939974724644,101.48225,128.461,"{'family': 'hybrid', 'alpha': 0.1}"
test,ram_heavy,hetero,low,balance,1009,96,96,0,1.0,0.27213476273530357,0.4630993897299586,15,0.19096462699465505,0.05738826948717421,13187.432706316698,75.82977083333333,99.196,"{'family': 'balance', 'lam': 0.8}"
test,ram_heavy,hetero,low,wmatch,1009,96,96,0,1.0,0.2611884440602961,0.5282543862198922,17,0.2670659421595961,0.08682580977442833,9979.862508681701,100.20178125,136.466,"{'family': 'wmatch', 'lam': 0.8}"
test,ram_heavy,hetero,low,d1_cheap,1009,96,96,0,1.0,0.2573414735534251,0.3591791138954611,14,0.10183764034203589,0.006497417537554486,7399.53911662298,135.14355208333333,156.103,"{'family': 'd_cheap', 'alpha': 0.0, 'beta': 0.8, 'gamma': 0.2}"
test,ram_heavy,hetero,low,d1_cheap_nomad_ff,1009,96,96,0,1.0,0.26349471156299453,0.528154223152885,17,0.2646595115898905,0.08613878392394729,10519.970355600202,95.05730208333333,129.743,{'derived_from': 'd1_cheap'}
test,ram_heavy,hetero,low,d2_capacity,1009,96,96,0,1.0,0.2542197069733715,0.35342172676275274,14,0.09920201978938127,0.006497417537554486,5328.069200962783,187.68525,218.959,"{'family': 'd_capacity', 'alpha': 0.0, 'beta': 0.8, 'gamma': 0.2}"
test,ram_heavy,hetero,low,d2_capacity_nomad_ff,1009,96,96,0,1.0,0.2612657696224239,0.5283272724821754,17,0.2670615028597514,0.08936500477008578,7308.601988533565,136.82507291666667,187.351,{'derived_from': 'd2_capacity'}
test,ram_heavy,hetero,low,ff_only_cheap,1009,96,96,0,1.0,0.26349471156299453,0.528154223152885,17,0.2646595115898905,0.08613878392394729,10547.962243569149,94.80504166666667,122.78,"{'alpha': 0, 'beta': 0, 'gamma': 1}"
test,ram_heavy,hetero,med,binpack,1000,210,210,0,1.0,0.5484351686887431,0.8063599172566195,26,0.32292546677699885,0.14499377515613257,20608.433579460183,48.52382380952381,78.136,{}
test,ram_heavy,hetero,med,spread,1000,210,210,0,1.0,0.5111828685802183,0.784335135698563,30,0.35617868994730195,0.06713241143179177,12639.654641299241,79.11608571428572,92.904,{}
test,ram_heavy,hetero,med,tetris,1000,210,210,0,1.0,0.5470786521409252,0.7187332299646021,29,0.17175425762792645,0.007840312949548057,13502.895406572181,74.05819047619048,89.798,{}
test,ram_heavy,hetero,med,hybrid,1000,210,210,0,1.0,0.5594633083700112,0.6914180685131048,27,0.13645031022362877,0.012738667781388718,10994.48003805556,90.95473333333334,116.568,"{'family': 'hybrid', 'alpha': 0.1}"
test,ram_heavy,hetero,med,balance,1000,210,210,0,1.0,0.5626819198409847,0.7746310161221788,26,0.28226347690946846,0.12127492076809689,16149.44356707679,61.921638095238094,95.78,"{'family': 'balance', 'lam': 0.8}"
test,ram_heavy,hetero,med,wmatch,1000,210,210,0,1.0,0.5464548183011613,0.805974629224171,26,0.31601770335385454,0.14056505124343577,12430.439114732539,80.44768095238095,131.666,"{'family': 'wmatch', 'lam': 0.8}"
test,ram_heavy,hetero,med,d1_cheap,1000,210,210,0,1.0,0.554209507932749,0.6899972426971491,25,0.14519549134063423,0.017807893628114215,8395.111358753571,119.11694285714286,151.563,"{'family': 'd_cheap', 'alpha': 0.0, 'beta': 0.8, 'gamma': 0.2}"
test,ram_heavy,hetero,med,d1_cheap_nomad_ff,1000,210,210,0,1.0,0.545333746767754,0.8071168334318934,26,0.324479616333802,0.14499377515613257,13158.95091579719,75.9939,121.837,{'derived_from': 'd1_cheap'}
test,ram_heavy,hetero,med,d2_capacity,1000,210,210,0,1.0,0.5530585941454831,0.6871717762696633,25,0.13832469102655914,0.01819673144850145,5877.312281584383,170.14579999999998,217.988,"{'family': 'd_capacity', 'alpha': 0.0, 'beta': 0.8, 'gamma': 0.2}"
test,ram_heavy,hetero,med,d2_capacity_nomad_ff,1000,210,210,0,1.0,0.5495330054305995,0.8058963558438074,26,0.32135820599393333,0.14499377515613257,9045.614449206074,110.55080952380953,182.982,{'derived_from': 'd2_capacity'}
test,ram_heavy,hetero,med,ff_only_cheap,1000,210,210,0,1.0,0.545333746767754,0.8071168334318934,26,0.324479616333802,0.14499377515613257,13086.958664965694,76.41194761904761,124.653,"{'alpha': 0, 'beta': 0, 'gamma': 1}"
test,ram_heavy,hetero,med,binpack,1001,195,195,0,1.0,0.4849132931887511,0.8137904379956802,26,0.3606227948582414,0.1594543967503824,20414.754528280457,48.98417948717948,81.673,{}
test,ram_heavy,hetero,med,spread,1001,195,195,0,1.0,0.44028549776571513,0.7674318275354999,30,0.35986883442859235,0.02732276631178919,12324.003746497137,81.14246153846153,97.773,{}
test,ram_heavy,hetero,med,tetris,1001,195,195,0,1.0,0.45908734907455373,0.728103236099372,30,0.2690158870248182,0.003477720711582385,12357.849087848148,80.92023076923077,97.061,{}
test,ram_heavy,hetero,med,hybrid,1001,195,195,0,1.0,0.47969005101536183,0.6881086380205617,29,0.20841858700519972,0.016944442300540537,10921.576638803577,91.56187179487179,117.229,"{'family': 'hybrid', 'alpha': 0.1}"
test,ram_heavy,hetero,med,balance,1001,195,195,0,1.0,0.4922246543604336,0.7901246148848728,25,0.31129833470110874,0.119116315149163,15792.68848735686,63.320441025641024,97.152,"{'family': 'balance', 'lam': 0.8}"
test,ram_heavy,hetero,med,wmatch,1001,195,195,0,1.0,0.48141937061681006,0.81070052131506,26,0.3580464416640848,0.15770829161821878,12309.0332396921,81.24114871794872,132.107,"{'family': 'wmatch', 'lam': 0.8}"
test,ram_heavy,hetero,med,d1_cheap,1001,195,195,0,1.0,0.4831284289459392,0.6710686580571855,25,0.1879402291112463,0.01039721068392752,8364.340730813468,119.55514871794871,150.611,"{'family': 'd_cheap', 'alpha': 0.0, 'beta': 0.8, 'gamma': 0.2}"
test,ram_heavy,hetero,med,d1_cheap_nomad_ff,1001,195,195,0,1.0,0.4836429827393872,0.8137703847216781,26,0.3616986974493214,0.1581506592965582,13088.491289609046,76.403,124.994,{'derived_from': 'd1_cheap'}
test,ram_heavy,hetero,med,d2_capacity,1001,195,195,0,1.0,0.4860884837228136,0.681702129655596,27,0.19561364593278233,0.015532008138427643,5866.471703254246,170.46021025641028,220.683,"{'family': 'd_capacity', 'alpha': 0.0, 'beta': 0.8, 'gamma': 0.2}"
test,ram_heavy,hetero,med,d2_capacity_nomad_ff,1001,195,195,0,1.0,0.4812298447137373,0.8142017091711321,26,0.35714859988597447,0.15358757820817356,8998.65587769359,111.1277076923077,182.562,{'derived_from': 'd2_capacity'}
test,ram_heavy,hetero,med,ff_only_cheap,1001,195,195,0,1.0,0.4836429827393872,0.8137703847216781,26,0.3616986974493214,0.1581506592965582,12964.14118548096,77.13584615384616,123.451,"{'alpha': 0, 'beta': 0, 'gamma': 1}"
test,ram_heavy,hetero,med,binpack,1002,191,191,0,1.0,0.4417494827679155,0.8225478425048592,26,0.3996219969525724,0.17154983562746112,20507.105282512217,48.76358638743455,79.97,{}
test,ram_heavy,hetero,med,spread,1002,191,191,0,1.0,0.4095596458957011,0.7747066797015167,30,0.36518497690661733,0.04342355969717533,12395.071823276128,80.67722513089006,96.47,{}
test,ram_heavy,hetero,med,tetris,1002,191,191,0,1.0,0.43147751733513345,0.7170886245791854,30,0.2856111072440519,0.00627795160664339,12445.618024956006,80.34956544502617,92.954,{}
test,ram_heavy,hetero,med,hybrid,1002,191,191,0,1.0,0.43867198203879004,0.684461636483607,30,0.24653323025509513,0.00954086359456848,10531.65562037517,94.95183246073299,115.186,"{'family': 'hybrid', 'alpha': 0.1}"
test,ram_heavy,hetero,med,balance,1002,191,191,0,1.0,0.4501213120838644,0.8095296802056443,26,0.3621633210436037,0.15089234996572207,16230.91613919022,61.6108167539267,94.767,"{'family': 'balance', 'lam': 0.8}"
test,ram_heavy,hetero,med,wmatch,1002,191,191,0,1.0,0.4442078398477716,0.8181671680378243,26,0.3979034966560326,0.17349605950638136,12449.734198174869,80.323,132.147,"{'family': 'wmatch', 'lam': 0.8}"
test,ram_heavy,hetero,med,d1_cheap,1002,191,191,0,1.0,0.44589030327433515,0.6787953110922158,26,0.23565996073970438,0.014389624830586306,8032.730812634367,124.49066492146596,150.682,"{'family': 'd_cheap', 'alpha': 0.0, 'beta': 0.8, 'gamma': 0.2}"
test,ram_heavy,hetero,med,d1_cheap_nomad_ff,1002,191,191,0,1.0,0.4418776230330522,0.8212153612372012,26,0.3981613754197777,0.17342232316647552,13155.2221858483,76.01543979057591,122.55,{'derived_from': 'd1_cheap'}
test,ram_heavy,hetero,med,d2_capacity,1002,191,191,0,1.0,0.43739158209664536,0.6714094145104652,27,0.2367727853356437,0.015579940349347203,5726.42470673435,174.62903141361258,217.698,"{'family': 'd_capacity', 'alpha': 0.0, 'beta': 0.8, 'gamma': 0.2}"
test,ram_heavy,hetero,med,d2_capacity_nomad_ff,1002,191,191,0,1.0,0.4424523696798917,0.8223911694330116,26,0.3987624369687485,0.17342232316647552,9168.623759811628,109.06762303664921,180.948,{'derived_from': 'd2_capacity'}
test,ram_heavy,hetero,med,ff_only_cheap,1002,191,191,0,1.0,0.4418776230330522,0.8212153612372012,26,0.3981613754197777,0.17342232316647552,13050.969570878655,76.62265968586388,122.89,"{'alpha': 0, 'beta': 0, 'gamma': 1}"
test,ram_heavy,hetero,med,binpack,1003,207,207,0,1.0,0.48954139121899,0.8121793194652459,25,0.322637928246256,0.10062323474222676,20765.41312789418,48.157,79.429,{}
test,ram_heavy,hetero,med,spread,1003,207,207,0,1.0,0.4551696298130021,0.7918624086136169,30,0.3775248040272898,0.05136823153361171,12734.969413925633,78.5239420289855,91.501,{}
test,ram_heavy,hetero,med,tetris,1003,207,207,0,1.0,0.4802009555286314,0.7111730046626139,30,0.23190187986147778,0.004376354340451447,12613.493256991029,79.28017874396136,94.247,{}
test,ram_heavy,hetero,med,hybrid,1003,207,207,0,1.0,0.48114302025143396,0.6638960059917303,26,0.1827529857402963,0.00951273132022199,10862.176610176002,92.06257971014493,113.653,"{'family': 'hybrid', 'alpha': 0.1}"
test,ram_heavy,hetero,med,balance,1003,207,207,0,1.0,0.49137382793488166,0.8048750693073765,25,0.31939064043279575,0.11700712740441786,16757.02507919516,59.676463768115944,92.974,"{'family': 'balance', 'lam': 0.8}"
test,ram_heavy,hetero,med,wmatch,1003,207,207,0,1.0,0.48970542738270795,0.8139592064078585,25,0.3260286271748821,0.11433672017978187,12615.50192877007,79.26755555555556,131.486,"{'family': 'wmatch', 'lam': 0.8}"
test,ram_heavy,hetero,med,d1_cheap,1003,207,207,0,1.0,0.4798648920763338,0.6537630823662071,24,0.17389819028987316,0.010146042220744105,8178.903518019033,122.26577777777779,151.143,"{'family': 'd_cheap', 'alpha': 0.0, 'beta': 0.8, 'gamma': 0.2}"
test,ram_heavy,hetero,med,d1_cheap_nomad_ff,1003,207,207,0,1.0,0.48959846742030405,0.8113479986881755,25,0.3217495312678714,0.10765126068892242,13259.431539345056,75.41801449275361,119.393,{'derived_from': 'd1_cheap'}
test,ram_heavy,hetero,med,d2_capacity,1003,207,207,0,1.0,0.47157842874620576,0.6486678199968356,25,0.17708939125062984,0.008788582803877827,5657.293151392963,176.7629806763285,216.676,"{'family': 'd_capacity', 'alpha': 0.0, 'beta': 0.8, 'gamma': 0.2}"
test,ram_heavy,hetero,med,d2_capacity_nomad_ff,1003,207,207,0,1.0,0.4894230752653151,0.8128413316422514,25,0.3234182563769362,0.11491991296822218,9336.30970677177,107.10870048309178,174.847,{'derived_from': 'd2_capacity'}
test,ram_heavy,hetero,med,ff_only_cheap,1003,207,207,0,1.0,0.48959846742030405,0.8113479986881755,25,0.3217495312678714,0.10765126068892242,13133.486087831425,76.1412463768116,121.087,"{'alpha': 0, 'beta': 0, 'gamma': 1}"
test,ram_heavy,hetero,med,binpack,1004,202,202,0,1.0,0.4590337215510509,0.8164854532625632,26,0.4149170202006875,0.18192340901962817,20375.607170398078,49.07829207920793,80.341,{}
test,ram_heavy,hetero,med,spread,1004,202,202,0,1.0,0.42480679119627485,0.7702699534478964,30,0.3758581697621653,0.048908806258006296,12423.99299385203,80.48942079207922,95.539,{}
test,ram_heavy,hetero,med,tetris,1004,202,202,0,1.0,0.44095198621358433,0.729684031785286,30,0.2887320455717016,0.0032985514534335874,12529.137999027194,79.8139504950495,93.836,{}
test,ram_heavy,hetero,med,hybrid,1004,202,202,0,1.0,0.44989321836794194,0.702853929848143,30,0.2556076797258454,0.006564199692408166,10562.385869368281,94.67557920792079,115.746,"{'family': 'hybrid', 'alpha': 0.1}"
test,ram_heavy,hetero,med,balance,1004,202,202,0,1.0,0.46103320893620076,0.8051718295994565,25,0.357036455721971,0.11516558648462577,15581.770470184552,64.1775594059406,95.328,"{'family': 'balance', 'lam': 0.8}"
test,ram_heavy,hetero,med,wmatch,1004,202,202,0,1.0,0.4587505845276161,0.8159162444678346,26,0.40843266818495666,0.15181081183010833,12183.530532621133,82.07801485148515,135.374,"{'family': 'wmatch', 'lam': 0.8}"
test,ram_heavy,hetero,med,d1_cheap,1004,202,202,0,1.0,0.4477322270841138,0.6974515030538561,29,0.2502967013841236,0.004201847473641683,7927.799567016555,126.13840594059407,153.417,"{'family': 'd_cheap', 'alpha': 0.0, 'beta': 0.8, 'gamma': 0.2}"
test,ram_heavy,hetero,med,d1_cheap_nomad_ff,1004,202,202,0,1.0,0.4624405117251596,0.8129593922715589,26,0.3906514124893121,0.15341287554996347,12953.471706764181,77.19938118811882,129.042,{'derived_from': 'd1_cheap'}
test,ram_heavy,hetero,med,d2_capacity,1004,202,202,0,1.0,0.4453350119845092,0.6991980303623497,30,0.2544404437922219,0.008409469012847677,5526.574327458995,180.94391584158416,218.749,"{'family': 'd_capacity', 'alpha': 0.0, 'beta': 0.8, 'gamma': 0.2}"
test,ram_heavy,hetero,med,d2_capacity_nomad_ff,1004,202,202,0,1.0,0.4599635405908463,0.8142856073859479,26,0.39445459873801425,0.172626415162012,8926.556798134226,112.02527722772278,185.588,{'derived_from': 'd2_capacity'}
test,ram_heavy,hetero,med,ff_only_cheap,1004,202,202,0,1.0,0.4624405117251596,0.8129593922715589,26,0.3906514124893121,0.15341287554996347,12827.159236354759,77.95958415841585,127.258,"{'alpha': 0, 'beta': 0, 'gamma': 1}"
test,ram_heavy,hetero,med,binpack,1005,179,179,0,1.0,0.44958666965755095,0.817452306552287,25,0.3715673875721509,0.15961094435898923,19968.191451896124,50.07964804469274,82.404,{}
test,ram_heavy,hetero,med,spread,1005,179,179,0,1.0,0.4075722375278183,0.7575263452869336,30,0.3534480361753606,0.06727758575422071,12544.222765213426,79.71797206703911,98.214,{}
test,ram_heavy,hetero,med,tetris,1005,179,179,0,1.0,0.42893471892891666,0.7118779905347724,30,0.28340779147620776,0.012124581448701866,12563.367802348324,79.59649162011173,96.18,{}
test,ram_heavy,hetero,med,hybrid,1005,179,179,0,1.0,0.4583656617692603,0.6904162956223405,29,0.23214637822014464,0.012615266946176226,10769.020572017886,92.85895530726258,116.458,"{'family': 'hybrid', 'alpha': 0.1}"
test,ram_heavy,hetero,med,balance,1005,179,179,0,1.0,0.4602256113060943,0.7453394159623531,24,0.29167605167842436,0.11107862890465485,15507.919001879143,64.4831843575419,93.715,"{'family': 'balance', 'lam': 0.8}"
test,ram_heavy,hetero,med,wmatch,1005,179,179,0,1.0,0.4491161621061423,0.8174607912513941,25,0.37204637982266675,0.15961094435898923,12020.065316632023,83.19422346368715,138.459,"{'family': 'wmatch', 'lam': 0.8}"
test,ram_heavy,hetero,med,d1_cheap,1005,179,179,0,1.0,0.45863183954133674,0.6837246587779409,28,0.2250928192366042,0.017162051332396466,8170.362371090281,122.39359217877096,158.707,"{'family': 'd_cheap', 'alpha': 0.0, 'beta': 0.8, 'gamma': 0.2}"
test,ram_heavy,hetero,med,d1_cheap_nomad_ff,1005,179,179,0,1.0,0.4456495722376332,0.8159257452600924,25,0.37094391224944584,0.1661769395069336,12655.558197432787,79.01666480446927,125.756,{'derived_from': 'd1_cheap'}
test,ram_heavy,hetero,med,d2_capacity,1005,179,179,0,1.0,0.45800641184437063,0.6879779392942027,29,0.229971527449832,0.018528899735934915,5743.034805678482,174.1239664804469,227.265,"{'family': 'd_capacity', 'alpha': 0.0, 'beta': 0.8, 'gamma': 0.2}"
test,ram_heavy,hetero,med,d2_capacity_nomad_ff,1005,179,179,0,1.0,0.44786975088020886,0.8164914249840104,25,0.36928941333078813,0.15961094435898923,8761.964303170034,114.12965921787709,185.437,{'derived_from': 'd2_capacity'}
test,ram_heavy,hetero,med,ff_only_cheap,1005,179,179,0,1.0,0.4456495722376332,0.8159257452600924,25,0.37094391224944584,0.1661769395069336,12543.934429561079,79.71980446927374,128.781,"{'alpha': 0, 'beta': 0, 'gamma': 1}"
test,ram_heavy,hetero,med,binpack,1006,194,194,0,1.0,0.460342091796535,0.8233926348375841,27,0.41380103867107704,0.20121252308975188,20667.421347145137,48.385329896907216,79.739,{}
test,ram_heavy,hetero,med,spread,1006,194,194,0,1.0,0.43299514730473915,0.7710336406555608,30,0.3380384933508216,0.05889664023647536,12461.566665591803,80.2467319587629,95.549,{}
test,ram_heavy,hetero,med,tetris,1006,194,194,0,1.0,0.45859046323081176,0.7047912066973325,30,0.2462007434665207,0.014575608523884507,12857.723916433544,77.77426288659794,93.014,{}
test,ram_heavy,hetero,med,hybrid,1006,194,194,0,1.0,0.4665745027815006,0.6707953189891273,30,0.2044673302978649,0.014951482878374606,10868.41979506754,92.00969587628866,117.53,"{'family': 'hybrid', 'alpha': 0.1}"
test,ram_heavy,hetero,med,balance,1006,194,194,0,1.0,0.47363553519326074,0.7524912564069728,25,0.3352592338410735,0.14395536918280064,15462.952837356199,64.67070103092783,96.47,"{'family': 'balance', 'lam': 0.8}"
test,ram_heavy,hetero,med,wmatch,1006,194,194,0,1.0,0.4599313405703536,0.8235961968040524,27,0.41441535186372674,0.20121252308975188,12415.597138704043,80.54385051546392,136.595,"{'family': 'wmatch', 'lam': 0.8}"
test,ram_heavy,hetero,med,d1_cheap,1006,194,194,0,1.0,0.473725501997486,0.658195430110629,27,0.1878338280273618,0.02199161975169173,8362.59306941047,119.58013402061856,153.677,"{'family': 'd_cheap', 'alpha': 0.0, 'beta': 0.8, 'gamma': 0.2}"
test,ram_heavy,hetero,med,d1_cheap_nomad_ff,1006,194,194,0,1.0,0.4558213430200714,0.8231975301192043,27,0.41139844003704057,0.17024367101731694,13225.837723879686,75.60957731958763,125.936,{'derived_from': 'd1_cheap'}
test,ram_heavy,hetero,med,d2_capacity,1006,194,194,0,1.0,0.47247617009815523,0.6599585047385148,28,0.1908462345545784,0.01773396755477592,5812.140939264745,172.05363917525773,223.047,"{'family': 'd_capacity', 'alpha': 0.0, 'beta': 0.8, 'gamma': 0.2}"
test,ram_heavy,hetero,med,d2_capacity_nomad_ff,1006,194,194,0,1.0,0.467817551538784,0.8148979767403708,26,0.4070839758184636,0.19735193701472584,9169.6373455696,109.05556701030929,182.972,{'derived_from': 'd2_capacity'}
test,ram_heavy,hetero,med,ff_only_cheap,1006,194,194,0,1.0,0.4558213430200714,0.8231975301192043,27,0.41139844003704057,0.17024367101731694,13061.83567268117,76.5589175257732,127.359,"{'alpha': 0, 'beta': 0, 'gamma': 1}"
test,ram_heavy,hetero,med,binpack,1007,187,187,0,1.0,0.45474191645525897,0.8193347993338559,26,0.3993859884839762,0.18116219880108922,20909.25751226574,47.82570588235294,80.06,{}
test,ram_heavy,hetero,med,spread,1007,187,187,0,1.0,0.4083908930534876,0.785520938538352,30,0.3856385004080161,0.0539768905969295,12365.32704107907,80.87129411764707,98.224,{}
test,ram_heavy,hetero,med,tetris,1007,187,187,0,1.0,0.44192079964420033,0.7086299781460934,30,0.26670917850189296,0.013795063729101187,12700.646442528556,78.73614973262032,95.048,{}
test,ram_heavy,hetero,med,hybrid,1007,187,187,0,1.0,0.4573697453873577,0.6755755453990488,28,0.21820580001169115,0.01464915034701073,10776.01855273115,92.7986524064171,115.215,"{'family': 'hybrid', 'alpha': 0.1}"
test,ram_heavy,hetero,med,balance,1007,187,187,0,1.0,0.4603402638215001,0.7863422262451103,25,0.3331335853814047,0.15057750976421577,15987.936033550384,62.54716042780749,94.487,"{'family': 'balance', 'lam': 0.8}"
test,ram_heavy,hetero,med,wmatch,1007,187,187,0,1.0,0.45807974521321715,0.8169031946796496,26,0.3936165550718116,0.17935324674061107,12624.64388546302,79.21015508021391,133.861,"{'family': 'wmatch', 'lam': 0.8}"
test,ram_heavy,hetero,med,d1_cheap,1007,187,187,0,1.0,0.45912392403749214,0.663908935180488,26,0.21098986109552376,0.018280333043799373,8065.058019682364,123.99166844919786,154.179,"{'family': 'd_cheap', 'alpha': 0.0, 'beta': 0.8, 'gamma': 0.2}"
test,ram_heavy,hetero,med,d1_cheap_nomad_ff,1007,187,187,0,1.0,0.45915748753591135,0.8150707931383087,26,0.38169140139723035,0.1760623796405318,13156.512617975046,76.00798395721925,121.828,{'derived_from': 'd1_cheap'}
test,ram_heavy,hetero,med,d2_capacity,1007,187,187,0,1.0,0.45386000460151943,0.6700661866589468,27,0.22241103200995538,0.019562616858095728,5776.417192989913,173.1176898395722,223.158,"{'family': 'd_capacity', 'alpha': 0.0, 'beta': 0.8, 'gamma': 0.2}"
test,ram_heavy,hetero,med,d2_capacity_nomad_ff,1007,187,187,0,1.0,0.4566021361949085,0.8183890833204125,26,0.4143456455389293,0.18461565360174115,9288.576501312122,107.6591229946524,181.73,{'derived_from': 'd2_capacity'}
test,ram_heavy,hetero,med,ff_only_cheap,1007,187,187,0,1.0,0.45915748753591135,0.8150707931383087,26,0.38169140139723035,0.1760623796405318,13100.565475049974,76.33258288770054,123.722,"{'alpha': 0, 'beta': 0, 'gamma': 1}"
test,ram_heavy,hetero,med,binpack,1008,195,195,0,1.0,0.4937521332902896,0.8125079357128779,26,0.37436428077492734,0.17038133804657193,20338.974565225733,49.16668717948718,81.683,{}
test,ram_heavy,hetero,med,spread,1008,195,195,0,1.0,0.44816723791347446,0.7790805995066389,30,0.3734970078221964,0.051618466923746074,12440.688221424343,80.38140512820512,97.312,{}
test,ram_heavy,hetero,med,tetris,1008,195,195,0,1.0,0.4574682277773889,0.7070996829092023,30,0.25095053949954843,0.007749282626035592,12417.67084231545,80.5304,96.08,{}
test,ram_heavy,hetero,med,hybrid,1008,195,195,0,1.0,0.49161017631545717,0.6793818223024299,29,0.18777164598697274,0.014218105252646145,11033.018713131329,90.63702564102564,114.915,"{'family': 'hybrid', 'alpha': 0.1}"
test,ram_heavy,hetero,med,balance,1008,195,195,0,1.0,0.495120140060814,0.7775421434076183,24,0.28242200334680423,0.10065759761105468,15288.667686695213,65.40792307692308,96.651,"{'family': 'balance', 'lam': 0.8}"
test,ram_heavy,hetero,med,wmatch,1008,195,195,0,1.0,0.4935383832852867,0.811830512819742,26,0.36450718693644324,0.16712422574083546,12308.790047831957,81.24275384615385,137.067,"{'family': 'wmatch', 'lam': 0.8}"
test,ram_heavy,hetero,med,d1_cheap,1008,195,195,0,1.0,0.48268288167373463,0.669754785551829,27,0.18707190387809428,0.011980686063942645,8293.250705904487,120.57997948717949,153.618,"{'family': 'd_cheap', 'alpha': 0.0, 'beta': 0.8, 'gamma': 0.2}"
test,ram_heavy,hetero,med,d1_cheap_nomad_ff,1008,195,195,0,1.0,0.4878790421467249,0.8130186338916724,26,0.39344782004183154,0.18886732605957215,13178.071769671094,75.88363589743591,126.176,{'derived_from': 'd1_cheap'}
test,ram_heavy,hetero,med,d2_capacity,1008,195,195,0,1.0,0.4748375980240392,0.6667286733544253,27,0.19368835698147766,0.013607175984304604,5841.902830581672,171.17710256410257,222.046,"{'family': 'd_capacity', 'alpha': 0.0, 'beta': 0.8, 'gamma': 0.2}"
test,ram_heavy,hetero,med,d2_capacity_nomad_ff,1008,195,195,0,1.0,0.4881053684787479,0.8140827677108333,26,0.39428562752896945,0.18886732605957215,9147.920037421092,109.31446666666666,186.739,{'derived_from': 'd2_capacity'}
test,ram_heavy,hetero,med,ff_only_cheap,1008,195,195,0,1.0,0.4878790421467249,0.8130186338916724,26,0.39344782004183154,0.18886732605957215,12996.425116664577,76.94423589743589,126.717,"{'alpha': 0, 'beta': 0, 'gamma': 1}"
test,ram_heavy,hetero,med,binpack,1009,180,180,0,1.0,0.4404478972858475,0.8145183168043085,25,0.37407041951846093,0.1262804316065231,20487.23423362208,48.81088333333333,82.314,{}
test,ram_heavy,hetero,med,spread,1009,180,180,0,1.0,0.40196613666620146,0.769463940662287,30,0.4050236971040709,0.019108824276403636,12441.626308565326,80.37534444444445,97.101,{}
test,ram_heavy,hetero,med,tetris,1009,180,180,0,1.0,0.4386442152218852,0.7246647093967372,30,0.28602049417485204,0.006431797280915035,12485.851968987641,80.09065,96.491,{}
test,ram_heavy,hetero,med,hybrid,1009,180,180,0,1.0,0.4450054881887518,0.6966506561063446,29,0.2545197633318399,0.0076999967650524985,10283.133513006336,97.24662222222223,116.818,"{'family': 'hybrid', 'alpha': 0.1}"
test,ram_heavy,hetero,med,balance,1009,180,180,0,1.0,0.447743519248569,0.789641059002875,25,0.341897539754306,0.10776765159799441,16726.603663126203,59.785,93.626,"{'family': 'balance', 'lam': 0.8}"
test,ram_heavy,hetero,med,wmatch,1009,180,180,0,1.0,0.4435154047100424,0.8126381909633894,26,0.3882003140510487,0.11478566803051068,12355.120765127918,80.9381,133.62,"{'family': 'wmatch', 'lam': 0.8}"
test,ram_heavy,hetero,med,d1_cheap,1009,180,180,0,1.0,0.4303666310510354,0.6972717230703755,28,0.2669050920193401,0.005312830050397008,7551.738850801554,132.41983333333334,156.673,"{'family': 'd_cheap', 'alpha': 0.0, 'beta': 0.8, 'gamma': 0.2}"
test,ram_heavy,hetero,med,d1_cheap_nomad_ff,1009,180,180,0,1.0,0.44648068096932186,0.8129506546060477,26,0.38554750143442756,0.10363640261432058,13264.316637513419,75.39023888888889,126.226,{'derived_from': 'd1_cheap'}
test,ram_heavy,hetero,med,d2_capacity,1009,180,180,0,1.0,0.42311590065677035,0.6892735343284809,28,0.2661576336717106,0.009438032062375055,5494.488890280826,182.00054999999998,216.755,"{'family': 'd_capacity', 'alpha': 0.0, 'beta': 0.8, 'gamma': 0.2}"
test,ram_heavy,hetero,med,d2_capacity_nomad_ff,1009,180,180,0,1.0,0.44632725299859205,0.8131235715009946,26,0.3858738463001042,0.10734309557419457,9204.576781485752,108.64160555555556,184.836,{'derived_from': 'd2_capacity'}
test,ram_heavy,hetero,med,ff_only_cheap,1009,180,180,0,1.0,0.44648068096932186,0.8129506546060477,26,0.38554750143442756,0.10363640261432058,13568.132376729749,73.70211111111111,122.379,"{'alpha': 0, 'beta': 0, 'gamma': 1}"
