split,family,cluster_config,load,policy,seed,submitted,placed,rejected,admission_rate,mean_cpu_util,mean_ram_util,active_nodes,free_imbalance,stranded_frac,decisions_per_sec,mean_latency_us,p95_latency_us,params
test,pred_error,homog,high,binpack,1000,178,158,20,0.8876404494382022,0.9706597222222223,0.23739583333333333,30,0.7332638888888888,0.4876302083333333,8846.706994728407,113.03641011235955,273.261,{}
test,pred_error,homog,high,spread,1000,178,157,21,0.8820224719101124,0.9444444444444444,0.23229166666666667,30,0.7121527777777777,0.370703125,6386.184029014802,156.58803370786515,297.907,{}
test,pred_error,homog,high,tetris,1000,178,160,18,0.898876404494382,0.9397569444444444,0.24447916666666666,30,0.6952777777777778,0.3026041666666667,6197.251553751931,161.36185393258427,275.836,{}
test,pred_error,homog,high,hybrid,1000,178,161,17,0.9044943820224719,0.9467013888888889,0.24552083333333333,30,0.7011805555555556,0.3578125,4618.751273886631,216.50873595505618,388.237,"{'family': 'hybrid', 'alpha': 0.1}"
test,pred_error,homog,high,balance,1000,178,158,20,0.8876404494382022,0.9539930555555556,0.23489583333333333,30,0.7190972222222223,0.3990885416666667,7451.860562124822,134.19467415730338,230.762,"{'family': 'balance', 'lam': 0.8}"
test,pred_error,homog,high,wmatch,1000,178,158,20,0.8876404494382022,0.9706597222222223,0.23739583333333333,30,0.7332638888888888,0.4876302083333333,6158.582247312332,162.37503370786516,358.48,"{'family': 'wmatch', 'lam': 0.8}"
test,pred_error,homog,high,d1_cheap,1000,178,160,18,0.898876404494382,0.9397569444444444,0.24447916666666666,30,0.6952777777777778,0.3328125,3883.8438315123085,257.4768820224719,387.605,"{'family': 'd_cheap', 'alpha': 0.0, 'beta': 0.8, 'gamma': 0.2}"
test,pred_error,homog,high,d1_cheap_nomad_ff,1000,178,158,20,0.8876404494382022,0.9706597222222223,0.23739583333333333,30,0.7332638888888888,0.4876302083333333,6887.45526636498,145.19150561797753,281.597,{'derived_from': 'd1_cheap'}
test,pred_error,homog,high,d2_capacity,1000,178,160,18,0.898876404494382,0.9397569444444444,0.24447916666666666,30,0.6952777777777778,0.330859375,2819.4784715632545,354.6755224719101,549.148,"{'family': 'd_capacity', 'alpha': 0.0, 'beta': 0.8, 'gamma': 0.2}"
test,pred_error,homog,high,d2_capacity_nomad_ff,1000,178,158,20,0.8876404494382022,0.9706597222222223,0.23739583333333333,30,0.7332638888888888,0.4876302083333333,5086.224361357382,196.60949438202246,392.133,{'derived_from': 'd2_capacity'}
test,pred_error,homog,high,ff_only_cheap,1000,178,158,20,0.8876404494382022,0.9706597222222223,0.23739583333333333,30,0.7332638888888888,0.4876302083333333,6959.136497832542,143.69598876404496,272.78,"{'alpha': 0, 'beta': 0, 'gamma': 1}"
test,pred_error,homog,high,binpack,1001,178,160,18,0.898876404494382,0.9725694444444444,0.24354166666666666,30,0.7290277777777778,0.4830729166666667,10350.712373241571,96.61170786516854,196.738,{}
test,pred_error,homog,high,spread,1001,178,162,16,0.9101123595505618,0.9671875,0.2446875,30,0.7225,0.424609375,7195.776418818119,138.97041011235956,228.056,{}
test,pred_error,homog,high,tetris,1001,178,158,20,0.8876404494382022,0.9175347222222222,0.24114583333333334,30,0.6763888888888889,0.17526041666666667,6521.480437610389,153.3394157303371,239.558,{}
test,pred_error,homog,high,hybrid,1001,178,158,20,0.8876404494382022,0.9175347222222222,0.24114583333333334,30,0.6763888888888889,0.12278645833333333,4940.575150672276,202.4055842696629,314.879,"{'family': 'hybrid', 'alpha': 0.1}"
test,pred_error,homog,high,balance,1001,178,162,16,0.9101123595505618,0.9630208333333333,0.24406250000000002,30,0.7189583333333334,0.42864583333333334,7435.469109176497,134.49050561797753,237.535,"{'family': 'balance', 'lam': 0.8}"
test,pred_error,homog,high,wmatch,1001,178,160,18,0.898876404494382,0.9725694444444444,0.24354166666666666,30,0.7290277777777778,0.4830729166666667,6203.052389656236,161.21095505617978,347.47,"{'family': 'wmatch', 'lam': 0.8}"
test,pred_error,homog,high,d1_cheap,1001,178,160,18,0.898876404494382,0.931423611111111,0.24322916666666666,30,0.6881944444444444,0.20611979166666666,3709.077389712199,269.60882584269666,419.014,"{'family': 'd_cheap', 'alpha': 0.0, 'beta': 0.8, 'gamma': 0.2}"
test,pred_error,homog,high,d1_cheap_nomad_ff,1001,178,161,17,0.9044943820224719,0.9628472222222223,0.24208333333333334,30,0.7207638888888889,0.38138020833333336,6550.293707073956,152.66491011235956,299.791,{'derived_from': 'd1_cheap'}
test,pred_error,homog,high,d2_capacity,1001,178,160,18,0.898876404494382,0.931423611111111,0.24322916666666666,30,0.6881944444444444,0.234375,2773.8884467982534,360.50476404494384,542.054,"{'family': 'd_capacity', 'alpha': 0.0, 'beta': 0.8, 'gamma': 0.2}"
test,pred_error,homog,high,d2_capacity_nomad_ff,1001,178,161,17,0.9044943820224719,0.9628472222222223,0.24208333333333334,30,0.7207638888888889,0.3958333333333333,4839.936765410441,206.61426966292134,385.532,{'derived_from': 'd2_capacity'}
test,pred_error,homog,high,ff_only_cheap,1001,178,161,17,0.9044943820224719,0.9628472222222223,0.24208333333333334,30,0.7207638888888889,0.38138020833333336,6743.627622338214,148.2881404494382,280.134,"{'alpha': 0, 'beta': 0, 'gamma': 1}"
test,pred_error,homog,high,binpack,1002,178,162,16,0.9101123595505618,0.9723958333333333,0.2353125,30,0.7370833333333333,0.48828125,10379.310139734669,96.34551685393258,184.946,{}
test,pred_error,homog,high,spread,1002,178,162,16,0.9101123595505618,0.9604166666666667,0.23937499999999998,30,0.7210416666666667,0.446875,7071.999229549388,141.40273033707865,229.048,{}
test,pred_error,homog,high,tetris,1002,178,159,19,0.8932584269662921,0.9203125,0.2353125,30,0.685,0.2501302083333333,6501.422661030103,153.81248876404496,243.466,{}
test,pred_error,homog,high,hybrid,1002,178,158,20,0.8876404494382022,0.9175347222222222,0.23489583333333333,30,0.6826388888888889,0.2501302083333333,5086.955066725846,196.58125280898875,304.73,"{'family': 'hybrid', 'alpha': 0.1}"
test,pred_error,homog,high,balance,1002,178,160,18,0.898876404494382,0.9517361111111111,0.2341666666666667,30,0.7175694444444445,0.41940104166666664,7331.790197445934,136.39233707865168,231.303,"{'family': 'balance', 'lam': 0.8}"
test,pred_error,homog,high,wmatch,1002,178,162,16,0.9101123595505618,0.9723958333333333,0.2353125,30,0.7370833333333333,0.48828125,6348.073953349717,157.52809550561796,304.78,"{'family': 'wmatch', 'lam': 0.8}"
test,pred_error,homog,high,d1_cheap,1002,178,158,20,0.8876404494382022,0.9175347222222222,0.23489583333333333,30,0.6826388888888889,0.2618489583333333,3865.984307405002,258.6663370786517,393.647,"{'family': 'd_cheap', 'alpha': 0.0, 'beta': 0.8, 'gamma': 0.2}"
test,pred_error,homog,high,d1_cheap_nomad_ff,1002,178,162,16,0.9101123595505618,0.9723958333333333,0.2353125,30,0.7370833333333333,0.48828125,6749.699344501811,148.15474719101124,283.521,{'derived_from': 'd1_cheap'}
test,pred_error,homog,high,d2_capacity,1002,178,159,19,0.8932584269662921,0.9244791666666666,0.2359375,30,0.6885416666666667,0.25533854166666664,2712.763488202969,368.627786516854,541.173,"{'family': 'd_capacity', 'alpha': 0.0, 'beta': 0.8, 'gamma': 0.2}"
test,pred_error,homog,high,d2_capacity_nomad_ff,1002,178,162,16,0.9101123595505618,0.9723958333333333,0.2353125,30,0.7370833333333333,0.48828125,4836.623609576004,206.7558033707865,398.936,{'derived_from': 'd2_capacity'}
test,pred_error,homog,high,ff_only_cheap,1002,178,162,16,0.9101123595505618,0.9723958333333333,0.2353125,30,0.7370833333333333,0.48828125,6689.251031243875,149.49356741573033,296.755,"{'alpha': 0, 'beta': 0, 'gamma': 1}"
test,pred_error,homog,high,binpack,1003,178,158,20,0.8876404494382022,0.9706597222222223,0.23739583333333333,30,0.7332638888888888,0.4876302083333333,10113.34043350436,98.87929775280898,202.299,{}
test,pred_error,homog,high,spread,1003,178,158,20,0.8876404494382022,0.9493055555555556,0.24395833333333333,30,0.7053472222222222,0.42721354166666664,7082.685861116727,141.1893764044944,235.04,{}
test,pred_error,homog,high,tetris,1003,178,158,20,0.8876404494382022,0.9258680555555556,0.2423958333333333,30,0.6834722222222223,0.2501302083333333,6609.742671577779,151.2918202247191,233.998,{}
test,pred_error,homog,high,hybrid,1003,178,158,20,0.8876404494382022,0.9300347222222223,0.24302083333333332,30,0.6870138888888888,0.26979166666666665,5114.183777849281,195.5346235955056,317.133,"{'family': 'hybrid', 'alpha': 0.1}"
test,pred_error,homog,high,balance,1003,178,157,21,0.8820224719101124,0.9527777777777777,0.23666666666666666,30,0.7161111111111111,0.36171875,7368.853858406397,135.70631460674156,248.785,"{'family': 'balance', 'lam': 0.8}"
test,pred_error,homog,high,wmatch,1003,178,158,20,0.8876404494382022,0.9706597222222223,0.23739583333333333,30,0.7332638888888888,0.4876302083333333,6236.311427798947,160.3511966292135,324.076,"{'family': 'wmatch', 'lam': 0.8}"
test,pred_error,homog,high,d1_cheap,1003,178,158,20,0.8876404494382022,0.9368055555555556,0.24208333333333334,30,0.6947222222222221,0.30390625,3965.463751406236,252.17731460674156,388.937,"{'family': 'd_cheap', 'alpha': 0.0, 'beta': 0.8, 'gamma': 0.2}"
test,pred_error,homog,high,d1_cheap_nomad_ff,1003,178,157,21,0.8820224719101124,0.9678819444444444,0.23697916666666666,30,0.7309027777777778,0.4889322916666667,6994.640926178481,142.96659550561796,290.955,{'derived_from': 'd1_cheap'}
test,pred_error,homog,high,d2_capacity,1003,178,158,20,0.8876404494382022,0.9342013888888889,0.24364583333333334,30,0.6905555555555555,0.2947916666666667,2867.5670848793093,348.72767415730334,532.406,"{'family': 'd_capacity', 'alpha': 0.0, 'beta': 0.8, 'gamma': 0.2}"
test,pred_error,homog,high,d2_capacity_nomad_ff,1003,178,157,21,0.8820224719101124,0.9678819444444444,0.23697916666666666,30,0.7309027777777778,0.4889322916666667,4937.8022774142755,202.51924719101123,390.952,{'derived_from': 'd2_capacity'}
test,pred_error,homog,high,ff_only_cheap,1003,178,157,21,0.8820224719101124,0.9678819444444444,0.23697916666666666,30,0.7309027777777778,0.4889322916666667,6827.930100715038,146.45726966292133,289.982,"{'alpha': 0, 'beta': 0, 'gamma': 1}"
test,pred_error,homog,high,binpack,1004,178,160,18,0.898876404494382,0.9699652777777777,0.24822916666666667,30,0.7217361111111111,0.4811197916666667,10535.012314423242,94.9215786516854,186.939,{}
test,pred_error,homog,high,spread,1004,178,162,16,0.9101123595505618,0.9604166666666667,0.24875,30,0.7116666666666667,0.44361979166666665,7026.589364183271,142.31655617977526,228.317,{}
test,pred_error,homog,high,tetris,1004,178,157,21,0.8820224719101124,0.9022569444444444,0.23885416666666667,30,0.6634027777777778,0.121484375,6386.158367686441,156.58866292134832,231.533,{}
test,pred_error,homog,high,hybrid,1004,178,157,21,0.8820224719101124,0.9022569444444444,0.23885416666666667,30,0.6634027777777778,0.19440104166666666,4823.400538025942,207.32261235955056,308.678,"{'family': 'hybrid', 'alpha': 0.1}"
test,pred_error,homog,high,balance,1004,178,162,16,0.9101123595505618,0.9604166666666667,0.24875,30,0.7116666666666667,0.44505208333333335,7209.533465824036,138.70523033707866,239.368,"{'family': 'balance', 'lam': 0.8}"
test,pred_error,homog,high,wmatch,1004,178,160,18,0.898876404494382,0.9699652777777777,0.24822916666666667,30,0.7217361111111111,0.4811197916666667,6375.57532851495,156.84858988764043,304.28,"{'family': 'wmatch', 'lam': 0.8}"
test,pred_error,homog,high,d1_cheap,1004,178,159,19,0.8932584269662921,0.9161458333333333,0.24406250000000002,30,0.6720833333333334,0.24036458333333333,3678.2184561306217,271.8707471910112,407.843,"{'family': 'd_cheap', 'alpha': 0.0, 'beta': 0.8, 'gamma': 0.2}"
test,pred_error,homog,high,d1_cheap_nomad_ff,1004,178,160,18,0.898876404494382,0.9699652777777777,0.24822916666666664,30,0.7217361111111111,0.4811197916666667,6821.670346536255,146.59166292134833,295.222,{'derived_from': 'd1_cheap'}
test,pred_error,homog,high,d2_capacity,1004,178,159,19,0.8932584269662921,0.9161458333333333,0.24406250000000002,30,0.6720833333333334,0.24427083333333333,2717.53854030715,367.9800617977528,542.966,"{'family': 'd_capacity', 'alpha': 0.0, 'beta': 0.8, 'gamma': 0.2}"
test,pred_error,homog,high,d2_capacity_nomad_ff,1004,178,159,19,0.8932584269662921,0.9682291666666667,0.2471875,30,0.7210416666666667,0.482421875,5055.995720696116,197.78497752808988,398.535,{'derived_from': 'd2_capacity'}
test,pred_error,homog,high,ff_only_cheap,1004,178,160,18,0.898876404494382,0.9699652777777777,0.24822916666666664,30,0.7217361111111111,0.4811197916666667,6997.195028925344,142.91441011235955,269.584,"{'alpha': 0, 'beta': 0, 'gamma': 1}"
test,pred_error,homog,high,binpack,1005,178,160,18,0.898876404494382,0.9725694444444444,0.24041666666666667,30,0.7321527777777778,0.4850260416666667,10637.651933160167,94.00570786516855,192.601,{}
test,pred_error,homog,high,spread,1005,178,162,16,0.9101123595505618,0.9671875,0.2446875,30,0.7225,0.484375,7407.629358848871,134.99595505617978,233.056,{}
test,pred_error,homog,high,tetris,1005,178,158,20,0.8876404494382022,0.921701388888889,0.23552083333333332,30,0.6861805555555556,0.22643229166666667,6686.9428799836505,149.54516853932586,236.883,{}
test,pred_error,homog,high,hybrid,1005,178,158,20,0.8876404494382022,0.921701388888889,0.23552083333333332,30,0.6861805555555556,0.277734375,5231.4783696444465,191.15055617977526,295.964,"{'family': 'hybrid', 'alpha': 0.1}"
test,pred_error,homog,high,balance,1005,178,161,17,0.9044943820224719,0.9560763888888889,0.23989583333333334,30,0.7161805555555555,0.41354166666666664,7414.723082378699,134.8668033707865,217.637,"{'family': 'balance', 'lam': 0.8}"
test,pred_error,homog,high,wmatch,1005,178,160,18,0.898876404494382,0.9725694444444444,0.24041666666666667,30,0.7321527777777778,0.4850260416666667,6540.764543353216,152.8873258426966,309.058,"{'family': 'wmatch', 'lam': 0.8}"
test,pred_error,homog,high,d1_cheap,1005,178,160,18,0.898876404494382,0.9355902777777777,0.24072916666666666,30,0.6948611111111112,0.3059895833333333,3929.7820364055447,254.4670393258427,388.387,"{'family': 'd_cheap', 'alpha': 0.0, 'beta': 0.8, 'gamma': 0.2}"
test,pred_error,homog,high,d1_cheap_nomad_ff,1005,178,161,17,0.9044943820224719,0.9711805555555556,0.24020833333333333,30,0.7309722222222222,0.4856770833333333,6586.713341054837,151.82078651685393,289.191,{'derived_from': 'd1_cheap'}
test,pred_error,homog,high,d2_capacity,1005,178,161,17,0.9044943820224719,0.9425347222222222,0.24177083333333332,30,0.7007638888888889,0.32760416666666664,2862.0675428002105,349.39776404494387,538.357,"{'family': 'd_capacity', 'alpha': 0.0, 'beta': 0.8, 'gamma': 0.2}"
test,pred_error,homog,high,d2_capacity_nomad_ff,1005,178,158,20,0.8876404494382022,0.9690972222222223,0.23833333333333334,30,0.7307638888888889,0.4876302083333333,4783.024669255859,209.07272471910113,398.877,{'derived_from': 'd2_capacity'}
test,pred_error,homog,high,ff_only_cheap,1005,178,161,17,0.9044943820224719,0.9711805555555556,0.24020833333333333,30,0.7309722222222222,0.4856770833333333,6985.844951290607,143.146606741573,269.404,"{'alpha': 0, 'beta': 0, 'gamma': 1}"
test,pred_error,homog,high,binpack,1006,178,162,16,0.9101123595505618,0.9744791666666667,0.24968749999999998,30,0.7247916666666666,0.478515625,9898.779419325365,101.02255617977528,200.425,{}
test,pred_error,homog,high,spread,1006,178,160,18,0.898876404494382,0.9480902777777778,0.24572916666666667,30,0.7023611111111111,0.36614583333333334,7280.739507165925,137.34868539325842,216.345,{}
test,pred_error,homog,high,tetris,1006,178,157,21,0.8820224719101124,0.9147569444444444,0.24072916666666666,30,0.6740277777777778,0.18971354166666668,6872.875851807051,145.4995,224.179,{}
test,pred_error,homog,high,hybrid,1006,178,157,21,0.8820224719101124,0.9189236111111111,0.24135416666666665,30,0.6775694444444444,0.19557291666666668,5186.021876330101,192.82602808988764,312.635,"{'family': 'hybrid', 'alpha': 0.1}"
test,pred_error,homog,high,balance,1006,178,162,16,0.9101123595505618,0.9661458333333334,0.2484375,30,0.7177083333333333,0.42408854166666665,7177.4613198343295,139.32502808988764,241.562,"{'family': 'balance', 'lam': 0.8}"
test,pred_error,homog,high,wmatch,1006,178,162,16,0.9101123595505618,0.9744791666666667,0.24968749999999998,30,0.7247916666666666,0.478515625,6123.829965737172,163.2965,314.829,"{'family': 'wmatch', 'lam': 0.8}"
test,pred_error,homog,high,d1_cheap,1006,178,159,19,0.8932584269662921,0.9328125,0.2434375,30,0.689375,0.22838541666666667,3917.9684813962967,255.23431460674158,404.586,"{'family': 'd_cheap', 'alpha': 0.0, 'beta': 0.8, 'gamma': 0.2}"
test,pred_error,homog,high,d1_cheap_nomad_ff,1006,178,161,17,0.9044943820224719,0.9659722222222222,0.24645833333333333,30,0.7195138888888889,0.416796875,6790.483892171083,147.26491011235956,282.378,{'derived_from': 'd1_cheap'}
test,pred_error,homog,high,d2_capacity,1006,178,158,20,0.8876404494382022,0.921701388888889,0.24177083333333332,30,0.6799305555555556,0.203515625,2844.326813598305,351.5770393258427,540.441,"{'family': 'd_capacity', 'alpha': 0.0, 'beta': 0.8, 'gamma': 0.2}"
test,pred_error,homog,high,d2_capacity_nomad_ff,1006,178,161,17,0.9044943820224719,0.9701388888888889,0.24708333333333332,30,0.7230555555555556,0.46341145833333336,4838.130951733474,206.69138764044945,413.343,{'derived_from': 'd2_capacity'}
test,pred_error,homog,high,ff_only_cheap,1006,178,161,17,0.9044943820224719,0.9659722222222222,0.24645833333333333,30,0.7195138888888889,0.416796875,6557.318348559267,152.5013651685393,330.197,"{'alpha': 0, 'beta': 0, 'gamma': 1}"
test,pred_error,homog,high,binpack,1007,178,156,22,0.8764044943820225,0.96875,0.234375,30,0.734375,0.490234375,10985.476212987893,91.02928089887641,180.978,{}
test,pred_error,homog,high,spread,1007,178,160,18,0.898876404494382,0.9605902777777777,0.24135416666666665,30,0.7192361111111112,0.44361979166666665,7536.8138424341,132.6820617977528,204.904,{}
test,pred_error,homog,high,tetris,1007,178,160,18,0.898876404494382,0.9397569444444444,0.23822916666666666,30,0.7015277777777779,0.355078125,6951.474839351611,143.85436516853932,211.576,{}
test,pred_error,homog,high,hybrid,1007,178,158,20,0.8876404494382022,0.9342013888888889,0.23739583333333333,30,0.6968055555555555,0.27903645833333335,5269.876441825611,189.75776966292133,277.74,"{'family': 'hybrid', 'alpha': 0.1}"
test,pred_error,homog,high,balance,1007,178,160,18,0.898876404494382,0.9590277777777777,0.23916666666666667,30,0.7198611111111112,0.43190104166666665,7760.2535074275,128.86176966292135,206.837,"{'family': 'balance', 'lam': 0.8}"
test,pred_error,homog,high,wmatch,1007,178,156,22,0.8764044943820225,0.96875,0.234375,30,0.734375,0.490234375,6663.412076520977,150.0732640449438,292.236,"{'family': 'wmatch', 'lam': 0.8}"
test,pred_error,homog,high,d1_cheap,1007,178,159,19,0.8932584269662921,0.9411458333333333,0.2384375,30,0.7027083333333334,0.363671875,3964.7026532035165,252.22572471910112,373.509,"{'family': 'd_cheap', 'alpha': 0.0, 'beta': 0.8, 'gamma': 0.2}"
test,pred_error,homog,high,d1_cheap_nomad_ff,1007,178,157,21,0.8820224719101124,0.970486111111111,0.23541666666666666,30,0.7350694444444444,0.4889322916666667,6933.055429466561,144.23655056179774,280.775,{'derived_from': 'd1_cheap'}
test,pred_error,homog,high,d2_capacity,1007,178,158,20,0.8876404494382022,0.9342013888888889,0.23739583333333333,30,0.6968055555555555,0.3092447916666667,2884.488409161375,346.68192696629217,509.874,"{'family': 'd_capacity', 'alpha': 0.0, 'beta': 0.8, 'gamma': 0.2}"
test,pred_error,homog,high,d2_capacity_nomad_ff,1007,178,155,23,0.8707865168539326,0.9659722222222222,0.23395833333333332,30,0.7320138888888889,0.4915364583333333,5125.350525025935,195.10860674157303,381.043,{'derived_from': 'd2_capacity'}
test,pred_error,homog,high,ff_only_cheap,1007,178,157,21,0.8820224719101124,0.970486111111111,0.23541666666666666,30,0.7350694444444444,0.4889322916666667,7044.13243950416,141.9621235955056,277.449,"{'alpha': 0, 'beta': 0, 'gamma': 1}"
test,pred_error,homog,high,binpack,1008,178,157,21,0.8820224719101124,0.970486111111111,0.24166666666666667,30,0.7288194444444444,0.4850260416666667,11125.959614016709,89.87988764044944,178.384,{}
test,pred_error,homog,high,spread,1008,178,160,18,0.898876404494382,0.9480902777777778,0.24885416666666668,30,0.6992361111111111,0.3924479166666667,7354.392429471067,135.97316292134832,207.929,{}
test,pred_error,homog,high,tetris,1008,178,157,21,0.8820224719101124,0.9230902777777777,0.2419791666666667,30,0.6811111111111111,0.269140625,6882.166103785385,145.30308988764043,213.8,{}
test,pred_error,homog,high,hybrid,1008,178,157,21,0.8820224719101124,0.9230902777777777,0.2419791666666667,30,0.6811111111111111,0.24166666666666667,5199.248340578107,192.33549438202246,275.556,"{'family': 'hybrid', 'alpha': 0.1}"
test,pred_error,homog,high,balance,1008,178,160,18,0.898876404494382,0.9564236111111111,0.24697916666666667,30,0.7094444444444444,0.408984375,7796.882622356195,128.25638764044945,205.024,"{'family': 'balance', 'lam': 0.8}"
test,pred_error,homog,high,wmatch,1008,178,157,21,0.8820224719101124,0.970486111111111,0.24166666666666667,30,0.7288194444444444,0.4850260416666667,6683.26669966248,149.62742696629215,293.148,"{'family': 'wmatch', 'lam': 0.8}"
test,pred_error,homog,high,d1_cheap,1008,178,157,21,0.8820224719101124,0.9230902777777777,0.2419791666666667,30,0.6811111111111111,0.22122395833333333,3902.5360477035483,256.24362921348313,356.126,"{'family': 'd_cheap', 'alpha': 0.0, 'beta': 0.8, 'gamma': 0.2}"
test,pred_error,homog,high,d1_cheap_nomad_ff,1008,178,158,20,0.8876404494382022,0.9722222222222222,0.24270833333333333,30,0.7295138888888889,0.4837239583333333,7068.730778413398,141.46811235955056,275.375,{'derived_from': 'd1_cheap'}
test,pred_error,homog,high,d2_capacity,1008,178,157,21,0.8820224719101124,0.9230902777777777,0.2419791666666667,30,0.6811111111111111,0.23763020833333334,2837.0703340656696,352.47628089887644,501.969,"{'family': 'd_capacity', 'alpha': 0.0, 'beta': 0.8, 'gamma': 0.2}"
test,pred_error,homog,high,d2_capacity_nomad_ff,1008,178,158,20,0.8876404494382022,0.9722222222222222,0.24270833333333333,30,0.7295138888888889,0.4837239583333333,5138.821361664675,194.59715168539327,385.902,{'derived_from': 'd2_capacity'}
test,pred_error,homog,high,ff_only_cheap,1008,178,158,20,0.8876404494382022,0.9722222222222222,0.24270833333333333,30,0.7295138888888889,0.4837239583333333,6983.635850314161,143.19188764044947,279.553,"{'alpha': 0, 'beta': 0, 'gamma': 1}"
test,pred_error,homog,high,binpack,1009,178,158,20,0.8876404494382022,0.9706597222222223,0.23427083333333334,30,0.7363888888888889,0.4895833333333333,10728.956658390503,93.20570786516855,184.025,{}
test,pred_error,homog,high,spread,1009,178,160,18,0.898876404494382,0.9657986111111111,0.23822916666666666,30,0.7275694444444445,0.46067708333333335,7448.849420588318,134.2489213483146,215.644,{}
test,pred_error,homog,high,tetris,1009,178,156,22,0.8764044943820225,0.9255208333333333,0.23218750000000002,30,0.6933333333333334,0.14895833333333333,6863.581006296603,145.69653932584268,210.945,{}
test,pred_error,homog,high,hybrid,1009,178,158,20,0.8876404494382022,0.9394097222222223,0.23427083333333334,30,0.7051388888888889,0.234375,5223.08638219019,191.4576797752809,278.16,"{'family': 'hybrid', 'alpha': 0.1}"
test,pred_error,homog,high,balance,1009,178,160,18,0.898876404494382,0.9616319444444444,0.23760416666666667,30,0.7240277777777777,0.43255208333333334,7474.787185879943,133.78307303370786,221.955,"{'family': 'balance', 'lam': 0.8}"
test,pred_error,homog,high,wmatch,1009,178,158,20,0.8876404494382022,0.9706597222222223,0.23427083333333334,30,0.7363888888888889,0.4895833333333333,6120.888370607824,163.3749775280899,364.582,"{'family': 'wmatch', 'lam': 0.8}"
test,pred_error,homog,high,d1_cheap,1009,178,157,21,0.8820224719101124,0.9324652777777778,0.23322916666666668,30,0.6992361111111111,0.19231770833333334,3970.0874873459034,251.88361797752808,369.121,"{'family': 'd_cheap', 'alpha': 0.0, 'beta': 0.8, 'gamma': 0.2}"
test,pred_error,homog,high,d1_cheap_nomad_ff,1009,178,160,18,0.898876404494382,0.9751736111111111,0.23572916666666666,30,0.7394444444444445,0.4869791666666667,7028.320617929949,142.2815,276.026,{'derived_from': 'd1_cheap'}
test,pred_error,homog,high,d2_capacity,1009,178,158,20,0.8876404494382022,0.9394097222222223,0.23427083333333334,30,0.7051388888888889,0.276953125,2915.5359410236215,342.99011235955055,503.001,"{'family': 'd_capacity', 'alpha': 0.0, 'beta': 0.8, 'gamma': 0.2}"
test,pred_error,homog,high,d2_capacity_nomad_ff,1009,178,160,18,0.898876404494382,0.9751736111111111,0.23572916666666666,30,0.7394444444444445,0.4869791666666667,5123.304999154078,195.18650561797753,377.847,{'derived_from': 'd2_capacity'}
test,pred_error,homog,high,ff_only_cheap,1009,178,160,18,0.898876404494382,0.9751736111111111,0.23572916666666666,30,0.7394444444444445,0.4869791666666667,7049.448275722773,141.85507303370787,268.051,"{'alpha': 0, 'beta': 0, 'gamma': 1}"
test,pred_error,homog,low,binpack,1000,64,64,0,1.0,0.3923611111111111,0.09791666666666667,13,0.29444444444444445,0.17786458333333333,6414.144471388306,155.9054375,207.227,{}
test,pred_error,homog,low,spread,1000,64,64,0,1.0,0.3923611111111111,0.09791666666666667,30,0.29444444444444445,0.0,5420.6014021740675,184.481375,234.468,{}
test,pred_error,homog,low,tetris,1000,64,64,0,1.0,0.3923611111111111,0.09791666666666667,30,0.29444444444444445,0.0,5333.460891939665,187.495515625,218.278,{}
test,pred_error,homog,low,hybrid,1000,64,64,0,1.0,0.3923611111111111,0.09791666666666667,30,0.29444444444444445,0.0,4043.3561498657327,247.319296875,284.752,"{'family': 'hybrid', 'alpha': 0.1}"
test,pred_error,homog,low,balance,1000,64,64,0,1.0,0.3923611111111111,0.09791666666666667,18,0.29444444444444445,0.0703125,5300.17104645749,188.67315625,239.649,"{'family': 'balance', 'lam': 0.8}"
test,pred_error,homog,low,wmatch,1000,64,64,0,1.0,0.3923611111111111,0.09791666666666667,13,0.29444444444444445,0.17786458333333333,3799.283834997103,263.2075,336.87,"{'family': 'wmatch', 'lam': 0.8}"
test,pred_error,homog,low,d1_cheap,1000,64,64,0,1.0,0.3923611111111111,0.09791666666666667,30,0.29444444444444445,0.0,3103.816151657889,322.18403125,373.549,"{'family': 'd_cheap', 'alpha': 0.0, 'beta': 0.8, 'gamma': 0.2}"
test,pred_error,homog,low,d1_cheap_nomad_ff,1000,64,64,0,1.0,0.3923611111111111,0.09791666666666667,13,0.29444444444444445,0.17786458333333333,4334.313452537338,230.717046875,285.133,{'derived_from': 'd1_cheap'}
test,pred_error,homog,low,d2_capacity,1000,64,64,0,1.0,0.3923611111111111,0.09791666666666667,30,0.29444444444444445,0.0,2319.9576056747032,431.042359375,513.431,"{'family': 'd_capacity', 'alpha': 0.0, 'beta': 0.8, 'gamma': 0.2}"
test,pred_error,homog,low,d2_capacity_nomad_ff,1000,64,64,0,1.0,0.3923611111111111,0.09791666666666667,13,0.29444444444444445,0.17786458333333333,3176.200570316589,314.841578125,394.518,{'derived_from': 'd2_capacity'}
test,pred_error,homog,low,ff_only_cheap,1000,64,64,0,1.0,0.3923611111111111,0.09791666666666667,13,0.29444444444444445,0.17786458333333333,4274.467569981884,233.947265625,289.542,"{'alpha': 0, 'beta': 0, 'gamma': 1}"
test,pred_error,homog,low,binpack,1001,64,64,0,1.0,0.3923611111111111,0.09791666666666667,13,0.29444444444444445,0.178515625,6340.127010575628,157.725546875,205.264,{}
test,pred_error,homog,low,spread,1001,64,64,0,1.0,0.3923611111111111,0.09791666666666667,30,0.29444444444444445,0.0,5445.193489420372,183.648203125,212.548,{}
test,pred_error,homog,low,tetris,1001,64,64,0,1.0,0.3923611111111111,0.09791666666666667,30,0.29444444444444445,0.0,5304.261559767839,188.52765625,214.221,{}
test,pred_error,homog,low,hybrid,1001,64,64,0,1.0,0.3923611111111111,0.09791666666666667,30,0.29444444444444445,0.0,4008.4791861284075,249.471171875,282.89,"{'family': 'hybrid', 'alpha': 0.1}"
test,pred_error,homog,low,balance,1001,64,64,0,1.0,0.3923611111111111,0.09791666666666667,16,0.2944444444444444,0.07552083333333333,5338.999346389689,187.301015625,231.362,"{'family': 'balance', 'lam': 0.8}"
test,pred_error,homog,low,wmatch,1001,64,64,0,1.0,0.3923611111111111,0.09791666666666667,13,0.29444444444444445,0.178515625,3669.638079650871,272.5064375,370.713,"{'family': 'wmatch', 'lam': 0.8}"
test,pred_error,homog,low,d1_cheap,1001,64,64,0,1.0,0.3923611111111111,0.09791666666666667,30,0.2944444444444444,0.0,3101.028654813017,322.473640625,370.082,"{'family': 'd_cheap', 'alpha': 0.0, 'beta': 0.8, 'gamma': 0.2}"
test,pred_error,homog,low,d1_cheap_nomad_ff,1001,64,64,0,1.0,0.3923611111111111,0.09791666666666667,13,0.29444444444444445,0.178515625,4092.1121660732574,244.372578125,292.428,{'derived_from': 'd1_cheap'}
test,pred_error,homog,low,d2_capacity,1001,64,64,0,1.0,0.3923611111111111,0.09791666666666667,30,0.2944444444444444,0.0,2286.782539843613,437.295625,522.587,"{'family': 'd_capacity', 'alpha': 0.0, 'beta': 0.8, 'gamma': 0.2}"
test,pred_error,homog,low,d2_capacity_nomad_ff,1001,64,64,0,1.0,0.3923611111111111,0.09791666666666667,13,0.29444444444444445,0.178515625,3022.9344843660206,330.804390625,418.212,{'derived_from': 'd2_capacity'}
test,pred_error,homog,low,ff_only_cheap,1001,64,64,0,1.0,0.3923611111111111,0.09791666666666667,13,0.29444444444444445,0.178515625,4164.742100297663,240.11090625,294.692,"{'alpha': 0, 'beta': 0, 'gamma': 1}"
test,pred_error,homog,low,binpack,1002,64,64,0,1.0,0.3923611111111111,0.09791666666666667,13,0.29444444444444445,0.14895833333333333,6189.143912778716,161.573234375,213.91,{}
test,pred_error,homog,low,spread,1002,64,64,0,1.0,0.3923611111111111,0.09791666666666667,30,0.29444444444444445,0.0,5386.000337634896,185.66653125,222.947,{}
test,pred_error,homog,low,tetris,1002,64,64,0,1.0,0.3923611111111111,0.09791666666666667,30,0.29444444444444445,0.0,5299.860298994931,188.68421875,223.007,{}
test,pred_error,homog,low,hybrid,1002,64,64,0,1.0,0.3923611111111111,0.09791666666666667,30,0.29444444444444445,0.0,3995.982539054798,250.25134375,290.333,"{'family': 'hybrid', 'alpha': 0.1}"
test,pred_error,homog,low,balance,1002,64,64,0,1.0,0.39236111111111105,0.09791666666666667,18,0.29444444444444445,0.039453125,5006.824928230293,199.727375,235.54,"{'family': 'balance', 'lam': 0.8}"
test,pred_error,homog,low,wmatch,1002,64,64,0,1.0,0.3923611111111111,0.09791666666666667,13,0.29444444444444445,0.14895833333333333,3850.708744002897,259.692453125,333.053,"{'family': 'wmatch', 'lam': 0.8}"
test,pred_error,homog,low,d1_cheap,1002,64,64,0,1.0,0.3923611111111111,0.09791666666666667,30,0.29444444444444445,0.0,3049.9660691274808,327.8725,371.164,"{'family': 'd_cheap', 'alpha': 0.0, 'beta': 0.8, 'gamma': 0.2}"
test,pred_error,homog,low,d1_cheap_nomad_ff,1002,64,64,0,1.0,0.3923611111111111,0.09791666666666667,13,0.29444444444444445,0.14830729166666667,4291.071995605942,233.042,287.278,{'derived_from': 'd1_cheap'}
test,pred_error,homog,low,d2_capacity,1002,64,64,0,1.0,0.3923611111111111,0.09791666666666667,30,0.29444444444444445,0.0,2301.484054455414,434.50225,490.497,"{'family': 'd_capacity', 'alpha': 0.0, 'beta': 0.8, 'gamma': 0.2}"
test,pred_error,homog,low,d2_capacity_nomad_ff,1002,64,64,0,1.0,0.3923611111111111,0.09791666666666667,13,0.29444444444444445,0.14375,3158.134038215692,316.642671875,399.438,{'derived_from': 'd2_capacity'}
test,pred_error,homog,low,ff_only_cheap,1002,64,64,0,1.0,0.3923611111111111,0.09791666666666667,13,0.29444444444444445,0.14830729166666667,4282.36839863711,233.515640625,312.244,"{'alpha': 0, 'beta': 0, 'gamma': 1}"
test,pred_error,homog,low,binpack,1003,64,64,0,1.0,0.3923611111111111,0.09791666666666667,13,0.29444444444444445,0.14700520833333333,6514.3556040151225,153.507125,192.33,{}
test,pred_error,homog,low,spread,1003,64,64,0,1.0,0.3923611111111111,0.09791666666666667,30,0.29444444444444445,0.0,5480.568814535839,182.4628125,218.95,{}
test,pred_error,homog,low,tetris,1003,64,64,0,1.0,0.3923611111111111,0.09791666666666667,30,0.29444444444444445,0.0,5321.705407018996,187.9096875,216.334,{}
test,pred_error,homog,low,hybrid,1003,64,64,0,1.0,0.3923611111111111,0.09791666666666667,30,0.29444444444444445,0.0,3945.6199857489137,253.44559375,293.419,"{'family': 'hybrid', 'alpha': 0.1}"
test,pred_error,homog,low,balance,1003,64,64,0,1.0,0.3923611111111111,0.09791666666666667,17,0.29444444444444445,0.0578125,5209.197717622577,191.968140625,232.325,"{'family': 'balance', 'lam': 0.8}"
test,pred_error,homog,low,wmatch,1003,64,64,0,1.0,0.3923611111111111,0.09791666666666667,13,0.29444444444444445,0.14700520833333333,3860.927462342685,259.005125,320.55,"{'family': 'wmatch', 'lam': 0.8}"
test,pred_error,homog,low,d1_cheap,1003,64,64,0,1.0,0.3923611111111111,0.09791666666666667,30,0.29444444444444445,0.0,2930.671306896236,341.21875,374.481,"{'family': 'd_cheap', 'alpha': 0.0, 'beta': 0.8, 'gamma': 0.2}"
test,pred_error,homog,low,d1_cheap_nomad_ff,1003,64,64,0,1.0,0.3923611111111111,0.09791666666666667,13,0.29444444444444445,0.13190104166666666,4364.846914247603,229.103109375,293.529,{'derived_from': 'd1_cheap'}
test,pred_error,homog,low,d2_capacity,1003,64,64,0,1.0,0.3923611111111111,0.09791666666666667,30,0.29444444444444445,0.0,2272.0006520641873,440.14071875,489.235,"{'family': 'd_capacity', 'alpha': 0.0, 'beta': 0.8, 'gamma': 0.2}"
test,pred_error,homog,low,d2_capacity_nomad_ff,1003,64,64,0,1.0,0.3923611111111111,0.09791666666666667,13,0.29444444444444445,0.13190104166666666,3086.684866210779,323.972171875,405.409,{'derived_from': 'd2_capacity'}
test,pred_error,homog,low,ff_only_cheap,1003,64,64,0,1.0,0.3923611111111111,0.09791666666666667,13,0.29444444444444445,0.13190104166666666,4200.250899362317,238.081015625,299.2,"{'alpha': 0, 'beta': 0, 'gamma': 1}"
test,pred_error,homog,low,binpack,1004,64,64,0,1.0,0.3923611111111111,0.09791666666666667,13,0.29444444444444445,0.17786458333333333,6440.713035238348,155.2623125,211.205,{}
test,pred_error,homog,low,spread,1004,64,64,0,1.0,0.3923611111111111,0.09791666666666667,30,0.29444444444444445,0.0,5460.3841875123235,183.137296875,222.867,{}
test,pred_error,homog,low,tetris,1004,64,64,0,1.0,0.3923611111111111,0.09791666666666667,30,0.29444444444444445,0.0,5347.07844406367,187.018015625,220.813,{}
test,pred_error,homog,low,hybrid,1004,64,64,0,1.0,0.3923611111111111,0.09791666666666667,30,0.29444444444444445,0.0,4047.891617701936,247.0421875,280.635,"{'family': 'hybrid', 'alpha': 0.1}"
test,pred_error,homog,low,balance,1004,64,64,0,1.0,0.3923611111111111,0.09791666666666667,15,0.29444444444444445,0.07486979166666667,5566.656977204366,179.64103125,217.888,"{'family': 'balance', 'lam': 0.8}"
test,pred_error,homog,low,wmatch,1004,64,64,0,1.0,0.3923611111111111,0.09791666666666667,13,0.29444444444444445,0.17786458333333333,3943.0665548971588,253.60971875,327.633,"{'family': 'wmatch', 'lam': 0.8}"
test,pred_error,homog,low,d1_cheap,1004,64,64,0,1.0,0.3923611111111111,0.09791666666666667,30,0.29444444444444445,0.0,3097.4115609144214,322.85021875,367.327,"{'family': 'd_cheap', 'alpha': 0.0, 'beta': 0.8, 'gamma': 0.2}"
test,pred_error,homog,low,d1_cheap_nomad_ff,1004,64,64,0,1.0,0.3923611111111111,0.09791666666666667,13,0.29444444444444445,0.17786458333333333,4389.836403829556,227.798921875,279.373,{'derived_from': 'd1_cheap'}
test,pred_error,homog,low,d2_capacity,1004,64,64,0,1.0,0.3923611111111111,0.09791666666666667,30,0.29444444444444445,0.0,2256.9801077179022,443.069921875,641.12,"{'family': 'd_capacity', 'alpha': 0.0, 'beta': 0.8, 'gamma': 0.2}"
test,pred_error,homog,low,d2_capacity_nomad_ff,1004,64,64,0,1.0,0.3923611111111111,0.09791666666666667,13,0.29444444444444445,0.17786458333333333,3079.6058874365553,324.716875,419.575,{'derived_from': 'd2_capacity'}
test,pred_error,homog,low,ff_only_cheap,1004,64,64,0,1.0,0.3923611111111111,0.09791666666666667,13,0.29444444444444445,0.17786458333333333,4073.936342962294,245.46284375,332.011,"{'alpha': 0, 'beta': 0, 'gamma': 1}"
test,pred_error,homog,low,binpack,1005,64,64,0,1.0,0.3923611111111111,0.09791666666666667,13,0.2944444444444444,0.16015625,6148.961277108513,162.62909375,215.383,{}
test,pred_error,homog,low,spread,1005,64,64,0,1.0,0.3923611111111111,0.09791666666666667,30,0.29444444444444445,0.0,5100.367258319894,196.0643125,316.442,{}
test,pred_error,homog,low,tetris,1005,64,64,0,1.0,0.3923611111111111,0.09791666666666667,30,0.29444444444444445,0.0,5023.8148447919875,199.051921875,302.526,{}
test,pred_error,homog,low,hybrid,1005,64,64,0,1.0,0.3923611111111111,0.09791666666666667,30,0.29444444444444445,0.0,3809.0014321845383,262.536,392.033,"{'family': 'hybrid', 'alpha': 0.1}"
test,pred_error,homog,low,balance,1005,64,64,0,1.0,0.39236111111111105,0.09791666666666667,15,0.2944444444444444,0.10638020833333334,5254.365905995946,190.317921875,243.445,"{'family': 'balance', 'lam': 0.8}"
test,pred_error,homog,low,wmatch,1005,64,64,0,1.0,0.3923611111111111,0.09791666666666667,13,0.2944444444444444,0.16015625,3957.7008355386697,252.671953125,316.833,"{'family': 'wmatch', 'lam': 0.8}"
test,pred_error,homog,low,d1_cheap,1005,64,64,0,1.0,0.3923611111111111,0.09791666666666667,30,0.2944444444444444,0.0,3102.6846075525746,322.30153125,366.726,"{'family': 'd_cheap', 'alpha': 0.0, 'beta': 0.8, 'gamma': 0.2}"
test,pred_error,homog,low,d1_cheap_nomad_ff,1005,64,64,0,1.0,0.3923611111111111,0.09791666666666667,13,0.2944444444444444,0.16015625,4286.600789203392,233.285078125,292.918,{'derived_from': 'd1_cheap'}
test,pred_error,homog,low,d2_capacity,1005,64,64,0,1.0,0.3923611111111111,0.09791666666666667,30,0.2944444444444444,0.0,2284.752241823889,437.68421875,497.651,"{'family': 'd_capacity', 'alpha': 0.0, 'beta': 0.8, 'gamma': 0.2}"
test,pred_error,homog,low,d2_capacity_nomad_ff,1005,64,64,0,1.0,0.3923611111111111,0.09791666666666667,13,0.2944444444444444,0.16015625,3102.860153462615,322.283296875,394.889,{'derived_from': 'd2_capacity'}
test,pred_error,homog,low,ff_only_cheap,1005,64,64,0,1.0,0.3923611111111111,0.09791666666666667,13,0.2944444444444444,0.16015625,4214.364714809989,237.2836875,301.314,"{'alpha': 0, 'beta': 0, 'gamma': 1}"
test,pred_error,homog,low,binpack,1006,64,64,0,1.0,0.3923611111111111,0.09791666666666667,13,0.29444444444444445,0.1765625,6455.947890009612,154.895921875,210.473,{}
test,pred_error,homog,low,spread,1006,64,64,0,1.0,0.3923611111111111,0.09791666666666667,30,0.29444444444444445,0.0,5428.621473675639,184.208828125,224.219,{}
test,pred_error,homog,low,tetris,1006,64,64,0,1.0,0.3923611111111111,0.09791666666666667,30,0.29444444444444445,0.0,5294.1044604567205,188.889359375,226.785,{}
test,pred_error,homog,low,hybrid,1006,64,64,0,1.0,0.3923611111111111,0.09791666666666667,30,0.29444444444444445,0.0,4096.079431172329,244.135890625,279.293,"{'family': 'hybrid', 'alpha': 0.1}"
test,pred_error,homog,low,balance,1006,64,64,0,1.0,0.3923611111111111,0.09791666666666667,16,0.2944444444444444,0.07291666666666667,5302.078464465057,188.60528125,236.552,"{'family': 'balance', 'lam': 0.8}"
test,pred_error,homog,low,wmatch,1006,64,64,0,1.0,0.3923611111111111,0.09791666666666667,13,0.29444444444444445,0.16015625,3950.377578940735,253.140359375,322.142,"{'family': 'wmatch', 'lam': 0.8}"
test,pred_error,homog,low,d1_cheap,1006,64,64,0,1.0,0.3923611111111111,0.09791666666666667,30,0.2944444444444444,0.0,3197.3417300856067,312.7598125,346.038,"{'family': 'd_cheap', 'alpha': 0.0, 'beta': 0.8, 'gamma': 0.2}"
test,pred_error,homog,low,d1_cheap_nomad_ff,1006,64,64,0,1.0,0.3923611111111111,0.09791666666666667,13,0.29444444444444445,0.16015625,4400.711457520448,227.235984375,282.839,{'derived_from': 'd1_cheap'}
test,pred_error,homog,low,d2_capacity,1006,64,64,0,1.0,0.3923611111111111,0.09791666666666667,30,0.2944444444444444,0.0,2363.0565353522306,423.180734375,491.66,"{'family': 'd_capacity', 'alpha': 0.0, 'beta': 0.8, 'gamma': 0.2}"
test,pred_error,homog,low,d2_capacity_nomad_ff,1006,64,64,0,1.0,0.3923611111111111,0.09791666666666667,13,0.29444444444444445,0.16015625,3204.3130053051405,312.079375,409.095,{'derived_from': 'd2_capacity'}
test,pred_error,homog,low,ff_only_cheap,1006,64,64,0,1.0,0.3923611111111111,0.09791666666666667,13,0.29444444444444445,0.16015625,4347.961665380734,229.992828125,287.338,"{'alpha': 0, 'beta': 0, 'gamma': 1}"
test,pred_error,homog,low,binpack,1007,64,64,0,1.0,0.3923611111111111,0.09791666666666667,13,0.29444444444444445,0.18046875,6449.203553591774,155.05790625,210.493,{}
test,pred_error,homog,low,spread,1007,64,64,0,1.0,0.3923611111111111,0.09791666666666667,30,0.29444444444444445,0.0,5363.296731347187,186.452484375,227.205,{}
test,pred_error,homog,low,tetris,1007,64,64,0,1.0,0.3923611111111111,0.09791666666666667,30,0.29444444444444445,0.0,5315.466279346357,188.13025,219.4,{}
test,pred_error,homog,low,hybrid,1007,64,64,0,1.0,0.3923611111111111,0.09791666666666667,30,0.29444444444444445,0.0,3921.7092034242646,254.990859375,299.831,"{'family': 'hybrid', 'alpha': 0.1}"
test,pred_error,homog,low,balance,1007,64,64,0,1.0,0.3923611111111111,0.09791666666666667,17,0.2944444444444444,0.023697916666666666,5324.999265732524,187.793453125,224.169,"{'family': 'balance', 'lam': 0.8}"
test,pred_error,homog,low,wmatch,1007,64,64,0,1.0,0.3923611111111111,0.09791666666666667,13,0.29444444444444445,0.18046875,3886.5112009556447,257.300171875,325.769,"{'family': 'wmatch', 'lam': 0.8}"
test,pred_error,homog,low,d1_cheap,1007,64,64,0,1.0,0.3923611111111111,0.09791666666666667,30,0.29444444444444445,0.0,3005.2211020991003,332.75421875,379.65,"{'family': 'd_cheap', 'alpha': 0.0, 'beta': 0.8, 'gamma': 0.2}"
test,pred_error,homog,low,d1_cheap_nomad_ff,1007,64,64,0,1.0,0.3923611111111111,0.09791666666666667,13,0.29444444444444445,0.178515625,4208.937441905155,237.58965625,292.788,{'derived_from': 'd1_cheap'}
test,pred_error,homog,low,d2_capacity,1007,64,64,0,1.0,0.3923611111111111,0.09791666666666667,30,0.29444444444444445,0.0,2231.976735548491,448.03334375,483.675,"{'family': 'd_capacity', 'alpha': 0.0, 'beta': 0.8, 'gamma': 0.2}"
test,pred_error,homog,low,d2_capacity_nomad_ff,1007,64,64,0,1.0,0.3923611111111111,0.09791666666666667,13,0.29444444444444445,0.178515625,3007.5103171701585,332.5009375,421.398,{'derived_from': 'd2_capacity'}
test,pred_error,homog,low,ff_only_cheap,1007,64,64,0,1.0,0.3923611111111111,0.09791666666666667,13,0.29444444444444445,0.178515625,4233.274036629197,236.22378125,288.84,"{'alpha': 0, 'beta': 0, 'gamma': 1}"
test,pred_error,homog,low,binpack,1008,64,64,0,1.0,0.3923611111111111,0.09791666666666667,13,0.29444444444444445,0.17526041666666667,6370.433543836347,156.9751875,216.976,{}
test,pred_error,homog,low,spread,1008,64,64,0,1.0,0.3923611111111111,0.09791666666666667,30,0.29444444444444445,0.0,5391.787044630939,185.467265625,221.865,{}
test,pred_error,homog,low,tetris,1008,64,64,0,1.0,0.3923611111111111,0.09791666666666667,30,0.29444444444444445,0.0,5267.951470643312,189.827109375,226.674,{}
test,pred_error,homog,low,hybrid,1008,64,64,0,1.0,0.3923611111111111,0.09791666666666667,30,0.29444444444444445,0.0,4011.269159294393,249.29765625,292.146,"{'family': 'hybrid', 'alpha': 0.1}"
test,pred_error,homog,low,balance,1008,64,64,0,1.0,0.3923611111111111,0.09791666666666667,17,0.29444444444444445,0.07096354166666667,5262.23008048581,190.0335,244.437,"{'family': 'balance', 'lam': 0.8}"
test,pred_error,homog,low,wmatch,1008,64,64,0,1.0,0.3923611111111111,0.09791666666666667,13,0.29444444444444445,0.17526041666666667,3930.5414369961236,254.417875,317.043,"{'family': 'wmatch', 'lam': 0.8}"
test,pred_error,homog,low,d1_cheap,1008,64,64,0,1.0,0.3923611111111111,0.09791666666666667,30,0.2944444444444444,0.0,3115.457997151887,320.98009375,358.06,"{'family': 'd_cheap', 'alpha': 0.0, 'beta': 0.8, 'gamma': 0.2}"
test,pred_error,homog,low,d1_cheap_nomad_ff,1008,64,64,0,1.0,0.3923611111111111,0.09791666666666667,13,0.29444444444444445,0.17526041666666667,4354.460426901775,229.649578125,280.776,{'derived_from': 'd1_cheap'}
test,pred_error,homog,low,d2_capacity,1008,64,64,0,1.0,0.3923611111111111,0.09791666666666667,30,0.2944444444444444,0.0,2288.7487578620753,436.919953125,479.618,"{'family': 'd_capacity', 'alpha': 0.0, 'beta': 0.8, 'gamma': 0.2}"
test,pred_error,homog,low,d2_capacity_nomad_ff,1008,64,64,0,1.0,0.3923611111111111,0.09791666666666667,13,0.29444444444444445,0.15625,3048.4730555707583,328.033078125,409.627,{'derived_from': 'd2_capacity'}
test,pred_error,homog,low,ff_only_cheap,1008,64,64,0,1.0,0.3923611111111111,0.09791666666666667,13,0.29444444444444445,0.17526041666666667,4252.5123211561095,235.155109375,283.46,"{'alpha': 0, 'beta': 0, 'gamma': 1}"
test,pred_error,homog,low,binpack,1009,64,64,0,1.0,0.3923611111111111,0.09791666666666667,13,0.29444444444444445,0.194921875,6469.4652360252985,154.57228125,212.317,{}
test,pred_error,homog,low,spread,1009,64,64,0,1.0,0.3923611111111111,0.09791666666666667,30,0.29444444444444445,0.0,5413.560037438151,184.721328125,218.83,{}
test,pred_error,homog,low,tetris,1009,64,64,0,1.0,0.3923611111111111,0.09791666666666667,30,0.29444444444444445,0.0,5328.178320807951,187.68140625,220.062,{}
test,pred_error,homog,low,hybrid,1009,64,64,0,1.0,0.3923611111111111,0.09791666666666667,30,0.29444444444444445,0.0,4091.664537722462,244.3993125,271.488,"{'family': 'hybrid', 'alpha': 0.1}"
test,pred_error,homog,low,balance,1009,64,64,0,1.0,0.3923611111111111,0.09791666666666667,16,0.2944444444444444,0.08997395833333334,5287.37633942048,189.12971875,240.591,"{'family': 'balance', 'lam': 0.8}"
test,pred_error,homog,low,wmatch,1009,64,64,0,1.0,0.3923611111111111,0.09791666666666667,13,0.29444444444444445,0.194921875,3954.748042693235,252.860609375,302.786,"{'family': 'wmatch', 'lam': 0.8}"
test,pred_error,homog,low,d1_cheap,1009,64,64,0,1.0,0.3923611111111111,0.09791666666666667,30,0.29444444444444445,0.0,3104.718969085828,322.09034375,371.746,"{'family': 'd_cheap', 'alpha': 0.0, 'beta': 0.8, 'gamma': 0.2}"
test,pred_error,homog,low,d1_cheap_nomad_ff,1009,64,64,0,1.0,0.3923611111111111,0.09791666666666667,13,0.29444444444444445,0.14049479166666667,4145.314787108615,241.236203125,293.98,{'derived_from': 'd1_cheap'}
test,pred_error,homog,low,d2_capacity,1009,64,64,0,1.0,0.3923611111111111,0.09791666666666667,30,0.29444444444444445,0.0,2236.4600080938885,447.135203125,506.638,"{'family': 'd_capacity', 'alpha': 0.0, 'beta': 0.8, 'gamma': 0.2}"
test,pred_error,homog,low,d2_capacity_nomad_ff,1009,64,64,0,1.0,0.3923611111111111,0.09791666666666667,13,0.29444444444444445,0.13984375,2991.29593643197,334.303265625,409.967,{'derived_from': 'd2_capacity'}
test,pred_error,homog,low,ff_only_cheap,1009,64,64,0,1.0,0.3923611111111111,0.09791666666666667,13,0.29444444444444445,0.14049479166666667,4178.5655128232665,239.316578125,300.933,"{'alpha': 0, 'beta': 0, 'gamma': 1}"
test,pred_error,homog,med,binpack,1000,121,121,0,1.0,0.7465277777777778,0.18229166666666666,24,0.564236111111111,0.33932291666666664,7875.562468115362,126.97505785123967,195.395,{}
test,pred_error,homog,med,spread,1000,121,121,0,1.0,0.7465277777777778,0.18229166666666666,30,0.564236111111111,0.09049479166666667,5648.611370589333,177.0346611570248,221.855,{}
test,pred_error,homog,med,tetris,1000,121,121,0,1.0,0.7465277777777778,0.18229166666666666,30,0.564236111111111,0.015104166666666667,5465.181082903499,182.97655371900825,226.805,{}
test,pred_error,homog,med,hybrid,1000,121,121,0,1.0,0.7465277777777778,0.18229166666666666,30,0.564236111111111,0.0,4074.082578892926,245.45403305785126,299.941,"{'family': 'hybrid', 'alpha': 0.1}"
test,pred_error,homog,med,balance,1000,121,121,0,1.0,0.7465277777777778,0.18229166666666666,30,0.564236111111111,0.14778645833333334,5872.552316554448,170.28371074380163,225.742,"{'family': 'balance', 'lam': 0.8}"
test,pred_error,homog,med,wmatch,1000,121,121,0,1.0,0.7465277777777778,0.18229166666666666,24,0.564236111111111,0.340625,4783.247344250153,209.0629917355372,307.024,"{'family': 'wmatch', 'lam': 0.8}"
test,pred_error,homog,med,d1_cheap,1000,121,121,0,1.0,0.7465277777777778,0.18229166666666666,30,0.564236111111111,0.0,3084.168068093945,324.2365454545455,377.086,"{'family': 'd_cheap', 'alpha': 0.0, 'beta': 0.8, 'gamma': 0.2}"
test,pred_error,homog,med,d1_cheap_nomad_ff,1000,121,121,0,1.0,0.7465277777777778,0.18229166666666666,24,0.564236111111111,0.30716145833333336,5062.699652372448,197.5230743801653,290.003,{'derived_from': 'd1_cheap'}
test,pred_error,homog,med,d2_capacity,1000,121,121,0,1.0,0.7465277777777778,0.18229166666666666,30,0.564236111111111,0.0,2251.8256024717525,444.0841239669421,493.693,"{'family': 'd_capacity', 'alpha': 0.0, 'beta': 0.8, 'gamma': 0.2}"
test,pred_error,homog,med,d2_capacity_nomad_ff,1000,121,121,0,1.0,0.7465277777777778,0.18229166666666666,24,0.564236111111111,0.3216145833333333,3621.7675051547326,276.1082809917355,402.323,{'derived_from': 'd2_capacity'}
test,pred_error,homog,med,ff_only_cheap,1000,121,121,0,1.0,0.7465277777777778,0.18229166666666666,24,0.564236111111111,0.30716145833333336,5058.689367165904,197.67966115702478,292.087,"{'alpha': 0, 'beta': 0, 'gamma': 1}"
test,pred_error,homog,med,binpack,1001,121,121,0,1.0,0.7465277777777778,0.18229166666666666,24,0.564236111111111,0.35833333333333334,7882.26270708691,126.86712396694215,200.495,{}
test,pred_error,homog,med,spread,1001,121,121,0,1.0,0.7465277777777778,0.18229166666666666,30,0.564236111111111,0.07278645833333333,5751.794203275253,173.85879338842975,221.625,{}
test,pred_error,homog,med,tetris,1001,121,121,0,1.0,0.7465277777777778,0.18229166666666666,30,0.564236111111111,0.030208333333333334,5542.52426159835,180.42320661157027,219.26,{}
test,pred_error,homog,med,hybrid,1001,121,121,0,1.0,0.7465277777777778,0.18229166666666666,30,0.564236111111111,0.023697916666666666,4175.627154179304,239.48498347107437,294.11,"{'family': 'hybrid', 'alpha': 0.1}"
test,pred_error,homog,med,balance,1001,121,121,0,1.0,0.7465277777777778,0.18229166666666666,30,0.564236111111111,0.150390625,6178.53263220094,161.85072727272726,227.265,"{'family': 'balance', 'lam': 0.8}"
test,pred_error,homog,med,wmatch,1001,121,121,0,1.0,0.7465277777777778,0.18229166666666666,24,0.564236111111111,0.35833333333333334,4546.603664517464,219.94439669421487,336.65,"{'family': 'wmatch', 'lam': 0.8}"
test,pred_error,homog,med,d1_cheap,1001,121,121,0,1.0,0.7465277777777778,0.18229166666666666,30,0.564236111111111,0.0,3025.139307665118,330.56328925619835,510.164,"{'family': 'd_cheap', 'alpha': 0.0, 'beta': 0.8, 'gamma': 0.2}"
test,pred_error,homog,med,d1_cheap_nomad_ff,1001,121,121,0,1.0,0.7465277777777778,0.18229166666666666,24,0.564236111111111,0.37799479166666666,5234.245688311743,191.0494958677686,287.448,{'derived_from': 'd1_cheap'}
test,pred_error,homog,med,d2_capacity,1001,121,121,0,1.0,0.7465277777777778,0.18229166666666666,30,0.564236111111111,0.0,2215.396197977325,451.38652892561987,578.181,"{'family': 'd_capacity', 'alpha': 0.0, 'beta': 0.8, 'gamma': 0.2}"
test,pred_error,homog,med,d2_capacity_nomad_ff,1001,121,121,0,1.0,0.7465277777777778,0.18229166666666666,24,0.564236111111111,0.35833333333333334,3621.7789962918964,276.1074049586777,418.543,{'derived_from': 'd2_capacity'}
test,pred_error,homog,med,ff_only_cheap,1001,121,121,0,1.0,0.7465277777777778,0.18229166666666666,24,0.564236111111111,0.37799479166666666,5237.3060146217795,190.93785950413223,277.149,"{'alpha': 0, 'beta': 0, 'gamma': 1}"
test,pred_error,homog,med,binpack,1002,121,121,0,1.0,0.7465277777777778,0.18229166666666666,24,0.564236111111111,0.3255208333333333,7797.49304798719,128.24634710743803,195.336,{}
test,pred_error,homog,med,spread,1002,121,121,0,1.0,0.7465277777777778,0.18229166666666666,30,0.564236111111111,0.08984375,5703.583179501567,175.32838016528925,215.674,{}
test,pred_error,homog,med,tetris,1002,121,121,0,1.0,0.7465277777777778,0.18229166666666666,30,0.564236111111111,0.017057291666666665,5440.153611954023,183.8183388429752,228.327,{}
test,pred_error,homog,med,hybrid,1002,121,121,0,1.0,0.7465277777777778,0.18229166666666666,30,0.564236111111111,0.011848958333333333,4150.474812603489,240.93628925619836,285.594,"{'family': 'hybrid', 'alpha': 0.1}"
test,pred_error,homog,med,balance,1002,121,121,0,1.0,0.7465277777777778,0.18229166666666666,30,0.564236111111111,0.15104166666666666,5647.863637233518,177.05809917355373,224.47,"{'family': 'balance', 'lam': 0.8}"
test,pred_error,homog,med,wmatch,1002,121,121,0,1.0,0.7465277777777778,0.18229166666666666,24,0.564236111111111,0.3255208333333333,4882.9254066155245,204.7952644628099,299.62,"{'family': 'wmatch', 'lam': 0.8}"
test,pred_error,homog,med,d1_cheap,1002,121,121,0,1.0,0.7465277777777778,0.18229166666666666,30,0.564236111111111,0.0,3121.4749583154107,320.36137190082644,371.265,"{'family': 'd_cheap', 'alpha': 0.0, 'beta': 0.8, 'gamma': 0.2}"
test,pred_error,homog,med,d1_cheap_nomad_ff,1002,121,121,0,1.0,0.7465277777777778,0.18229166666666666,24,0.564236111111111,0.3419270833333333,5216.081792300882,191.71478512396695,277.469,{'derived_from': 'd1_cheap'}
test,pred_error,homog,med,d2_capacity,1002,121,121,0,1.0,0.7465277777777778,0.18229166666666666,30,0.564236111111111,0.0,2276.072594978017,439.35329752066116,494.496,"{'family': 'd_capacity', 'alpha': 0.0, 'beta': 0.8, 'gamma': 0.2}"
test,pred_error,homog,med,d2_capacity_nomad_ff,1002,121,121,0,1.0,0.7465277777777778,0.18229166666666666,24,0.564236111111111,0.3229166666666667,3789.9660929587226,263.8546033057851,394.708,{'derived_from': 'd2_capacity'}
test,pred_error,homog,med,ff_only_cheap,1002,121,121,0,1.0,0.7465277777777778,0.18229166666666666,24,0.564236111111111,0.3419270833333333,5360.007566027209,186.56690082644627,269.685,"{'alpha': 0, 'beta': 0, 'gamma': 1}"
test,pred_error,homog,med,binpack,1003,121,121,0,1.0,0.7465277777777778,0.18229166666666666,24,0.564236111111111,0.35638020833333334,8262.599337271247,121.02728925619834,191.308,{}
test,pred_error,homog,med,spread,1003,121,121,0,1.0,0.7465277777777778,0.18229166666666666,30,0.564236111111111,0.07278645833333333,5708.145986635579,175.18823140495869,216.435,{}
test,pred_error,homog,med,tetris,1003,121,121,0,1.0,0.7465277777777778,0.18229166666666666,30,0.564236111111111,0.01640625,5557.872867011264,179.92495041322314,219.671,{}
test,pred_error,homog,med,hybrid,1003,121,121,0,1.0,0.7465277777777778,0.18229166666666666,30,0.564236111111111,0.015755208333333333,4152.567099821742,240.81489256198347,284.693,"{'family': 'hybrid', 'alpha': 0.1}"
test,pred_error,homog,med,balance,1003,121,121,0,1.0,0.7465277777777778,0.18229166666666666,30,0.564236111111111,0.1609375,6055.245659314664,165.14606611570247,220.162,"{'family': 'balance', 'lam': 0.8}"
test,pred_error,homog,med,wmatch,1003,121,121,0,1.0,0.7465277777777778,0.18229166666666666,24,0.564236111111111,0.35638020833333334,4861.91478919742,205.68028099173554,310.141,"{'family': 'wmatch', 'lam': 0.8}"
test,pred_error,homog,med,d1_cheap,1003,121,121,0,1.0,0.7465277777777778,0.18229166666666666,30,0.564236111111111,0.0,3144.9575660752334,317.9693140495868,369.892,"{'family': 'd_cheap', 'alpha': 0.0, 'beta': 0.8, 'gamma': 0.2}"
test,pred_error,homog,med,d1_cheap_nomad_ff,1003,121,121,0,1.0,0.7465277777777778,0.18229166666666666,24,0.564236111111111,0.35638020833333334,5379.283259852768,185.89837190082645,275.365,{'derived_from': 'd1_cheap'}
test,pred_error,homog,med,d2_capacity,1003,121,121,0,1.0,0.7465277777777778,0.18229166666666666,30,0.564236111111111,0.0,2384.5045513885757,419.3743305785124,478.085,"{'family': 'd_capacity', 'alpha': 0.0, 'beta': 0.8, 'gamma': 0.2}"
test,pred_error,homog,med,d2_capacity_nomad_ff,1003,121,121,0,1.0,0.7465277777777778,0.18229166666666666,24,0.564236111111111,0.33932291666666664,4036.8805402640633,247.71602479338844,372.557,{'derived_from': 'd2_capacity'}
test,pred_error,homog,med,ff_only_cheap,1003,121,121,0,1.0,0.7465277777777778,0.18229166666666666,24,0.564236111111111,0.35638020833333334,5702.053026548429,175.3754297520661,256.39,"{'alpha': 0, 'beta': 0, 'gamma': 1}"
test,pred_error,homog,med,binpack,1004,121,121,0,1.0,0.7465277777777778,0.18229166666666666,24,0.564236111111111,0.342578125,8929.37132945646,111.98996694214877,168.365,{}
test,pred_error,homog,med,spread,1004,121,121,0,1.0,0.7465277777777778,0.18229166666666666,30,0.564236111111111,0.07278645833333333,6371.586725193991,156.94677685950415,192.701,{}
test,pred_error,homog,med,tetris,1004,121,121,0,1.0,0.7465277777777778,0.18229166666666666,30,0.564236111111111,0.018359375,6120.970510732262,163.37278512396696,197.961,{}
test,pred_error,homog,med,hybrid,1004,121,121,0,1.0,0.7465277777777778,0.18229166666666666,30,0.5642361111111112,0.0,4798.646416854686,208.39209917355373,241.832,"{'family': 'hybrid', 'alpha': 0.1}"
test,pred_error,homog,med,balance,1004,121,121,0,1.0,0.7465277777777778,0.18229166666666666,30,0.564236111111111,0.14518229166666666,6856.994545289174,145.83648760330578,194.053,"{'family': 'balance', 'lam': 0.8}"
test,pred_error,homog,med,wmatch,1004,121,121,0,1.0,0.7465277777777778,0.18229166666666666,24,0.564236111111111,0.342578125,5716.534802901676,174.9311487603306,272.189,"{'family': 'wmatch', 'lam': 0.8}"
test,pred_error,homog,med,d1_cheap,1004,121,121,0,1.0,0.7465277777777778,0.18229166666666666,30,0.564236111111111,0.0,3720.9287450448223,268.7501074380165,305.762,"{'family': 'd_cheap', 'alpha': 0.0, 'beta': 0.8, 'gamma': 0.2}"
test,pred_error,homog,med,d1_cheap_nomad_ff,1004,121,121,0,1.0,0.7465277777777778,0.18229166666666666,24,0.564236111111111,0.3084635416666667,6320.001855260049,158.22780165289254,225.361,{'derived_from': 'd1_cheap'}
test,pred_error,homog,med,d2_capacity,1004,121,121,0,1.0,0.7465277777777778,0.18229166666666666,30,0.564236111111111,0.018359375,2745.7087069009963,364.20469421487604,425.356,"{'family': 'd_capacity', 'alpha': 0.0, 'beta': 0.8, 'gamma': 0.2}"
test,pred_error,homog,med,d2_capacity_nomad_ff,1004,121,121,0,1.0,0.7465277777777778,0.18229166666666666,24,0.564236111111111,0.342578125,4740.9208231743105,210.92948760330577,316.583,{'derived_from': 'd2_capacity'}
test,pred_error,homog,med,ff_only_cheap,1004,121,121,0,1.0,0.7465277777777778,0.18229166666666666,24,0.564236111111111,0.3084635416666667,6527.853216742638,153.18971900826446,223.128,"{'alpha': 0, 'beta': 0, 'gamma': 1}"
test,pred_error,homog,med,binpack,1005,121,121,0,1.0,0.7465277777777778,0.18229166666666666,24,0.564236111111111,0.33932291666666664,10114.093663528678,98.87193388429753,144.891,{}
test,pred_error,homog,med,spread,1005,121,121,0,1.0,0.7465277777777778,0.18229166666666666,30,0.564236111111111,0.03671875,7303.355052666244,136.92337190082645,168.535,{}
test,pred_error,homog,med,tetris,1005,121,121,0,1.0,0.7465277777777778,0.18229166666666666,30,0.564236111111111,0.0328125,7153.984248936894,139.7822479338843,163.516,{}
test,pred_error,homog,med,hybrid,1005,121,121,0,1.0,0.7465277777777778,0.18229166666666666,30,0.564236111111111,0.015755208333333333,5503.24891804307,181.71084297520662,209.993,"{'family': 'hybrid', 'alpha': 0.1}"
test,pred_error,homog,med,balance,1005,121,121,0,1.0,0.7465277777777778,0.18229166666666666,30,0.564236111111111,0.17864583333333334,8134.0059327153685,122.94065289256199,164.097,"{'family': 'balance', 'lam': 0.8}"
test,pred_error,homog,med,wmatch,1005,121,121,0,1.0,0.7465277777777778,0.18229166666666666,24,0.564236111111111,0.33932291666666664,6426.240645504719,155.61197520661156,230.571,"{'family': 'wmatch', 'lam': 0.8}"
test,pred_error,homog,med,d1_cheap,1005,121,121,0,1.0,0.7465277777777778,0.18229166666666666,30,0.564236111111111,0.018359375,4291.213676161822,233.03430578512396,272.65,"{'family': 'd_cheap', 'alpha': 0.0, 'beta': 0.8, 'gamma': 0.2}"
test,pred_error,homog,med,d1_cheap_nomad_ff,1005,121,121,0,1.0,0.7465277777777778,0.18229166666666666,24,0.564236111111111,0.289453125,7118.678848510749,140.4755041322314,205.835,{'derived_from': 'd1_cheap'}
test,pred_error,homog,med,d2_capacity,1005,121,121,0,1.0,0.7465277777777778,0.18229166666666666,30,0.564236111111111,0.0,3198.281196107475,312.6679421487603,358.421,"{'family': 'd_capacity', 'alpha': 0.0, 'beta': 0.8, 'gamma': 0.2}"
test,pred_error,homog,med,d2_capacity_nomad_ff,1005,121,121,0,1.0,0.7465277777777778,0.18229166666666666,24,0.564236111111111,0.33932291666666664,5385.674852655057,185.67775206611572,285.495,{'derived_from': 'd2_capacity'}
test,pred_error,homog,med,ff_only_cheap,1005,121,121,0,1.0,0.7465277777777778,0.18229166666666666,24,0.564236111111111,0.289453125,7367.483180675225,135.73156198347107,198.621,"{'alpha': 0, 'beta': 0, 'gamma': 1}"
test,pred_error,homog,med,binpack,1006,121,121,0,1.0,0.7465277777777778,0.18229166666666666,24,0.564236111111111,0.37604166666666666,11467.222602672868,87.20507438016529,133.129,{}
test,pred_error,homog,med,spread,1006,121,121,0,1.0,0.7465277777777778,0.18229166666666666,30,0.564236111111111,0.08919270833333333,8141.907115912429,122.82134710743802,153.177,{}
test,pred_error,homog,med,tetris,1006,121,121,0,1.0,0.7465277777777778,0.18229166666666666,30,0.564236111111111,0.018359375,7973.855769819431,125.40984297520662,152.405,{}
test,pred_error,homog,med,hybrid,1006,121,121,0,1.0,0.7465277777777778,0.18229166666666666,30,0.564236111111111,0.05325520833333333,5750.914763791157,173.88538016528923,263.884,"{'family': 'hybrid', 'alpha': 0.1}"
test,pred_error,homog,med,balance,1006,121,121,0,1.0,0.7465277777777778,0.18229166666666666,29,0.564236111111111,0.13528645833333333,8898.1979237195,112.38230578512398,154.309,"{'family': 'balance', 'lam': 0.8}"
test,pred_error,homog,med,wmatch,1006,121,121,0,1.0,0.7465277777777778,0.18229166666666666,24,0.564236111111111,0.37604166666666666,7254.214908694614,137.85089256198347,213.831,"{'family': 'wmatch', 'lam': 0.8}"
test,pred_error,homog,med,d1_cheap,1006,121,121,0,1.0,0.7465277777777778,0.18229166666666666,30,0.564236111111111,0.0328125,4687.230956332633,213.34557851239668,245.118,"{'family': 'd_cheap', 'alpha': 0.0, 'beta': 0.8, 'gamma': 0.2}"
test,pred_error,homog,med,d1_cheap_nomad_ff,1006,121,121,0,1.0,0.7465277777777778,0.18229166666666666,24,0.564236111111111,0.340625,7876.291964118738,126.96329752066116,186.92,{'derived_from': 'd1_cheap'}
test,pred_error,homog,med,d2_capacity,1006,121,121,0,1.0,0.7465277777777778,0.18229166666666666,30,0.564236111111111,0.018359375,3524.7655856103806,283.7068099173554,314.94,"{'family': 'd_capacity', 'alpha': 0.0, 'beta': 0.8, 'gamma': 0.2}"
test,pred_error,homog,med,d2_capacity_nomad_ff,1006,121,121,0,1.0,0.7465277777777778,0.18229166666666666,24,0.564236111111111,0.340625,5833.184892436794,171.43293388429754,251.791,{'derived_from': 'd2_capacity'}
test,pred_error,homog,med,ff_only_cheap,1006,121,121,0,1.0,0.7465277777777778,0.18229166666666666,24,0.564236111111111,0.340625,8204.341534126434,121.88668595041322,186.268,"{'alpha': 0, 'beta': 0, 'gamma': 1}"
test,pred_error,homog,med,binpack,1007,121,121,0,1.0,0.7465277777777778,0.18229166666666666,24,0.564236111111111,0.36028645833333334,12697.014910807668,78.75866942148761,121.978,{}
test,pred_error,homog,med,spread,1007,121,121,0,1.0,0.7465277777777778,0.18229166666666666,30,0.564236111111111,0.10755208333333334,9083.40692018981,110.09085123966943,135.603,{}
test,pred_error,homog,med,tetris,1007,121,121,0,1.0,0.7465277777777778,0.18229166666666666,30,0.564236111111111,0.0,8777.51233258618,113.9274958677686,136.746,{}
test,pred_error,homog,med,hybrid,1007,121,121,0,1.0,0.7465277777777778,0.18229166666666666,30,0.564236111111111,0.023046875,6806.061940001021,146.9278429752066,174.747,"{'family': 'hybrid', 'alpha': 0.1}"
test,pred_error,homog,med,balance,1007,121,121,0,1.0,0.7465277777777778,0.18229166666666666,30,0.564236111111111,0.18190104166666668,9911.3361357568,100.89457024793388,134.051,"{'family': 'balance', 'lam': 0.8}"
test,pred_error,homog,med,wmatch,1007,121,121,0,1.0,0.7465277777777778,0.18229166666666666,24,0.564236111111111,0.36028645833333334,8038.21834019826,124.40567768595042,186.87,"{'family': 'wmatch', 'lam': 0.8}"
test,pred_error,homog,med,d1_cheap,1007,121,121,0,1.0,0.7465277777777778,0.18229166666666666,30,0.564236111111111,0.013151041666666667,5258.111571391423,190.18234710743803,221.976,"{'family': 'd_cheap', 'alpha': 0.0, 'beta': 0.8, 'gamma': 0.2}"
test,pred_error,homog,med,d1_cheap_nomad_ff,1007,121,121,0,1.0,0.7465277777777778,0.18229166666666666,24,0.564236111111111,0.3399739583333333,8728.661128703892,114.56510743801653,163.756,{'derived_from': 'd1_cheap'}
test,pred_error,homog,med,d2_capacity,1007,121,121,0,1.0,0.7465277777777778,0.18229166666666666,30,0.564236111111111,0.0,3835.4938310836474,260.72261983471077,292.497,"{'family': 'd_capacity', 'alpha': 0.0, 'beta': 0.8, 'gamma': 0.2}"
test,pred_error,homog,med,d2_capacity_nomad_ff,1007,121,121,0,1.0,0.7465277777777778,0.18229166666666666,24,0.564236111111111,0.3399739583333333,6450.014757740377,155.0384049586777,229.69,{'derived_from': 'd2_capacity'}
test,pred_error,homog,med,ff_only_cheap,1007,121,121,0,1.0,0.7465277777777778,0.18229166666666666,24,0.564236111111111,0.3399739583333333,9076.146544212199,110.17891735537191,163.697,"{'alpha': 0, 'beta': 0, 'gamma': 1}"
test,pred_error,homog,med,binpack,1008,121,121,0,1.0,0.7465277777777778,0.18229166666666666,24,0.564236111111111,0.30520833333333336,14103.816679290167,70.90279338842976,104.495,{}
test,pred_error,homog,med,spread,1008,121,121,0,1.0,0.7465277777777778,0.18229166666666666,30,0.564236111111111,0.10950520833333334,10008.929454004627,99.91078512396695,121.196,{}
test,pred_error,homog,med,tetris,1008,121,121,0,1.0,0.7465277777777778,0.18229166666666666,30,0.564236111111111,0.0,9580.138931016429,104.38261983471074,124.753,{}
test,pred_error,homog,med,hybrid,1008,121,121,0,1.0,0.7465277777777778,0.18229166666666666,30,0.564236111111111,0.011848958333333333,7460.914519439105,134.031826446281,156.784,"{'family': 'hybrid', 'alpha': 0.1}"
test,pred_error,homog,med,balance,1008,121,121,0,1.0,0.7465277777777778,0.18229166666666666,30,0.564236111111111,0.14778645833333334,10749.467057414235,93.02786776859504,119.674,"{'family': 'balance', 'lam': 0.8}"
test,pred_error,homog,med,wmatch,1008,121,121,0,1.0,0.7465277777777778,0.18229166666666666,24,0.564236111111111,0.30520833333333336,8915.054779327711,112.16980991735538,167.203,"{'family': 'wmatch', 'lam': 0.8}"
test,pred_error,homog,med,d1_cheap,1008,121,121,0,1.0,0.7465277777777778,0.18229166666666666,30,0.564236111111111,0.0,5693.921776149725,175.62587603305784,199.052,"{'family': 'd_cheap', 'alpha': 0.0, 'beta': 0.8, 'gamma': 0.2}"
test,pred_error,homog,med,d1_cheap_nomad_ff,1008,121,121,0,1.0,0.7465277777777778,0.18229166666666666,24,0.564236111111111,0.289453125,9619.037617671238,103.9605041322314,152.014,{'derived_from': 'd1_cheap'}
test,pred_error,homog,med,d2_capacity,1008,121,121,0,1.0,0.7465277777777778,0.18229166666666666,30,0.564236111111111,0.0,4214.865041763042,237.25552066115702,263.112,"{'family': 'd_capacity', 'alpha': 0.0, 'beta': 0.8, 'gamma': 0.2}"
test,pred_error,homog,med,d2_capacity_nomad_ff,1008,121,121,0,1.0,0.7465277777777778,0.18229166666666666,24,0.564236111111111,0.289453125,7036.733727320636,142.11138842975205,206.326,{'derived_from': 'd2_capacity'}
test,pred_error,homog,med,ff_only_cheap,1008,121,121,0,1.0,0.7465277777777778,0.18229166666666666,24,0.564236111111111,0.289453125,9950.65462149519,100.49590082644627,152.636,"{'alpha': 0, 'beta': 0, 'gamma': 1}"
test,pred_error,homog,med,binpack,1009,121,121,0,1.0,0.7465277777777778,0.18229166666666666,24,0.564236111111111,0.3438802083333333,15336.078111081873,65.20571900826445,98.474,{}
test,pred_error,homog,med,spread,1009,121,121,0,1.0,0.7465277777777778,0.18229166666666666,30,0.5642361111111112,0.03606770833333333,10810.680416184394,92.50111570247934,112.63,{}
test,pred_error,homog,med,tetris,1009,121,121,0,1.0,0.7465277777777778,0.18229166666666666,30,0.564236111111111,0.018359375,10480.599587306902,95.41438842975207,116.738,{}
test,pred_error,homog,med,hybrid,1009,121,121,0,1.0,0.7465277777777778,0.18229166666666666,30,0.564236111111111,0.0,8088.784098653753,123.62797520661158,144.089,"{'family': 'hybrid', 'alpha': 0.1}"
test,pred_error,homog,med,balance,1009,121,121,0,1.0,0.7465277777777778,0.18229166666666666,30,0.564236111111111,0.15572916666666667,11181.296592393594,89.43506611570247,113.913,"{'family': 'balance', 'lam': 0.8}"
test,pred_error,homog,med,wmatch,1009,121,121,0,1.0,0.7465277777777778,0.18229166666666666,24,0.564236111111111,0.3438802083333333,9767.175558038696,102.38374380165288,156.021,"{'family': 'wmatch', 'lam': 0.8}"
test,pred_error,homog,med,d1_cheap,1009,121,121,0,1.0,0.7465277777777778,0.18229166666666666,30,0.564236111111111,0.0,6271.057277453134,159.4627438016529,185.757,"{'family': 'd_cheap', 'alpha': 0.0, 'beta': 0.8, 'gamma': 0.2}"
test,pred_error,homog,med,d1_cheap_nomad_ff,1009,121,121,0,1.0,0.7465277777777778,0.18229166666666666,24,0.564236111111111,0.29205729166666666,10721.594309934708,93.26971074380165,137.517,{'derived_from': 'd1_cheap'}
test,pred_error,homog,med,d2_capacity,1009,121,121,0,1.0,0.7465277777777778,0.18229166666666666,30,0.564236111111111,0.018359375,4604.274060090724,217.1895041322314,245.42,"{'family': 'd_capacity', 'alpha': 0.0, 'beta': 0.8, 'gamma': 0.2}"
test,pred_error,homog,med,d2_capacity_nomad_ff,1009,121,121,0,1.0,0.7465277777777778,0.18229166666666666,24,0.564236111111111,0.293359375,7760.815514190907,128.8524380165289,200.696,{'derived_from': 'd2_capacity'}
test,pred_error,homog,med,ff_only_cheap,1009,121,121,0,1.0,0.7465277777777778,0.18229166666666666,24,0.564236111111111,0.29205729166666666,10904.602571395408,91.70439669421486,134.282,"{'alpha': 0, 'beta': 0, 'gamma': 1}"
test,pred_error,hetero,high,binpack,1000,167,147,20,0.8802395209580839,0.9714075040005224,0.25173201557456315,30,0.7196754884259594,0.46882986252083153,22673.855862977136,44.10365868263473,86.692,{}
test,pred_error,hetero,high,spread,1000,167,150,17,0.8982035928143712,0.9434844641045144,0.23282279091042757,30,0.7106616731940868,0.2797700286398233,14928.583266720863,66.98559281437124,107.712,{}
test,pred_error,hetero,high,tetris,1000,167,153,14,0.9161676646706587,0.9563725070009077,0.27937863440311017,30,0.6769938725977975,0.3640409327226689,15342.98508156542,65.17636526946107,93.836,{}
test,pred_error,hetero,high,hybrid,1000,167,152,15,0.9101796407185628,0.9486738541420223,0.2773988640482401,30,0.6712749900937822,0.29133299182161254,11818.310809543676,84.61446107784431,126.887,"{'family': 'hybrid', 'alpha': 0.1}"
test,pred_error,hetero,high,balance,1000,167,149,18,0.8922155688622755,0.9687400634763407,0.2525150568328452,30,0.7162250066434955,0.502564462535494,16519.973587826662,60.53278443113773,101.12,"{'family': 'balance', 'lam': 0.8}"
test,pred_error,hetero,high,wmatch,1000,167,147,20,0.8802395209580839,0.9706048467723783,0.25087669461651274,30,0.7197281521558657,0.44987878304800166,13992.76280901278,71.46551497005989,140.724,"{'family': 'wmatch', 'lam': 0.8}"
test,pred_error,hetero,high,d1_cheap,1000,167,152,15,0.9101796407185628,0.9520663202927808,0.2758192791821858,30,0.6762470411105951,0.3095000263644403,9246.608999940478,108.14775449101798,162.544,"{'family': 'd_cheap', 'alpha': 0.0, 'beta': 0.8, 'gamma': 0.2}"
test,pred_error,hetero,high,d1_cheap_nomad_ff,1000,167,148,19,0.8862275449101796,0.969115855221974,0.250724635655082,30,0.718391219566892,0.47170572647394937,15390.67098625355,64.9744251497006,127.739,{'derived_from': 'd1_cheap'}
test,pred_error,hetero,high,d2_capacity,1000,167,151,16,0.9041916167664671,0.9394063707300588,0.27425361386271335,30,0.6651527568673455,0.171601103571748,6654.921328269695,150.2647365269461,221.374,"{'family': 'd_capacity', 'alpha': 0.0, 'beta': 0.8, 'gamma': 0.2}"
test,pred_error,hetero,high,d2_capacity_nomad_ff,1000,167,148,19,0.8862275449101796,0.9754231784747626,0.2535998670208188,30,0.7218233114539437,0.41188703853328623,10770.115496267897,92.84951497005989,186.318,{'derived_from': 'd2_capacity'}
test,pred_error,hetero,high,ff_only_cheap,1000,167,148,19,0.8862275449101796,0.969115855221974,0.250724635655082,30,0.718391219566892,0.47170572647394937,15621.698220782115,64.01352694610779,125.394,"{'alpha': 0, 'beta': 0, 'gamma': 1}"
test,pred_error,hetero,high,binpack,1001,176,159,17,0.9034090909090909,0.9680824522149105,0.27597212649045394,30,0.6921103257244566,0.41374207790589584,24804.939452693106,40.31455113636364,81.673,{}
test,pred_error,hetero,high,spread,1001,176,160,16,0.9090909090909091,0.9663588629041278,0.24752022870149804,30,0.7188386342026297,0.4555297146375615,16119.228068485105,62.037710227272726,95.268,{}
test,pred_error,hetero,high,tetris,1001,176,161,15,0.9147727272727273,0.9640120322793281,0.3064576129269957,30,0.6575544193523323,0.410878134840651,16220.085922218788,61.651954545454544,90.589,{}
test,pred_error,hetero,high,hybrid,1001,176,160,16,0.9090909090909091,0.955811493869962,0.3006255154369004,30,0.6551859784330616,0.2853453393916842,12640.006021239233,79.11388636363637,119.954,"{'family': 'hybrid', 'alpha': 0.1}"
test,pred_error,hetero,high,balance,1001,176,160,16,0.9090909090909091,0.9633528719082297,0.2790154224963178,30,0.6843374494119119,0.39164521552683995,17527.364847336154,57.053642045454545,93.695,"{'family': 'balance', 'lam': 0.8}"
test,pred_error,hetero,high,wmatch,1001,176,159,17,0.9034090909090909,0.968029374528497,0.2740251334855859,30,0.6940042410429111,0.4019647415132869,14882.082328017666,67.19489772727272,136.035,"{'family': 'wmatch', 'lam': 0.8}"
test,pred_error,hetero,high,d1_cheap,1001,176,159,17,0.9034090909090909,0.9455081693397228,0.29292128211827373,30,0.6525868872214491,0.25224668294635993,9485.957064618015,105.41898863636364,158.867,"{'family': 'd_cheap', 'alpha': 0.0, 'beta': 0.8, 'gamma': 0.2}"
test,pred_error,hetero,high,d1_cheap_nomad_ff,1001,176,159,17,0.9034090909090909,0.9685447922703536,0.27490724515357984,30,0.6936375471167737,0.374703724812327,16034.393774646618,62.3659375,127.518,{'derived_from': 'd1_cheap'}
test,pred_error,hetero,high,d2_capacity,1001,176,158,18,0.8977272727272727,0.9327438814286688,0.2939893198844436,30,0.6387545615442252,0.25736364381621013,6807.330086623662,146.9004715909091,220.854,"{'family': 'd_capacity', 'alpha': 0.0, 'beta': 0.8, 'gamma': 0.2}"
test,pred_error,hetero,high,d2_capacity_nomad_ff,1001,176,160,16,0.9090909090909091,0.9674933597222098,0.2803771110283515,30,0.6871162486938583,0.4108679786174281,11005.94252108998,90.86000568181818,190.516,{'derived_from': 'd2_capacity'}
test,pred_error,hetero,high,ff_only_cheap,1001,176,159,17,0.9034090909090909,0.9685447922703536,0.27490724515357984,30,0.6936375471167737,0.374703724812327,15953.851309561913,62.68078977272727,127.719,"{'alpha': 0, 'beta': 0, 'gamma': 1}"
test,pred_error,hetero,high,binpack,1002,185,167,18,0.9027027027027027,0.9725500459087272,0.2861659980001385,30,0.6863840479085886,0.46997836364072254,24015.101734461517,41.64046486486487,81.583,{}
test,pred_error,hetero,high,spread,1002,185,168,17,0.9081081081081082,0.9571344533601903,0.2575835611526898,30,0.6995508922075006,0.4642179315121202,15574.903795503029,64.20585405405406,94.176,{}
test,pred_error,hetero,high,tetris,1002,185,170,15,0.918918918918919,0.961183033327276,0.3316679285261882,30,0.6295151048010877,0.42860205147420344,15736.959695944926,63.54467567567567,92.292,{}
test,pred_error,hetero,high,hybrid,1002,185,169,16,0.9135135135135135,0.9561281177243751,0.3291350395592324,30,0.6269930781651426,0.35552300526038294,12430.60697645979,80.4465945945946,117.219,"{'family': 'hybrid', 'alpha': 0.1}"
test,pred_error,hetero,high,balance,1002,185,169,16,0.9135135135135135,0.9671454180669111,0.29283642306442587,30,0.6743089950024853,0.41718076914419433,18551.978934578903,53.9026054054054,92.824,"{'family': 'balance', 'lam': 0.8}"
test,pred_error,hetero,high,wmatch,1002,185,167,18,0.9027027027027027,0.9722420870999964,0.28745889595478086,30,0.6847831911452155,0.4699783636407225,14797.9484124321,67.57693513513513,135.494,"{'family': 'wmatch', 'lam': 0.8}"
test,pred_error,hetero,high,d1_cheap,1002,185,170,15,0.918918918918919,0.9576202757571611,0.32777050072064046,30,0.6298497750365205,0.3531613324426633,9666.434341319497,103.45076216216216,153.187,"{'family': 'd_cheap', 'alpha': 0.0, 'beta': 0.8, 'gamma': 0.2}"
test,pred_error,hetero,high,d1_cheap_nomad_ff,1002,185,167,18,0.9027027027027027,0.9722510759284714,0.28791468845108115,30,0.6843363874773902,0.46997836364072254,15775.57546954295,63.38912972972973,120.375,{'derived_from': 'd1_cheap'}
test,pred_error,hetero,high,d2_capacity,1002,185,167,18,0.9027027027027027,0.9377948809997676,0.32170430383570664,30,0.6160905771640609,0.2243098734640248,6900.941057085405,144.90777297297296,214.391,"{'family': 'd_capacity', 'alpha': 0.0, 'beta': 0.8, 'gamma': 0.2}"
test,pred_error,hetero,high,d2_capacity_nomad_ff,1002,185,167,18,0.9027027027027027,0.9720010849717683,0.2890502105448935,30,0.6829508744268747,0.46997836364072254,11301.637026850856,88.48275675675676,176.08,{'derived_from': 'd2_capacity'}
test,pred_error,hetero,high,ff_only_cheap,1002,185,167,18,0.9027027027027027,0.9722510759284714,0.28791468845108115,30,0.6843363874773902,0.46997836364072254,15813.452546820641,63.2372972972973,119.193,"{'alpha': 0, 'beta': 0, 'gamma': 1}"
test,pred_error,hetero,high,binpack,1003,179,158,21,0.88268156424581,0.9708226562257499,0.2544271055414988,30,0.7163955506842512,0.5053502579136074,24308.309761741897,41.13819553072626,82.404,{}
test,pred_error,hetero,high,spread,1003,179,159,20,0.888268156424581,0.9572885868827133,0.24033692224717845,30,0.7169516646355348,0.4891155559524277,16150.928714492544,61.91594413407822,92.332,{}
test,pred_error,hetero,high,tetris,1003,179,160,19,0.8938547486033519,0.9534441341720902,0.30124916244017924,30,0.6521949717319109,0.4003866959889556,16163.987718981398,61.8659217877095,94.026,{}
test,pred_error,hetero,high,hybrid,1003,179,160,19,0.8938547486033519,0.9515292639848899,0.29781701852356746,30,0.6537122454613224,0.48467840109292376,12558.93050112378,79.62461452513966,119.454,"{'family': 'hybrid', 'alpha': 0.1}"
test,pred_error,hetero,high,balance,1003,179,161,18,0.8994413407821229,0.9721824280279041,0.2564131540285726,30,0.7157692739993314,0.5034789474139111,18364.317904604653,54.453424581005585,93.876,"{'family': 'balance', 'lam': 0.8}"
test,pred_error,hetero,high,wmatch,1003,179,158,21,0.88268156424581,0.9708226562257499,0.2544271055414988,30,0.7163955506842512,0.5053502579136074,15255.848679026745,65.54863128491621,134.221,"{'family': 'wmatch', 'lam': 0.8}"
test,pred_error,hetero,high,d1_cheap,1003,179,161,18,0.8994413407821229,0.9583739360564536,0.29528674076174166,30,0.663087195294712,0.5072215684133038,9797.20014629026,102.06997765363128,153.397,"{'family': 'd_cheap', 'alpha': 0.0, 'beta': 0.8, 'gamma': 0.2}"
test,pred_error,hetero,high,d1_cheap_nomad_ff,1003,179,158,21,0.88268156424581,0.9704678788412463,0.255653876520529,30,0.7148140023207172,0.5053502579136074,16181.210757738982,61.80007262569833,121.397,{'derived_from': 'd1_cheap'}
test,pred_error,hetero,high,d2_capacity,1003,179,159,20,0.888268156424581,0.9497091111937546,0.2882638655847774,30,0.6614452456089772,0.4125030775086982,6971.529170650143,143.44055307262568,218.458,"{'family': 'd_capacity', 'alpha': 0.0, 'beta': 0.8, 'gamma': 0.2}"
test,pred_error,hetero,high,d2_capacity_nomad_ff,1003,179,157,22,0.8770949720670391,0.9658495599785889,0.2507840001804522,30,0.7150655597981367,0.5084691087464347,11112.451365177067,89.98914525139665,189.775,{'derived_from': 'd2_capacity'}
test,pred_error,hetero,high,ff_only_cheap,1003,179,158,21,0.88268156424581,0.9704678788412463,0.255653876520529,30,0.7148140023207172,0.5053502579136074,16171.778620095558,61.836117318435754,123.791,"{'alpha': 0, 'beta': 0, 'gamma': 1}"
test,pred_error,hetero,high,binpack,1004,190,172,18,0.9052631578947369,0.9758406931405669,0.27586296851819586,30,0.699977724622371,0.47069114970638676,24762.85009456802,40.38307368421052,79.028,{}
test,pred_error,hetero,high,spread,1004,190,174,16,0.9157894736842105,0.9613410048577873,0.2596581673806192,30,0.7016828374771681,0.4525042232274955,15504.880528367157,64.49582105263158,91.181,{}
test,pred_error,hetero,high,tetris,1004,190,173,17,0.9105263157894737,0.9491337717300115,0.30308666566164244,30,0.6460471060683691,0.39612621960609923,15260.064835999681,65.53052105263158,93.024,{}
test,pred_error,hetero,high,hybrid,1004,190,172,18,0.9052631578947369,0.9450158190669344,0.2981915078169282,30,0.6468243112500062,0.33648623108666825,12075.210768037427,82.81428947368421,122.219,"{'family': 'hybrid', 'alpha': 0.1}"
test,pred_error,hetero,high,balance,1004,190,175,15,0.9210526315789473,0.9790299810858755,0.2789614886603954,30,0.70006849242548,0.46883175093486357,18678.966471156873,53.53615263157894,92.954,"{'family': 'balance', 'lam': 0.8}"
test,pred_error,hetero,high,wmatch,1004,190,171,19,0.9,0.9704043430663147,0.2793185703033095,30,0.6910857727630052,0.47379014765892546,14996.007510316267,66.68441578947369,131.286,"{'family': 'wmatch', 'lam': 0.8}"
test,pred_error,hetero,high,d1_cheap,1004,190,173,17,0.9105263157894737,0.9540870793469655,0.29640160578079217,30,0.6576854735661732,0.3644091786295694,9279.440232908088,107.76512105263159,155.13,"{'family': 'd_cheap', 'alpha': 0.0, 'beta': 0.8, 'gamma': 0.2}"
test,pred_error,hetero,high,d1_cheap_nomad_ff,1004,190,173,17,0.9105263157894737,0.9746262766787281,0.28039627310869164,30,0.6942300035700364,0.4713109492968945,15822.017953493592,63.20306315789474,124.373,{'derived_from': 'd1_cheap'}
test,pred_error,hetero,high,d2_capacity,1004,190,173,17,0.9105263157894737,0.9547203801625807,0.3036065061474084,30,0.6511138740151723,0.3897462149690795,6466.888154182322,154.6338789473684,224.43,"{'family': 'd_capacity', 'alpha': 0.0, 'beta': 0.8, 'gamma': 0.2}"
test,pred_error,hetero,high,d2_capacity_nomad_ff,1004,190,171,19,0.9,0.9690681591512269,0.2789888889200288,30,0.690079270231198,0.47379014765892546,11099.231687815767,90.09632631578947,181.92,{'derived_from': 'd2_capacity'}
test,pred_error,hetero,high,ff_only_cheap,1004,190,173,17,0.9105263157894737,0.9746262766787281,0.28039627310869164,30,0.6942300035700364,0.4713109492968945,15757.637581799761,63.46128947368421,124.523,"{'alpha': 0, 'beta': 0, 'gamma': 1}"
test,pred_error,hetero,high,binpack,1005,178,160,18,0.898876404494382,0.9729981768865945,0.29703569154368026,30,0.6759624853429143,0.45941145640054354,24660.73137356256,40.55029775280899,81.913,{}
test,pred_error,hetero,high,spread,1005,178,161,17,0.9044943820224719,0.9633276934040416,0.2644376146851734,30,0.6988900787188681,0.4191657578066802,15972.36672877046,62.608129213483146,91.451,{}
test,pred_error,hetero,high,tetris,1005,178,161,17,0.9044943820224719,0.9508889719747782,0.31167631401092294,30,0.6392126579638552,0.3338562793226984,15984.005936711239,62.5625393258427,92.092,{}
test,pred_error,hetero,high,hybrid,1005,178,162,16,0.9101123595505618,0.9600597061758276,0.3177286334974701,30,0.6423310726783575,0.3865360186132836,12370.601252224536,80.83681460674158,117.299,"{'family': 'hybrid', 'alpha': 0.1}"
test,pred_error,hetero,high,balance,1005,178,161,17,0.9044943820224719,0.9725156118386175,0.30148749383230705,30,0.6710281180063105,0.4580446079970051,18031.7658933808,55.45768539325843,93.475,"{'family': 'balance', 'lam': 0.8}"
test,pred_error,hetero,high,wmatch,1005,178,160,18,0.898876404494382,0.9729767990089414,0.2976639241861474,30,0.6753128748227939,0.45941145640054354,15235.615802620372,65.63567977528089,137.377,"{'family': 'wmatch', 'lam': 0.8}"
test,pred_error,hetero,high,d1_cheap,1005,178,161,17,0.9044943820224719,0.9478195168740988,0.31880620346653576,30,0.6290133134075632,0.3453938019306093,9341.738588869508,107.04645505617978,157.575,"{'family': 'd_cheap', 'alpha': 0.0, 'beta': 0.8, 'gamma': 0.2}"
test,pred_error,hetero,high,d1_cheap_nomad_ff,1005,178,159,19,0.8932584269662921,0.9642183267445731,0.2966773235967014,30,0.6675410031478716,0.46282857740938965,15645.398622343544,63.916556179775284,124.804,{'derived_from': 'd1_cheap'}
test,pred_error,hetero,high,d2_capacity,1005,178,161,17,0.9044943820224719,0.9502163581341525,0.3159734603195236,30,0.6342428978146288,0.3313357750175084,6568.89299981858,152.23265168539328,222.497,"{'family': 'd_capacity', 'alpha': 0.0, 'beta': 0.8, 'gamma': 0.2}"
test,pred_error,hetero,high,d2_capacity_nomad_ff,1005,178,159,19,0.8932584269662921,0.965538923352106,0.29400102013269364,30,0.6715379032194123,0.46282857740938965,11044.001224270967,90.54689325842696,188.142,{'derived_from': 'd2_capacity'}
test,pred_error,hetero,high,ff_only_cheap,1005,178,159,19,0.8932584269662921,0.9642183267445731,0.2966773235967014,30,0.6675410031478716,0.46282857740938965,15755.426217471793,63.47019662921348,123.882,"{'alpha': 0, 'beta': 0, 'gamma': 1}"
test,pred_error,hetero,high,binpack,1006,183,167,16,0.912568306010929,0.9793149167185934,0.2981415241577236,30,0.6811733925608698,0.46971499854200577,23847.476233318495,41.933158469945354,82.174,{}
test,pred_error,hetero,high,spread,1006,183,164,19,0.8961748633879781,0.9487225234249289,0.259884859975871,30,0.6888376634490581,0.41565213520573835,15515.446008028353,64.45190163934427,96.681,{}
test,pred_error,hetero,high,tetris,1006,183,163,20,0.8907103825136612,0.9269550525867547,0.3255148956527651,30,0.6014401569339897,0.21234329066729923,15832.958994885694,63.15938797814208,91.031,{}
test,pred_error,hetero,high,hybrid,1006,183,165,18,0.9016393442622951,0.9461940385751553,0.32955737841898736,30,0.6166366601561679,0.31766230397827144,12446.44881391124,80.34420218579235,117.53,"{'family': 'hybrid', 'alpha': 0.1}"
test,pred_error,hetero,high,balance,1006,183,167,16,0.912568306010929,0.9711492062757908,0.29959534780408553,30,0.6715538584717052,0.4447810371069669,18043.326463722955,55.42215300546448,93.014,"{'family': 'balance', 'lam': 0.8}"
test,pred_error,hetero,high,wmatch,1006,183,166,17,0.907103825136612,0.9779261541811355,0.2965847405657879,30,0.6813414136153475,0.4710036619720373,14849.502724234591,67.34232240437159,132.599,"{'family': 'wmatch', 'lam': 0.8}"
test,pred_error,hetero,high,d1_cheap,1006,183,165,18,0.9016393442622951,0.943631430214898,0.3249854447728083,30,0.6186459854420898,0.3181135412770126,9634.221766518269,103.79665573770492,153.477,"{'family': 'd_cheap', 'alpha': 0.0, 'beta': 0.8, 'gamma': 0.2}"
test,pred_error,hetero,high,d1_cheap_nomad_ff,1006,183,166,17,0.907103825136612,0.9679957438655683,0.2948441545512361,30,0.6731515893143322,0.4449542616653617,15719.203824903187,63.61645355191257,122.359,{'derived_from': 'd1_cheap'}
test,pred_error,hetero,high,d2_capacity,1006,183,165,18,0.9016393442622951,0.9457765258429414,0.32688269690164146,30,0.6188938289413,0.2870684201809627,6699.900123893235,149.255956284153,219.952,"{'family': 'd_capacity', 'alpha': 0.0, 'beta': 0.8, 'gamma': 0.2}"
test,pred_error,hetero,high,d2_capacity_nomad_ff,1006,183,167,16,0.912568306010929,0.9747182053850543,0.29732072091835254,30,0.6773974844667018,0.4716479936870531,10939.586759800211,91.41113114754098,183.824,{'derived_from': 'd2_capacity'}
test,pred_error,hetero,high,ff_only_cheap,1006,183,166,17,0.907103825136612,0.9679957438655683,0.2948441545512361,30,0.6731515893143322,0.4449542616653617,15632.784357784718,63.96813114754098,122.348,"{'alpha': 0, 'beta': 0, 'gamma': 1}"
test,pred_error,hetero,high,binpack,1007,184,166,18,0.9021739130434783,0.9794604882957283,0.31434398833559674,30,0.6651164999601316,0.4596396221669861,25011.952042844387,39.98088586956521,81.152,{}
test,pred_error,hetero,high,spread,1007,184,165,19,0.8967391304347826,0.9545122333277831,0.26334537238689043,30,0.6911668609408926,0.4200856637678315,16093.911472116204,62.13529891304348,92.112,{}
test,pred_error,hetero,high,tetris,1007,184,165,19,0.8967391304347826,0.9378182149863812,0.345384370238254,30,0.5924338447481273,0.28476970056920803,16266.404093900292,61.47640217391304,91.582,{}
test,pred_error,hetero,high,hybrid,1007,184,166,18,0.9021739130434783,0.9533489213721508,0.34739293082451905,30,0.6059559905476317,0.3292192258295526,12862.080677820468,77.74791847826087,115.466,"{'family': 'hybrid', 'alpha': 0.1}"
test,pred_error,hetero,high,balance,1007,184,169,15,0.9184782608695652,0.9778331262181895,0.31664037570754106,30,0.6611927505106484,0.42489301371887844,18504.336702497032,54.04138586956522,94.767,"{'family': 'balance', 'lam': 0.8}"
test,pred_error,hetero,high,wmatch,1007,184,166,18,0.9021739130434783,0.9794604882957283,0.31486742330806133,30,0.6645930649876669,0.4596396221669861,15287.531887797491,65.41278260869565,133.239,"{'family': 'wmatch', 'lam': 0.8}"
test,pred_error,hetero,high,d1_cheap,1007,184,167,17,0.907608695652174,0.9534829350491864,0.3406510832821377,30,0.6128318517670486,0.32567957494818783,9991.564730080594,100.08442391304347,148.428,"{'family': 'd_cheap', 'alpha': 0.0, 'beta': 0.8, 'gamma': 0.2}"
test,pred_error,hetero,high,d1_cheap_nomad_ff,1007,184,166,18,0.9021739130434783,0.9794604882957283,0.31434398833559674,30,0.6651164999601316,0.4596396221669861,16777.734050301835,59.60280434782609,116.939,{'derived_from': 'd1_cheap'}
test,pred_error,hetero,high,d2_capacity,1007,184,165,19,0.8967391304347826,0.9393481153434219,0.3388585557364672,30,0.6004895596069547,0.29555918313623425,7119.664063294432,140.45606521739128,215.052,"{'family': 'd_capacity', 'alpha': 0.0, 'beta': 0.8, 'gamma': 0.2}"
test,pred_error,hetero,high,d2_capacity_nomad_ff,1007,184,166,18,0.9021739130434783,0.9794604882957283,0.31434398833559674,30,0.6651164999601316,0.4596396221669861,11742.734805076665,85.15903804347826,177.572,{'derived_from': 'd2_capacity'}
test,pred_error,hetero,high,ff_only_cheap,1007,184,166,18,0.9021739130434783,0.9794604882957283,0.31434398833559674,30,0.6651164999601316,0.4596396221669861,16651.163287370393,60.055864130434784,115.797,"{'alpha': 0, 'beta': 0, 'gamma': 1}"
test,pred_error,hetero,high,binpack,1008,176,157,19,0.8920454545454546,0.9748029140716318,0.26718563322930516,30,0.7076172808423266,0.49058763538281575,25332.15711522001,39.475517045454545,83.015,{}
test,pred_error,hetero,high,spread,1008,176,159,17,0.9034090909090909,0.957482676908055,0.2485567367070808,30,0.7089259402009741,0.43580470609761685,15876.890590362329,62.984625,92.723,{}
test,pred_error,hetero,high,tetris,1008,176,157,19,0.8920454545454546,0.9357219383564989,0.29889319827834626,30,0.6368287400781525,0.3138870472394702,15999.333845918052,62.50260227272727,93.865,{}
test,pred_error,hetero,high,hybrid,1008,176,157,19,0.8920454545454546,0.9362571077302592,0.2987956515358212,30,0.637461456194438,0.32107093537792253,12480.717822812525,80.12359659090909,116.959,"{'family': 'hybrid', 'alpha': 0.1}"
test,pred_error,hetero,high,balance,1008,176,158,18,0.8977272727272727,0.9639893989811897,0.28008047547594794,30,0.6839089235052419,0.49123905784396305,18506.725933054444,54.03440909090909,94.597,"{'family': 'balance', 'lam': 0.8}"
test,pred_error,hetero,high,wmatch,1008,176,157,19,0.8920454545454546,0.9691214754164744,0.2740065234521113,30,0.6951149519643632,0.49254190276625764,15690.792954726981,63.73164204545454,135.013,"{'family': 'wmatch', 'lam': 0.8}"
test,pred_error,hetero,high,d1_cheap,1008,176,157,19,0.8920454545454546,0.941327794481163,0.2935314436910968,30,0.6477963507900663,0.3142728074490235,9561.725282940142,104.58363636363637,155.29,"{'family': 'd_cheap', 'alpha': 0.0, 'beta': 0.8, 'gamma': 0.2}"
test,pred_error,hetero,high,d1_cheap_nomad_ff,1008,176,157,19,0.8920454545454546,0.9680783981058227,0.267562134327448,30,0.7005162637783748,0.49254190276625764,16650.90507129804,60.05679545454546,122.259,{'derived_from': 'd1_cheap'}
test,pred_error,hetero,high,d2_capacity,1008,176,157,19,0.8920454545454546,0.9334732149735085,0.29673465858814985,30,0.6367385563853587,0.2900903870678771,6854.2741208819,145.89436931818182,214.411,"{'family': 'd_capacity', 'alpha': 0.0, 'beta': 0.8, 'gamma': 0.2}"
test,pred_error,hetero,high,d2_capacity_nomad_ff,1008,176,157,19,0.8920454545454546,0.9692640672442355,0.26918877136391384,30,0.7000752958803216,0.49254190276625764,11538.813552965908,86.66402272727272,180.608,{'derived_from': 'd2_capacity'}
test,pred_error,hetero,high,ff_only_cheap,1008,176,157,19,0.8920454545454546,0.9680783981058227,0.267562134327448,30,0.7005162637783748,0.49254190276625764,16589.039075198772,60.280767045454546,122.89,"{'alpha': 0, 'beta': 0, 'gamma': 1}"
test,pred_error,hetero,high,binpack,1009,175,157,18,0.8971428571428571,0.974335181743013,0.2950462121392489,30,0.6813797730980272,0.4689290175781477,25066.1387976561,39.89445714285714,81.522,{}
test,pred_error,hetero,high,spread,1009,175,157,18,0.8971428571428571,0.9532438160777714,0.26703758794054344,30,0.686206228137228,0.44740138566804455,16266.67078135977,61.47539428571428,95.399,{}
test,pred_error,hetero,high,tetris,1009,175,157,18,0.8971428571428571,0.9526416138655027,0.3190440714488341,30,0.6335975424166685,0.3791592434833201,16458.948466938302,60.75722285714286,97.683,{}
test,pred_error,hetero,high,hybrid,1009,175,158,17,0.9028571428571428,0.9641178360877275,0.31448722738301754,30,0.64963060870471,0.4143540901886262,12993.708965867085,76.96032000000001,115.877,"{'family': 'hybrid', 'alpha': 0.1}"
test,pred_error,hetero,high,balance,1009,175,159,16,0.9085714285714286,0.9754251515362309,0.2995649468111691,30,0.6758602047250619,0.4661809141762235,17550.38188126655,56.978817142857146,93.655,"{'family': 'balance', 'lam': 0.8}"
test,pred_error,hetero,high,wmatch,1009,175,157,18,0.8971428571428571,0.9748235347195223,0.29205647260144013,30,0.6848578656123453,0.4689290175781477,15609.560472240048,64.06330285714286,134.291,"{'family': 'wmatch', 'lam': 0.8}"
test,pred_error,hetero,high,d1_cheap,1009,175,157,18,0.8971428571428571,0.957529126317397,0.31584257954601724,30,0.6416865467713797,0.4018757035819372,10192.324504042945,98.11304571428572,155.08,"{'family': 'd_cheap', 'alpha': 0.0, 'beta': 0.8, 'gamma': 0.2}"
test,pred_error,hetero,high,d1_cheap_nomad_ff,1009,175,157,18,0.8971428571428571,0.9708376935624455,0.29560855975207845,30,0.6773199373046302,0.47099009512959084,16302.598587636016,61.339914285714286,120.125,{'derived_from': 'd1_cheap'}
test,pred_error,hetero,high,d2_capacity,1009,175,158,17,0.9028571428571428,0.9635027628617168,0.3149257285518428,30,0.6485770343098739,0.42564343343443467,7127.3494849390345,140.30461142857143,215.533,"{'family': 'd_capacity', 'alpha': 0.0, 'beta': 0.8, 'gamma': 0.2}"
test,pred_error,hetero,high,d2_capacity_nomad_ff,1009,175,157,18,0.8971428571428571,0.9751082023977854,0.2952038850695808,30,0.6819951208224677,0.4689290175781477,11590.773373489954,86.27552,183.463,{'derived_from': 'd2_capacity'}
test,pred_error,hetero,high,ff_only_cheap,1009,175,157,18,0.8971428571428571,0.9708376935624455,0.29560855975207845,30,0.6773199373046302,0.47099009512959084,16154.232861328188,61.90328,124.282,"{'alpha': 0, 'beta': 0, 'gamma': 1}"
test,pred_error,hetero,low,binpack,1000,61,61,0,1.0,0.4572548239530843,0.13568067417732133,15,0.32157414977576304,0.2005071319053121,14340.813909366996,69.73104918032787,86.793,{}
test,pred_error,hetero,low,spread,1000,61,61,0,1.0,0.4063804507555927,0.0853878118710944,30,0.3209926388844983,0.0,11847.036502661602,84.40929508196722,93.786,{}
test,pred_error,hetero,low,tetris,1000,61,61,0,1.0,0.3996182726319881,0.1494112535136453,30,0.25020701911834287,0.007387042880014182,12103.991142259598,82.61737704918033,95.909,{}
test,pred_error,hetero,low,hybrid,1000,61,61,0,1.0,0.3928631229605329,0.15021038669468878,28,0.2426527362658441,0.006121693190672232,9430.582947619914,106.03798360655738,121.467,"{'family': 'hybrid', 'alpha': 0.1}"
test,pred_error,hetero,low,balance,1000,61,61,0,1.0,0.37412868670054866,0.14725166436661488,14,0.22943038554321907,0.04669772083324244,11969.10871149013,83.54840983606557,108.032,"{'family': 'balance', 'lam': 0.8}"
test,pred_error,hetero,low,wmatch,1000,61,61,0,1.0,0.4572548239530843,0.13568067417732133,15,0.32157414977576304,0.2005071319053121,8762.359775310111,114.12450819672131,149.449,"{'family': 'wmatch', 'lam': 0.8}"
test,pred_error,hetero,low,d1_cheap,1000,61,61,0,1.0,0.39159618942612034,0.14868863185554124,25,0.24546092077986448,0.008652392569356132,7158.903481316084,139.6861967213115,169.838,"{'family': 'd_cheap', 'alpha': 0.0, 'beta': 0.8, 'gamma': 0.2}"
test,pred_error,hetero,low,d1_cheap_nomad_ff,1000,61,61,0,1.0,0.4568237730878072,0.13535192304947327,15,0.3214718500383339,0.2005071319053121,9530.582859199856,104.92537704918033,131.236,{'derived_from': 'd1_cheap'}
test,pred_error,hetero,low,d2_capacity,1000,61,61,0,1.0,0.39159618942612034,0.14868863185554124,25,0.24546092077986448,0.008652392569356132,5180.757477701511,193.02196721311475,222.847,"{'family': 'd_capacity', 'alpha': 0.0, 'beta': 0.8, 'gamma': 0.2}"
test,pred_error,hetero,low,d2_capacity_nomad_ff,1000,61,61,0,1.0,0.45716299815788297,0.1366458585325628,15,0.32051713962532014,0.20177248159465405,6739.248743903466,148.38449180327868,189.334,{'derived_from': 'd2_capacity'}
test,pred_error,hetero,low,ff_only_cheap,1000,61,61,0,1.0,0.4568237730878072,0.13535192304947327,15,0.3214718500383339,0.2005071319053121,9680.314746705835,103.3024262295082,124.944,"{'alpha': 0, 'beta': 0, 'gamma': 1}"
test,pred_error,hetero,low,binpack,1001,64,64,0,1.0,0.44719770227647493,0.15340068708115417,15,0.29497848749948286,0.15097700350580812,14340.949348439135,69.730390625,87.574,{}
test,pred_error,hetero,low,spread,1001,64,64,0,1.0,0.3925098597641044,0.09443139463964592,30,0.29807846512445846,0.0,11663.329253597954,85.7388125,96.189,{}
test,pred_error,hetero,low,tetris,1001,64,64,0,1.0,0.3948140779426523,0.14827549779349297,30,0.24653858014915928,0.0,11511.400063240753,86.87040625,101.93,{}
test,pred_error,hetero,low,hybrid,1001,64,64,0,1.0,0.3864718113180601,0.1488755460844658,26,0.2375962652335943,0.007089412475334964,9322.308926169062,107.2695625,122.099,"{'family': 'hybrid', 'alpha': 0.1}"
test,pred_error,hetero,low,balance,1001,64,64,0,1.0,0.3721564223949862,0.14993725326716265,14,0.22221916912782358,0.06082086229049671,11976.980243971087,83.4935,100.347,"{'family': 'balance', 'lam': 0.8}"
test,pred_error,hetero,low,wmatch,1001,64,64,0,1.0,0.4486485838513482,0.15196288818678483,15,0.29668569566456343,0.15097700350580812,8629.92753692564,115.875828125,142.797,"{'family': 'wmatch', 'lam': 0.8}"
test,pred_error,hetero,low,d1_cheap,1001,64,64,0,1.0,0.38832329217778655,0.15202117519067512,24,0.23630211698711145,0.0024229731803601796,7289.945627257107,137.175234375,161.262,"{'family': 'd_cheap', 'alpha': 0.0, 'beta': 0.8, 'gamma': 0.2}"
test,pred_error,hetero,low,d1_cheap_nomad_ff,1001,64,64,0,1.0,0.44719770227647493,0.15340068708115417,15,0.29497848749948286,0.15097700350580812,9546.063785008324,104.75521875,135.464,{'derived_from': 'd1_cheap'}
test,pred_error,hetero,low,d2_capacity,1001,64,64,0,1.0,0.38591070275145556,0.15188295617874378,24,0.2340277465727118,0.0024229731803601796,5204.341136104417,192.14728125,223.949,"{'family': 'd_capacity', 'alpha': 0.0, 'beta': 0.8, 'gamma': 0.2}"
test,pred_error,hetero,low,d2_capacity_nomad_ff,1001,64,64,0,1.0,0.4476410879450062,0.15288598912938853,15,0.2947550988156176,0.15097700350580812,6638.938724151578,150.626484375,197.42,{'derived_from': 'd2_capacity'}
test,pred_error,hetero,low,ff_only_cheap,1001,64,64,0,1.0,0.44719770227647493,0.15340068708115417,15,0.29497848749948286,0.15097700350580812,9411.406242026958,106.254046875,133.189,"{'alpha': 0, 'beta': 0, 'gamma': 1}"
test,pred_error,hetero,low,binpack,1002,67,67,0,1.0,0.4516878357763713,0.15291628331217655,15,0.2987715524641947,0.1234676287872805,14417.426235498115,69.36050746268657,92.943,{}
test,pred_error,hetero,low,spread,1002,67,67,0,1.0,0.39179229315864617,0.10730139098837212,30,0.28449090217027406,0.0,11737.866462322674,85.19435820895522,103.414,{}
test,pred_error,hetero,low,tetris,1002,67,67,0,1.0,0.38741047029132497,0.15247265427781775,28,0.2349378160135072,0.0,11617.644253861134,86.07597014925373,102.432,{}
test,pred_error,hetero,low,hybrid,1002,67,67,0,1.0,0.39351655284800013,0.16432297828969844,25,0.2291935745583017,0.006832445982026296,9214.111893699404,108.52917910447762,124.713,"{'family': 'hybrid', 'alpha': 0.1}"
test,pred_error,hetero,low,balance,1002,67,67,0,1.0,0.3990741786172799,0.16674720293589698,13,0.2323269756813829,0.07300887963745152,12192.523217202886,82.0174776119403,104.506,"{'family': 'balance', 'lam': 0.8}"
test,pred_error,hetero,low,wmatch,1002,67,67,0,1.0,0.4495256950224189,0.1520604138147923,15,0.29746528120762666,0.12699914437072835,8672.742850715042,115.30377611940298,144.049,"{'family': 'wmatch', 'lam': 0.8}"
test,pred_error,hetero,low,d1_cheap,1002,67,67,0,1.0,0.3952827786739919,0.16457559982009987,21,0.23070717885389205,0.013530076014773598,7127.51020005219,140.30144776119403,161.583,"{'family': 'd_cheap', 'alpha': 0.0, 'beta': 0.8, 'gamma': 0.2}"
test,pred_error,hetero,low,d1_cheap_nomad_ff,1002,67,67,0,1.0,0.4516878357763713,0.15291628331217655,15,0.2987715524641947,0.1234676287872805,9623.610537365177,103.91110447761194,127.859,{'derived_from': 'd1_cheap'}
test,pred_error,hetero,low,d2_capacity,1002,67,67,0,1.0,0.38948307586985925,0.16319947729070433,22,0.22628359857915498,0.01064368135948079,5032.405310224128,198.7121343283582,233.617,"{'family': 'd_capacity', 'alpha': 0.0, 'beta': 0.8, 'gamma': 0.2}"
test,pred_error,hetero,low,d2_capacity_nomad_ff,1002,67,67,0,1.0,0.45119835848370543,0.1538173604691471,15,0.29738099801455836,0.11698222318838292,6629.94206519133,150.83088059701493,189.585,{'derived_from': 'd2_capacity'}
test,pred_error,hetero,low,ff_only_cheap,1002,67,67,0,1.0,0.4516878357763713,0.15291628331217655,15,0.2987715524641947,0.1234676287872805,9611.730557656827,104.03953731343285,125.886,"{'alpha': 0, 'beta': 0, 'gamma': 1}"
test,pred_error,hetero,low,binpack,1003,65,65,0,1.0,0.4601638232964916,0.14214807436482818,15,0.31801574893166334,0.12940767900207886,14550.651264764992,68.72544615384615,88.997,{}
test,pred_error,hetero,low,spread,1003,65,65,0,1.0,0.39095619651034774,0.09259690305479215,30,0.2983592934555556,0.0,11691.389759098014,85.53303076923076,103.775,{}
test,pred_error,hetero,low,tetris,1003,65,65,0,1.0,0.40268782758577254,0.15932558295027316,30,0.24336224463549938,0.0025454197135510327,11951.934834373764,83.66846153846153,96.881,{}
test,pred_error,hetero,low,hybrid,1003,65,65,0,1.0,0.408489096185522,0.16087704226877822,30,0.2476120539167438,0.012868637600077556,9327.939201353325,107.20481538461539,127.318,"{'family': 'hybrid', 'alpha': 0.1}"
test,pred_error,hetero,low,balance,1003,65,65,0,1.0,0.4185763626932734,0.15193267199997681,14,0.2666436906932966,0.0560981867148569,12564.720391478026,79.58792307692308,101.149,"{'family': 'balance', 'lam': 0.8}"
test,pred_error,hetero,low,wmatch,1003,65,65,0,1.0,0.46022294038937683,0.1436939430911975,15,0.3165289972981793,0.1134526104250155,8909.068156701464,112.24518461538462,142.547,"{'family': 'wmatch', 'lam': 0.8}"
test,pred_error,hetero,low,d1_cheap,1003,65,65,0,1.0,0.4047522687966347,0.16038430499353218,26,0.2443679638031025,0.009190301826285345,7133.803483908169,140.17767692307692,160.871,"{'family': 'd_cheap', 'alpha': 0.0, 'beta': 0.8, 'gamma': 0.2}"
test,pred_error,hetero,low,d1_cheap_nomad_ff,1003,65,65,0,1.0,0.4513874290372069,0.14991503529826525,15,0.3014723937389417,0.06416805506987379,9586.831174723095,104.30975384615385,128.24,{'derived_from': 'd1_cheap'}
test,pred_error,hetero,low,d2_capacity,1003,65,65,0,1.0,0.4047522687966347,0.16038430499353218,26,0.2443679638031025,0.009190301826285345,5070.454748804601,197.22096923076924,221.835,"{'family': 'd_capacity', 'alpha': 0.0, 'beta': 0.8, 'gamma': 0.2}"
test,pred_error,hetero,low,d2_capacity_nomad_ff,1003,65,65,0,1.0,0.4531823931104071,0.14754516759727698,15,0.3056372255131301,0.08258649750030202,6561.108855659844,152.41326153846154,193.983,{'derived_from': 'd2_capacity'}
test,pred_error,hetero,low,ff_only_cheap,1003,65,65,0,1.0,0.4513874290372069,0.14991503529826525,15,0.3014723937389417,0.06416805506987379,9578.552530403062,104.39990769230769,128.16,"{'alpha': 0, 'beta': 0, 'gamma': 1}"
test,pred_error,hetero,low,binpack,1004,69,69,0,1.0,0.4511605286759195,0.1254628312758538,14,0.32569769740006566,0.15785763054532537,14610.574201918558,68.44357971014493,85.71,{}
test,pred_error,hetero,low,spread,1004,69,69,0,1.0,0.39294548318581957,0.09783788170150523,30,0.29510760148431436,0.0,11712.474039471037,85.37905797101449,101.851,{}
test,pred_error,hetero,low,tetris,1004,69,69,0,1.0,0.39317127036001176,0.1386365145534745,30,0.2545347558065372,0.0028779275747628573,11705.66661141818,85.42871014492754,101.009,{}
test,pred_error,hetero,low,hybrid,1004,69,69,0,1.0,0.39277647207637406,0.1376123823790167,28,0.2551640896973573,0.0,9136.717873777168,109.44849275362319,127.239,"{'family': 'hybrid', 'alpha': 0.1}"
test,pred_error,hetero,low,balance,1004,69,69,0,1.0,0.39625559250152503,0.14368766625403392,15,0.2525679262474911,0.057627190455314864,12216.173150975967,81.85869565217392,100.929,"{'family': 'balance', 'lam': 0.8}"
test,pred_error,hetero,low,wmatch,1004,69,69,0,1.0,0.4511605286759195,0.1254628312758538,14,0.32569769740006566,0.15785763054532537,8897.050679276925,112.39679710144928,145.542,"{'family': 'wmatch', 'lam': 0.8}"
test,pred_error,hetero,low,d1_cheap,1004,69,69,0,1.0,0.3883397481668113,0.14258197280237062,22,0.24575777536444068,0.0035266067776230344,7026.579615831433,142.31675362318842,159.569,"{'family': 'd_cheap', 'alpha': 0.0, 'beta': 0.8, 'gamma': 0.2}"
test,pred_error,hetero,low,d1_cheap_nomad_ff,1004,69,69,0,1.0,0.4512222795965074,0.12386723661318902,14,0.32735504298331836,0.1818294162248779,9632.729165767962,103.81273913043478,134.141,{'derived_from': 'd1_cheap'}
test,pred_error,hetero,low,d2_capacity,1004,69,69,0,1.0,0.3892548038302247,0.14206282570260795,23,0.24719197812761676,0.0035266067776230344,4929.067504008082,202.87813043478263,222.947,"{'family': 'd_capacity', 'alpha': 0.0, 'beta': 0.8, 'gamma': 0.2}"
test,pred_error,hetero,low,d2_capacity_nomad_ff,1004,69,69,0,1.0,0.45299511470396936,0.12206801314420969,14,0.3309271015597597,0.1941713721892744,6515.865613388008,153.4715507246377,201.287,{'derived_from': 'd2_capacity'}
test,pred_error,hetero,low,ff_only_cheap,1004,69,69,0,1.0,0.4512222795965074,0.12386723661318902,14,0.32735504298331836,0.1818294162248779,9487.2590236208,105.40452173913043,140.884,"{'alpha': 0, 'beta': 0, 'gamma': 1}"
test,pred_error,hetero,low,binpack,1005,64,64,0,1.0,0.4760798682294331,0.13601085966320514,15,0.340069008566228,0.14157781409904646,14406.905950367309,69.41115625,92.072,{}
test,pred_error,hetero,low,spread,1005,64,64,0,1.0,0.3914705862343203,0.10199897668281868,30,0.2894716095515016,0.0,11708.832795855218,85.405609375,101.591,{}
test,pred_error,hetero,low,tetris,1005,64,64,0,1.0,0.3742174066781199,0.1416513576404109,28,0.232566049037709,0.0,11458.17033787638,87.27396875,105.979,{}
test,pred_error,hetero,low,hybrid,1005,64,64,0,1.0,0.3630808047215518,0.14579307841673877,25,0.217287726304813,0.003661299820363739,9145.881816629357,109.338828125,126.978,"{'family': 'hybrid', 'alpha': 0.1}"
test,pred_error,hetero,low,balance,1005,64,64,0,1.0,0.37023440457806556,0.15908304098317666,12,0.21115136359488898,0.08242670312408948,12153.73948725272,82.279203125,101.069,"{'family': 'balance', 'lam': 0.8}"
test,pred_error,hetero,low,wmatch,1005,64,64,0,1.0,0.4760798682294331,0.13601085966320514,15,0.340069008566228,0.14157781409904646,8800.45773380788,113.630453125,143.438,"{'family': 'wmatch', 'lam': 0.8}"
test,pred_error,hetero,low,d1_cheap,1005,64,64,0,1.0,0.362334035288232,0.15059895315733143,20,0.2117350821309006,0.0015663261285146855,7139.276349563065,140.07021875,162.594,"{'family': 'd_cheap', 'alpha': 0.0, 'beta': 0.8, 'gamma': 0.2}"
test,pred_error,hetero,low,d1_cheap_nomad_ff,1005,64,64,0,1.0,0.4760798682294331,0.13601085966320514,15,0.340069008566228,0.14157781409904646,9663.633091178794,103.48075,133.67,{'derived_from': 'd1_cheap'}
test,pred_error,hetero,low,d2_capacity,1005,64,64,0,1.0,0.36207430482313946,0.14847658144548054,21,0.2135977233776589,0.005711572425671412,5072.606837224089,197.137296875,222.566,"{'family': 'd_capacity', 'alpha': 0.0, 'beta': 0.8, 'gamma': 0.2}"
test,pred_error,hetero,low,d2_capacity_nomad_ff,1005,64,64,0,1.0,0.47200505481513244,0.1371788943198701,15,0.3348261604952623,0.14421461420654044,6716.515102556463,148.886734375,199.333,{'derived_from': 'd2_capacity'}
test,pred_error,hetero,low,ff_only_cheap,1005,64,64,0,1.0,0.4760798682294331,0.13601085966320514,15,0.340069008566228,0.14157781409904646,9566.867545971414,104.527421875,129.973,"{'alpha': 0, 'beta': 0, 'gamma': 1}"
test,pred_error,hetero,low,binpack,1006,66,66,0,1.0,0.4592191104773221,0.14852194497905996,15,0.31069716549826215,0.17570120453941807,14560.170345168694,68.68051515151515,92.082,{}
test,pred_error,hetero,low,spread,1006,66,66,0,1.0,0.39703606475750525,0.10070741090898859,30,0.29632865384851664,0.0,11572.663615107236,86.4105303030303,105.938,{}
test,pred_error,hetero,low,tetris,1006,66,66,0,1.0,0.38111989470988133,0.15146303310331324,28,0.2296568616065681,0.0017541059189592747,11536.267227492393,86.68315151515152,101.179,{}
test,pred_error,hetero,low,hybrid,1006,66,66,0,1.0,0.3821393955087781,0.16013295260608468,26,0.22200644290269347,0.011884105021248093,9168.474893659582,109.06939393939393,130.594,"{'family': 'hybrid', 'alpha': 0.1}"
test,pred_error,hetero,low,balance,1006,66,66,0,1.0,0.3857065565800172,0.16092271822661203,13,0.22478383835340518,0.06633630827709998,12058.377896043263,82.92989393939393,111.108,"{'family': 'balance', 'lam': 0.8}"
test,pred_error,hetero,low,wmatch,1006,66,66,0,1.0,0.4593560270965994,0.14652515318226478,15,0.3128308739143346,0.17976125161545373,8884.356371456555,112.55739393939393,144.56,"{'family': 'wmatch', 'lam': 0.8}"
test,pred_error,hetero,low,d1_cheap,1006,66,66,0,1.0,0.3718561240491667,0.16092011203945897,20,0.21093601200970774,0.007309036335918293,7178.180159488286,139.31107575757574,161.241,"{'family': 'd_cheap', 'alpha': 0.0, 'beta': 0.8, 'gamma': 0.2}"
test,pred_error,hetero,low,d1_cheap_nomad_ff,1006,66,66,0,1.0,0.4592191104773221,0.14852194497905996,15,0.31069716549826215,0.17570120453941807,9758.222300288,102.47768181818182,129.342,{'derived_from': 'd1_cheap'}
test,pred_error,hetero,low,d2_capacity,1006,66,66,0,1.0,0.3718547590704268,0.1613575384575062,20,0.2104972206129206,0.010774330817304606,5149.821574287971,194.18148484848487,231.062,"{'family': 'd_capacity', 'alpha': 0.0, 'beta': 0.8, 'gamma': 0.2}"
test,pred_error,hetero,low,d2_capacity_nomad_ff,1006,66,66,0,1.0,0.45917985699086916,0.14659165136116276,15,0.3125882056297064,0.17570120453941807,6810.722388557491,146.82730303030303,188.162,{'derived_from': 'd2_capacity'}
test,pred_error,hetero,low,ff_only_cheap,1006,66,66,0,1.0,0.4592191104773221,0.14852194497905996,15,0.31069716549826215,0.17570120453941807,9692.382859109026,103.17380303030302,127.558,"{'alpha': 0, 'beta': 0, 'gamma': 1}"
test,pred_error,hetero,low,binpack,1007,67,67,0,1.0,0.4709484172323875,0.1586050760168623,15,0.31234334121552526,0.13567804500402614,14705.74678635535,68.00062686567165,89.407,{}
test,pred_error,hetero,low,spread,1007,67,67,0,1.0,0.39963118915920665,0.10836571485530716,30,0.2912654743038995,0.0,11767.311427517137,84.98117910447762,96.26,{}
test,pred_error,hetero,low,tetris,1007,67,67,0,1.0,0.3743377211272653,0.17028264123917472,27,0.20405507988809063,0.0010539652573314609,11848.054186987407,84.40204477611941,97.252,{}
test,pred_error,hetero,low,hybrid,1007,67,67,0,1.0,0.3783327168451104,0.18120793065077534,25,0.19712478619433502,0.00814904133316921,9343.733792282663,107.02359701492537,128.901,"{'family': 'hybrid', 'alpha': 0.1}"
test,pred_error,hetero,low,balance,1007,67,67,0,1.0,0.37584575115734814,0.18424125854588086,13,0.19160449261146734,0.06098994602160246,12149.487291636293,82.308,100.378,"{'family': 'balance', 'lam': 0.8}"
test,pred_error,hetero,low,wmatch,1007,67,67,0,1.0,0.47186050891560494,0.15797695404990478,15,0.31388355486570013,0.13567804500402614,8973.258350822258,111.44223880597015,146.895,"{'family': 'wmatch', 'lam': 0.8}"
test,pred_error,hetero,low,d1_cheap,1007,67,67,0,1.0,0.3754355135250485,0.18329197751858217,21,0.19214353600646633,0.006652491293640057,7444.614016208147,134.3252985074627,167.584,"{'family': 'd_cheap', 'alpha': 0.0, 'beta': 0.8, 'gamma': 0.2}"
test,pred_error,hetero,low,d1_cheap_nomad_ff,1007,67,67,0,1.0,0.45557988671572214,0.17126025407543485,15,0.2843196326402873,0.06537646203330517,9905.046088770798,100.95864179104478,125.275,{'derived_from': 'd1_cheap'}
test,pred_error,hetero,low,d2_capacity,1007,67,67,0,1.0,0.3723308744077186,0.17766648641244695,21,0.1946643879952716,0.003979791178215802,5459.743841857135,183.158776119403,220.362,"{'family': 'd_capacity', 'alpha': 0.0, 'beta': 0.8, 'gamma': 0.2}"
test,pred_error,hetero,low,d2_capacity_nomad_ff,1007,67,67,0,1.0,0.4709334847705502,0.14964164077434025,15,0.3212918439962099,0.10964098942881563,7234.603952944408,138.22456716417912,182.101,{'derived_from': 'd2_capacity'}
test,pred_error,hetero,low,ff_only_cheap,1007,67,67,0,1.0,0.45557988671572214,0.17126025407543485,15,0.2843196326402873,0.06537646203330517,9942.259216659784,100.58076119402985,124.884,"{'alpha': 0, 'beta': 0, 'gamma': 1}"
test,pred_error,hetero,low,binpack,1008,64,64,0,1.0,0.4655158929478854,0.12571027098528967,15,0.3398056219625957,0.20204765018534357,14591.344323351486,68.53378125,89.447,{}
test,pred_error,hetero,low,spread,1008,64,64,0,1.0,0.3938696032087139,0.09667813000359415,30,0.2971914732051197,0.0,11658.584899181476,85.773703125,102.652,{}
test,pred_error,hetero,low,tetris,1008,64,64,0,1.0,0.3847463749666694,0.14184879366446781,29,0.24289758130220163,0.003070640413872343,11545.99835541686,86.61009375,98.955,{}
test,pred_error,hetero,low,hybrid,1008,64,64,0,1.0,0.3768731091018166,0.14342801637087269,26,0.2334450927309439,0.005024907797314227,9242.260292953657,108.198640625,126.677,"{'family': 'hybrid', 'alpha': 0.1}"
test,pred_error,hetero,low,balance,1008,64,64,0,1.0,0.3765395530884835,0.14799252802503265,13,0.22854702506345087,0.060547936058382205,11875.279138641472,84.208546875,108.443,"{'family': 'balance', 'lam': 0.8}"
test,pred_error,hetero,low,wmatch,1008,64,64,0,1.0,0.4655158929478854,0.12571027098528967,15,0.3398056219625957,0.20204765018534357,8867.445681006666,112.772046875,143.308,"{'family': 'wmatch', 'lam': 0.8}"
test,pred_error,hetero,low,d1_cheap,1008,64,64,0,1.0,0.3708731790814808,0.1480971005220538,22,0.222776078559427,0.015057220404520535,7080.637620268502,141.23021875,169.236,"{'family': 'd_cheap', 'alpha': 0.0, 'beta': 0.8, 'gamma': 0.2}"
test,pred_error,hetero,low,d1_cheap_nomad_ff,1008,64,64,0,1.0,0.46497499403009596,0.12513929176304692,15,0.339835702267049,0.20335049510763814,9663.758579983154,103.47940625,131.636,{'derived_from': 'd1_cheap'}
test,pred_error,hetero,low,d2_capacity,1008,64,64,0,1.0,0.37209171135006003,0.14896490137396615,22,0.22312680997609388,0.013102953021078651,5134.213968688034,194.77178125,225.623,"{'family': 'd_capacity', 'alpha': 0.0, 'beta': 0.8, 'gamma': 0.2}"
test,pred_error,hetero,low,d2_capacity_nomad_ff,1008,64,64,0,1.0,0.4646840878127071,0.12509093929859105,15,0.33959314851411604,0.20204765018534357,6717.358230941726,148.868046875,197.058,{'derived_from': 'd2_capacity'}
test,pred_error,hetero,low,ff_only_cheap,1008,64,64,0,1.0,0.46497499403009596,0.12513929176304692,15,0.339835702267049,0.20335049510763814,9674.767571267514,103.36165625,130.104,"{'alpha': 0, 'beta': 0, 'gamma': 1}"
test,pred_error,hetero,low,binpack,1009,63,63,0,1.0,0.461209287964741,0.16885763805122705,15,0.30031727114826795,0.15418603752384172,14952.07858812506,66.88033333333333,91.22,{}
test,pred_error,hetero,low,spread,1009,63,63,0,1.0,0.38583930004071926,0.0984584208129275,30,0.28738087922779176,0.0,11700.331119370678,85.46766666666667,99.797,{}
test,pred_error,hetero,low,tetris,1009,63,63,0,1.0,0.3910692623311114,0.15974684521431323,30,0.23154782969502166,0.001213327565382128,11742.079082343473,85.16379365079365,96.54,{}
test,pred_error,hetero,low,hybrid,1009,63,63,0,1.0,0.4028674207036441,0.16282450184461753,29,0.24004291885902662,0.00804992561493867,9445.998202861358,105.8649365079365,124.343,"{'family': 'hybrid', 'alpha': 0.1}"
test,pred_error,hetero,low,balance,1009,63,63,0,1.0,0.4203097906432975,0.16740980395591964,14,0.2528999866873779,0.07503395985164979,12384.290429302411,80.74746031746031,95.789,"{'family': 'balance', 'lam': 0.8}"
test,pred_error,hetero,low,wmatch,1009,63,63,0,1.0,0.461209287964741,0.16885763805122705,15,0.30031727114826795,0.15418603752384172,9107.133719032494,109.80403174603174,141.785,"{'family': 'wmatch', 'lam': 0.8}"
test,pred_error,hetero,low,d1_cheap,1009,63,63,0,1.0,0.40344416024430196,0.1677646133495287,24,0.23567954689477327,0.019640377244618944,7319.893157445208,136.6140158730159,159.349,"{'family': 'd_cheap', 'alpha': 0.0, 'beta': 0.8, 'gamma': 0.2}"
test,pred_error,hetero,low,d1_cheap_nomad_ff,1009,63,63,0,1.0,0.46124305387139564,0.1687815675440984,15,0.3004271075620513,0.15418603752384172,9758.770927722979,102.47192063492064,131.035,{'derived_from': 'd1_cheap'}
test,pred_error,hetero,low,d2_capacity,1009,63,63,0,1.0,0.4038572140262845,0.16745725386223423,24,0.23639996016405024,0.020327403095099995,5125.980323395658,195.0846349206349,221.895,"{'family': 'd_capacity', 'alpha': 0.0, 'beta': 0.8, 'gamma': 0.2}"
test,pred_error,hetero,low,d2_capacity_nomad_ff,1009,63,63,0,1.0,0.46124305387139564,0.1687815675440984,15,0.3004271075620513,0.15418603752384172,6705.766608028463,149.12538095238094,192.791,{'derived_from': 'd2_capacity'}
test,pred_error,hetero,low,ff_only_cheap,1009,63,63,0,1.0,0.46124305387139564,0.1687815675440984,15,0.3004271075620513,0.15418603752384172,9831.092468446876,101.71809523809523,127.218,"{'alpha': 0, 'beta': 0, 'gamma': 1}"
test,pred_error,hetero,med,binpack,1000,114,114,0,1.0,0.798562875755487,0.20324503352360324,25,0.5953178422318838,0.4054888325560559,18271.778276778976,54.72921052631579,84.468,{}
test,pred_error,hetero,med,spread,1000,114,114,0,1.0,0.7514408816190776,0.16323742626968968,30,0.588203455349388,0.09089345127404945,12751.924617780636,78.4195350877193,97.954,{}
test,pred_error,hetero,med,tetris,1000,114,114,0,1.0,0.7453607444467462,0.2314664050613584,30,0.5138943393853878,0.0441696573551174,12641.9348281645,79.10181578947368,95.869,{}
test,pred_error,hetero,med,hybrid,1000,114,114,0,1.0,0.7438026391124173,0.22835508209071462,30,0.5154475570217028,0.024177898717675277,9929.337953552995,100.71164912280702,128.05,"{'family': 'hybrid', 'alpha': 0.1}"
test,pred_error,hetero,med,balance,1000,114,114,0,1.0,0.7339690692445543,0.20644081675492956,30,0.5275282524896246,0.15745624234389102,13602.664499467885,73.51500877192983,100.268,"{'family': 'balance', 'lam': 0.8}"
test,pred_error,hetero,med,wmatch,1000,114,114,0,1.0,0.7983257160991831,0.20400595284001816,25,0.5943197632591649,0.4054888325560559,11012.379653527352,90.80689473684211,142.667,"{'family': 'wmatch', 'lam': 0.8}"
test,pred_error,hetero,med,d1_cheap,1000,114,114,0,1.0,0.7412252631255931,0.22000495755160357,30,0.5212203055739896,0.04534863097032566,7611.947713130529,131.37242105263158,154.76,"{'family': 'd_cheap', 'alpha': 0.0, 'beta': 0.8, 'gamma': 0.2}"
test,pred_error,hetero,med,d1_cheap_nomad_ff,1000,114,114,0,1.0,0.7958098280518994,0.2159000979533312,25,0.5799097300985683,0.375230145688695,11743.417453973529,85.15408771929825,129.963,{'derived_from': 'd1_cheap'}
test,pred_error,hetero,med,d2_capacity,1000,114,114,0,1.0,0.7431559275799162,0.22045367028175575,30,0.5227022572981606,0.02212550789875198,5333.197352394992,187.50478070175438,225.432,"{'family': 'd_capacity', 'alpha': 0.0, 'beta': 0.8, 'gamma': 0.2}"
test,pred_error,hetero,med,d2_capacity_nomad_ff,1000,114,114,0,1.0,0.7948746340210048,0.21814622179591436,26,0.5767284122250904,0.3286174258552868,8099.349174665662,123.46671052631578,192.24,{'derived_from': 'd2_capacity'}
test,pred_error,hetero,med,ff_only_cheap,1000,114,114,0,1.0,0.7958098280518994,0.2159000979533312,25,0.5799097300985683,0.375230145688695,11798.168117065148,84.75892105263158,128.39,"{'alpha': 0, 'beta': 0, 'gamma': 1}"
test,pred_error,hetero,med,binpack,1001,120,120,0,1.0,0.7940006649815636,0.224278236800337,25,0.5697224281812265,0.350496909583105,18397.557417626853,54.355041666666665,84.618,{}
test,pred_error,hetero,med,spread,1001,120,120,0,1.0,0.7434918235526681,0.1820032612032348,30,0.5614885623494332,0.06172715950849997,12460.498920453523,80.25360833333333,98.745,{}
test,pred_error,hetero,med,tetris,1001,120,120,0,1.0,0.7468099556561183,0.24865922729430412,30,0.4981507283618142,0.04254490767189891,12561.33464180569,79.609375,97.403,{}
test,pred_error,hetero,med,hybrid,1001,120,120,0,1.0,0.7402944223880344,0.2449912243364606,30,0.4953031980515739,0.051277526155979414,10022.615195971777,99.77435833333334,125.765,"{'family': 'hybrid', 'alpha': 0.1}"
test,pred_error,hetero,med,balance,1001,120,120,0,1.0,0.7433443684262708,0.22795491700404677,29,0.515389451422224,0.14081435909294968,14173.22611445258,70.55556666666666,102.162,"{'family': 'balance', 'lam': 0.8}"
test,pred_error,hetero,med,wmatch,1001,120,120,0,1.0,0.7944097194661014,0.22243708060924489,25,0.5719726388568565,0.350496909583105,11248.896553553699,88.89760833333334,137.888,"{'family': 'wmatch', 'lam': 0.8}"
test,pred_error,hetero,med,d1_cheap,1001,120,120,0,1.0,0.7328463500530394,0.2387905079053124,30,0.4940558421477271,0.02277154499413664,7614.129133345864,131.33478333333332,159.959,"{'family': 'd_cheap', 'alpha': 0.0, 'beta': 0.8, 'gamma': 0.2}"
test,pred_error,hetero,med,d1_cheap_nomad_ff,1001,120,120,0,1.0,0.7934061694448121,0.22380069149467338,25,0.5696054779501387,0.35049690958310487,12008.377043825772,83.2752,127.749,{'derived_from': 'd1_cheap'}
test,pred_error,hetero,med,d2_capacity,1001,120,120,0,1.0,0.737190362033745,0.2399620380837567,30,0.4972283239499883,0.022722431390694967,5440.922620876104,183.79235833333334,230.602,"{'family': 'd_capacity', 'alpha': 0.0, 'beta': 0.8, 'gamma': 0.2}"
test,pred_error,hetero,med,d2_capacity_nomad_ff,1001,120,120,0,1.0,0.7912000036200811,0.22138517423700188,25,0.5698148293830791,0.344796451048407,8427.984870924358,118.65232499999999,191.158,{'derived_from': 'd2_capacity'}
test,pred_error,hetero,med,ff_only_cheap,1001,120,120,0,1.0,0.7934061694448121,0.22380069149467338,25,0.5696054779501387,0.35049690958310487,12169.444917137234,82.17301666666667,125.665,"{'alpha': 0, 'beta': 0, 'gamma': 1}"
test,pred_error,hetero,med,binpack,1002,126,126,0,1.0,0.7815008254243929,0.23879130122661987,24,0.5427095241977731,0.31411423966281293,18459.994042989223,54.17119841269841,85.641,{}
test,pred_error,hetero,med,spread,1002,126,126,0,1.0,0.7382144656075921,0.1953195222310617,30,0.5428949433765303,0.15731774376236982,12338.325099786203,81.04827777777778,99.335,{}
test,pred_error,hetero,med,tetris,1002,126,126,0,1.0,0.7480315812544699,0.27312291890609736,30,0.4749086623483726,0.0377891254706931,12556.247754698752,79.64162698412699,99.195,{}
test,pred_error,hetero,med,hybrid,1002,126,126,0,1.0,0.7482818285926688,0.2754324665980995,30,0.47284936199456934,0.05338257465517579,9701.773638217473,103.07393650793651,132.398,"{'family': 'hybrid', 'alpha': 0.1}"
test,pred_error,hetero,med,balance,1002,126,126,0,1.0,0.7611844801397895,0.23876913618390477,27,0.5224153439558846,0.1761973184554448,14930.861225110342,66.97537301587302,96.28,"{'family': 'balance', 'lam': 0.8}"
test,pred_error,hetero,med,wmatch,1002,126,126,0,1.0,0.7817396446618913,0.23747491675452917,24,0.5442647279073622,0.31411423966281293,11222.732767493835,89.10485714285714,141.926,"{'family': 'wmatch', 'lam': 0.8}"
test,pred_error,hetero,med,d1_cheap,1002,126,126,0,1.0,0.746786950224368,0.2674919500933396,30,0.47929500013102844,0.04174862642590673,7491.868201389741,133.47805555555556,158.998,"{'family': 'd_cheap', 'alpha': 0.0, 'beta': 0.8, 'gamma': 0.2}"
test,pred_error,hetero,med,d1_cheap_nomad_ff,1002,126,126,0,1.0,0.780880588908341,0.23546330036884802,25,0.545417288539493,0.3289343905555835,12210.786078075766,81.89480952380953,123.751,{'derived_from': 'd1_cheap'}
test,pred_error,hetero,med,d2_capacity,1002,126,126,0,1.0,0.7477045230111176,0.2666599535345007,30,0.4810445694766168,0.03847578596651378,5276.6609892307115,189.51378571428572,226.033,"{'family': 'd_capacity', 'alpha': 0.0, 'beta': 0.8, 'gamma': 0.2}"
test,pred_error,hetero,med,d2_capacity_nomad_ff,1002,126,126,0,1.0,0.7808871462713923,0.23293135023403816,25,0.5479557960373541,0.30345501540690395,8420.190494112816,118.76215873015873,188.403,{'derived_from': 'd2_capacity'}
test,pred_error,hetero,med,ff_only_cheap,1002,126,126,0,1.0,0.780880588908341,0.23546330036884802,25,0.545417288539493,0.3289343905555835,12195.215197638463,81.99937301587302,129.462,"{'alpha': 0, 'beta': 0, 'gamma': 1}"
test,pred_error,hetero,med,binpack,1003,122,122,0,1.0,0.7932007342527415,0.22057926315054058,25,0.572621471102201,0.31976669682697195,18562.168353389603,53.873016393442626,84.248,{}
test,pred_error,hetero,med,spread,1003,122,122,0,1.0,0.7411372127299157,0.17660035789872597,30,0.5645368548311898,0.14341659673360743,12398.123249336724,80.65736885245902,97.362,{}
test,pred_error,hetero,med,tetris,1003,122,122,0,1.0,0.7543123615014427,0.24596427192636341,30,0.5083480895750793,0.017710490332262976,12872.749181340634,77.68348360655737,95.168,{}
test,pred_error,hetero,med,hybrid,1003,122,122,0,1.0,0.7611563840831441,0.25243919580551605,30,0.5087171882776281,0.060532366763009916,10014.831801720778,99.85190163934426,124.422,"{'family': 'hybrid', 'alpha': 0.1}"
test,pred_error,hetero,med,balance,1003,122,122,0,1.0,0.7630731909674305,0.21783914605682,29,0.5452340449106106,0.1779990166942651,14590.71489958359,68.53673770491804,94.617,"{'family': 'balance', 'lam': 0.8}"
test,pred_error,hetero,med,wmatch,1003,122,122,0,1.0,0.7926460519868012,0.22050254435823022,25,0.5721435076285709,0.3465355140634556,11287.178764116838,88.59609836065574,137.717,"{'family': 'wmatch', 'lam': 0.8}"
test,pred_error,hetero,med,d1_cheap,1003,122,122,0,1.0,0.7564382473376804,0.24046434606727773,30,0.5159739012704028,0.02855978052079576,7688.2100605522155,130.0692868852459,159.959,"{'family': 'd_cheap', 'alpha': 0.0, 'beta': 0.8, 'gamma': 0.2}"
test,pred_error,hetero,med,d1_cheap_nomad_ff,1003,122,122,0,1.0,0.7946672723993196,0.21974831582656248,25,0.574918956572757,0.37615412973498397,11936.520410373658,83.77650819672131,129.222,{'derived_from': 'd1_cheap'}
test,pred_error,hetero,med,d2_capacity,1003,122,122,0,1.0,0.7594763287970197,0.2421124590758411,30,0.5173638697211785,0.04269390052586234,5436.75381946439,183.9332868852459,224.46,"{'family': 'd_capacity', 'alpha': 0.0, 'beta': 0.8, 'gamma': 0.2}"
test,pred_error,hetero,med,d2_capacity_nomad_ff,1003,122,122,0,1.0,0.7946790458454502,0.21965883935396435,25,0.5750202064914859,0.37615412973498397,8350.605511303811,119.75179508196722,187.721,{'derived_from': 'd2_capacity'}
test,pred_error,hetero,med,ff_only_cheap,1003,122,122,0,1.0,0.7946672723993196,0.21974831582656248,25,0.574918956572757,0.37615412973498397,12011.258684410774,83.25522131147541,126.447,"{'alpha': 0, 'beta': 0, 'gamma': 1}"
test,pred_error,hetero,med,binpack,1004,130,130,0,1.0,0.7810976645560069,0.22965955280486752,24,0.5514381117511393,0.3432395587964291,18323.03367421223,54.576115384615385,84.658,{}
test,pred_error,hetero,med,spread,1004,130,130,0,1.0,0.7432927931931091,0.18761773758420267,30,0.5556750556089064,0.09000883905840341,11989.593770428422,83.40566153846154,101.69,{}
test,pred_error,hetero,med,tetris,1004,130,130,0,1.0,0.7474588360880767,0.23913582402704947,30,0.5083230120610273,0.020462117595281756,12044.303766976445,83.02680000000001,103.544,{}
test,pred_error,hetero,med,hybrid,1004,130,130,0,1.0,0.7432136512978748,0.23946288156205237,30,0.5037507697358223,0.032290126475028914,9448.688641942163,105.8347923076923,127.038,"{'family': 'hybrid', 'alpha': 0.1}"
test,pred_error,hetero,med,balance,1004,130,130,0,1.0,0.7351245749805924,0.22483131238802298,27,0.5102932625925695,0.1818499724579475,14035.401384948631,71.2484076923077,98.093,"{'family': 'balance', 'lam': 0.8}"
test,pred_error,hetero,med,wmatch,1004,130,130,0,1.0,0.7815334915332995,0.22596072211537088,24,0.5555727694179287,0.3251504464792249,11197.39228237825,89.3065076923077,138.299,"{'family': 'wmatch', 'lam': 0.8}"
test,pred_error,hetero,med,d1_cheap,1004,130,130,0,1.0,0.7479693876977174,0.2374393428820912,30,0.5105300448156262,0.019895913375061462,7298.504979854162,137.01436153846151,164.708,"{'family': 'd_cheap', 'alpha': 0.0, 'beta': 0.8, 'gamma': 0.2}"
test,pred_error,hetero,med,d1_cheap_nomad_ff,1004,130,130,0,1.0,0.7843525480305674,0.22873986618168393,25,0.5556126818488836,0.3526479345096233,12051.796023537712,82.9751846153846,126.246,{'derived_from': 'd1_cheap'}
test,pred_error,hetero,med,d2_capacity,1004,130,130,0,1.0,0.7448059327023981,0.2384322963465685,30,0.5063736363558297,0.033520840518311126,5145.468326673909,194.3457692307692,227.094,"{'family': 'd_capacity', 'alpha': 0.0, 'beta': 0.8, 'gamma': 0.2}"
test,pred_error,hetero,med,d2_capacity_nomad_ff,1004,130,130,0,1.0,0.785062845458767,0.22322875762978142,25,0.5618340878289856,0.3514083353286078,8381.930260534893,119.30426153846153,186.77,{'derived_from': 'd2_capacity'}
test,pred_error,hetero,med,ff_only_cheap,1004,130,130,0,1.0,0.7843525480305674,0.22873986618168393,25,0.5556126818488836,0.3526479345096233,11978.396133300015,83.48363076923077,122.84,"{'alpha': 0, 'beta': 0, 'gamma': 1}"
test,pred_error,hetero,med,binpack,1005,121,121,0,1.0,0.7918530549063197,0.23647353143052405,25,0.5553795234757958,0.3288141167193533,18407.56602687444,54.32548760330579,84.648,{}
test,pred_error,hetero,med,spread,1005,121,121,0,1.0,0.7489088059490173,0.1953521331831153,30,0.5535566727659019,0.04595317811535499,12173.024758222098,82.14885123966943,103.534,{}
test,pred_error,hetero,med,tetris,1005,121,121,0,1.0,0.7327504309553405,0.24907429088307567,30,0.48367614007226484,0.01760109303419106,12535.112559613008,79.77590909090908,94.637,{}
test,pred_error,hetero,med,hybrid,1005,121,121,0,1.0,0.7383758580265779,0.2515905528187384,30,0.4867853052078395,0.040687896359458305,9714.483307105567,102.9390826446281,128.4,"{'family': 'hybrid', 'alpha': 0.1}"
test,pred_error,hetero,med,balance,1005,121,121,0,1.0,0.7271286559323316,0.25245659136084564,27,0.474672064571486,0.14998231281321947,14104.041903691306,70.90166115702479,98.835,"{'family': 'balance', 'lam': 0.8}"
test,pred_error,hetero,med,wmatch,1005,121,121,0,1.0,0.7918530549063197,0.23647353143052405,25,0.5553795234757958,0.3288141167193533,11144.950209244138,89.72673553719008,140.744,"{'family': 'wmatch', 'lam': 0.8}"
test,pred_error,hetero,med,d1_cheap,1005,121,121,0,1.0,0.7371437673916397,0.24923941001573366,30,0.487904357375906,0.0015663261285146855,7487.032120048433,133.56427272727274,161.392,"{'family': 'd_cheap', 'alpha': 0.0, 'beta': 0.8, 'gamma': 0.2}"
test,pred_error,hetero,med,d1_cheap_nomad_ff,1005,121,121,0,1.0,0.7924167654697105,0.23849168923482353,25,0.553925076234887,0.317029645155296,12164.663702845213,82.20531404958678,121.036,{'derived_from': 'd1_cheap'}
test,pred_error,hetero,med,d2_capacity,1005,121,121,0,1.0,0.7341994400161881,0.24947254802845353,30,0.4847268919877346,0.013210995075168666,5320.055412993703,187.96796694214873,224.621,"{'family': 'd_capacity', 'alpha': 0.0, 'beta': 0.8, 'gamma': 0.2}"
test,pred_error,hetero,med,d2_capacity_nomad_ff,1005,121,121,0,1.0,0.7919434057994181,0.24210169761319633,25,0.5498417081862218,0.3029790457737463,8609.679129355092,116.14834710743803,182.332,{'derived_from': 'd2_capacity'}
test,pred_error,hetero,med,ff_only_cheap,1005,121,121,0,1.0,0.7924167654697105,0.23849168923482353,25,0.553925076234887,0.317029645155296,12169.387413152312,82.17340495867768,123.491,"{'alpha': 0, 'beta': 0, 'gamma': 1}"
test,pred_error,hetero,med,binpack,1006,124,124,0,1.0,0.7788891439487294,0.2317600020219471,24,0.5471291419267824,0.34042584617743876,18335.307829117297,54.53958064516129,86.562,{}
test,pred_error,hetero,med,spread,1006,124,124,0,1.0,0.7471730840213194,0.1841033943765417,30,0.5630696896447777,0.11765823530399869,12182.719971044426,82.0834758064516,97.342,{}
test,pred_error,hetero,med,tetris,1006,124,124,0,1.0,0.7340024900164493,0.26098888892499245,30,0.4730136010914569,0.009306778161184937,12241.16718344465,81.69155645161291,95.198,{}
test,pred_error,hetero,med,hybrid,1006,124,124,0,1.0,0.7302616420297343,0.2574123909506209,30,0.4728492510791134,0.04268930468785,9523.889986781764,104.99911290322581,124.313,"{'family': 'hybrid', 'alpha': 0.1}"
test,pred_error,hetero,med,balance,1006,124,124,0,1.0,0.701051073565876,0.24081098534146014,25,0.46024008822441587,0.16491086628149731,14071.507999255118,71.06558870967743,96.46,"{'family': 'balance', 'lam': 0.8}"
test,pred_error,hetero,med,wmatch,1006,124,124,0,1.0,0.7801011720966565,0.23188296444138115,24,0.5482182076552753,0.3391371827474072,11066.869416474321,90.35979032258065,140.292,"{'family': 'wmatch', 'lam': 0.8}"
test,pred_error,hetero,med,d1_cheap,1006,124,124,0,1.0,0.7286997945506707,0.25418060845441387,30,0.4745191860962568,0.037562966068191324,7286.810262273457,137.23425806451613,160.22,"{'family': 'd_cheap', 'alpha': 0.0, 'beta': 0.8, 'gamma': 0.2}"
test,pred_error,hetero,med,d1_cheap_nomad_ff,1006,124,124,0,1.0,0.7786578980061688,0.23539187374687529,25,0.5432660242592936,0.3423588413224861,12022.878374041442,83.17475806451614,125.565,{'derived_from': 'd1_cheap'}
test,pred_error,hetero,med,d2_capacity,1006,124,124,0,1.0,0.7302054664882937,0.25840609905831025,30,0.47179936742998335,0.033246255404232754,5201.5825059705985,192.24918548387097,226.214,"{'family': 'd_capacity', 'alpha': 0.0, 'beta': 0.8, 'gamma': 0.2}"
test,pred_error,hetero,med,d2_capacity_nomad_ff,1006,124,124,0,1.0,0.7799611826357651,0.23448794070438683,24,0.5454732419313782,0.34042584617743876,8308.548954137948,120.35795967741934,193.962,{'derived_from': 'd2_capacity'}
test,pred_error,hetero,med,ff_only_cheap,1006,124,124,0,1.0,0.7786578980061688,0.23539187374687529,25,0.5432660242592936,0.3423588413224861,11951.57453319945,83.67098387096775,129.402,"{'alpha': 0, 'beta': 0, 'gamma': 1}"
test,pred_error,hetero,med,binpack,1007,125,125,0,1.0,0.781267050945798,0.280784384112109,25,0.5004826668336889,0.32260615797642356,18051.592027666014,55.396775999999996,84.919,{}
test,pred_error,hetero,med,spread,1007,125,125,0,1.0,0.7491818341254416,0.19903023375999068,30,0.550151600365451,0.12420987451623897,12412.358816865873,80.564864,94.767,{}
test,pred_error,hetero,med,tetris,1007,125,125,0,1.0,0.735920023248996,0.2897500422484763,30,0.44616998100051963,0.028741494236998406,12838.69504627682,77.88953599999999,95.108,{}
test,pred_error,hetero,med,hybrid,1007,125,125,0,1.0,0.735682870163536,0.291001078329481,30,0.444681791834055,0.037179569758212856,10133.29498354069,98.684584,121.177,"{'family': 'hybrid', 'alpha': 0.1}"
test,pred_error,hetero,med,balance,1007,125,125,0,1.0,0.7202771064897541,0.2674466356610604,26,0.4528304708286937,0.1324051068895789,14207.086585714309,70.387408,97.432,"{'family': 'balance', 'lam': 0.8}"
test,pred_error,hetero,med,wmatch,1007,125,125,0,1.0,0.781267050945798,0.280784384112109,25,0.5004826668336889,0.32260615797642356,10971.856310814255,91.14228,137.738,"{'family': 'wmatch', 'lam': 0.8}"
test,pred_error,hetero,med,d1_cheap,1007,125,125,0,1.0,0.7352185611380192,0.2855351005427223,30,0.4496834605952969,0.028114174449867104,7842.989622156133,127.5024,156.793,"{'family': 'd_cheap', 'alpha': 0.0, 'beta': 0.8, 'gamma': 0.2}"
test,pred_error,hetero,med,d1_cheap_nomad_ff,1007,125,125,0,1.0,0.7811575622390869,0.2802040995376418,25,0.500953462701445,0.3239225048164553,11824.724287633675,84.568568,124.603,{'derived_from': 'd1_cheap'}
test,pred_error,hetero,med,d2_capacity,1007,125,125,0,1.0,0.7327972143477167,0.2848229517585022,30,0.44797426258921463,0.029430521289898808,5632.223129035178,177.54978400000002,217.747,"{'family': 'd_capacity', 'alpha': 0.0, 'beta': 0.8, 'gamma': 0.2}"
test,pred_error,hetero,med,d2_capacity_nomad_ff,1007,125,125,0,1.0,0.7812098471158033,0.27810870136700244,25,0.5031011457488008,0.3239225048164553,8190.187421628097,122.09732799999999,188.613,{'derived_from': 'd2_capacity'}
test,pred_error,hetero,med,ff_only_cheap,1007,125,125,0,1.0,0.7811575622390869,0.2802040995376418,25,0.500953462701445,0.3239225048164553,11790.34057955089,84.815192,127.989,"{'alpha': 0, 'beta': 0, 'gamma': 1}"
test,pred_error,hetero,med,binpack,1008,120,120,0,1.0,0.7822584639929707,0.2238839080681535,25,0.5583745559248172,0.2376043743899288,18797.504819210295,53.198550000000004,85.22,{}
test,pred_error,hetero,med,spread,1008,120,120,0,1.0,0.751991865426245,0.18098492676064745,30,0.5710069386655975,0.06695686727615328,12452.451093776608,80.305475,92.052,{}
test,pred_error,hetero,med,tetris,1008,120,120,0,1.0,0.7350096755483325,0.24290046493317302,30,0.49210921061515944,0.009116300982686171,12603.543360180282,79.34276666666666,95.108,{}
test,pred_error,hetero,med,hybrid,1008,120,120,0,1.0,0.7376763364043194,0.24271762344031583,30,0.49495871296400357,0.011070568366128054,9932.109890519181,100.68354166666667,122.71,"{'family': 'hybrid', 'alpha': 0.1}"
test,pred_error,hetero,med,balance,1008,120,120,0,1.0,0.7246820107134718,0.22827634419826806,27,0.49640566651520374,0.16324226699255812,14372.102599086964,69.57924166666668,95.99,"{'family': 'balance', 'lam': 0.8}"
test,pred_error,hetero,med,wmatch,1008,120,120,0,1.0,0.7833839492635699,0.22500554807717968,25,0.5583784011863903,0.26804177987274674,11306.94424460991,88.441225,139.261,"{'family': 'wmatch', 'lam': 0.8}"
test,pred_error,hetero,med,d1_cheap,1008,120,120,0,1.0,0.7412724416958273,0.2368255320451425,30,0.5044469096506848,0.021567202074843177,7539.984064243679,132.626275,161.202,"{'family': 'd_cheap', 'alpha': 0.0, 'beta': 0.8, 'gamma': 0.2}"
test,pred_error,hetero,med,d1_cheap_nomad_ff,1008,120,120,0,1.0,0.7833839492635699,0.22500554807717968,25,0.5583784011863903,0.26804177987274674,12166.695900533205,82.19158333333333,130.154,{'derived_from': 'd1_cheap'}
test,pred_error,hetero,med,d2_capacity,1008,120,120,0,1.0,0.7407056608444154,0.23912314713013008,30,0.5015825137142852,0.028468259984090572,5283.649649293351,189.26311666666666,223.578,"{'family': 'd_capacity', 'alpha': 0.0, 'beta': 0.8, 'gamma': 0.2}"
test,pred_error,hetero,med,d2_capacity_nomad_ff,1008,120,120,0,1.0,0.7819230112278581,0.22586673911037236,25,0.5560562721174858,0.19560516200581932,8258.231598801896,121.0913,191.809,{'derived_from': 'd2_capacity'}
test,pred_error,hetero,med,ff_only_cheap,1008,120,120,0,1.0,0.7833839492635699,0.22500554807717968,25,0.5583784011863903,0.26804177987274674,12089.647151558236,82.71539999999999,126.477,"{'alpha': 0, 'beta': 0, 'gamma': 1}"
test,pred_error,hetero,med,binpack,1009,119,119,0,1.0,0.7927744600687638,0.2421448831460986,25,0.5506295769226652,0.26911732895312146,18989.4091756506,52.660932773109245,88.425,{}
test,pred_error,hetero,med,spread,1009,119,119,0,1.0,0.7354325311174876,0.19195518704284248,30,0.5434773440746452,0.043089893193007565,12152.316108905992,82.28884033613446,101.329,{}
test,pred_error,hetero,med,tetris,1009,119,119,0,1.0,0.7474658224501141,0.2619083094198374,30,0.4855575130302768,0.030474452949220014,12784.091519484888,78.22221848739495,97.623,{}
test,pred_error,hetero,med,hybrid,1009,119,119,0,1.0,0.7421680438464239,0.2625664313490083,30,0.4796016124974155,0.02562053751665745,10189.39865851001,98.14121848739497,118.982,"{'family': 'hybrid', 'alpha': 0.1}"
test,pred_error,hetero,med,balance,1009,119,119,0,1.0,0.7531153416268245,0.24912781719069335,30,0.5039875244361312,0.13854176560876277,13788.618850826377,72.52357983193278,94.887,"{'family': 'balance', 'lam': 0.8}"
test,pred_error,hetero,med,wmatch,1009,119,119,0,1.0,0.7927744600687638,0.2421448831460986,25,0.5506295769226652,0.26911732895312146,11511.853678341977,86.8669831932773,140.573,"{'family': 'wmatch', 'lam': 0.8}"
test,pred_error,hetero,med,d1_cheap,1009,119,119,0,1.0,0.7453282731806257,0.2600619719214428,30,0.48526630125918296,0.023855322219391843,7623.114256133308,131.17998319327734,159.398,"{'family': 'd_cheap', 'alpha': 0.0, 'beta': 0.8, 'gamma': 0.2}"
test,pred_error,hetero,med,d1_cheap_nomad_ff,1009,119,119,0,1.0,0.7890221688016602,0.24318302633616978,25,0.5458391424654905,0.27384731670679524,12464.670776097537,80.22674789915966,129.432,{'derived_from': 'd1_cheap'}
test,pred_error,hetero,med,d2_capacity,1009,119,119,0,1.0,0.7425733698381699,0.25797218643255543,30,0.48460118340561453,0.023855322219391843,5449.602511030293,183.4996218487395,222.046,"{'family': 'd_capacity', 'alpha': 0.0, 'beta': 0.8, 'gamma': 0.2}"
test,pred_error,hetero,med,d2_capacity_nomad_ff,1009,119,119,0,1.0,0.7889412684813129,0.24696042461975393,25,0.5419808438615589,0.27449401297593923,8643.40708871237,115.69511764705882,192.019,{'derived_from': 'd2_capacity'}
test,pred_error,hetero,med,ff_only_cheap,1009,119,119,0,1.0,0.7890221688016602,0.24318302633616978,25,0.5458391424654905,0.27384731670679524,12510.979961930874,79.92978991596638,126.417,"{'alpha': 0, 'beta': 0, 'gamma': 1}"
