split,family,cluster_config,load,policy,seed,submitted,placed,rejected,admission_rate,mean_cpu_util,mean_ram_util,active_nodes,free_imbalance,stranded_frac,decisions_per_sec,mean_latency_us,p95_latency_us,params
test,drift,homog,high,binpack,1000,253,190,63,0.7509881422924901,0.9324652777777778,0.3832291666666666,30,0.6635416666666667,0.39283854166666665,26580.29855663726,37.62184980237154,98.064,{}
test,drift,homog,high,spread,1000,253,210,43,0.8300395256916996,0.9859375,0.4678125,30,0.5284027777777778,0.3358072916666667,19186.28755270257,52.12055731225297,88.516,{}
test,drift,homog,high,tetris,1000,253,219,34,0.8656126482213439,0.9828125,0.5134375,30,0.46937500000000004,0.310546875,15937.129347568569,62.74655731225297,92.022,{}
test,drift,homog,high,hybrid,1000,253,216,37,0.8537549407114624,0.9854166666666667,0.49937499999999996,30,0.4860416666666667,0.318359375,12799.923584962124,78.12546640316205,117.85,"{'family': 'hybrid', 'alpha': 0.1}"
test,drift,homog,high,balance,1000,253,212,41,0.8379446640316206,0.990451388888889,0.4817708333333333,30,0.5086805555555556,0.3274739583333333,18589.40508246091,53.794083003952565,94.326,"{'family': 'balance', 'lam': 0.8}"
test,drift,homog,high,wmatch,1000,253,189,64,0.7470355731225297,0.928125,0.38375,30,0.6684027777777778,0.40013020833333335,17677.44257014643,56.56926877470356,135.253,"{'family': 'wmatch', 'lam': 0.8}"
test,drift,homog,high,d1_cheap,1000,253,218,35,0.8616600790513834,0.9852430555555556,0.5067708333333333,30,0.4784722222222222,0.3138020833333333,9675.261141225734,103.35638339920949,158.356,"{'family': 'd_cheap', 'alpha': 0.0, 'beta': 0.8, 'gamma': 0.2}"
test,drift,homog,high,d1_cheap_nomad_ff,1000,253,192,61,0.758893280632411,0.9359375,0.3915625,30,0.651875,0.390234375,18753.320746124216,53.32388932806324,120.165,{'derived_from': 'd1_cheap'}
test,drift,homog,high,d2_capacity,1000,253,217,36,0.857707509881423,0.9871527777777778,0.5035416666666667,30,0.4836111111111111,0.3151041666666667,7225.925294728499,138.390581027668,218.269,"{'family': 'd_capacity', 'alpha': 0.0, 'beta': 0.8, 'gamma': 0.2}"
test,drift,homog,high,d2_capacity_nomad_ff,1000,253,193,60,0.7628458498023716,0.937673611111111,0.39572916666666663,30,0.6451388888888888,0.38841145833333335,13450.845877443337,74.34476679841897,171.21,{'derived_from': 'd2_capacity'}
test,drift,homog,high,ff_only_cheap,1000,253,192,61,0.758893280632411,0.9359375,0.3915625,30,0.651875,0.390234375,18805.13509519858,53.17696442687747,120.335,"{'alpha': 0, 'beta': 0, 'gamma': 1}"
test,drift,homog,high,binpack,1001,253,191,62,0.7549407114624506,0.9331597222222222,0.3880208333333333,30,0.6613888888888888,0.394140625,29066.037002099074,34.40441501976285,79.679,{}
test,drift,homog,high,spread,1001,253,208,45,0.8221343873517787,0.9788194444444444,0.46791666666666665,30,0.5347916666666667,0.33567708333333335,19378.706416963734,51.60303162055336,91.151,{}
test,drift,homog,high,tetris,1001,253,215,38,0.849802371541502,0.9847222222222223,0.5008333333333334,30,0.48388888888888887,0.3177083333333333,16608.35144059396,60.21067193675889,92.963,{}
test,drift,homog,high,hybrid,1001,253,215,38,0.849802371541502,0.9857638888888889,0.5033333333333333,30,0.48243055555555553,0.3157552083333333,13122.992000680528,76.20213438735178,119.463,"{'family': 'hybrid', 'alpha': 0.1}"
test,drift,homog,high,balance,1001,253,214,39,0.8458498023715415,0.9892361111111111,0.49916666666666665,30,0.4900694444444445,0.3170572916666667,18173.490896302206,55.025201581027666,94.497,"{'family': 'balance', 'lam': 0.8}"
test,drift,homog,high,wmatch,1001,253,191,62,0.7549407114624506,0.9331597222222222,0.3880208333333333,30,0.6613888888888888,0.394140625,18062.584356017105,55.36306324110672,130.034,"{'family': 'wmatch', 'lam': 0.8}"
test,drift,homog,high,d1_cheap,1001,253,214,39,0.8458498023715415,0.9840277777777777,0.49916666666666665,30,0.4848611111111111,0.3190104166666667,9916.604491908267,100.84096837944664,156.513,"{'family': 'd_cheap', 'alpha': 0.0, 'beta': 0.8, 'gamma': 0.2}"
test,drift,homog,high,d1_cheap_nomad_ff,1001,253,191,62,0.7549407114624506,0.9331597222222222,0.3880208333333333,30,0.6613888888888888,0.394140625,19318.297741851344,51.764395256917,116.658,{'derived_from': 'd1_cheap'}
test,drift,homog,high,d2_capacity,1001,253,218,35,0.8616600790513834,0.992013888888889,0.5183333333333333,30,0.47368055555555555,0.3040364583333333,7315.031759959633,136.70480632411065,217.817,"{'family': 'd_capacity', 'alpha': 0.0, 'beta': 0.8, 'gamma': 0.2}"
test,drift,homog,high,d2_capacity_nomad_ff,1001,253,189,64,0.7470355731225297,0.9296875,0.3828125,30,0.6664583333333333,0.402734375,13997.03318220779,71.4437114624506,165.94,{'derived_from': 'd2_capacity'}
test,drift,homog,high,ff_only_cheap,1001,253,191,62,0.7549407114624506,0.9331597222222222,0.3880208333333333,30,0.6613888888888888,0.394140625,19150.6396124395,52.217577075098816,121.227,"{'alpha': 0, 'beta': 0, 'gamma': 1}"
test,drift,homog,high,binpack,1002,253,189,64,0.7470355731225297,0.9234375,0.3771875,30,0.6793055555555555,0.39791666666666664,28899.04023203302,34.60322529644269,78.787,{}
test,drift,homog,high,spread,1002,253,214,39,0.8458498023715415,0.9788194444444444,0.49291666666666667,30,0.5022916666666667,0.31875,18001.70923738854,55.55028063241107,92.193,{}
test,drift,homog,high,tetris,1002,253,219,34,0.8656126482213439,0.9817708333333334,0.5234375,30,0.4583333333333333,0.3046875,15938.979789373627,62.73927272727273,93.685,{}
test,drift,homog,high,hybrid,1002,253,218,35,0.8616600790513834,0.9878472222222222,0.5177083333333333,30,0.4701388888888889,0.3059895833333333,12927.35312955635,77.3553557312253,119.844,"{'family': 'hybrid', 'alpha': 0.1}"
test,drift,homog,high,balance,1002,253,216,37,0.8537549407114624,0.9911458333333333,0.5178125,30,0.47333333333333333,0.3046875,17524.28047936457,57.0636837944664,99.256,"{'family': 'balance', 'lam': 0.8}"
test,drift,homog,high,wmatch,1002,253,190,63,0.7509881422924901,0.9225694444444444,0.3797916666666667,30,0.6788888888888889,0.3880208333333333,18104.01579986833,55.23636363636364,127.719,"{'family': 'wmatch', 'lam': 0.8}"
test,drift,homog,high,d1_cheap,1002,253,220,33,0.8695652173913043,0.9897569444444444,0.5301041666666666,30,0.45965277777777774,0.2975260416666667,9656.121101040544,103.56125296442688,161.272,"{'family': 'd_cheap', 'alpha': 0.0, 'beta': 0.8, 'gamma': 0.2}"
test,drift,homog,high,d1_cheap_nomad_ff,1002,253,191,62,0.7549407114624506,0.9243055555555556,0.38395833333333335,30,0.6670138888888889,0.3927083333333333,18850.50373314482,53.048980237154154,118.051,{'derived_from': 'd1_cheap'}
test,drift,homog,high,d2_capacity,1002,253,222,31,0.8774703557312253,0.9921875,0.5359375,30,0.45625,0.29296875,7100.790472344583,140.82939130434784,221.153,"{'family': 'd_capacity', 'alpha': 0.0, 'beta': 0.8, 'gamma': 0.2}"
test,drift,homog,high,d2_capacity_nomad_ff,1002,253,189,64,0.7470355731225297,0.9234375,0.3771875,30,0.6769444444444445,0.40065104166666665,13836.626304553221,72.27195256916997,171.02,{'derived_from': 'd2_capacity'}
test,drift,homog,high,ff_only_cheap,1002,253,191,62,0.7549407114624506,0.9243055555555556,0.38395833333333335,30,0.6670138888888889,0.3927083333333333,18787.043148120316,53.22817391304348,118.952,"{'alpha': 0, 'beta': 0, 'gamma': 1}"
test,drift,homog,high,binpack,1003,253,188,65,0.7430830039525692,0.9237847222222223,0.3748958333333333,30,0.6762499999999999,0.3953125,29235.30608094366,34.205217391304345,79.979,{}
test,drift,homog,high,spread,1003,253,210,43,0.8300395256916996,0.9848958333333333,0.4590625,30,0.5325,0.3416666666666667,18599.03537904099,53.76622924901186,90.75,{}
test,drift,homog,high,tetris,1003,253,217,36,0.857707509881423,0.9819444444444444,0.5066666666666666,30,0.47527777777777774,0.3151041666666667,15949.355438005236,62.69845849802371,91.983,{}
test,drift,homog,high,hybrid,1003,253,214,39,0.8458498023715415,0.9850694444444444,0.4860416666666667,30,0.4990277777777778,0.3268229166666667,12865.508852232866,77.72720158102767,125.535,"{'family': 'hybrid', 'alpha': 0.1}"
test,drift,homog,high,balance,1003,253,213,40,0.841897233201581,0.9911458333333333,0.48031250000000003,30,0.5108333333333334,0.328125,18082.377450975135,55.30246245059289,95.879,"{'family': 'balance', 'lam': 0.8}"
test,drift,homog,high,wmatch,1003,253,188,65,0.7430830039525692,0.9237847222222223,0.3748958333333333,30,0.6762499999999999,0.3953125,17845.82043479049,56.03552964426878,131.466,"{'family': 'wmatch', 'lam': 0.8}"
test,drift,homog,high,d1_cheap,1003,253,214,39,0.8458498023715415,0.9850694444444444,0.4860416666666667,30,0.4990277777777778,0.3268229166666667,9625.184657075215,103.89411067193676,160.52,"{'family': 'd_cheap', 'alpha': 0.0, 'beta': 0.8, 'gamma': 0.2}"
test,drift,homog,high,d1_cheap_nomad_ff,1003,253,191,62,0.7549407114624506,0.9368055555555556,0.3827083333333333,30,0.6509027777777778,0.389453125,18821.328090936327,53.13121343873517,120.095,{'derived_from': 'd1_cheap'}
test,drift,homog,high,d2_capacity,1003,253,217,36,0.857707509881423,0.9876736111111111,0.5001041666666667,30,0.48756944444444444,0.3170572916666667,7031.443699077444,142.2183043478261,218.709,"{'family': 'd_capacity', 'alpha': 0.0, 'beta': 0.8, 'gamma': 0.2}"
test,drift,homog,high,d2_capacity_nomad_ff,1003,253,188,65,0.7430830039525692,0.9263888888888889,0.3733333333333333,30,0.6740277777777777,0.3966145833333333,13723.592526250844,72.86721739130435,175.629,{'derived_from': 'd2_capacity'}
test,drift,homog,high,ff_only_cheap,1003,253,191,62,0.7549407114624506,0.9368055555555556,0.3827083333333333,30,0.6509027777777778,0.389453125,18810.35577743349,53.16220553359684,121.016,"{'alpha': 0, 'beta': 0, 'gamma': 1}"
test,drift,homog,high,binpack,1004,253,188,65,0.7430830039525692,0.9321180555555556,0.37614583333333335,30,0.6634722222222221,0.398046875,28562.177715901842,35.01133596837945,80.551,{}
test,drift,homog,high,spread,1004,253,213,40,0.841897233201581,0.9911458333333333,0.4740625,30,0.5170833333333333,0.33203125,18272.968977554436,54.7256442687747,90.099,{}
test,drift,homog,high,tetris,1004,253,218,35,0.8616600790513834,0.9873263888888889,0.5086458333333334,30,0.4786805555555555,0.3118489583333333,16381.961556651542,61.042750988142295,93.786,{}
test,drift,homog,high,hybrid,1004,253,216,37,0.8537549407114624,0.9890625,0.5034375,30,0.485625,0.314453125,12798.373463316244,78.13492885375494,119.032,"{'family': 'hybrid', 'alpha': 0.1}"
test,drift,homog,high,balance,1004,253,211,42,0.83399209486166,0.9876736111111111,0.4688541666666667,30,0.5188194444444444,0.3365885416666667,18246.648530603885,54.80458498023715,95.619,"{'family': 'balance', 'lam': 0.8}"
test,drift,homog,high,wmatch,1004,253,191,62,0.7549407114624506,0.937326388888889,0.3792708333333333,30,0.6575,0.39869791666666665,17726.158457003065,56.41380237154151,130.475,"{'family': 'wmatch', 'lam': 0.8}"
test,drift,homog,high,d1_cheap,1004,253,219,34,0.8656126482213439,0.9901041666666667,0.5153125,30,0.47479166666666667,0.306640625,9741.965746940386,102.64868774703557,161.783,"{'family': 'd_cheap', 'alpha': 0.0, 'beta': 0.8, 'gamma': 0.2}"
test,drift,homog,high,d1_cheap_nomad_ff,1004,253,193,60,0.7628458498023716,0.9407986111111111,0.3844791666666667,30,0.6446527777777777,0.39947916666666666,18259.35252335952,54.76645454545454,120.295,{'derived_from': 'd1_cheap'}
test,drift,homog,high,d2_capacity,1004,253,219,34,0.8656126482213439,0.9901041666666667,0.5153125,30,0.47479166666666667,0.306640625,7127.612463653049,140.2994347826087,220.212,"{'family': 'd_capacity', 'alpha': 0.0, 'beta': 0.8, 'gamma': 0.2}"
test,drift,homog,high,d2_capacity_nomad_ff,1004,253,191,62,0.7549407114624506,0.937326388888889,0.3792708333333333,30,0.6565277777777777,0.3946614583333333,13920.384752832015,71.83709486166008,169.907,{'derived_from': 'd2_capacity'}
test,drift,homog,high,ff_only_cheap,1004,253,193,60,0.7628458498023716,0.9407986111111111,0.3844791666666667,30,0.6446527777777777,0.39947916666666666,17986.313481822555,55.59783003952569,121.176,"{'alpha': 0, 'beta': 0, 'gamma': 1}"
test,drift,homog,high,binpack,1005,253,190,63,0.7509881422924901,0.9215277777777777,0.37416666666666665,30,0.6820833333333333,0.40520833333333334,29059.41340645126,34.41225691699605,79.519,{}
test,drift,homog,high,spread,1005,253,214,39,0.8458498023715415,0.9850694444444444,0.49541666666666667,30,0.5028472222222222,0.31953125,18264.260019534817,54.751739130434785,92.103,{}
test,drift,homog,high,tetris,1005,253,221,32,0.8735177865612648,0.990451388888889,0.5317708333333333,30,0.45868055555555554,0.2962239583333333,16227.718636758746,61.62295652173913,95.138,{}
test,drift,homog,high,hybrid,1005,253,217,36,0.857707509881423,0.9902777777777777,0.5110416666666667,30,0.4792361111111111,0.3092447916666667,13040.432505272744,76.68457312252964,125.584,"{'family': 'hybrid', 'alpha': 0.1}"
test,drift,homog,high,balance,1005,253,216,37,0.8537549407114624,0.9927083333333333,0.516875,30,0.47583333333333333,0.3046875,17976.041276401244,55.629600790513834,95.8,"{'family': 'balance', 'lam': 0.8}"
test,drift,homog,high,wmatch,1005,253,190,63,0.7509881422924901,0.9215277777777777,0.37416666666666665,30,0.6820833333333333,0.40520833333333334,17961.10122422298,55.67587351778656,130.674,"{'family': 'wmatch', 'lam': 0.8}"
test,drift,homog,high,d1_cheap,1005,253,217,36,0.857707509881423,0.9876736111111111,0.5126041666666666,30,0.47506944444444443,0.3092447916666667,9867.518617043475,101.34260079051384,156.724,"{'family': 'd_cheap', 'alpha': 0.0, 'beta': 0.8, 'gamma': 0.2}"
test,drift,homog,high,d1_cheap_nomad_ff,1005,253,189,64,0.7470355731225297,0.9239583333333333,0.37062500000000004,30,0.6776388888888889,0.40455729166666665,18895.02068407294,52.92399604743083,120.776,{'derived_from': 'd1_cheap'}
test,drift,homog,high,d2_capacity,1005,253,218,35,0.8616600790513834,0.9894097222222222,0.5167708333333334,30,0.4726388888888889,0.3059895833333333,7245.784721778908,138.0112766798419,218.118,"{'family': 'd_capacity', 'alpha': 0.0, 'beta': 0.8, 'gamma': 0.2}"
test,drift,homog,high,d2_capacity_nomad_ff,1005,253,191,62,0.7549407114624506,0.9232638888888889,0.3752083333333333,30,0.6804166666666666,0.40455729166666665,13874.432546676771,72.07501976284586,170.008,{'derived_from': 'd2_capacity'}
test,drift,homog,high,ff_only_cheap,1005,253,189,64,0.7470355731225297,0.9239583333333333,0.37062500000000004,30,0.6776388888888889,0.40455729166666665,18862.339959009823,53.015691699604744,117.721,"{'alpha': 0, 'beta': 0, 'gamma': 1}"
test,drift,homog,high,binpack,1006,253,188,65,0.7430830039525692,0.9211805555555556,0.3764583333333333,30,0.6720833333333333,0.398046875,28550.458251782093,35.02570750988142,80.07,{}
test,drift,homog,high,spread,1006,253,213,40,0.841897233201581,0.9848958333333333,0.4684375,30,0.5224305555555555,0.3358072916666667,18479.37260119666,54.114391304347826,90.49,{}
test,drift,homog,high,tetris,1006,253,218,35,0.8616600790513834,0.9821180555555556,0.5117708333333334,30,0.4703472222222222,0.3118489583333333,15908.056713919883,62.861229249011856,93.765,{}
test,drift,homog,high,hybrid,1006,253,217,36,0.857707509881423,0.9871527777777778,0.5004166666666666,30,0.4867361111111111,0.3170572916666667,12580.429595316422,79.48854150197629,126.046,"{'family': 'hybrid', 'alpha': 0.1}"
test,drift,homog,high,balance,1006,253,215,38,0.849802371541502,0.990451388888889,0.4942708333333333,30,0.4961805555555555,0.3196614583333333,17534.678291673226,57.02984584980237,99.325,"{'family': 'balance', 'lam': 0.8}"
test,drift,homog,high,wmatch,1006,253,188,65,0.7430830039525692,0.9211805555555556,0.3764583333333333,30,0.6720833333333333,0.398046875,17340.53136734202,57.66835968379446,133.55,"{'family': 'wmatch', 'lam': 0.8}"
test,drift,homog,high,d1_cheap,1006,253,218,35,0.8616600790513834,0.9862847222222223,0.5061458333333334,30,0.4801388888888889,0.3138020833333333,9593.925535893739,104.23262055335968,162.935,"{'family': 'd_cheap', 'alpha': 0.0, 'beta': 0.8, 'gamma': 0.2}"
test,drift,homog,high,d1_cheap_nomad_ff,1006,253,194,59,0.766798418972332,0.9352430555555556,0.40552083333333333,30,0.6343055555555555,0.373828125,17977.203626790695,55.62600395256917,121.888,{'derived_from': 'd1_cheap'}
test,drift,homog,high,d2_capacity,1006,253,217,36,0.857707509881423,0.9881944444444444,0.5029166666666667,30,0.4852777777777778,0.3151041666666667,7074.120340125943,141.3603320158103,219.681,"{'family': 'd_capacity', 'alpha': 0.0, 'beta': 0.8, 'gamma': 0.2}"
test,drift,homog,high,d2_capacity_nomad_ff,1006,253,188,65,0.7430830039525692,0.9211805555555556,0.3764583333333333,30,0.6720833333333334,0.398046875,13283.925531258574,75.27895256916997,178.244,{'derived_from': 'd2_capacity'}
test,drift,homog,high,ff_only_cheap,1006,253,194,59,0.766798418972332,0.9352430555555556,0.40552083333333333,30,0.6343055555555555,0.373828125,17841.009386486472,56.05064031620554,122.449,"{'alpha': 0, 'beta': 0, 'gamma': 1}"
test,drift,homog,high,binpack,1007,253,187,66,0.7391304347826086,0.9230902777777777,0.3794791666666667,30,0.6702777777777779,0.4166666666666667,28373.547509879154,35.24409486166008,81.212,{}
test,drift,homog,high,spread,1007,253,213,40,0.841897233201581,0.9822916666666667,0.48874999999999996,30,0.5128472222222222,0.32135416666666666,18375.962904087788,54.41891699604743,91.411,{}
test,drift,homog,high,tetris,1007,253,225,28,0.8893280632411067,0.9869791666666666,0.5484375,30,0.43854166666666666,0.287109375,15434.53147595117,64.78978656126482,93.625,{}
test,drift,homog,high,hybrid,1007,253,219,34,0.8656126482213439,0.9869791666666666,0.5265625,30,0.46041666666666664,0.30078125,12546.036640080145,79.7064466403162,120.215,"{'family': 'hybrid', 'alpha': 0.1}"
test,drift,homog,high,balance,1007,253,218,35,0.8616600790513834,0.992013888888889,0.5183333333333333,30,0.47368055555555555,0.3040364583333333,17896.720783143526,55.8761581027668,95.419,"{'family': 'balance', 'lam': 0.8}"
test,drift,homog,high,wmatch,1007,253,186,67,0.7351778656126482,0.9213541666666667,0.3753125,30,0.6717361111111111,0.419921875,17400.61138733149,57.46924505928854,134.582,"{'family': 'wmatch', 'lam': 0.8}"
test,drift,homog,high,d1_cheap,1007,253,221,32,0.8735177865612648,0.990451388888889,0.5348958333333333,30,0.45555555555555555,0.2942708333333333,9506.325971466667,105.19311067193675,164.187,"{'family': 'd_cheap', 'alpha': 0.0, 'beta': 0.8, 'gamma': 0.2}"
test,drift,homog,high,d1_cheap_nomad_ff,1007,253,191,62,0.7549407114624506,0.9331597222222222,0.4036458333333333,30,0.6364583333333333,0.3977864583333333,18038.094173396137,55.438229249011854,121.638,{'derived_from': 'd1_cheap'}
test,drift,homog,high,d2_capacity,1007,253,220,33,0.8695652173913043,0.9887152777777778,0.5307291666666667,30,0.45798611111111115,0.2975260416666667,7001.779392916392,142.82083794466402,221.665,"{'family': 'd_capacity', 'alpha': 0.0, 'beta': 0.8, 'gamma': 0.2}"
test,drift,homog,high,d2_capacity_nomad_ff,1007,253,191,62,0.7549407114624506,0.9321180555555556,0.3980208333333334,30,0.6386805555555556,0.4016927083333333,12800.28170738556,78.12328063241107,174.336,{'derived_from': 'd2_capacity'}
test,drift,homog,high,ff_only_cheap,1007,253,191,62,0.7549407114624506,0.9331597222222222,0.4036458333333333,30,0.6364583333333333,0.3977864583333333,17984.414834057163,55.60369960474308,123.271,"{'alpha': 0, 'beta': 0, 'gamma': 1}"
test,drift,homog,high,binpack,1008,253,192,61,0.758893280632411,0.9380208333333333,0.3840625,30,0.6403472222222223,0.39010416666666664,27556.98604995657,36.28843873517786,80.851,{}
test,drift,homog,high,spread,1008,253,215,38,0.849802371541502,0.9909722222222223,0.4814583333333333,30,0.5117361111111111,0.3274739583333333,17974.028594335054,55.635830039525686,94.827,{}
test,drift,homog,high,tetris,1008,253,216,37,0.8537549407114624,0.9838541666666667,0.48781250000000004,30,0.49604166666666666,0.326171875,15898.025414973026,62.90089328063241,98.033,{}
test,drift,homog,high,hybrid,1008,253,217,36,0.857707509881423,0.9887152777777778,0.49947916666666664,30,0.48923611111111115,0.3170572916666667,12357.712902878537,80.92112252964426,126.536,"{'family': 'hybrid', 'alpha': 0.1}"
test,drift,homog,high,balance,1008,253,212,41,0.8379446640316206,0.9857638888888889,0.47520833333333334,30,0.5148611111111111,0.3319010416666667,17584.792060181415,56.86732015810277,97.923,"{'family': 'balance', 'lam': 0.8}"
test,drift,homog,high,wmatch,1008,253,192,61,0.758893280632411,0.9380208333333333,0.3840625,30,0.6403472222222223,0.39010416666666664,17009.960844818193,58.78908300395257,136.366,"{'family': 'wmatch', 'lam': 0.8}"
test,drift,homog,high,d1_cheap,1008,253,220,33,0.8695652173913043,0.9928819444444444,0.5094791666666667,30,0.4834027777777778,0.3092447916666667,9569.907550532233,104.49421739130435,163.746,"{'family': 'd_cheap', 'alpha': 0.0, 'beta': 0.8, 'gamma': 0.2}"
test,drift,homog,high,d1_cheap_nomad_ff,1008,253,196,57,0.7747035573122529,0.9449652777777777,0.39760416666666665,30,0.6273611111111111,0.391796875,17667.848224384743,56.59998814229249,124.493,{'derived_from': 'd1_cheap'}
test,drift,homog,high,d2_capacity,1008,253,218,35,0.8616600790513834,0.9894097222222222,0.5011458333333334,30,0.4882638888888889,0.3157552083333333,6851.3178983882935,145.95732015810276,235.43,"{'family': 'd_capacity', 'alpha': 0.0, 'beta': 0.8, 'gamma': 0.2}"
test,drift,homog,high,d2_capacity_nomad_ff,1008,253,191,62,0.7549407114624506,0.9362847222222223,0.3798958333333333,30,0.6565277777777777,0.39479166666666665,13466.709469156684,74.25718972332017,178.164,{'derived_from': 'd2_capacity'}
test,drift,homog,high,ff_only_cheap,1008,253,196,57,0.7747035573122529,0.9449652777777777,0.39760416666666665,30,0.6273611111111111,0.391796875,17325.65918483527,57.717861660079045,125.374,"{'alpha': 0, 'beta': 0, 'gamma': 1}"
test,drift,homog,high,binpack,1009,253,186,67,0.7351778656126482,0.9270833333333334,0.371875,30,0.6765972222222222,0.3946614583333333,29276.11168801894,34.15754150197629,82.435,{}
test,drift,homog,high,spread,1009,253,211,42,0.83399209486166,0.9892361111111111,0.4741666666666667,30,0.5150694444444445,0.3326822916666667,17737.95004264119,56.37630039525692,91.411,{}
test,drift,homog,high,tetris,1009,253,221,32,0.8735177865612648,0.9836805555555556,0.5170833333333333,30,0.4665972222222222,0.3079427083333333,15574.375584500776,64.20803162055336,93.835,{}
test,drift,homog,high,hybrid,1009,253,216,37,0.8537549407114624,0.9859375,0.49281250000000004,30,0.493125,0.322265625,12659.341961400414,78.99304743083003,122.439,"{'family': 'hybrid', 'alpha': 0.1}"
test,drift,homog,high,balance,1009,253,210,43,0.8300395256916996,0.9859375,0.4740625,30,0.5138194444444444,0.333984375,17564.460528769407,56.93314624505929,95.569,"{'family': 'balance', 'lam': 0.8}"
test,drift,homog,high,wmatch,1009,253,186,67,0.7351778656126482,0.9270833333333334,0.371875,30,0.6765972222222222,0.3946614583333333,18221.290879790184,54.88085375494071,131.326,"{'family': 'wmatch', 'lam': 0.8}"
test,drift,homog,high,d1_cheap,1009,253,216,37,0.8537549407114624,0.9859375,0.4928125,30,0.493125,0.322265625,9676.373497154975,103.34450197628459,163.867,"{'family': 'd_cheap', 'alpha': 0.0, 'beta': 0.8, 'gamma': 0.2}"
test,drift,homog,high,d1_cheap_nomad_ff,1009,253,187,66,0.7391304347826086,0.9288194444444444,0.3729166666666667,30,0.6721527777777777,0.40260416666666665,19073.623508233435,52.428422924901184,121.157,{'derived_from': 'd1_cheap'}
test,drift,homog,high,d2_capacity,1009,253,218,35,0.8616600790513834,0.990451388888889,0.5036458333333333,30,0.48680555555555555,0.3138020833333333,7028.2611659624135,142.28270355731226,222.707,"{'family': 'd_capacity', 'alpha': 0.0, 'beta': 0.8, 'gamma': 0.2}"
test,drift,homog,high,d2_capacity_nomad_ff,1009,253,187,66,0.7391304347826086,0.9288194444444444,0.3729166666666667,30,0.6721527777777777,0.40260416666666665,13749.184763012148,72.73158498023716,175.769,{'derived_from': 'd2_capacity'}
test,drift,homog,high,ff_only_cheap,1009,253,187,66,0.7391304347826086,0.9288194444444444,0.3729166666666667,30,0.6721527777777777,0.40260416666666665,18972.046526656963,52.70912648221344,122.269,"{'alpha': 0, 'beta': 0, 'gamma': 1}"
test,drift,homog,low,binpack,1000,92,92,0,1.0,0.3993055555555555,0.23958333333333334,14,0.26319444444444445,0.15533854166666666,14554.088053498297,68.70921739130435,86.602,{}
test,drift,homog,low,spread,1000,92,92,0,1.0,0.3993055555555555,0.23958333333333334,30,0.17319444444444443,0.0,11574.285209258673,86.39842391304347,103.233,{}
test,drift,homog,low,tetris,1000,92,92,0,1.0,0.3993055555555555,0.23958333333333334,30,0.15972222222222224,0.00078125,11506.27955206554,86.90906521739132,102.883,{}
test,drift,homog,low,hybrid,1000,92,92,0,1.0,0.3993055555555555,0.23958333333333334,30,0.16930555555555557,0.005208333333333333,8946.321680943829,111.77778260869565,136.125,"{'family': 'hybrid', 'alpha': 0.1}"
test,drift,homog,low,balance,1000,92,92,0,1.0,0.3993055555555555,0.23958333333333334,14,0.19180555555555553,0.06158854166666667,11459.966041131063,87.26029347826086,110.096,"{'family': 'balance', 'lam': 0.8}"
test,drift,homog,low,wmatch,1000,92,92,0,1.0,0.3993055555555555,0.23958333333333334,14,0.26319444444444445,0.15533854166666666,8852.066004852855,112.96797826086957,144.571,"{'family': 'wmatch', 'lam': 0.8}"
test,drift,homog,low,d1_cheap,1000,92,92,0,1.0,0.3993055555555555,0.23958333333333334,30,0.17541666666666667,0.00703125,6841.950497298248,146.15715217391306,174.406,"{'family': 'd_cheap', 'alpha': 0.0, 'beta': 0.8, 'gamma': 0.2}"
test,drift,homog,low,d1_cheap_nomad_ff,1000,92,92,0,1.0,0.3993055555555555,0.23958333333333334,14,0.2554166666666667,0.15013020833333332,9677.363027971154,103.3339347826087,126.657,{'derived_from': 'd1_cheap'}
test,drift,homog,low,d2_capacity,1000,92,92,0,1.0,0.3993055555555555,0.23958333333333334,30,0.17444444444444446,0.007161458333333333,5014.985266572904,199.40238043478263,228.498,"{'family': 'd_capacity', 'alpha': 0.0, 'beta': 0.8, 'gamma': 0.2}"
test,drift,homog,low,d2_capacity_nomad_ff,1000,92,92,0,1.0,0.3993055555555555,0.23958333333333334,14,0.26416666666666666,0.151953125,6926.829341747924,144.36619565217393,182.412,{'derived_from': 'd2_capacity'}
test,drift,homog,low,ff_only_cheap,1000,92,92,0,1.0,0.3993055555555555,0.23958333333333334,14,0.2554166666666667,0.15013020833333332,9780.110168688829,102.24833695652174,131.256,"{'alpha': 0, 'beta': 0, 'gamma': 1}"
test,drift,homog,low,binpack,1001,92,92,0,1.0,0.3993055555555555,0.23958333333333334,15,0.2872222222222222,0.15247395833333333,14766.638952467474,67.72021739130435,85.45,{}
test,drift,homog,low,spread,1001,92,92,0,1.0,0.3993055555555555,0.23958333333333334,30,0.16333333333333336,0.0,11817.130420530568,84.62291304347826,100.007,{}
test,drift,homog,low,tetris,1001,92,92,0,1.0,0.3993055555555555,0.23958333333333334,30,0.15972222222222224,0.0,11559.1263763056,86.51172826086957,97.954,{}
test,drift,homog,low,hybrid,1001,92,92,0,1.0,0.3993055555555555,0.23958333333333334,30,0.15972222222222224,0.0036458333333333334,8916.680502059511,112.14935869565218,131.065,"{'family': 'hybrid', 'alpha': 0.1}"
test,drift,homog,low,balance,1001,92,92,0,1.0,0.3993055555555555,0.23958333333333334,14,0.17597222222222222,0.053125,11326.456040546744,88.2888695652174,109.635,"{'family': 'balance', 'lam': 0.8}"
test,drift,homog,low,wmatch,1001,92,92,0,1.0,0.3993055555555555,0.23958333333333334,15,0.2872222222222222,0.15247395833333333,8988.388174876518,111.25465217391304,143.298,"{'family': 'wmatch', 'lam': 0.8}"
test,drift,homog,low,d1_cheap,1001,92,92,0,1.0,0.3993055555555555,0.23958333333333334,30,0.1698611111111111,0.005598958333333333,7005.911694899856,142.73659782608695,161.883,"{'family': 'd_cheap', 'alpha': 0.0, 'beta': 0.8, 'gamma': 0.2}"
test,drift,homog,low,d1_cheap_nomad_ff,1001,92,92,0,1.0,0.3993055555555555,0.23958333333333334,15,0.2847222222222222,0.14856770833333333,9739.717690048095,102.67238043478261,125.084,{'derived_from': 'd1_cheap'}
test,drift,homog,low,d2_capacity,1001,92,92,0,1.0,0.3993055555555555,0.23958333333333334,30,0.16555555555555557,0.0109375,5063.9823156930615,197.47304347826088,223.047,"{'family': 'd_capacity', 'alpha': 0.0, 'beta': 0.8, 'gamma': 0.2}"
test,drift,homog,low,d2_capacity_nomad_ff,1001,92,92,0,1.0,0.3993055555555555,0.23958333333333334,15,0.2872222222222222,0.15247395833333333,6964.51737370775,143.58496739130436,181.59,{'derived_from': 'd2_capacity'}
test,drift,homog,low,ff_only_cheap,1001,92,92,0,1.0,0.3993055555555555,0.23958333333333334,15,0.2847222222222222,0.14856770833333333,9790.98378102252,102.13478260869564,126.016,"{'alpha': 0, 'beta': 0, 'gamma': 1}"
test,drift,homog,low,binpack,1002,92,92,0,1.0,0.3993055555555555,0.23958333333333334,14,0.26319444444444445,0.13997395833333334,14457.186848297124,69.16975,90.279,{}
test,drift,homog,low,spread,1002,92,92,0,1.0,0.3993055555555555,0.23958333333333334,30,0.17680555555555558,0.0,11863.056996315232,84.29530434782608,99.536,{}
test,drift,homog,low,tetris,1002,92,92,0,1.0,0.3993055555555555,0.23958333333333334,30,0.15972222222222227,0.0,11637.894502486335,85.92619565217392,102.642,{}
test,drift,homog,low,hybrid,1002,92,92,0,1.0,0.3993055555555555,0.23958333333333334,30,0.16708333333333333,0.0037760416666666667,9152.64877158023,109.25798913043478,129.482,"{'family': 'hybrid', 'alpha': 0.1}"
test,drift,homog,low,balance,1002,92,92,0,1.0,0.3993055555555555,0.23958333333333334,15,0.18652777777777776,0.06276041666666667,11472.982560193564,87.16129347826086,105.647,"{'family': 'balance', 'lam': 0.8}"
test,drift,homog,low,wmatch,1002,92,92,0,1.0,0.3993055555555556,0.23958333333333334,14,0.26375,0.1453125,8951.478317184348,111.71339130434782,141.735,"{'family': 'wmatch', 'lam': 0.8}"
test,drift,homog,low,d1_cheap,1002,92,92,0,1.0,0.3993055555555555,0.23958333333333334,30,0.17361111111111113,0.005729166666666666,7036.806244523051,142.10992391304347,165.76,"{'family': 'd_cheap', 'alpha': 0.0, 'beta': 0.8, 'gamma': 0.2}"
test,drift,homog,low,d1_cheap_nomad_ff,1002,92,92,0,1.0,0.3993055555555555,0.23958333333333334,15,0.26999999999999996,0.14453125,9690.359314310175,103.19534782608696,128.911,{'derived_from': 'd1_cheap'}
test,drift,homog,low,d2_capacity,1002,92,92,0,1.0,0.3993055555555555,0.23958333333333334,30,0.17361111111111113,0.005729166666666666,5159.978399881725,193.79926086956522,221.625,"{'family': 'd_capacity', 'alpha': 0.0, 'beta': 0.8, 'gamma': 0.2}"
test,drift,homog,low,d2_capacity_nomad_ff,1002,92,92,0,1.0,0.3993055555555555,0.23958333333333334,14,0.2602777777777778,0.13802083333333334,7045.669570656808,141.93115217391306,179.275,{'derived_from': 'd2_capacity'}
test,drift,homog,low,ff_only_cheap,1002,92,92,0,1.0,0.3993055555555555,0.23958333333333334,15,0.26999999999999996,0.14453125,9759.996384557862,102.45905434782608,133.16,"{'alpha': 0, 'beta': 0, 'gamma': 1}"
test,drift,homog,low,binpack,1003,92,92,0,1.0,0.3993055555555555,0.23958333333333334,14,0.27652777777777776,0.13997395833333334,15008.719739892362,66.62793478260869,83.255,{}
test,drift,homog,low,spread,1003,92,92,0,1.0,0.3993055555555555,0.23958333333333334,30,0.16833333333333333,0.0,11867.317202037464,84.26504347826086,99.937,{}
test,drift,homog,low,tetris,1003,92,92,0,1.0,0.3993055555555555,0.23958333333333334,30,0.15972222222222227,0.0014322916666666666,11701.39266923012,85.45991304347825,99.346,{}
test,drift,homog,low,hybrid,1003,92,92,0,1.0,0.3993055555555556,0.23958333333333334,30,0.1679166666666667,0.0037760416666666667,8938.016024696904,111.88165217391304,133.319,"{'family': 'hybrid', 'alpha': 0.1}"
test,drift,homog,low,balance,1003,92,92,0,1.0,0.3993055555555555,0.23958333333333334,13,0.1738888888888889,0.11223958333333334,11659.41628399702,85.76758695652174,104.425,"{'family': 'balance', 'lam': 0.8}"
test,drift,homog,low,wmatch,1003,92,92,0,1.0,0.3993055555555555,0.23958333333333334,14,0.2784722222222222,0.14127604166666666,9069.083248762488,110.26472826086957,137.717,"{'family': 'wmatch', 'lam': 0.8}"
test,drift,homog,low,d1_cheap,1003,92,92,0,1.0,0.3993055555555555,0.23958333333333334,30,0.17958333333333334,0.004296875,6944.2221957872125,144.00460869565217,162.474,"{'family': 'd_cheap', 'alpha': 0.0, 'beta': 0.8, 'gamma': 0.2}"
test,drift,homog,low,d1_cheap_nomad_ff,1003,92,92,0,1.0,0.3993055555555555,0.23958333333333334,15,0.2823611111111111,0.14388020833333334,9760.836172640335,102.45023913043478,127.329,{'derived_from': 'd1_cheap'}
test,drift,homog,low,d2_capacity,1003,92,92,0,1.0,0.3993055555555555,0.23958333333333334,30,0.17111111111111113,0.005729166666666666,5043.996257354777,198.2555,225.822,"{'family': 'd_capacity', 'alpha': 0.0, 'beta': 0.8, 'gamma': 0.2}"
test,drift,homog,low,d2_capacity_nomad_ff,1003,92,92,0,1.0,0.3993055555555555,0.23958333333333334,15,0.2823611111111111,0.14388020833333334,7016.309716994097,142.5250652173913,179.185,{'derived_from': 'd2_capacity'}
test,drift,homog,low,ff_only_cheap,1003,92,92,0,1.0,0.3993055555555555,0.23958333333333334,15,0.2823611111111111,0.14388020833333334,9770.463146503314,102.34929347826086,124.593,"{'alpha': 0, 'beta': 0, 'gamma': 1}"
test,drift,homog,low,binpack,1004,92,92,0,1.0,0.3993055555555555,0.23958333333333334,15,0.2951388888888889,0.16901041666666666,14710.853379802573,67.97702173913044,88.005,{}
test,drift,homog,low,spread,1004,92,92,0,1.0,0.3993055555555555,0.23958333333333334,30,0.18763888888888888,0.0,11821.05998930965,84.59478260869565,99.547,{}
test,drift,homog,low,tetris,1004,92,92,0,1.0,0.3993055555555555,0.23958333333333334,30,0.15972222222222224,0.0,11608.025738525941,86.14729347826086,100.518,{}
test,drift,homog,low,hybrid,1004,92,92,0,1.0,0.3993055555555555,0.23958333333333334,30,0.16402777777777777,0.005208333333333333,9052.173480969035,110.47070652173913,132.487,"{'family': 'hybrid', 'alpha': 0.1}"
test,drift,homog,low,balance,1004,92,92,0,1.0,0.3993055555555555,0.23958333333333334,15,0.1747222222222222,0.03619791666666667,11434.37668291964,87.45557608695653,102.412,"{'family': 'balance', 'lam': 0.8}"
test,drift,homog,low,wmatch,1004,92,92,0,1.0,0.3993055555555555,0.23958333333333334,15,0.2951388888888889,0.16901041666666666,9050.41741607238,110.49214130434783,141.294,"{'family': 'wmatch', 'lam': 0.8}"
test,drift,homog,low,d1_cheap,1004,92,92,0,1.0,0.3993055555555555,0.23958333333333334,30,0.17194444444444443,0.005208333333333333,6978.680964062296,143.29355434782607,164.528,"{'family': 'd_cheap', 'alpha': 0.0, 'beta': 0.8, 'gamma': 0.2}"
test,drift,homog,low,d1_cheap_nomad_ff,1004,92,92,0,1.0,0.3993055555555555,0.23958333333333334,14,0.2648611111111111,0.14466145833333333,9583.012901339445,104.35131521739132,129.442,{'derived_from': 'd1_cheap'}
test,drift,homog,low,d2_capacity,1004,92,92,0,1.0,0.3993055555555555,0.23958333333333334,30,0.17222222222222222,0.0016927083333333334,5034.449589372232,198.6314456521739,227.676,"{'family': 'd_capacity', 'alpha': 0.0, 'beta': 0.8, 'gamma': 0.2}"
test,drift,homog,low,d2_capacity_nomad_ff,1004,92,92,0,1.0,0.3993055555555555,0.23958333333333334,15,0.29416666666666663,0.16041666666666668,7012.002719437577,142.61260869565217,182.221,{'derived_from': 'd2_capacity'}
test,drift,homog,low,ff_only_cheap,1004,92,92,0,1.0,0.3993055555555555,0.23958333333333334,14,0.2648611111111111,0.14466145833333333,9530.698067692405,104.92410869565218,132.497,"{'alpha': 0, 'beta': 0, 'gamma': 1}"
test,drift,homog,low,binpack,1005,92,92,0,1.0,0.3993055555555555,0.23958333333333334,15,0.28583333333333333,0.14908854166666666,14674.214104120885,68.14675,93.976,{}
test,drift,homog,low,spread,1005,92,92,0,1.0,0.3993055555555555,0.23958333333333334,30,0.1697222222222222,0.0,11746.465814017953,85.13198913043479,103.253,{}
test,drift,homog,low,tetris,1005,92,92,0,1.0,0.3993055555555555,0.23958333333333334,30,0.15972222222222224,0.0,11482.298601418588,87.09057608695653,100.958,{}
test,drift,homog,low,hybrid,1005,92,92,0,1.0,0.3993055555555555,0.23958333333333334,30,0.17097222222222225,0.007161458333333333,9051.56875492917,110.47808695652175,131.285,"{'family': 'hybrid', 'alpha': 0.1}"
test,drift,homog,low,balance,1005,92,92,0,1.0,0.3993055555555555,0.23958333333333334,15,0.19944444444444445,0.054427083333333334,11581.487344959132,86.34469565217393,102.582,"{'family': 'balance', 'lam': 0.8}"
test,drift,homog,low,wmatch,1005,92,92,0,1.0,0.3993055555555555,0.23958333333333334,15,0.28583333333333333,0.14908854166666666,9037.710732153788,110.64748913043478,142.336,"{'family': 'wmatch', 'lam': 0.8}"
test,drift,homog,low,d1_cheap,1005,92,92,0,1.0,0.3993055555555555,0.23958333333333334,30,0.16944444444444443,0.007161458333333333,6949.496573180579,143.8953152173913,166.371,"{'family': 'd_cheap', 'alpha': 0.0, 'beta': 0.8, 'gamma': 0.2}"
test,drift,homog,low,d1_cheap_nomad_ff,1005,92,92,0,1.0,0.3993055555555555,0.23958333333333334,14,0.2638888888888889,0.13932291666666666,9708.141606330215,103.00632608695653,127.479,{'derived_from': 'd1_cheap'}
test,drift,homog,low,d2_capacity,1005,92,92,0,1.0,0.3993055555555555,0.23958333333333334,30,0.17208333333333334,0.0078125,5056.429200263066,197.76802173913043,226.273,"{'family': 'd_capacity', 'alpha': 0.0, 'beta': 0.8, 'gamma': 0.2}"
test,drift,homog,low,d2_capacity_nomad_ff,1005,92,92,0,1.0,0.3993055555555555,0.23958333333333334,15,0.28583333333333333,0.14908854166666666,6955.382055734232,143.7735543478261,188.593,{'derived_from': 'd2_capacity'}
test,drift,homog,low,ff_only_cheap,1005,92,92,0,1.0,0.3993055555555555,0.23958333333333334,14,0.2638888888888889,0.13932291666666666,9638.351251063232,103.7521847826087,131.376,"{'alpha': 0, 'beta': 0, 'gamma': 1}"
test,drift,homog,low,binpack,1006,92,92,0,1.0,0.3993055555555555,0.23958333333333334,15,0.28583333333333333,0.16510416666666666,14554.426515254225,68.70761956521739,90.149,{}
test,drift,homog,low,spread,1006,92,92,0,1.0,0.3993055555555555,0.23958333333333334,30,0.1998611111111111,0.0,11604.864456444548,86.17076086956521,102.091,{}
test,drift,homog,low,tetris,1006,92,92,0,1.0,0.3993055555555555,0.23958333333333334,30,0.15972222222222224,0.0033854166666666668,11467.616883373463,87.20207608695652,104.626,{}
test,drift,homog,low,hybrid,1006,92,92,0,1.0,0.3993055555555555,0.23958333333333334,30,0.16458333333333333,0.002994791666666667,9051.767352656167,110.47566304347825,129.953,"{'family': 'hybrid', 'alpha': 0.1}"
test,drift,homog,low,balance,1006,92,92,0,1.0,0.3993055555555555,0.23958333333333334,14,0.16388888888888886,0.047265625,11409.727660962422,87.64451086956521,112.35,"{'family': 'balance', 'lam': 0.8}"
test,drift,homog,low,wmatch,1006,92,92,0,1.0,0.3993055555555555,0.23958333333333334,15,0.28583333333333333,0.16510416666666666,8946.386058729913,111.77697826086957,152.015,"{'family': 'wmatch', 'lam': 0.8}"
test,drift,homog,low,d1_cheap,1006,92,92,0,1.0,0.3993055555555555,0.23958333333333334,30,0.1688888888888889,0.00234375,6839.262899927757,146.21458695652174,170.199,"{'family': 'd_cheap', 'alpha': 0.0, 'beta': 0.8, 'gamma': 0.2}"
test,drift,homog,low,d1_cheap_nomad_ff,1006,92,92,0,1.0,0.3993055555555555,0.23958333333333334,15,0.28583333333333333,0.16510416666666666,9608.81671599889,104.07108695652174,132.788,{'derived_from': 'd1_cheap'}
test,drift,homog,low,d2_capacity,1006,92,92,0,1.0,0.3993055555555555,0.23958333333333334,30,0.17458333333333337,0.002994791666666667,4961.4184997490165,201.55526086956522,226.283,"{'family': 'd_capacity', 'alpha': 0.0, 'beta': 0.8, 'gamma': 0.2}"
test,drift,homog,low,d2_capacity_nomad_ff,1006,92,92,0,1.0,0.3993055555555555,0.23958333333333334,15,0.28583333333333333,0.16510416666666666,6774.860701131807,147.60451086956522,185.867,{'derived_from': 'd2_capacity'}
test,drift,homog,low,ff_only_cheap,1006,92,92,0,1.0,0.3993055555555555,0.23958333333333334,15,0.28583333333333333,0.16510416666666666,9626.132522338645,103.88388043478261,130.034,"{'alpha': 0, 'beta': 0, 'gamma': 1}"
test,drift,homog,low,binpack,1007,92,92,0,1.0,0.3993055555555555,0.23958333333333334,15,0.2913888888888889,0.16302083333333334,14599.360230644501,68.49615217391305,92.473,{}
test,drift,homog,low,spread,1007,92,92,0,1.0,0.3993055555555555,0.23958333333333334,30,0.1836111111111111,0.0,11730.478984783145,85.24801086956522,103.464,{}
test,drift,homog,low,tetris,1007,92,92,0,1.0,0.3993055555555555,0.23958333333333334,30,0.15972222222222224,0.0,11466.850767786675,87.20790217391304,103.333,{}
test,drift,homog,low,hybrid,1007,92,92,0,1.0,0.3993055555555555,0.23958333333333334,30,0.17055555555555557,0.004296875,8876.790723676504,112.65332608695653,132.488,"{'family': 'hybrid', 'alpha': 0.1}"
test,drift,homog,low,balance,1007,92,92,0,1.0,0.3993055555555555,0.23958333333333334,13,0.16402777777777777,0.041276041666666666,11194.575595387154,89.32897826086956,105.256,"{'family': 'balance', 'lam': 0.8}"
test,drift,homog,low,wmatch,1007,92,92,0,1.0,0.3993055555555555,0.23958333333333334,15,0.2913888888888889,0.16302083333333334,9013.029215440298,110.95048913043479,148.999,"{'family': 'wmatch', 'lam': 0.8}"
test,drift,homog,low,d1_cheap,1007,92,92,0,1.0,0.3993055555555555,0.23958333333333334,30,0.17069444444444445,0.007552083333333333,6996.5515366366435,142.9275543478261,164.808,"{'family': 'd_cheap', 'alpha': 0.0, 'beta': 0.8, 'gamma': 0.2}"
test,drift,homog,low,d1_cheap_nomad_ff,1007,92,92,0,1.0,0.3993055555555555,0.23958333333333334,14,0.26611111111111113,0.14791666666666667,9825.121382967,101.77991304347826,123.582,{'derived_from': 'd1_cheap'}
test,drift,homog,low,d2_capacity,1007,92,92,0,1.0,0.3993055555555555,0.23958333333333334,30,0.16791666666666666,0.005729166666666666,5066.2500300120255,197.38465217391305,233.657,"{'family': 'd_capacity', 'alpha': 0.0, 'beta': 0.8, 'gamma': 0.2}"
test,drift,homog,low,d2_capacity_nomad_ff,1007,92,92,0,1.0,0.3993055555555555,0.23958333333333334,14,0.26611111111111113,0.14791666666666667,7032.556839685147,142.19579347826087,181.319,{'derived_from': 'd2_capacity'}
test,drift,homog,low,ff_only_cheap,1007,92,92,0,1.0,0.3993055555555555,0.23958333333333334,14,0.26611111111111113,0.14791666666666667,9769.85202072398,102.35569565217392,130.574,"{'alpha': 0, 'beta': 0, 'gamma': 1}"
test,drift,homog,low,binpack,1008,92,92,0,1.0,0.3993055555555555,0.23958333333333334,14,0.2477777777777778,0.13424479166666667,14589.710384733835,68.54145652173914,90.78,{}
test,drift,homog,low,spread,1008,92,92,0,1.0,0.3993055555555555,0.23958333333333334,30,0.1926388888888889,0.0,11581.462559963966,86.34488043478261,102.722,{}
test,drift,homog,low,tetris,1008,92,92,0,1.0,0.3993055555555555,0.23958333333333334,30,0.15972222222222224,0.0,11394.139894772641,87.76441304347826,103.053,{}
test,drift,homog,low,hybrid,1008,92,92,0,1.0,0.3993055555555555,0.23958333333333334,30,0.16805555555555557,0.0037760416666666667,8969.673145110592,111.48678260869565,127.439,"{'family': 'hybrid', 'alpha': 0.1}"
test,drift,homog,low,balance,1008,92,92,0,1.0,0.3993055555555555,0.23958333333333334,15,0.1963888888888889,0.06419270833333333,11474.287555873234,87.15138043478261,103.945,"{'family': 'balance', 'lam': 0.8}"
test,drift,homog,low,wmatch,1008,92,92,0,1.0,0.3993055555555555,0.23958333333333334,14,0.2477777777777778,0.13424479166666667,8868.024611852828,112.76468478260868,142.927,"{'family': 'wmatch', 'lam': 0.8}"
test,drift,homog,low,d1_cheap,1008,92,92,0,1.0,0.3993055555555555,0.23958333333333334,30,0.16833333333333336,0.0049479166666666664,6833.898095585732,146.32936956521738,169.357,"{'family': 'd_cheap', 'alpha': 0.0, 'beta': 0.8, 'gamma': 0.2}"
test,drift,homog,low,d1_cheap_nomad_ff,1008,92,92,0,1.0,0.3993055555555555,0.23958333333333334,14,0.25166666666666665,0.13463541666666667,9401.390956229781,106.36723913043478,139.251,{'derived_from': 'd1_cheap'}
test,drift,homog,low,d2_capacity,1008,92,92,0,1.0,0.3993055555555555,0.23958333333333334,30,0.1748611111111111,0.0049479166666666664,4948.10806130168,202.09744565217392,230.933,"{'family': 'd_capacity', 'alpha': 0.0, 'beta': 0.8, 'gamma': 0.2}"
test,drift,homog,low,d2_capacity_nomad_ff,1008,92,92,0,1.0,0.3993055555555555,0.23958333333333334,14,0.25166666666666665,0.13463541666666667,6793.814379698901,147.19271739130434,187.131,{'derived_from': 'd2_capacity'}
test,drift,homog,low,ff_only_cheap,1008,92,92,0,1.0,0.3993055555555555,0.23958333333333334,14,0.25166666666666665,0.13463541666666667,9379.352924558703,106.61716304347826,137.958,"{'alpha': 0, 'beta': 0, 'gamma': 1}"
test,drift,homog,low,binpack,1009,92,92,0,1.0,0.3993055555555555,0.23958333333333334,15,0.2752777777777778,0.14375,14330.126552151303,69.78305434782608,93.676,{}
test,drift,homog,low,spread,1009,92,92,0,1.0,0.3993055555555555,0.23958333333333334,30,0.17277777777777775,0.0,11584.25226673597,86.32408695652174,102.212,{}
test,drift,homog,low,tetris,1009,92,92,0,1.0,0.3993055555555555,0.23958333333333334,30,0.15972222222222224,0.0,11325.378239935279,88.29727173913044,105.999,{}
test,drift,homog,low,hybrid,1009,92,92,0,1.0,0.3993055555555556,0.23958333333333334,30,0.1663888888888889,0.005078125,8854.485576524217,112.93710869565217,130.614,"{'family': 'hybrid', 'alpha': 0.1}"
test,drift,homog,low,balance,1009,92,92,0,1.0,0.3993055555555555,0.23958333333333334,14,0.17527777777777775,0.07291666666666667,11319.961669625443,88.33952173913043,108.573,"{'family': 'balance', 'lam': 0.8}"
test,drift,homog,low,wmatch,1009,92,92,0,1.0,0.3993055555555555,0.23958333333333334,15,0.2752777777777778,0.14375,8950.591760591127,111.72445652173914,140.523,"{'family': 'wmatch', 'lam': 0.8}"
test,drift,homog,low,d1_cheap,1009,92,92,0,1.0,0.3993055555555555,0.23958333333333334,30,0.17819444444444443,0.007161458333333333,6828.790567005614,146.4388152173913,167.052,"{'family': 'd_cheap', 'alpha': 0.0, 'beta': 0.8, 'gamma': 0.2}"
test,drift,homog,low,d1_cheap_nomad_ff,1009,92,92,0,1.0,0.3993055555555555,0.23958333333333334,15,0.2791666666666667,0.15364583333333334,9635.533837900157,103.78252173913043,128.761,{'derived_from': 'd1_cheap'}
test,drift,homog,low,d2_capacity,1009,92,92,0,1.0,0.3993055555555555,0.23958333333333334,30,0.1801388888888889,0.0078125,4956.034052263534,201.77423913043478,231.243,"{'family': 'd_capacity', 'alpha': 0.0, 'beta': 0.8, 'gamma': 0.2}"
test,drift,homog,low,d2_capacity_nomad_ff,1009,92,92,0,1.0,0.3993055555555555,0.23958333333333334,15,0.2791666666666667,0.15364583333333334,6723.322350201638,148.73598913043477,190.868,{'derived_from': 'd2_capacity'}
test,drift,homog,low,ff_only_cheap,1009,92,92,0,1.0,0.3993055555555555,0.23958333333333334,15,0.2791666666666667,0.15364583333333334,9599.000702292105,104.17751086956521,133.079,"{'alpha': 0, 'beta': 0, 'gamma': 1}"
test,drift,homog,med,binpack,1000,172,172,0,1.0,0.7465277777777778,0.4479166666666667,27,0.5270833333333333,0.2765625,19431.671070613902,51.46237790697674,85.36,{}
test,drift,homog,med,spread,1000,172,172,0,1.0,0.7465277777777778,0.4479166666666667,30,0.3104166666666667,0.043359375,11692.203822031877,85.52707558139534,102.652,{}
test,drift,homog,med,tetris,1000,172,172,0,1.0,0.7465277777777778,0.4479166666666667,30,0.29861111111111105,0.014583333333333334,11982.083997891988,83.45793604651163,99.175,{}
test,drift,homog,med,hybrid,1000,172,172,0,1.0,0.7465277777777778,0.4479166666666667,30,0.29916666666666664,0.02109375,9429.760972554845,106.04722674418605,129.322,"{'family': 'hybrid', 'alpha': 0.1}"
test,drift,homog,med,balance,1000,172,172,0,1.0,0.7465277777777778,0.4479166666666667,26,0.32541666666666663,0.09231770833333333,12559.109962163491,79.62347674418605,101.881,"{'family': 'balance', 'lam': 0.8}"
test,drift,homog,med,wmatch,1000,172,172,0,1.0,0.7465277777777778,0.4479166666666667,27,0.5270833333333333,0.274609375,11961.6201680705,83.60071511627906,138.909,"{'family': 'wmatch', 'lam': 0.8}"
test,drift,homog,med,d1_cheap,1000,172,172,0,1.0,0.7465277777777778,0.4479166666666667,30,0.3005555555555555,0.05,7006.3791045008375,142.72707558139535,169.017,"{'family': 'd_cheap', 'alpha': 0.0, 'beta': 0.8, 'gamma': 0.2}"
test,drift,homog,med,d1_cheap_nomad_ff,1000,172,172,0,1.0,0.7465277777777778,0.4479166666666667,27,0.5348611111111111,0.28515625,12617.847578602037,79.25281976744186,127.709,{'derived_from': 'd1_cheap'}
test,drift,homog,med,d2_capacity,1000,172,172,0,1.0,0.7465277777777778,0.4479166666666667,30,0.29861111111111105,0.017838541666666666,5198.412211481323,192.36643023255814,226.023,"{'family': 'd_capacity', 'alpha': 0.0, 'beta': 0.8, 'gamma': 0.2}"
test,drift,homog,med,d2_capacity_nomad_ff,1000,172,172,0,1.0,0.7465277777777778,0.4479166666666667,27,0.5348611111111111,0.28515625,9111.66171917562,109.74946511627907,182.201,{'derived_from': 'd2_capacity'}
test,drift,homog,med,ff_only_cheap,1000,172,172,0,1.0,0.7465277777777778,0.4479166666666667,27,0.5348611111111111,0.28515625,12645.175994015597,79.08154069767441,128.55,"{'alpha': 0, 'beta': 0, 'gamma': 1}"
test,drift,homog,med,binpack,1001,172,172,0,1.0,0.7465277777777778,0.4479166666666667,27,0.5476388888888889,0.2942708333333333,19156.164281037414,52.202517441860465,83.035,{}
test,drift,homog,med,spread,1001,172,172,0,1.0,0.7465277777777778,0.4479166666666667,30,0.31166666666666665,0.031510416666666666,11870.209473310524,84.24451162790697,100.378,{}
test,drift,homog,med,tetris,1001,172,172,0,1.0,0.7465277777777778,0.4479166666666667,30,0.2986111111111111,0.009765625,11751.934696411998,85.09237209302326,101.48,{}
test,drift,homog,med,hybrid,1001,172,172,0,1.0,0.7465277777777778,0.4479166666666667,30,0.2986111111111111,0.023046875,9518.326208976843,105.06048837209302,130.524,"{'family': 'hybrid', 'alpha': 0.1}"
test,drift,homog,med,balance,1001,172,172,0,1.0,0.7465277777777778,0.4479166666666667,26,0.3075,0.09700520833333333,12757.400015175372,78.38587790697675,101.28,"{'family': 'balance', 'lam': 0.8}"
test,drift,homog,med,wmatch,1001,172,172,0,1.0,0.7465277777777778,0.4479166666666667,27,0.5476388888888889,0.2942708333333333,12005.464720022443,83.2954011627907,136.114,"{'family': 'wmatch', 'lam': 0.8}"
test,drift,homog,med,d1_cheap,1001,172,172,0,1.0,0.7465277777777778,0.4479166666666667,30,0.3005555555555555,0.032942708333333334,7260.353052395942,137.73434883720932,166.372,"{'family': 'd_cheap', 'alpha': 0.0, 'beta': 0.8, 'gamma': 0.2}"
test,drift,homog,med,d1_cheap_nomad_ff,1001,172,172,0,1.0,0.7465277777777778,0.4479166666666667,27,0.5198611111111111,0.26861979166666666,12648.486428431444,79.06084302325581,124.353,{'derived_from': 'd1_cheap'}
test,drift,homog,med,d2_capacity,1001,172,172,0,1.0,0.7465277777777778,0.4479166666666667,30,0.29861111111111105,0.030989583333333334,5270.900214902569,189.72091279069767,228.658,"{'family': 'd_capacity', 'alpha': 0.0, 'beta': 0.8, 'gamma': 0.2}"
test,drift,homog,med,d2_capacity_nomad_ff,1001,172,172,0,1.0,0.7465277777777778,0.4479166666666667,27,0.5398611111111111,0.28372395833333336,9177.428669102634,108.96298255813954,175.058,{'derived_from': 'd2_capacity'}
test,drift,homog,med,ff_only_cheap,1001,172,172,0,1.0,0.7465277777777778,0.4479166666666667,27,0.5198611111111111,0.26861979166666666,12692.97285290431,78.78375,124.984,"{'alpha': 0, 'beta': 0, 'gamma': 1}"
test,drift,homog,med,binpack,1002,172,172,0,1.0,0.7465277777777778,0.4479166666666667,27,0.5201388888888888,0.28658854166666664,19194.629074952794,52.097906976744184,84.529,{}
test,drift,homog,med,spread,1002,172,172,0,1.0,0.7465277777777778,0.4479166666666667,30,0.3368055555555555,0.028255208333333334,11852.40966034784,84.37102906976743,98.614,{}
test,drift,homog,med,tetris,1002,172,172,0,1.0,0.7465277777777778,0.4479166666666667,30,0.2986111111111111,0.0024739583333333332,12029.931308392815,83.12599418604651,94.968,{}
test,drift,homog,med,hybrid,1002,172,172,0,1.0,0.7465277777777778,0.4479166666666667,30,0.29861111111111105,0.03229166666666667,9576.860345489693,104.41835465116279,125.605,"{'family': 'hybrid', 'alpha': 0.1}"
test,drift,homog,med,balance,1002,172,172,0,1.0,0.7465277777777778,0.4479166666666667,26,0.3625,0.13671875,12950.79788585754,77.21531976744187,99.476,"{'family': 'balance', 'lam': 0.8}"
test,drift,homog,med,wmatch,1002,172,172,0,1.0,0.7465277777777778,0.4479166666666667,27,0.5143055555555555,0.27734375,11845.435523262817,84.4207034883721,133.54,"{'family': 'wmatch', 'lam': 0.8}"
test,drift,homog,med,d1_cheap,1002,172,172,0,1.0,0.7465277777777778,0.4479166666666667,30,0.3005555555555555,0.03424479166666667,7287.554132863043,137.22025,163.927,"{'family': 'd_cheap', 'alpha': 0.0, 'beta': 0.8, 'gamma': 0.2}"
test,drift,homog,med,d1_cheap_nomad_ff,1002,172,172,0,1.0,0.7465277777777778,0.4479166666666667,27,0.5269444444444444,0.27447916666666666,12697.741485204622,78.75416279069768,128.22,{'derived_from': 'd1_cheap'}
test,drift,homog,med,d2_capacity,1002,172,172,0,1.0,0.7465277777777778,0.4479166666666667,30,0.3005555555555555,0.03424479166666667,5258.062497514266,190.18412209302326,226.273,"{'family': 'd_capacity', 'alpha': 0.0, 'beta': 0.8, 'gamma': 0.2}"
test,drift,homog,med,d2_capacity_nomad_ff,1002,172,172,0,1.0,0.7465277777777778,0.4479166666666667,27,0.5240277777777778,0.2819010416666667,8970.984290137487,111.47048837209303,176.06,{'derived_from': 'd2_capacity'}
test,drift,homog,med,ff_only_cheap,1002,172,172,0,1.0,0.7465277777777778,0.4479166666666667,27,0.5269444444444444,0.27447916666666666,12550.18157267055,79.68012209302326,128.21,"{'alpha': 0, 'beta': 0, 'gamma': 1}"
test,drift,homog,med,binpack,1003,172,172,0,1.0,0.7465277777777778,0.4479166666666667,27,0.5320833333333334,0.30052083333333335,19468.24966173916,51.36568604651163,86.933,{}
test,drift,homog,med,spread,1003,172,172,0,1.0,0.7465277777777778,0.4479166666666667,30,0.3061111111111111,0.0,11762.736307901387,85.01423255813954,102.462,{}
test,drift,homog,med,tetris,1003,172,172,0,1.0,0.7465277777777778,0.4479166666666667,30,0.29861111111111105,0.00859375,11943.994056335237,83.72408720930233,100.869,{}
test,drift,homog,med,hybrid,1003,172,172,0,1.0,0.7465277777777778,0.4479166666666667,30,0.30124999999999996,0.02109375,9485.537533279346,105.4236511627907,131.666,"{'family': 'hybrid', 'alpha': 0.1}"
test,drift,homog,med,balance,1003,172,172,0,1.0,0.7465277777777778,0.4479166666666667,27,0.36000000000000004,0.08515625,12724.122094757426,78.59088372093024,101.89,"{'family': 'balance', 'lam': 0.8}"
test,drift,homog,med,wmatch,1003,172,172,0,1.0,0.7465277777777778,0.4479166666666667,27,0.535,0.3104166666666667,12061.801585748224,82.9063546511628,136.485,"{'family': 'wmatch', 'lam': 0.8}"
test,drift,homog,med,d1_cheap,1003,172,172,0,1.0,0.7465277777777778,0.4479166666666667,30,0.29888888888888887,0.019140625,7257.395296355526,137.79048255813953,169.868,"{'family': 'd_cheap', 'alpha': 0.0, 'beta': 0.8, 'gamma': 0.2}"
test,drift,homog,med,d1_cheap_nomad_ff,1003,172,172,0,1.0,0.7465277777777778,0.4479166666666667,27,0.5145833333333333,0.3033854166666667,12589.37080886488,79.43208720930232,123.702,{'derived_from': 'd1_cheap'}
test,drift,homog,med,d2_capacity,1003,172,172,0,1.0,0.7465277777777778,0.4479166666666667,30,0.29888888888888887,0.015234375,5288.138036144177,189.10247674418605,230.361,"{'family': 'd_capacity', 'alpha': 0.0, 'beta': 0.8, 'gamma': 0.2}"
test,drift,homog,med,d2_capacity_nomad_ff,1003,172,172,0,1.0,0.7465277777777778,0.4479166666666667,27,0.5145833333333333,0.3033854166666667,9179.255544230322,108.94129651162791,174.556,{'derived_from': 'd2_capacity'}
test,drift,homog,med,ff_only_cheap,1003,172,172,0,1.0,0.7465277777777778,0.4479166666666667,27,0.5145833333333333,0.3033854166666667,12584.452099660959,79.46313372093023,122.559,"{'alpha': 0, 'beta': 0, 'gamma': 1}"
test,drift,homog,med,binpack,1004,172,172,0,1.0,0.7465277777777778,0.4479166666666667,27,0.5598611111111111,0.2981770833333333,19353.879727114796,51.66922674418605,86.882,{}
test,drift,homog,med,spread,1004,172,172,0,1.0,0.7465277777777778,0.4479166666666667,30,0.2986111111111111,0.055859375,11904.691043505693,84.0005,99.406,{}
test,drift,homog,med,tetris,1004,172,172,0,1.0,0.7465277777777778,0.4479166666666667,30,0.2986111111111111,0.008723958333333334,11965.83503649371,83.57126744186046,99.447,{}
test,drift,homog,med,hybrid,1004,172,172,0,1.0,0.7465277777777778,0.4479166666666667,30,0.30083333333333334,0.03216145833333333,9541.900565740394,104.80092441860465,129.101,"{'family': 'hybrid', 'alpha': 0.1}"
test,drift,homog,med,balance,1004,172,172,0,1.0,0.7465277777777778,0.4479166666666667,26,0.3536111111111111,0.09674479166666666,12900.145449139938,77.51850581395348,100.468,"{'family': 'balance', 'lam': 0.8}"
test,drift,homog,med,wmatch,1004,172,172,0,1.0,0.7465277777777778,0.4479166666666667,27,0.5559722222222222,0.28098958333333335,11771.322621703499,84.95222093023257,136.486,"{'family': 'wmatch', 'lam': 0.8}"
test,drift,homog,med,d1_cheap,1004,172,172,0,1.0,0.7465277777777778,0.4479166666666667,30,0.29861111111111105,0.026953125,7189.799547134591,139.08593604651162,170.008,"{'family': 'd_cheap', 'alpha': 0.0, 'beta': 0.8, 'gamma': 0.2}"
test,drift,homog,med,d1_cheap_nomad_ff,1004,172,172,0,1.0,0.7465277777777778,0.4479166666666667,27,0.5588888888888889,0.290234375,12882.587572572222,77.62415697674419,126.808,{'derived_from': 'd1_cheap'}
test,drift,homog,med,d2_capacity,1004,172,172,0,1.0,0.7465277777777778,0.4479166666666667,30,0.29888888888888887,0.0203125,5175.003110267132,193.2365988372093,225.873,"{'family': 'd_capacity', 'alpha': 0.0, 'beta': 0.8, 'gamma': 0.2}"
test,drift,homog,med,d2_capacity_nomad_ff,1004,172,172,0,1.0,0.7465277777777778,0.4479166666666667,27,0.5637500000000001,0.29348958333333336,9121.392476017898,109.63238372093024,176.7,{'derived_from': 'd2_capacity'}
test,drift,homog,med,ff_only_cheap,1004,172,172,0,1.0,0.7465277777777778,0.4479166666666667,27,0.5588888888888889,0.290234375,12818.467178128476,78.01244767441861,126.156,"{'alpha': 0, 'beta': 0, 'gamma': 1}"
test,drift,homog,med,binpack,1005,172,172,0,1.0,0.7465277777777778,0.4479166666666667,27,0.5379166666666666,0.283203125,19301.16106583256,51.8103546511628,82.855,{}
test,drift,homog,med,spread,1005,172,172,0,1.0,0.7465277777777778,0.4479166666666667,30,0.31430555555555556,0.04010416666666667,11875.20375985521,84.20908139534885,99.847,{}
test,drift,homog,med,tetris,1005,172,172,0,1.0,0.7465277777777778,0.4479166666666667,30,0.2986111111111111,0.01640625,11970.293628518919,83.54013953488372,101.83,{}
test,drift,homog,med,hybrid,1005,172,172,0,1.0,0.7465277777777778,0.4479166666666667,30,0.30083333333333334,0.038802083333333334,9463.924784247276,105.66440697674419,129.973,"{'family': 'hybrid', 'alpha': 0.1}"
test,drift,homog,med,balance,1005,172,172,0,1.0,0.7465277777777778,0.4479166666666667,26,0.33694444444444444,0.11966145833333333,13093.419262703472,76.37424418604652,98.915,"{'family': 'balance', 'lam': 0.8}"
test,drift,homog,med,wmatch,1005,172,172,0,1.0,0.7465277777777778,0.4479166666666667,27,0.5379166666666666,0.273046875,11920.916363613176,83.88616860465116,138.269,"{'family': 'wmatch', 'lam': 0.8}"
test,drift,homog,med,d1_cheap,1005,172,172,0,1.0,0.7465277777777778,0.4479166666666667,30,0.2986111111111111,0.034895833333333334,7268.8362170609735,137.57360465116278,167.644,"{'family': 'd_cheap', 'alpha': 0.0, 'beta': 0.8, 'gamma': 0.2}"
test,drift,homog,med,d1_cheap_nomad_ff,1005,172,172,0,1.0,0.7465277777777778,0.4479166666666667,27,0.5438888888888889,0.27578125,12688.218096895644,78.81327325581395,127.839,{'derived_from': 'd1_cheap'}
test,drift,homog,med,d2_capacity,1005,172,172,0,1.0,0.7465277777777778,0.4479166666666667,30,0.3005555555555555,0.018489583333333334,5181.8541590043515,192.98111627906977,236.222,"{'family': 'd_capacity', 'alpha': 0.0, 'beta': 0.8, 'gamma': 0.2}"
test,drift,homog,med,d2_capacity_nomad_ff,1005,172,172,0,1.0,0.7465277777777778,0.4479166666666667,27,0.5438888888888889,0.27578125,9122.360502003497,109.62075,179.867,{'derived_from': 'd2_capacity'}
test,drift,homog,med,ff_only_cheap,1005,172,172,0,1.0,0.7465277777777778,0.4479166666666667,27,0.5438888888888889,0.27578125,12698.72583052251,78.74805813953489,127.569,"{'alpha': 0, 'beta': 0, 'gamma': 1}"
test,drift,homog,med,binpack,1006,172,172,0,1.0,0.7465277777777778,0.4479166666666667,27,0.5465277777777777,0.3151041666666667,19563.470723493545,51.11567441860465,83.607,{}
test,drift,homog,med,spread,1006,172,172,0,1.0,0.7465277777777778,0.4479166666666667,30,0.32472222222222225,0.06966145833333333,11903.644702227559,84.00788372093022,98.314,{}
test,drift,homog,med,tetris,1006,172,172,0,1.0,0.7465277777777778,0.4479166666666667,30,0.2986111111111111,0.005338541666666667,12011.183249594902,83.25574418604651,99.396,{}
test,drift,homog,med,hybrid,1006,172,172,0,1.0,0.7465277777777778,0.4479166666666667,30,0.29861111111111105,0.03138020833333333,9557.672048932613,104.62798837209303,130.404,"{'family': 'hybrid', 'alpha': 0.1}"
test,drift,homog,med,balance,1006,172,172,0,1.0,0.7465277777777778,0.4479166666666667,27,0.3472222222222222,0.10104166666666667,12935.675623193094,77.30558720930232,101.019,"{'family': 'balance', 'lam': 0.8}"
test,drift,homog,med,wmatch,1006,172,172,0,1.0,0.7465277777777778,0.4479166666666667,27,0.5465277777777777,0.3151041666666667,11788.053808079381,84.83164534883721,136.095,"{'family': 'wmatch', 'lam': 0.8}"
test,drift,homog,med,d1_cheap,1006,172,172,0,1.0,0.7465277777777778,0.4479166666666667,30,0.29888888888888887,0.037369791666666666,7181.458076484867,139.24748837209304,170.339,"{'family': 'd_cheap', 'alpha': 0.0, 'beta': 0.8, 'gamma': 0.2}"
test,drift,homog,med,d1_cheap_nomad_ff,1006,172,172,0,1.0,0.7465277777777778,0.4479166666666667,27,0.5227777777777778,0.29466145833333335,12475.976491778621,80.15404651162791,126.146,{'derived_from': 'd1_cheap'}
test,drift,homog,med,d2_capacity,1006,172,172,0,1.0,0.7465277777777778,0.4479166666666667,30,0.29916666666666664,0.031510416666666666,5179.1401338615005,193.0822441860465,230.04,"{'family': 'd_capacity', 'alpha': 0.0, 'beta': 0.8, 'gamma': 0.2}"
test,drift,homog,med,d2_capacity_nomad_ff,1006,172,172,0,1.0,0.7465277777777778,0.4479166666666667,27,0.5456944444444445,0.30703125,8925.009115703351,112.0447034883721,182.07,{'derived_from': 'd2_capacity'}
test,drift,homog,med,ff_only_cheap,1006,172,172,0,1.0,0.7465277777777778,0.4479166666666667,27,0.5227777777777778,0.29466145833333335,12508.97901058776,79.94257558139535,127.107,"{'alpha': 0, 'beta': 0, 'gamma': 1}"
test,drift,homog,med,binpack,1007,172,172,0,1.0,0.7465277777777778,0.4479166666666667,27,0.5408333333333334,0.287109375,19220.67966334756,52.02729651162791,86.131,{}
test,drift,homog,med,spread,1007,172,172,0,1.0,0.7465277777777778,0.4479166666666667,30,0.3138888888888889,0.05651041666666667,11977.532377637668,83.48965116279071,99.116,{}
test,drift,homog,med,tetris,1007,172,172,0,1.0,0.7465277777777778,0.4479166666666667,30,0.2986111111111111,0.011848958333333333,11644.459711624955,85.87775,100.207,{}
test,drift,homog,med,hybrid,1007,172,172,0,1.0,0.7465277777777778,0.4479166666666667,30,0.29888888888888887,0.030338541666666666,9487.01660409924,105.40721511627906,129.382,"{'family': 'hybrid', 'alpha': 0.1}"
test,drift,homog,med,balance,1007,172,172,0,1.0,0.7465277777777778,0.4479166666666667,29,0.3558333333333333,0.08294270833333334,12437.05638303357,80.40487790697675,104.155,"{'family': 'balance', 'lam': 0.8}"
test,drift,homog,med,wmatch,1007,172,172,0,1.0,0.7465277777777778,0.4479166666666667,27,0.5369444444444444,0.2877604166666667,11976.27305345526,83.49843023255814,138.369,"{'family': 'wmatch', 'lam': 0.8}"
test,drift,homog,med,d1_cheap,1007,172,172,0,1.0,0.7465277777777778,0.4479166666666667,30,0.29958333333333337,0.03359375,7201.447859465922,138.8609651162791,168.996,"{'family': 'd_cheap', 'alpha': 0.0, 'beta': 0.8, 'gamma': 0.2}"
test,drift,homog,med,d1_cheap_nomad_ff,1007,172,172,0,1.0,0.7465277777777778,0.4479166666666667,27,0.5466666666666666,0.299609375,12791.413689192445,78.17744186046511,126.287,{'derived_from': 'd1_cheap'}
test,drift,homog,med,d2_capacity,1007,172,172,0,1.0,0.7465277777777778,0.4479166666666667,30,0.29888888888888887,0.025520833333333333,5216.227964204181,191.70941279069768,238.255,"{'family': 'd_capacity', 'alpha': 0.0, 'beta': 0.8, 'gamma': 0.2}"
test,drift,homog,med,d2_capacity_nomad_ff,1007,172,172,0,1.0,0.7465277777777778,0.4479166666666667,27,0.5466666666666666,0.299609375,9236.769495719107,108.26295930232558,173.424,{'derived_from': 'd2_capacity'}
test,drift,homog,med,ff_only_cheap,1007,172,172,0,1.0,0.7465277777777778,0.4479166666666667,27,0.5466666666666666,0.299609375,12728.384779071872,78.56456395348836,123.711,"{'alpha': 0, 'beta': 0, 'gamma': 1}"
test,drift,homog,med,binpack,1008,172,172,0,1.0,0.7465277777777778,0.4479166666666667,27,0.538888888888889,0.29244791666666664,19356.17970232221,51.663087209302326,84.959,{}
test,drift,homog,med,spread,1008,172,172,0,1.0,0.7465277777777778,0.4479166666666667,30,0.3266666666666667,0.07096354166666667,11805.99699345186,84.70271511627907,100.478,{}
test,drift,homog,med,tetris,1008,172,172,0,1.0,0.7465277777777778,0.4479166666666667,30,0.2986111111111111,0.005338541666666667,11988.965133440666,83.41003488372093,99.326,{}
test,drift,homog,med,hybrid,1008,172,172,0,1.0,0.7465277777777778,0.4479166666666667,30,0.3005555555555555,0.021744791666666666,9441.709520317241,105.91302325581395,128.66,"{'family': 'hybrid', 'alpha': 0.1}"
test,drift,homog,med,balance,1008,172,172,0,1.0,0.7465277777777778,0.4479166666666667,25,0.3402777777777778,0.129296875,12792.280364541315,78.1721453488372,102.802,"{'family': 'balance', 'lam': 0.8}"
test,drift,homog,med,wmatch,1008,172,172,0,1.0,0.7465277777777778,0.4479166666666667,27,0.5369444444444444,0.2838541666666667,12006.682416827896,83.28695348837209,139.391,"{'family': 'wmatch', 'lam': 0.8}"
test,drift,homog,med,d1_cheap,1008,172,172,0,1.0,0.7465277777777778,0.4479166666666667,30,0.3025,0.032942708333333334,7210.617785609217,138.68437209302326,172.553,"{'family': 'd_cheap', 'alpha': 0.0, 'beta': 0.8, 'gamma': 0.2}"
test,drift,homog,med,d1_cheap_nomad_ff,1008,172,172,0,1.0,0.7465277777777778,0.4479166666666667,27,0.538888888888889,0.29244791666666664,12683.076896757837,78.84522093023257,124.744,{'derived_from': 'd1_cheap'}
test,drift,homog,med,d2_capacity,1008,172,172,0,1.0,0.7465277777777778,0.4479166666666667,30,0.30083333333333334,0.020442708333333334,5174.283558019076,193.26347093023256,233.356,"{'family': 'd_capacity', 'alpha': 0.0, 'beta': 0.8, 'gamma': 0.2}"
test,drift,homog,med,d2_capacity_nomad_ff,1008,172,172,0,1.0,0.7465277777777778,0.4479166666666667,27,0.5398611111111111,0.2950520833333333,9121.987973931691,109.62522674418605,177.993,{'derived_from': 'd2_capacity'}
test,drift,homog,med,ff_only_cheap,1008,172,172,0,1.0,0.7465277777777778,0.4479166666666667,27,0.538888888888889,0.29244791666666664,12767.38390662351,78.32458139534884,126.907,"{'alpha': 0, 'beta': 0, 'gamma': 1}"
test,drift,homog,med,binpack,1009,172,172,0,1.0,0.7465277777777778,0.4479166666666667,27,0.5369444444444444,0.31979166666666664,19548.173518680327,51.15567441860465,82.765,{}
test,drift,homog,med,spread,1009,172,172,0,1.0,0.7465277777777778,0.4479166666666667,30,0.3061111111111111,0.042708333333333334,11979.757274794667,83.47414534883721,95.057,{}
test,drift,homog,med,tetris,1009,172,172,0,1.0,0.7465277777777778,0.4479166666666667,30,0.29861111111111105,0.005989583333333334,11904.918461690733,83.99889534883721,101.48,{}
test,drift,homog,med,hybrid,1009,172,172,0,1.0,0.7465277777777778,0.4479166666666667,30,0.29861111111111105,0.029036458333333334,9591.182535928736,104.26243023255813,127.178,"{'family': 'hybrid', 'alpha': 0.1}"
test,drift,homog,med,balance,1009,172,172,0,1.0,0.7465277777777778,0.4479166666666667,28,0.3448611111111111,0.10494791666666667,12771.2593204205,78.30081395348837,96.981,"{'family': 'balance', 'lam': 0.8}"
test,drift,homog,med,wmatch,1009,172,172,0,1.0,0.7465277777777778,0.4479166666666667,27,0.5369444444444444,0.31979166666666664,12046.740512719081,83.01000581395348,134.511,"{'family': 'wmatch', 'lam': 0.8}"
test,drift,homog,med,d1_cheap,1009,172,172,0,1.0,0.7465277777777778,0.4479166666666667,30,0.30374999999999996,0.022395833333333334,7244.097008566987,138.04343023255814,162.294,"{'family': 'd_cheap', 'alpha': 0.0, 'beta': 0.8, 'gamma': 0.2}"
test,drift,homog,med,d1_cheap_nomad_ff,1009,172,172,0,1.0,0.7465277777777778,0.4479166666666667,26,0.4831944444444444,0.282421875,12416.406722213724,80.53859883720929,127.498,{'derived_from': 'd1_cheap'}
test,drift,homog,med,d2_capacity,1009,172,172,0,1.0,0.7465277777777778,0.4479166666666667,30,0.3011111111111111,0.027083333333333334,5129.358851615282,194.95613953488373,240.009,"{'family': 'd_capacity', 'alpha': 0.0, 'beta': 0.8, 'gamma': 0.2}"
test,drift,homog,med,d2_capacity_nomad_ff,1009,172,172,0,1.0,0.7465277777777778,0.4479166666666667,27,0.5398611111111111,0.3157552083333333,9202.2406385927,108.66918604651163,173.435,{'derived_from': 'd2_capacity'}
test,drift,homog,med,ff_only_cheap,1009,172,172,0,1.0,0.7465277777777778,0.4479166666666667,26,0.4831944444444444,0.282421875,12577.258736734282,79.50858139534884,124.182,"{'alpha': 0, 'beta': 0, 'gamma': 1}"
test,drift,hetero,high,binpack,1000,238,177,61,0.7436974789915967,0.9418000204018735,0.35310381655261114,30,0.6830166053875666,0.44355188351816976,30344.04150758888,32.95539915966387,79.449,{}
test,drift,hetero,high,spread,1000,238,194,44,0.8151260504201681,0.9840347435819619,0.4432733592477781,30,0.5521432162616426,0.40023236230718656,19292.386081499953,51.83392016806722,92.002,{}
test,drift,hetero,high,tetris,1000,238,201,37,0.8445378151260504,0.9897983546411689,0.4774027653705715,30,0.5124546687079858,0.3812440019117865,18329.810749324974,54.555936974789915,87.904,{}
test,drift,hetero,high,hybrid,1000,238,201,37,0.8445378151260504,0.9853948150909501,0.45953567203015205,30,0.5331603036576643,0.38693807551382525,14270.880621865015,70.07276050420168,116.969,"{'family': 'hybrid', 'alpha': 0.1}"
test,drift,hetero,high,balance,1000,238,194,44,0.8151260504201681,0.9866503690869849,0.4093721162397646,30,0.5845794134440868,0.39769354787323175,20715.793329148975,48.2723487394958,94.156,"{'family': 'balance', 'lam': 0.8}"
test,drift,hetero,high,wmatch,1000,238,179,59,0.7521008403361344,0.9430399369117887,0.35494703025620106,30,0.6841732996091531,0.4507982907325078,18744.049453418007,53.35026470588235,131.105,"{'family': 'wmatch', 'lam': 0.8}"
test,drift,hetero,high,d1_cheap,1000,238,200,38,0.8403361344537815,0.9842371623714951,0.45577197367358224,30,0.5357663492947791,0.391999474271193,10894.076890394692,91.793,157.144,"{'family': 'd_cheap', 'alpha': 0.0, 'beta': 0.8, 'gamma': 0.2}"
test,drift,hetero,high,d1_cheap_nomad_ff,1000,238,182,56,0.7647058823529411,0.9495661205220582,0.3647568784036949,30,0.6610991209056339,0.4437934729360283,19175.379714816987,52.15020588235294,121.898,{'derived_from': 'd1_cheap'}
test,drift,hetero,high,d2_capacity,1000,238,201,37,0.8445378151260504,0.9866597970464287,0.45848300788986485,30,0.5354779497534302,0.38883610004783814,8006.55676445218,124.89763445378152,217.177,"{'family': 'd_capacity', 'alpha': 0.0, 'beta': 0.8, 'gamma': 0.2}"
test,drift,hetero,high,d2_capacity_nomad_ff,1000,238,183,55,0.7689075630252101,0.9505380143159761,0.36800742079803267,30,0.6571766088725839,0.4374377097051413,13377.894086762839,74.75018067226891,180.989,{'derived_from': 'd2_capacity'}
test,drift,hetero,high,ff_only_cheap,1000,238,182,56,0.7647058823529411,0.9495661205220582,0.3647568784036949,30,0.6610991209056339,0.4437934729360283,19558.4860778505,51.128701680672265,120.365,"{'alpha': 0, 'beta': 0, 'gamma': 1}"
test,drift,hetero,high,binpack,1001,250,185,65,0.74,0.9479124552803487,0.3996196736683805,30,0.6301834957627933,0.39516242127196705,30586.476103948506,32.694188,81.623,{}
test,drift,hetero,high,spread,1001,250,198,52,0.792,0.9709829477087605,0.4919650620282823,30,0.5118132658707302,0.3565716911880311,19154.441727323036,52.207212,92.363,{}
test,drift,hetero,high,tetris,1001,250,210,40,0.84,0.9898132352012003,0.5281062807312508,30,0.4617069544699495,0.3253158676459844,18117.925810572448,55.193956,93.445,{}
test,drift,hetero,high,hybrid,1001,250,207,43,0.828,0.9884661206533465,0.5216778513667392,30,0.4667882692866074,0.33118268618819324,14278.375200861045,70.03598,119.463,"{'family': 'hybrid', 'alpha': 0.1}"
test,drift,hetero,high,balance,1001,250,210,40,0.84,0.9906271287009722,0.4694354784714633,30,0.521191650229509,0.33118268618819324,20918.275477288105,47.805088000000005,91.331,"{'family': 'balance', 'lam': 0.8}"
test,drift,hetero,high,wmatch,1001,250,192,58,0.768,0.9569482764279168,0.41370678439052455,30,0.608766905571881,0.39108305762466256,18641.659799700585,53.643292,127.85,"{'family': 'wmatch', 'lam': 0.8}"
test,drift,hetero,high,d1_cheap,1001,250,212,38,0.848,0.991434630424741,0.5290463793843814,30,0.4623882510403596,0.3266196050998086,10873.205850358852,91.969196,150.932,"{'family': 'd_cheap', 'alpha': 0.0, 'beta': 0.8, 'gamma': 0.2}"
test,drift,hetero,high,d1_cheap_nomad_ff,1001,250,190,60,0.76,0.9535220040709667,0.4020916107310235,30,0.6263468200667897,0.39197462907684977,19576.194188955535,51.082451999999996,113.392,{'derived_from': 'd1_cheap'}
test,drift,hetero,high,d2_capacity,1001,250,207,43,0.828,0.9920440040459517,0.5314223923485323,30,0.4606216116974194,0.3331382923689295,7959.10801321403,125.64222,213.99,"{'family': 'd_capacity', 'alpha': 0.0, 'beta': 0.8, 'gamma': 0.2}"
test,drift,hetero,high,d2_capacity_nomad_ff,1001,250,191,59,0.764,0.9556119256589263,0.4116969054080469,30,0.611878121247651,0.39897703378705085,14271.78991194534,70.068296,169.177,{'derived_from': 'd2_capacity'}
test,drift,hetero,high,ff_only_cheap,1001,250,190,60,0.76,0.9535220040709667,0.4020916107310235,30,0.6263468200667897,0.39197462907684977,19515.32823650205,51.241772,114.494,"{'alpha': 0, 'beta': 0, 'gamma': 1}"
test,drift,hetero,high,binpack,1002,263,188,75,0.714828897338403,0.9333719848654405,0.3885160349806494,30,0.657436384552084,0.39018318460499285,32114.95150031773,31.138144486692013,79.148,{}
test,drift,hetero,high,spread,1002,263,205,58,0.779467680608365,0.9456724609427832,0.5450667812720372,30,0.4791054977387107,0.3428250702179338,19420.057995824907,51.49315209125475,90.679,{}
test,drift,hetero,high,tetris,1002,263,227,36,0.8631178707224335,0.9875708225698442,0.5874303855878579,30,0.40020803049724585,0.2792484235065394,17515.5130503559,57.092247148288976,90.64,{}
test,drift,hetero,high,hybrid,1002,263,228,35,0.8669201520912547,0.9913163460245292,0.5836227912080604,30,0.40769355481646874,0.2740584931627521,14098.177888235543,70.93115209125476,115.867,"{'family': 'hybrid', 'alpha': 0.1}"
test,drift,hetero,high,balance,1002,263,221,42,0.8403041825095057,0.9907663630439265,0.5090624958946215,30,0.482734797584329,0.2889795429011406,21487.97792571892,46.537650190114064,93.154,"{'family': 'balance', 'lam': 0.8}"
test,drift,hetero,high,wmatch,1002,263,190,73,0.7224334600760456,0.9345440270197101,0.38912264770545035,30,0.6527899916249882,0.39148066719093966,19700.083826478367,50.76120532319391,128.22,"{'family': 'wmatch', 'lam': 0.8}"
test,drift,hetero,high,d1_cheap,1002,263,229,34,0.870722433460076,0.9913825219132335,0.5841782263329577,30,0.40720429558027577,0.2727610105768053,10637.107318341968,94.01052091254752,157.725,"{'family': 'd_cheap', 'alpha': 0.0, 'beta': 0.8, 'gamma': 0.2}"
test,drift,hetero,high,d1_cheap_nomad_ff,1002,263,192,71,0.7300380228136882,0.9369620805304758,0.3962673967228906,30,0.6486070474414812,0.3869394781401258,20871.125876617047,47.91308365019012,116.158,{'derived_from': 'd1_cheap'}
test,drift,hetero,high,d2_capacity,1002,263,228,35,0.8669201520912547,0.9902340251843634,0.576440433272207,30,0.4137935919121565,0.27600471704167234,7652.051500459647,130.68390874524715,226.123,"{'family': 'd_capacity', 'alpha': 0.0, 'beta': 0.8, 'gamma': 0.2}"
test,drift,hetero,high,d2_capacity_nomad_ff,1002,263,188,75,0.714828897338403,0.9323433150791463,0.392076154964054,30,0.6543543611622769,0.39018318460499285,14975.961304393702,66.77367680608364,172.212,{'derived_from': 'd2_capacity'}
test,drift,hetero,high,ff_only_cheap,1002,263,192,71,0.7300380228136882,0.9369620805304758,0.3962673967228906,30,0.6486070474414812,0.3869394781401258,20874.27329947891,47.90585931558935,115.626,"{'alpha': 0, 'beta': 0, 'gamma': 1}"
test,drift,hetero,high,binpack,1003,254,190,64,0.7480314960629921,0.9601664351900911,0.37217189484648017,30,0.6457214678823547,0.40767760711341117,31437.76794818066,31.80887401574803,79.79,{}
test,drift,hetero,high,spread,1003,254,203,51,0.7992125984251969,0.9765490186447967,0.4755670847420216,30,0.5249559035347953,0.37969741339030205,19141.429997454343,52.242700787401574,90.158,{}
test,drift,hetero,high,tetris,1003,254,213,41,0.8385826771653543,0.9899012590023376,0.5007434213251197,30,0.4891578376772179,0.35626918810446767,18302.732821390044,54.636649606299216,91.06,{}
test,drift,hetero,high,hybrid,1003,254,209,45,0.8228346456692913,0.9895068789514115,0.4846307575796526,30,0.5048761213717589,0.3575167284375985,14498.695887970061,68.97172047244094,117.089,"{'family': 'hybrid', 'alpha': 0.1}"
test,drift,hetero,high,balance,1003,254,210,44,0.8267716535433071,0.9903615544765895,0.43508874568268213,30,0.5552728087939073,0.3637544301032529,20965.656686051094,47.69705118110236,92.463,"{'family': 'balance', 'lam': 0.8}"
test,drift,hetero,high,wmatch,1003,254,190,64,0.7480314960629921,0.9602852822369071,0.37184327854990096,30,0.6465471427131088,0.4149035837616189,19690.195701165154,50.7866968503937,128.049,"{'family': 'wmatch', 'lam': 0.8}"
test,drift,hetero,high,d1_cheap,1003,254,210,44,0.8267716535433071,0.9880959220349016,0.4802902783471878,30,0.5078056436877139,0.3600118091038603,11184.829214703454,89.4068188976378,153.236,"{'family': 'd_cheap', 'alpha': 0.0, 'beta': 0.8, 'gamma': 0.2}"
test,drift,hetero,high,d1_cheap_nomad_ff,1003,254,195,59,0.7677165354330708,0.9641903648064162,0.38076312461135753,30,0.6347211483918348,0.4086658820959645,20332.075626356007,49.183370078740154,118.772,{'derived_from': 'd1_cheap'}
test,drift,hetero,high,d2_capacity,1003,254,214,40,0.84251968503937,0.990744588746996,0.48950576927930123,30,0.5012388194676949,0.35502164777133677,7982.8044107320065,125.26925984251969,214.982,"{'family': 'd_capacity', 'alpha': 0.0, 'beta': 0.8, 'gamma': 0.2}"
test,drift,hetero,high,d2_capacity_nomad_ff,1003,254,200,54,0.7874015748031497,0.970494706013032,0.3831926041504038,30,0.6260020090382554,0.3985981181068933,14096.734008725987,70.93841732283465,177.402,{'derived_from': 'd2_capacity'}
test,drift,hetero,high,ff_only_cheap,1003,254,195,59,0.7677165354330708,0.9641903648064162,0.38076312461135753,30,0.6347211483918348,0.4086658820959645,20420.407962769255,48.97061811023622,118.942,"{'alpha': 0, 'beta': 0, 'gamma': 1}"
test,drift,hetero,high,binpack,1004,270,195,75,0.7222222222222222,0.9375865060143405,0.37875999471940036,30,0.6630791330438479,0.392579745232357,32321.38276142642,30.93927037037037,76.934,{}
test,drift,hetero,high,spread,1004,270,223,47,0.825925925925926,0.9910330080163262,0.5102567527455524,30,0.48360719222469384,0.3219392479845283,18294.19628818888,54.66214444444444,91.582,{}
test,drift,hetero,high,tetris,1004,270,226,44,0.837037037037037,0.9850006592404806,0.5281829822362032,30,0.45681767700427744,0.32007984921300503,17292.642166493944,57.82806296296296,90.309,{}
test,drift,hetero,high,hybrid,1004,270,228,42,0.8444444444444444,0.9908340099128595,0.5287000404483004,30,0.4621339694645591,0.3138818533079276,14028.682108192937,71.28253333333333,118.372,"{'family': 'hybrid', 'alpha': 0.1}"
test,drift,hetero,high,balance,1004,270,225,45,0.8333333333333334,0.989217798346281,0.46189741673636164,30,0.5273203816099192,0.32131944839402055,20652.090523161052,48.421248148148145,94.086,"{'family': 'balance', 'lam': 0.8}"
test,drift,hetero,high,wmatch,1004,270,195,75,0.7222222222222222,0.9369862158153154,0.3747749426557983,30,0.6662205898982325,0.392579745232357,20076.360063717904,49.80982592592593,126.757,"{'family': 'wmatch', 'lam': 0.8}"
test,drift,hetero,high,d1_cheap,1004,270,225,45,0.8333333333333334,0.9904473381368125,0.5328059631046617,30,0.4576413750321508,0.3138818533079276,10649.37187638146,93.90225185185184,157.164,"{'family': 'd_cheap', 'alpha': 0.0, 'beta': 0.8, 'gamma': 0.2}"
test,drift,hetero,high,d1_cheap_nomad_ff,1004,270,196,74,0.725925925925926,0.9381533074495082,0.380251949034256,30,0.66215398016416,0.3913401460513415,21141.390802837268,47.300577777777775,119.253,{'derived_from': 'd1_cheap'}
test,drift,hetero,high,d2_capacity,1004,270,224,46,0.8296296296296296,0.9916070407533765,0.519407447928099,30,0.47219959282527746,0.32069964880351276,7645.696390415763,130.79253333333335,227.445,"{'family': 'd_capacity', 'alpha': 0.0, 'beta': 0.8, 'gamma': 0.2}"
test,drift,hetero,high,d2_capacity_nomad_ff,1004,270,204,66,0.7555555555555555,0.9533913164407619,0.3900590063492045,30,0.639322007012097,0.38639840539733356,14679.916650695463,68.12027777777779,177.051,{'derived_from': 'd2_capacity'}
test,drift,hetero,high,ff_only_cheap,1004,270,196,74,0.725925925925926,0.9381533074495082,0.380251949034256,30,0.66215398016416,0.3913401460513415,21120.132014905183,47.348188888888885,120.194,"{'alpha': 0, 'beta': 0, 'gamma': 1}"
test,drift,hetero,high,binpack,1005,253,184,69,0.7272727272727273,0.9427582500401374,0.4034580316391428,30,0.6310194070116039,0.37290886170662313,31812.398888753927,31.434284584980237,78.507,{}
test,drift,hetero,high,spread,1005,253,203,50,0.8023715415019763,0.9757205349033967,0.5540925853632624,30,0.44759414181404117,0.31445325027564963,19268.03991180264,51.89941501976285,88.125,{}
test,drift,hetero,high,tetris,1005,253,216,37,0.8537549407114624,0.9895600408987781,0.5750090232864227,30,0.4145510176123555,0.27830404293169914,17861.94621789174,55.98494071146245,94.537,{}
test,drift,hetero,high,hybrid,1005,253,213,40,0.841897233201581,0.9901119094631202,0.5666053282462251,30,0.4235065812168953,0.28240458814231445,14143.446863098088,70.70412252964427,119.373,"{'family': 'hybrid', 'alpha': 0.1}"
test,drift,hetero,high,balance,1005,253,212,41,0.8379446640316206,0.9894141661531674,0.5097131142916346,30,0.47970105186153283,0.28582170915116056,20990.29037287384,47.641075098814234,93.104,"{'family': 'balance', 'lam': 0.8}"
test,drift,hetero,high,wmatch,1005,253,184,69,0.7272727272727273,0.9447430208174402,0.40948288976880104,30,0.6244191891077446,0.37196624413857454,19698.25696119272,50.765913043478264,128.831,"{'family': 'wmatch', 'lam': 0.8}"
test,drift,hetero,high,d1_cheap,1005,253,216,37,0.8537549407114624,0.9885876876441625,0.5847140852140584,30,0.40387360243010406,0.27830404293169914,10696.977418934352,93.48435177865613,158.877,"{'family': 'd_cheap', 'alpha': 0.0, 'beta': 0.8, 'gamma': 0.2}"
test,drift,hetero,high,d1_cheap_nomad_ff,1005,253,187,66,0.7391304347826086,0.9445537733616708,0.42125532875759253,30,0.6136164570354993,0.3620071600428072,20690.295311031157,48.33183794466403,117.409,{'derived_from': 'd1_cheap'}
test,drift,hetero,high,d2_capacity,1005,253,215,38,0.849802371541502,0.9897769050252769,0.5748383965256905,30,0.4149385084995864,0.2776206187299299,7777.896717770625,128.56946245059288,221.965,"{'family': 'd_capacity', 'alpha': 0.0, 'beta': 0.8, 'gamma': 0.2}"
test,drift,hetero,high,d2_capacity_nomad_ff,1005,253,180,73,0.7114624505928854,0.9392407309582463,0.39954768523800877,30,0.6423811470936518,0.37157509886757634,14912.449773631371,67.05806324110672,177.422,{'derived_from': 'd2_capacity'}
test,drift,hetero,high,ff_only_cheap,1005,253,187,66,0.7391304347826086,0.9445537733616708,0.42125532875759253,30,0.6136164570354993,0.3620071600428072,20424.333696477446,48.96120553359684,119.364,"{'alpha': 0, 'beta': 0, 'gamma': 1}"
test,drift,hetero,high,binpack,1006,260,194,66,0.7461538461538462,0.9525487466901115,0.4245721985416832,30,0.6055004956346095,0.3885292024500163,30566.949908645965,32.715073076923076,78.547,{}
test,drift,hetero,high,spread,1006,260,209,51,0.8038461538461539,0.9676941368663365,0.5043008263324915,30,0.4977162195830097,0.35566828498421116,18750.470113950214,53.33199615384615,91.02,{}
test,drift,hetero,high,tetris,1006,260,217,43,0.8346153846153846,0.9906148288796776,0.5574832924874599,30,0.4331315363922178,0.31249806007815323,18281.74389273735,54.699376923076926,91.07,{}
test,drift,hetero,high,hybrid,1006,260,212,48,0.8153846153846154,0.9894778098061857,0.5444252170805355,30,0.4450525927256502,0.3150753869382164,14610.36872018958,68.4445423076923,121.197,"{'family': 'hybrid', 'alpha': 0.1}"
test,drift,hetero,high,balance,1006,260,215,45,0.8269230769230769,0.9900249482014711,0.48161398207568795,30,0.5084109661257831,0.3150753869382164,22451.697762843753,44.540061538461536,90.91,"{'family': 'balance', 'lam': 0.8}"
test,drift,hetero,high,wmatch,1006,260,193,67,0.7423076923076923,0.9466637414408978,0.41585369620049556,30,0.6209275708408637,0.39561685131519003,19351.950803172946,51.67437692307693,130.735,"{'family': 'wmatch', 'lam': 0.8}"
test,drift,hetero,high,d1_cheap,1006,260,215,45,0.8269230769230769,0.9898169782067531,0.5507191780994638,30,0.43909780010728927,0.31120939664812164,11260.46579089982,88.80627307692308,153.407,"{'family': 'd_cheap', 'alpha': 0.0, 'beta': 0.8, 'gamma': 0.2}"
test,drift,hetero,high,d1_cheap_nomad_ff,1006,260,190,70,0.7307692307692307,0.9443559343398511,0.40950249580553166,30,0.6298008914480054,0.4014158367503322,20428.11033693811,48.95215384615384,119.995,{'derived_from': 'd1_cheap'}
test,drift,hetero,high,d2_capacity,1006,260,220,40,0.8461538461538461,0.9899261175440848,0.5639882409777147,30,0.42593787656637006,0.31056506493310587,8039.2371666797,124.38991153846155,217.617,"{'family': 'd_capacity', 'alpha': 0.0, 'beta': 0.8, 'gamma': 0.2}"
test,drift,hetero,high,d2_capacity_nomad_ff,1006,260,198,62,0.7615384615384615,0.9551066729574166,0.4310745005189673,30,0.5972162050795566,0.3775755632947479,13907.454449074912,71.90388461538461,182.952,{'derived_from': 'd2_capacity'}
test,drift,hetero,high,ff_only_cheap,1006,260,190,70,0.7307692307692307,0.9443559343398511,0.40950249580553166,30,0.6298008914480054,0.4014158367503322,20427.98835541808,48.952446153846154,123.041,"{'alpha': 0, 'beta': 0, 'gamma': 1}"
test,drift,hetero,high,binpack,1007,261,201,60,0.7701149425287356,0.9537240862319293,0.44911681271989373,30,0.5808817637607028,0.34675661312715045,30428.588416617506,32.86383141762452,81.112,{}
test,drift,hetero,high,spread,1007,261,206,55,0.789272030651341,0.9714067242957977,0.546786034108998,30,0.44750424865510846,0.32496729181587375,19317.515865157522,51.766490421455934,86.933,{}
test,drift,hetero,high,tetris,1007,261,220,41,0.842911877394636,0.9885224432671939,0.5813892117064342,30,0.4071332315607597,0.2937799203229915,18210.11204033072,54.91454406130268,89.097,{}
test,drift,hetero,high,hybrid,1007,261,217,44,0.8314176245210728,0.98932548465754,0.5847719573152266,30,0.40750636211864844,0.291805400062944,14541.94138260433,68.7666091954023,115.967,"{'family': 'hybrid', 'alpha': 0.1}"
test,drift,hetero,high,balance,1007,261,219,42,0.8390804597701149,0.987786701596449,0.5124796334641978,30,0.477571240279933,0.29509626716302323,20897.754732420664,47.852030651340996,93.425,"{'family': 'balance', 'lam': 0.8}"
test,drift,hetero,high,wmatch,1007,261,194,67,0.7432950191570882,0.9395288932412972,0.42850360266602805,30,0.614538181317416,0.3715284835070365,19309.991129981467,51.78666283524905,130.144,"{'family': 'wmatch', 'lam': 0.8}"
test,drift,hetero,high,d1_cheap,1007,261,219,42,0.8390804597701149,0.990223346962227,0.5795932665311191,30,0.41063008043110805,0.29114722664292814,11172.380368954806,89.50644061302681,151.774,"{'family': 'd_cheap', 'alpha': 0.0, 'beta': 0.8, 'gamma': 0.2}"
test,drift,hetero,high,d1_cheap_nomad_ff,1007,261,201,60,0.7701149425287356,0.9538636963524246,0.44203117681495596,30,0.5888761479161698,0.3622299560046401,20162.26685061452,49.597597701149425,119.314,{'derived_from': 'd1_cheap'}
test,drift,hetero,high,d2_capacity,1007,261,221,40,0.8467432950191571,0.9917800559149967,0.594045682436416,30,0.3977343734785808,0.2885145329628647,7957.66206693473,125.66504980842912,212.728,"{'family': 'd_capacity', 'alpha': 0.0, 'beta': 0.8, 'gamma': 0.2}"
test,drift,hetero,high,d2_capacity_nomad_ff,1007,261,198,63,0.7586206896551724,0.9516752915771958,0.43979719170218584,30,0.5915875753876041,0.35317811582499076,14418.095604900429,69.35728735632185,175.609,{'derived_from': 'd2_capacity'}
test,drift,hetero,high,ff_only_cheap,1007,261,201,60,0.7701149425287356,0.9538636963524246,0.44203117681495596,30,0.5888761479161698,0.3622299560046401,20136.78353844949,49.66036398467433,115.035,"{'alpha': 0, 'beta': 0, 'gamma': 1}"
test,drift,hetero,high,binpack,1008,250,194,56,0.776,0.9559408225526963,0.3802194349363098,30,0.6479684497200371,0.39606062440972645,31205.216613507535,32.045924,78.447,{}
test,drift,hetero,high,spread,1008,250,207,43,0.828,0.9843345544554157,0.5113165587539271,30,0.4798627128900213,0.3531374960807365,19066.85150835193,52.447044,89.207,{}
test,drift,hetero,high,tetris,1008,250,210,40,0.84,0.984486761583658,0.5127462353873992,30,0.471821672645946,0.3433661591635271,17614.9958009373,56.769811999999995,93.565,{}
test,drift,hetero,high,hybrid,1008,250,210,40,0.84,0.9880656194741031,0.49700923797970215,30,0.491056381494401,0.3414118917800852,14268.949493112692,70.082244,117.079,"{'family': 'hybrid', 'alpha': 0.1}"
test,drift,hetero,high,balance,1008,250,207,43,0.828,0.9884620877241649,0.4411289702853433,30,0.5473331174388215,0.345320426546969,21262.86988356878,47.030339999999995,91.742,"{'family': 'balance', 'lam': 0.8}"
test,drift,hetero,high,wmatch,1008,250,194,56,0.776,0.955587034866831,0.38974569723696795,30,0.6383972054473799,0.39606062440972645,19392.481643464725,51.566376,128.22,"{'family': 'wmatch', 'lam': 0.8}"
test,drift,hetero,high,d1_cheap,1008,250,206,44,0.824,0.9893860179487011,0.499916325232114,30,0.489469692716587,0.3407604693189379,10982.873614406157,91.05085199999999,152.045,"{'family': 'd_cheap', 'alpha': 0.0, 'beta': 0.8, 'gamma': 0.2}"
test,drift,hetero,high,d1_cheap_nomad_ff,1008,250,197,53,0.788,0.957528639779519,0.39053435434956246,30,0.6273346525971887,0.38524785019867386,20014.049863003827,49.9649,117.029,{'derived_from': 'd1_cheap'}
test,drift,hetero,high,d2_capacity,1008,250,204,46,0.816,0.9876371333136529,0.4821943509091485,30,0.5054427824045044,0.3492289613138527,8043.561095560048,124.323044,219.621,"{'family': 'd_capacity', 'alpha': 0.0, 'beta': 0.8, 'gamma': 0.2}"
test,drift,hetero,high,d2_capacity_nomad_ff,1008,250,193,57,0.772,0.9562314147161914,0.382433582417554,30,0.6434296123333266,0.39384384474636847,14840.190441195893,67.38458,173.735,{'derived_from': 'd2_capacity'}
test,drift,hetero,high,ff_only_cheap,1008,250,197,53,0.788,0.957528639779519,0.39053435434956246,30,0.6273346525971887,0.38524785019867386,19840.830508594292,50.401116,118.021,"{'alpha': 0, 'beta': 0, 'gamma': 1}"
test,drift,hetero,high,binpack,1009,248,184,64,0.7419354838709677,0.9454962677949801,0.4084531990018453,30,0.6245791057465127,0.39266914817475107,31731.279057151107,31.51464516129032,79.489,{}
test,drift,hetero,high,spread,1009,248,204,44,0.8225806451612904,0.9756746019307853,0.5280098824370326,30,0.46622755219541784,0.32458706574963764,18567.485547683176,53.857588709677415,88.556,{}
test,drift,hetero,high,tetris,1009,248,211,37,0.8508064516129032,0.9853211930660308,0.549807110280438,30,0.4355140827855928,0.2999206583598092,17908.13358543364,55.840548387096774,87.194,{}
test,drift,hetero,high,hybrid,1009,248,208,40,0.8387096774193549,0.9894396231968156,0.5474216335546618,30,0.4422434022203772,0.3040428134626955,14300.33093733595,69.92845161290323,118.792,"{'family': 'hybrid', 'alpha': 0.1}"
test,drift,hetero,high,balance,1009,248,207,41,0.8346774193548387,0.9891704394035435,0.5005145644929035,30,0.48893457630455317,0.30953902026654395,20324.83345520038,49.200895161290326,93.545,"{'family': 'balance', 'lam': 0.8}"
test,drift,hetero,high,wmatch,1009,248,185,63,0.7459677419354839,0.9468509109235609,0.3942127040642809,30,0.6350502472231022,0.3954172515766753,19782.66982285337,50.549294354838715,128.62,"{'family': 'wmatch', 'lam': 0.8}"
test,drift,hetero,high,d1_cheap,1009,248,209,39,0.842741935483871,0.9898648461569787,0.5531748381417562,30,0.4366900080152225,0.29648552910740394,10707.183570344901,93.39524193548387,157.985,"{'family': 'd_cheap', 'alpha': 0.0, 'beta': 0.8, 'gamma': 0.2}"
test,drift,hetero,high,d1_cheap_nomad_ff,1009,248,185,63,0.7459677419354839,0.9479616963478484,0.4147250800760082,30,0.6189095505312506,0.3892340189223458,21045.92296767881,47.51514112903226,116.538,{'derived_from': 'd1_cheap'}
test,drift,hetero,high,d2_capacity,1009,248,215,33,0.8669354838709677,0.9895925137904468,0.5636574222141323,30,0.4259350915763146,0.2861801413501882,7605.917072256795,131.47658467741937,217.237,"{'family': 'd_capacity', 'alpha': 0.0, 'beta': 0.8, 'gamma': 0.2}"
test,drift,hetero,high,d2_capacity_nomad_ff,1009,248,186,62,0.75,0.9472342804650808,0.4079270119020304,30,0.6249802028224607,0.38992104477282685,14588.1237378773,68.54891129032258,175.979,{'derived_from': 'd2_capacity'}
test,drift,hetero,high,ff_only_cheap,1009,248,185,63,0.7459677419354839,0.9479616963478484,0.4147250800760082,30,0.6189095505312506,0.3892340189223458,20859.23214474961,47.940403225806456,120.796,"{'alpha': 0, 'beta': 0, 'gamma': 1}"
test,drift,hetero,low,binpack,1000,86,86,0,1.0,0.4395763358139601,0.27452121334571,16,0.28153729052086474,0.15754767501460987,15197.114527398897,65.80196511627906,85.75,{}
test,drift,hetero,low,spread,1000,86,86,0,1.0,0.39617744357399765,0.20801751079408193,30,0.1901835760932062,0.0,11771.316176868133,84.95226744186046,112.15,{}
test,drift,hetero,low,tetris,1000,86,86,0,1.0,0.38805978768606464,0.2284900156200254,27,0.16343461858555916,0.0061355637931929516,12068.561215601618,82.85991860465116,101.009,{}
test,drift,hetero,low,hybrid,1000,86,86,0,1.0,0.394765309373467,0.29037752772280795,23,0.1107321552114646,0.01092221846411472,9615.75015150397,103.99604651162791,132.488,"{'family': 'hybrid', 'alpha': 0.1}"
test,drift,hetero,low,balance,1000,86,86,0,1.0,0.3752838603346477,0.27550382828158343,12,0.13026568364379393,0.04854251682404993,12379.578014733139,80.7781976744186,106.59,"{'family': 'balance', 'lam': 0.8}"
test,drift,hetero,low,wmatch,1000,86,86,0,1.0,0.4390860728007449,0.27422104817877463,16,0.28739292911162007,0.16501225072162984,9443.829802420805,105.88924418604653,136.886,"{'family': 'wmatch', 'lam': 0.8}"
test,drift,hetero,low,d1_cheap,1000,86,86,0,1.0,0.38772099523957176,0.3052337996465418,19,0.08390025285703591,0.011785232353758912,7386.564697717723,135.38093023255814,165.941,"{'family': 'd_cheap', 'alpha': 0.0, 'beta': 0.8, 'gamma': 0.2}"
test,drift,hetero,low,d1_cheap_nomad_ff,1000,86,86,0,1.0,0.4383987847676165,0.2749087507938573,16,0.27834216913086046,0.15660867541338194,10058.87365177466,99.41470930232559,127.669,{'derived_from': 'd1_cheap'}
test,drift,hetero,low,d2_capacity,1000,86,86,0,1.0,0.3842693727612597,0.30602160296037967,18,0.07921974485357185,0.012254037751335954,5290.10375369769,189.03220930232558,225.051,"{'family': 'd_capacity', 'alpha': 0.0, 'beta': 0.8, 'gamma': 0.2}"
test,drift,hetero,low,d2_capacity_nomad_ff,1000,86,86,0,1.0,0.4245060694873039,0.28567696956597377,15,0.2701383488907609,0.14887348194137737,6870.2821233421755,145.55443023255813,186.709,{'derived_from': 'd2_capacity'}
test,drift,hetero,low,ff_only_cheap,1000,86,86,0,1.0,0.4383987847676165,0.2749087507938573,16,0.27834216913086046,0.15660867541338194,10155.958920327093,98.46436046511627,124.693,"{'alpha': 0, 'beta': 0, 'gamma': 1}"
test,drift,hetero,low,binpack,1001,91,91,0,1.0,0.4474915005560254,0.3215257339140116,18,0.3516219961843134,0.16399676398942145,15636.767849155709,63.95183516483517,87.754,{}
test,drift,hetero,low,spread,1001,91,91,0,1.0,0.39296694432608054,0.23650583340771508,30,0.1724344936223165,0.0,11822.634498707304,84.58351648351649,105.437,{}
test,drift,hetero,low,tetris,1001,91,91,0,1.0,0.40499008142602577,0.2672603705602158,29,0.16047204462567485,0.00309366033153598,11893.150368759543,84.08201098901098,105.357,{}
test,drift,hetero,low,hybrid,1001,91,91,0,1.0,0.39486782074625937,0.32357453827994337,22,0.08520642771627536,0.010978555784438744,9344.042084744095,107.02006593406594,137.948,"{'family': 'hybrid', 'alpha': 0.1}"
test,drift,hetero,low,balance,1001,91,91,0,1.0,0.419031091522008,0.2790212488376327,14,0.20512577393877945,0.07628196232207451,12956.065980260935,77.18392307692308,100.769,"{'family': 'balance', 'lam': 0.8}"
test,drift,hetero,low,wmatch,1001,91,91,0,1.0,0.44754177686673324,0.3229006093486491,18,0.34554547030429955,0.16399676398942145,9555.507206322513,104.65169230769231,150.021,"{'family': 'wmatch', 'lam': 0.8}"
test,drift,hetero,low,d1_cheap,1001,91,91,0,1.0,0.3962592797622752,0.3372949251019257,18,0.0675149590281537,0.007500835072856358,7276.604445301645,137.42673626373627,175.959,"{'family': 'd_cheap', 'alpha': 0.0, 'beta': 0.8, 'gamma': 0.2}"
test,drift,hetero,low,d1_cheap_nomad_ff,1001,91,91,0,1.0,0.4488284974991844,0.32324397100405905,18,0.34162279941942103,0.13663589151374209,10468.990046176297,95.5201978021978,128.381,{'derived_from': 'd1_cheap'}
test,drift,hetero,low,d2_capacity,1001,91,91,0,1.0,0.3885323852348791,0.3372848309209352,18,0.0693171540892546,0.004737597717619972,5131.009038864461,194.89343956043956,239.959,"{'family': 'd_capacity', 'alpha': 0.0, 'beta': 0.8, 'gamma': 0.2}"
test,drift,hetero,low,d2_capacity_nomad_ff,1001,91,91,0,1.0,0.4347024310619415,0.3206384323612617,17,0.2857238236073517,0.11920573009261035,7008.345321968005,142.687032967033,191.649,{'derived_from': 'd2_capacity'}
test,drift,hetero,low,ff_only_cheap,1001,91,91,0,1.0,0.4488284974991844,0.32324397100405905,18,0.34162279941942103,0.13663589151374209,10444.349692895948,95.74554945054946,133.31,"{'alpha': 0, 'beta': 0, 'gamma': 1}"
test,drift,hetero,low,binpack,1002,95,95,0,1.0,0.4551020010992393,0.3414371737970285,18,0.32234308726051203,0.13057444934403128,15657.035117905716,63.869052631578946,88.045,{}
test,drift,hetero,low,spread,1002,95,95,0,1.0,0.38954398659447126,0.2601492364674972,30,0.16887669904142674,0.0,11795.76196897342,84.7762105263158,109.114,{}
test,drift,hetero,low,tetris,1002,95,95,0,1.0,0.39975683151494384,0.30211605613292486,29,0.12371127556785956,0.0018891176588941515,11592.048245372669,86.26603157894736,108.042,{}
test,drift,hetero,low,hybrid,1002,95,95,0,1.0,0.4050851647517683,0.3597924605248972,20,0.0750121230983473,0.006675414040890134,9508.958389698935,105.16398947368421,135.543,"{'family': 'hybrid', 'alpha': 0.1}"
test,drift,hetero,low,balance,1002,95,95,0,1.0,0.42592677122400313,0.3178118946085181,15,0.2234736368180585,0.06228113043614683,13324.64286099999,75.04891578947368,97.793,"{'family': 'balance', 'lam': 0.8}"
test,drift,hetero,low,wmatch,1002,95,95,0,1.0,0.4551020010992393,0.3414371737970285,18,0.32234308726051203,0.13057444934403128,9575.138023094829,104.43713684210526,141.425,"{'family': 'wmatch', 'lam': 0.8}"
test,drift,hetero,low,d1_cheap,1002,95,95,0,1.0,0.40092383637433715,0.38446021851587636,18,0.05448275089978457,0.006056672785304857,7316.204430154315,136.68289473684212,171.501,"{'family': 'd_cheap', 'alpha': 0.0, 'beta': 0.8, 'gamma': 0.2}"
test,drift,hetero,low,d1_cheap_nomad_ff,1002,95,95,0,1.0,0.4468997994483568,0.3492138358848898,18,0.3600062568595169,0.14368474797652525,10645.294202875328,93.93822105263158,128.19,{'derived_from': 'd1_cheap'}
test,drift,hetero,low,d2_capacity,1002,95,95,0,1.0,0.40547278620536253,0.38334453850318123,17,0.044000400661309204,0.005808974230668355,5289.031661813748,189.07052631578946,235.05,"{'family': 'd_capacity', 'alpha': 0.0, 'beta': 0.8, 'gamma': 0.2}"
test,drift,hetero,low,d2_capacity_nomad_ff,1002,95,95,0,1.0,0.45275079849943634,0.34098560343144774,17,0.30650394052888486,0.11264859641715484,7352.335120982674,136.01121052631578,189.354,{'derived_from': 'd2_capacity'}
test,drift,hetero,low,ff_only_cheap,1002,95,95,0,1.0,0.4468997994483568,0.3492138358848898,18,0.3600062568595169,0.14368474797652525,10746.160199005313,93.0564947368421,129.032,"{'alpha': 0, 'beta': 0, 'gamma': 1}"
test,drift,hetero,low,binpack,1003,92,92,0,1.0,0.44649955595385205,0.3116259969770688,16,0.2932757310190763,0.11609279493437959,15483.474000133629,64.58498913043478,84.518,{}
test,drift,hetero,low,spread,1003,92,92,0,1.0,0.3897305328335138,0.22243613099809278,30,0.1790573790685897,0.0,11712.243419119575,85.38073913043479,109.806,{}
test,drift,hetero,low,tetris,1003,92,92,0,1.0,0.404215706436825,0.2768779367901991,30,0.13849149309697448,0.004200140493761838,11992.0893921627,83.38830434782608,111.368,{}
test,drift,hetero,low,hybrid,1003,92,92,0,1.0,0.4092076034272733,0.33012764910873155,25,0.10182137698507082,0.005702728970254028,9524.810319096676,104.98896739130436,136.515,"{'family': 'hybrid', 'alpha': 0.1}"
test,drift,hetero,low,balance,1003,92,92,0,1.0,0.42834232667311256,0.28021675420641146,14,0.20727978875042427,0.06802385698910421,13179.263918054776,75.87677173913043,98.504,"{'family': 'balance', 'lam': 0.8}"
test,drift,hetero,low,wmatch,1003,92,92,0,1.0,0.44649955595385205,0.3116259969770688,16,0.2932757310190763,0.11609279493437959,9572.781336239575,104.46284782608696,142.496,"{'family': 'wmatch', 'lam': 0.8}"
test,drift,hetero,low,d1_cheap,1003,92,92,0,1.0,0.41654709890024505,0.35312200628444584,20,0.07550373793172721,0.010391084356791222,7517.934973621445,133.01525,163.576,"{'family': 'd_cheap', 'alpha': 0.0, 'beta': 0.8, 'gamma': 0.2}"
test,drift,hetero,low,d1_cheap_nomad_ff,1003,92,92,0,1.0,0.4465771896451095,0.31049197868445116,17,0.2979545736677514,0.1106547055572177,10389.462555360591,96.25136956521739,128.23,{'derived_from': 'd1_cheap'}
test,drift,hetero,low,d2_capacity,1003,92,92,0,1.0,0.41717070668201084,0.3528807031641833,21,0.08266504210468108,0.00713900103163235,5386.382172011773,185.6533695652174,235.19,"{'family': 'd_capacity', 'alpha': 0.0, 'beta': 0.8, 'gamma': 0.2}"
test,drift,hetero,low,d2_capacity_nomad_ff,1003,92,92,0,1.0,0.4506870004677938,0.3043603803460479,17,0.32156499857817145,0.12920659381716534,7262.838329850329,137.68721739130436,187.982,{'derived_from': 'd2_capacity'}
test,drift,hetero,low,ff_only_cheap,1003,92,92,0,1.0,0.4465771896451095,0.31049197868445116,17,0.2979545736677514,0.1106547055572177,10379.36933372459,96.34496739130435,125.495,"{'alpha': 0, 'beta': 0, 'gamma': 1}"
test,drift,hetero,low,binpack,1004,98,98,0,1.0,0.45292366703090436,0.31832377728186195,18,0.3755020580004559,0.16395665144983768,15918.013782725933,62.821908163265306,93.515,{}
test,drift,hetero,low,spread,1004,98,98,0,1.0,0.39617980310478956,0.24799475466373314,30,0.16425333377172252,0.0,11864.083605470796,84.28801020408163,105.087,{}
test,drift,hetero,low,tetris,1004,98,98,0,1.0,0.4052572415974228,0.2646366822957475,30,0.15875109152619624,0.002967595240575305,11843.52861740943,84.43429591836735,109.245,{}
test,drift,hetero,low,hybrid,1004,98,98,0,1.0,0.4046052008335059,0.29735381054712023,26,0.12425160904597649,0.006157554533367826,9307.58765943043,107.43922448979592,139.291,"{'family': 'hybrid', 'alpha': 0.1}"
test,drift,hetero,low,balance,1004,98,98,0,1.0,0.4149944859719979,0.3037735893797625,14,0.15081449301061695,0.06364550433617214,12705.12950156999,78.70836734693877,97.162,"{'family': 'balance', 'lam': 0.8}"
test,drift,hetero,low,wmatch,1004,98,98,0,1.0,0.45292366703090436,0.31832377728186195,18,0.3755020580004559,0.16395665144983768,9920.391891921987,100.80246938775511,144.941,"{'family': 'wmatch', 'lam': 0.8}"
test,drift,hetero,low,d1_cheap,1004,98,98,0,1.0,0.3955529444399989,0.3411620360581588,20,0.06654449076954118,0.004044980330253435,7167.123497655729,139.52598979591838,165.85,"{'family': 'd_cheap', 'alpha': 0.0, 'beta': 0.8, 'gamma': 0.2}"
test,drift,hetero,low,d1_cheap_nomad_ff,1004,98,98,0,1.0,0.45260287848004077,0.3203749957628027,18,0.37313005096865154,0.16395665144983768,10481.849554441176,95.40301020408162,125.445,{'derived_from': 'd1_cheap'}
test,drift,hetero,low,d2_capacity,1004,98,98,0,1.0,0.385507468791234,0.3287442167430482,20,0.06720659057049246,0.004624139398754402,4972.082769957458,201.12295918367346,238.807,"{'family': 'd_capacity', 'alpha': 0.0, 'beta': 0.8, 'gamma': 0.2}"
test,drift,hetero,low,d2_capacity_nomad_ff,1004,98,98,0,1.0,0.4514712721371137,0.32415924126723705,18,0.3706204147432625,0.15213131753506237,7096.142594813155,140.9216326530612,194.614,{'derived_from': 'd2_capacity'}
test,drift,hetero,low,ff_only_cheap,1004,98,98,0,1.0,0.45260287848004077,0.3203749957628027,18,0.37313005096865154,0.16395665144983768,10429.22319420927,95.88441836734694,132.277,"{'alpha': 0, 'beta': 0, 'gamma': 1}"
test,drift,hetero,low,binpack,1005,92,92,0,1.0,0.464465758244215,0.31798561376728035,18,0.3784158440139176,0.1554755708722325,16348.78352611274,61.16663043478261,87.574,{}
test,drift,hetero,low,spread,1005,92,92,0,1.0,0.39486253264758603,0.2573680042188055,30,0.15197242230271402,0.0,11898.814037444792,84.04198913043479,107.481,{}
test,drift,hetero,low,tetris,1005,92,92,0,1.0,0.3792636605990296,0.26536437613941105,29,0.1584772927960615,0.000882901926745461,11752.263811752238,85.08998913043479,108.974,{}
test,drift,hetero,low,hybrid,1005,92,92,0,1.0,0.3937648460191774,0.32996370789419843,21,0.08891224923632089,0.0066211205462161195,9360.474095803638,106.83219565217392,136.816,"{'family': 'hybrid', 'alpha': 0.1}"
test,drift,hetero,low,balance,1005,92,92,0,1.0,0.4177419866921701,0.31360175845642907,14,0.1580491521724254,0.06677337501320194,12856.37846159737,77.78240217391304,102.041,"{'family': 'balance', 'lam': 0.8}"
test,drift,hetero,low,wmatch,1005,92,92,0,1.0,0.464465758244215,0.31798561376728035,18,0.3784158440139176,0.1554755708722325,9923.006101354447,100.77591304347825,144.34,"{'family': 'wmatch', 'lam': 0.8}"
test,drift,hetero,low,d1_cheap,1005,92,92,0,1.0,0.3727327965742626,0.3521621899064676,16,0.047580061187911395,0.00662048797264228,7269.347744341148,137.56392391304348,167.283,"{'family': 'd_cheap', 'alpha': 0.0, 'beta': 0.8, 'gamma': 0.2}"
test,drift,hetero,low,d1_cheap_nomad_ff,1005,92,92,0,1.0,0.464465758244215,0.31798561376728035,18,0.3784158440139176,0.1554755708722325,10671.186300702198,93.71029347826087,126.016,{'derived_from': 'd1_cheap'}
test,drift,hetero,low,d2_capacity,1005,92,92,0,1.0,0.38140332432568186,0.36319171534972977,18,0.041171937942302,0.004358672716578159,5153.473522377306,194.04388043478264,236.733,"{'family': 'd_capacity', 'alpha': 0.0, 'beta': 0.8, 'gamma': 0.2}"
test,drift,hetero,low,d2_capacity_nomad_ff,1005,92,92,0,1.0,0.46244564795958826,0.31327959027378427,17,0.31499793252446956,0.14177193081482223,7253.6538901700615,137.8615543478261,186.389,{'derived_from': 'd2_capacity'}
test,drift,hetero,low,ff_only_cheap,1005,92,92,0,1.0,0.464465758244215,0.31798561376728035,18,0.3784158440139176,0.1554755708722325,10682.351454936268,93.61234782608696,129.081,"{'alpha': 0, 'beta': 0, 'gamma': 1}"
test,drift,hetero,low,binpack,1006,94,94,0,1.0,0.4519862982967545,0.33624710009236275,19,0.3950755058911551,0.22702064417536658,16234.021362245088,61.599031914893615,88.075,{}
test,drift,hetero,low,spread,1006,94,94,0,1.0,0.3985597093139465,0.24129036647482766,30,0.16649715617259864,0.0,11891.56612178836,84.09321276595745,104.876,{}
test,drift,hetero,low,tetris,1006,94,94,0,1.0,0.40292238531222924,0.24670543939545445,29,0.18031017053887596,0.0017902575199438945,12053.451672583116,82.96378723404256,102.191,{}
test,drift,hetero,low,hybrid,1006,94,94,0,1.0,0.3953998399189247,0.3041462293851651,22,0.1078897158683423,0.0035439443270274557,9528.530345834968,104.94797872340426,128.691,"{'family': 'hybrid', 'alpha': 0.1}"
test,drift,hetero,low,balance,1006,94,94,0,1.0,0.4147893855527959,0.30370700995313854,14,0.1476462008300555,0.055833364339273675,13144.393398829701,76.07806382978724,98.014,"{'family': 'balance', 'lam': 0.8}"
test,drift,hetero,low,wmatch,1006,94,94,0,1.0,0.4407059407780723,0.348255255973022,18,0.34358495022216917,0.1987967824132727,9863.199521194127,101.38697872340425,135.543,"{'family': 'wmatch', 'lam': 0.8}"
test,drift,hetero,low,d1_cheap,1006,94,94,0,1.0,0.37479196959684347,0.36904002516978823,17,0.044962829831546085,0.004331956255601022,7284.929317973292,137.2696914893617,163.806,"{'family': 'd_cheap', 'alpha': 0.0, 'beta': 0.8, 'gamma': 0.2}"
test,drift,hetero,low,d1_cheap_nomad_ff,1006,94,94,0,1.0,0.45209815711657103,0.3358949569796375,19,0.3946115039586133,0.21806367895873355,10701.720950576948,93.44291489361703,127.479,{'derived_from': 'd1_cheap'}
test,drift,hetero,low,d2_capacity,1006,94,94,0,1.0,0.3736675476269209,0.360903058779811,19,0.040732432221678376,0.00318156785800732,5024.388596048992,199.0291914893617,235.641,"{'family': 'd_capacity', 'alpha': 0.0, 'beta': 0.8, 'gamma': 0.2}"
test,drift,hetero,low,d2_capacity_nomad_ff,1006,94,94,0,1.0,0.4512177617866054,0.3425474825677398,19,0.38604376836925647,0.22362780030141216,7202.980685360547,138.83141489361702,193.863,{'derived_from': 'd2_capacity'}
test,drift,hetero,low,ff_only_cheap,1006,94,94,0,1.0,0.45209815711657103,0.3358949569796375,19,0.3946115039586133,0.21806367895873355,10645.916039737354,93.9327340425532,129.022,"{'alpha': 0, 'beta': 0, 'gamma': 1}"
test,drift,hetero,low,binpack,1007,95,95,0,1.0,0.4720657426503968,0.35305318772947003,19,0.3578895732194626,0.18138969532040664,15765.960130376194,63.427789473684214,85.73,{}
test,drift,hetero,low,spread,1007,95,95,0,1.0,0.40785752548865056,0.2658088428477035,30,0.18546545810772125,0.0,11771.95565764526,84.94765263157895,107.281,{}
test,drift,hetero,low,tetris,1007,95,95,0,1.0,0.39329321548053836,0.2952451289078843,25,0.12488764366258967,0.0037266653727557153,11878.177412457831,84.188,106.961,{}
test,drift,hetero,low,hybrid,1007,95,95,0,1.0,0.39054928568213276,0.34583823958795346,20,0.07915409016174689,0.005383587974609609,9859.076437004498,101.42937894736842,122.779,"{'family': 'hybrid', 'alpha': 0.1}"
test,drift,hetero,low,balance,1007,95,95,0,1.0,0.4043493008402414,0.35048997231439893,14,0.12920301607870627,0.03905215313985097,12682.507964615002,78.84875789473685,105.758,"{'family': 'balance', 'lam': 0.8}"
test,drift,hetero,low,wmatch,1007,95,95,0,1.0,0.46784572455478257,0.35548217417111794,19,0.3821111750965212,0.17944424138479595,9908.190704928134,100.92660000000001,142.327,"{'family': 'wmatch', 'lam': 0.8}"
test,drift,hetero,low,d1_cheap,1007,95,95,0,1.0,0.38054274756373213,0.39451048998672705,15,0.03405242422200394,0.005360818441398598,7630.356610740169,131.0554736842105,159.128,"{'family': 'd_cheap', 'alpha': 0.0, 'beta': 0.8, 'gamma': 0.2}"
test,drift,hetero,low,d1_cheap_nomad_ff,1007,95,95,0,1.0,0.4664187391345411,0.35650701876964797,19,0.36132980106442386,0.1550569845360408,10570.134119424936,94.60617894736842,120.585,{'derived_from': 'd1_cheap'}
test,drift,hetero,low,d2_capacity,1007,95,95,0,1.0,0.3698807949839463,0.3766948769514881,18,0.043504211479023926,0.003948937545331256,5297.100127626658,188.78253684210526,228.808,"{'family': 'd_capacity', 'alpha': 0.0, 'beta': 0.8, 'gamma': 0.2}"
test,drift,hetero,low,d2_capacity_nomad_ff,1007,95,95,0,1.0,0.456271265970921,0.3597275136090774,18,0.33464677512274793,0.16902224210354225,7355.944474233868,135.94447368421052,185.407,{'derived_from': 'd2_capacity'}
test,drift,hetero,low,ff_only_cheap,1007,95,95,0,1.0,0.4664187391345411,0.35650701876964797,19,0.36132980106442386,0.1550569845360408,10516.233023340612,95.09108421052632,128.551,"{'alpha': 0, 'beta': 0, 'gamma': 1}"
test,drift,hetero,low,binpack,1008,90,90,0,1.0,0.4475655902249336,0.3077868376598233,17,0.34314454901172825,0.17566676872729478,15915.8820873644,62.83032222222222,82.995,{}
test,drift,hetero,low,spread,1008,90,90,0,1.0,0.39409070970626836,0.22870253373049637,30,0.18087964442251345,0.0,11729.445482645178,85.25552222222223,110.757,{}
test,drift,hetero,low,tetris,1008,90,90,0,1.0,0.3889004222492897,0.24918648006154454,29,0.16918546654674266,0.0026200816088892604,11712.148191468637,85.38143333333333,107.161,{}
test,drift,hetero,low,hybrid,1008,90,90,0,1.0,0.38984012738744,0.3296631552765488,21,0.0749894178090102,0.006211190885844547,9477.279591120672,105.51551111111112,133.78,"{'family': 'hybrid', 'alpha': 0.1}"
test,drift,hetero,low,balance,1008,90,90,0,1.0,0.3978050336614236,0.3046788197834879,14,0.16252535353557637,0.06075229853415517,12926.370960132055,77.36123333333333,99.687,"{'family': 'balance', 'lam': 0.8}"
test,drift,hetero,low,wmatch,1008,90,90,0,1.0,0.43708421103986256,0.32279843007900116,17,0.3279017444130852,0.14673303766763812,9776.559980499022,102.28546666666666,135.113,"{'family': 'wmatch', 'lam': 0.8}"
test,drift,hetero,low,d1_cheap,1008,90,90,0,1.0,0.38194241054785905,0.3446723453025787,18,0.057256082967165334,0.006856455679338925,7314.921513330469,136.70686666666666,165.76,"{'family': 'd_cheap', 'alpha': 0.0, 'beta': 0.8, 'gamma': 0.2}"
test,drift,hetero,low,d1_cheap_nomad_ff,1008,90,90,0,1.0,0.44742256458439283,0.3082572022208673,17,0.3489192566199222,0.1899741866664498,10436.95107435655,95.81342222222221,130.804,{'derived_from': 'd1_cheap'}
test,drift,hetero,low,d2_capacity,1008,90,90,0,1.0,0.37802519672057133,0.3377304497766566,19,0.07138303993752336,0.006864170116146878,5183.7880369806835,192.9091222222222,229.93,"{'family': 'd_capacity', 'alpha': 0.0, 'beta': 0.8, 'gamma': 0.2}"
test,drift,hetero,low,d2_capacity_nomad_ff,1008,90,90,0,1.0,0.45337960572155467,0.3058408989268877,17,0.33473824256602097,0.16124967185668734,7076.262770885236,141.31753333333333,187.281,{'derived_from': 'd2_capacity'}
test,drift,hetero,low,ff_only_cheap,1008,90,90,0,1.0,0.44742256458439283,0.3082572022208673,17,0.3489192566199222,0.1899741866664498,10359.559594402524,96.5292,127.649,"{'alpha': 0, 'beta': 0, 'gamma': 1}"
test,drift,hetero,low,binpack,1009,90,90,0,1.0,0.4602547535180283,0.33413788374675446,17,0.2717487808823712,0.10187928301539526,15704.172476483438,63.677344444444444,89.547,{}
test,drift,hetero,low,spread,1009,90,90,0,1.0,0.39344863287998516,0.2511387928033664,30,0.17887856334737298,0.0,11821.057559093466,84.5948,107.902,{}
test,drift,hetero,low,tetris,1009,90,90,0,1.0,0.4038420144802547,0.3149400392446804,28,0.10928837511743522,0.0059830975182988185,12012.645311297692,83.2456111111111,100.388,{}
test,drift,hetero,low,hybrid,1009,90,90,0,1.0,0.42040937433758085,0.3437316914446719,23,0.09630417369847946,0.007368424554696261,9555.1899810648,104.65516666666667,132.207,"{'family': 'hybrid', 'alpha': 0.1}"
test,drift,hetero,low,balance,1009,90,90,0,1.0,0.4393444235314876,0.3320505259451257,15,0.1838368188176505,0.06086790557752916,12961.658262711499,77.15062222222222,95.78,"{'family': 'balance', 'lam': 0.8}"
test,drift,hetero,low,wmatch,1009,90,90,0,1.0,0.46149746330548846,0.33381024855357533,17,0.26839138904876386,0.10678125384064922,9543.415435689787,104.78428888888888,141.645,"{'family': 'wmatch', 'lam': 0.8}"
test,drift,hetero,low,d1_cheap,1009,90,90,0,1.0,0.42075254498601533,0.3643567959746179,19,0.07407342364414701,0.008066682074116977,7442.560181161838,134.36236666666667,166.952,"{'family': 'd_cheap', 'alpha': 0.0, 'beta': 0.8, 'gamma': 0.2}"
test,drift,hetero,low,d1_cheap_nomad_ff,1009,90,90,0,1.0,0.4602547535180283,0.33413788374675446,17,0.2717487808823712,0.10187928301539526,10297.628936611914,97.10973333333334,135.163,{'derived_from': 'd1_cheap'}
test,drift,hetero,low,d2_capacity,1009,90,90,0,1.0,0.41374895467273465,0.36955131940962094,20,0.075124613042471,0.010134108912706616,5211.634638469484,191.87837777777779,230.782,"{'family': 'd_capacity', 'alpha': 0.0, 'beta': 0.8, 'gamma': 0.2}"
test,drift,hetero,low,d2_capacity_nomad_ff,1009,90,90,0,1.0,0.45766180904834347,0.3252940485946622,17,0.3119647310848767,0.11701473750342262,7223.561524036642,138.43586666666667,187.39,{'derived_from': 'd2_capacity'}
test,drift,hetero,low,ff_only_cheap,1009,90,90,0,1.0,0.4602547535180283,0.33413788374675446,17,0.2717487808823712,0.10187928301539526,10294.754845283562,97.13684444444445,127.238,"{'alpha': 0, 'beta': 0, 'gamma': 1}"
test,drift,hetero,med,binpack,1000,162,162,0,1.0,0.7884925317064102,0.4433841849472367,27,0.5252989485746161,0.336814258409877,21040.947632328403,47.52637654320987,80.13,{}
test,drift,hetero,med,spread,1000,162,162,0,1.0,0.7551369024354126,0.39627447454016484,30,0.3747643766050786,0.06696475680480836,12306.514248208718,81.25777777777778,101.781,{}
test,drift,hetero,med,tetris,1000,162,162,0,1.0,0.7324347297883659,0.44034749370011217,30,0.2920872360882537,0.027311116543814785,12564.2414707608,79.59095679012346,98.645,{}
test,drift,hetero,med,hybrid,1000,162,162,0,1.0,0.7156235380749868,0.4785158792666807,30,0.2404725385086194,0.02810871406503106,10410.953762897854,96.05267901234568,132.508,"{'family': 'hybrid', 'alpha': 0.1}"
test,drift,hetero,med,balance,1000,162,162,0,1.0,0.7172010630077602,0.4205148707254293,23,0.30546325754804704,0.12125920135081175,14080.266558567304,71.02138271604939,100.959,"{'family': 'balance', 'lam': 0.8}"
test,drift,hetero,med,wmatch,1000,162,162,0,1.0,0.7824878122586229,0.42019526960894626,27,0.5216657531445169,0.32562210459449503,12820.911571561224,77.99757407407407,134.552,"{'family': 'wmatch', 'lam': 0.8}"
test,drift,hetero,med,d1_cheap,1000,162,162,0,1.0,0.7290349296475024,0.47671682783190167,30,0.2585320837373107,0.0401615852639052,8080.472326552037,123.75514197530863,158.797,"{'family': 'd_cheap', 'alpha': 0.0, 'beta': 0.8, 'gamma': 0.2}"
test,drift,hetero,med,d1_cheap_nomad_ff,1000,162,162,0,1.0,0.7834243347555001,0.4290684936830432,26,0.47318751414215304,0.2902674000125983,13382.73600620166,74.72313580246913,121.287,{'derived_from': 'd1_cheap'}
test,drift,hetero,med,d2_capacity,1000,162,162,0,1.0,0.7252350534404486,0.4798713859927759,30,0.24698679279875715,0.03558161268616786,5700.769160443503,175.41492592592593,220.984,"{'family': 'd_capacity', 'alpha': 0.0, 'beta': 0.8, 'gamma': 0.2}"
test,drift,hetero,med,d2_capacity_nomad_ff,1000,162,162,0,1.0,0.7913257450018444,0.4103484946273602,26,0.4860206290294555,0.3001191174189604,9319.39803361852,107.30306790123457,185.737,{'derived_from': 'd2_capacity'}
test,drift,hetero,med,ff_only_cheap,1000,162,162,0,1.0,0.7834243347555001,0.4290684936830432,26,0.47318751414215304,0.2902674000125983,13450.85729288046,74.34470370370371,123.21,"{'alpha': 0, 'beta': 0, 'gamma': 1}"
test,drift,hetero,med,binpack,1001,170,170,0,1.0,0.7830108993899617,0.47022961413257214,28,0.5507042072397422,0.32491206828070157,21424.07597330207,46.676458823529416,83.547,{}
test,drift,hetero,med,spread,1001,170,170,0,1.0,0.744303522297544,0.4548219928660187,30,0.3195751217054436,0.05603617866532854,12065.71756312819,82.87944705882353,106.479,{}
test,drift,hetero,med,tetris,1001,170,170,0,1.0,0.7435152337688488,0.49924114725400087,30,0.24427408651484786,0.013454003348484561,12975.608527417271,77.06767647058824,97.482,{}
test,drift,hetero,med,hybrid,1001,170,170,0,1.0,0.7205856972689504,0.5221919219967787,30,0.20034234852783162,0.02278262095358384,10639.753347986152,93.98714117647059,124.954,"{'family': 'hybrid', 'alpha': 0.1}"
test,drift,hetero,med,balance,1001,170,170,0,1.0,0.7397740430729765,0.48365987969771396,23,0.2636160935439419,0.11239917822212668,14913.931700158386,67.0514,95.569,"{'family': 'balance', 'lam': 0.8}"
test,drift,hetero,med,wmatch,1001,170,170,0,1.0,0.7797191069620238,0.46409019828238685,27,0.49656271726397605,0.2924477886829395,13087.73253725019,76.40742941176471,131.195,"{'family': 'wmatch', 'lam': 0.8}"
test,drift,hetero,med,d1_cheap,1001,170,170,0,1.0,0.7239016324637221,0.5292226703477906,30,0.19933265756988705,0.025764195546196293,7991.920074781807,125.12637647058824,166.051,"{'family': 'd_cheap', 'alpha': 0.0, 'beta': 0.8, 'gamma': 0.2}"
test,drift,hetero,med,d1_cheap_nomad_ff,1001,170,170,0,1.0,0.780840680128705,0.4740966172244629,28,0.5307719758400399,0.31513403737702017,14061.084327962055,71.11827058823529,123.16,{'derived_from': 'd1_cheap'}
test,drift,hetero,med,d2_capacity,1001,170,170,0,1.0,0.7324871882247521,0.5288511689015833,30,0.20403910720554327,0.03240777610213016,5662.652223750176,176.59569411764707,231.754,"{'family': 'd_capacity', 'alpha': 0.0, 'beta': 0.8, 'gamma': 0.2}"
test,drift,hetero,med,d2_capacity_nomad_ff,1001,170,170,0,1.0,0.7800995777855033,0.459845897578386,27,0.5008321865484094,0.2787463760886521,9490.592980065176,105.36749411764706,183.784,{'derived_from': 'd2_capacity'}
test,drift,hetero,med,ff_only_cheap,1001,170,170,0,1.0,0.780840680128705,0.4740966172244629,28,0.5307719758400399,0.31513403737702017,14014.579284390851,71.35426470588234,122.279,"{'alpha': 0, 'beta': 0, 'gamma': 1}"
test,drift,hetero,med,binpack,1002,179,179,0,1.0,0.7767551092273273,0.4910990397235583,28,0.5062622891406416,0.24362344522089704,21430.188526995393,46.66314525139665,81.853,{}
test,drift,hetero,med,spread,1002,179,179,0,1.0,0.7490180338791738,0.49178893631998866,30,0.31591860600823213,0.08176447201589002,12252.699957731607,81.61466480446927,108.113,{}
test,drift,hetero,med,tetris,1002,179,179,0,1.0,0.7533990510941094,0.5546416945314256,30,0.19917569005642324,0.03041526625594481,13036.90850763158,76.70530167597765,100.007,{}
test,drift,hetero,med,hybrid,1002,179,179,0,1.0,0.7441728314835678,0.5919568802568691,30,0.1593449466260119,0.02745417165571506,10891.708428356897,91.81296089385475,128.881,"{'family': 'hybrid', 'alpha': 0.1}"
test,drift,hetero,med,balance,1002,179,179,0,1.0,0.7648963972005532,0.49407289504106616,24,0.29004597330153886,0.13621359267538488,15952.4087067712,62.68645810055866,95.539,"{'family': 'balance', 'lam': 0.8}"
test,drift,hetero,med,wmatch,1002,179,179,0,1.0,0.780301137981623,0.49344682177657323,27,0.4974237222597502,0.2532039787506921,13022.552660402018,76.78986033519553,137.106,"{'family': 'wmatch', 'lam': 0.8}"
test,drift,hetero,med,d1_cheap,1002,179,179,0,1.0,0.7464123709341446,0.5946866450089855,30,0.15607721497019922,0.023094373313719573,8257.179306032516,121.10673184357542,170.789,"{'family': 'd_cheap', 'alpha': 0.0, 'beta': 0.8, 'gamma': 0.2}"
test,drift,hetero,med,d1_cheap_nomad_ff,1002,179,179,0,1.0,0.7834233658620389,0.502484670401922,27,0.4504486662986554,0.22613735138045424,13638.107707222283,73.32395530726257,128.18,{'derived_from': 'd1_cheap'}
test,drift,hetero,med,d2_capacity,1002,179,179,0,1.0,0.7533977548501625,0.5954578760860361,30,0.16762548596428276,0.028200064760271017,5916.709130348209,169.01287150837987,230.01,"{'family': 'd_capacity', 'alpha': 0.0, 'beta': 0.8, 'gamma': 0.2}"
test,drift,hetero,med,d2_capacity_nomad_ff,1002,179,179,0,1.0,0.780928801647431,0.48939707455624454,27,0.4527900893497299,0.21427207564985393,9419.547982730126,106.16220670391061,185.507,{'derived_from': 'd2_capacity'}
test,drift,hetero,med,ff_only_cheap,1002,179,179,0,1.0,0.7834233658620389,0.502484670401922,27,0.4504486662986554,0.22613735138045424,13605.988215846004,73.4970502793296,126.577,"{'alpha': 0, 'beta': 0, 'gamma': 1}"
test,drift,hetero,med,binpack,1003,173,173,0,1.0,0.7846882044994984,0.4411379427294298,26,0.4799743523456765,0.2703019448163009,20718.451217927566,48.26615606936416,81.422,{}
test,drift,hetero,med,spread,1003,173,173,0,1.0,0.7401563859431813,0.43336695749415544,30,0.3301636233584121,0.07500456639886402,11971.861834195803,83.52919653179191,110.316,{}
test,drift,hetero,med,tetris,1003,173,173,0,1.0,0.7441843258942574,0.4697381715991575,30,0.2744461542950999,0.01265621404127157,12782.241875185915,78.23353757225433,102.402,{}
test,drift,hetero,med,hybrid,1003,173,173,0,1.0,0.7474831846729102,0.5385569636203691,30,0.2140397371712784,0.01670606900351649,10595.215311004786,94.382225433526,126.096,"{'family': 'hybrid', 'alpha': 0.1}"
test,drift,hetero,med,balance,1003,173,173,0,1.0,0.7649976436365048,0.4399151032889583,24,0.34217082967238466,0.14327491985256977,15665.092279617731,63.83620231213873,95.108,"{'family': 'balance', 'lam': 0.8}"
test,drift,hetero,med,wmatch,1003,173,173,0,1.0,0.7846988082753598,0.4418390736400652,26,0.47928382521090246,0.2703019448163009,12850.050605430506,77.82070520231214,134.031,"{'family': 'wmatch', 'lam': 0.8}"
test,drift,hetero,med,d1_cheap,1003,173,173,0,1.0,0.7455803494641711,0.5366447520855497,30,0.21071100392993225,0.031603694655567026,8071.882493174011,123.88683815028901,164.708,"{'family': 'd_cheap', 'alpha': 0.0, 'beta': 0.8, 'gamma': 0.2}"
test,drift,hetero,med,d1_cheap_nomad_ff,1003,173,173,0,1.0,0.7843931765990855,0.4339793789202327,27,0.4992967577943897,0.2854708077817231,13672.954776899662,73.13708092485548,120.155,{'derived_from': 'd1_cheap'}
test,drift,hetero,med,d2_capacity,1003,173,173,0,1.0,0.7468345345610684,0.5404672841173803,30,0.208881346484226,0.024264083156406,5780.329631817393,173.00051445086706,228.016,"{'family': 'd_capacity', 'alpha': 0.0, 'beta': 0.8, 'gamma': 0.2}"
test,drift,hetero,med,d2_capacity_nomad_ff,1003,173,173,0,1.0,0.7839424551991638,0.4307987279636787,27,0.4949826979022732,0.2796584973147825,9495.888527270572,105.30873410404625,178.284,{'derived_from': 'd2_capacity'}
test,drift,hetero,med,ff_only_cheap,1003,173,173,0,1.0,0.7843931765990855,0.4339793789202327,27,0.4992967577943897,0.2854708077817231,13388.507398117714,74.69092485549133,125.304,"{'alpha': 0, 'beta': 0, 'gamma': 1}"
test,drift,hetero,med,binpack,1004,184,184,0,1.0,0.779235750937003,0.47268750313854035,27,0.5258742628538677,0.26997424663830943,20783.36806452513,48.11539673913043,87.564,{}
test,drift,hetero,med,spread,1004,184,184,0,1.0,0.7473298020627733,0.463589007514955,30,0.3102326451814118,0.046888335796148775,11795.516767679668,84.77797282608697,114.134,{}
test,drift,hetero,med,tetris,1004,184,184,0,1.0,0.750460782255645,0.5037228909198669,30,0.24711638399732466,0.021018193291836504,12360.818194801926,80.90079347826087,107.09,{}
test,drift,hetero,med,hybrid,1004,184,184,0,1.0,0.7294519057746204,0.5594720537355009,30,0.1707140775263402,0.020757806492854403,10280.161785163504,97.27473369565217,136.947,"{'family': 'hybrid', 'alpha': 0.1}"
test,drift,hetero,med,balance,1004,184,184,0,1.0,0.7584954547206416,0.48126282607555815,24,0.29070564234594953,0.1417068348121406,15658.970764786687,63.861157608695656,95.088,"{'family': 'balance', 'lam': 0.8}"
test,drift,hetero,med,wmatch,1004,184,184,0,1.0,0.7791480794102419,0.47540849162504145,27,0.5230656028406054,0.26997424663830943,13032.260723974665,76.73265760869565,134.251,"{'family': 'wmatch', 'lam': 0.8}"
test,drift,hetero,med,d1_cheap,1004,184,184,0,1.0,0.7428718196879045,0.5653807919621332,30,0.17749102772577133,0.024198465290753323,7775.626192517996,128.60700543478262,173.635,"{'family': 'd_cheap', 'alpha': 0.0, 'beta': 0.8, 'gamma': 0.2}"
test,drift,hetero,med,d1_cheap_nomad_ff,1004,184,184,0,1.0,0.7786032646632319,0.4741388316388825,27,0.5257375801004882,0.2724534450003404,13844.233711130433,72.23223913043478,123.811,{'derived_from': 'd1_cheap'}
test,drift,hetero,med,d2_capacity,1004,184,184,0,1.0,0.7430274117029121,0.5579706031677845,30,0.18954577946492587,0.030651009714437,5479.721961290172,182.49101086956523,240.6,"{'family': 'd_capacity', 'alpha': 0.0, 'beta': 0.8, 'gamma': 0.2}"
test,drift,hetero,med,d2_capacity_nomad_ff,1004,184,184,0,1.0,0.7785464064881555,0.478852548163522,27,0.5209670054007722,0.2724534450003404,9520.449770883133,105.03705434782609,183.915,{'derived_from': 'd2_capacity'}
test,drift,hetero,med,ff_only_cheap,1004,184,184,0,1.0,0.7786032646632319,0.4741388316388825,27,0.5257375801004882,0.2724534450003404,13854.54325862773,72.17848913043478,122.61,"{'alpha': 0, 'beta': 0, 'gamma': 1}"
test,drift,hetero,med,binpack,1005,172,172,0,1.0,0.7915707032826337,0.51980538159373,30,0.6041324779674738,0.34196431194852883,22377.636934549966,44.68747093023256,83.025,{}
test,drift,hetero,med,spread,1005,172,172,0,1.0,0.751304384587088,0.49781984363166815,30,0.29530029591320334,0.08189742977596495,12137.749055848959,82.3875988372093,105.237,{}
test,drift,hetero,med,tetris,1005,172,172,0,1.0,0.7387296994268093,0.518120499886345,30,0.22089702786586324,0.0129204629294862,12121.014802366502,82.50134302325581,115.676,{}
test,drift,hetero,med,hybrid,1005,172,172,0,1.0,0.7353439987846554,0.5798362675019503,30,0.16464387324758054,0.028580000843377425,10399.343873955115,96.15991279069767,128.791,"{'family': 'hybrid', 'alpha': 0.1}"
test,drift,hetero,med,balance,1005,172,172,0,1.0,0.7510815769830895,0.5155123780475802,24,0.2828227978139364,0.1297999527465283,15854.014757322506,63.07550581395349,99.185,"{'family': 'balance', 'lam': 0.8}"
test,drift,hetero,med,wmatch,1005,172,172,0,1.0,0.7904364867339664,0.5196631994518189,30,0.608532970602694,0.34580954897877975,13786.762864071736,72.53334302325581,134.952,"{'family': 'wmatch', 'lam': 0.8}"
test,drift,hetero,med,d1_cheap,1005,172,172,0,1.0,0.7228417445577018,0.5854641536095155,30,0.14359109827704597,0.01915579237355636,8002.956254817476,124.95382558139535,174.857,"{'family': 'd_cheap', 'alpha': 0.0, 'beta': 0.8, 'gamma': 0.2}"
test,drift,hetero,med,d1_cheap_nomad_ff,1005,172,172,0,1.0,0.7914565859504191,0.5178329716455208,29,0.593537321201801,0.33102952472022124,14658.173107570195,68.22132558139535,128.871,{'derived_from': 'd1_cheap'}
test,drift,hetero,med,d2_capacity,1005,172,172,0,1.0,0.7376939296746642,0.5969722692738443,30,0.1554660506149846,0.026340468401067168,5602.320090121787,178.49747674418606,240.55,"{'family': 'd_capacity', 'alpha': 0.0, 'beta': 0.8, 'gamma': 0.2}"
test,drift,hetero,med,d2_capacity_nomad_ff,1005,172,172,0,1.0,0.7880025039735631,0.49479781407849927,28,0.521789503138754,0.2713697879774027,9474.336281430973,105.54829069767442,186.739,{'derived_from': 'd2_capacity'}
test,drift,hetero,med,ff_only_cheap,1005,172,172,0,1.0,0.7914565859504191,0.5178329716455208,29,0.593537321201801,0.33102952472022124,14674.70613047793,68.14446511627906,127.368,"{'alpha': 0, 'beta': 0, 'gamma': 1}"
test,drift,hetero,med,binpack,1006,177,177,0,1.0,0.7761809932469864,0.5187473148878545,29,0.5417668864320061,0.28232584634142677,21065.760878620753,47.47039548022599,83.817,{}
test,drift,hetero,med,spread,1006,177,177,0,1.0,0.7539855822240783,0.46962875515454716,30,0.3252787755301776,0.08584826528399919,12092.152036198848,82.69826553672317,113.092,{}
test,drift,hetero,med,tetris,1006,177,177,0,1.0,0.7348546037145227,0.525239909643962,30,0.20961469407056071,0.02537869574267748,12735.657329367195,78.51970056497174,107.361,{}
test,drift,hetero,med,hybrid,1006,177,177,0,1.0,0.7222840927353581,0.576760238201286,30,0.15912118649316886,0.017414526233776973,10453.040689140034,95.66594350282486,131.245,"{'family': 'hybrid', 'alpha': 0.1}"
test,drift,hetero,med,balance,1006,177,177,0,1.0,0.7447347027551668,0.49854822619984535,24,0.2841278443190035,0.1366173080227446,15678.743432865305,63.780621468926554,94.687,"{'family': 'balance', 'lam': 0.8}"
test,drift,hetero,med,wmatch,1006,177,177,0,1.0,0.7772939814499543,0.5103516096454181,28,0.5342252003224874,0.2733052023312057,13298.757565452803,75.19499435028249,134.632,"{'family': 'wmatch', 'lam': 0.8}"
test,drift,hetero,med,d1_cheap,1006,177,177,0,1.0,0.7295181775356065,0.5865851282824001,30,0.14801256084458483,0.02935166570450849,7964.99398642954,125.54937288135592,168.105,"{'family': 'd_cheap', 'alpha': 0.0, 'beta': 0.8, 'gamma': 0.2}"
test,drift,hetero,med,d1_cheap_nomad_ff,1006,177,177,0,1.0,0.7761985206153283,0.5142715438871948,29,0.5454222667108689,0.2836145097714583,13894.976118304181,71.96845762711864,131.727,{'derived_from': 'd1_cheap'}
test,drift,hetero,med,d2_capacity,1006,177,177,0,1.0,0.7224335590448735,0.5639129062596019,30,0.1650516095493422,0.028685172696201036,5632.896138910656,177.5285706214689,228.558,"{'family': 'd_capacity', 'alpha': 0.0, 'beta': 0.8, 'gamma': 0.2}"
test,drift,hetero,med,d2_capacity_nomad_ff,1006,177,177,0,1.0,0.7767174096960923,0.5050096062788113,29,0.5644699012064031,0.2891452876265986,9890.530822554098,101.10680790960453,183.162,{'derived_from': 'd2_capacity'}
test,drift,hetero,med,ff_only_cheap,1006,177,177,0,1.0,0.7761985206153283,0.5142715438871948,29,0.5454222667108689,0.2836145097714583,13905.969094022972,71.91156497175142,123.982,"{'alpha': 0, 'beta': 0, 'gamma': 1}"
test,drift,hetero,med,binpack,1007,178,178,0,1.0,0.7843813500960654,0.5240162250022293,29,0.5628688845801105,0.2926548034460532,22383.323468323637,44.676117977528094,80.42,{}
test,drift,hetero,med,spread,1007,178,178,0,1.0,0.7613137534021259,0.5093477814820659,30,0.3311523453735231,0.11243815207155113,12678.81040277874,78.87175280898876,97.743,{}
test,drift,hetero,med,tetris,1007,178,178,0,1.0,0.7353545718073835,0.5777698526463164,30,0.15758471916106717,0.0159043379266453,13199.245803993126,75.76190449438202,96.31,{}
test,drift,hetero,med,hybrid,1007,178,178,0,1.0,0.7332588771141025,0.5766270065325702,30,0.16082099518624157,0.019606773118114484,10692.62371155386,93.52241573033707,124.914,"{'family': 'hybrid', 'alpha': 0.1}"
test,drift,hetero,med,balance,1007,178,178,0,1.0,0.7608147189083245,0.49426837013082786,24,0.293536780612741,0.14504521537308981,16192.59656291215,61.75661797752809,96.571,"{'family': 'balance', 'lam': 0.8}"
test,drift,hetero,med,wmatch,1007,178,178,0,1.0,0.7816591733568924,0.5231295434662272,28,0.5175655671900159,0.26973841454106584,13025.892033942548,76.77017415730336,136.205,"{'family': 'wmatch', 'lam': 0.8}"
test,drift,hetero,med,d1_cheap,1007,178,178,0,1.0,0.7437429777112394,0.5967159786287476,30,0.15414337765970315,0.02841515267761328,8200.72575501502,121.94042696629212,161.622,"{'family': 'd_cheap', 'alpha': 0.0, 'beta': 0.8, 'gamma': 0.2}"
test,drift,hetero,med,d1_cheap_nomad_ff,1007,178,178,0,1.0,0.7816001105723245,0.5141474873919363,28,0.5295023768553466,0.27712186643874975,14168.953466768788,70.57684269662921,125.054,{'derived_from': 'd1_cheap'}
test,drift,hetero,med,d2_capacity,1007,178,178,0,1.0,0.7284456230707571,0.576016551777826,30,0.15867196185844282,0.02237267105347442,5784.296499399002,172.88187078651683,224.34,"{'family': 'd_capacity', 'alpha': 0.0, 'beta': 0.8, 'gamma': 0.2}"
test,drift,hetero,med,d2_capacity_nomad_ff,1007,178,178,0,1.0,0.7793976624990026,0.5194555790860541,29,0.5519351198060983,0.28848301205343835,9722.147045507785,102.8579382022472,179.807,{'derived_from': 'd2_capacity'}
test,drift,hetero,med,ff_only_cheap,1007,178,178,0,1.0,0.7816001105723245,0.5141474873919363,28,0.5295023768553466,0.27712186643874975,14091.308512575306,70.96573033707865,124.022,"{'alpha': 0, 'beta': 0, 'gamma': 1}"
test,drift,hetero,med,binpack,1008,170,170,0,1.0,0.7876082388370712,0.48461683899473906,28,0.5668917531662141,0.317826567069371,21762.938867264635,45.94967647058824,84.268,{}
test,drift,hetero,med,spread,1008,170,170,0,1.0,0.7500581502926026,0.4402097456532747,30,0.3172011447023338,0.1324306373578461,11952.95709830576,83.66130588235295,102.242,{}
test,drift,hetero,med,tetris,1008,170,170,0,1.0,0.7404591736398091,0.521104084848151,30,0.21935508879165808,0.020812036137110315,12331.859627747583,81.09077058823529,109.795,{}
test,drift,hetero,med,hybrid,1008,170,170,0,1.0,0.7408548393224783,0.5567374962221668,30,0.1910150051257541,0.023566956417346376,10296.519158733197,97.1202,130.614,"{'family': 'hybrid', 'alpha': 0.1}"
test,drift,hetero,med,balance,1008,170,170,0,1.0,0.7588772150514667,0.4535955261672809,24,0.3143903393088157,0.1636146861148789,15798.87034359662,63.29566470588235,97.152,"{'family': 'balance', 'lam': 0.8}"
test,drift,hetero,med,wmatch,1008,170,170,0,1.0,0.7877570056739682,0.47640661700542464,28,0.5748139228785193,0.31876399968524416,13763.372330634416,72.65661176470589,131.626,"{'family': 'wmatch', 'lam': 0.8}"
test,drift,hetero,med,d1_cheap,1008,170,170,0,1.0,0.7320909343933095,0.5562388322988793,30,0.18079669890435032,0.027324218190359073,8004.669076385967,124.92708823529411,164.318,"{'family': 'd_cheap', 'alpha': 0.0, 'beta': 0.8, 'gamma': 0.2}"
test,drift,hetero,med,d1_cheap_nomad_ff,1008,170,170,0,1.0,0.7869450148281207,0.4837447425292655,29,0.5681096964686808,0.31021643039037206,14464.377301750394,69.13536470588235,120.916,{'derived_from': 'd1_cheap'}
test,drift,hetero,med,d2_capacity,1008,170,170,0,1.0,0.7297381122578563,0.5565286737966954,30,0.17780226209982306,0.02673144498685601,5669.369065921423,176.3864705882353,227.997,"{'family': 'd_capacity', 'alpha': 0.0, 'beta': 0.8, 'gamma': 0.2}"
test,drift,hetero,med,d2_capacity_nomad_ff,1008,170,170,0,1.0,0.783893798988251,0.4706185009630727,29,0.5904831210691566,0.3202657836807714,9902.908390990591,100.98043529411765,182.682,{'derived_from': 'd2_capacity'}
test,drift,hetero,med,ff_only_cheap,1008,170,170,0,1.0,0.7869450148281207,0.4837447425292655,29,0.5681096964686808,0.31021643039037206,14529.530801280547,68.82534705882354,120.024,"{'alpha': 0, 'beta': 0, 'gamma': 1}"
test,drift,hetero,med,binpack,1009,169,169,0,1.0,0.7880459771495634,0.48689448771604166,27,0.49016637144940856,0.23650074216438077,21258.003355242494,47.041106508875735,80.801,{}
test,drift,hetero,med,spread,1009,169,169,0,1.0,0.7468685410826992,0.4777547613608039,30,0.3121499188765406,0.055412885460565164,12111.515091055302,82.56605325443786,102.001,{}
test,drift,hetero,med,tetris,1009,169,169,0,1.0,0.7491912800695028,0.5281846322901221,30,0.22123206035760418,0.025069029596142996,12966.354305401223,77.12268047337278,100.568,{}
test,drift,hetero,med,hybrid,1009,169,169,0,1.0,0.7439532747039546,0.5700833537942247,30,0.17418014273404897,0.021736341485718232,10747.7461372187,93.04276331360947,119.013,"{'family': 'hybrid', 'alpha': 0.1}"
test,drift,hetero,med,balance,1009,169,169,0,1.0,0.7754423201699411,0.48732493476104016,25,0.33839746224482226,0.16996779889261748,16569.563143957934,60.351621301775154,93.515,"{'family': 'balance', 'lam': 0.8}"
test,drift,hetero,med,wmatch,1009,169,169,0,1.0,0.7880459771495634,0.48689448771604166,27,0.49016637144940856,0.23650074216438077,13236.300546416416,75.54981065088758,133.36,"{'family': 'wmatch', 'lam': 0.8}"
test,drift,hetero,med,d1_cheap,1009,169,169,0,1.0,0.7416295023355414,0.562575630148647,30,0.18601456055453386,0.03468126507531796,8143.6948695348765,122.79438461538462,162.244,"{'family': 'd_cheap', 'alpha': 0.0, 'beta': 0.8, 'gamma': 0.2}"
test,drift,hetero,med,d1_cheap_nomad_ff,1009,169,169,0,1.0,0.7880707976596252,0.489364574312087,27,0.47019200737753836,0.24368799340750336,13568.640863768438,73.69934911242603,121.607,{'derived_from': 'd1_cheap'}
test,drift,hetero,med,d2_capacity,1009,169,169,0,1.0,0.7436541459984369,0.5632604787765279,30,0.18714289371881454,0.020389361804567054,5886.343894630126,169.88473964497044,226.814,"{'family': 'd_capacity', 'alpha': 0.0, 'beta': 0.8, 'gamma': 0.2}"
test,drift,hetero,med,d2_capacity_nomad_ff,1009,169,169,0,1.0,0.790931163275513,0.4740777117506533,27,0.4864840416841345,0.23839226986684603,9661.319307460624,103.5055325443787,179.916,{'derived_from': 'd2_capacity'}
test,drift,hetero,med,ff_only_cheap,1009,169,169,0,1.0,0.7880707976596252,0.489364574312087,27,0.47019200737753836,0.24368799340750336,13530.268932909321,73.90836094674557,122.018,"{'alpha': 0, 'beta': 0, 'gamma': 1}"
