split,family,cluster_config,load,policy,seed,submitted,placed,rejected,admission_rate,mean_cpu_util,mean_ram_util,active_nodes,free_imbalance,stranded_frac,decisions_per_sec,mean_latency_us,p95_latency_us,params
test,adversarial,homog,high,binpack,1000,253,197,56,0.7786561264822134,0.9946180555555556,0.6042708333333333,30,0.39034722222222223,0.24934895833333334,26789.632137054487,37.32787351778656,99.396,{}
test,adversarial,homog,high,spread,1000,253,218,35,0.8616600790513834,0.998263888888889,0.6239583333333333,30,0.37430555555555556,0.23567708333333334,18500.178128197313,54.053533596837944,92.213,{}
test,adversarial,homog,high,tetris,1000,253,210,43,0.8300395256916996,0.9625,0.613125,30,0.349375,0.255859375,15112.506638601606,66.17035968379446,94.387,{}
test,adversarial,homog,high,hybrid,1000,253,213,40,0.841897233201581,0.9942708333333333,0.6190625,30,0.3752083333333333,0.240234375,15454.092549123858,64.70777865612648,110.747,"{'family': 'hybrid', 'alpha': 0.1}"
test,adversarial,homog,high,balance,1000,253,212,41,0.8379446640316206,0.9946180555555556,0.6230208333333334,30,0.37159722222222225,0.23763020833333334,21155.002957519584,47.27014229249012,94.056,"{'family': 'balance', 'lam': 0.8}"
test,adversarial,homog,high,wmatch,1000,253,197,56,0.7786561264822134,0.9946180555555556,0.6042708333333333,30,0.39034722222222223,0.24934895833333334,17701.37376653609,56.492790513833995,136.015,"{'family': 'wmatch', 'lam': 0.8}"
test,adversarial,homog,high,d1_cheap,1000,253,215,38,0.849802371541502,0.9914930555555556,0.6248958333333333,30,0.36659722222222224,0.23763020833333334,11299.751454597352,88.49752173913043,150.341,"{'family': 'd_cheap', 'alpha': 0.0, 'beta': 0.8, 'gamma': 0.2}"
test,adversarial,homog,high,d1_cheap_nomad_ff,1000,253,214,39,0.8458498023715415,0.9866319444444444,0.6257291666666667,30,0.3609027777777778,0.23893229166666666,15113.136762597649,66.16760079051384,121.838,{'derived_from': 'd1_cheap'}
test,adversarial,homog,high,d2_capacity,1000,253,215,38,0.849802371541502,0.9914930555555556,0.6248958333333333,30,0.36659722222222224,0.23763020833333334,7901.269484163592,126.56194071146246,203.16,"{'family': 'd_capacity', 'alpha': 0.0, 'beta': 0.8, 'gamma': 0.2}"
test,adversarial,homog,high,d2_capacity_nomad_ff,1000,253,217,36,0.857707509881423,0.992361111111111,0.6191666666666666,30,0.37319444444444444,0.24088541666666666,11356.973374675708,88.05162845849802,171.2,{'derived_from': 'd2_capacity'}
test,adversarial,homog,high,ff_only_cheap,1000,253,214,39,0.8458498023715415,0.9866319444444444,0.6257291666666667,30,0.3609027777777778,0.23893229166666666,15263.162562273554,65.51722134387352,122.389,"{'alpha': 0, 'beta': 0, 'gamma': 1}"
test,adversarial,homog,high,binpack,1001,253,197,56,0.7786561264822134,0.9946180555555556,0.6042708333333333,30,0.39034722222222223,0.24934895833333334,29532.13510683337,33.86141897233202,78.918,{}
test,adversarial,homog,high,spread,1001,253,218,35,0.8616600790513834,0.998263888888889,0.6239583333333333,30,0.37430555555555556,0.23567708333333334,18775.518564238322,53.260845849802365,89.587,{}
test,adversarial,homog,high,tetris,1001,253,210,43,0.8300395256916996,0.9625,0.613125,30,0.349375,0.255859375,15226.257675342846,65.67601976284585,92.453,{}
test,adversarial,homog,high,hybrid,1001,253,213,40,0.841897233201581,0.9942708333333333,0.6190625,30,0.3752083333333333,0.240234375,15851.09047044345,63.08714229249012,107.491,"{'family': 'hybrid', 'alpha': 0.1}"
test,adversarial,homog,high,balance,1001,253,212,41,0.8379446640316206,0.9946180555555556,0.6230208333333334,30,0.37159722222222225,0.23763020833333334,21261.452927017166,47.03347430830039,91.231,"{'family': 'balance', 'lam': 0.8}"
test,adversarial,homog,high,wmatch,1001,253,197,56,0.7786561264822134,0.9946180555555556,0.6042708333333333,30,0.39034722222222223,0.24934895833333334,17758.539593857287,56.31093675889328,134.181,"{'family': 'wmatch', 'lam': 0.8}"
test,adversarial,homog,high,d1_cheap,1001,253,215,38,0.849802371541502,0.9914930555555556,0.6248958333333333,30,0.36659722222222224,0.23763020833333334,11227.384309237843,89.06794071146246,151.223,"{'family': 'd_cheap', 'alpha': 0.0, 'beta': 0.8, 'gamma': 0.2}"
test,adversarial,homog,high,d1_cheap_nomad_ff,1001,253,214,39,0.8458498023715415,0.9866319444444444,0.6257291666666667,30,0.3609027777777778,0.23893229166666666,15218.424085868965,65.70982608695653,124.002,{'derived_from': 'd1_cheap'}
test,adversarial,homog,high,d2_capacity,1001,253,215,38,0.849802371541502,0.9914930555555556,0.6248958333333333,30,0.36659722222222224,0.23763020833333334,7928.782360596571,126.12277075098814,199.914,"{'family': 'd_capacity', 'alpha': 0.0, 'beta': 0.8, 'gamma': 0.2}"
test,adversarial,homog,high,d2_capacity_nomad_ff,1001,253,217,36,0.857707509881423,0.992361111111111,0.6191666666666666,30,0.37319444444444444,0.24088541666666666,11305.919502389392,88.44924110671936,171.561,{'derived_from': 'd2_capacity'}
test,adversarial,homog,high,ff_only_cheap,1001,253,214,39,0.8458498023715415,0.9866319444444444,0.6257291666666667,30,0.3609027777777778,0.23893229166666666,15169.320798158096,65.92252964426876,123.681,"{'alpha': 0, 'beta': 0, 'gamma': 1}"
test,adversarial,homog,high,binpack,1002,253,197,56,0.7786561264822134,0.9946180555555556,0.6042708333333333,30,0.39034722222222223,0.24934895833333334,29526.47585405331,33.86790909090909,78.607,{}
test,adversarial,homog,high,spread,1002,253,218,35,0.8616600790513834,0.998263888888889,0.6239583333333333,30,0.37430555555555556,0.23567708333333334,18651.70991209368,53.61438735177865,88.947,{}
test,adversarial,homog,high,tetris,1002,253,210,43,0.8300395256916996,0.9625,0.613125,30,0.349375,0.255859375,15107.201417807866,66.19359683794467,94.607,{}
test,adversarial,homog,high,hybrid,1002,253,213,40,0.841897233201581,0.9942708333333333,0.6190625,30,0.3752083333333333,0.240234375,15631.950966338787,63.97154150197629,110.647,"{'family': 'hybrid', 'alpha': 0.1}"
test,adversarial,homog,high,balance,1002,253,212,41,0.8379446640316206,0.9946180555555556,0.6230208333333334,30,0.37159722222222225,0.23763020833333334,21195.324127190375,47.180217391304346,91.531,"{'family': 'balance', 'lam': 0.8}"
test,adversarial,homog,high,wmatch,1002,253,197,56,0.7786561264822134,0.9946180555555556,0.6042708333333333,30,0.39034722222222223,0.24934895833333334,17840.61309090596,56.051885375494074,132.377,"{'family': 'wmatch', 'lam': 0.8}"
test,adversarial,homog,high,d1_cheap,1002,253,215,38,0.849802371541502,0.9914930555555556,0.6248958333333333,30,0.36659722222222224,0.23763020833333334,11362.53910083243,88.0084980237154,146.965,"{'family': 'd_cheap', 'alpha': 0.0, 'beta': 0.8, 'gamma': 0.2}"
test,adversarial,homog,high,d1_cheap_nomad_ff,1002,253,214,39,0.8458498023715415,0.9866319444444444,0.6257291666666667,30,0.3609027777777778,0.23893229166666666,15223.662071768314,65.68721739130436,124.503,{'derived_from': 'd1_cheap'}
test,adversarial,homog,high,d2_capacity,1002,253,215,38,0.849802371541502,0.9914930555555556,0.6248958333333333,30,0.36659722222222224,0.23763020833333334,7910.7578959447665,126.41013833992095,201.888,"{'family': 'd_capacity', 'alpha': 0.0, 'beta': 0.8, 'gamma': 0.2}"
test,adversarial,homog,high,d2_capacity_nomad_ff,1002,253,217,36,0.857707509881423,0.992361111111111,0.6191666666666666,30,0.37319444444444444,0.24088541666666666,11198.217208411037,89.29992885375495,171.531,{'derived_from': 'd2_capacity'}
test,adversarial,homog,high,ff_only_cheap,1002,253,214,39,0.8458498023715415,0.9866319444444444,0.6257291666666667,30,0.3609027777777778,0.23893229166666666,15192.156763842426,65.82343873517787,123.561,"{'alpha': 0, 'beta': 0, 'gamma': 1}"
test,adversarial,homog,high,binpack,1003,253,197,56,0.7786561264822134,0.9946180555555556,0.6042708333333333,30,0.39034722222222223,0.24934895833333334,29834.845849955254,33.51785375494071,79.78,{}
test,adversarial,homog,high,spread,1003,253,218,35,0.8616600790513834,0.998263888888889,0.6239583333333333,30,0.37430555555555556,0.23567708333333334,18692.889712394008,53.4962766798419,90.069,{}
test,adversarial,homog,high,tetris,1003,253,210,43,0.8300395256916996,0.9625,0.613125,30,0.349375,0.255859375,15247.16651297965,65.58595652173913,92.694,{}
test,adversarial,homog,high,hybrid,1003,253,213,40,0.841897233201581,0.9942708333333333,0.6190625,30,0.3752083333333333,0.240234375,15786.783329955502,63.34412648221344,110.346,"{'family': 'hybrid', 'alpha': 0.1}"
test,adversarial,homog,high,balance,1003,253,212,41,0.8379446640316206,0.9946180555555556,0.6230208333333334,30,0.37159722222222225,0.23763020833333334,21269.34259656639,47.01602766798419,92.342,"{'family': 'balance', 'lam': 0.8}"
test,adversarial,homog,high,wmatch,1003,253,197,56,0.7786561264822134,0.9946180555555556,0.6042708333333333,30,0.39034722222222223,0.24934895833333334,17881.389000853713,55.92406719367589,130.865,"{'family': 'wmatch', 'lam': 0.8}"
test,adversarial,homog,high,d1_cheap,1003,253,215,38,0.849802371541502,0.9914930555555556,0.6248958333333333,30,0.36659722222222224,0.23763020833333334,11468.44093571599,87.19581027667984,144.901,"{'family': 'd_cheap', 'alpha': 0.0, 'beta': 0.8, 'gamma': 0.2}"
test,adversarial,homog,high,d1_cheap_nomad_ff,1003,253,214,39,0.8458498023715415,0.9866319444444444,0.6257291666666667,30,0.3609027777777778,0.23893229166666666,15160.205622722522,65.96216600790514,124.644,{'derived_from': 'd1_cheap'}
test,adversarial,homog,high,d2_capacity,1003,253,215,38,0.849802371541502,0.9914930555555556,0.6248958333333333,30,0.36659722222222224,0.23763020833333334,7961.924503521295,125.5977747035573,200.305,"{'family': 'd_capacity', 'alpha': 0.0, 'beta': 0.8, 'gamma': 0.2}"
test,adversarial,homog,high,d2_capacity_nomad_ff,1003,253,217,36,0.857707509881423,0.992361111111111,0.6191666666666666,30,0.37319444444444444,0.24088541666666666,11244.336998557568,88.9336561264822,170.91,{'derived_from': 'd2_capacity'}
test,adversarial,homog,high,ff_only_cheap,1003,253,214,39,0.8458498023715415,0.9866319444444444,0.6257291666666667,30,0.3609027777777778,0.23893229166666666,15051.53126723601,66.43842292490119,123.571,"{'alpha': 0, 'beta': 0, 'gamma': 1}"
test,adversarial,homog,high,binpack,1004,253,197,56,0.7786561264822134,0.9946180555555556,0.6042708333333333,30,0.39034722222222223,0.24934895833333334,29610.37659951626,33.77194466403162,78.136,{}
test,adversarial,homog,high,spread,1004,253,218,35,0.8616600790513834,0.998263888888889,0.6239583333333333,30,0.37430555555555556,0.23567708333333334,18572.723628255706,53.84239920948617,88.796,{}
test,adversarial,homog,high,tetris,1004,253,210,43,0.8300395256916996,0.9625,0.613125,30,0.349375,0.255859375,14871.175940294755,67.24417786561266,96.852,{}
test,adversarial,homog,high,hybrid,1004,253,213,40,0.841897233201581,0.9942708333333333,0.6190625,30,0.3752083333333333,0.240234375,15559.73119426595,64.26846245059289,110.897,"{'family': 'hybrid', 'alpha': 0.1}"
test,adversarial,homog,high,balance,1004,253,212,41,0.8379446640316206,0.9946180555555556,0.6230208333333334,30,0.37159722222222225,0.23763020833333334,21293.023479724412,46.96373913043478,92.383,"{'family': 'balance', 'lam': 0.8}"
test,adversarial,homog,high,wmatch,1004,253,197,56,0.7786561264822134,0.9946180555555556,0.6042708333333333,30,0.39034722222222223,0.24934895833333334,17873.979823173355,55.94724901185771,131.897,"{'family': 'wmatch', 'lam': 0.8}"
test,adversarial,homog,high,d1_cheap,1004,253,215,38,0.849802371541502,0.9914930555555556,0.6248958333333333,30,0.36659722222222224,0.23763020833333334,11253.206441050701,88.86356126482212,149.53,"{'family': 'd_cheap', 'alpha': 0.0, 'beta': 0.8, 'gamma': 0.2}"
test,adversarial,homog,high,d1_cheap_nomad_ff,1004,253,214,39,0.8458498023715415,0.9866319444444444,0.6257291666666667,30,0.3609027777777778,0.23893229166666666,15013.11184661513,66.60844268774704,123.901,{'derived_from': 'd1_cheap'}
test,adversarial,homog,high,d2_capacity,1004,253,215,38,0.849802371541502,0.9914930555555556,0.6248958333333333,30,0.36659722222222224,0.23763020833333334,7782.226839608458,128.49792490118577,203.761,"{'family': 'd_capacity', 'alpha': 0.0, 'beta': 0.8, 'gamma': 0.2}"
test,adversarial,homog,high,d2_capacity_nomad_ff,1004,253,217,36,0.857707509881423,0.992361111111111,0.6191666666666666,30,0.37319444444444444,0.24088541666666666,11117.28884742145,89.9499881422925,175.809,{'derived_from': 'd2_capacity'}
test,adversarial,homog,high,ff_only_cheap,1004,253,214,39,0.8458498023715415,0.9866319444444444,0.6257291666666667,30,0.3609027777777778,0.23893229166666666,14989.785616441603,66.71209486166008,123.872,"{'alpha': 0, 'beta': 0, 'gamma': 1}"
test,adversarial,homog,high,binpack,1005,253,197,56,0.7786561264822134,0.9946180555555556,0.6042708333333333,30,0.39034722222222223,0.24934895833333334,29465.660625934484,33.93781027667984,78.937,{}
test,adversarial,homog,high,spread,1005,253,218,35,0.8616600790513834,0.998263888888889,0.6239583333333333,30,0.37430555555555556,0.23567708333333334,18466.738120048103,54.15141501976285,90.159,{}
test,adversarial,homog,high,tetris,1005,253,210,43,0.8300395256916996,0.9625,0.613125,30,0.349375,0.255859375,15088.311049647284,66.27647035573123,94.627,{}
test,adversarial,homog,high,hybrid,1005,253,213,40,0.841897233201581,0.9942708333333333,0.6190625,30,0.3752083333333333,0.240234375,15539.169886489128,64.35350197628459,110.617,"{'family': 'hybrid', 'alpha': 0.1}"
test,adversarial,homog,high,balance,1005,253,212,41,0.8379446640316206,0.9946180555555556,0.6230208333333334,30,0.37159722222222225,0.23763020833333334,21070.16623528347,47.460470355731225,92.574,"{'family': 'balance', 'lam': 0.8}"
test,adversarial,homog,high,wmatch,1005,253,197,56,0.7786561264822134,0.9946180555555556,0.6042708333333333,30,0.39034722222222223,0.24934895833333334,17684.180389264457,56.54771541501976,134.061,"{'family': 'wmatch', 'lam': 0.8}"
test,adversarial,homog,high,d1_cheap,1005,253,215,38,0.849802371541502,0.9914930555555556,0.6248958333333333,30,0.36659722222222224,0.23763020833333334,11371.245455209833,87.94111462450593,148.518,"{'family': 'd_cheap', 'alpha': 0.0, 'beta': 0.8, 'gamma': 0.2}"
test,adversarial,homog,high,d1_cheap_nomad_ff,1005,253,214,39,0.8458498023715415,0.9866319444444444,0.6257291666666667,30,0.3609027777777778,0.23893229166666666,15137.518069290343,66.06102766798419,123.27,{'derived_from': 'd1_cheap'}
test,adversarial,homog,high,d2_capacity,1005,253,215,38,0.849802371541502,0.9914930555555556,0.6248958333333333,30,0.36659722222222224,0.23763020833333334,7917.369698323492,126.30457312252965,202.078,"{'family': 'd_capacity', 'alpha': 0.0, 'beta': 0.8, 'gamma': 0.2}"
test,adversarial,homog,high,d2_capacity_nomad_ff,1005,253,217,36,0.857707509881423,0.992361111111111,0.6191666666666666,30,0.37319444444444444,0.24088541666666666,11257.883355068168,88.8266442687747,170.289,{'derived_from': 'd2_capacity'}
test,adversarial,homog,high,ff_only_cheap,1005,253,214,39,0.8458498023715415,0.9866319444444444,0.6257291666666667,30,0.3609027777777778,0.23893229166666666,15160.10478808241,65.962604743083,122.89,"{'alpha': 0, 'beta': 0, 'gamma': 1}"
test,adversarial,homog,high,binpack,1006,253,197,56,0.7786561264822134,0.9946180555555556,0.6042708333333333,30,0.39034722222222223,0.24934895833333334,29402.7921030841,34.01037549407114,78.868,{}
test,adversarial,homog,high,spread,1006,253,218,35,0.8616600790513834,0.998263888888889,0.6239583333333333,30,0.37430555555555556,0.23567708333333334,18546.11914026936,53.91963636363636,88.606,{}
test,adversarial,homog,high,tetris,1006,253,210,43,0.8300395256916996,0.9625,0.613125,30,0.349375,0.255859375,15006.04690309,66.6398023715415,99.106,{}
test,adversarial,homog,high,hybrid,1006,253,213,40,0.841897233201581,0.9942708333333333,0.6190625,30,0.3752083333333333,0.240234375,15720.137315710126,63.61267588932807,108.152,"{'family': 'hybrid', 'alpha': 0.1}"
test,adversarial,homog,high,balance,1006,253,212,41,0.8379446640316206,0.9946180555555556,0.6230208333333334,30,0.37159722222222225,0.23763020833333334,21222.467832442828,47.11987351778656,91.702,"{'family': 'balance', 'lam': 0.8}"
test,adversarial,homog,high,wmatch,1006,253,197,56,0.7786561264822134,0.9946180555555556,0.6042708333333333,30,0.39034722222222223,0.24934895833333334,17982.912821042082,55.60834387351778,128.72,"{'family': 'wmatch', 'lam': 0.8}"
test,adversarial,homog,high,d1_cheap,1006,253,215,38,0.849802371541502,0.9914930555555556,0.6248958333333333,30,0.36659722222222224,0.23763020833333334,11333.585867726213,88.2333280632411,149.37,"{'family': 'd_cheap', 'alpha': 0.0, 'beta': 0.8, 'gamma': 0.2}"
test,adversarial,homog,high,d1_cheap_nomad_ff,1006,253,214,39,0.8458498023715415,0.9866319444444444,0.6257291666666667,30,0.3609027777777778,0.23893229166666666,15030.813166992333,66.53,124.914,{'derived_from': 'd1_cheap'}
test,adversarial,homog,high,d2_capacity,1006,253,215,38,0.849802371541502,0.9914930555555556,0.6248958333333333,30,0.36659722222222224,0.23763020833333334,7846.937451968523,127.43825296442688,200.315,"{'family': 'd_capacity', 'alpha': 0.0, 'beta': 0.8, 'gamma': 0.2}"
test,adversarial,homog,high,d2_capacity_nomad_ff,1006,253,217,36,0.857707509881423,0.992361111111111,0.6191666666666666,30,0.37319444444444444,0.24088541666666666,11210.514949022287,89.20196837944664,173.314,{'derived_from': 'd2_capacity'}
test,adversarial,homog,high,ff_only_cheap,1006,253,214,39,0.8458498023715415,0.9866319444444444,0.6257291666666667,30,0.3609027777777778,0.23893229166666666,15157.844082461548,65.97244268774703,124.333,"{'alpha': 0, 'beta': 0, 'gamma': 1}"
test,adversarial,homog,high,binpack,1007,253,197,56,0.7786561264822134,0.9946180555555556,0.6042708333333333,30,0.39034722222222223,0.24934895833333334,29269.974443725867,34.16470355731226,79.529,{}
test,adversarial,homog,high,spread,1007,253,218,35,0.8616600790513834,0.998263888888889,0.6239583333333333,30,0.37430555555555556,0.23567708333333334,18476.85700628907,54.121758893280635,92.032,{}
test,adversarial,homog,high,tetris,1007,253,210,43,0.8300395256916996,0.9625,0.613125,30,0.349375,0.255859375,14955.982120921419,66.86287747035573,100.258,{}
test,adversarial,homog,high,hybrid,1007,253,213,40,0.841897233201581,0.9942708333333333,0.6190625,30,0.3752083333333333,0.240234375,15511.72665075887,64.4673557312253,110.757,"{'family': 'hybrid', 'alpha': 0.1}"
test,adversarial,homog,high,balance,1007,253,212,41,0.8379446640316206,0.9946180555555556,0.6230208333333334,30,0.37159722222222225,0.23763020833333334,21036.47458619259,47.53648221343874,93.926,"{'family': 'balance', 'lam': 0.8}"
test,adversarial,homog,high,wmatch,1007,253,197,56,0.7786561264822134,0.9946180555555556,0.6042708333333333,30,0.39034722222222223,0.24934895833333334,17883.020729177697,55.91896442687747,131.907,"{'family': 'wmatch', 'lam': 0.8}"
test,adversarial,homog,high,d1_cheap,1007,253,215,38,0.849802371541502,0.9914930555555556,0.6248958333333333,30,0.36659722222222224,0.23763020833333334,11328.142805165167,88.2757233201581,146.494,"{'family': 'd_cheap', 'alpha': 0.0, 'beta': 0.8, 'gamma': 0.2}"
test,adversarial,homog,high,d1_cheap_nomad_ff,1007,253,214,39,0.8458498023715415,0.9866319444444444,0.6257291666666667,30,0.3609027777777778,0.23893229166666666,15140.788386237324,66.04675889328064,122.138,{'derived_from': 'd1_cheap'}
test,adversarial,homog,high,d2_capacity,1007,253,215,38,0.849802371541502,0.9914930555555556,0.6248958333333333,30,0.36659722222222224,0.23763020833333334,7871.154489918078,127.04616600790514,203.421,"{'family': 'd_capacity', 'alpha': 0.0, 'beta': 0.8, 'gamma': 0.2}"
test,adversarial,homog,high,d2_capacity_nomad_ff,1007,253,217,36,0.857707509881423,0.992361111111111,0.6191666666666666,30,0.37319444444444444,0.24088541666666666,11134.04470050498,89.81462055335967,177.652,{'derived_from': 'd2_capacity'}
test,adversarial,homog,high,ff_only_cheap,1007,253,214,39,0.8458498023715415,0.9866319444444444,0.6257291666666667,30,0.3609027777777778,0.23893229166666666,15061.729277025088,66.39343873517787,123.401,"{'alpha': 0, 'beta': 0, 'gamma': 1}"
test,adversarial,homog,high,binpack,1008,253,197,56,0.7786561264822134,0.9946180555555556,0.6042708333333333,30,0.39034722222222223,0.24934895833333334,29276.01683243681,34.15765217391304,79.999,{}
test,adversarial,homog,high,spread,1008,253,218,35,0.8616600790513834,0.998263888888889,0.6239583333333333,30,0.37430555555555556,0.23567708333333334,18430.16246880258,54.2588814229249,91.692,{}
test,adversarial,homog,high,tetris,1008,253,210,43,0.8300395256916996,0.9625,0.613125,30,0.349375,0.255859375,14940.188167241056,66.93356126482213,101.7,{}
test,adversarial,homog,high,hybrid,1008,253,213,40,0.841897233201581,0.9942708333333333,0.6190625,30,0.3752083333333333,0.240234375,15574.180962749084,64.20883399209487,111.188,"{'family': 'hybrid', 'alpha': 0.1}"
test,adversarial,homog,high,balance,1008,253,212,41,0.8379446640316206,0.9946180555555556,0.6230208333333334,30,0.37159722222222225,0.23763020833333334,21222.07441331659,47.12074703557312,92.332,"{'family': 'balance', 'lam': 0.8}"
test,adversarial,homog,high,wmatch,1008,253,197,56,0.7786561264822134,0.9946180555555556,0.6042708333333333,30,0.39034722222222223,0.24934895833333334,17888.34392681532,55.902324110671934,132.488,"{'family': 'wmatch', 'lam': 0.8}"
test,adversarial,homog,high,d1_cheap,1008,253,215,38,0.849802371541502,0.9914930555555556,0.6248958333333333,30,0.36659722222222224,0.23763020833333334,11405.357308205843,87.67809486166009,147.496,"{'family': 'd_cheap', 'alpha': 0.0, 'beta': 0.8, 'gamma': 0.2}"
test,adversarial,homog,high,d1_cheap_nomad_ff,1008,253,214,39,0.8458498023715415,0.9866319444444444,0.6257291666666667,30,0.3609027777777778,0.23893229166666666,15201.46203215548,65.7831462450593,125.785,{'derived_from': 'd1_cheap'}
test,adversarial,homog,high,d2_capacity,1008,253,215,38,0.849802371541502,0.9914930555555556,0.6248958333333333,30,0.36659722222222224,0.23763020833333334,7944.864274868941,125.8674743083004,200.285,"{'family': 'd_capacity', 'alpha': 0.0, 'beta': 0.8, 'gamma': 0.2}"
test,adversarial,homog,high,d2_capacity_nomad_ff,1008,253,217,36,0.857707509881423,0.992361111111111,0.6191666666666666,30,0.37319444444444444,0.24088541666666666,11254.578567189834,88.85272727272728,174.286,{'derived_from': 'd2_capacity'}
test,adversarial,homog,high,ff_only_cheap,1008,253,214,39,0.8458498023715415,0.9866319444444444,0.6257291666666667,30,0.3609027777777778,0.23893229166666666,15083.067760055934,66.29950988142292,123.241,"{'alpha': 0, 'beta': 0, 'gamma': 1}"
test,adversarial,homog,high,binpack,1009,253,197,56,0.7786561264822134,0.9946180555555556,0.6042708333333333,30,0.39034722222222223,0.24934895833333334,28870.396113245897,34.637557312252966,80.651,{}
test,adversarial,homog,high,spread,1009,253,218,35,0.8616600790513834,0.998263888888889,0.6239583333333333,30,0.37430555555555556,0.23567708333333334,18180.252968519133,55.00473517786561,93.324,{}
test,adversarial,homog,high,tetris,1009,253,210,43,0.8300395256916996,0.9625,0.613125,30,0.349375,0.255859375,14802.217220021912,67.55744664031621,100.648,{}
test,adversarial,homog,high,hybrid,1009,253,213,40,0.841897233201581,0.9942708333333333,0.6190625,30,0.3752083333333333,0.240234375,15454.589102792077,64.70569960474307,112.02,"{'family': 'hybrid', 'alpha': 0.1}"
test,adversarial,homog,high,balance,1009,253,212,41,0.8379446640316206,0.9946180555555556,0.6230208333333334,30,0.37159722222222225,0.23763020833333334,21152.799125662004,47.27506719367589,93.034,"{'family': 'balance', 'lam': 0.8}"
test,adversarial,homog,high,wmatch,1009,253,197,56,0.7786561264822134,0.9946180555555556,0.6042708333333333,30,0.39034722222222223,0.24934895833333334,17931.811487189316,55.76681422924901,133.379,"{'family': 'wmatch', 'lam': 0.8}"
test,adversarial,homog,high,d1_cheap,1009,253,215,38,0.849802371541502,0.9914930555555556,0.6248958333333333,30,0.36659722222222224,0.23763020833333334,11437.575790892542,87.43111462450594,145.262,"{'family': 'd_cheap', 'alpha': 0.0, 'beta': 0.8, 'gamma': 0.2}"
test,adversarial,homog,high,d1_cheap_nomad_ff,1009,253,214,39,0.8458498023715415,0.9866319444444444,0.6257291666666667,30,0.3609027777777778,0.23893229166666666,15177.986184793,65.88489328063241,123.33,{'derived_from': 'd1_cheap'}
test,adversarial,homog,high,d2_capacity,1009,253,215,38,0.849802371541502,0.9914930555555556,0.6248958333333333,30,0.36659722222222224,0.23763020833333334,7891.631492500595,126.71650988142292,200.987,"{'family': 'd_capacity', 'alpha': 0.0, 'beta': 0.8, 'gamma': 0.2}"
test,adversarial,homog,high,d2_capacity_nomad_ff,1009,253,217,36,0.857707509881423,0.992361111111111,0.6191666666666666,30,0.37319444444444444,0.24088541666666666,11238.632822538213,88.97879446640317,175.719,{'derived_from': 'd2_capacity'}
test,adversarial,homog,high,ff_only_cheap,1009,253,214,39,0.8458498023715415,0.9866319444444444,0.6257291666666667,30,0.3609027777777778,0.23893229166666666,15196.572470141587,65.80431225296444,125.074,"{'alpha': 0, 'beta': 0, 'gamma': 1}"
test,adversarial,homog,low,binpack,1000,92,92,0,1.0,0.40607638888888886,0.23864583333333333,13,0.16743055555555558,0.10377604166666667,14819.083951882434,67.48055434782609,91.07,{}
test,adversarial,homog,low,spread,1000,92,92,0,1.0,0.40607638888888886,0.23864583333333333,30,0.3257638888888889,0.0,11898.500103529885,84.04420652173914,99.616,{}
test,adversarial,homog,low,tetris,1000,92,92,0,1.0,0.40607638888888886,0.23864583333333333,30,0.1674305555555556,0.0,11644.533404179349,85.87720652173914,97.963,{}
test,adversarial,homog,low,hybrid,1000,92,92,0,1.0,0.40607638888888886,0.23864583333333333,30,0.16743055555555558,0.015234375,9873.633588384313,101.27983695652175,123.191,"{'family': 'hybrid', 'alpha': 0.1}"
test,adversarial,homog,low,balance,1000,92,92,0,1.0,0.40607638888888886,0.23864583333333333,13,0.16743055555555555,0.08671875,12671.921473755487,78.91463043478261,97.953,"{'family': 'balance', 'lam': 0.8}"
test,adversarial,homog,low,wmatch,1000,92,92,0,1.0,0.40607638888888886,0.23864583333333333,13,0.16743055555555558,0.10377604166666667,8938.549222938882,111.87497826086957,141.966,"{'family': 'wmatch', 'lam': 0.8}"
test,adversarial,homog,low,d1_cheap,1000,92,92,0,1.0,0.40607638888888886,0.23864583333333333,30,0.16743055555555558,0.011848958333333333,7501.737222951467,133.30245652173915,155.26,"{'family': 'd_cheap', 'alpha': 0.0, 'beta': 0.8, 'gamma': 0.2}"
test,adversarial,homog,low,d1_cheap_nomad_ff,1000,92,92,0,1.0,0.40607638888888886,0.23864583333333333,13,0.16743055555555558,0.10377604166666667,9504.162668289537,105.21705434782608,128.03,{'derived_from': 'd1_cheap'}
test,adversarial,homog,low,d2_capacity,1000,92,92,0,1.0,0.40607638888888886,0.23864583333333333,30,0.16743055555555558,0.011848958333333333,5490.386720759708,182.13653260869566,213.049,"{'family': 'd_capacity', 'alpha': 0.0, 'beta': 0.8, 'gamma': 0.2}"
test,adversarial,homog,low,d2_capacity_nomad_ff,1000,92,92,0,1.0,0.40607638888888886,0.23864583333333333,13,0.16743055555555558,0.10377604166666667,6870.3732330258845,145.5525,188.253,{'derived_from': 'd2_capacity'}
test,adversarial,homog,low,ff_only_cheap,1000,92,92,0,1.0,0.40607638888888886,0.23864583333333333,13,0.16743055555555558,0.10377604166666667,9502.85798453885,105.2315,133.96,"{'alpha': 0, 'beta': 0, 'gamma': 1}"
test,adversarial,homog,low,binpack,1001,92,92,0,1.0,0.40607638888888886,0.23864583333333333,13,0.16743055555555558,0.10377604166666667,15127.107991272975,66.10648913043478,83.105,{}
test,adversarial,homog,low,spread,1001,92,92,0,1.0,0.40607638888888886,0.23864583333333333,30,0.3257638888888889,0.0,11939.26031091391,83.75728260869565,96.4,{}
test,adversarial,homog,low,tetris,1001,92,92,0,1.0,0.40607638888888886,0.23864583333333333,30,0.1674305555555556,0.0,11551.313823833925,86.57023913043479,98.234,{}
test,adversarial,homog,low,hybrid,1001,92,92,0,1.0,0.40607638888888886,0.23864583333333333,30,0.16743055555555558,0.015234375,10060.968374767572,99.39401086956522,117.489,"{'family': 'hybrid', 'alpha': 0.1}"
test,adversarial,homog,low,balance,1001,92,92,0,1.0,0.40607638888888886,0.23864583333333333,13,0.16743055555555555,0.08671875,12780.232647465478,78.24583695652174,96.43,"{'family': 'balance', 'lam': 0.8}"
test,adversarial,homog,low,wmatch,1001,92,92,0,1.0,0.40607638888888886,0.23864583333333333,13,0.16743055555555558,0.10377604166666667,9016.24796485153,110.91088043478261,142.267,"{'family': 'wmatch', 'lam': 0.8}"
test,adversarial,homog,low,d1_cheap,1001,92,92,0,1.0,0.40607638888888886,0.23864583333333333,30,0.16743055555555558,0.011848958333333333,7478.8496911357015,133.71040217391305,152.445,"{'family': 'd_cheap', 'alpha': 0.0, 'beta': 0.8, 'gamma': 0.2}"
test,adversarial,homog,low,d1_cheap_nomad_ff,1001,92,92,0,1.0,0.40607638888888886,0.23864583333333333,13,0.16743055555555558,0.10377604166666667,9617.024977504523,103.98226086956521,127.909,{'derived_from': 'd1_cheap'}
test,adversarial,homog,low,d2_capacity,1001,92,92,0,1.0,0.40607638888888886,0.23864583333333333,30,0.16743055555555558,0.011848958333333333,5469.55896151862,182.83009782608696,207.828,"{'family': 'd_capacity', 'alpha': 0.0, 'beta': 0.8, 'gamma': 0.2}"
test,adversarial,homog,low,d2_capacity_nomad_ff,1001,92,92,0,1.0,0.40607638888888886,0.23864583333333333,13,0.16743055555555558,0.10377604166666667,6800.4291366456055,147.04954347826086,191.097,{'derived_from': 'd2_capacity'}
test,adversarial,homog,low,ff_only_cheap,1001,92,92,0,1.0,0.40607638888888886,0.23864583333333333,13,0.16743055555555558,0.10377604166666667,9579.74292551604,104.38693478260869,129.623,"{'alpha': 0, 'beta': 0, 'gamma': 1}"
test,adversarial,homog,low,binpack,1002,92,92,0,1.0,0.40607638888888886,0.23864583333333333,13,0.16743055555555558,0.10377604166666667,15009.099266430274,66.62625,83.296,{}
test,adversarial,homog,low,spread,1002,92,92,0,1.0,0.40607638888888886,0.23864583333333333,30,0.3257638888888889,0.0,11911.070394814436,83.95551086956522,100.729,{}
test,adversarial,homog,low,tetris,1002,92,92,0,1.0,0.40607638888888886,0.23864583333333333,30,0.1674305555555556,0.0,11714.03891913035,85.36765217391304,101.79,{}
test,adversarial,homog,low,hybrid,1002,92,92,0,1.0,0.40607638888888886,0.23864583333333333,30,0.16743055555555558,0.015234375,9964.67630561359,100.35448913043479,120.165,"{'family': 'hybrid', 'alpha': 0.1}"
test,adversarial,homog,low,balance,1002,92,92,0,1.0,0.40607638888888886,0.23864583333333333,13,0.16743055555555555,0.08671875,12724.15078395291,78.59070652173914,98.354,"{'family': 'balance', 'lam': 0.8}"
test,adversarial,homog,low,wmatch,1002,92,92,0,1.0,0.40607638888888886,0.23864583333333333,13,0.16743055555555558,0.10377604166666667,9044.787823041479,110.56091304347825,140.694,"{'family': 'wmatch', 'lam': 0.8}"
test,adversarial,homog,low,d1_cheap,1002,92,92,0,1.0,0.40607638888888886,0.23864583333333333,30,0.16743055555555558,0.011848958333333333,7445.246283082183,134.31389130434783,156.253,"{'family': 'd_cheap', 'alpha': 0.0, 'beta': 0.8, 'gamma': 0.2}"
test,adversarial,homog,low,d1_cheap_nomad_ff,1002,92,92,0,1.0,0.40607638888888886,0.23864583333333333,13,0.16743055555555558,0.10377604166666667,9608.001878155497,104.07991304347826,129.883,{'derived_from': 'd1_cheap'}
test,adversarial,homog,low,d2_capacity,1002,92,92,0,1.0,0.40607638888888886,0.23864583333333333,30,0.16743055555555558,0.011848958333333333,5488.080009525397,182.21308695652172,206.146,"{'family': 'd_capacity', 'alpha': 0.0, 'beta': 0.8, 'gamma': 0.2}"
test,adversarial,homog,low,d2_capacity_nomad_ff,1002,92,92,0,1.0,0.40607638888888886,0.23864583333333333,13,0.16743055555555558,0.10377604166666667,6794.550947389348,147.17676086956521,183.734,{'derived_from': 'd2_capacity'}
test,adversarial,homog,low,ff_only_cheap,1002,92,92,0,1.0,0.40607638888888886,0.23864583333333333,13,0.16743055555555558,0.10377604166666667,9565.538442599336,104.54194565217392,127.759,"{'alpha': 0, 'beta': 0, 'gamma': 1}"
test,adversarial,homog,low,binpack,1003,92,92,0,1.0,0.40607638888888886,0.23864583333333333,13,0.16743055555555558,0.10377604166666667,14971.835861159658,66.79207608695653,88.636,{}
test,adversarial,homog,low,spread,1003,92,92,0,1.0,0.40607638888888886,0.23864583333333333,30,0.3257638888888889,0.0,11799.222379944194,84.75134782608696,100.969,{}
test,adversarial,homog,low,tetris,1003,92,92,0,1.0,0.40607638888888886,0.23864583333333333,30,0.1674305555555556,0.0,11705.631362949005,85.42896739130435,99.757,{}
test,adversarial,homog,low,hybrid,1003,92,92,0,1.0,0.40607638888888886,0.23864583333333333,30,0.16743055555555558,0.015234375,9938.225287900665,100.62158695652174,116.788,"{'family': 'hybrid', 'alpha': 0.1}"
test,adversarial,homog,low,balance,1003,92,92,0,1.0,0.40607638888888886,0.23864583333333333,13,0.16743055555555555,0.08671875,12752.250252376734,78.41753260869565,98.795,"{'family': 'balance', 'lam': 0.8}"
test,adversarial,homog,low,wmatch,1003,92,92,0,1.0,0.40607638888888886,0.23864583333333333,13,0.16743055555555558,0.10377604166666667,9046.706276162313,110.53746739130435,142.387,"{'family': 'wmatch', 'lam': 0.8}"
test,adversarial,homog,low,d1_cheap,1003,92,92,0,1.0,0.40607638888888886,0.23864583333333333,30,0.16743055555555558,0.011848958333333333,7444.257681684998,134.33172826086957,154.048,"{'family': 'd_cheap', 'alpha': 0.0, 'beta': 0.8, 'gamma': 0.2}"
test,adversarial,homog,low,d1_cheap_nomad_ff,1003,92,92,0,1.0,0.40607638888888886,0.23864583333333333,13,0.16743055555555558,0.10377604166666667,9589.527568797303,104.28042391304348,132.949,{'derived_from': 'd1_cheap'}
test,adversarial,homog,low,d2_capacity,1003,92,92,0,1.0,0.40607638888888886,0.23864583333333333,30,0.16743055555555558,0.011848958333333333,5485.407266447457,182.30186956521737,211.716,"{'family': 'd_capacity', 'alpha': 0.0, 'beta': 0.8, 'gamma': 0.2}"
test,adversarial,homog,low,d2_capacity_nomad_ff,1003,92,92,0,1.0,0.40607638888888886,0.23864583333333333,13,0.16743055555555558,0.10377604166666667,6790.019674820053,147.27497826086957,187.11,{'derived_from': 'd2_capacity'}
test,adversarial,homog,low,ff_only_cheap,1003,92,92,0,1.0,0.40607638888888886,0.23864583333333333,13,0.16743055555555558,0.10377604166666667,9479.636966998396,105.48927173913043,131.726,"{'alpha': 0, 'beta': 0, 'gamma': 1}"
test,adversarial,homog,low,binpack,1004,92,92,0,1.0,0.40607638888888886,0.23864583333333333,13,0.16743055555555558,0.10377604166666667,15021.9091278998,66.5694347826087,83.156,{}
test,adversarial,homog,low,spread,1004,92,92,0,1.0,0.40607638888888886,0.23864583333333333,30,0.3257638888888889,0.0,11927.805659743786,83.83771739130435,99.586,{}
test,adversarial,homog,low,tetris,1004,92,92,0,1.0,0.40607638888888886,0.23864583333333333,30,0.1674305555555556,0.0,11715.632065990589,85.35604347826086,100.999,{}
test,adversarial,homog,low,hybrid,1004,92,92,0,1.0,0.40607638888888886,0.23864583333333333,30,0.16743055555555558,0.015234375,9942.080894821862,100.5825652173913,119.724,"{'family': 'hybrid', 'alpha': 0.1}"
test,adversarial,homog,low,balance,1004,92,92,0,1.0,0.40607638888888886,0.23864583333333333,13,0.16743055555555555,0.08671875,12742.719371108018,78.47618478260868,99.266,"{'family': 'balance', 'lam': 0.8}"
test,adversarial,homog,low,wmatch,1004,92,92,0,1.0,0.40607638888888886,0.23864583333333333,13,0.16743055555555558,0.10377604166666667,8993.458041314772,111.19193478260868,145.472,"{'family': 'wmatch', 'lam': 0.8}"
test,adversarial,homog,low,d1_cheap,1004,92,92,0,1.0,0.40607638888888886,0.23864583333333333,30,0.16743055555555558,0.011848958333333333,7432.2774113700925,134.5482608695652,159.438,"{'family': 'd_cheap', 'alpha': 0.0, 'beta': 0.8, 'gamma': 0.2}"
test,adversarial,homog,low,d1_cheap_nomad_ff,1004,92,92,0,1.0,0.40607638888888886,0.23864583333333333,13,0.16743055555555558,0.10377604166666667,9476.778801681923,105.52108695652174,132.938,{'derived_from': 'd1_cheap'}
test,adversarial,homog,low,d2_capacity,1004,92,92,0,1.0,0.40607638888888886,0.23864583333333333,30,0.16743055555555558,0.011848958333333333,5473.970259919578,182.68276086956521,209.683,"{'family': 'd_capacity', 'alpha': 0.0, 'beta': 0.8, 'gamma': 0.2}"
test,adversarial,homog,low,d2_capacity_nomad_ff,1004,92,92,0,1.0,0.40607638888888886,0.23864583333333333,13,0.16743055555555558,0.10377604166666667,6786.514546451332,147.35104347826086,185.597,{'derived_from': 'd2_capacity'}
test,adversarial,homog,low,ff_only_cheap,1004,92,92,0,1.0,0.40607638888888886,0.23864583333333333,13,0.16743055555555558,0.10377604166666667,9550.560981266159,104.70589130434783,130.445,"{'alpha': 0, 'beta': 0, 'gamma': 1}"
test,adversarial,homog,low,binpack,1005,92,92,0,1.0,0.40607638888888886,0.23864583333333333,13,0.16743055555555558,0.10377604166666667,15005.128655114782,66.6438804347826,85.209,{}
test,adversarial,homog,low,spread,1005,92,92,0,1.0,0.40607638888888886,0.23864583333333333,30,0.3257638888888889,0.0,11843.916237249605,84.43153260869565,102.572,{}
test,adversarial,homog,low,tetris,1005,92,92,0,1.0,0.40607638888888886,0.23864583333333333,30,0.1674305555555556,0.0,11662.537874725582,85.74463043478261,100.027,{}
test,adversarial,homog,low,hybrid,1005,92,92,0,1.0,0.40607638888888886,0.23864583333333333,30,0.16743055555555558,0.015234375,9981.60238785968,100.18431521739132,119.734,"{'family': 'hybrid', 'alpha': 0.1}"
test,adversarial,homog,low,balance,1005,92,92,0,1.0,0.40607638888888886,0.23864583333333333,13,0.16743055555555555,0.08671875,12657.813351736693,79.00258695652174,103.163,"{'family': 'balance', 'lam': 0.8}"
test,adversarial,homog,low,wmatch,1005,92,92,0,1.0,0.40607638888888886,0.23864583333333333,13,0.16743055555555558,0.10377604166666667,9028.214741190523,110.76386956521739,141.164,"{'family': 'wmatch', 'lam': 0.8}"
test,adversarial,homog,low,d1_cheap,1005,92,92,0,1.0,0.40607638888888886,0.23864583333333333,30,0.16743055555555558,0.011848958333333333,7366.844092836009,135.74333695652172,168.866,"{'family': 'd_cheap', 'alpha': 0.0, 'beta': 0.8, 'gamma': 0.2}"
test,adversarial,homog,low,d1_cheap_nomad_ff,1005,92,92,0,1.0,0.40607638888888886,0.23864583333333333,13,0.16743055555555558,0.10377604166666667,9478.938622636035,105.49704347826086,131.607,{'derived_from': 'd1_cheap'}
test,adversarial,homog,low,d2_capacity,1005,92,92,0,1.0,0.40607638888888886,0.23864583333333333,30,0.16743055555555558,0.011848958333333333,5452.155880218269,183.4136847826087,212.878,"{'family': 'd_capacity', 'alpha': 0.0, 'beta': 0.8, 'gamma': 0.2}"
test,adversarial,homog,low,d2_capacity_nomad_ff,1005,92,92,0,1.0,0.40607638888888886,0.23864583333333333,13,0.16743055555555558,0.10377604166666667,6847.458934039693,146.03957608695652,184.806,{'derived_from': 'd2_capacity'}
test,adversarial,homog,low,ff_only_cheap,1005,92,92,0,1.0,0.40607638888888886,0.23864583333333333,13,0.16743055555555558,0.10377604166666667,9514.413301977136,105.10369565217393,129.192,"{'alpha': 0, 'beta': 0, 'gamma': 1}"
test,adversarial,homog,low,binpack,1006,92,92,0,1.0,0.40607638888888886,0.23864583333333333,13,0.16743055555555558,0.10377604166666667,14998.276828412214,66.67432608695653,85.74,{}
test,adversarial,homog,low,spread,1006,92,92,0,1.0,0.40607638888888886,0.23864583333333333,30,0.3257638888888889,0.0,12033.113558977757,83.10401086956522,92.103,{}
test,adversarial,homog,low,tetris,1006,92,92,0,1.0,0.40607638888888886,0.23864583333333333,30,0.1674305555555556,0.0,11646.610443920685,85.86189130434782,102.292,{}
test,adversarial,homog,low,hybrid,1006,92,92,0,1.0,0.40607638888888886,0.23864583333333333,30,0.16743055555555558,0.015234375,9954.793335785242,100.4541195652174,117.881,"{'family': 'hybrid', 'alpha': 0.1}"
test,adversarial,homog,low,balance,1006,92,92,0,1.0,0.40607638888888886,0.23864583333333333,13,0.16743055555555555,0.08671875,12657.425003724997,79.00501086956521,100.538,"{'family': 'balance', 'lam': 0.8}"
test,adversarial,homog,low,wmatch,1006,92,92,0,1.0,0.40607638888888886,0.23864583333333333,13,0.16743055555555558,0.10377604166666667,9016.73839874095,110.90484782608696,141.545,"{'family': 'wmatch', 'lam': 0.8}"
test,adversarial,homog,low,d1_cheap,1006,92,92,0,1.0,0.40607638888888886,0.23864583333333333,30,0.16743055555555558,0.011848958333333333,7431.4195085586125,134.56379347826086,156.753,"{'family': 'd_cheap', 'alpha': 0.0, 'beta': 0.8, 'gamma': 0.2}"
test,adversarial,homog,low,d1_cheap_nomad_ff,1006,92,92,0,1.0,0.40607638888888886,0.23864583333333333,13,0.16743055555555558,0.10377604166666667,9435.696141046426,105.98052173913044,133.039,{'derived_from': 'd1_cheap'}
test,adversarial,homog,low,d2_capacity,1006,92,92,0,1.0,0.40607638888888886,0.23864583333333333,30,0.16743055555555558,0.011848958333333333,5464.315672566088,183.00553260869566,211.266,"{'family': 'd_capacity', 'alpha': 0.0, 'beta': 0.8, 'gamma': 0.2}"
test,adversarial,homog,low,d2_capacity_nomad_ff,1006,92,92,0,1.0,0.40607638888888886,0.23864583333333333,13,0.16743055555555558,0.10377604166666667,6821.254584420625,146.60059782608695,187.261,{'derived_from': 'd2_capacity'}
test,adversarial,homog,low,ff_only_cheap,1006,92,92,0,1.0,0.40607638888888886,0.23864583333333333,13,0.16743055555555558,0.10377604166666667,9539.7664125978,104.8243695652174,132.127,"{'alpha': 0, 'beta': 0, 'gamma': 1}"
test,adversarial,homog,low,binpack,1007,92,92,0,1.0,0.40607638888888886,0.23864583333333333,13,0.16743055555555558,0.10377604166666667,14881.337508734698,67.19826086956522,88.756,{}
test,adversarial,homog,low,spread,1007,92,92,0,1.0,0.40607638888888886,0.23864583333333333,30,0.3257638888888889,0.0,11909.65336953868,83.9655,96.541,{}
test,adversarial,homog,low,tetris,1007,92,92,0,1.0,0.40607638888888886,0.23864583333333333,30,0.1674305555555556,0.0,11659.216807318642,85.76905434782608,100.898,{}
test,adversarial,homog,low,hybrid,1007,92,92,0,1.0,0.40607638888888886,0.23864583333333333,30,0.16743055555555558,0.015234375,9842.88824577264,101.59619565217392,120.916,"{'family': 'hybrid', 'alpha': 0.1}"
test,adversarial,homog,low,balance,1007,92,92,0,1.0,0.40607638888888886,0.23864583333333333,13,0.16743055555555555,0.08671875,12637.54317369369,79.12930434782608,99.306,"{'family': 'balance', 'lam': 0.8}"
test,adversarial,homog,low,wmatch,1007,92,92,0,1.0,0.40607638888888886,0.23864583333333333,13,0.16743055555555558,0.10377604166666667,8993.388588582484,111.19279347826087,140.072,"{'family': 'wmatch', 'lam': 0.8}"
test,adversarial,homog,low,d1_cheap,1007,92,92,0,1.0,0.40607638888888886,0.23864583333333333,30,0.16743055555555558,0.011848958333333333,7445.466208792076,134.3099239130435,158.326,"{'family': 'd_cheap', 'alpha': 0.0, 'beta': 0.8, 'gamma': 0.2}"
test,adversarial,homog,low,d1_cheap_nomad_ff,1007,92,92,0,1.0,0.40607638888888886,0.23864583333333333,13,0.16743055555555558,0.10377604166666667,9502.80007234523,105.23214130434782,128.63,{'derived_from': 'd1_cheap'}
test,adversarial,homog,low,d2_capacity,1007,92,92,0,1.0,0.40607638888888886,0.23864583333333333,30,0.16743055555555558,0.011848958333333333,5447.342582013147,183.57575,216.044,"{'family': 'd_capacity', 'alpha': 0.0, 'beta': 0.8, 'gamma': 0.2}"
test,adversarial,homog,low,d2_capacity_nomad_ff,1007,92,92,0,1.0,0.40607638888888886,0.23864583333333333,13,0.16743055555555558,0.10377604166666667,6824.999230332967,146.52016304347828,183.103,{'derived_from': 'd2_capacity'}
test,adversarial,homog,low,ff_only_cheap,1007,92,92,0,1.0,0.40607638888888886,0.23864583333333333,13,0.16743055555555558,0.10377604166666667,9427.624332944342,106.07126086956522,139.071,"{'alpha': 0, 'beta': 0, 'gamma': 1}"
test,adversarial,homog,low,binpack,1008,92,92,0,1.0,0.40607638888888886,0.23864583333333333,13,0.16743055555555558,0.10377604166666667,14873.619501772548,67.23313043478261,84.168,{}
test,adversarial,homog,low,spread,1008,92,92,0,1.0,0.40607638888888886,0.23864583333333333,30,0.3257638888888889,0.0,11923.052249536524,83.87114130434783,97.903,{}
test,adversarial,homog,low,tetris,1008,92,92,0,1.0,0.40607638888888886,0.23864583333333333,30,0.1674305555555556,0.0,11619.662186108088,86.06102173913044,101.11,{}
test,adversarial,homog,low,hybrid,1008,92,92,0,1.0,0.40607638888888886,0.23864583333333333,30,0.16743055555555558,0.015234375,9860.185780904741,101.41796739130436,124.553,"{'family': 'hybrid', 'alpha': 0.1}"
test,adversarial,homog,low,balance,1008,92,92,0,1.0,0.40607638888888886,0.23864583333333333,13,0.16743055555555555,0.08671875,12657.449383616611,79.00485869565217,97.202,"{'family': 'balance', 'lam': 0.8}"
test,adversarial,homog,low,wmatch,1008,92,92,0,1.0,0.40607638888888886,0.23864583333333333,13,0.16743055555555558,0.10377604166666667,8953.577839972702,111.68719565217393,142.357,"{'family': 'wmatch', 'lam': 0.8}"
test,adversarial,homog,low,d1_cheap,1008,92,92,0,1.0,0.40607638888888886,0.23864583333333333,30,0.16743055555555558,0.011848958333333333,7444.484777727914,134.32763043478263,154.018,"{'family': 'd_cheap', 'alpha': 0.0, 'beta': 0.8, 'gamma': 0.2}"
test,adversarial,homog,low,d1_cheap_nomad_ff,1008,92,92,0,1.0,0.40607638888888886,0.23864583333333333,13,0.16743055555555558,0.10377604166666667,9532.643501514032,104.90269565217392,131.025,{'derived_from': 'd1_cheap'}
test,adversarial,homog,low,d2_capacity,1008,92,92,0,1.0,0.40607638888888886,0.23864583333333333,30,0.16743055555555558,0.011848958333333333,5479.006946666155,182.5148260869565,213.139,"{'family': 'd_capacity', 'alpha': 0.0, 'beta': 0.8, 'gamma': 0.2}"
test,adversarial,homog,low,d2_capacity_nomad_ff,1008,92,92,0,1.0,0.40607638888888886,0.23864583333333333,13,0.16743055555555558,0.10377604166666667,6743.501042493952,148.29092391304349,186.599,{'derived_from': 'd2_capacity'}
test,adversarial,homog,low,ff_only_cheap,1008,92,92,0,1.0,0.40607638888888886,0.23864583333333333,13,0.16743055555555558,0.10377604166666667,9510.447640230517,105.14752173913043,131.826,"{'alpha': 0, 'beta': 0, 'gamma': 1}"
test,adversarial,homog,low,binpack,1009,92,92,0,1.0,0.40607638888888886,0.23864583333333333,13,0.16743055555555558,0.10377604166666667,14896.377880951386,67.13041304347826,84.499,{}
test,adversarial,homog,low,spread,1009,92,92,0,1.0,0.40607638888888886,0.23864583333333333,30,0.3257638888888889,0.0,11878.195815673125,84.1878695652174,97.732,{}
test,adversarial,homog,low,tetris,1009,92,92,0,1.0,0.40607638888888886,0.23864583333333333,30,0.1674305555555556,0.0,11582.879848898814,86.3343152173913,102.282,{}
test,adversarial,homog,low,hybrid,1009,92,92,0,1.0,0.40607638888888886,0.23864583333333333,30,0.16743055555555558,0.015234375,10020.048810707336,99.79991304347826,118.041,"{'family': 'hybrid', 'alpha': 0.1}"
test,adversarial,homog,low,balance,1009,92,92,0,1.0,0.40607638888888886,0.23864583333333333,13,0.16743055555555555,0.08671875,12624.758688715716,79.20943478260868,100.097,"{'family': 'balance', 'lam': 0.8}"
test,adversarial,homog,low,wmatch,1009,92,92,0,1.0,0.40607638888888886,0.23864583333333333,13,0.16743055555555558,0.10377604166666667,8894.10934437363,112.43396739130435,145.042,"{'family': 'wmatch', 'lam': 0.8}"
test,adversarial,homog,low,d1_cheap,1009,92,92,0,1.0,0.40607638888888886,0.23864583333333333,30,0.16743055555555558,0.011848958333333333,7367.895436750022,135.72396739130434,155.872,"{'family': 'd_cheap', 'alpha': 0.0, 'beta': 0.8, 'gamma': 0.2}"
test,adversarial,homog,low,d1_cheap_nomad_ff,1009,92,92,0,1.0,0.40607638888888886,0.23864583333333333,13,0.16743055555555558,0.10377604166666667,9493.338462487794,105.33702173913044,131.466,{'derived_from': 'd1_cheap'}
test,adversarial,homog,low,d2_capacity,1009,92,92,0,1.0,0.40607638888888886,0.23864583333333333,30,0.16743055555555558,0.011848958333333333,5408.2757317676305,184.9018152173913,210.754,"{'family': 'd_capacity', 'alpha': 0.0, 'beta': 0.8, 'gamma': 0.2}"
test,adversarial,homog,low,d2_capacity_nomad_ff,1009,92,92,0,1.0,0.40607638888888886,0.23864583333333333,13,0.16743055555555558,0.10377604166666667,6778.038683150857,147.53530434782607,181.249,{'derived_from': 'd2_capacity'}
test,adversarial,homog,low,ff_only_cheap,1009,92,92,0,1.0,0.40607638888888886,0.23864583333333333,13,0.16743055555555558,0.10377604166666667,9417.991660368383,106.17975,130.645,"{'alpha': 0, 'beta': 0, 'gamma': 1}"
test,adversarial,homog,med,binpack,1000,172,172,0,1.0,0.7532986111111111,0.4469791666666667,23,0.3063194444444444,0.18971354166666668,19646.76038628272,50.898976744186044,82.103,{}
test,adversarial,homog,med,spread,1000,172,172,0,1.0,0.7532986111111111,0.4469791666666667,30,0.5000694444444445,0.24609375,13610.101607321347,73.47483720930232,96.27,{}
test,adversarial,homog,med,tetris,1000,172,172,0,1.0,0.7532986111111111,0.4469791666666667,30,0.3063194444444444,0.0,11687.469456293486,85.56172093023257,100.568,{}
test,adversarial,homog,med,hybrid,1000,172,172,0,1.0,0.7532986111111112,0.4469791666666667,30,0.3063194444444444,0.020442708333333334,11255.491878410063,88.84551744186045,112.951,"{'family': 'hybrid', 'alpha': 0.1}"
test,adversarial,homog,med,balance,1000,172,172,0,1.0,0.7532986111111111,0.4469791666666667,24,0.3063194444444444,0.166796875,15840.351361096005,63.129912790697674,94.447,"{'family': 'balance', 'lam': 0.8}"
test,adversarial,homog,med,wmatch,1000,172,172,0,1.0,0.7532986111111111,0.4469791666666667,23,0.3063194444444444,0.18971354166666668,11816.558103184108,84.62701162790698,135.243,"{'family': 'wmatch', 'lam': 0.8}"
test,adversarial,homog,med,d1_cheap,1000,172,172,0,1.0,0.7532986111111111,0.4469791666666667,30,0.3063194444444444,0.03216145833333333,8285.058018286376,120.69921511627906,150.501,"{'family': 'd_cheap', 'alpha': 0.0, 'beta': 0.8, 'gamma': 0.2}"
test,adversarial,homog,med,d1_cheap_nomad_ff,1000,172,172,0,1.0,0.7532986111111111,0.4469791666666667,23,0.3063194444444444,0.18841145833333334,12090.391421501763,82.71030813953489,126.687,{'derived_from': 'd1_cheap'}
test,adversarial,homog,med,d2_capacity,1000,172,172,0,1.0,0.7532986111111111,0.4469791666666667,30,0.3063194444444444,0.027604166666666666,6187.828957758786,161.60756976744187,201.437,"{'family': 'd_capacity', 'alpha': 0.0, 'beta': 0.8, 'gamma': 0.2}"
test,adversarial,homog,med,d2_capacity_nomad_ff,1000,172,172,0,1.0,0.7532986111111111,0.4469791666666667,23,0.3063194444444444,0.18971354166666668,8733.130904097885,114.50647093023257,178.113,{'derived_from': 'd2_capacity'}
test,adversarial,homog,med,ff_only_cheap,1000,172,172,0,1.0,0.7532986111111111,0.4469791666666667,23,0.3063194444444444,0.18841145833333334,12032.334801114948,83.10938953488372,126.236,"{'alpha': 0, 'beta': 0, 'gamma': 1}"
test,adversarial,homog,med,binpack,1001,172,172,0,1.0,0.7532986111111111,0.4469791666666667,23,0.3063194444444444,0.18971354166666668,19799.753124706098,50.505680232558134,82.043,{}
test,adversarial,homog,med,spread,1001,172,172,0,1.0,0.7532986111111111,0.4469791666666667,30,0.5000694444444445,0.24609375,13704.714086995931,72.96759302325582,92.814,{}
test,adversarial,homog,med,tetris,1001,172,172,0,1.0,0.7532986111111111,0.4469791666666667,30,0.3063194444444444,0.0,11661.61307500058,85.75143023255814,99.285,{}
test,adversarial,homog,med,hybrid,1001,172,172,0,1.0,0.7532986111111112,0.4469791666666667,30,0.3063194444444444,0.020442708333333334,11238.147184968273,88.98263953488373,111.819,"{'family': 'hybrid', 'alpha': 0.1}"
test,adversarial,homog,med,balance,1001,172,172,0,1.0,0.7532986111111111,0.4469791666666667,24,0.3063194444444444,0.166796875,15871.81332975787,63.00477325581395,94.366,"{'family': 'balance', 'lam': 0.8}"
test,adversarial,homog,med,wmatch,1001,172,172,0,1.0,0.7532986111111111,0.4469791666666667,23,0.3063194444444444,0.18971354166666668,11848.18697596313,84.4010988372093,138.52,"{'family': 'wmatch', 'lam': 0.8}"
test,adversarial,homog,med,d1_cheap,1001,172,172,0,1.0,0.7532986111111111,0.4469791666666667,30,0.3063194444444444,0.03216145833333333,8322.366679798586,120.15812790697674,148.347,"{'family': 'd_cheap', 'alpha': 0.0, 'beta': 0.8, 'gamma': 0.2}"
test,adversarial,homog,med,d1_cheap_nomad_ff,1001,172,172,0,1.0,0.7532986111111111,0.4469791666666667,23,0.3063194444444444,0.18841145833333334,12230.184008806871,81.76491860465116,122.529,{'derived_from': 'd1_cheap'}
test,adversarial,homog,med,d2_capacity,1001,172,172,0,1.0,0.7532986111111111,0.4469791666666667,30,0.3063194444444444,0.027604166666666666,6174.377560818606,161.95964534883723,201.096,"{'family': 'd_capacity', 'alpha': 0.0, 'beta': 0.8, 'gamma': 0.2}"
test,adversarial,homog,med,d2_capacity_nomad_ff,1001,172,172,0,1.0,0.7532986111111111,0.4469791666666667,23,0.3063194444444444,0.18971354166666668,8768.596434219671,114.04333720930232,177.863,{'derived_from': 'd2_capacity'}
test,adversarial,homog,med,ff_only_cheap,1001,172,172,0,1.0,0.7532986111111111,0.4469791666666667,23,0.3063194444444444,0.18841145833333334,12212.72753660481,81.88179069767442,124.433,"{'alpha': 0, 'beta': 0, 'gamma': 1}"
test,adversarial,homog,med,binpack,1002,172,172,0,1.0,0.7532986111111111,0.4469791666666667,23,0.3063194444444444,0.18971354166666668,19886.28283520122,50.28591860465116,81.252,{}
test,adversarial,homog,med,spread,1002,172,172,0,1.0,0.7532986111111111,0.4469791666666667,30,0.5000694444444445,0.24609375,13675.612717143087,73.12286627906977,97.642,{}
test,adversarial,homog,med,tetris,1002,172,172,0,1.0,0.7532986111111111,0.4469791666666667,30,0.3063194444444444,0.0,11753.528774927645,85.08083139534884,101.079,{}
test,adversarial,homog,med,hybrid,1002,172,172,0,1.0,0.7532986111111112,0.4469791666666667,30,0.3063194444444444,0.020442708333333334,11274.58679294903,88.69504651162791,113.903,"{'family': 'hybrid', 'alpha': 0.1}"
test,adversarial,homog,med,balance,1002,172,172,0,1.0,0.7532986111111111,0.4469791666666667,24,0.3063194444444444,0.166796875,15851.865423560923,63.08405813953488,96.02,"{'family': 'balance', 'lam': 0.8}"
test,adversarial,homog,med,wmatch,1002,172,172,0,1.0,0.7532986111111111,0.4469791666666667,23,0.3063194444444444,0.18971354166666668,11808.769879068584,84.68282558139535,136.295,"{'family': 'wmatch', 'lam': 0.8}"
test,adversarial,homog,med,d1_cheap,1002,172,172,0,1.0,0.7532986111111111,0.4469791666666667,30,0.3063194444444444,0.03216145833333333,8340.372947534835,119.89871511627906,147.256,"{'family': 'd_cheap', 'alpha': 0.0, 'beta': 0.8, 'gamma': 0.2}"
test,adversarial,homog,med,d1_cheap_nomad_ff,1002,172,172,0,1.0,0.7532986111111111,0.4469791666666667,23,0.3063194444444444,0.18841145833333334,12017.64609667204,83.21097093023256,127.308,{'derived_from': 'd1_cheap'}
test,adversarial,homog,med,d2_capacity,1002,172,172,0,1.0,0.7532986111111111,0.4469791666666667,30,0.3063194444444444,0.027604166666666666,6135.110251498144,162.9962558139535,207.118,"{'family': 'd_capacity', 'alpha': 0.0, 'beta': 0.8, 'gamma': 0.2}"
test,adversarial,homog,med,d2_capacity_nomad_ff,1002,172,172,0,1.0,0.7532986111111111,0.4469791666666667,23,0.3063194444444444,0.18971354166666668,8690.399710387377,115.06950581395348,177.652,{'derived_from': 'd2_capacity'}
test,adversarial,homog,med,ff_only_cheap,1002,172,172,0,1.0,0.7532986111111111,0.4469791666666667,23,0.3063194444444444,0.18841145833333334,12029.695723534092,83.12762209302325,127.138,"{'alpha': 0, 'beta': 0, 'gamma': 1}"
test,adversarial,homog,med,binpack,1003,172,172,0,1.0,0.7532986111111111,0.4469791666666667,23,0.3063194444444444,0.18971354166666668,19798.451761072283,50.509,83.166,{}
test,adversarial,homog,med,spread,1003,172,172,0,1.0,0.7532986111111111,0.4469791666666667,30,0.5000694444444445,0.24609375,13626.579435431799,73.38598837209302,93.004,{}
test,adversarial,homog,med,tetris,1003,172,172,0,1.0,0.7532986111111111,0.4469791666666667,30,0.3063194444444444,0.0,11607.252940464712,86.15302906976744,99.836,{}
test,adversarial,homog,med,hybrid,1003,172,172,0,1.0,0.7532986111111112,0.4469791666666667,30,0.3063194444444444,0.020442708333333334,11310.030287209012,88.41709302325582,111.379,"{'family': 'hybrid', 'alpha': 0.1}"
test,adversarial,homog,med,balance,1003,172,172,0,1.0,0.7532986111111111,0.4469791666666667,24,0.3063194444444444,0.166796875,15775.694570813057,63.388651162790694,95.729,"{'family': 'balance', 'lam': 0.8}"
test,adversarial,homog,med,wmatch,1003,172,172,0,1.0,0.7532986111111111,0.4469791666666667,23,0.3063194444444444,0.18971354166666668,11882.947714408276,84.15420348837209,135.493,"{'family': 'wmatch', 'lam': 0.8}"
test,adversarial,homog,med,d1_cheap,1003,172,172,0,1.0,0.7532986111111111,0.4469791666666667,30,0.3063194444444444,0.03216145833333333,8194.743700814863,122.02944186046511,149.39,"{'family': 'd_cheap', 'alpha': 0.0, 'beta': 0.8, 'gamma': 0.2}"
test,adversarial,homog,med,d1_cheap_nomad_ff,1003,172,172,0,1.0,0.7532986111111111,0.4469791666666667,23,0.3063194444444444,0.18841145833333334,12146.621586693405,82.32741860465116,126.547,{'derived_from': 'd1_cheap'}
test,adversarial,homog,med,d2_capacity,1003,172,172,0,1.0,0.7532986111111111,0.4469791666666667,30,0.3063194444444444,0.027604166666666666,6152.087471238097,162.5464534883721,205.996,"{'family': 'd_capacity', 'alpha': 0.0, 'beta': 0.8, 'gamma': 0.2}"
test,adversarial,homog,med,d2_capacity_nomad_ff,1003,172,172,0,1.0,0.7532986111111111,0.4469791666666667,23,0.3063194444444444,0.18971354166666668,8793.357129930031,113.72220930232558,176.37,{'derived_from': 'd2_capacity'}
test,adversarial,homog,med,ff_only_cheap,1003,172,172,0,1.0,0.7532986111111111,0.4469791666666667,23,0.3063194444444444,0.18841145833333334,12078.174156457157,82.79397093023256,128.35,"{'alpha': 0, 'beta': 0, 'gamma': 1}"
test,adversarial,homog,med,binpack,1004,172,172,0,1.0,0.7532986111111111,0.4469791666666667,23,0.3063194444444444,0.18971354166666668,19612.193950003046,50.988686046511624,83.677,{}
test,adversarial,homog,med,spread,1004,172,172,0,1.0,0.7532986111111111,0.4469791666666667,30,0.5000694444444445,0.24609375,13567.009827878817,73.70820930232559,96.29,{}
test,adversarial,homog,med,tetris,1004,172,172,0,1.0,0.7532986111111111,0.4469791666666667,30,0.3063194444444444,0.0,11623.39968762789,86.0333488372093,99.727,{}
test,adversarial,homog,med,hybrid,1004,172,172,0,1.0,0.7532986111111112,0.4469791666666667,30,0.3063194444444444,0.020442708333333334,11170.297088988107,89.52313372093023,114.093,"{'family': 'hybrid', 'alpha': 0.1}"
test,adversarial,homog,med,balance,1004,172,172,0,1.0,0.7532986111111111,0.4469791666666667,24,0.3063194444444444,0.166796875,15817.115885019131,63.2226511627907,93.314,"{'family': 'balance', 'lam': 0.8}"
test,adversarial,homog,med,wmatch,1004,172,172,0,1.0,0.7532986111111111,0.4469791666666667,23,0.3063194444444444,0.18971354166666668,11977.996142528127,83.48641860465116,135.874,"{'family': 'wmatch', 'lam': 0.8}"
test,adversarial,homog,med,d1_cheap,1004,172,172,0,1.0,0.7532986111111111,0.4469791666666667,30,0.3063194444444444,0.03216145833333333,8288.073385300197,120.65530232558139,147.997,"{'family': 'd_cheap', 'alpha': 0.0, 'beta': 0.8, 'gamma': 0.2}"
test,adversarial,homog,med,d1_cheap_nomad_ff,1004,172,172,0,1.0,0.7532986111111111,0.4469791666666667,23,0.3063194444444444,0.18841145833333334,12012.397073137548,83.24733139534884,127.459,{'derived_from': 'd1_cheap'}
test,adversarial,homog,med,d2_capacity,1004,172,172,0,1.0,0.7532986111111111,0.4469791666666667,30,0.3063194444444444,0.027604166666666666,6134.030929567096,163.02493604651164,210.745,"{'family': 'd_capacity', 'alpha': 0.0, 'beta': 0.8, 'gamma': 0.2}"
test,adversarial,homog,med,d2_capacity_nomad_ff,1004,172,172,0,1.0,0.7532986111111111,0.4469791666666667,23,0.3063194444444444,0.18971354166666668,8703.99797905312,114.88973255813954,181.179,{'derived_from': 'd2_capacity'}
test,adversarial,homog,med,ff_only_cheap,1004,172,172,0,1.0,0.7532986111111111,0.4469791666666667,23,0.3063194444444444,0.18841145833333334,12026.054587100798,83.15279069767442,127.779,"{'alpha': 0, 'beta': 0, 'gamma': 1}"
test,adversarial,homog,med,binpack,1005,172,172,0,1.0,0.7532986111111111,0.4469791666666667,23,0.3063194444444444,0.18971354166666668,19687.743235199854,50.79302325581396,82.484,{}
test,adversarial,homog,med,spread,1005,172,172,0,1.0,0.7532986111111111,0.4469791666666667,30,0.5000694444444445,0.24609375,13580.727873322761,73.63375581395348,95.047,{}
test,adversarial,homog,med,tetris,1005,172,172,0,1.0,0.7532986111111111,0.4469791666666667,30,0.3063194444444444,0.0,11521.084589544615,86.79738372093023,101.23,{}
test,adversarial,homog,med,hybrid,1005,172,172,0,1.0,0.7532986111111112,0.4469791666666667,30,0.3063194444444444,0.020442708333333334,11070.078164405979,90.3335988372093,113.924,"{'family': 'hybrid', 'alpha': 0.1}"
test,adversarial,homog,med,balance,1005,172,172,0,1.0,0.7532986111111111,0.4469791666666667,24,0.3063194444444444,0.166796875,15689.22491397835,63.73801162790698,95.579,"{'family': 'balance', 'lam': 0.8}"
test,adversarial,homog,med,wmatch,1005,172,172,0,1.0,0.7532986111111111,0.4469791666666667,23,0.3063194444444444,0.18971354166666668,11864.715206136321,84.28352325581396,137.918,"{'family': 'wmatch', 'lam': 0.8}"
test,adversarial,homog,med,d1_cheap,1005,172,172,0,1.0,0.7532986111111111,0.4469791666666667,30,0.3063194444444444,0.03216145833333333,8257.4515939306,121.10273837209303,149.85,"{'family': 'd_cheap', 'alpha': 0.0, 'beta': 0.8, 'gamma': 0.2}"
test,adversarial,homog,med,d1_cheap_nomad_ff,1005,172,172,0,1.0,0.7532986111111111,0.4469791666666667,23,0.3063194444444444,0.18841145833333334,12063.873440428733,82.89211627906977,125.936,{'derived_from': 'd1_cheap'}
test,adversarial,homog,med,d2_capacity,1005,172,172,0,1.0,0.7532986111111111,0.4469791666666667,30,0.3063194444444444,0.027604166666666666,6107.003362331421,163.74643023255814,210.744,"{'family': 'd_capacity', 'alpha': 0.0, 'beta': 0.8, 'gamma': 0.2}"
test,adversarial,homog,med,d2_capacity_nomad_ff,1005,172,172,0,1.0,0.7532986111111111,0.4469791666666667,23,0.3063194444444444,0.18971354166666668,8735.367624391381,114.4771511627907,177.612,{'derived_from': 'd2_capacity'}
test,adversarial,homog,med,ff_only_cheap,1005,172,172,0,1.0,0.7532986111111111,0.4469791666666667,23,0.3063194444444444,0.18841145833333334,11879.710745619685,84.17713372093023,129.312,"{'alpha': 0, 'beta': 0, 'gamma': 1}"
test,adversarial,homog,med,binpack,1006,172,172,0,1.0,0.7532986111111111,0.4469791666666667,23,0.3063194444444444,0.18971354166666668,19489.58366736629,51.30945930232558,82.094,{}
test,adversarial,homog,med,spread,1006,172,172,0,1.0,0.7532986111111111,0.4469791666666667,30,0.5000694444444445,0.24609375,13557.521133377239,73.75979651162791,95.869,{}
test,adversarial,homog,med,tetris,1006,172,172,0,1.0,0.7532986111111111,0.4469791666666667,30,0.3063194444444444,0.0,11562.485756967037,86.48659302325582,101.059,{}
test,adversarial,homog,med,hybrid,1006,172,172,0,1.0,0.7532986111111112,0.4469791666666667,30,0.3063194444444444,0.020442708333333334,11137.05873127922,89.79031395348836,117.269,"{'family': 'hybrid', 'alpha': 0.1}"
test,adversarial,homog,med,balance,1006,172,172,0,1.0,0.7532986111111111,0.4469791666666667,24,0.3063194444444444,0.166796875,15740.582029984162,63.530052325581394,94.938,"{'family': 'balance', 'lam': 0.8}"
test,adversarial,homog,med,wmatch,1006,172,172,0,1.0,0.7532986111111111,0.4469791666666667,23,0.3063194444444444,0.18971354166666668,11830.990178214608,84.52377906976743,136.886,"{'family': 'wmatch', 'lam': 0.8}"
test,adversarial,homog,med,d1_cheap,1006,172,172,0,1.0,0.7532986111111111,0.4469791666666667,30,0.3063194444444444,0.03216145833333333,8225.349321499543,121.57538372093023,151.774,"{'family': 'd_cheap', 'alpha': 0.0, 'beta': 0.8, 'gamma': 0.2}"
test,adversarial,homog,med,d1_cheap_nomad_ff,1006,172,172,0,1.0,0.7532986111111111,0.4469791666666667,23,0.3063194444444444,0.18841145833333334,12033.887146346271,83.09866860465117,127.989,{'derived_from': 'd1_cheap'}
test,adversarial,homog,med,d2_capacity,1006,172,172,0,1.0,0.7532986111111111,0.4469791666666667,30,0.3063194444444444,0.027604166666666666,6147.685930595414,162.66283139534883,204.533,"{'family': 'd_capacity', 'alpha': 0.0, 'beta': 0.8, 'gamma': 0.2}"
test,adversarial,homog,med,d2_capacity_nomad_ff,1006,172,172,0,1.0,0.7532986111111111,0.4469791666666667,23,0.3063194444444444,0.18971354166666668,8720.50738345587,114.67222674418605,178.083,{'derived_from': 'd2_capacity'}
test,adversarial,homog,med,ff_only_cheap,1006,172,172,0,1.0,0.7532986111111111,0.4469791666666667,23,0.3063194444444444,0.18841145833333334,11885.930996642224,84.13308139534884,128.751,"{'alpha': 0, 'beta': 0, 'gamma': 1}"
test,adversarial,homog,med,binpack,1007,172,172,0,1.0,0.7532986111111111,0.4469791666666667,23,0.3063194444444444,0.18971354166666668,19651.631416743236,50.88636046511628,80.891,{}
test,adversarial,homog,med,spread,1007,172,172,0,1.0,0.7532986111111111,0.4469791666666667,30,0.5000694444444445,0.24609375,13680.371482533905,73.09743023255814,96.761,{}
test,adversarial,homog,med,tetris,1007,172,172,0,1.0,0.7532986111111111,0.4469791666666667,30,0.3063194444444444,0.0,11623.6911098699,86.03119186046511,100.989,{}
test,adversarial,homog,med,hybrid,1007,172,172,0,1.0,0.7532986111111112,0.4469791666666667,30,0.3063194444444444,0.020442708333333334,11155.949669025025,89.63826744186046,113.933,"{'family': 'hybrid', 'alpha': 0.1}"
test,adversarial,homog,med,balance,1007,172,172,0,1.0,0.7532986111111111,0.4469791666666667,24,0.3063194444444444,0.166796875,15736.19693081947,63.547755813953486,95.99,"{'family': 'balance', 'lam': 0.8}"
test,adversarial,homog,med,wmatch,1007,172,172,0,1.0,0.7532986111111111,0.4469791666666667,23,0.3063194444444444,0.18971354166666668,11776.3017537652,84.91630232558138,137.237,"{'family': 'wmatch', 'lam': 0.8}"
test,adversarial,homog,med,d1_cheap,1007,172,172,0,1.0,0.7532986111111111,0.4469791666666667,30,0.3063194444444444,0.03216145833333333,8201.44151778547,121.92978488372093,151.283,"{'family': 'd_cheap', 'alpha': 0.0, 'beta': 0.8, 'gamma': 0.2}"
test,adversarial,homog,med,d1_cheap_nomad_ff,1007,172,172,0,1.0,0.7532986111111111,0.4469791666666667,23,0.3063194444444444,0.18841145833333334,11927.91599751289,83.83694186046512,128.931,{'derived_from': 'd1_cheap'}
test,adversarial,homog,med,d2_capacity,1007,172,172,0,1.0,0.7532986111111111,0.4469791666666667,30,0.3063194444444444,0.027604166666666666,6101.30680768915,163.89931395348836,207.478,"{'family': 'd_capacity', 'alpha': 0.0, 'beta': 0.8, 'gamma': 0.2}"
test,adversarial,homog,med,d2_capacity_nomad_ff,1007,172,172,0,1.0,0.7532986111111111,0.4469791666666667,23,0.3063194444444444,0.18971354166666668,8643.037573445092,115.70006395348837,182.461,{'derived_from': 'd2_capacity'}
test,adversarial,homog,med,ff_only_cheap,1007,172,172,0,1.0,0.7532986111111111,0.4469791666666667,23,0.3063194444444444,0.18841145833333334,12005.227578632148,83.29704651162791,126.707,"{'alpha': 0, 'beta': 0, 'gamma': 1}"
test,adversarial,homog,med,binpack,1008,172,172,0,1.0,0.7532986111111111,0.4469791666666667,23,0.3063194444444444,0.18971354166666668,19646.311564915526,50.90013953488372,82.193,{}
test,adversarial,homog,med,spread,1008,172,172,0,1.0,0.7532986111111111,0.4469791666666667,30,0.5000694444444445,0.24609375,13520.222637191742,73.96327906976744,97.473,{}
test,adversarial,homog,med,tetris,1008,172,172,0,1.0,0.7532986111111111,0.4469791666666667,30,0.3063194444444444,0.0,11592.425940236732,86.26322093023256,101.85,{}
test,adversarial,homog,med,hybrid,1008,172,172,0,1.0,0.7532986111111112,0.4469791666666667,30,0.3063194444444444,0.020442708333333334,11057.347970947718,90.4375988372093,114.784,"{'family': 'hybrid', 'alpha': 0.1}"
test,adversarial,homog,med,balance,1008,172,172,0,1.0,0.7532986111111111,0.4469791666666667,24,0.3063194444444444,0.166796875,15567.690308678335,64.23560465116279,100.328,"{'family': 'balance', 'lam': 0.8}"
test,adversarial,homog,med,wmatch,1008,172,172,0,1.0,0.7532986111111111,0.4469791666666667,23,0.3063194444444444,0.18971354166666668,11729.06140913762,85.25831395348837,138.549,"{'family': 'wmatch', 'lam': 0.8}"
test,adversarial,homog,med,d1_cheap,1008,172,172,0,1.0,0.7532986111111111,0.4469791666666667,30,0.3063194444444444,0.03216145833333333,8236.828748141386,121.40594767441861,153.888,"{'family': 'd_cheap', 'alpha': 0.0, 'beta': 0.8, 'gamma': 0.2}"
test,adversarial,homog,med,d1_cheap_nomad_ff,1008,172,172,0,1.0,0.7532986111111111,0.4469791666666667,23,0.3063194444444444,0.18841145833333334,12003.086188858233,83.31190697674418,127.358,{'derived_from': 'd1_cheap'}
test,adversarial,homog,med,d2_capacity,1008,172,172,0,1.0,0.7532986111111111,0.4469791666666667,30,0.3063194444444444,0.027604166666666666,6159.655844270721,162.34673255813954,204.202,"{'family': 'd_capacity', 'alpha': 0.0, 'beta': 0.8, 'gamma': 0.2}"
test,adversarial,homog,med,d2_capacity_nomad_ff,1008,172,172,0,1.0,0.7532986111111111,0.4469791666666667,23,0.3063194444444444,0.18971354166666668,8683.801725986374,115.15693604651163,178.474,{'derived_from': 'd2_capacity'}
test,adversarial,homog,med,ff_only_cheap,1008,172,172,0,1.0,0.7532986111111111,0.4469791666666667,23,0.3063194444444444,0.18841145833333334,12023.77043490467,83.16858720930232,128.63,"{'alpha': 0, 'beta': 0, 'gamma': 1}"
test,adversarial,homog,med,binpack,1009,172,172,0,1.0,0.7532986111111111,0.4469791666666667,23,0.3063194444444444,0.18971354166666668,19564.45429845848,51.11310465116279,81.803,{}
test,adversarial,homog,med,spread,1009,172,172,0,1.0,0.7532986111111111,0.4469791666666667,30,0.5000694444444445,0.24609375,13514.629468539553,73.99388953488372,99.136,{}
test,adversarial,homog,med,tetris,1009,172,172,0,1.0,0.7532986111111111,0.4469791666666667,30,0.3063194444444444,0.0,11671.635367796642,85.6777965116279,100.077,{}
test,adversarial,homog,med,hybrid,1009,172,172,0,1.0,0.7532986111111112,0.4469791666666667,30,0.3063194444444444,0.020442708333333334,11221.875663444467,89.11166279069768,116.748,"{'family': 'hybrid', 'alpha': 0.1}"
test,adversarial,homog,med,balance,1009,172,172,0,1.0,0.7532986111111111,0.4469791666666667,24,0.3063194444444444,0.166796875,15726.976757539942,63.58501162790698,95.028,"{'family': 'balance', 'lam': 0.8}"
test,adversarial,homog,med,wmatch,1009,172,172,0,1.0,0.7532986111111111,0.4469791666666667,23,0.3063194444444444,0.18971354166666668,11901.046122711825,84.02622674418605,136.476,"{'family': 'wmatch', 'lam': 0.8}"
test,adversarial,homog,med,d1_cheap,1009,172,172,0,1.0,0.7532986111111111,0.4469791666666667,30,0.3063194444444444,0.03216145833333333,8305.75532828691,120.39844186046511,148.127,"{'family': 'd_cheap', 'alpha': 0.0, 'beta': 0.8, 'gamma': 0.2}"
test,adversarial,homog,med,d1_cheap_nomad_ff,1009,172,172,0,1.0,0.7532986111111111,0.4469791666666667,23,0.3063194444444444,0.18841145833333334,12051.248635476353,82.97895348837208,130.214,{'derived_from': 'd1_cheap'}
test,adversarial,homog,med,d2_capacity,1009,172,172,0,1.0,0.7532986111111111,0.4469791666666667,30,0.3063194444444444,0.027604166666666666,6128.763176395425,163.16505813953486,203.821,"{'family': 'd_capacity', 'alpha': 0.0, 'beta': 0.8, 'gamma': 0.2}"
test,adversarial,homog,med,d2_capacity_nomad_ff,1009,172,172,0,1.0,0.7532986111111111,0.4469791666666667,23,0.3063194444444444,0.18971354166666668,8728.03105108684,114.57337790697675,176.921,{'derived_from': 'd2_capacity'}
test,adversarial,homog,med,ff_only_cheap,1009,172,172,0,1.0,0.7532986111111111,0.4469791666666667,23,0.3063194444444444,0.18841145833333334,12071.644367111057,82.83875581395348,126.867,"{'alpha': 0, 'beta': 0, 'gamma': 1}"
test,adversarial,hetero,high,binpack,1000,238,193,45,0.8109243697478992,0.9693090030667888,0.5943836203344972,30,0.41376209412340365,0.32303791620205674,31173.89084475219,32.07812605042017,76.303,{}
test,adversarial,hetero,high,spread,1000,238,202,36,0.8487394957983193,0.9818507753943977,0.5345309650191357,30,0.45233005807787285,0.3059556953959404,18839.187822032367,53.080844537815125,89.317,{}
test,adversarial,hetero,high,tetris,1000,238,203,35,0.8529411764705882,0.9823040864680384,0.5572694140687254,30,0.4269374052691425,0.30279232117258553,18247.144072779425,54.80309663865547,89.327,{}
test,adversarial,hetero,high,hybrid,1000,238,201,37,0.8445378151260504,0.9878389253596533,0.6007757173340891,30,0.3892370892764125,0.3072210450852823,16885.116082335233,59.22375630252101,111.539,"{'family': 'hybrid', 'alpha': 0.1}"
test,adversarial,hetero,high,balance,1000,238,192,46,0.8067226890756303,0.9845913446518948,0.5816680230718398,30,0.4103128734651644,0.31671116775534697,24996.555096608532,40.005512605042014,89.458,"{'family': 'balance', 'lam': 0.8}"
test,adversarial,hetero,high,wmatch,1000,238,194,44,0.8151260504201681,0.9731127844444293,0.5940240252054622,30,0.4119704443194055,0.32177256651271474,19056.800475299024,52.47470588235294,129.613,"{'family': 'wmatch', 'lam': 0.8}"
test,adversarial,hetero,high,d1_cheap,1000,238,203,35,0.8529411764705882,0.9842229861566136,0.604268737775241,30,0.380633197650307,0.30658837024061136,12002.000804134053,83.31944117647059,141.605,"{'family': 'd_cheap', 'alpha': 0.0, 'beta': 0.8, 'gamma': 0.2}"
test,adversarial,hetero,high,d1_cheap_nomad_ff,1000,238,201,37,0.8445378151260504,0.9623907730437462,0.5964708752788562,30,0.39957324789387766,0.3205072168233728,15567.00391686749,64.23843697478992,118.852,{'derived_from': 'd1_cheap'}
test,adversarial,hetero,high,d2_capacity,1000,238,202,36,0.8487394957983193,0.9898578475217997,0.5812854363667711,30,0.4099477308605511,0.30595569539594036,8391.487872149264,119.16837815126051,203.56,"{'family': 'd_capacity', 'alpha': 0.0, 'beta': 0.8, 'gamma': 0.2}"
test,adversarial,hetero,high,d2_capacity_nomad_ff,1000,238,196,42,0.8235294117647058,0.9678956833777289,0.5937118141358625,30,0.41283565435621,0.3230379162020567,11748.012438677102,85.12078151260503,176.62,{'derived_from': 'd2_capacity'}
test,adversarial,hetero,high,ff_only_cheap,1000,238,201,37,0.8445378151260504,0.9623907730437462,0.5964708752788562,30,0.39957324789387766,0.3205072168233728,15557.539396036711,64.27751680672269,122.288,"{'alpha': 0, 'beta': 0, 'gamma': 1}"
test,adversarial,hetero,high,binpack,1001,250,199,51,0.796,0.9843255091798226,0.6538198357737233,30,0.335572713172294,0.25752152004712675,31598.747476208042,31.646824000000002,77.395,{}
test,adversarial,hetero,high,spread,1001,250,210,40,0.84,0.986951008400496,0.6151624980103457,30,0.3750954839532467,0.2529584389587421,18972.88827389747,52.706788,92.644,{}
test,adversarial,hetero,high,tetris,1001,250,212,38,0.848,0.982901521927745,0.6261740549938384,30,0.3597020788448672,0.24839535787035746,18771.943933159266,53.270987999999996,86.572,{}
test,adversarial,hetero,high,hybrid,1001,250,208,42,0.832,0.9846458614808999,0.6521519243351309,30,0.33596356523560283,0.2516547015049179,17305.483595509104,57.785152000000004,109.605,"{'family': 'hybrid', 'alpha': 0.1}"
test,adversarial,hetero,high,balance,1001,250,200,50,0.8,0.9859368389505738,0.651152698562424,30,0.3381240686094827,0.2562177825933026,24922.61776410423,40.124196000000005,87.925,"{'family': 'balance', 'lam': 0.8}"
test,adversarial,hetero,high,wmatch,1001,250,199,51,0.796,0.9843255091798226,0.652118610964862,30,0.33727393798115535,0.25752152004712675,19307.236282652688,51.794052,127.158,"{'family': 'wmatch', 'lam': 0.8}"
test,adversarial,hetero,high,d1_cheap,1001,250,212,38,0.848,0.9832855788270536,0.6712972568719835,30,0.31384119621224954,0.25035096405109375,12002.181324442628,83.31818799999999,141.114,"{'family': 'd_cheap', 'alpha': 0.0, 'beta': 0.8, 'gamma': 0.2}"
test,adversarial,hetero,high,d1_cheap_nomad_ff,1001,250,206,44,0.824,0.9784676852084967,0.6580424691220538,30,0.33496921946923036,0.25817338877403884,17929.217028940842,55.774884,116.758,{'derived_from': 'd1_cheap'}
test,adversarial,hetero,high,d2_capacity,1001,250,214,36,0.856,0.979436700839026,0.6573027834319981,30,0.32451922440079284,0.2457878829627091,8232.89069470943,121.46402,204.302,"{'family': 'd_capacity', 'alpha': 0.0, 'beta': 0.8, 'gamma': 0.2}"
test,adversarial,hetero,high,d2_capacity_nomad_ff,1001,250,211,39,0.844,0.984066820839223,0.6566024842019516,30,0.3321958008307609,0.25361030768565423,12032.669757265916,83.107076,174.005,{'derived_from': 'd2_capacity'}
test,adversarial,hetero,high,ff_only_cheap,1001,250,206,44,0.824,0.9784676852084967,0.6580424691220538,30,0.33496921946923036,0.25817338877403884,17996.37826486695,55.566736,115.105,"{'alpha': 0, 'beta': 0, 'gamma': 1}"
test,adversarial,hetero,high,binpack,1002,263,203,60,0.7718631178707225,0.9550086591583141,0.6842649009920426,30,0.33838011856830336,0.2520012892016561,32785.8103013016,30.501,76.323,{}
test,adversarial,hetero,high,spread,1002,263,224,39,0.8517110266159695,0.9768754579957964,0.6651447991987786,30,0.3370355552676403,0.21891548326001214,19119.630437172167,52.30226615969582,89.798,{}
test,adversarial,hetero,high,tetris,1002,263,221,42,0.8403041825095057,0.9847558993282807,0.6720466403024602,30,0.31797721595029443,0.2169692593810919,20180.10784617939,49.553749049429655,82.955,{}
test,adversarial,hetero,high,hybrid,1002,263,217,46,0.8250950570342205,0.9789616869118306,0.7197381402535693,30,0.2739361619171808,0.22605163748271967,18857.50886284991,53.029273764258555,107.361,"{'family': 'hybrid', 'alpha': 0.1}"
test,adversarial,hetero,high,balance,1002,263,213,50,0.8098859315589354,0.9843733632161032,0.709308818007329,30,0.28266998958761896,0.2215104484319058,26802.561428056782,37.30986692015209,86.712,"{'family': 'balance', 'lam': 0.8}"
test,adversarial,hetero,high,wmatch,1002,263,203,60,0.7718631178707225,0.9533534729310303,0.6862940257294248,30,0.3367307225630827,0.2520012892016561,20203.75370379745,49.495752851711025,124.793,"{'family': 'wmatch', 'lam': 0.8}"
test,adversarial,hetero,high,d1_cheap,1002,263,218,45,0.8288973384030418,0.9850465403660765,0.7249127847297812,30,0.2655772519594699,0.21891548326001214,13479.96597718093,74.18416349809885,133.801,"{'family': 'd_cheap', 'alpha': 0.0, 'beta': 0.8, 'gamma': 0.2}"
test,adversarial,hetero,high,d1_cheap_nomad_ff,1002,263,218,45,0.8288973384030418,0.9701941980545096,0.7112633631444866,30,0.29594409895500123,0.23059282653353355,18143.7883498804,55.11528136882129,116.618,{'derived_from': 'd1_cheap'}
test,adversarial,hetero,high,d2_capacity,1002,263,224,39,0.8517110266159695,0.9839086162114091,0.6899529551473537,30,0.29764582768436065,0.21502303550217167,8912.324348422677,112.20417490494296,195.867,"{'family': 'd_capacity', 'alpha': 0.0, 'beta': 0.8, 'gamma': 0.2}"
test,adversarial,hetero,high,d2_capacity_nomad_ff,1002,263,224,39,0.8517110266159695,0.971869643771474,0.7144566285221324,30,0.28457544710412114,0.22280793101785262,12219.81429413474,81.8343041825095,167.994,{'derived_from': 'd2_capacity'}
test,adversarial,hetero,high,ff_only_cheap,1002,263,218,45,0.8288973384030418,0.9701941980545096,0.7112633631444866,30,0.29594409895500123,0.23059282653353355,17494.182519134345,57.16185931558935,116.798,"{'alpha': 0, 'beta': 0, 'gamma': 1}"
test,adversarial,hetero,high,binpack,1003,254,202,52,0.7952755905511811,0.9644251460495337,0.6320255117599689,30,0.3815883992753782,0.28952578028196574,29807.707428198046,33.548370078740156,94.798,{}
test,adversarial,hetero,high,spread,1003,254,212,42,0.8346456692913385,0.9778192729874472,0.5728743307634597,30,0.42536779066113667,0.2751790664509607,19706.712905546112,50.74412992125985,90.509,{}
test,adversarial,hetero,high,tetris,1003,254,217,37,0.8543307086614174,0.9853184315299253,0.603389053145945,30,0.38399743328351804,0.2651987437859137,18599.662189127517,53.764417322834646,88.626,{}
test,adversarial,hetero,high,hybrid,1003,254,214,40,0.84251968503937,0.9795349635419334,0.668030669159704,30,0.32831955807155927,0.2689413647853063,17307.92647838141,57.776996062992126,109.615,"{'family': 'hybrid', 'alpha': 0.1}"
test,adversarial,hetero,high,balance,1003,254,211,43,0.8307086614173228,0.9807163425217932,0.6451615550025415,30,0.3532247218953361,0.27455529628439523,25504.586658510558,39.20863385826772,88.977,"{'family': 'balance', 'lam': 0.8}"
test,adversarial,hetero,high,wmatch,1003,254,200,54,0.7874015748031497,0.9629982804671264,0.6344174135892835,30,0.37830674393164976,0.2920208609482275,20106.23214829787,49.73582283464567,123.28,"{'family': 'wmatch', 'lam': 0.8}"
test,adversarial,hetero,high,d1_cheap,1003,254,214,40,0.84251968503937,0.9835096428926803,0.6504177052466508,30,0.3360514659651927,0.2708126752850026,11989.535495657074,83.40606692913386,144.23,"{'family': 'd_cheap', 'alpha': 0.0, 'beta': 0.8, 'gamma': 0.2}"
test,adversarial,hetero,high,d1_cheap_nomad_ff,1003,254,213,41,0.8385826771653543,0.9634561258940011,0.646313745827687,30,0.3633053668666541,0.2851593891160077,16288.38391336119,61.393444881889764,119.834,{'derived_from': 'd1_cheap'}
test,adversarial,hetero,high,d2_capacity,1003,254,213,41,0.8385826771653543,0.9831492068633104,0.6574857997526006,30,0.33286016103545246,0.26831759461874083,9328.891654582874,107.19387007874016,194.193,"{'family': 'd_capacity', 'alpha': 0.0, 'beta': 0.8, 'gamma': 0.2}"
test,adversarial,hetero,high,d2_capacity_nomad_ff,1003,254,210,44,0.8267716535433071,0.9513883241089506,0.6256063001922179,30,0.39629564694529446,0.287030699615704,13074.222153270857,76.48638582677165,164.839,{'derived_from': 'd2_capacity'}
test,adversarial,hetero,high,ff_only_cheap,1003,254,213,41,0.8385826771653543,0.9634561258940011,0.646313745827687,30,0.3633053668666541,0.2851593891160077,17404.417542666175,57.456677165354336,111.288,"{'alpha': 0, 'beta': 0, 'gamma': 1}"
test,adversarial,hetero,high,binpack,1004,270,216,54,0.8,0.9790580734649842,0.6765148404332533,30,0.32266766020750254,0.24508409876156806,31342.562131405663,31.905496296296295,74.96,{}
test,adversarial,hetero,high,spread,1004,270,217,53,0.8037037037037037,0.9320843924177579,0.6302416980149274,30,0.41525715786093437,0.25686029098121516,19964.057302759735,50.09001851851852,87.955,{}
test,adversarial,hetero,high,tetris,1004,270,229,41,0.8481481481481481,0.9891935548718094,0.6533052956296179,30,0.3362667519037379,0.2271099106368435,19507.314592728453,51.262822222222226,83.265,{}
test,adversarial,hetero,high,hybrid,1004,270,226,44,0.837037037037037,0.9871809468449048,0.6954712690248825,30,0.2981508778729058,0.23454750572293645,17798.94900502227,56.183092592592594,106.279,"{'family': 'hybrid', 'alpha': 0.1}"
test,adversarial,hetero,high,balance,1004,270,218,52,0.8074074074074075,0.9886896022457464,0.669003649494765,30,0.3221526519091363,0.2370267040849674,26261.7072502446,38.07825555555556,88.345,"{'family': 'balance', 'lam': 0.8}"
test,adversarial,hetero,high,wmatch,1004,270,217,53,0.8037037037037037,0.9782149240729686,0.6714502682741735,30,0.32703768954235646,0.2457038983520758,19497.194786941152,51.28942962962963,125.124,"{'family': 'wmatch', 'lam': 0.8}"
test,adversarial,hetero,high,d1_cheap,1004,270,231,39,0.8555555555555555,0.9898565080002111,0.7185454388832916,30,0.27269579971575947,0.22463071227481254,12748.621732339381,78.43985185185186,140.062,"{'family': 'd_cheap', 'alpha': 0.0, 'beta': 0.8, 'gamma': 0.2}"
test,adversarial,hetero,high,d1_cheap_nomad_ff,1004,270,229,41,0.8481481481481481,0.9884797787449001,0.6920312684243259,30,0.2971998108191257,0.2289693094083667,18111.99127189849,55.21204074074074,112.411,{'derived_from': 'd1_cheap'}
test,adversarial,hetero,high,d2_capacity,1004,270,231,39,0.8555555555555555,0.9889871810957761,0.6764168406826249,30,0.3139550710119913,0.22649011104633576,8162.863764796816,122.50602592592594,210.995,"{'family': 'd_capacity', 'alpha': 0.0, 'beta': 0.8, 'gamma': 0.2}"
test,adversarial,hetero,high,d2_capacity_nomad_ff,1004,270,228,42,0.8444444444444444,0.9869583135525928,0.679057139583698,30,0.3137482059300359,0.2302089085893822,12387.689536237936,80.7253037037037,169.107,{'derived_from': 'd2_capacity'}
test,adversarial,hetero,high,ff_only_cheap,1004,270,229,41,0.8481481481481481,0.9884797787449001,0.6920312684243259,30,0.2971998108191257,0.2289693094083667,18122.901057618947,55.17880370370371,114.775,"{'alpha': 0, 'beta': 0, 'gamma': 1}"
test,adversarial,hetero,high,binpack,1005,253,201,52,0.7944664031620553,0.9656001870095395,0.7015813866388015,30,0.3076500304649372,0.23524831822023798,33171.109563125996,30.146715415019763,74.679,{}
test,adversarial,hetero,high,spread,1005,253,210,43,0.8300395256916996,0.938205902952855,0.6545255077302573,30,0.38034412348355245,0.2270472277990073,19896.034177769256,50.261272727272726,86.943,{}
test,adversarial,hetero,high,tetris,1005,253,215,38,0.849802371541502,0.9838581286409094,0.6813817179540538,30,0.30423037992684404,0.201760532333546,19689.93872148636,50.78735968379446,83.006,{}
test,adversarial,hetero,high,hybrid,1005,253,214,39,0.8458498023715415,0.980681016514657,0.7259295355829481,30,0.2681199018941319,0.2051776533423921,17593.438718263053,56.839371541501976,105.397,"{'family': 'hybrid', 'alpha': 0.1}"
test,adversarial,hetero,high,balance,1005,253,209,44,0.8260869565217391,0.9849645174594951,0.7041345341813309,30,0.2867038016595444,0.20996162275477667,25423.637692462213,39.333474308300396,89.408,"{'family': 'balance', 'lam': 0.8}"
test,adversarial,hetero,high,wmatch,1005,253,197,56,0.7786561264822134,0.9556917224044624,0.6872567188282201,30,0.33138836032842295,0.24481625704500712,21199.233073753054,47.17151778656127,124.884,"{'family': 'wmatch', 'lam': 0.8}"
test,adversarial,hetero,high,d1_cheap,1005,253,214,39,0.8458498023715415,0.9825426997955921,0.7188524597602501,30,0.2678761534016313,0.2051776533423921,13071.36593810765,76.50309881422925,136.435,"{'family': 'd_cheap', 'alpha': 0.0, 'beta': 0.8, 'gamma': 0.2}"
test,adversarial,hetero,high,d1_cheap_nomad_ff,1005,253,215,38,0.849802371541502,0.978159618739766,0.7290233412090381,30,0.25980479935606776,0.207911350149469,16750.340021971413,59.700280632411065,113.553,{'derived_from': 'd1_cheap'}
test,adversarial,hetero,high,d2_capacity,1005,253,215,38,0.849802371541502,0.9828078633321948,0.6906537634897295,30,0.29489945160364767,0.201760532333546,8622.729576511167,115.97255731225296,195.816,"{'family': 'd_capacity', 'alpha': 0.0, 'beta': 0.8, 'gamma': 0.2}"
test,adversarial,hetero,high,d2_capacity_nomad_ff,1005,253,212,41,0.8379446640316206,0.9703175102930569,0.7110643022264322,30,0.28968691176576294,0.21406216796539201,13027.760097041879,76.75916600790514,169.798,{'derived_from': 'd2_capacity'}
test,adversarial,hetero,high,ff_only_cheap,1005,253,215,38,0.849802371541502,0.978159618739766,0.7290233412090381,30,0.25980479935606776,0.207911350149469,16456.637475757358,60.76575494071147,116.949,"{'alpha': 0, 'beta': 0, 'gamma': 1}"
test,adversarial,hetero,high,binpack,1006,260,197,63,0.7576923076923077,0.9526974445531026,0.6737515139685669,30,0.34482574625702384,0.27254949374717424,34052.20150102104,29.366676923076923,74.229,{}
test,adversarial,hetero,high,spread,1006,260,219,41,0.8423076923076923,0.9711679513216348,0.6474430553550637,30,0.3629001836980627,0.24033290799638488,19360.905446997138,51.65047692307692,89.778,{}
test,adversarial,hetero,high,tetris,1006,260,224,36,0.8615384615384616,0.986419920364119,0.6648810733544811,30,0.3231879669637065,0.2261576102660375,18680.32687123349,53.53225384615385,86.292,{}
test,adversarial,hetero,high,hybrid,1006,260,216,44,0.8307692307692308,0.9826591938232088,0.710709492988323,30,0.2793436381933119,0.23453392256124272,18485.593359462957,54.09618076923077,107.972,"{'family': 'hybrid', 'alpha': 0.1}"
test,adversarial,hetero,high,balance,1006,260,206,54,0.7923076923076923,0.979126547314855,0.6881062425215165,30,0.3010664983786073,0.24548756171651112,26543.014332921473,37.674696153846156,88.305,"{'family': 'balance', 'lam': 0.8}"
test,adversarial,hetero,high,wmatch,1006,260,199,61,0.7653846153846153,0.9633242504853554,0.6862072563555948,30,0.31845523924650343,0.2622401863069217,20703.59577662572,48.30078846153846,125.254,"{'family': 'wmatch', 'lam': 0.8}"
test,adversarial,hetero,high,d1_cheap,1006,260,216,44,0.8307692307692308,0.9853507784770432,0.7063681265457504,30,0.28682827897442714,0.23646691770629008,13078.724110099718,76.46005769230769,139.271,"{'family': 'd_cheap', 'alpha': 0.0, 'beta': 0.8, 'gamma': 0.2}"
test,adversarial,hetero,high,d1_cheap_nomad_ff,1006,260,204,56,0.7846153846153846,0.9597286535357143,0.6885358113401008,30,0.32072150477902583,0.26159585459190593,19517.41978509369,51.23628076923077,113.382,{'derived_from': 'd1_cheap'}
test,adversarial,hetero,high,d2_capacity,1006,260,223,37,0.8576923076923076,0.9867460453373008,0.6888864640965352,30,0.3016952605702599,0.2274462736960691,8516.097799522213,117.42467307692309,201.878,"{'family': 'd_capacity', 'alpha': 0.0, 'beta': 0.8, 'gamma': 0.2}"
test,adversarial,hetero,high,d2_capacity_nomad_ff,1006,260,210,50,0.8076923076923077,0.9664742102727358,0.6861070856324537,30,0.31743561540432774,0.2519308788666691,13296.445583938466,75.20806923076924,169.077,{'derived_from': 'd2_capacity'}
test,adversarial,hetero,high,ff_only_cheap,1006,260,204,56,0.7846153846153846,0.9597286535357143,0.6885358113401008,30,0.32072150477902583,0.26159585459190593,19392.601349650467,51.566057692307695,117.57,"{'alpha': 0, 'beta': 0, 'gamma': 1}"
test,adversarial,hetero,high,binpack,1007,261,201,60,0.7701149425287356,0.936934071601254,0.6839622140660815,30,0.36105685992900366,0.2635039430022624,33931.83367629187,29.470850574712642,73.658,{}
test,adversarial,hetero,high,spread,1007,261,216,45,0.8275862068965517,0.9830315783728679,0.6403497468854277,30,0.3573194372420062,0.22203901754126376,19531.85949363991,51.198402298850574,89.337,{}
test,adversarial,hetero,high,tetris,1007,261,223,38,0.8544061302681992,0.9851203509009318,0.7051922480289555,30,0.2820205667137027,0.2049265086208516,19872.842740104104,50.319927203065134,84.819,{}
test,adversarial,hetero,high,hybrid,1007,261,216,45,0.8275862068965517,0.9817927888905252,0.7139168549269872,30,0.2811155414008064,0.21808997702116864,18916.596508561608,52.863632183908045,108.252,"{'family': 'hybrid', 'alpha': 0.1}"
test,adversarial,hetero,high,balance,1007,261,220,41,0.842911877394636,0.981864385001998,0.7160669912691877,30,0.2833861979251725,0.2108500694009943,24784.001727473405,40.3486091954023,89.267,"{'family': 'balance', 'lam': 0.8}"
test,adversarial,hetero,high,wmatch,1007,261,206,55,0.789272030651341,0.9412463391274931,0.6974347751326719,30,0.34262780553890465,0.2509986480219612,20422.68862113518,48.96514942528736,125.655,"{'family': 'wmatch', 'lam': 0.8}"
test,adversarial,hetero,high,d1_cheap,1007,261,222,39,0.8505747126436781,0.9795619497754102,0.7163326507536069,30,0.269495298423467,0.21414093650107355,12851.01488551272,77.81486590038314,144.17,"{'family': 'd_cheap', 'alpha': 0.0, 'beta': 0.8, 'gamma': 0.2}"
test,adversarial,hetero,high,d1_cheap_nomad_ff,1007,261,211,50,0.8084291187739464,0.9509916404137847,0.7102722875267716,30,0.3191067839767961,0.23849335304166006,18442.316708279646,54.22312260536398,116.237,{'derived_from': 'd1_cheap'}
test,adversarial,hetero,high,d2_capacity,1007,261,222,39,0.8505747126436781,0.9837728120989883,0.6911463962060224,30,0.3008751319097294,0.21019189598097845,9302.9777762554,107.49246360153256,205.935,"{'family': 'd_capacity', 'alpha': 0.0, 'beta': 0.8, 'gamma': 0.2}"
test,adversarial,hetero,high,d2_capacity_nomad_ff,1007,261,210,51,0.8045977011494253,0.95596108766537,0.6994689930272473,30,0.3279489067629591,0.2378351796216442,13289.678014014959,75.24636781609195,170.729,{'derived_from': 'd2_capacity'}
test,adversarial,hetero,high,ff_only_cheap,1007,261,211,50,0.8084291187739464,0.9509916404137847,0.7102722875267716,30,0.3191067839767961,0.23849335304166006,18566.10354465329,53.86159770114943,113.843,"{'alpha': 0, 'beta': 0, 'gamma': 1}"
test,adversarial,hetero,high,binpack,1008,250,201,49,0.804,0.9682655946434493,0.6659878576455865,30,0.3418977746612932,0.2691039985927355,31966.010668719988,31.283227999999998,73.657,{}
test,adversarial,hetero,high,spread,1008,250,214,36,0.856,0.9892119950140361,0.6143069688136154,30,0.37490502620042065,0.2502127472194639,18612.83873412148,53.726356,87.313,{}
test,adversarial,hetero,high,tetris,1008,250,217,33,0.868,0.9845839452329757,0.6355046077663613,30,0.3491604839163015,0.24434994506913824,18128.720149340046,55.161092,88.626,{}
test,adversarial,hetero,high,hybrid,1008,250,208,42,0.832,0.9807337769490515,0.6658155946693616,30,0.33149514490669696,0.2560755493697896,17490.652470600136,57.173396000000004,108.633,"{'family': 'hybrid', 'alpha': 0.1}"
test,adversarial,hetero,high,balance,1008,250,206,44,0.824,0.9866437485535804,0.663949505625185,30,0.32953896011692796,0.25281843706405305,25019.905837083985,39.968176,89.267,"{'family': 'balance', 'lam': 0.8}"
test,adversarial,hetero,high,wmatch,1008,250,199,51,0.796,0.9674394909571562,0.6623259962355376,30,0.34473353238504906,0.2736639558207665,19521.117320041067,51.226576,123.772,"{'family': 'wmatch', 'lam': 0.8}"
test,adversarial,hetero,high,d1_cheap,1008,250,212,38,0.848,0.9849201143914841,0.6812722069349046,30,0.30455028277815416,0.25086416968061126,12499.64626001084,80.002264,141.394,"{'family': 'd_cheap', 'alpha': 0.0, 'beta': 0.8, 'gamma': 0.2}"
test,adversarial,hetero,high,d1_cheap_nomad_ff,1008,250,213,37,0.852,0.9760868705099358,0.6686963904989867,30,0.33349083457889944,0.25542412690864225,16948.167825096534,59.003428,115.416,{'derived_from': 'd1_cheap'}
test,adversarial,hetero,high,d2_capacity,1008,250,213,37,0.852,0.9799270611246195,0.651049556347203,30,0.3314849101638293,0.2534698595252004,8181.4196425544305,122.228176,204.041,"{'family': 'd_capacity', 'alpha': 0.0, 'beta': 0.8, 'gamma': 0.2}"
test,adversarial,hetero,high,d2_capacity_nomad_ff,1008,250,204,46,0.816,0.9599867260462462,0.659012966048669,30,0.35812606205781095,0.2691039985927355,12989.031178818486,76.988036,167.484,{'derived_from': 'd2_capacity'}
test,adversarial,hetero,high,ff_only_cheap,1008,250,213,37,0.852,0.9760868705099358,0.6686963904989867,30,0.33349083457889944,0.25542412690864225,16851.47340520689,59.341992,114.454,"{'alpha': 0, 'beta': 0, 'gamma': 1}"
test,adversarial,hetero,high,binpack,1009,248,197,51,0.7943548387096774,0.9731636966588746,0.6847411204490651,30,0.3195229920478106,0.23877535766699573,32805.46083934094,30.482729838709677,76.192,{}
test,adversarial,hetero,high,spread,1009,248,204,44,0.8225806451612904,0.9576576312362647,0.6497995422872375,30,0.3726693918881124,0.2312180733117042,19935.893241362413,50.160782258064515,90.028,{}
test,adversarial,hetero,high,tetris,1009,248,213,35,0.8588709677419355,0.9791898265486829,0.6988435629054207,30,0.28354243966264964,0.21060729779727266,19547.90889003426,51.156366935483874,83.376,{}
test,adversarial,hetero,high,hybrid,1009,248,212,36,0.8548387096774194,0.9836636799957386,0.7153031755893288,30,0.275230999421403,0.2140424270496779,18295.393138858715,54.6585685483871,104.867,"{'family': 'hybrid', 'alpha': 0.1}"
test,adversarial,hetero,high,balance,1009,248,199,49,0.8024193548387096,0.9819496110196266,0.6980945673383601,30,0.294959853078516,0.22778294405929891,26897.890185892622,37.1776370967742,86.572,"{'family': 'balance', 'lam': 0.8}"
test,adversarial,hetero,high,wmatch,1009,248,201,47,0.8104838709677419,0.9784262396347294,0.7008585379226167,30,0.2911940537814471,0.22915699576026108,19934.21708362404,50.165,123.171,"{'family': 'wmatch', 'lam': 0.8}"
test,adversarial,hetero,high,d1_cheap,1009,248,212,36,0.8548387096774194,0.9834796433980593,0.711000671726399,30,0.2753964462971345,0.21610350460112107,13104.528269743609,76.3095,136.355,"{'family': 'd_cheap', 'alpha': 0.0, 'beta': 0.8, 'gamma': 0.2}"
test,adversarial,hetero,high,d1_cheap_nomad_ff,1009,248,212,36,0.8548387096774194,0.9838049489800241,0.7094441314545399,30,0.2771989143890016,0.21610350460112107,16943.94961962541,59.018116935483874,115.176,{'derived_from': 'd1_cheap'}
test,adversarial,hetero,high,d2_capacity,1009,248,212,36,0.8548387096774194,0.9760695296399254,0.6857113028643391,30,0.29565581007076375,0.21198134949823474,8432.509391027294,118.58866129032258,204.392,"{'family': 'd_capacity', 'alpha': 0.0, 'beta': 0.8, 'gamma': 0.2}"
test,adversarial,hetero,high,d2_capacity_nomad_ff,1009,248,211,37,0.8508064516129032,0.9776771769486737,0.6941227144595263,30,0.2909583683610115,0.21953863385352632,11498.82181124341,86.96543145161291,171.992,{'derived_from': 'd2_capacity'}
test,adversarial,hetero,high,ff_only_cheap,1009,248,212,36,0.8548387096774194,0.9838049489800241,0.7094441314545399,30,0.2771989143890016,0.21610350460112107,16673.50078503279,59.975407258064514,116.338,"{'alpha': 0, 'beta': 0, 'gamma': 1}"
test,adversarial,hetero,low,binpack,1000,86,86,0,1.0,0.4203185657611241,0.3191251723656136,14,0.13607589563920602,0.08913844787011477,15214.57953005702,65.72643023255814,87.594,{}
test,adversarial,hetero,low,spread,1000,86,86,0,1.0,0.37913313556036854,0.19696605732295264,30,0.24489449233498886,0.0,12010.686717996059,83.25918604651163,96.56,{}
test,adversarial,hetero,low,tetris,1000,86,86,0,1.0,0.4095937960909172,0.20525553192704526,30,0.20469588449610032,0.011983996385312005,12176.748046516877,82.12373255813954,98.323,{}
test,adversarial,hetero,low,hybrid,1000,86,86,0,1.0,0.4049862844102533,0.26716687596313715,24,0.1382478334735273,0.008982453821136405,10249.556438527034,97.56519767441861,115.647,"{'family': 'hybrid', 'alpha': 0.1}"
test,adversarial,hetero,low,balance,1000,86,86,0,1.0,0.4046696395111862,0.3086365543654029,13,0.09603308514578329,0.04795599878814351,13104.35254974892,76.31052325581395,97.262,"{'family': 'balance', 'lam': 0.8}"
test,adversarial,hetero,low,wmatch,1000,86,86,0,1.0,0.4203185657611241,0.3191251723656136,14,0.13607589563920602,0.08913844787011477,9230.76295583198,108.33340697674419,142.667,"{'family': 'wmatch', 'lam': 0.8}"
test,adversarial,hetero,low,d1_cheap,1000,86,86,0,1.0,0.39553565527536527,0.2884210709354868,18,0.10711458433987844,0.036238732142146145,8044.176371747206,124.31353488372093,155.711,"{'family': 'd_cheap', 'alpha': 0.0, 'beta': 0.8, 'gamma': 0.2}"
test,adversarial,hetero,low,d1_cheap_nomad_ff,1000,86,86,0,1.0,0.4203185657611241,0.3191251723656136,14,0.13607589563920602,0.08913844787011477,10011.598320240064,99.8841511627907,125.194,{'derived_from': 'd1_cheap'}
test,adversarial,hetero,low,d2_capacity,1000,86,86,0,1.0,0.39339349359958486,0.29380661777143946,18,0.10505554551817321,0.036238732142146145,5659.5706399638475,176.6918488372093,220.532,"{'family': 'd_capacity', 'alpha': 0.0, 'beta': 0.8, 'gamma': 0.2}"
test,adversarial,hetero,low,d2_capacity_nomad_ff,1000,86,86,0,1.0,0.4314272482810255,0.2984805072913268,14,0.17292927666286087,0.10928943539775188,6860.196533462922,145.76841860465117,190.176,{'derived_from': 'd2_capacity'}
test,adversarial,hetero,low,ff_only_cheap,1000,86,86,0,1.0,0.4203185657611241,0.3191251723656136,14,0.13607589563920602,0.08913844787011477,9801.513650032395,102.02505813953489,131.707,"{'alpha': 0, 'beta': 0, 'gamma': 1}"
test,adversarial,hetero,low,binpack,1001,91,91,0,1.0,0.45430973586094303,0.31811420374797894,15,0.15882503675969256,0.09308165375815763,15791.419983573453,63.32552747252747,83.506,{}
test,adversarial,hetero,low,spread,1001,91,91,0,1.0,0.38168918810361613,0.22703106669605663,30,0.2726938614334428,0.0,12045.39392740069,83.01928571428572,98.644,{}
test,adversarial,hetero,low,tetris,1001,91,91,0,1.0,0.4112040097513498,0.21866549023535473,30,0.19333327666240036,0.02177601254895372,12353.532580881021,80.9485054945055,98.093,{}
test,adversarial,hetero,low,hybrid,1001,91,91,0,1.0,0.39196741592458567,0.3082588823055762,22,0.09228044663327144,0.027612216775370194,10356.276392856582,96.5598021978022,114.825,"{'family': 'hybrid', 'alpha': 0.1}"
test,adversarial,hetero,low,balance,1001,91,91,0,1.0,0.42535750730523897,0.3188371882071998,14,0.10900869923034104,0.04342362892970166,13362.10934551801,74.8384835164835,95.188,"{'family': 'balance', 'lam': 0.8}"
test,adversarial,hetero,low,wmatch,1001,91,91,0,1.0,0.454251828699208,0.3288212058666902,15,0.14806012747924624,0.09438539121198182,9589.731273599564,104.27820879120878,140.553,"{'family': 'wmatch', 'lam': 0.8}"
test,adversarial,hetero,low,d1_cheap,1001,91,91,0,1.0,0.3933371040314781,0.30982705375445074,19,0.08351005027702732,0.024107625942712593,7981.049655372137,125.2968021978022,152.034,"{'family': 'd_cheap', 'alpha': 0.0, 'beta': 0.8, 'gamma': 0.2}"
test,adversarial,hetero,low,d1_cheap_nomad_ff,1001,91,91,0,1.0,0.4541223282580998,0.32867499367714686,15,0.14807683922768142,0.09438539121198182,10149.741025453988,98.52468131868132,127.649,{'derived_from': 'd1_cheap'}
test,adversarial,hetero,low,d2_capacity,1001,91,91,0,1.0,0.3877121449785188,0.3033036799002637,18,0.08440846507825515,0.029044376280506698,5572.5265866162,179.45181318681318,221.454,"{'family': 'd_capacity', 'alpha': 0.0, 'beta': 0.8, 'gamma': 0.2}"
test,adversarial,hetero,low,d2_capacity_nomad_ff,1001,91,91,0,1.0,0.4564172887318892,0.32890410955842575,15,0.16165754727584952,0.09699286611963019,7018.888368514162,142.4727032967033,191.959,{'derived_from': 'd2_capacity'}
test,adversarial,hetero,low,ff_only_cheap,1001,91,91,0,1.0,0.4541223282580998,0.32867499367714686,15,0.14807683922768142,0.09438539121198182,9949.099967244501,100.51160439560441,137.217,"{'alpha': 0, 'beta': 0, 'gamma': 1}"
test,adversarial,hetero,low,binpack,1002,95,95,0,1.0,0.45595505755196464,0.3494291527403954,15,0.14813435088310475,0.09248681539577339,15809.918843526071,63.25143157894737,87.183,{}
test,adversarial,hetero,low,spread,1002,95,95,0,1.0,0.37579734331028797,0.2516285622701416,30,0.282303032342147,0.0,11974.85230595319,83.50833684210525,97.462,{}
test,adversarial,hetero,low,tetris,1002,95,95,0,1.0,0.42200922167344135,0.2676630877082058,30,0.1553775928686056,0.018344867905912138,12357.747689914191,80.9208947368421,102.451,{}
test,adversarial,hetero,low,hybrid,1002,95,95,0,1.0,0.4190188547646944,0.3354648376270943,22,0.0940554468335615,0.020342258744963364,10630.767051246788,94.06658947368422,120.175,"{'family': 'hybrid', 'alpha': 0.1}"
test,adversarial,hetero,low,balance,1002,95,95,0,1.0,0.4277427622232388,0.37393213533252934,14,0.06366699877219346,0.03900538462747261,13755.773623984625,72.69674736842106,96.641,"{'family': 'balance', 'lam': 0.8}"
test,adversarial,hetero,low,wmatch,1002,95,95,0,1.0,0.45371991207080825,0.3534515963010321,15,0.1418767618413116,0.08062136978507853,9673.533517775371,103.37484210526316,140.893,"{'family': 'wmatch', 'lam': 0.8}"
test,adversarial,hetero,low,d1_cheap,1002,95,95,0,1.0,0.4191734115338193,0.37344422778601344,16,0.05367730589211871,0.02156376443837759,8177.871282888494,122.28121052631579,146.734,"{'family': 'd_cheap', 'alpha': 0.0, 'beta': 0.8, 'gamma': 0.2}"
test,adversarial,hetero,low,d1_cheap_nomad_ff,1002,95,95,0,1.0,0.45570160369081425,0.3473124833839653,15,0.1499975663783845,0.09118933280982656,10328.196378369017,96.82232631578947,129.002,{'derived_from': 'd1_cheap'}
test,adversarial,hetero,low,d2_capacity,1002,95,95,0,1.0,0.419065463300323,0.34302937605483963,17,0.08377689600866134,0.02462061392459413,5749.616893948014,173.92463157894736,213.599,"{'family': 'd_capacity', 'alpha': 0.0, 'beta': 0.8, 'gamma': 0.2}"
test,adversarial,hetero,low,d2_capacity_nomad_ff,1002,95,95,0,1.0,0.40591333260789053,0.39304923695202665,14,0.05713089635894977,0.030052526188970034,6884.550864945983,145.25275789473682,181.029,{'derived_from': 'd2_capacity'}
test,adversarial,hetero,low,ff_only_cheap,1002,95,95,0,1.0,0.45570160369081425,0.3473124833839653,15,0.1499975663783845,0.09118933280982656,10246.100549838111,97.59810526315789,124.834,"{'alpha': 0, 'beta': 0, 'gamma': 1}"
test,adversarial,hetero,low,binpack,1003,92,92,0,1.0,0.45080265002458175,0.3538089654974438,15,0.143156671327478,0.07693283848574509,15739.52320878238,63.53432608695652,83.406,{}
test,adversarial,hetero,low,spread,1003,92,92,0,1.0,0.38922540473762496,0.21873262698930837,30,0.2913231274085227,0.0,11857.924025507426,84.33179347826086,105.468,{}
test,adversarial,hetero,low,tetris,1003,92,92,0,1.0,0.42487370223665216,0.24755480113383613,30,0.17799322198007134,0.006409497746977261,12104.581478832508,82.61334782608697,106.39,{}
test,adversarial,hetero,low,hybrid,1003,92,92,0,1.0,0.4252930288795135,0.3190999696991487,27,0.11796396765579849,0.02058241778497819,10352.01696110466,96.59953260869565,118.231,"{'family': 'hybrid', 'alpha': 0.1}"
test,adversarial,hetero,low,balance,1003,92,92,0,1.0,0.4567427533727104,0.34024647170076716,15,0.12936248372234666,0.08267545706228946,13551.22924378838,73.79404347826086,95.569,"{'family': 'balance', 'lam': 0.8}"
test,adversarial,hetero,low,wmatch,1003,92,92,0,1.0,0.45080265002458175,0.3538089654974438,15,0.143156671327478,0.07693283848574509,9567.197656535733,104.52381521739132,138.018,"{'family': 'wmatch', 'lam': 0.8}"
test,adversarial,hetero,low,d1_cheap,1003,92,92,0,1.0,0.4335641596259659,0.332300019540087,19,0.10126414008587888,0.03454843274854854,7893.228639378975,126.6908695652174,168.025,"{'family': 'd_cheap', 'alpha': 0.0, 'beta': 0.8, 'gamma': 0.2}"
test,adversarial,hetero,low,d1_cheap_nomad_ff,1003,92,92,0,1.0,0.450845065128027,0.35353535343475684,15,0.1434726984936103,0.07693283848574509,10240.925565947498,97.64742391304347,130.173,{'derived_from': 'd1_cheap'}
test,adversarial,hetero,low,d2_capacity,1003,92,92,0,1.0,0.42168640429579635,0.3122016396564162,21,0.11660832433205362,0.023366828184794432,5559.575840621464,179.86983695652174,218.108,"{'family': 'd_capacity', 'alpha': 0.0, 'beta': 0.8, 'gamma': 0.2}"
test,adversarial,hetero,low,d2_capacity_nomad_ff,1003,92,92,0,1.0,0.44546942714818105,0.34865920270862427,15,0.18275898369493734,0.08715439414194016,7223.409940998088,138.43877173913043,190.076,{'derived_from': 'd2_capacity'}
test,adversarial,hetero,low,ff_only_cheap,1003,92,92,0,1.0,0.450845065128027,0.35353535343475684,15,0.1434726984936103,0.07693283848574509,10230.030008458678,97.75142391304347,123.752,"{'alpha': 0, 'beta': 0, 'gamma': 1}"
test,adversarial,hetero,low,binpack,1004,98,98,0,1.0,0.45401643172224404,0.32017972734831057,15,0.15182252279186634,0.10311376848046777,15752.765172886599,63.48091836734694,84.818,{}
test,adversarial,hetero,low,spread,1004,98,98,0,1.0,0.38191498309440075,0.2362428470343897,30,0.2772643894937255,0.0,11814.514058186724,84.6416530612245,103.434,{}
test,adversarial,hetero,low,tetris,1004,98,98,0,1.0,0.4245186060851073,0.23793781101911876,30,0.18658079506598851,0.019488692472173413,12637.314740834465,79.13073469387754,97.873,{}
test,adversarial,hetero,low,hybrid,1004,98,98,0,1.0,0.4102040756967112,0.29147781362763736,24,0.12129607011598444,0.029902440842662914,10334.232270939105,96.76577551020408,120.506,"{'family': 'hybrid', 'alpha': 0.1}"
test,adversarial,hetero,low,balance,1004,98,98,0,1.0,0.4316692398886229,0.3293364944640832,14,0.10697332865565921,0.04140962556535362,13151.403791576553,76.03751020408163,101.59,"{'family': 'balance', 'lam': 0.8}"
test,adversarial,hetero,low,wmatch,1004,98,98,0,1.0,0.45401643172224404,0.32451747346540627,15,0.14748477667477064,0.10311376848046777,9459.213848597947,105.7170306122449,142.907,"{'family': 'wmatch', 'lam': 0.8}"
test,adversarial,hetero,low,d1_cheap,1004,98,98,0,1.0,0.3999844468048554,0.33698999253600176,18,0.06299445426885365,0.021177565108137657,7981.753385973811,125.28575510204081,155.1,"{'family': 'd_cheap', 'alpha': 0.0, 'beta': 0.8, 'gamma': 0.2}"
test,adversarial,hetero,low,d1_cheap_nomad_ff,1004,98,98,0,1.0,0.4534915953446471,0.32207076361982945,15,0.14940665014275054,0.10435336766148326,10153.967300080818,98.48367346938775,124.193,{'derived_from': 'd1_cheap'}
test,adversarial,hetero,low,d2_capacity,1004,98,98,0,1.0,0.40544740004795643,0.31352813956909464,21,0.09274101252566101,0.018697869775131402,5429.148121232213,184.19095918367347,220.462,"{'family': 'd_capacity', 'alpha': 0.0, 'beta': 0.8, 'gamma': 0.2}"
test,adversarial,hetero,low,d2_capacity_nomad_ff,1004,98,98,0,1.0,0.44662584021119117,0.33776784898594264,14,0.12748740757689517,0.0663843287461333,6897.88761342098,144.97191836734694,187.36,{'derived_from': 'd2_capacity'}
test,adversarial,hetero,low,ff_only_cheap,1004,98,98,0,1.0,0.4534915953446471,0.32207076361982945,15,0.14940665014275054,0.10435336766148326,9979.409829922344,100.20632653061224,131.326,"{'alpha': 0, 'beta': 0, 'gamma': 1}"
test,adversarial,hetero,low,binpack,1005,92,92,0,1.0,0.4861446984120538,0.31066317187410847,15,0.1818523818413383,0.1325852293761185,15913.397904828193,62.84013043478261,83.336,{}
test,adversarial,hetero,low,spread,1005,92,92,0,1.0,0.3851223683996486,0.24511141351786994,30,0.2736038958011774,0.0,11402.982003739435,87.69635869565218,132.217,{}
test,adversarial,hetero,low,tetris,1005,92,92,0,1.0,0.4123971771253308,0.23642297403263762,30,0.17735515146158817,0.006399070498831222,12419.556373446341,80.51817391304347,98.404,{}
test,adversarial,hetero,low,hybrid,1005,92,92,0,1.0,0.392200055630074,0.30605889441264084,19,0.08983532577104017,0.016972672197123152,10035.116362628092,99.65006521739132,130.254,"{'family': 'hybrid', 'alpha': 0.1}"
test,adversarial,hetero,low,balance,1005,92,92,0,1.0,0.43012772243482605,0.3397922223970182,14,0.09474860364871679,0.05199637778834182,13450.697491766565,74.34558695652174,97.753,"{'family': 'balance', 'lam': 0.8}"
test,adversarial,hetero,low,wmatch,1005,92,92,0,1.0,0.4888731966849452,0.3011799725781517,16,0.2057168457648268,0.13668577458673387,9840.363631385113,101.62226086956521,139.201,"{'family': 'wmatch', 'lam': 0.8}"
test,adversarial,hetero,low,d1_cheap,1005,92,92,0,1.0,0.39782924289718297,0.30546706062230805,17,0.0937431306437699,0.030377836997936197,7989.358868713731,125.16648913043478,158.116,"{'family': 'd_cheap', 'alpha': 0.0, 'beta': 0.8, 'gamma': 0.2}"
test,adversarial,hetero,low,d1_cheap_nomad_ff,1005,92,92,0,1.0,0.48552887234231323,0.3155432738414464,16,0.1796898477830392,0.1353189261831954,10190.774624040725,98.12796739130435,126.978,{'derived_from': 'd1_cheap'}
test,adversarial,hetero,low,d2_capacity,1005,92,92,0,1.0,0.3835313836779216,0.31619118303192195,16,0.0691055149077119,0.021269866883817413,5583.820273819621,179.08885869565216,222.887,"{'family': 'd_capacity', 'alpha': 0.0, 'beta': 0.8, 'gamma': 0.2}"
test,adversarial,hetero,low,d2_capacity_nomad_ff,1005,92,92,0,1.0,0.45328081281870464,0.3188244760765034,15,0.1636915076970422,0.1162780060866401,6963.909011684304,143.5975108695652,184.956,{'derived_from': 'd2_capacity'}
test,adversarial,hetero,low,ff_only_cheap,1005,92,92,0,1.0,0.48552887234231323,0.3155432738414464,16,0.1796898477830392,0.1353189261831954,10138.158861863838,98.63723913043478,128.881,"{'alpha': 0, 'beta': 0, 'gamma': 1}"
test,adversarial,hetero,low,binpack,1006,94,94,0,1.0,0.45027144504196703,0.3422371314112023,15,0.17881412910185873,0.13240787216077515,16226.17492610617,61.628819148936174,83.616,{}
test,adversarial,hetero,low,spread,1006,94,94,0,1.0,0.3816591846821963,0.24089590965676297,30,0.2753268986052658,0.0,11932.98334993372,83.80134042553192,101.33,{}
test,adversarial,hetero,low,tetris,1006,94,94,0,1.0,0.4165043606196735,0.2293201584823258,30,0.18870309793796353,0.01030785871856817,12429.954232644048,80.45081914893616,98.093,{}
test,adversarial,hetero,low,hybrid,1006,94,94,0,1.0,0.4096062576994305,0.2945220612941547,23,0.11891987573476988,0.01606693104335238,10194.294578674142,98.09408510638298,119.484,"{'family': 'hybrid', 'alpha': 0.1}"
test,adversarial,hetero,low,balance,1006,94,94,0,1.0,0.4130429463262866,0.35268376539544305,13,0.07521853928624934,0.04581214645292527,13284.253199561845,75.27709574468085,102.602,"{'family': 'balance', 'lam': 0.8}"
test,adversarial,hetero,low,wmatch,1006,94,94,0,1.0,0.44714220165974744,0.3415562418571852,15,0.17913204446364248,0.13047487701572777,9762.350125856425,102.4343510638298,144.11,"{'family': 'wmatch', 'lam': 0.8}"
test,adversarial,hetero,low,d1_cheap,1006,94,94,0,1.0,0.39963385619358627,0.3268663002007423,18,0.07660323532233816,0.012805894152511803,7901.520160014189,126.55792553191489,164.107,"{'family': 'd_cheap', 'alpha': 0.0, 'beta': 0.8, 'gamma': 0.2}"
test,adversarial,hetero,low,d1_cheap_nomad_ff,1006,94,94,0,1.0,0.44793091538069757,0.3475683965454945,15,0.15994056712179955,0.1285418818706804,10470.265281992648,95.50856382978724,127.649,{'derived_from': 'd1_cheap'}
test,adversarial,hetero,low,d2_capacity,1006,94,94,0,1.0,0.39978559843289424,0.32307573833041736,19,0.09787649932397381,0.011003729206412355,5532.712515902134,180.74317021276596,214.972,"{'family': 'd_capacity', 'alpha': 0.0, 'beta': 0.8, 'gamma': 0.2}"
test,adversarial,hetero,low,d2_capacity_nomad_ff,1006,94,94,0,1.0,0.46889364273343825,0.2957645415232674,15,0.20281631386892546,0.14259196295028984,7029.4385407962445,142.25887234042554,188.994,{'derived_from': 'd2_capacity'}
test,adversarial,hetero,low,ff_only_cheap,1006,94,94,0,1.0,0.44793091538069757,0.3475683965454945,15,0.15994056712179955,0.1285418818706804,10543.460424280063,94.84552127659575,126.738,"{'alpha': 0, 'beta': 0, 'gamma': 1}"
test,adversarial,hetero,low,binpack,1007,95,95,0,1.0,0.4316279728721822,0.3851639718235533,15,0.1541464452052855,0.07945965055132466,16214.180102675016,61.67441052631579,84.628,{}
test,adversarial,hetero,low,spread,1007,95,95,0,1.0,0.37950269884120885,0.2528550519126555,30,0.27458907022871915,0.0,11897.92134547205,84.0482947368421,99.747,{}
test,adversarial,hetero,low,tetris,1007,95,95,0,1.0,0.41141683512241983,0.2616801017421609,30,0.1521664400562211,0.01425872094541391,12259.290445173549,81.57078947368421,98.284,{}
test,adversarial,hetero,low,hybrid,1007,95,95,0,1.0,0.407438902294445,0.3199449622437597,21,0.08833299063021646,0.020869687845665206,10142.566043585703,98.59437894736841,121.828,"{'family': 'hybrid', 'alpha': 0.1}"
test,adversarial,hetero,low,balance,1007,95,95,0,1.0,0.41394189404345827,0.36977744446674127,13,0.059645468480528055,0.04270955088384003,13462.016989915674,74.28307368421052,96.641,"{'family': 'balance', 'lam': 0.8}"
test,adversarial,hetero,low,wmatch,1007,95,95,0,1.0,0.4501073970835195,0.36999009046202236,16,0.18585794630454747,0.12189278804347774,9760.572138025585,102.4530105263158,140.453,"{'family': 'wmatch', 'lam': 0.8}"
test,adversarial,hetero,low,d1_cheap,1007,95,95,0,1.0,0.4024810201983943,0.32729742957500657,16,0.08204935747589982,0.02775747581973364,7869.049735210618,127.08014736842105,163.616,"{'family': 'd_cheap', 'alpha': 0.0, 'beta': 0.8, 'gamma': 0.2}"
test,adversarial,hetero,low,d1_cheap_nomad_ff,1007,95,95,0,1.0,0.47277757156250566,0.3376101110788533,16,0.2126409731060917,0.15147824344386204,10360.966248443538,96.5160947368421,126.827,{'derived_from': 'd1_cheap'}
test,adversarial,hetero,low,d2_capacity,1007,95,95,0,1.0,0.3976467540107339,0.31792261171079367,17,0.08883474189827617,0.029599745227967697,5643.191011858008,177.2047052631579,216.145,"{'family': 'd_capacity', 'alpha': 0.0, 'beta': 0.8, 'gamma': 0.2}"
test,adversarial,hetero,low,d2_capacity_nomad_ff,1007,95,95,0,1.0,0.4683489319208165,0.33730286273794957,16,0.19121631665585395,0.13304608028419238,7222.674758698039,138.4528631578947,183.393,{'derived_from': 'd2_capacity'}
test,adversarial,hetero,low,ff_only_cheap,1007,95,95,0,1.0,0.47277757156250566,0.3376101110788533,16,0.2126409731060917,0.15147824344386204,10467.487927405436,95.53390526315789,122.599,"{'alpha': 0, 'beta': 0, 'gamma': 1}"
test,adversarial,hetero,low,binpack,1008,90,90,0,1.0,0.4651468115322975,0.30057296053474764,15,0.18848231036753849,0.1297158807919084,15626.473120643144,63.993966666666665,88.285,{}
test,adversarial,hetero,low,spread,1008,90,90,0,1.0,0.37841327674029657,0.22064675015112215,30,0.25900392509964903,0.0,11875.434607919331,84.20744444444443,100.067,{}
test,adversarial,hetero,low,tetris,1008,90,90,0,1.0,0.40983530440508953,0.21940053028123757,30,0.19043477412385193,0.005813537537666254,11896.148212260065,84.06082222222223,107.691,{}
test,adversarial,hetero,low,hybrid,1008,90,90,0,1.0,0.384808910947216,0.2829380718474742,23,0.11670189635866036,0.006627819758626386,10162.06345892477,98.40521111111111,120.335,"{'family': 'hybrid', 'alpha': 0.1}"
test,adversarial,hetero,low,balance,1008,90,90,0,1.0,0.41236487050163534,0.3342858475165755,13,0.08532057372742603,0.04245026843503303,13197.806524555619,75.77016666666667,99.466,"{'family': 'balance', 'lam': 0.8}"
test,adversarial,hetero,low,wmatch,1008,90,90,0,1.0,0.46428934778610953,0.3047800108109335,15,0.1834177963451647,0.12260447538337736,9432.382290681287,106.01775555555555,138.469,"{'family': 'wmatch', 'lam': 0.8}"
test,adversarial,hetero,low,d1_cheap,1008,90,90,0,1.0,0.3886761781898132,0.31101332842788465,17,0.08675246324324294,0.027809343086584233,7936.841087862242,125.99471111111112,157.855,"{'family': 'd_cheap', 'alpha': 0.0, 'beta': 0.8, 'gamma': 0.2}"
test,adversarial,hetero,low,d1_cheap_nomad_ff,1008,90,90,0,1.0,0.4650683364851418,0.30150096419832967,15,0.18644741669677783,0.1297158807919084,9993.119182269718,100.06885555555554,130.364,{'derived_from': 'd1_cheap'}
test,adversarial,hetero,low,d2_capacity,1008,90,90,0,1.0,0.37785858087770785,0.2970880268247405,17,0.09119182799814274,0.026460144959377305,5478.55080400168,182.53002222222224,215.403,"{'family': 'd_capacity', 'alpha': 0.0, 'beta': 0.8, 'gamma': 0.2}"
test,adversarial,hetero,low,d2_capacity_nomad_ff,1008,90,90,0,1.0,0.4443833020095763,0.3253842001616914,15,0.17713788159735486,0.11217411485315099,6957.386471686685,143.73213333333334,196.067,{'derived_from': 'd2_capacity'}
test,adversarial,hetero,low,ff_only_cheap,1008,90,90,0,1.0,0.4650683364851418,0.30150096419832967,15,0.18644741669677783,0.1297158807919084,10043.881719231322,99.5631,131.255,"{'alpha': 0, 'beta': 0, 'gamma': 1}"
test,adversarial,hetero,low,binpack,1009,90,90,0,1.0,0.46633620616294896,0.3755844336375433,15,0.09862869145501824,0.06212457355938094,15418.752766809524,64.85608888888889,91.311,{}
test,adversarial,hetero,low,spread,1009,90,90,0,1.0,0.3884215630147549,0.24496792291010389,30,0.29919408289264204,0.0,11759.596222504104,85.03693333333334,108.553,{}
test,adversarial,hetero,low,tetris,1009,90,90,0,1.0,0.41298877425097946,0.2819080318125721,30,0.1310807424384073,0.0059484966843260335,12679.108252958353,78.8699,99.476,{}
test,adversarial,hetero,low,hybrid,1009,90,90,0,1.0,0.4233593319473992,0.33396328805572606,27,0.09256754714180314,0.012545399939334,10548.17704060345,94.80311111111111,126.146,"{'family': 'hybrid', 'alpha': 0.1}"
test,adversarial,hetero,low,balance,1009,90,90,0,1.0,0.4413457534760357,0.38399194163069666,14,0.06262347797379648,0.037441893026636586,13711.274979467365,72.93267777777777,94.497,"{'family': 'balance', 'lam': 0.8}"
test,adversarial,hetero,low,wmatch,1009,90,90,0,1.0,0.46633620616294896,0.3755844336375433,15,0.09862869145501824,0.06212457355938094,9698.524595781659,103.10846666666666,136.606,"{'family': 'wmatch', 'lam': 0.8}"
test,adversarial,hetero,low,d1_cheap,1009,90,90,0,1.0,0.42452827002899124,0.3539071282598942,20,0.07092102286593883,0.026280130333183025,8230.384182445305,121.50101111111111,154.61,"{'family': 'd_cheap', 'alpha': 0.0, 'beta': 0.8, 'gamma': 0.2}"
test,adversarial,hetero,low,d1_cheap_nomad_ff,1009,90,90,0,1.0,0.46633620616294896,0.3755844336375433,15,0.09862869145501824,0.06212457355938094,10285.669616520523,97.22264444444446,123.091,{'derived_from': 'd1_cheap'}
test,adversarial,hetero,low,d2_capacity,1009,90,90,0,1.0,0.4228875602312481,0.34674785131882335,21,0.07644993073674394,0.012055432914165056,5703.62952365948,175.32695555555554,225.702,"{'family': 'd_capacity', 'alpha': 0.0, 'beta': 0.8, 'gamma': 0.2}"
test,adversarial,hetero,low,d2_capacity_nomad_ff,1009,90,90,0,1.0,0.44410837561229444,0.3775292257587513,14,0.08411993414549489,0.044312151531447096,6988.983575810942,143.08232222222222,188.443,{'derived_from': 'd2_capacity'}
test,adversarial,hetero,low,ff_only_cheap,1009,90,90,0,1.0,0.46633620616294896,0.3755844336375433,15,0.09862869145501824,0.06212457355938094,10286.159823379778,97.21801111111112,129.603,"{'alpha': 0, 'beta': 0, 'gamma': 1}"
test,adversarial,hetero,med,binpack,1000,162,162,0,1.0,0.7982383668666415,0.4849178659964793,25,0.3555041637107241,0.2574429189030478,21292.935989622718,46.96393209876543,79.449,{}
test,adversarial,hetero,med,spread,1000,162,162,0,1.0,0.7220279591655874,0.37137977453809595,30,0.45494071721769136,0.19669365274466044,13230.90219316905,75.58063580246913,95.899,{}
test,adversarial,hetero,med,tetris,1000,162,162,0,1.0,0.753062592223342,0.38530552757105274,30,0.3681146849845177,0.016689698413678074,12913.791355221094,77.4365925925926,89.578,{}
test,adversarial,hetero,med,hybrid,1000,162,162,0,1.0,0.7545185270137699,0.45338893498498856,30,0.30149893761780405,0.05063910003767431,11898.580903262407,84.04363580246913,110.797,"{'family': 'hybrid', 'alpha': 0.1}"
test,adversarial,hetero,med,balance,1000,162,162,0,1.0,0.7564768771776099,0.4705431898093407,24,0.2932348479651356,0.17758570975879498,17350.046068656273,57.636734567901236,90.419,"{'family': 'balance', 'lam': 0.8}"
test,adversarial,hetero,med,wmatch,1000,162,162,0,1.0,0.7980644688836328,0.48037575301610264,25,0.35987237870809197,0.2574429189030478,12916.237720006582,77.42192592592593,130.665,"{'family': 'wmatch', 'lam': 0.8}"
test,adversarial,hetero,med,d1_cheap,1000,162,162,0,1.0,0.7485409396717659,0.4639599507556359,30,0.2849503345051528,0.050321319964747785,9162.336237379166,109.14246913580247,146.965,"{'family': 'd_cheap', 'alpha': 0.0, 'beta': 0.8, 'gamma': 0.2}"
test,adversarial,hetero,med,d1_cheap_nomad_ff,1000,162,162,0,1.0,0.795623153746408,0.4781219859531901,25,0.34876340102245224,0.25997361828173177,12456.30585490203,80.28062345679012,121.137,{'derived_from': 'd1_cheap'}
test,adversarial,hetero,med,d2_capacity,1000,162,162,0,1.0,0.7285059765597178,0.4456082325165784,30,0.28325536437536775,0.031233027411046724,6168.216164450126,162.12142592592593,217.998,"{'family': 'd_capacity', 'alpha': 0.0, 'beta': 0.8, 'gamma': 0.2}"
test,adversarial,hetero,med,d2_capacity_nomad_ff,1000,162,162,0,1.0,0.7648570422604482,0.48379696729469274,24,0.32096960307804867,0.2586941875726982,8776.579016272266,113.9396111111111,177.131,{'derived_from': 'd2_capacity'}
test,adversarial,hetero,med,ff_only_cheap,1000,162,162,0,1.0,0.795623153746408,0.4781219859531901,25,0.34876340102245224,0.25997361828173177,12862.916877607917,77.74286419753088,121.236,"{'alpha': 0, 'beta': 0, 'gamma': 1}"
test,adversarial,hetero,med,binpack,1001,170,170,0,1.0,0.7974046911150939,0.5281385138710706,25,0.2859825981024449,0.21014780389092252,21669.89484364852,46.14697058823529,78.907,{}
test,adversarial,hetero,med,spread,1001,170,170,0,1.0,0.7241072063735704,0.42472681143218644,30,0.47881849350912475,0.20698019949029373,13300.243370982673,75.18659411764706,94.276,{}
test,adversarial,hetero,med,tetris,1001,170,170,0,1.0,0.7627957801033612,0.4571236042606356,30,0.3056721758427256,0.04966541981264167,13729.607494750444,72.83529411764707,92.132,{}
test,adversarial,hetero,med,hybrid,1001,170,170,0,1.0,0.7624044996687622,0.5105585145189696,30,0.25532717302505814,0.06500250125769219,12835.526320756784,77.90876470588235,107.021,"{'family': 'hybrid', 'alpha': 0.1}"
test,adversarial,hetero,med,balance,1001,170,170,0,1.0,0.7649809600576223,0.5316827524776176,24,0.23663813580133744,0.1282135319323505,18059.937746332238,55.37117647058824,88.385,"{'family': 'balance', 'lam': 0.8}"
test,adversarial,hetero,med,wmatch,1001,170,170,0,1.0,0.7962684107340762,0.5188527121580507,25,0.2936675297010022,0.21145154134474672,13436.540719910883,74.42391764705883,133.039,"{'family': 'wmatch', 'lam': 0.8}"
test,adversarial,hetero,med,d1_cheap,1001,170,170,0,1.0,0.7487577260043585,0.5234119834875809,30,0.22756592982391843,0.05706897780551403,9237.727203938315,108.25173529411765,152.315,"{'family': 'd_cheap', 'alpha': 0.0, 'beta': 0.8, 'gamma': 0.2}"
test,adversarial,hetero,med,d1_cheap_nomad_ff,1001,170,170,0,1.0,0.7966654462591477,0.5262354009651166,25,0.2865887799174884,0.21145154134474672,13909.059297592505,71.89558823529411,117.199,{'derived_from': 'd1_cheap'}
test,adversarial,hetero,med,d2_capacity,1001,170,170,0,1.0,0.7363411167117057,0.506472314869517,30,0.23502859832496706,0.05123951489950288,6735.795742145022,148.4605588235294,201.256,"{'family': 'd_capacity', 'alpha': 0.0, 'beta': 0.8, 'gamma': 0.2}"
test,adversarial,hetero,med,d2_capacity_nomad_ff,1001,170,170,0,1.0,0.7958385314837726,0.5319280165912105,25,0.2775964685659312,0.21145154134474672,9274.929646930706,107.8175294117647,174.436,{'derived_from': 'd2_capacity'}
test,adversarial,hetero,med,ff_only_cheap,1001,170,170,0,1.0,0.7966654462591477,0.5262354009651166,25,0.2865887799174884,0.21145154134474672,13735.131719913194,72.806,117.289,"{'alpha': 0, 'beta': 0, 'gamma': 1}"
test,adversarial,hetero,med,binpack,1002,179,179,0,1.0,0.7807047079875186,0.5884702406853152,25,0.2435422057534084,0.1680465498981773,22372.575372144045,44.69758100558659,76.193,{}
test,adversarial,hetero,med,spread,1002,179,179,0,1.0,0.7252174508492142,0.4600693504801674,30,0.4983895731697784,0.2068454945666905,13272.381220158924,75.34443016759776,99.506,{}
test,adversarial,hetero,med,tetris,1002,179,179,0,1.0,0.7680074543756806,0.5048766943659478,30,0.2673270963805704,0.0353514243978611,14340.852747162593,69.73086033519553,92.563,{}
test,adversarial,hetero,med,hybrid,1002,179,179,0,1.0,0.7660823253482335,0.5762208773290175,30,0.19991555550730764,0.033368968531771695,13317.362418254459,75.08994413407821,109.225,"{'family': 'hybrid', 'alpha': 0.1}"
test,adversarial,hetero,med,balance,1002,179,179,0,1.0,0.7753122857426208,0.5835586810400508,24,0.20011367814983075,0.10615994514077175,18375.316140128314,54.42083240223464,90.659,"{'family': 'balance', 'lam': 0.8}"
test,adversarial,hetero,med,wmatch,1002,179,179,0,1.0,0.780953175611619,0.5911667494519575,25,0.2427216524414009,0.16934403248412414,13435.05042534694,74.43217318435754,130.584,"{'family': 'wmatch', 'lam': 0.8}"
test,adversarial,hetero,med,d1_cheap,1002,179,179,0,1.0,0.7563737992048049,0.5835288375043912,30,0.18220827309781712,0.04071834581089954,9762.923492713695,102.42833519553074,140.553,"{'family': 'd_cheap', 'alpha': 0.0, 'beta': 0.8, 'gamma': 0.2}"
test,adversarial,hetero,med,d1_cheap_nomad_ff,1002,179,179,0,1.0,0.7785129312288384,0.5832388482370324,25,0.23228734703678422,0.16155913696844323,13330.839944945865,75.01402793296089,117.96,{'derived_from': 'd1_cheap'}
test,adversarial,hetero,med,d2_capacity,1002,179,179,0,1.0,0.7579592222975293,0.5715658066147093,30,0.19921603061688295,0.05616360300545104,6614.644275516859,151.1797094972067,202.429,"{'family': 'd_capacity', 'alpha': 0.0, 'beta': 0.8, 'gamma': 0.2}"
test,adversarial,hetero,med,d2_capacity_nomad_ff,1002,179,179,0,1.0,0.7783180866524673,0.5846261516469186,25,0.22891548013482874,0.16026165438249637,9303.612639565885,107.48512849162012,173.845,{'derived_from': 'd2_capacity'}
test,adversarial,hetero,med,ff_only_cheap,1002,179,179,0,1.0,0.7785129312288384,0.5832388482370324,25,0.23228734703678422,0.16155913696844323,13335.425281612148,74.98823463687151,118.852,"{'alpha': 0, 'beta': 0, 'gamma': 1}"
test,adversarial,hetero,med,binpack,1003,173,173,0,1.0,0.7877940349655952,0.5269464932920905,25,0.307401493352067,0.2118626157062131,21961.87038459551,45.53346242774567,76.954,{}
test,adversarial,hetero,med,spread,1003,173,173,0,1.0,0.7356140600130632,0.401294749324028,30,0.48960378405488225,0.22860772338021412,13461.241584000638,74.28735260115607,95.238,{}
test,adversarial,hetero,med,tetris,1003,173,173,0,1.0,0.7700140927713043,0.45438974558846845,30,0.3156243471828358,0.035990631397773296,13576.465597118462,73.65687283236994,96.471,{}
test,adversarial,hetero,med,hybrid,1003,173,173,0,1.0,0.7722680173136399,0.5344311280452494,30,0.25180318434339527,0.04809632886522621,13131.162015996184,76.1547225433526,109.205,"{'family': 'hybrid', 'alpha': 0.1}"
test,adversarial,hetero,med,balance,1003,173,173,0,1.0,0.7840221919704772,0.5261416815914198,25,0.27377503820383087,0.14564801618865883,17967.447554786177,55.65620809248555,92.503,"{'family': 'balance', 'lam': 0.8}"
test,adversarial,hetero,med,wmatch,1003,173,173,0,1.0,0.7895504654905731,0.5266060799768212,25,0.31040111914387325,0.21343424516464055,13446.561150801783,74.36845664739884,127.228,"{'family': 'wmatch', 'lam': 0.8}"
test,adversarial,hetero,med,d1_cheap,1003,173,173,0,1.0,0.7765255560904246,0.5235891424641947,30,0.25572156873839874,0.05457612709310974,9536.219471074965,104.86335838150288,142.006,"{'family': 'd_cheap', 'alpha': 0.0, 'beta': 0.8, 'gamma': 0.2}"
test,adversarial,hetero,med,d1_cheap_nomad_ff,1003,173,173,0,1.0,0.7883490534418516,0.5253914752917171,25,0.3091205649504746,0.21842440649716405,13047.912386813132,76.640612716763,116.919,{'derived_from': 'd1_cheap'}
test,adversarial,hetero,med,d2_capacity,1003,173,173,0,1.0,0.757839325809715,0.4987658160736755,30,0.2705065745241289,0.05134435948731238,6710.986070398011,149.00939884393063,202.91,"{'family': 'd_capacity', 'alpha': 0.0, 'beta': 0.8, 'gamma': 0.2}"
test,adversarial,hetero,med,d2_capacity_nomad_ff,1003,173,173,0,1.0,0.7889912567643375,0.5142413539998587,26,0.3452547716299884,0.24899245707965884,9584.631967861233,104.33368786127168,176.48,{'derived_from': 'd2_capacity'}
test,adversarial,hetero,med,ff_only_cheap,1003,173,173,0,1.0,0.7883490534418516,0.5253914752917171,25,0.3091205649504746,0.21842440649716405,13083.524235564846,76.43200578034683,120.024,"{'alpha': 0, 'beta': 0, 'gamma': 1}"
test,adversarial,hetero,med,binpack,1004,184,184,0,1.0,0.7855164634790609,0.5543702306863758,24,0.23222820135199965,0.1584243566326418,21187.453112684434,47.19774456521739,78.126,{}
test,adversarial,hetero,med,spread,1004,184,184,0,1.0,0.7272060400414457,0.45907637857550837,30,0.5056884907308318,0.2157577651598249,13745.141764702894,72.75297826086957,92.744,{}
test,adversarial,hetero,med,tetris,1004,184,184,0,1.0,0.7606303821318394,0.4398171706785629,30,0.3208132114532764,0.03971130965937935,12997.756686091954,76.93635326086957,103.694,{}
test,adversarial,hetero,med,hybrid,1004,184,184,0,1.0,0.7629457547654577,0.5506141673017892,30,0.213292014884596,0.038007844903404656,12589.747279297453,79.42971195652174,109.855,"{'family': 'hybrid', 'alpha': 0.1}"
test,adversarial,hetero,med,balance,1004,184,184,0,1.0,0.7742791145121694,0.5451580506436087,24,0.23158776302671552,0.1422211702740002,18092.20633964676,55.272418478260875,91.251,"{'family': 'balance', 'lam': 0.8}"
test,adversarial,hetero,med,wmatch,1004,184,184,0,1.0,0.7856787268398159,0.5558255764004735,24,0.23389821763951568,0.1571847574516263,12797.373756342176,78.14103260869565,132.178,"{'family': 'wmatch', 'lam': 0.8}"
test,adversarial,hetero,med,d1_cheap,1004,184,184,0,1.0,0.7607991335654459,0.5607879967918823,30,0.20076243727211512,0.042383490656788335,9350.584619894162,106.94518478260869,145.372,"{'family': 'd_cheap', 'alpha': 0.0, 'beta': 0.8, 'gamma': 0.2}"
test,adversarial,hetero,med,d1_cheap_nomad_ff,1004,184,184,0,1.0,0.784972289546577,0.558275285582546,24,0.22744830446258252,0.1584243566326418,13246.00568138461,75.49445652173914,119.484,{'derived_from': 'd1_cheap'}
test,adversarial,hetero,med,d2_capacity,1004,184,184,0,1.0,0.7503664104264968,0.5355686390695251,30,0.21479777135697167,0.043180622000290984,6212.783863023243,160.95844021739128,211.015,"{'family': 'd_capacity', 'alpha': 0.0, 'beta': 0.8, 'gamma': 0.2}"
test,adversarial,hetero,med,d2_capacity_nomad_ff,1004,184,184,0,1.0,0.7854902459429624,0.5410466925317262,24,0.24884141478349006,0.16090355499467277,9270.629682833116,107.86753804347826,176.871,{'derived_from': 'd2_capacity'}
test,adversarial,hetero,med,ff_only_cheap,1004,184,184,0,1.0,0.784972289546577,0.558275285582546,24,0.22744830446258252,0.1584243566326418,13281.902534367464,75.29041847826086,120.185,"{'alpha': 0, 'beta': 0, 'gamma': 1}"
test,adversarial,hetero,med,binpack,1005,172,172,0,1.0,0.7922320044982096,0.5657970060269728,25,0.25174581323656686,0.1757309762901997,22031.064313031708,45.39045348837209,77.285,{}
test,adversarial,hetero,med,spread,1005,172,172,0,1.0,0.7133502523284467,0.48578308842053336,30,0.4778792822228141,0.17944468573967462,13504.722923521262,74.04816860465117,97.613,{}
test,adversarial,hetero,med,tetris,1005,172,172,0,1.0,0.7726911396522641,0.4753940154336812,30,0.29867807258747786,0.03223238304093347,13843.432707717488,72.23641860465116,96.32,{}
test,adversarial,hetero,med,hybrid,1005,172,172,0,1.0,0.7600285830214744,0.5522742165425056,30,0.21116582613096557,0.051998252872876245,12617.738354029236,79.25350581395348,110.055,"{'family': 'hybrid', 'alpha': 0.1}"
test,adversarial,hetero,med,balance,1005,172,172,0,1.0,0.7770302911199418,0.5659778274202864,25,0.21351430045526446,0.10221359179255637,17447.545779519827,57.314651162790696,92.804,"{'family': 'balance', 'lam': 0.8}"
test,adversarial,hetero,med,wmatch,1005,172,172,0,1.0,0.7923106111812496,0.5661522283320667,25,0.24822186864834375,0.1757309762901997,13351.555619242821,74.89763953488372,126.587,"{'family': 'wmatch', 'lam': 0.8}"
test,adversarial,hetero,med,d1_cheap,1005,172,172,0,1.0,0.7571110945670678,0.5819802674676601,30,0.18013656387881458,0.041914852244423435,9657.033270669293,103.55147093023257,141.555,"{'family': 'd_cheap', 'alpha': 0.0, 'beta': 0.8, 'gamma': 0.2}"
test,adversarial,hetero,med,d1_cheap_nomad_ff,1005,172,172,0,1.0,0.792488262713216,0.5665256308942764,25,0.23337458635575384,0.18044569459054724,12750.108765099336,78.43070348837209,120.104,{'derived_from': 'd1_cheap'}
test,adversarial,hetero,med,d2_capacity,1005,172,172,0,1.0,0.7290235955257874,0.5012819384847778,30,0.2291226054099047,0.048691890963882566,6274.008798713711,159.38772674418604,209.161,"{'family': 'd_capacity', 'alpha': 0.0, 'beta': 0.8, 'gamma': 0.2}"
test,adversarial,hetero,med,d2_capacity_nomad_ff,1005,172,172,0,1.0,0.7940188574281672,0.5652273304041514,25,0.2596350517509755,0.1798821758949891,9223.811440840323,108.41505232558139,176.49,{'derived_from': 'd2_capacity'}
test,adversarial,hetero,med,ff_only_cheap,1005,172,172,0,1.0,0.792488262713216,0.5665256308942764,25,0.23337458635575384,0.18044569459054724,12680.051197918348,78.86403488372093,117.79,"{'alpha': 0, 'beta': 0, 'gamma': 1}"
test,adversarial,hetero,med,binpack,1006,177,177,0,1.0,0.7802077949625922,0.5624203604952898,26,0.30905798168736526,0.23304987959262125,22581.997529503955,44.283062146892654,79.068,{}
test,adversarial,hetero,med,spread,1006,177,177,0,1.0,0.7246343759357831,0.4529665151628814,30,0.4741415493423446,0.1926965609961978,13366.563970676025,74.81354237288136,96.951,{}
test,adversarial,hetero,med,tetris,1006,177,177,0,1.0,0.7617776790599103,0.42462620172204246,30,0.337909065733304,0.03508659374537219,13137.598455909105,76.11741242937853,98.154,{}
test,adversarial,hetero,med,hybrid,1006,177,177,0,1.0,0.745555691284492,0.5626468056228967,30,0.19020195426480233,0.04902512010936997,12941.847089663748,77.2687231638418,111.338,"{'family': 'hybrid', 'alpha': 0.1}"
test,adversarial,hetero,med,balance,1006,177,177,0,1.0,0.7491015093659341,0.5750305902339371,24,0.1850691531881533,0.13727182210352162,17886.53509722191,55.90797740112995,88.957,"{'family': 'balance', 'lam': 0.8}"
test,adversarial,hetero,med,wmatch,1006,177,177,0,1.0,0.7791058588278658,0.5702740090605806,25,0.26969575100870585,0.19973960586237716,13676.257638131941,73.11941807909604,126.276,"{'family': 'wmatch', 'lam': 0.8}"
test,adversarial,hetero,med,d1_cheap,1006,177,177,0,1.0,0.7390560612763226,0.5548417115488029,30,0.18802519009322916,0.03950803071231879,9183.343428093332,108.892802259887,144.53,"{'family': 'd_cheap', 'alpha': 0.0, 'beta': 0.8, 'gamma': 0.2}"
test,adversarial,hetero,med,d1_cheap_nomad_ff,1006,177,177,0,1.0,0.7841012244291694,0.5552886149075268,26,0.29603480609038646,0.2437606428392947,13820.152499526836,72.35810169491525,118.272,{'derived_from': 'd1_cheap'}
test,adversarial,hetero,med,d2_capacity,1006,177,177,0,1.0,0.7297598688733566,0.5021295625292982,30,0.23144114670976773,0.021952151179372326,6032.336801518022,165.7732372881356,200.896,"{'family': 'd_capacity', 'alpha': 0.0, 'beta': 0.8, 'gamma': 0.2}"
test,adversarial,hetero,med,d2_capacity_nomad_ff,1006,177,177,0,1.0,0.7777112981618717,0.557335755427277,25,0.2561626049415755,0.19458495214225086,9637.229630789567,103.76425988700565,172.763,{'derived_from': 'd2_capacity'}
test,adversarial,hetero,med,ff_only_cheap,1006,177,177,0,1.0,0.7841012244291694,0.5552886149075268,26,0.29603480609038646,0.2437606428392947,13683.479926953409,73.08082485875705,120.565,"{'alpha': 0, 'beta': 0, 'gamma': 1}"
test,adversarial,hetero,med,binpack,1007,178,178,0,1.0,0.7891005277657387,0.5874486739346114,26,0.3203709390095603,0.2134997765030372,22819.869183176885,43.8214606741573,78.367,{}
test,adversarial,hetero,med,spread,1007,178,178,0,1.0,0.7354467498415755,0.4539893445856056,30,0.4627851491826661,0.15406933618352664,13491.343749206531,74.12160112359551,91.091,{}
test,adversarial,hetero,med,tetris,1007,178,178,0,1.0,0.7672118481205116,0.5112654038260729,30,0.256953741576298,0.026484783359580058,14123.816356744115,70.80239325842696,88.586,{}
test,adversarial,hetero,med,hybrid,1007,178,178,0,1.0,0.7655050304382321,0.5644239753603149,30,0.20367280092211282,0.04620655434736364,13147.72293995494,76.05879775280899,109.986,"{'family': 'hybrid', 'alpha': 0.1}"
test,adversarial,hetero,med,balance,1007,178,178,0,1.0,0.766303861694595,0.5854013245456263,24,0.19849134134133084,0.12506690102984977,17824.72467559752,56.10184831460675,89.447,"{'family': 'balance', 'lam': 0.8}"
test,adversarial,hetero,med,wmatch,1007,178,178,0,1.0,0.7867706845386703,0.585682877606447,26,0.30939312214494485,0.20955073598294208,13641.004922103732,73.3083820224719,129.092,"{'family': 'wmatch', 'lam': 0.8}"
test,adversarial,hetero,med,d1_cheap,1007,178,178,0,1.0,0.7516662332238231,0.5569252511794835,30,0.20119961766370384,0.03557744366098586,9598.792062122518,104.17977528089888,140.533,"{'family': 'd_cheap', 'alpha': 0.0, 'beta': 0.8, 'gamma': 0.2}"
test,adversarial,hetero,med,d1_cheap_nomad_ff,1007,178,178,0,1.0,0.7843931359510201,0.5843603887375054,26,0.2981285935378038,0.2134997765030372,12824.66116056411,77.97476966292135,121.237,{'derived_from': 'd1_cheap'}
test,adversarial,hetero,med,d2_capacity,1007,178,178,0,1.0,0.7335275840701124,0.540447221009723,30,0.1982822080425331,0.03908693904316422,6800.316054239627,147.05198876404495,201.006,"{'family': 'd_capacity', 'alpha': 0.0, 'beta': 0.8, 'gamma': 0.2}"
test,adversarial,hetero,med,d2_capacity_nomad_ff,1007,178,178,0,1.0,0.7838995791691605,0.5786064703457658,25,0.27136322774908433,0.19712392908103907,9396.982934973406,106.41713483146067,174.026,{'derived_from': 'd2_capacity'}
test,adversarial,hetero,med,ff_only_cheap,1007,178,178,0,1.0,0.7843931359510201,0.5843603887375054,26,0.2981285935378038,0.2134997765030372,13225.813905813926,75.60971348314607,118.461,"{'alpha': 0, 'beta': 0, 'gamma': 1}"
test,adversarial,hetero,med,binpack,1008,170,170,0,1.0,0.7875667965096799,0.540521234990972,25,0.27283673489346294,0.20807641110353794,21723.907031900922,46.03223529411765,78.456,{}
test,adversarial,hetero,med,spread,1008,170,170,0,1.0,0.7230839445282427,0.42485873739654706,30,0.46894995852804544,0.17384539744528582,13146.803393421958,76.06411764705882,100.267,{}
test,adversarial,hetero,med,tetris,1008,170,170,0,1.0,0.7608494547833303,0.44416644103802855,30,0.3166830137453018,0.033153539354383005,13020.482290918628,76.8020705882353,96.36,{}
test,adversarial,hetero,med,hybrid,1008,170,170,0,1.0,0.7541840823330352,0.5116520667165213,30,0.2552032267056689,0.024413507031754413,11906.983207511541,83.9843294117647,111.84,"{'family': 'hybrid', 'alpha': 0.1}"
test,adversarial,hetero,med,balance,1008,170,170,0,1.0,0.7587103709991755,0.5509266464319864,24,0.2156568567157447,0.12575139003843436,16838.97561181446,59.38603529411765,91.701,"{'family': 'balance', 'lam': 0.8}"
test,adversarial,hetero,med,wmatch,1008,170,170,0,1.0,0.7870292107448663,0.543837802924153,25,0.26929176238866387,0.20807641110353803,13063.17960711642,76.55104117647059,131.677,"{'family': 'wmatch', 'lam': 0.8}"
test,adversarial,hetero,med,d1_cheap,1008,170,170,0,1.0,0.7546509449851075,0.5328979149427984,30,0.22859774723084178,0.07848676692211787,9052.96988534893,110.46098823529412,148.829,"{'family': 'd_cheap', 'alpha': 0.0, 'beta': 0.8, 'gamma': 0.2}"
test,adversarial,hetero,med,d1_cheap_nomad_ff,1008,170,170,0,1.0,0.7834747105232952,0.5402660063508871,25,0.26274285372283385,0.20221549363371627,12444.653319409963,80.35579411764706,120.044,{'derived_from': 'd1_cheap'}
test,adversarial,hetero,med,d2_capacity,1008,170,170,0,1.0,0.7331405649371069,0.4867587432428158,30,0.2568030956394664,0.05607946077946978,6079.923309993223,164.47575882352942,214.642,"{'family': 'd_capacity', 'alpha': 0.0, 'beta': 0.8, 'gamma': 0.2}"
test,adversarial,hetero,med,d2_capacity_nomad_ff,1008,170,170,0,1.0,0.7640545935874571,0.5405840163239034,25,0.28452048597781315,0.19216107918257683,9264.026499039375,107.94442352941176,176.48,{'derived_from': 'd2_capacity'}
test,adversarial,hetero,med,ff_only_cheap,1008,170,170,0,1.0,0.7834747105232952,0.5402660063508871,25,0.26274285372283385,0.20221549363371627,12403.784029690281,80.62055882352941,118.281,"{'alpha': 0, 'beta': 0, 'gamma': 1}"
test,adversarial,hetero,med,binpack,1009,169,169,0,1.0,0.7923642023322109,0.5674143138086818,25,0.23148318264433151,0.1642158113698444,21623.78780436281,46.24536686390533,77.274,{}
test,adversarial,hetero,med,spread,1009,169,169,0,1.0,0.7306920515861369,0.457858947707711,30,0.5011691954148956,0.20895521635342548,13451.461039594176,74.34136686390532,100.188,{}
test,adversarial,hetero,med,tetris,1009,169,169,0,1.0,0.7694494776948306,0.5268565704090155,30,0.24259290728581506,0.031520020550454254,13997.519208903284,71.44123076923077,93.915,{}
test,adversarial,hetero,med,hybrid,1009,169,169,0,1.0,0.7687523501301256,0.5663961163367429,30,0.2042111052293961,0.02524560278060067,12676.106941038626,78.88857396449704,111.919,"{'family': 'hybrid', 'alpha': 0.1}"
test,adversarial,hetero,med,balance,1009,169,169,0,1.0,0.7750444177514354,0.5776987052814686,24,0.20845052186721633,0.13357903239567395,18236.795400097486,54.83419526627219,91.902,"{'family': 'balance', 'lam': 0.8}"
test,adversarial,hetero,med,wmatch,1009,169,169,0,1.0,0.7928648179455097,0.5765564591044404,25,0.2274131682383186,0.1642158113698444,13167.248362976003,75.94601183431952,126.957,"{'family': 'wmatch', 'lam': 0.8}"
test,adversarial,hetero,med,d1_cheap,1009,169,169,0,1.0,0.7679428552278258,0.5532835959531627,30,0.21498358781387034,0.05227075521306418,9677.964306064188,103.32751479289941,144.68,"{'family': 'd_cheap', 'alpha': 0.0, 'beta': 0.8, 'gamma': 0.2}"
test,adversarial,hetero,med,d1_cheap_nomad_ff,1009,169,169,0,1.0,0.791961904452492,0.5700649953836627,25,0.227652480557821,0.16558986307080645,12805.91357387436,78.08892307692308,123.531,{'derived_from': 'd1_cheap'}
test,adversarial,hetero,med,d2_capacity,1009,169,169,0,1.0,0.7441814300142339,0.5256792401498732,30,0.2188265184035679,0.04266379220541526,6468.4164639035,154.59734319526626,204.323,"{'family': 'd_capacity', 'alpha': 0.0, 'beta': 0.8, 'gamma': 0.2}"
test,adversarial,hetero,med,d2_capacity_nomad_ff,1009,169,169,0,1.0,0.791152606160015,0.563189304304733,25,0.23449659597608435,0.16833796647273064,8899.212209087253,112.36949704142012,176.921,{'derived_from': 'd2_capacity'}
test,adversarial,hetero,med,ff_only_cheap,1009,169,169,0,1.0,0.791961904452492,0.5700649953836627,25,0.227652480557821,0.16558986307080645,12824.873394215816,77.97347928994084,120.125,"{'alpha': 0, 'beta': 0, 'gamma': 1}"
