split,family,cluster_config,load,policy,seed,submitted,placed,rejected,admission_rate,mean_cpu_util,mean_ram_util,active_nodes,free_imbalance,stranded_frac,decisions_per_sec,mean_latency_us,p95_latency_us,params
test,bimodal,homog,high,binpack,1000,253,227,26,0.8972332015810277,0.9857638888888889,0.5752083333333334,30,0.41277777777777774,0.2708333333333333,20869.683427524622,47.916395256917,101.219,{}
test,bimodal,homog,high,spread,1000,253,223,30,0.8814229249011858,0.9465277777777777,0.5685416666666666,30,0.46854166666666663,0.28151041666666665,17493.499574589896,57.16409090909091,88.806,{}
test,bimodal,homog,high,tetris,1000,253,239,14,0.9446640316205533,0.9810763888888889,0.6436458333333334,30,0.33743055555555557,0.21276041666666667,15660.280119701489,63.85581818181819,88.856,{}
test,bimodal,homog,high,hybrid,1000,253,239,14,0.9446640316205533,0.9810763888888889,0.6436458333333334,30,0.33965277777777775,0.22981770833333334,13095.21979446509,76.36374308300395,111.97,"{'family': 'hybrid', 'alpha': 0.1}"
test,bimodal,homog,high,balance,1000,253,231,22,0.9130434782608695,0.9895833333333334,0.59375,30,0.3977777777777778,0.2578125,18360.8106856725,54.46382608695652,93.475,"{'family': 'balance', 'lam': 0.8}"
test,bimodal,homog,high,wmatch,1000,253,227,26,0.8972332015810277,0.9857638888888889,0.5752083333333334,30,0.41277777777777774,0.2708333333333333,13910.701871335794,71.88709881422925,137.417,"{'family': 'wmatch', 'lam': 0.8}"
test,bimodal,homog,high,d1_cheap,1000,253,236,17,0.932806324110672,0.9852430555555556,0.6255208333333333,30,0.3622222222222222,0.23958333333333334,10497.931845185796,95.2568577075099,146.915,"{'family': 'd_cheap', 'alpha': 0.0, 'beta': 0.8, 'gamma': 0.2}"
test,bimodal,homog,high,d1_cheap_nomad_ff,1000,253,229,24,0.9051383399209486,0.9892361111111111,0.5835416666666667,30,0.4079166666666667,0.2643229166666667,15261.680207235522,65.52358498023715,121.617,{'derived_from': 'd1_cheap'}
test,bimodal,homog,high,d2_capacity,1000,253,239,14,0.9446640316205533,0.9810763888888889,0.6436458333333334,30,0.34034722222222225,0.191796875,7626.672856430144,131.1187747035573,200.916,"{'family': 'd_capacity', 'alpha': 0.0, 'beta': 0.8, 'gamma': 0.2}"
test,bimodal,homog,high,d2_capacity_nomad_ff,1000,253,229,24,0.9051383399209486,0.9892361111111111,0.5835416666666667,30,0.4079166666666667,0.2643229166666667,11118.358796645525,89.94133201581027,175.659,{'derived_from': 'd2_capacity'}
test,bimodal,homog,high,ff_only_cheap,1000,253,229,24,0.9051383399209486,0.9892361111111111,0.5835416666666667,30,0.4079166666666667,0.2643229166666667,15314.904398373958,65.29586956521739,121.648,"{'alpha': 0, 'beta': 0, 'gamma': 1}"
test,bimodal,homog,high,binpack,1001,253,229,24,0.9051383399209486,0.9902777777777777,0.5891666666666667,30,0.4011111111111111,0.206640625,23383.34010033024,42.76549011857707,79.198,{}
test,bimodal,homog,high,spread,1001,253,226,27,0.8932806324110671,0.9756944444444444,0.5635416666666667,30,0.43645833333333334,0.21302083333333333,16963.07574221167,58.951573122529645,89.688,{}
test,bimodal,homog,high,tetris,1001,253,235,18,0.9288537549407114,0.978298611111111,0.6213541666666667,30,0.35694444444444445,0.068359375,15238.622982614115,65.62272727272727,93.034,{}
test,bimodal,homog,high,hybrid,1001,253,235,18,0.9288537549407114,0.9855902777777777,0.6169791666666666,30,0.37083333333333335,0.12799479166666666,12891.566688660461,77.57009090909091,115.656,"{'family': 'hybrid', 'alpha': 0.1}"
test,bimodal,homog,high,balance,1001,253,230,23,0.9090909090909091,0.9888888888888889,0.5952083333333333,30,0.39423611111111106,0.17903645833333334,18681.793455125335,53.52805138339921,93.194,"{'family': 'balance', 'lam': 0.8}"
test,bimodal,homog,high,wmatch,1001,253,229,24,0.9051383399209486,0.9902777777777777,0.5891666666666667,30,0.4011111111111111,0.206640625,14101.203501490465,70.91593280632411,133.159,"{'family': 'wmatch', 'lam': 0.8}"
test,bimodal,homog,high,d1_cheap,1001,253,234,19,0.924901185770751,0.9880208333333333,0.6134375,30,0.37486111111111114,0.13854166666666667,10055.140722489285,99.45161660079052,151.283,"{'family': 'd_cheap', 'alpha': 0.0, 'beta': 0.8, 'gamma': 0.2}"
test,bimodal,homog,high,d1_cheap_nomad_ff,1001,253,229,24,0.9051383399209486,0.9902777777777777,0.5891666666666667,30,0.4011111111111111,0.206640625,15156.357597783219,65.97891304347826,121.888,{'derived_from': 'd1_cheap'}
test,bimodal,homog,high,d2_capacity,1001,253,232,21,0.9169960474308301,0.9850694444444444,0.5985416666666666,30,0.3911111111111111,0.15026041666666667,7296.396015844773,137.05396442687749,209.141,"{'family': 'd_capacity', 'alpha': 0.0, 'beta': 0.8, 'gamma': 0.2}"
test,bimodal,homog,high,d2_capacity_nomad_ff,1001,253,229,24,0.9051383399209486,0.9902777777777777,0.5891666666666667,30,0.4011111111111111,0.206640625,10980.22175621139,91.0728418972332,173.876,{'derived_from': 'd2_capacity'}
test,bimodal,homog,high,ff_only_cheap,1001,253,229,24,0.9051383399209486,0.9902777777777777,0.5891666666666667,30,0.4011111111111111,0.206640625,15100.780399974907,66.22174308300396,121.207,"{'alpha': 0, 'beta': 0, 'gamma': 1}"
test,bimodal,homog,high,binpack,1002,253,229,24,0.9051383399209486,0.9741319444444444,0.6019791666666666,30,0.40854166666666664,0.206640625,22470.401241431937,44.50298814229249,82.364,{}
test,bimodal,homog,high,spread,1002,253,228,25,0.9011857707509882,0.959375,0.593125,30,0.43319444444444444,0.26067708333333334,16941.459823495436,59.026790513833994,91.09,{}
test,bimodal,homog,high,tetris,1002,253,237,16,0.9367588932806324,0.9723958333333333,0.6353125,30,0.33708333333333335,0.048177083333333336,15455.155552780823,64.7033280632411,90.71,{}
test,bimodal,homog,high,hybrid,1002,253,238,15,0.9407114624505929,0.984548611111111,0.6332291666666666,30,0.3532638888888889,0.1109375,13561.708938281146,73.73701976284586,110.337,"{'family': 'hybrid', 'alpha': 0.1}"
test,bimodal,homog,high,balance,1002,253,235,18,0.9288537549407114,0.978298611111111,0.6213541666666667,30,0.37930555555555556,0.18307291666666667,18555.6801320519,53.89185375494071,93.986,"{'family': 'balance', 'lam': 0.8}"
test,bimodal,homog,high,wmatch,1002,253,229,24,0.9051383399209486,0.9741319444444444,0.6019791666666666,30,0.40854166666666664,0.206640625,13761.740859130794,72.66522529644269,134.252,"{'family': 'wmatch', 'lam': 0.8}"
test,bimodal,homog,high,d1_cheap,1002,253,236,17,0.932806324110672,0.9800347222222222,0.6223958333333334,30,0.3655555555555556,0.08802083333333334,10431.87982474442,95.86,148.618,"{'family': 'd_cheap', 'alpha': 0.0, 'beta': 0.8, 'gamma': 0.2}"
test,bimodal,homog,high,d1_cheap_nomad_ff,1002,253,229,24,0.9051383399209486,0.9741319444444444,0.6019791666666666,30,0.4065972222222222,0.18958333333333333,14908.53759503014,67.07566007905137,123.33,{'derived_from': 'd1_cheap'}
test,bimodal,homog,high,d2_capacity,1002,253,236,17,0.932806324110672,0.9800347222222222,0.6223958333333334,30,0.3655555555555556,0.08802083333333334,7602.670153918311,131.5327351778656,205.044,"{'family': 'd_capacity', 'alpha': 0.0, 'beta': 0.8, 'gamma': 0.2}"
test,bimodal,homog,high,d2_capacity_nomad_ff,1002,253,229,24,0.9051383399209486,0.9741319444444444,0.6019791666666666,30,0.40854166666666664,0.206640625,10624.648714677873,94.12075889328064,180.127,{'derived_from': 'd2_capacity'}
test,bimodal,homog,high,ff_only_cheap,1002,253,229,24,0.9051383399209486,0.9741319444444444,0.6019791666666666,30,0.4065972222222222,0.18958333333333333,14482.638922281007,69.04818972332016,126.316,"{'alpha': 0, 'beta': 0, 'gamma': 1}"
test,bimodal,homog,high,binpack,1003,253,229,24,0.9051383399209486,0.9772569444444444,0.5938541666666667,30,0.411875,0.21901041666666668,23180.95687141743,43.13885770750988,80.671,{}
test,bimodal,homog,high,spread,1003,253,218,35,0.8616600790513834,0.9321180555555556,0.5542708333333334,30,0.48243055555555553,0.21901041666666668,16868.630175219063,59.28163636363636,93.856,{}
test,bimodal,homog,high,tetris,1003,253,237,16,0.9367588932806324,0.9697916666666667,0.64,30,0.3297916666666667,0.05716145833333333,15180.806708068465,65.87265217391304,91.812,{}
test,bimodal,homog,high,hybrid,1003,253,237,16,0.9367588932806324,0.9848958333333333,0.6340625000000001,30,0.35138888888888886,0.09453125,12449.206744419262,80.32640316205533,115.075,"{'family': 'hybrid', 'alpha': 0.1}"
test,bimodal,homog,high,balance,1003,253,230,23,0.9090909090909091,0.9894097222222222,0.5980208333333333,30,0.3913888888888889,0.19283854166666667,18898.69321885755,52.91371146245059,93.455,"{'family': 'balance', 'lam': 0.8}"
test,bimodal,homog,high,wmatch,1003,253,229,24,0.9051383399209486,0.9772569444444444,0.5938541666666667,30,0.411875,0.21901041666666668,13961.118670777894,71.6274980237154,134.371,"{'family': 'wmatch', 'lam': 0.8}"
test,bimodal,homog,high,d1_cheap,1003,253,237,16,0.9367588932806324,0.9848958333333333,0.6340625000000001,30,0.35083333333333333,0.08802083333333334,9867.92272971861,101.33845059288538,150.712,"{'family': 'd_cheap', 'alpha': 0.0, 'beta': 0.8, 'gamma': 0.2}"
test,bimodal,homog,high,d1_cheap_nomad_ff,1003,253,229,24,0.9051383399209486,0.9772569444444444,0.5938541666666667,30,0.411875,0.234765625,15242.284241249332,65.60696442687747,123.992,{'derived_from': 'd1_cheap'}
test,bimodal,homog,high,d2_capacity,1003,253,235,18,0.9288537549407114,0.9814236111111111,0.6257291666666667,30,0.3576388888888889,0.06888020833333333,7184.705312922031,139.1845533596838,211.706,"{'family': 'd_capacity', 'alpha': 0.0, 'beta': 0.8, 'gamma': 0.2}"
test,bimodal,homog,high,d2_capacity_nomad_ff,1003,253,229,24,0.9051383399209486,0.9772569444444444,0.5938541666666667,30,0.411875,0.21901041666666668,10791.379641204969,92.66655731225296,181.038,{'derived_from': 'd2_capacity'}
test,bimodal,homog,high,ff_only_cheap,1003,253,229,24,0.9051383399209486,0.9772569444444444,0.5938541666666667,30,0.411875,0.234765625,15007.254791688923,66.63443873517787,126.557,"{'alpha': 0, 'beta': 0, 'gamma': 1}"
test,bimodal,homog,high,binpack,1004,253,234,19,0.924901185770751,0.9947916666666666,0.615625,30,0.37916666666666665,0.2421875,22563.321777583078,44.31971541501976,80.561,{}
test,bimodal,homog,high,spread,1004,253,226,27,0.8932806324110671,0.9486111111111111,0.5860416666666667,30,0.45090277777777776,0.2779947916666667,16996.9825317375,58.83397233201581,91.761,{}
test,bimodal,homog,high,tetris,1004,253,239,14,0.9446640316205533,0.9727430555555556,0.6423958333333334,30,0.330625,0.15611979166666667,14653.778986608359,68.24178260869564,98.765,{}
test,bimodal,homog,high,hybrid,1004,253,239,14,0.9446640316205533,0.9852430555555556,0.6380208333333334,30,0.3472222222222222,0.23177083333333334,13089.634349601161,76.3963280632411,113.382,"{'family': 'hybrid', 'alpha': 0.1}"
test,bimodal,homog,high,balance,1004,253,232,21,0.9169960474308301,0.9928819444444444,0.6032291666666667,30,0.3896527777777778,0.2506510416666667,19584.582366521976,51.06057312252965,93.846,"{'family': 'balance', 'lam': 0.8}"
test,bimodal,homog,high,wmatch,1004,253,234,19,0.924901185770751,0.9947916666666666,0.615625,30,0.37916666666666665,0.2421875,13737.230348484756,72.79487747035573,136.786,"{'family': 'wmatch', 'lam': 0.8}"
test,bimodal,homog,high,d1_cheap,1004,253,238,15,0.9407114624505929,0.9850694444444444,0.6360416666666667,30,0.34902777777777777,0.23307291666666666,8835.931353265145,113.17426086956522,194.183,"{'family': 'd_cheap', 'alpha': 0.0, 'beta': 0.8, 'gamma': 0.2}"
test,bimodal,homog,high,d1_cheap_nomad_ff,1004,253,234,19,0.924901185770751,0.9947916666666666,0.615625,30,0.37916666666666665,0.2421875,14690.421717297524,68.07156521739131,131.967,{'derived_from': 'd1_cheap'}
test,bimodal,homog,high,d2_capacity,1004,253,238,15,0.9407114624505929,0.9824652777777777,0.6376041666666666,30,0.3448611111111111,0.23307291666666666,7511.805559555583,133.12378656126484,211.206,"{'family': 'd_capacity', 'alpha': 0.0, 'beta': 0.8, 'gamma': 0.2}"
test,bimodal,homog,high,d2_capacity_nomad_ff,1004,253,234,19,0.924901185770751,0.9947916666666666,0.615625,30,0.37916666666666665,0.2421875,10970.647793336584,91.15232015810277,175.218,{'derived_from': 'd2_capacity'}
test,bimodal,homog,high,ff_only_cheap,1004,253,234,19,0.924901185770751,0.9947916666666666,0.615625,30,0.37916666666666665,0.2421875,14817.094100787748,67.48961660079051,123.851,"{'alpha': 0, 'beta': 0, 'gamma': 1}"
test,bimodal,homog,high,binpack,1005,253,231,22,0.9130434782608695,0.9932291666666667,0.5978125,30,0.3954166666666667,0.25390625,22649.547667047354,44.150992094861664,82.163,{}
test,bimodal,homog,high,spread,1005,253,226,27,0.8932806324110671,0.9647569444444444,0.5732291666666666,30,0.44402777777777774,0.2799479166666667,17086.42774392834,58.52598418972332,89.277,{}
test,bimodal,homog,high,tetris,1005,253,238,15,0.9407114624505929,0.9684027777777777,0.6304166666666667,30,0.3379861111111111,0.24283854166666666,15169.983866452334,65.91964822134388,89.478,{}
test,bimodal,homog,high,hybrid,1005,253,240,13,0.9486166007905138,0.9822916666666667,0.63875,30,0.34381944444444446,0.21341145833333333,13510.100989873885,74.01869169960473,110.957,"{'family': 'hybrid', 'alpha': 0.1}"
test,bimodal,homog,high,balance,1005,253,235,18,0.9288537549407114,0.9913194444444444,0.6135416666666667,30,0.3777777777777778,0.24479166666666666,17594.340436161612,56.83645849802371,92.544,"{'family': 'balance', 'lam': 0.8}"
test,bimodal,homog,high,wmatch,1005,253,231,22,0.9130434782608695,0.9932291666666667,0.5978125,30,0.3954166666666667,0.25390625,13739.907888309213,72.78069169960473,134.793,"{'family': 'wmatch', 'lam': 0.8}"
test,bimodal,homog,high,d1_cheap,1005,253,240,13,0.9486166007905138,0.9864583333333333,0.63625,30,0.35048611111111116,0.232421875,10523.646237939975,95.02409881422925,144.36,"{'family': 'd_cheap', 'alpha': 0.0, 'beta': 0.8, 'gamma': 0.2}"
test,bimodal,homog,high,d1_cheap_nomad_ff,1005,253,231,22,0.9130434782608695,0.9932291666666667,0.5978125,30,0.3954166666666667,0.25390625,15242.916050573707,65.60424505928854,121.207,{'derived_from': 'd1_cheap'}
test,bimodal,homog,high,d2_capacity,1005,253,239,14,0.9446640316205533,0.9753472222222223,0.6377083333333334,30,0.3398611111111111,0.17864583333333334,7798.769791844362,128.22535177865612,197.99,"{'family': 'd_capacity', 'alpha': 0.0, 'beta': 0.8, 'gamma': 0.2}"
test,bimodal,homog,high,d2_capacity_nomad_ff,1005,253,231,22,0.9130434782608695,0.9932291666666667,0.5978125,30,0.3954166666666667,0.25390625,11088.080335552482,90.18693675889328,176.811,{'derived_from': 'd2_capacity'}
test,bimodal,homog,high,ff_only_cheap,1005,253,231,22,0.9130434782608695,0.9932291666666667,0.5978125,30,0.3954166666666667,0.25390625,15218.857090300096,65.70795652173913,121.418,"{'alpha': 0, 'beta': 0, 'gamma': 1}"
test,bimodal,homog,high,binpack,1006,253,234,19,0.924901185770751,0.9890625,0.6315624999999999,30,0.36166666666666664,0.234375,21987.700271665424,45.479972332015805,80.992,{}
test,bimodal,homog,high,spread,1006,253,228,25,0.9011857707509882,0.9234375,0.6084375000000001,30,0.44736111111111115,0.269921875,16975.67426136862,58.90782213438735,89.618,{}
test,bimodal,homog,high,tetris,1006,253,237,16,0.9367588932806324,0.9671875,0.6415624999999999,30,0.325625,0.13255208333333332,15219.16377853458,65.7066324110672,91.882,{}
test,bimodal,homog,high,hybrid,1006,253,239,14,0.9446640316205533,0.9852430555555556,0.6442708333333333,30,0.34152777777777776,0.22786458333333334,13314.163744216496,75.10798418972333,115.897,"{'family': 'hybrid', 'alpha': 0.1}"
test,bimodal,homog,high,balance,1006,253,233,20,0.9209486166007905,0.9727430555555556,0.6298958333333334,30,0.3735416666666666,0.24153645833333334,18700.364575803294,53.47489328063241,93.755,"{'family': 'balance', 'lam': 0.8}"
test,bimodal,homog,high,wmatch,1006,253,234,19,0.924901185770751,0.9890625,0.6315624999999999,30,0.36166666666666664,0.234375,13510.713515199286,74.01533596837945,135.904,"{'family': 'wmatch', 'lam': 0.8}"
test,bimodal,homog,high,d1_cheap,1006,253,239,14,0.9446640316205533,0.9862847222222223,0.6436458333333334,30,0.3470833333333333,0.22786458333333334,10312.080231081898,96.9736442687747,147.716,"{'family': 'd_cheap', 'alpha': 0.0, 'beta': 0.8, 'gamma': 0.2}"
test,bimodal,homog,high,d1_cheap_nomad_ff,1006,253,234,19,0.924901185770751,0.9890625,0.6315624999999999,30,0.36166666666666664,0.234375,14784.309488306868,67.6392766798419,119.955,{'derived_from': 'd1_cheap'}
test,bimodal,homog,high,d2_capacity,1006,253,239,14,0.9446640316205533,0.9810763888888889,0.6436458333333334,30,0.3442361111111111,0.21080729166666667,7639.8316422681755,130.89293675889328,202.89,"{'family': 'd_capacity', 'alpha': 0.0, 'beta': 0.8, 'gamma': 0.2}"
test,bimodal,homog,high,d2_capacity_nomad_ff,1006,253,234,19,0.924901185770751,0.9890625,0.6315624999999999,30,0.36166666666666664,0.234375,10655.671698165337,93.84673517786561,173.484,{'derived_from': 'd2_capacity'}
test,bimodal,homog,high,ff_only_cheap,1006,253,234,19,0.924901185770751,0.9890625,0.6315624999999999,30,0.36166666666666664,0.234375,14789.442185498421,67.6158023715415,121.147,"{'alpha': 0, 'beta': 0, 'gamma': 1}"
test,bimodal,homog,high,binpack,1007,253,233,20,0.9209486166007905,0.9862847222222223,0.6186458333333333,30,0.3755555555555556,0.24348958333333334,23165.94821705523,43.166806324110674,80.781,{}
test,bimodal,homog,high,spread,1007,253,223,30,0.8814229249011858,0.9371527777777777,0.5772916666666668,30,0.45305555555555554,0.28359375,17330.230696880084,57.70263636363636,90.94,{}
test,bimodal,homog,high,tetris,1007,253,236,17,0.932806324110672,0.9753472222222223,0.6408333333333334,30,0.3345138888888889,0.23372395833333334,14970.757908524762,66.79688537549407,91.502,{}
test,bimodal,homog,high,hybrid,1007,253,238,15,0.9407114624505929,0.9850694444444444,0.6422916666666667,30,0.34305555555555556,0.22916666666666666,12889.816321645852,77.58062450592885,113.141,"{'family': 'hybrid', 'alpha': 0.1}"
test,bimodal,homog,high,balance,1007,253,232,21,0.9169960474308301,0.984548611111111,0.6144791666666667,30,0.37562500000000004,0.24674479166666666,17768.461079906665,56.279494071146246,94.076,"{'family': 'balance', 'lam': 0.8}"
test,bimodal,homog,high,wmatch,1007,253,233,20,0.9209486166007905,0.9862847222222223,0.6186458333333333,30,0.3755555555555556,0.24348958333333334,14190.97211861005,70.46733596837944,137.347,"{'family': 'wmatch', 'lam': 0.8}"
test,bimodal,homog,high,d1_cheap,1007,253,235,18,0.9288537549407114,0.9777777777777777,0.6372916666666666,30,0.34437500000000004,0.23502604166666666,9681.24741610185,103.2924743083004,154.66,"{'family': 'd_cheap', 'alpha': 0.0, 'beta': 0.8, 'gamma': 0.2}"
test,bimodal,homog,high,d1_cheap_nomad_ff,1007,253,233,20,0.9209486166007905,0.9862847222222223,0.6186458333333333,30,0.3755555555555556,0.24348958333333334,15101.377997757834,66.21912252964427,127.379,{'derived_from': 'd1_cheap'}
test,bimodal,homog,high,d2_capacity,1007,253,235,18,0.9288537549407114,0.9814236111111111,0.6319791666666668,30,0.35138888888888886,0.23697916666666666,7196.758466204079,138.9514466403162,205.675,"{'family': 'd_capacity', 'alpha': 0.0, 'beta': 0.8, 'gamma': 0.2}"
test,bimodal,homog,high,d2_capacity_nomad_ff,1007,253,233,20,0.9209486166007905,0.9862847222222223,0.6186458333333333,30,0.3755555555555556,0.24348958333333334,10899.957347992988,91.74347826086957,178.965,{'derived_from': 'd2_capacity'}
test,bimodal,homog,high,ff_only_cheap,1007,253,233,20,0.9209486166007905,0.9862847222222223,0.6186458333333333,30,0.3755555555555556,0.24348958333333334,15208.885018605035,65.7510395256917,125.876,"{'alpha': 0, 'beta': 0, 'gamma': 1}"
test,bimodal,homog,high,binpack,1008,253,230,23,0.9090909090909091,0.990451388888889,0.6130208333333333,30,0.37965277777777773,0.24544270833333334,22801.658735054098,43.85645849802371,80.841,{}
test,bimodal,homog,high,spread,1008,253,224,29,0.8853754940711462,0.9227430555555556,0.5973958333333333,30,0.4585416666666667,0.27369791666666665,16924.11274669988,59.08729249011858,91.391,{}
test,bimodal,homog,high,tetris,1008,253,237,16,0.9367588932806324,0.9723958333333333,0.6384375,30,0.3339583333333333,0.236328125,15257.423490353329,65.54186561264822,91.652,{}
test,bimodal,homog,high,hybrid,1008,253,238,15,0.9407114624505929,0.9793402777777778,0.6394791666666666,30,0.3433333333333334,0.23307291666666666,13163.746812344076,75.96621343873518,111.639,"{'family': 'hybrid', 'alpha': 0.1}"
test,bimodal,homog,high,balance,1008,253,231,22,0.9130434782608695,0.9890625,0.6128125,30,0.3801388888888889,0.24609375,18643.1143462523,53.63910671936759,93.525,"{'family': 'balance', 'lam': 0.8}"
test,bimodal,homog,high,wmatch,1008,253,230,23,0.9090909090909091,0.990451388888889,0.6130208333333333,30,0.37965277777777773,0.24544270833333334,13839.138341332775,72.25883399209486,136.295,"{'family': 'wmatch', 'lam': 0.8}"
test,bimodal,homog,high,d1_cheap,1008,253,237,16,0.9367588932806324,0.9859375,0.6365625,30,0.35159722222222217,0.232421875,10982.650277600595,91.05270355731226,141.174,"{'family': 'd_cheap', 'alpha': 0.0, 'beta': 0.8, 'gamma': 0.2}"
test,bimodal,homog,high,d1_cheap_nomad_ff,1008,253,230,23,0.9090909090909091,0.990451388888889,0.6130208333333333,30,0.37965277777777773,0.24544270833333334,15604.13890841462,64.08556126482213,114.013,{'derived_from': 'd1_cheap'}
test,bimodal,homog,high,d2_capacity,1008,253,237,16,0.9367588932806324,0.9859375,0.6365625,30,0.35159722222222217,0.232421875,5956.248365857353,167.89091699604742,281.206,"{'family': 'd_capacity', 'alpha': 0.0, 'beta': 0.8, 'gamma': 0.2}"
test,bimodal,homog,high,d2_capacity_nomad_ff,1008,253,230,23,0.9090909090909091,0.990451388888889,0.6130208333333333,30,0.37965277777777773,0.24544270833333334,10809.76366908502,92.50896047430831,215.002,{'derived_from': 'd2_capacity'}
test,bimodal,homog,high,ff_only_cheap,1008,253,230,23,0.9090909090909091,0.990451388888889,0.6130208333333333,30,0.37965277777777773,0.24544270833333334,15547.018146442711,64.32101581027668,113.913,"{'alpha': 0, 'beta': 0, 'gamma': 1}"
test,bimodal,homog,high,binpack,1009,253,226,27,0.8932806324110671,0.9892361111111111,0.5835416666666667,30,0.4076388888888889,0.2643229166666667,22577.69448720523,44.291501976284586,83.416,{}
test,bimodal,homog,high,spread,1009,253,226,27,0.8932806324110671,0.9652777777777778,0.5791666666666667,30,0.44125000000000003,0.2760416666666667,17172.25495735172,58.23347035573122,91.131,{}
test,bimodal,homog,high,tetris,1009,253,235,18,0.9288537549407114,0.9793402777777778,0.6238541666666666,30,0.3554861111111111,0.24283854166666666,15027.29919756598,66.54555731225297,95.148,{}
test,bimodal,homog,high,hybrid,1009,253,234,19,0.924901185770751,0.9848958333333333,0.6184375000000001,30,0.3667361111111111,0.244140625,12918.21178861884,77.41009486166008,119.042,"{'family': 'hybrid', 'alpha': 0.1}"
test,bimodal,homog,high,balance,1009,253,230,23,0.9090909090909091,0.992013888888889,0.5933333333333334,30,0.3986805555555556,0.2571614583333333,17920.40563298556,55.802308300395254,94.147,"{'family': 'balance', 'lam': 0.8}"
test,bimodal,homog,high,wmatch,1009,253,226,27,0.8932806324110671,0.9892361111111111,0.5835416666666667,30,0.4076388888888889,0.2643229166666667,13892.699161452054,71.98025296442688,137.808,"{'family': 'wmatch', 'lam': 0.8}"
test,bimodal,homog,high,d1_cheap,1009,253,232,21,0.9169960474308301,0.9793402777777778,0.6113541666666666,30,0.37062500000000004,0.2506510416666667,10224.154277557824,97.80760079051385,147.686,"{'family': 'd_cheap', 'alpha': 0.0, 'beta': 0.8, 'gamma': 0.2}"
test,bimodal,homog,high,d1_cheap_nomad_ff,1009,253,226,27,0.8932806324110671,0.9892361111111111,0.5835416666666667,30,0.4076388888888889,0.2643229166666667,15218.30874423569,65.71032411067193,124.904,{'derived_from': 'd1_cheap'}
test,bimodal,homog,high,d2_capacity,1009,253,232,21,0.9169960474308301,0.9793402777777778,0.6113541666666666,30,0.37062500000000004,0.2506510416666667,7595.296428058177,131.66043083003953,204.162,"{'family': 'd_capacity', 'alpha': 0.0, 'beta': 0.8, 'gamma': 0.2}"
test,bimodal,homog,high,d2_capacity_nomad_ff,1009,253,226,27,0.8932806324110671,0.9892361111111111,0.5835416666666667,30,0.4076388888888889,0.2643229166666667,11091.324519398222,90.16055731225296,179.636,{'derived_from': 'd2_capacity'}
test,bimodal,homog,high,ff_only_cheap,1009,253,226,27,0.8932806324110671,0.9892361111111111,0.5835416666666667,30,0.4076388888888889,0.2643229166666667,14993.129235559009,66.69721739130435,127.529,"{'alpha': 0, 'beta': 0, 'gamma': 1}"
test,bimodal,homog,low,binpack,1000,92,92,0,1.0,0.40607638888888886,0.23864583333333333,13,0.16743055555555555,0.054427083333333334,13920.73172207925,71.83530434782608,89.697,{}
test,bimodal,homog,low,spread,1000,92,92,0,1.0,0.40607638888888886,0.23864583333333333,30,0.3127083333333333,0.0,11787.54236148036,84.83532608695653,102.221,{}
test,bimodal,homog,low,tetris,1000,92,92,0,1.0,0.40607638888888886,0.23864583333333333,30,0.16743055555555558,0.004166666666666667,12154.074561019928,82.27693478260869,99.066,{}
test,bimodal,homog,low,hybrid,1000,92,92,0,1.0,0.40607638888888886,0.23864583333333333,30,0.16743055555555558,0.0046875,9752.997907239873,102.53257608695652,121.838,"{'family': 'hybrid', 'alpha': 0.1}"
test,bimodal,homog,low,balance,1000,92,92,0,1.0,0.40607638888888886,0.23864583333333333,14,0.16743055555555555,0.05260416666666667,12098.912820626121,82.65205434782608,105.488,"{'family': 'balance', 'lam': 0.8}"
test,bimodal,homog,low,wmatch,1000,92,92,0,1.0,0.40607638888888886,0.23864583333333333,13,0.16743055555555555,0.054427083333333334,8494.86739188827,117.71814130434782,147.917,"{'family': 'wmatch', 'lam': 0.8}"
test,bimodal,homog,low,d1_cheap,1000,92,92,0,1.0,0.40607638888888886,0.23864583333333333,29,0.16743055555555555,0.007942708333333333,7439.778229915025,134.41260869565215,156.653,"{'family': 'd_cheap', 'alpha': 0.0, 'beta': 0.8, 'gamma': 0.2}"
test,bimodal,homog,low,d1_cheap_nomad_ff,1000,92,92,0,1.0,0.40607638888888886,0.23864583333333333,13,0.16743055555555555,0.054427083333333334,9193.347693608905,108.77430434782607,133.991,{'derived_from': 'd1_cheap'}
test,bimodal,homog,low,d2_capacity,1000,92,92,0,1.0,0.40607638888888886,0.23864583333333333,29,0.16743055555555555,0.007942708333333333,5453.30186462024,183.37514130434784,213.009,"{'family': 'd_capacity', 'alpha': 0.0, 'beta': 0.8, 'gamma': 0.2}"
test,bimodal,homog,low,d2_capacity_nomad_ff,1000,92,92,0,1.0,0.40607638888888886,0.23864583333333333,13,0.16743055555555555,0.054427083333333334,6549.07377588557,152.69334782608695,193.242,{'derived_from': 'd2_capacity'}
test,bimodal,homog,low,ff_only_cheap,1000,92,92,0,1.0,0.40607638888888886,0.23864583333333333,13,0.16743055555555555,0.054427083333333334,9235.641263198811,108.2761847826087,129.883,"{'alpha': 0, 'beta': 0, 'gamma': 1}"
test,bimodal,homog,low,binpack,1001,92,92,0,1.0,0.40607638888888886,0.23864583333333333,13,0.1678472222222222,0.058854166666666666,14202.67056519682,70.40929347826086,88.666,{}
test,bimodal,homog,low,spread,1001,92,92,0,1.0,0.40607638888888886,0.23864583333333333,30,0.31756944444444446,0.0,11961.434774101153,83.60201086956522,94.186,{}
test,bimodal,homog,low,tetris,1001,92,92,0,1.0,0.40607638888888886,0.23864583333333333,30,0.16937500000000003,0.00078125,11762.776004908657,85.01394565217392,98.525,{}
test,bimodal,homog,low,hybrid,1001,92,92,0,1.0,0.40607638888888886,0.23864583333333333,30,0.16770833333333332,0.005338541666666667,9562.47717218425,104.57541304347825,124.603,"{'family': 'hybrid', 'alpha': 0.1}"
test,bimodal,homog,low,balance,1001,92,92,0,1.0,0.40607638888888886,0.23864583333333333,13,0.16743055555555555,0.0484375,12168.034203815101,82.18254347826087,99.797,"{'family': 'balance', 'lam': 0.8}"
test,bimodal,homog,low,wmatch,1001,92,92,0,1.0,0.40607638888888886,0.23864583333333333,13,0.1678472222222222,0.058854166666666666,8678.347974586777,115.22930434782609,142.998,"{'family': 'wmatch', 'lam': 0.8}"
test,bimodal,homog,low,d1_cheap,1001,92,92,0,1.0,0.40607638888888886,0.23864583333333333,30,0.16743055555555558,0.015234375,7751.740729212991,129.00328260869566,146.524,"{'family': 'd_cheap', 'alpha': 0.0, 'beta': 0.8, 'gamma': 0.2}"
test,bimodal,homog,low,d1_cheap_nomad_ff,1001,92,92,0,1.0,0.40607638888888886,0.23864583333333333,13,0.1678472222222222,0.058854166666666666,9855.973164327675,101.46131521739132,129.302,{'derived_from': 'd1_cheap'}
test,bimodal,homog,low,d2_capacity,1001,92,92,0,1.0,0.40607638888888886,0.23864583333333333,30,0.16743055555555558,0.015234375,5860.584093839673,170.63145652173912,210.604,"{'family': 'd_capacity', 'alpha': 0.0, 'beta': 0.8, 'gamma': 0.2}"
test,bimodal,homog,low,d2_capacity_nomad_ff,1001,92,92,0,1.0,0.40607638888888886,0.23864583333333333,13,0.1678472222222222,0.058854166666666666,7457.06352510307,134.10104347826086,181.179,{'derived_from': 'd2_capacity'}
test,bimodal,homog,low,ff_only_cheap,1001,92,92,0,1.0,0.40607638888888886,0.23864583333333333,13,0.1678472222222222,0.058854166666666666,9825.53376411179,101.77564130434783,123.461,"{'alpha': 0, 'beta': 0, 'gamma': 1}"
test,bimodal,homog,low,binpack,1002,92,92,0,1.0,0.40607638888888886,0.23864583333333333,13,0.17340277777777777,0.06432291666666666,14016.006279170813,71.347,89.117,{}
test,bimodal,homog,low,spread,1002,92,92,0,1.0,0.40607638888888886,0.23864583333333333,30,0.323125,0.0,11920.673103398234,83.8878804347826,94.787,{}
test,bimodal,homog,low,tetris,1002,92,92,0,1.0,0.40607638888888886,0.23864583333333333,30,0.16743055555555558,0.0,11793.662188493488,84.79130434782608,99.787,{}
test,bimodal,homog,low,hybrid,1002,92,92,0,1.0,0.40607638888888886,0.23864583333333333,30,0.16770833333333338,0.008463541666666666,9728.028639316315,102.79575,120.526,"{'family': 'hybrid', 'alpha': 0.1}"
test,bimodal,homog,low,balance,1002,92,92,0,1.0,0.40607638888888886,0.23864583333333333,15,0.16743055555555555,0.022916666666666665,11717.04507840168,85.34575,103.533,"{'family': 'balance', 'lam': 0.8}"
test,bimodal,homog,low,wmatch,1002,92,92,0,1.0,0.40607638888888886,0.23864583333333333,13,0.17340277777777777,0.06432291666666666,8488.747381059962,117.80301086956521,146.705,"{'family': 'wmatch', 'lam': 0.8}"
test,bimodal,homog,low,d1_cheap,1002,92,92,0,1.0,0.40607638888888886,0.23864583333333333,30,0.1684027777777778,0.009114583333333334,7606.182304977486,131.472,151.102,"{'family': 'd_cheap', 'alpha': 0.0, 'beta': 0.8, 'gamma': 0.2}"
test,bimodal,homog,low,d1_cheap_nomad_ff,1002,92,92,0,1.0,0.40607638888888886,0.23864583333333333,13,0.17340277777777777,0.06432291666666666,9579.702027533522,104.38738043478261,125.023,{'derived_from': 'd1_cheap'}
test,bimodal,homog,low,d2_capacity,1002,92,92,0,1.0,0.40607638888888886,0.23864583333333333,30,0.1684027777777778,0.010546875,5746.612730958395,174.01555434782608,209.652,"{'family': 'd_capacity', 'alpha': 0.0, 'beta': 0.8, 'gamma': 0.2}"
test,bimodal,homog,low,d2_capacity_nomad_ff,1002,92,92,0,1.0,0.40607638888888886,0.23864583333333333,13,0.17340277777777777,0.06432291666666666,6995.421040705746,142.95065217391306,184.284,{'derived_from': 'd2_capacity'}
test,bimodal,homog,low,ff_only_cheap,1002,92,92,0,1.0,0.40607638888888886,0.23864583333333333,13,0.17340277777777777,0.06432291666666666,9512.856936351334,105.12089130434782,123.601,"{'alpha': 0, 'beta': 0, 'gamma': 1}"
test,bimodal,homog,low,binpack,1003,92,92,0,1.0,0.40607638888888886,0.23864583333333333,13,0.18479166666666666,0.09518229166666667,13865.396837453693,72.12198913043478,90.87,{}
test,bimodal,homog,low,spread,1003,92,92,0,1.0,0.40607638888888886,0.23864583333333333,30,0.2972916666666667,0.0,11805.895171093727,84.70344565217393,101.981,{}
test,bimodal,homog,low,tetris,1003,92,92,0,1.0,0.40607638888888886,0.23864583333333333,30,0.16743055555555558,0.0,11710.867341204139,85.39077173913043,102.381,{}
test,bimodal,homog,low,hybrid,1003,92,92,0,1.0,0.40607638888888886,0.23864583333333333,30,0.17368055555555556,0.006510416666666667,9687.883763928176,103.22171739130435,121.267,"{'family': 'hybrid', 'alpha': 0.1}"
test,bimodal,homog,low,balance,1003,92,92,0,1.0,0.40607638888888886,0.23864583333333333,15,0.18381944444444442,0.055859375,11789.948735508775,84.81801086956521,105.297,"{'family': 'balance', 'lam': 0.8}"
test,bimodal,homog,low,wmatch,1003,92,92,0,1.0,0.40607638888888886,0.23864583333333333,13,0.18479166666666666,0.09518229166666667,8454.91097070649,118.27445652173914,143.438,"{'family': 'wmatch', 'lam': 0.8}"
test,bimodal,homog,low,d1_cheap,1003,92,92,0,1.0,0.40607638888888886,0.23864583333333333,30,0.17006944444444444,0.006640625,7749.763505858232,129.03619565217392,151.624,"{'family': 'd_cheap', 'alpha': 0.0, 'beta': 0.8, 'gamma': 0.2}"
test,bimodal,homog,low,d1_cheap_nomad_ff,1003,92,92,0,1.0,0.40607638888888886,0.23864583333333333,13,0.18479166666666666,0.09518229166666667,9763.71180664115,102.42006521739131,129.853,{'derived_from': 'd1_cheap'}
test,bimodal,homog,low,d2_capacity,1003,92,92,0,1.0,0.40607638888888886,0.23864583333333333,30,0.17006944444444444,0.006640625,5981.389297292082,167.18523913043478,207.328,"{'family': 'd_capacity', 'alpha': 0.0, 'beta': 0.8, 'gamma': 0.2}"
test,bimodal,homog,low,d2_capacity_nomad_ff,1003,92,92,0,1.0,0.40607638888888886,0.23864583333333333,13,0.18479166666666666,0.09518229166666667,7307.092557908906,136.85333695652173,182.111,{'derived_from': 'd2_capacity'}
test,bimodal,homog,low,ff_only_cheap,1003,92,92,0,1.0,0.40607638888888886,0.23864583333333333,13,0.18479166666666666,0.09518229166666667,9656.887633400192,103.55303260869564,127.549,"{'alpha': 0, 'beta': 0, 'gamma': 1}"
test,bimodal,homog,low,binpack,1004,92,92,0,1.0,0.40607638888888886,0.23864583333333333,13,0.17368055555555553,0.09518229166666667,14062.767020610208,71.10976086956522,89.226,{}
test,bimodal,homog,low,spread,1004,92,92,0,1.0,0.40607638888888886,0.23864583333333333,30,0.3236805555555556,0.0,11973.809634127232,83.51560869565218,96.891,{}
test,bimodal,homog,low,tetris,1004,92,92,0,1.0,0.40607638888888886,0.23864583333333333,30,0.16743055555555558,0.0046875,11613.050139848894,86.11002173913043,102.261,{}
test,bimodal,homog,low,hybrid,1004,92,92,0,1.0,0.40607638888888886,0.23864583333333333,30,0.16743055555555558,0.019791666666666666,9627.90652893458,103.86473913043478,119.874,"{'family': 'hybrid', 'alpha': 0.1}"
test,bimodal,homog,low,balance,1004,92,92,0,1.0,0.40607638888888886,0.23864583333333333,14,0.16743055555555558,0.05390625,12007.291558312825,83.28272826086956,102.883,"{'family': 'balance', 'lam': 0.8}"
test,bimodal,homog,low,wmatch,1004,92,92,0,1.0,0.40607638888888886,0.23864583333333333,13,0.17368055555555553,0.09518229166666667,8526.547684254525,117.28076086956521,145.342,"{'family': 'wmatch', 'lam': 0.8}"
test,bimodal,homog,low,d1_cheap,1004,92,92,0,1.0,0.40607638888888886,0.23864583333333333,30,0.16798611111111109,0.005989583333333334,7527.490271741581,132.84640217391305,162.143,"{'family': 'd_cheap', 'alpha': 0.0, 'beta': 0.8, 'gamma': 0.2}"
test,bimodal,homog,low,d1_cheap_nomad_ff,1004,92,92,0,1.0,0.40607638888888886,0.23864583333333333,13,0.17368055555555553,0.09518229166666667,9417.082587814295,106.19,136.926,{'derived_from': 'd1_cheap'}
test,bimodal,homog,low,d2_capacity,1004,92,92,0,1.0,0.40607638888888886,0.23864583333333333,30,0.16798611111111109,0.005989583333333334,5607.862076338973,178.3210760869565,216.766,"{'family': 'd_capacity', 'alpha': 0.0, 'beta': 0.8, 'gamma': 0.2}"
test,bimodal,homog,low,d2_capacity_nomad_ff,1004,92,92,0,1.0,0.40607638888888886,0.23864583333333333,13,0.17368055555555553,0.09518229166666667,6861.88122053773,145.73263043478264,190.957,{'derived_from': 'd2_capacity'}
test,bimodal,homog,low,ff_only_cheap,1004,92,92,0,1.0,0.40607638888888886,0.23864583333333333,13,0.17368055555555553,0.09518229166666667,9470.475843029335,105.59131521739131,131.637,"{'alpha': 0, 'beta': 0, 'gamma': 1}"
test,bimodal,homog,low,binpack,1005,92,92,0,1.0,0.40607638888888886,0.23864583333333333,13,0.18131944444444445,0.11223958333333334,13883.48556374044,72.02802173913044,93.014,{}
test,bimodal,homog,low,spread,1005,92,92,0,1.0,0.40607638888888886,0.23864583333333333,30,0.31743055555555555,0.0,11706.758922713503,85.42073913043478,103.483,{}
test,bimodal,homog,low,tetris,1005,92,92,0,1.0,0.4060763888888889,0.23864583333333333,30,0.16743055555555558,0.0020833333333333333,11831.026197492747,84.52352173913043,99.436,{}
test,bimodal,homog,low,hybrid,1005,92,92,0,1.0,0.40607638888888886,0.23864583333333333,30,0.1742361111111111,0.009244791666666667,9581.341212806172,104.36952173913043,124.272,"{'family': 'hybrid', 'alpha': 0.1}"
test,bimodal,homog,low,balance,1005,92,92,0,1.0,0.40607638888888886,0.23864583333333333,15,0.18006944444444445,0.058333333333333334,11762.380480789858,85.01680434782608,102.322,"{'family': 'balance', 'lam': 0.8}"
test,bimodal,homog,low,wmatch,1005,92,92,0,1.0,0.40607638888888886,0.23864583333333333,13,0.18131944444444445,0.11223958333333334,8448.271919753171,118.36740217391304,143.478,"{'family': 'wmatch', 'lam': 0.8}"
test,bimodal,homog,low,d1_cheap,1005,92,92,0,1.0,0.40607638888888886,0.23864583333333333,29,0.17298611111111112,0.011848958333333333,7413.792103086523,134.88373913043478,157.755,"{'family': 'd_cheap', 'alpha': 0.0, 'beta': 0.8, 'gamma': 0.2}"
test,bimodal,homog,low,d1_cheap_nomad_ff,1005,92,92,0,1.0,0.40607638888888886,0.23864583333333333,13,0.18131944444444445,0.11223958333333334,9121.210075248991,109.63457608695653,135.875,{'derived_from': 'd1_cheap'}
test,bimodal,homog,low,d2_capacity,1005,92,92,0,1.0,0.40607638888888886,0.23864583333333333,28,0.1729861111111111,0.015234375,5505.362342603486,181.64108695652172,213.069,"{'family': 'd_capacity', 'alpha': 0.0, 'beta': 0.8, 'gamma': 0.2}"
test,bimodal,homog,low,d2_capacity_nomad_ff,1005,92,92,0,1.0,0.40607638888888886,0.23864583333333333,13,0.18131944444444445,0.11223958333333334,6638.320077858836,150.64052173913043,183.824,{'derived_from': 'd2_capacity'}
test,bimodal,homog,low,ff_only_cheap,1005,92,92,0,1.0,0.40607638888888886,0.23864583333333333,13,0.18131944444444445,0.11223958333333334,9132.139074537115,109.5033695652174,138.008,"{'alpha': 0, 'beta': 0, 'gamma': 1}"
test,bimodal,homog,low,binpack,1006,92,92,0,1.0,0.40607638888888886,0.23864583333333333,13,0.17298611111111112,0.10833333333333334,14239.82622459023,70.22557608695652,88.376,{}
test,bimodal,homog,low,spread,1006,92,92,0,1.0,0.40607638888888886,0.23864583333333333,30,0.30243055555555554,0.0,11685.298154827915,85.57761956521739,100.308,{}
test,bimodal,homog,low,tetris,1006,92,92,0,1.0,0.40607638888888886,0.23864583333333333,30,0.16743055555555558,0.0,11577.179265573948,86.37682608695653,104.946,{}
test,bimodal,homog,low,hybrid,1006,92,92,0,1.0,0.40607638888888886,0.23864583333333333,30,0.16743055555555558,0.0078125,9517.117984953022,105.07382608695653,125.816,"{'family': 'hybrid', 'alpha': 0.1}"
test,bimodal,homog,low,balance,1006,92,92,0,1.0,0.40607638888888886,0.23864583333333333,14,0.169375,0.072265625,12008.540682977919,83.27406521739131,105.167,"{'family': 'balance', 'lam': 0.8}"
test,bimodal,homog,low,wmatch,1006,92,92,0,1.0,0.40607638888888886,0.23864583333333333,13,0.17298611111111112,0.10833333333333334,8548.148935513878,116.98439130434782,145.522,"{'family': 'wmatch', 'lam': 0.8}"
test,bimodal,homog,low,d1_cheap,1006,92,92,0,1.0,0.40607638888888886,0.23864583333333333,29,0.17173611111111112,0.014453125,7360.024729683091,135.86910869565216,159.92,"{'family': 'd_cheap', 'alpha': 0.0, 'beta': 0.8, 'gamma': 0.2}"
test,bimodal,homog,low,d1_cheap_nomad_ff,1006,92,92,0,1.0,0.40607638888888886,0.23864583333333333,13,0.17298611111111112,0.10833333333333334,9268.452153378777,107.89288043478261,135.914,{'derived_from': 'd1_cheap'}
test,bimodal,homog,low,d2_capacity,1006,92,92,0,1.0,0.40607638888888886,0.23864583333333333,29,0.17173611111111112,0.014453125,5323.3168568961655,187.8528043478261,218.729,"{'family': 'd_capacity', 'alpha': 0.0, 'beta': 0.8, 'gamma': 0.2}"
test,bimodal,homog,low,d2_capacity_nomad_ff,1006,92,92,0,1.0,0.40607638888888886,0.23864583333333333,13,0.17298611111111112,0.10833333333333334,6705.594586894193,149.12920652173915,189.645,{'derived_from': 'd2_capacity'}
test,bimodal,homog,low,ff_only_cheap,1006,92,92,0,1.0,0.40607638888888886,0.23864583333333333,13,0.17298611111111112,0.10833333333333334,9292.430880727508,107.61446739130434,132.277,"{'alpha': 0, 'beta': 0, 'gamma': 1}"
test,bimodal,homog,low,binpack,1007,92,92,0,1.0,0.40607638888888886,0.23864583333333333,13,0.169375,0.10703125,13979.908136807988,71.53122826086957,91.03,{}
test,bimodal,homog,low,spread,1007,92,92,0,1.0,0.40607638888888886,0.23864583333333333,30,0.2864583333333333,0.0,11731.199955115408,85.24277173913043,100.558,{}
test,bimodal,homog,low,tetris,1007,92,92,0,1.0,0.40607638888888886,0.23864583333333333,30,0.16743055555555558,0.00013020833333333333,11341.4969099352,88.17178260869565,107.15,{}
test,bimodal,homog,low,hybrid,1007,92,92,0,1.0,0.40607638888888886,0.23864583333333333,30,0.16743055555555558,0.015234375,9486.821721893202,105.4093804347826,127.719,"{'family': 'hybrid', 'alpha': 0.1}"
test,bimodal,homog,low,balance,1007,92,92,0,1.0,0.40607638888888886,0.23864583333333333,13,0.16743055555555558,0.10377604166666667,12316.616293491044,81.19113043478261,98.394,"{'family': 'balance', 'lam': 0.8}"
test,bimodal,homog,low,wmatch,1007,92,92,0,1.0,0.40607638888888886,0.23864583333333333,13,0.169375,0.10703125,8571.045536194826,116.67188043478261,144.621,"{'family': 'wmatch', 'lam': 0.8}"
test,bimodal,homog,low,d1_cheap,1007,92,92,0,1.0,0.40607638888888886,0.23864583333333333,28,0.16743055555555555,0.0171875,7289.04840284669,137.19211956521738,161.072,"{'family': 'd_cheap', 'alpha': 0.0, 'beta': 0.8, 'gamma': 0.2}"
test,bimodal,homog,low,d1_cheap_nomad_ff,1007,92,92,0,1.0,0.40607638888888886,0.23864583333333333,13,0.169375,0.105078125,9220.313272169918,108.45618478260869,137.517,{'derived_from': 'd1_cheap'}
test,bimodal,homog,low,d2_capacity,1007,92,92,0,1.0,0.40607638888888886,0.23864583333333333,28,0.16743055555555555,0.018489583333333334,5298.656773229758,188.72707608695652,214.912,"{'family': 'd_capacity', 'alpha': 0.0, 'beta': 0.8, 'gamma': 0.2}"
test,bimodal,homog,low,d2_capacity_nomad_ff,1007,92,92,0,1.0,0.40607638888888886,0.23864583333333333,13,0.169375,0.105078125,6629.620539256217,150.8381956521739,198.452,{'derived_from': 'd2_capacity'}
test,bimodal,homog,low,ff_only_cheap,1007,92,92,0,1.0,0.40607638888888886,0.23864583333333333,13,0.169375,0.105078125,9253.21524085013,108.07054347826086,137.126,"{'alpha': 0, 'beta': 0, 'gamma': 1}"
test,bimodal,homog,low,binpack,1008,92,92,0,1.0,0.40607638888888886,0.23864583333333333,13,0.16743055555555558,0.10963541666666667,14056.316939389773,71.14239130434783,89.277,{}
test,bimodal,homog,low,spread,1008,92,92,0,1.0,0.40607638888888886,0.23864583333333333,30,0.32229166666666664,0.0,11866.893186739366,84.26805434782608,98.945,{}
test,bimodal,homog,low,tetris,1008,92,92,0,1.0,0.40607638888888886,0.23864583333333333,30,0.16743055555555558,0.0020833333333333333,11632.638249480135,85.96502173913044,100.428,{}
test,bimodal,homog,low,hybrid,1008,92,92,0,1.0,0.40607638888888886,0.23864583333333333,30,0.16743055555555558,0.020442708333333334,9622.448586838833,103.92365217391304,120.796,"{'family': 'hybrid', 'alpha': 0.1}"
test,bimodal,homog,low,balance,1008,92,92,0,1.0,0.40607638888888886,0.23864583333333333,13,0.16743055555555558,0.080078125,12032.425818133022,83.10876086956522,102.542,"{'family': 'balance', 'lam': 0.8}"
test,bimodal,homog,low,wmatch,1008,92,92,0,1.0,0.40607638888888886,0.23864583333333333,13,0.16743055555555558,0.10963541666666667,8495.314510855951,117.71194565217392,147.796,"{'family': 'wmatch', 'lam': 0.8}"
test,bimodal,homog,low,d1_cheap,1008,92,92,0,1.0,0.40607638888888886,0.23864583333333333,29,0.16743055555555555,0.021744791666666666,7576.578621332812,131.98569565217392,154.519,"{'family': 'd_cheap', 'alpha': 0.0, 'beta': 0.8, 'gamma': 0.2}"
test,bimodal,homog,low,d1_cheap_nomad_ff,1008,92,92,0,1.0,0.40607638888888886,0.23864583333333333,13,0.16743055555555558,0.10963541666666667,9605.038719790326,104.11202173913043,130.614,{'derived_from': 'd1_cheap'}
test,bimodal,homog,low,d2_capacity,1008,92,92,0,1.0,0.40607638888888886,0.23864583333333333,29,0.16743055555555555,0.021744791666666666,5766.0920818582,173.4276847826087,212.027,"{'family': 'd_capacity', 'alpha': 0.0, 'beta': 0.8, 'gamma': 0.2}"
test,bimodal,homog,low,d2_capacity_nomad_ff,1008,92,92,0,1.0,0.40607638888888886,0.23864583333333333,13,0.16743055555555558,0.10963541666666667,7027.247464595849,142.30322826086956,189.986,{'derived_from': 'd2_capacity'}
test,bimodal,homog,low,ff_only_cheap,1008,92,92,0,1.0,0.40607638888888886,0.23864583333333333,13,0.16743055555555558,0.10963541666666667,9539.459767950568,104.82773913043478,132.377,"{'alpha': 0, 'beta': 0, 'gamma': 1}"
test,bimodal,homog,low,binpack,1009,92,92,0,1.0,0.40607638888888886,0.23864583333333333,13,0.17020833333333335,0.09192708333333334,14384.390309799117,69.51980434782608,89.918,{}
test,bimodal,homog,low,spread,1009,92,92,0,1.0,0.40607638888888886,0.23864583333333333,30,0.3221527777777778,0.0,11914.977826485287,83.92797826086957,98.064,{}
test,bimodal,homog,low,tetris,1009,92,92,0,1.0,0.40607638888888886,0.23864583333333333,30,0.16743055555555555,0.0,11602.667655079427,86.18707608695652,100.498,{}
test,bimodal,homog,low,hybrid,1009,92,92,0,1.0,0.40607638888888886,0.23864583333333333,30,0.17034722222222226,0.007942708333333333,9691.93448800091,103.17857608695653,118.762,"{'family': 'hybrid', 'alpha': 0.1}"
test,bimodal,homog,low,balance,1009,92,92,0,1.0,0.40607638888888886,0.23864583333333333,14,0.16743055555555555,0.06041666666666667,12187.680745292575,82.0500652173913,104.025,"{'family': 'balance', 'lam': 0.8}"
test,bimodal,homog,low,wmatch,1009,92,92,0,1.0,0.40607638888888886,0.23864583333333333,13,0.17020833333333335,0.09192708333333334,8752.8909514421,114.24796739130436,141.455,"{'family': 'wmatch', 'lam': 0.8}"
test,bimodal,homog,low,d1_cheap,1009,92,92,0,1.0,0.40607638888888886,0.23864583333333333,30,0.16743055555555555,0.004557291666666667,7358.465907027703,135.89789130434784,156.102,"{'family': 'd_cheap', 'alpha': 0.0, 'beta': 0.8, 'gamma': 0.2}"
test,bimodal,homog,low,d1_cheap_nomad_ff,1009,92,92,0,1.0,0.40607638888888886,0.23864583333333333,13,0.17020833333333335,0.09192708333333334,9527.011822711009,104.96470652173913,135.975,{'derived_from': 'd1_cheap'}
test,bimodal,homog,low,d2_capacity,1009,92,92,0,1.0,0.40607638888888886,0.23864583333333333,30,0.16743055555555555,0.004557291666666667,5419.475344126376,184.51970652173912,214.241,"{'family': 'd_capacity', 'alpha': 0.0, 'beta': 0.8, 'gamma': 0.2}"
test,bimodal,homog,low,d2_capacity_nomad_ff,1009,92,92,0,1.0,0.40607638888888886,0.23864583333333333,13,0.17020833333333335,0.09192708333333334,6838.061691952011,146.24027173913043,182.141,{'derived_from': 'd2_capacity'}
test,bimodal,homog,low,ff_only_cheap,1009,92,92,0,1.0,0.40607638888888886,0.23864583333333333,13,0.17020833333333335,0.09192708333333334,9441.78329834742,105.91219565217392,129.482,"{'alpha': 0, 'beta': 0, 'gamma': 1}"
test,bimodal,homog,med,binpack,1000,172,172,0,1.0,0.7532986111111111,0.4469791666666667,24,0.31826388888888885,0.14049479166666667,17096.399239886137,58.491848837209304,82.694,{}
test,bimodal,homog,med,spread,1000,172,172,0,1.0,0.7532986111111111,0.4469791666666667,30,0.4611805555555556,0.036848958333333334,13085.471178526986,76.42063372093023,99.487,{}
test,bimodal,homog,med,tetris,1000,172,172,0,1.0,0.7532986111111111,0.4469791666666667,30,0.3063194444444444,0.006380208333333333,12915.794725369655,77.42458139534884,93.344,{}
test,bimodal,homog,med,hybrid,1000,172,172,0,1.0,0.7532986111111111,0.4469791666666667,30,0.31048611111111113,0.011067708333333334,10766.284004556894,92.88255813953488,115.647,"{'family': 'hybrid', 'alpha': 0.1}"
test,bimodal,homog,med,balance,1000,172,172,0,1.0,0.7532986111111111,0.4469791666666667,26,0.31256944444444446,0.08723958333333333,14297.089021240405,69.94430813953488,97.432,"{'family': 'balance', 'lam': 0.8}"
test,bimodal,homog,med,wmatch,1000,172,172,0,1.0,0.7532986111111111,0.4469791666666667,24,0.31826388888888885,0.14049479166666667,10305.54750018574,97.03511627906977,138.99,"{'family': 'wmatch', 'lam': 0.8}"
test,bimodal,homog,med,d1_cheap,1000,172,172,0,1.0,0.7532986111111111,0.4469791666666667,30,0.30687499999999995,0.022395833333333334,8351.568400267755,119.73798837209303,149.38,"{'family': 'd_cheap', 'alpha': 0.0, 'beta': 0.8, 'gamma': 0.2}"
test,bimodal,homog,med,d1_cheap_nomad_ff,1000,172,172,0,1.0,0.7532986111111111,0.4469791666666667,24,0.31826388888888885,0.13580729166666666,11315.084514142442,88.37759883720929,126.607,{'derived_from': 'd1_cheap'}
test,bimodal,homog,med,d2_capacity,1000,172,172,0,1.0,0.7532986111111111,0.4469791666666667,30,0.306875,0.027083333333333334,6056.0038817576515,165.12538953488374,205.765,"{'family': 'd_capacity', 'alpha': 0.0, 'beta': 0.8, 'gamma': 0.2}"
test,bimodal,homog,med,d2_capacity_nomad_ff,1000,172,172,0,1.0,0.7532986111111111,0.4469791666666667,24,0.31826388888888885,0.13580729166666666,7532.8857543714275,132.75125,190.987,{'derived_from': 'd2_capacity'}
test,bimodal,homog,med,ff_only_cheap,1000,172,172,0,1.0,0.7532986111111111,0.4469791666666667,24,0.31826388888888885,0.13580729166666666,11259.500858471478,88.81388372093024,126.376,"{'alpha': 0, 'beta': 0, 'gamma': 1}"
test,bimodal,homog,med,binpack,1001,172,172,0,1.0,0.7532986111111111,0.4469791666666667,23,0.3082638888888889,0.18841145833333334,17736.723907474523,56.3801976744186,84.057,{}
test,bimodal,homog,med,spread,1001,172,172,0,1.0,0.7532986111111111,0.4469791666666667,30,0.5396527777777779,0.24153645833333334,13177.062564616446,75.8894476744186,102.883,{}
test,bimodal,homog,med,tetris,1001,172,172,0,1.0,0.7532986111111111,0.4469791666666667,30,0.3063194444444444,0.026302083333333334,12288.59596146725,81.37626162790697,95.979,{}
test,bimodal,homog,med,hybrid,1001,172,172,0,1.0,0.7532986111111111,0.4469791666666667,30,0.3065972222222222,0.023697916666666666,10506.502608850114,95.1791511627907,118.021,"{'family': 'hybrid', 'alpha': 0.1}"
test,bimodal,homog,med,balance,1001,172,172,0,1.0,0.7532986111111111,0.4469791666666667,25,0.3082638888888889,0.14830729166666667,14066.751972248587,71.08961627906977,96.991,"{'family': 'balance', 'lam': 0.8}"
test,bimodal,homog,med,wmatch,1001,172,172,0,1.0,0.7532986111111111,0.4469791666666667,23,0.3082638888888889,0.18841145833333334,10736.646966376005,93.13894767441862,137.858,"{'family': 'wmatch', 'lam': 0.8}"
test,bimodal,homog,med,d1_cheap,1001,172,172,0,1.0,0.7532986111111111,0.4469791666666667,30,0.31020833333333336,0.021744791666666666,7080.368189025413,141.23559302325583,166.692,"{'family': 'd_cheap', 'alpha': 0.0, 'beta': 0.8, 'gamma': 0.2}"
test,bimodal,homog,med,d1_cheap_nomad_ff,1001,172,172,0,1.0,0.7532986111111111,0.4469791666666667,24,0.3139583333333333,0.196875,11618.242910980482,86.07153488372093,125.094,{'derived_from': 'd1_cheap'}
test,bimodal,homog,med,d2_capacity,1001,172,172,0,1.0,0.7532986111111111,0.4469791666666667,30,0.31020833333333336,0.021744791666666666,5713.692135704042,175.01818023255814,218.508,"{'family': 'd_capacity', 'alpha': 0.0, 'beta': 0.8, 'gamma': 0.2}"
test,bimodal,homog,med,d2_capacity_nomad_ff,1001,172,172,0,1.0,0.7532986111111111,0.4469791666666667,23,0.3082638888888889,0.18841145833333334,8355.62877418165,119.67980232558139,178.614,{'derived_from': 'd2_capacity'}
test,bimodal,homog,med,ff_only_cheap,1001,172,172,0,1.0,0.7532986111111111,0.4469791666666667,24,0.3139583333333333,0.196875,11565.156308802852,86.46662209302325,126.817,"{'alpha': 0, 'beta': 0, 'gamma': 1}"
test,bimodal,homog,med,binpack,1002,172,172,0,1.0,0.7532986111111111,0.4469791666666667,23,0.3063194444444444,0.112890625,16919.315326460157,59.10404651162791,85.911,{}
test,bimodal,homog,med,spread,1002,172,172,0,1.0,0.7532986111111111,0.4469791666666667,30,0.49451388888888886,0.06171875,12760.65871113786,78.36586046511627,96.921,{}
test,bimodal,homog,med,tetris,1002,172,172,0,1.0,0.7532986111111111,0.4469791666666667,30,0.3063194444444444,0.0015625,12307.489751510351,81.25133720930232,99.096,{}
test,bimodal,homog,med,hybrid,1002,172,172,0,1.0,0.7532986111111111,0.4469791666666667,30,0.30687499999999995,0.020182291666666668,10769.592581303536,92.85402325581396,115.867,"{'family': 'hybrid', 'alpha': 0.1}"
test,bimodal,homog,med,balance,1002,172,172,0,1.0,0.7532986111111111,0.4469791666666667,25,0.30993055555555554,0.112890625,14732.629330643544,67.87654651162791,96.34,"{'family': 'balance', 'lam': 0.8}"
test,bimodal,homog,med,wmatch,1002,172,172,0,1.0,0.7532986111111111,0.4469791666666667,23,0.3063194444444444,0.112890625,10237.868542434655,97.67658139534883,137.567,"{'family': 'wmatch', 'lam': 0.8}"
test,bimodal,homog,med,d1_cheap,1002,172,172,0,1.0,0.7532986111111111,0.4469791666666667,30,0.31048611111111113,0.043359375,8462.36096820627,118.17033139534884,151.223,"{'family': 'd_cheap', 'alpha': 0.0, 'beta': 0.8, 'gamma': 0.2}"
test,bimodal,homog,med,d1_cheap_nomad_ff,1002,172,172,0,1.0,0.7532986111111111,0.4469791666666667,23,0.3063194444444444,0.08463541666666667,11212.004667322874,89.19011627906977,127.939,{'derived_from': 'd1_cheap'}
test,bimodal,homog,med,d2_capacity,1002,172,172,0,1.0,0.7532986111111111,0.4469791666666667,30,0.31048611111111113,0.034895833333333334,6275.774459757983,159.34288372093022,211.836,"{'family': 'd_capacity', 'alpha': 0.0, 'beta': 0.8, 'gamma': 0.2}"
test,bimodal,homog,med,d2_capacity_nomad_ff,1002,172,172,0,1.0,0.7532986111111111,0.4469791666666667,23,0.3063194444444444,0.08463541666666667,8011.489593960007,124.82073255813954,191.698,{'derived_from': 'd2_capacity'}
test,bimodal,homog,med,ff_only_cheap,1002,172,172,0,1.0,0.7532986111111111,0.4469791666666667,23,0.3063194444444444,0.08463541666666667,11219.250041403599,89.13251744186046,128.3,"{'alpha': 0, 'beta': 0, 'gamma': 1}"
test,bimodal,homog,med,binpack,1003,172,172,0,1.0,0.7532986111111111,0.4469791666666667,23,0.3063194444444444,0.12408854166666666,16898.94694998079,59.175284883720934,83.225,{}
test,bimodal,homog,med,spread,1003,172,172,0,1.0,0.7532986111111111,0.4469791666666667,30,0.47659722222222217,0.03216145833333333,13102.770283678785,76.31973837209303,97.572,{}
test,bimodal,homog,med,tetris,1003,172,172,0,1.0,0.7532986111111111,0.4469791666666667,30,0.3063194444444444,0.011588541666666667,12465.552135178767,80.22107558139534,95.719,{}
test,bimodal,homog,med,hybrid,1003,172,172,0,1.0,0.7532986111111111,0.4469791666666667,30,0.3088194444444444,0.015104166666666667,10611.095454947015,94.24097674418604,120.145,"{'family': 'hybrid', 'alpha': 0.1}"
test,bimodal,homog,med,balance,1003,172,172,0,1.0,0.7532986111111111,0.4469791666666667,25,0.3063194444444444,0.05755208333333333,14285.694114883725,70.0000988372093,100.137,"{'family': 'balance', 'lam': 0.8}"
test,bimodal,homog,med,wmatch,1003,172,172,0,1.0,0.7532986111111111,0.4469791666666667,23,0.3063194444444444,0.12408854166666666,10229.108844200504,97.76022674418604,142.035,"{'family': 'wmatch', 'lam': 0.8}"
test,bimodal,homog,med,d1_cheap,1003,172,172,0,1.0,0.7532986111111111,0.4469791666666667,30,0.3065972222222222,0.024348958333333334,8319.42892344268,120.20055813953489,157.675,"{'family': 'd_cheap', 'alpha': 0.0, 'beta': 0.8, 'gamma': 0.2}"
test,bimodal,homog,med,d1_cheap_nomad_ff,1003,172,172,0,1.0,0.7532986111111111,0.4469791666666667,23,0.3063194444444444,0.12408854166666666,11143.808975936434,89.73592441860465,135.193,{'derived_from': 'd1_cheap'}
test,bimodal,homog,med,d2_capacity,1003,172,172,0,1.0,0.7532986111111111,0.4469791666666667,30,0.30687499999999995,0.030989583333333334,6267.902011847136,159.54301744186046,211.806,"{'family': 'd_capacity', 'alpha': 0.0, 'beta': 0.8, 'gamma': 0.2}"
test,bimodal,homog,med,d2_capacity_nomad_ff,1003,172,172,0,1.0,0.7532986111111111,0.4469791666666667,23,0.3063194444444444,0.12408854166666666,8277.61424142355,120.80775581395348,186.85,{'derived_from': 'd2_capacity'}
test,bimodal,homog,med,ff_only_cheap,1003,172,172,0,1.0,0.7532986111111111,0.4469791666666667,23,0.3063194444444444,0.12408854166666666,11311.286539812341,88.40727325581395,130.714,"{'alpha': 0, 'beta': 0, 'gamma': 1}"
test,bimodal,homog,med,binpack,1004,172,172,0,1.0,0.7532986111111111,0.4469791666666667,23,0.30895833333333333,0.11861979166666667,17373.103869646773,57.560238372093025,82.755,{}
test,bimodal,homog,med,spread,1004,172,172,0,1.0,0.7532986111111111,0.44697916666666665,30,0.5278472222222222,0.08658854166666667,13154.648340304022,76.01875581395348,98.083,{}
test,bimodal,homog,med,tetris,1004,172,172,0,1.0,0.7532986111111111,0.4469791666666667,30,0.3063194444444444,0.00026041666666666666,12349.762801983114,80.97321511627906,96.411,{}
test,bimodal,homog,med,hybrid,1004,172,172,0,1.0,0.7532986111111111,0.4469791666666667,30,0.3063194444444444,0.013671875,10742.444704358866,93.08868023255813,115.547,"{'family': 'hybrid', 'alpha': 0.1}"
test,bimodal,homog,med,balance,1004,172,172,0,1.0,0.7532986111111111,0.4469791666666667,25,0.3065972222222222,0.10104166666666667,14635.4231015729,68.32737209302326,98.284,"{'family': 'balance', 'lam': 0.8}"
test,bimodal,homog,med,wmatch,1004,172,172,0,1.0,0.7532986111111111,0.4469791666666667,23,0.30895833333333333,0.11861979166666667,10374.057762632994,96.39429651162791,142.657,"{'family': 'wmatch', 'lam': 0.8}"
test,bimodal,homog,med,d1_cheap,1004,172,172,0,1.0,0.7532986111111111,0.4469791666666667,30,0.3092361111111111,0.026432291666666666,8296.692422269038,120.5299593023256,155.21,"{'family': 'd_cheap', 'alpha': 0.0, 'beta': 0.8, 'gamma': 0.2}"
test,bimodal,homog,med,d1_cheap_nomad_ff,1004,172,172,0,1.0,0.7532986111111111,0.4469791666666667,23,0.30895833333333333,0.11861979166666667,11111.698279663617,89.99524418604652,130.244,{'derived_from': 'd1_cheap'}
test,bimodal,homog,med,d2_capacity,1004,172,172,0,1.0,0.7532986111111111,0.4469791666666667,30,0.3092361111111111,0.02890625,6070.425476474577,164.73309883720933,209.242,"{'family': 'd_capacity', 'alpha': 0.0, 'beta': 0.8, 'gamma': 0.2}"
test,bimodal,homog,med,d2_capacity_nomad_ff,1004,172,172,0,1.0,0.7532986111111111,0.4469791666666667,23,0.30895833333333333,0.11861979166666667,7960.41452470193,125.62159883720929,185.527,{'derived_from': 'd2_capacity'}
test,bimodal,homog,med,ff_only_cheap,1004,172,172,0,1.0,0.7532986111111111,0.4469791666666667,23,0.30895833333333333,0.11861979166666667,11192.410088343904,89.34626162790698,128.44,"{'alpha': 0, 'beta': 0, 'gamma': 1}"
test,bimodal,homog,med,binpack,1005,172,172,0,1.0,0.7532986111111111,0.4469791666666667,23,0.3063194444444444,0.18841145833333334,17051.18577613875,58.646947674418605,84.297,{}
test,bimodal,homog,med,spread,1005,172,172,0,1.0,0.7532986111111111,0.4469791666666667,30,0.5617361111111111,0.209375,13096.519828283304,76.35616279069768,94.807,{}
test,bimodal,homog,med,tetris,1005,172,172,0,1.0,0.7532986111111111,0.4469791666666667,30,0.3063194444444444,0.016276041666666668,12483.845395994109,80.10352325581395,99.316,{}
test,bimodal,homog,med,hybrid,1005,172,172,0,1.0,0.7532986111111111,0.4469791666666667,30,0.3063194444444444,0.019140625,10589.571955956739,94.43252325581395,116.859,"{'family': 'hybrid', 'alpha': 0.1}"
test,bimodal,homog,med,balance,1005,172,172,0,1.0,0.7532986111111111,0.4469791666666667,26,0.3163194444444445,0.15169270833333334,14266.162297004743,70.09593604651164,98.454,"{'family': 'balance', 'lam': 0.8}"
test,bimodal,homog,med,wmatch,1005,172,172,0,1.0,0.7532986111111111,0.4469791666666667,23,0.3063194444444444,0.18841145833333334,10377.782663648582,96.35969767441861,139.571,"{'family': 'wmatch', 'lam': 0.8}"
test,bimodal,homog,med,d1_cheap,1005,172,172,0,1.0,0.7532986111111111,0.4469791666666667,30,0.3063194444444444,0.029036458333333334,8241.179458438559,121.34185465116279,152.084,"{'family': 'd_cheap', 'alpha': 0.0, 'beta': 0.8, 'gamma': 0.2}"
test,bimodal,homog,med,d1_cheap_nomad_ff,1005,172,172,0,1.0,0.7532986111111111,0.4469791666666667,23,0.3063194444444444,0.18841145833333334,11164.406728943717,89.57036627906977,129.623,{'derived_from': 'd1_cheap'}
test,bimodal,homog,med,d2_capacity,1005,172,172,0,1.0,0.7532986111111111,0.4469791666666667,30,0.3063194444444444,0.025130208333333334,6015.06409855137,166.24926744186047,212.878,"{'family': 'd_capacity', 'alpha': 0.0, 'beta': 0.8, 'gamma': 0.2}"
test,bimodal,homog,med,d2_capacity_nomad_ff,1005,172,172,0,1.0,0.7532986111111111,0.4469791666666667,23,0.3063194444444444,0.18841145833333334,7985.582124330128,125.22568604651164,192.32,{'derived_from': 'd2_capacity'}
test,bimodal,homog,med,ff_only_cheap,1005,172,172,0,1.0,0.7532986111111111,0.4469791666666667,23,0.3063194444444444,0.18841145833333334,11114.882847519251,89.96945930232559,130.644,"{'alpha': 0, 'beta': 0, 'gamma': 1}"
test,bimodal,homog,med,binpack,1006,172,172,0,1.0,0.7532986111111111,0.4469791666666667,24,0.3142361111111111,0.11940104166666667,16859.082379749656,59.31520930232558,88.886,{}
test,bimodal,homog,med,spread,1006,172,172,0,1.0,0.7532986111111111,0.4469791666666667,30,0.5474305555555555,0.0578125,13538.359722246383,73.86419186046511,98.665,{}
test,bimodal,homog,med,tetris,1006,172,172,0,1.0,0.7532986111111111,0.4469791666666667,30,0.3063194444444444,0.004557291666666667,13054.036653458057,76.60465697674418,91.952,{}
test,bimodal,homog,med,hybrid,1006,172,172,0,1.0,0.7532986111111111,0.4469791666666667,30,0.306875,0.022265625,11005.253088829028,90.86569767441861,114.203,"{'family': 'hybrid', 'alpha': 0.1}"
test,bimodal,homog,med,balance,1006,172,172,0,1.0,0.7532986111111111,0.4469791666666667,26,0.3142361111111111,0.08255208333333333,14343.89163289945,69.71608720930232,99.255,"{'family': 'balance', 'lam': 0.8}"
test,bimodal,homog,med,wmatch,1006,172,172,0,1.0,0.7532986111111111,0.4469791666666667,24,0.3142361111111111,0.11940104166666667,10163.64772844246,98.38987209302326,145.442,"{'family': 'wmatch', 'lam': 0.8}"
test,bimodal,homog,med,d1_cheap,1006,172,172,0,1.0,0.7532986111111111,0.4469791666666667,30,0.31229166666666663,0.019661458333333333,8225.921687025584,121.56692441860466,152.675,"{'family': 'd_cheap', 'alpha': 0.0, 'beta': 0.8, 'gamma': 0.2}"
test,bimodal,homog,med,d1_cheap_nomad_ff,1006,172,172,0,1.0,0.7532986111111111,0.4469791666666667,24,0.3142361111111111,0.11940104166666667,11082.167896261115,90.23505232558139,128.4,{'derived_from': 'd1_cheap'}
test,bimodal,homog,med,d2_capacity,1006,172,172,0,1.0,0.7532986111111111,0.4469791666666667,30,0.3122916666666667,0.020182291666666668,6037.49721029017,165.6315465116279,206.547,"{'family': 'd_capacity', 'alpha': 0.0, 'beta': 0.8, 'gamma': 0.2}"
test,bimodal,homog,med,d2_capacity_nomad_ff,1006,172,172,0,1.0,0.7532986111111111,0.4469791666666667,24,0.3142361111111111,0.11940104166666667,7918.184894220876,126.29156976744186,187.02,{'derived_from': 'd2_capacity'}
test,bimodal,homog,med,ff_only_cheap,1006,172,172,0,1.0,0.7532986111111111,0.4469791666666667,24,0.3142361111111111,0.11940104166666667,11095.970988422643,90.12280232558139,126.457,"{'alpha': 0, 'beta': 0, 'gamma': 1}"
test,bimodal,homog,med,binpack,1007,172,172,0,1.0,0.7532986111111111,0.4469791666666667,23,0.3082638888888889,0.10091145833333333,17530.992144077034,57.04183720930233,82.414,{}
test,bimodal,homog,med,spread,1007,172,172,0,1.0,0.7532986111111111,0.4469791666666667,30,0.5453472222222222,0.035416666666666666,13341.011136951995,74.95683720930232,91.932,{}
test,bimodal,homog,med,tetris,1007,172,172,0,1.0,0.7532986111111111,0.4469791666666667,30,0.3063194444444444,0.012760416666666666,12368.988500795893,80.84735465116279,95.298,{}
test,bimodal,homog,med,hybrid,1007,172,172,0,1.0,0.7532986111111111,0.4469791666666667,30,0.30895833333333333,0.01171875,10689.664859118917,93.54830232558139,119.123,"{'family': 'hybrid', 'alpha': 0.1}"
test,bimodal,homog,med,balance,1007,172,172,0,1.0,0.7532986111111111,0.4469791666666667,26,0.3082638888888889,0.07265625,13797.736256752769,72.47565697674419,100.688,"{'family': 'balance', 'lam': 0.8}"
test,bimodal,homog,med,wmatch,1007,172,172,0,1.0,0.7532986111111111,0.4469791666666667,23,0.3082638888888889,0.10091145833333333,10440.910546952562,95.77708720930232,141.004,"{'family': 'wmatch', 'lam': 0.8}"
test,bimodal,homog,med,d1_cheap,1007,172,172,0,1.0,0.7532986111111111,0.4469791666666667,30,0.30854166666666666,0.04674479166666667,8549.461142873077,116.96643604651163,148.648,"{'family': 'd_cheap', 'alpha': 0.0, 'beta': 0.8, 'gamma': 0.2}"
test,bimodal,homog,med,d1_cheap_nomad_ff,1007,172,172,0,1.0,0.7532986111111111,0.4469791666666667,23,0.3082638888888889,0.10091145833333333,11395.585562164111,87.75327906976743,126.487,{'derived_from': 'd1_cheap'}
test,bimodal,homog,med,d2_capacity,1007,172,172,0,1.0,0.7532986111111111,0.4469791666666667,30,0.3082638888888889,0.03138020833333333,6110.828761610353,163.64392441860466,203.41,"{'family': 'd_capacity', 'alpha': 0.0, 'beta': 0.8, 'gamma': 0.2}"
test,bimodal,homog,med,d2_capacity_nomad_ff,1007,172,172,0,1.0,0.7532986111111111,0.4469791666666667,23,0.3082638888888889,0.10091145833333333,8059.992208986601,124.0695988372093,180.377,{'derived_from': 'd2_capacity'}
test,bimodal,homog,med,ff_only_cheap,1007,172,172,0,1.0,0.7532986111111111,0.4469791666666667,23,0.3082638888888889,0.10091145833333333,11200.18878829846,89.28420930232559,129.151,"{'alpha': 0, 'beta': 0, 'gamma': 1}"
test,bimodal,homog,med,binpack,1008,172,172,0,1.0,0.7532986111111111,0.4469791666666667,23,0.3099305555555556,0.137890625,17183.00085725192,58.197052325581396,88.496,{}
test,bimodal,homog,med,spread,1008,172,172,0,1.0,0.7532986111111111,0.4469791666666667,30,0.5375694444444445,0.06236979166666667,13103.897297138337,76.31317441860466,97.012,{}
test,bimodal,homog,med,tetris,1008,172,172,0,1.0,0.7532986111111111,0.4469791666666667,30,0.3063194444444444,0.009635416666666667,12584.66387496873,79.46179651162791,97.944,{}
test,bimodal,homog,med,hybrid,1008,172,172,0,1.0,0.7532986111111111,0.4469791666666667,30,0.3065972222222222,0.023697916666666666,10806.721101963865,92.53500581395348,114.985,"{'family': 'hybrid', 'alpha': 0.1}"
test,bimodal,homog,med,balance,1008,172,172,0,1.0,0.7532986111111111,0.4469791666666667,26,0.3063194444444444,0.09895833333333333,14413.213766228064,69.38077906976744,95.168,"{'family': 'balance', 'lam': 0.8}"
test,bimodal,homog,med,wmatch,1008,172,172,0,1.0,0.7532986111111111,0.4469791666666667,23,0.3099305555555556,0.137890625,10280.853798608116,97.26818604651163,141.665,"{'family': 'wmatch', 'lam': 0.8}"
test,bimodal,homog,med,d1_cheap,1008,172,172,0,1.0,0.7532986111111111,0.4469791666666667,30,0.306875,0.0375,8226.413867055411,121.5596511627907,154.99,"{'family': 'd_cheap', 'alpha': 0.0, 'beta': 0.8, 'gamma': 0.2}"
test,bimodal,homog,med,d1_cheap_nomad_ff,1008,172,172,0,1.0,0.7532986111111111,0.4469791666666667,23,0.3099305555555556,0.137890625,11253.449803921723,88.86163953488372,132.718,{'derived_from': 'd1_cheap'}
test,bimodal,homog,med,d2_capacity,1008,172,172,0,1.0,0.7532986111111111,0.4469791666666667,30,0.3063194444444444,0.028125,6024.922301270915,165.9772441860465,210.925,"{'family': 'd_capacity', 'alpha': 0.0, 'beta': 0.8, 'gamma': 0.2}"
test,bimodal,homog,med,d2_capacity_nomad_ff,1008,172,172,0,1.0,0.7532986111111111,0.4469791666666667,23,0.3099305555555556,0.137890625,8066.67387352065,123.96683139534883,182.502,{'derived_from': 'd2_capacity'}
test,bimodal,homog,med,ff_only_cheap,1008,172,172,0,1.0,0.7532986111111111,0.4469791666666667,23,0.3099305555555556,0.137890625,11274.668088848055,88.69440697674419,127.879,"{'alpha': 0, 'beta': 0, 'gamma': 1}"
test,bimodal,homog,med,binpack,1009,172,172,0,1.0,0.7532986111111111,0.4469791666666667,23,0.30659722222222224,0.14765625,17222.116642191904,58.06487209302326,87.944,{}
test,bimodal,homog,med,spread,1009,172,172,0,1.0,0.7532986111111111,0.44697916666666665,30,0.4635416666666667,0.07291666666666667,12977.967410362045,77.05366860465116,94.567,{}
test,bimodal,homog,med,tetris,1009,172,172,0,1.0,0.7532986111111111,0.4469791666666667,30,0.3063194444444444,0.007552083333333333,12483.043563427034,80.10866860465116,97.773,{}
test,bimodal,homog,med,hybrid,1009,172,172,0,1.0,0.7532986111111111,0.4469791666666667,30,0.30854166666666666,0.009765625,10549.012952777282,94.7955988372093,118.522,"{'family': 'hybrid', 'alpha': 0.1}"
test,bimodal,homog,med,balance,1009,172,172,0,1.0,0.7532986111111111,0.4469791666666667,25,0.3082638888888889,0.104296875,14249.953294121107,70.17566860465116,99.065,"{'family': 'balance', 'lam': 0.8}"
test,bimodal,homog,med,wmatch,1009,172,172,0,1.0,0.7532986111111111,0.4469791666666667,23,0.3065972222222222,0.14635416666666667,10361.666124586867,96.50957558139534,142.486,"{'family': 'wmatch', 'lam': 0.8}"
test,bimodal,homog,med,d1_cheap,1009,172,172,0,1.0,0.7532986111111111,0.4469791666666667,30,0.3063194444444444,0.01640625,8194.048795751138,122.03979069767442,150.752,"{'family': 'd_cheap', 'alpha': 0.0, 'beta': 0.8, 'gamma': 0.2}"
test,bimodal,homog,med,d1_cheap_nomad_ff,1009,172,172,0,1.0,0.7532986111111111,0.4469791666666667,23,0.3063194444444444,0.11354166666666667,11283.827290526735,88.62241279069768,127.228,{'derived_from': 'd1_cheap'}
test,bimodal,homog,med,d2_capacity,1009,172,172,0,1.0,0.7532986111111111,0.4469791666666667,30,0.3063194444444444,0.01640625,6006.419395650144,166.4885406976744,206.035,"{'family': 'd_capacity', 'alpha': 0.0, 'beta': 0.8, 'gamma': 0.2}"
test,bimodal,homog,med,d2_capacity_nomad_ff,1009,172,172,0,1.0,0.7532986111111111,0.4469791666666667,23,0.3065972222222222,0.14635416666666667,8204.355224731362,121.88648255813955,181.74,{'derived_from': 'd2_capacity'}
test,bimodal,homog,med,ff_only_cheap,1009,172,172,0,1.0,0.7532986111111111,0.4469791666666667,23,0.3063194444444444,0.11354166666666667,11193.601008777736,89.33675581395349,126.507,"{'alpha': 0, 'beta': 0, 'gamma': 1}"
test,bimodal,hetero,high,binpack,1000,238,203,35,0.8529411764705882,0.9121927818383232,0.5504818442526945,30,0.5073474998589453,0.3749172534650767,26573.063979229242,37.63209243697479,81.402,{}
test,bimodal,hetero,high,spread,1000,238,225,13,0.9453781512605042,0.9815670042004933,0.541915758935405,30,0.4457252542518491,0.29571202061019847,15691.472423160243,63.72888235294118,90.58,{}
test,bimodal,hetero,high,tetris,1000,238,224,14,0.9411764705882353,0.9712286119191831,0.57493499897003,30,0.3966969576019836,0.22524232107879083,15788.672728544023,63.3365462184874,90.769,{}
test,bimodal,hetero,high,hybrid,1000,238,221,17,0.9285714285714286,0.9740493925101211,0.6134075596149946,30,0.3637719972148891,0.30658837024061136,13688.754756986069,73.05266386554622,112.861,"{'family': 'hybrid', 'alpha': 0.1}"
test,bimodal,hetero,high,balance,1000,238,216,22,0.907563025210084,0.9742715109885093,0.6007954767660574,30,0.39199505776889726,0.32240524135738574,18783.68534327974,53.23768907563025,92.093,"{'family': 'balance', 'lam': 0.8}"
test,bimodal,hetero,high,wmatch,1000,238,209,29,0.8781512605042017,0.9406504734526371,0.5697117582085648,30,0.4582193042028592,0.3483449099888957,15578.341680291716,64.19168487394958,132.528,"{'family': 'wmatch', 'lam': 0.8}"
test,bimodal,hetero,high,d1_cheap,1000,238,221,17,0.9285714285714286,0.9786044079717815,0.613585273459211,30,0.3677799532433103,0.30848639477462425,11014.03998550034,90.79320588235294,143.168,"{'family': 'd_cheap', 'alpha': 0.0, 'beta': 0.8, 'gamma': 0.2}"
test,bimodal,hetero,high,d1_cheap_nomad_ff,1000,238,206,32,0.865546218487395,0.9277496533247033,0.5599127205307046,30,0.47577996997787175,0.3597330571929733,16836.70560284532,59.39404201680672,118.972,{'derived_from': 'd1_cheap'}
test,bimodal,hetero,high,d2_capacity,1000,238,220,18,0.9243697478991597,0.9756833225908622,0.6083946788172748,30,0.37004946250432713,0.3097517444639662,7920.375071691042,126.25664705882352,208.67,"{'family': 'd_capacity', 'alpha': 0.0, 'beta': 0.8, 'gamma': 0.2}"
test,bimodal,hetero,high,d2_capacity_nomad_ff,1000,238,209,29,0.8781512605042017,0.9406258372133447,0.5705114359760377,30,0.4573949901960938,0.3483449099888957,11657.074151775205,85.7848193277311,185.446,{'derived_from': 'd2_capacity'}
test,bimodal,hetero,high,ff_only_cheap,1000,238,206,32,0.865546218487395,0.9277496533247033,0.5599127205307046,30,0.47577996997787175,0.3597330571929733,16775.870771661157,59.6094243697479,118.972,"{'alpha': 0, 'beta': 0, 'gamma': 1}"
test,bimodal,hetero,high,binpack,1001,250,220,30,0.88,0.9654971021266301,0.6223539473221196,30,0.38524572147254793,0.2966336436618523,24486.21073734053,40.839312,79.869,{}
test,bimodal,hetero,high,spread,1001,250,226,24,0.904,0.9796393271809577,0.5465215648303903,30,0.4350869421581978,0.27707758185448955,15833.937714735905,63.155483999999994,95.869,{}
test,bimodal,hetero,high,tetris,1001,250,231,19,0.924,0.9713617874560848,0.6192465492667316,30,0.35211523818935325,0.23259899335662768,15746.575371801839,63.505872000000004,94.367,{}
test,bimodal,hetero,high,hybrid,1001,250,230,20,0.92,0.9780747947381678,0.6674980731715139,30,0.31371953692976756,0.2601289949547751,13897.132204474841,71.957292,113.803,"{'family': 'hybrid', 'alpha': 0.1}"
test,bimodal,hetero,high,balance,1001,250,227,23,0.908,0.9847552785603426,0.6383545676166344,30,0.35376822458791407,0.26990702585845655,18655.900570318343,53.602343999999995,95.308,"{'family': 'balance', 'lam': 0.8}"
test,bimodal,hetero,high,wmatch,1001,250,220,30,0.88,0.9654971021266301,0.6223539473221196,30,0.38524572147254793,0.2966336436618523,15009.928767681247,66.622568,133.891,"{'family': 'wmatch', 'lam': 0.8}"
test,bimodal,hetero,high,d1_cheap,1001,250,227,23,0.908,0.9832821944321034,0.6479406826956812,30,0.33611346826804744,0.26795141967772024,11270.723084059353,88.725452,145.361,"{'family': 'd_cheap', 'alpha': 0.0, 'beta': 0.8, 'gamma': 0.2}"
test,bimodal,hetero,high,d1_cheap_nomad_ff,1001,250,220,30,0.88,0.9654971021266301,0.6223539473221196,30,0.38524572147254793,0.2966336436618523,16118.66535645558,62.039876,116.908,{'derived_from': 'd1_cheap'}
test,bimodal,hetero,high,d2_capacity,1001,250,230,20,0.92,0.9839961577743985,0.6637989098234649,30,0.320786597802034,0.2601289949547751,8014.018248945347,124.781348,213.96,"{'family': 'd_capacity', 'alpha': 0.0, 'beta': 0.8, 'gamma': 0.2}"
test,bimodal,hetero,high,d2_capacity_nomad_ff,1001,250,220,30,0.88,0.9654971021266301,0.6223539473221196,30,0.38524572147254793,0.2966336436618523,11172.336008988636,89.50679600000001,177.852,{'derived_from': 'd2_capacity'}
test,bimodal,hetero,high,ff_only_cheap,1001,250,220,30,0.88,0.9654971021266301,0.6223539473221196,30,0.38524572147254793,0.2966336436618523,15900.150110137161,62.892488,121.648,"{'alpha': 0, 'beta': 0, 'gamma': 1}"
test,bimodal,hetero,high,binpack,1002,263,221,42,0.8403041825095057,0.9180632119274991,0.6692714613125083,30,0.39463220257490206,0.28703331902222035,25830.87260714533,38.713365019011405,79.038,{}
test,bimodal,hetero,high,spread,1002,263,241,22,0.9163498098859315,0.972005210574085,0.5891868369431851,30,0.39144172038167796,0.23772898075624108,15722.98656396069,63.601148288973384,90.59,{}
test,bimodal,hetero,high,tetris,1002,263,239,24,0.908745247148289,0.9749668248925079,0.6569503113404351,30,0.3203075830034535,0.24032394592813475,16879.142770592553,59.244714828897344,89.297,{}
test,bimodal,hetero,high,hybrid,1002,263,245,18,0.9315589353612167,0.9852849696312868,0.7016456130468338,30,0.2903562351268639,0.22475415489677286,14766.802431412974,67.71946768060836,109.375,"{'family': 'hybrid', 'alpha': 0.1}"
test,bimodal,hetero,high,balance,1002,263,243,20,0.9239543726235742,0.9842667601713418,0.6894648272718837,30,0.3013803679515907,0.2273491200686665,20347.32811729964,49.14650190114068,90.699,"{'family': 'balance', 'lam': 0.8}"
test,bimodal,hetero,high,wmatch,1002,263,221,42,0.8403041825095057,0.9180632119274991,0.6692714613125083,30,0.39463220257490206,0.28703331902222035,15762.535425998702,63.441570342205324,130.744,"{'family': 'wmatch', 'lam': 0.8}"
test,bimodal,hetero,high,d1_cheap,1002,263,242,21,0.9201520912547528,0.9768085771160934,0.7092792006273664,30,0.2826014051255246,0.23448527429137403,11766.027488035,84.99045247148288,144.34,"{'family': 'd_cheap', 'alpha': 0.0, 'beta': 0.8, 'gamma': 0.2}"
test,bimodal,hetero,high,d1_cheap_nomad_ff,1002,263,221,42,0.8403041825095057,0.9180632119274991,0.6692714613125083,30,0.39463220257490206,0.28703331902222035,16715.452908692187,59.82488212927757,123.882,{'derived_from': 'd1_cheap'}
test,bimodal,hetero,high,d2_capacity,1002,263,242,21,0.9201520912547528,0.9761076741053178,0.7226735058084034,30,0.26974239940961114,0.2325390504124538,8293.057610294592,120.58278707224335,211.195,"{'family': 'd_capacity', 'alpha': 0.0, 'beta': 0.8, 'gamma': 0.2}"
test,bimodal,hetero,high,d2_capacity_nomad_ff,1002,263,224,39,0.8517110266159695,0.9232508336257453,0.6793380394049062,30,0.3758896871876936,0.2792484235065394,11530.084775057909,86.72963117870722,179.986,{'derived_from': 'd2_capacity'}
test,bimodal,hetero,high,ff_only_cheap,1002,263,221,42,0.8403041825095057,0.9180632119274991,0.6692714613125083,30,0.39463220257490206,0.28703331902222035,16870.80014099627,59.2740114068441,121.027,"{'alpha': 0, 'beta': 0, 'gamma': 1}"
test,bimodal,hetero,high,binpack,1003,254,227,27,0.8937007874015748,0.9652215781750453,0.6097607668138622,30,0.40313118082774324,0.24839127843946293,24591.91698543374,40.66376771653543,80.721,{}
test,bimodal,hetero,high,spread,1003,254,233,21,0.9173228346456693,0.970460346993171,0.5336368687970824,30,0.4508559969433184,0.2053809722378134,16059.752395289941,62.26746062992126,91.922,{}
test,bimodal,hetero,high,tetris,1003,254,239,15,0.9409448818897638,0.9797179824013064,0.6537331329565902,30,0.3264272674047533,0.17445378413329135,15641.14532594546,63.933937007874015,92.763,{}
test,bimodal,hetero,high,hybrid,1003,254,237,17,0.9330708661417323,0.9803245015247467,0.6665149221268043,30,0.3142918778055676,0.11280080817475974,14220.691812022384,70.32006692913386,110.397,"{'family': 'hybrid', 'alpha': 0.1}"
test,bimodal,hetero,high,balance,1003,254,227,27,0.8937007874015748,0.9669790571034997,0.6007473931993228,30,0.4041328915533255,0.3013774134467091,21166.63315283084,47.244169291338586,91.151,"{'family': 'balance', 'lam': 0.8}"
test,bimodal,hetero,high,wmatch,1003,254,227,27,0.8937007874015748,0.9652215781750453,0.6097607668138622,30,0.40313118082774324,0.24839127843946293,14980.00287568874,66.75566141732283,133.029,"{'family': 'wmatch', 'lam': 0.8}"
test,bimodal,hetero,high,d1_cheap,1003,254,237,17,0.9330708661417323,0.9793852346707012,0.6538250214263893,30,0.3272037380407489,0.15939479990469813,11141.557879296573,89.75405511811023,146.324,"{'family': 'd_cheap', 'alpha': 0.0, 'beta': 0.8, 'gamma': 0.2}"
test,bimodal,hetero,high,d1_cheap_nomad_ff,1003,254,227,27,0.8937007874015748,0.9624945977094038,0.6100339135152358,30,0.4001310536607282,0.1956087294554335,16247.585570404113,61.547606299212596,118.191,{'derived_from': 'd1_cheap'}
test,bimodal,hetero,high,d2_capacity,1003,254,237,17,0.9330708661417323,0.9803247425989313,0.6679866452843296,30,0.31510043066650356,0.12616737168808023,7768.551009254057,128.72413385826772,219.58,"{'family': 'd_capacity', 'alpha': 0.0, 'beta': 0.8, 'gamma': 0.2}"
test,bimodal,hetero,high,d2_capacity_nomad_ff,1003,254,223,31,0.8779527559055118,0.9398468845622693,0.6044367750278261,30,0.43146492203925124,0.2356080790770471,11406.78331764227,87.66713385826772,181.87,{'derived_from': 'd2_capacity'}
test,bimodal,hetero,high,ff_only_cheap,1003,254,227,27,0.8937007874015748,0.9624945977094038,0.6100339135152358,30,0.4001310536607282,0.1956087294554335,15988.026353051247,62.54680708661417,121.898,"{'alpha': 0, 'beta': 0, 'gamma': 1}"
test,bimodal,hetero,high,binpack,1004,270,239,31,0.8851851851851852,0.9587826302264403,0.6785460093063984,30,0.340852122695268,0.2537612930286765,24645.798794984745,40.574866666666665,80.942,{}
test,bimodal,hetero,high,spread,1004,270,249,21,0.9222222222222223,0.9678019247849963,0.6099889016786032,30,0.39459170061244037,0.2413653012185216,15791.132214822095,63.32668148148148,93.836,{}
test,bimodal,hetero,high,tetris,1004,270,255,15,0.9444444444444444,0.9801185414173141,0.6458819804599998,30,0.3359374120715708,0.22463071227481252,15886.594661951212,62.94615185185185,91.291,{}
test,bimodal,hetero,high,hybrid,1004,270,249,21,0.9222222222222223,0.9794468855314068,0.6862423483198455,30,0.3016236623994701,0.23578710490395194,14408.420665261328,69.40385925925926,112.29,"{'family': 'hybrid', 'alpha': 0.1}"
test,bimodal,hetero,high,balance,1004,270,243,27,0.9,0.9631672928838884,0.6834259684584979,30,0.3332526439938344,0.24694349753309128,21096.682109177516,47.40081851851852,91.261,"{'family': 'balance', 'lam': 0.8}"
test,bimodal,hetero,high,wmatch,1004,270,240,30,0.8888888888888888,0.9585403413821764,0.6816608011655415,30,0.33749504199186114,0.25438109261918423,14796.630993450739,67.58295185185185,133.47,"{'family': 'wmatch', 'lam': 0.8}"
test,bimodal,hetero,high,d1_cheap,1004,270,246,24,0.9111111111111111,0.9830326467061012,0.7134346331704661,30,0.28000762312124405,0.23578710490395194,12066.120732799644,82.87667777777777,137.407,"{'family': 'd_cheap', 'alpha': 0.0, 'beta': 0.8, 'gamma': 0.2}"
test,bimodal,hetero,high,d1_cheap_nomad_ff,1004,270,239,31,0.8851851851851852,0.9474282495112003,0.679280529660268,30,0.35072821523185954,0.2593394893432462,16341.40017474404,61.19426666666667,115.677,{'derived_from': 'd1_cheap'}
test,bimodal,hetero,high,d2_capacity,1004,270,250,20,0.9259259259259259,0.9824080863371115,0.7145778193461821,30,0.2748793915538998,0.2326881069514132,8656.070375519248,115.52586296296296,197.469,"{'family': 'd_capacity', 'alpha': 0.0, 'beta': 0.8, 'gamma': 0.2}"
test,bimodal,hetero,high,d2_capacity_nomad_ff,1004,270,240,30,0.8888888888888888,0.9585403413821764,0.6816608011655415,30,0.33749504199186114,0.25438109261918423,11514.349310047395,86.84815555555555,177.272,{'derived_from': 'd2_capacity'}
test,bimodal,hetero,high,ff_only_cheap,1004,270,239,31,0.8851851851851852,0.9474282495112003,0.679280529660268,30,0.35072821523185954,0.2593394893432462,16291.502527264585,61.38169259259259,113.732,"{'alpha': 0, 'beta': 0, 'gamma': 1}"
test,bimodal,hetero,high,binpack,1005,253,219,34,0.8656126482213439,0.927723186993719,0.6723617164994248,30,0.37526087589491447,0.2660024072998531,26295.330863858784,38.0295652173913,78.898,{}
test,bimodal,hetero,high,spread,1005,253,229,24,0.9051383399209486,0.9623209477547177,0.6032594704186091,30,0.3973690197054676,0.23004917147583204,15926.243238428451,62.78944664031621,94.246,{}
test,bimodal,hetero,high,tetris,1005,253,239,14,0.9446640316205533,0.9830984473416462,0.6784515255749991,30,0.3046469217666471,0.19765998712293065,16186.453614550253,61.78005533596838,89.508,{}
test,bimodal,hetero,high,hybrid,1005,253,235,18,0.9288537549407114,0.9804929984021652,0.7318884066645356,30,0.2549025680981572,0.21132847115831513,14179.005063137763,70.52681027667984,110.708,"{'family': 'hybrid', 'alpha': 0.1}"
test,bimodal,hetero,high,balance,1005,253,230,23,0.9090909090909091,0.9818008792686505,0.7118025873940472,30,0.27870925627983734,0.22226325838662273,19655.537100758556,50.8762490118577,91.852,"{'family': 'balance', 'lam': 0.8}"
test,bimodal,hetero,high,wmatch,1005,253,215,38,0.849802371541502,0.9281347585072197,0.6655662626070696,30,0.37986131892708397,0.2776206187299299,16065.46990134214,62.24530039525692,131.997,"{'family': 'wmatch', 'lam': 0.8}"
test,bimodal,hetero,high,d1_cheap,1005,253,237,16,0.9367588932806324,0.9809538835063042,0.7449797577696398,30,0.24348360438879088,0.20449422914062287,11747.243704278322,85.12635177865613,145.662,"{'family': 'd_cheap', 'alpha': 0.0, 'beta': 0.8, 'gamma': 0.2}"
test,bimodal,hetero,high,d1_cheap_nomad_ff,1005,253,219,34,0.8656126482213439,0.9279430839724916,0.6725828673190294,30,0.37145570326886207,0.2660024072998531,17470.26067907663,57.24013043478261,118.782,{'derived_from': 'd1_cheap'}
test,bimodal,hetero,high,d2_capacity,1005,253,234,19,0.924901185770751,0.9755883884949871,0.7269011765714792,30,0.2628074625146568,0.21474559216716124,8586.355060035761,116.4638537549407,209.632,"{'family': 'd_capacity', 'alpha': 0.0, 'beta': 0.8, 'gamma': 0.2}"
test,bimodal,hetero,high,d2_capacity_nomad_ff,1005,253,220,33,0.8695652173913043,0.9490642380979211,0.6927778553683247,30,0.3395390796985807,0.25438419586977623,12128.899423186938,82.4477114624506,180.598,{'derived_from': 'd2_capacity'}
test,bimodal,hetero,high,ff_only_cheap,1005,253,219,34,0.8656126482213439,0.9279430839724916,0.6725828673190294,30,0.37145570326886207,0.2660024072998531,17389.61170715399,57.505596837944665,119.764,"{'alpha': 0, 'beta': 0, 'gamma': 1}"
test,bimodal,hetero,high,binpack,1006,260,214,46,0.823076923076923,0.8959903586973031,0.6665637423265419,30,0.41436916992469564,0.3066990746430112,26567.942915709114,37.639346153846155,79.609,{}
test,bimodal,hetero,high,spread,1006,260,236,24,0.9076923076923077,0.9771715230672476,0.5968689848468777,30,0.3886957299919995,0.24742055686155856,16108.249418647081,62.07999230769231,91.09,{}
test,bimodal,hetero,high,tetris,1006,260,244,16,0.9384615384615385,0.9773473835036565,0.6597241932051413,30,0.3183931981758437,0.21971429311587962,15768.355578844205,63.41815384615384,90.389,{}
test,bimodal,hetero,high,hybrid,1006,260,239,21,0.9192307692307692,0.9786374779890764,0.6912166703181627,30,0.2953993539236955,0.23388959084622699,14025.641894290247,71.29798461538462,112.881,"{'family': 'hybrid', 'alpha': 0.1}"
test,bimodal,hetero,high,balance,1006,260,235,25,0.9038461538461539,0.9714049774997977,0.6786929757100307,30,0.32792740467762777,0.2467762251465427,19786.991514272588,50.53825384615385,92.603,"{'family': 'balance', 'lam': 0.8}"
test,bimodal,hetero,high,wmatch,1006,260,214,46,0.823076923076923,0.8959903586973031,0.6665637423265419,30,0.41436916992469564,0.3066990746430112,16077.59790793349,62.19834615384615,130.604,"{'family': 'wmatch', 'lam': 0.8}"
test,bimodal,hetero,high,d1_cheap,1006,260,240,20,0.9230769230769231,0.9823176924793031,0.7151636587823887,30,0.2748250936326154,0.23260092741619534,11579.828935640913,86.35706153846154,143.087,"{'family': 'd_cheap', 'alpha': 0.0, 'beta': 0.8, 'gamma': 0.2}"
test,bimodal,hetero,high,d1_cheap_nomad_ff,1006,260,214,46,0.823076923076923,0.8959903586973031,0.6665637423265419,30,0.41436916992469564,0.3066990746430112,17573.985634618588,56.90228846153846,116.128,{'derived_from': 'd1_cheap'}
test,bimodal,hetero,high,d2_capacity,1006,260,237,23,0.9115384615384615,0.9783897445739219,0.7024187267475008,30,0.27963993234535084,0.24033290799638488,8339.889234723423,119.90566923076923,204.623,"{'family': 'd_capacity', 'alpha': 0.0, 'beta': 0.8, 'gamma': 0.2}"
test,bimodal,hetero,high,d2_capacity_nomad_ff,1006,260,222,38,0.8538461538461538,0.9138438234871737,0.6675517064158831,30,0.39280237767315546,0.29059078176761644,11949.399806925276,83.68621153846154,171.451,{'derived_from': 'd2_capacity'}
test,bimodal,hetero,high,ff_only_cheap,1006,260,214,46,0.823076923076923,0.8959903586973031,0.6665637423265419,30,0.41436916992469564,0.3066990746430112,17618.04087385483,56.76,114.454,"{'alpha': 0, 'beta': 0, 'gamma': 1}"
test,bimodal,hetero,high,binpack,1007,261,225,36,0.8620689655172413,0.9442886994216656,0.6655309703316962,30,0.3640039311290144,0.26942750378240504,26128.095541135383,38.27297701149425,79.689,{}
test,bimodal,hetero,high,spread,1007,261,234,27,0.896551724137931,0.9546225403885645,0.578054007386734,30,0.41973678546437015,0.2457332606618344,16500.4327096233,60.60447126436782,93.315,{}
test,bimodal,hetero,high,tetris,1007,261,243,18,0.9310344827586207,0.977316910895577,0.6882032889773483,30,0.28911362191822876,0.21216641624102597,15900.419752805128,62.8914214559387,91.351,{}
test,bimodal,hetero,high,hybrid,1007,261,240,21,0.9195402298850575,0.9763304618379909,0.7192841759216453,30,0.2639056414188622,0.21808997702116864,14691.918077189312,68.06463218390805,109.285,"{'family': 'hybrid', 'alpha': 0.1}"
test,bimodal,hetero,high,balance,1007,261,231,30,0.8850574712643678,0.9591914427820207,0.6926965125628518,30,0.31740694916533924,0.24968230118192952,21329.23289046164,46.884011494252874,91.351,"{'family': 'balance', 'lam': 0.8}"
test,bimodal,hetero,high,wmatch,1007,261,222,39,0.8505747126436781,0.9388473544678246,0.6567105133638335,30,0.38205477290606116,0.27337654430250014,16530.657148723854,60.49366283524905,131.837,"{'family': 'wmatch', 'lam': 0.8}"
test,bimodal,hetero,high,d1_cheap,1007,261,240,21,0.9195402298850575,0.9682216403676978,0.7405181837039743,30,0.259796707343141,0.2200644972812162,12029.786303982284,83.12699616858238,146.153,"{'family': 'd_cheap', 'alpha': 0.0, 'beta': 0.8, 'gamma': 0.2}"
test,bimodal,hetero,high,d1_cheap_nomad_ff,1007,261,226,35,0.8659003831417624,0.9469220598790729,0.667146676781574,30,0.36513322694726297,0.26416211642227827,17743.11759084629,56.359881226053645,117.871,{'derived_from': 'd1_cheap'}
test,bimodal,hetero,high,d2_capacity,1007,261,237,24,0.9080459770114943,0.9667640134889418,0.7296983577077285,30,0.2654476162898077,0.22598805806135885,8952.450755689746,111.70125670498084,208.7,"{'family': 'd_capacity', 'alpha': 0.0, 'beta': 0.8, 'gamma': 0.2}"
test,bimodal,hetero,high,d2_capacity_nomad_ff,1007,261,229,32,0.8773946360153256,0.9550029238848463,0.6746384268605842,30,0.3451482285589618,0.25626403538208803,12723.77699031194,78.59301532567049,177.583,{'derived_from': 'd2_capacity'}
test,bimodal,hetero,high,ff_only_cheap,1007,261,226,35,0.8659003831417624,0.9469220598790729,0.667146676781574,30,0.36513322694726297,0.26416211642227827,17576.44643042576,56.89432183908046,121.076,"{'alpha': 0, 'beta': 0, 'gamma': 1}"
test,bimodal,hetero,high,binpack,1008,250,219,31,0.876,0.9463327547242883,0.6486700987264608,30,0.3800359980621211,0.28278387027682866,24849.012430668772,40.243048,80.671,{}
test,bimodal,hetero,high,spread,1008,250,233,17,0.932,0.9821744881472636,0.5961205499010019,30,0.39348985338417347,0.2489099022971693,15807.463576126278,63.261256,96.781,{}
test,bimodal,hetero,high,tetris,1008,250,235,15,0.94,0.9768616035688577,0.6508040988827403,30,0.3260575046861174,0.24239567768569634,15985.452982019116,62.556875999999995,88.576,{}
test,bimodal,hetero,high,hybrid,1008,250,229,21,0.916,0.9795732928849286,0.6745555621757647,30,0.31111910850940744,0.2541212819863477,14550.163930876943,68.727748,112.461,"{'family': 'hybrid', 'alpha': 0.1}"
test,bimodal,hetero,high,balance,1008,250,224,26,0.896,0.9812396380379467,0.6633879696851203,30,0.3326072231754005,0.26063550659782064,20468.64351188213,48.855216,93.334,"{'family': 'balance', 'lam': 0.8}"
test,bimodal,hetero,high,wmatch,1008,250,218,32,0.872,0.9456498955070652,0.644210346105157,30,0.3838108339640243,0.28408671519912326,15258.046834513727,65.539188,133.65,"{'family': 'wmatch', 'lam': 0.8}"
test,bimodal,hetero,high,d1_cheap,1008,250,229,21,0.916,0.9794323633691188,0.6795875796159238,30,0.30345038074633934,0.25021274721946396,11999.343587908368,83.33789200000001,144.029,"{'family': 'd_cheap', 'alpha': 0.0, 'beta': 0.8, 'gamma': 0.2}"
test,bimodal,hetero,high,d1_cheap_nomad_ff,1008,250,219,31,0.876,0.9452177899864606,0.6511142591760427,30,0.3824310579474661,0.28082960289338676,16773.48018850708,59.61792,120.345,{'derived_from': 'd1_cheap'}
test,bimodal,hetero,high,d2_capacity,1008,250,231,19,0.924,0.9826223056805277,0.6868177878163879,30,0.2994121723594614,0.2456527899914329,8567.078355903644,116.72590799999999,210.053,"{'family': 'd_capacity', 'alpha': 0.0, 'beta': 0.8, 'gamma': 0.2}"
test,bimodal,hetero,high,d2_capacity_nomad_ff,1008,250,218,32,0.872,0.9456498955070652,0.644210346105157,30,0.3838108339640243,0.28408671519912326,11803.71034053657,84.719124,185.688,{'derived_from': 'd2_capacity'}
test,bimodal,hetero,high,ff_only_cheap,1008,250,219,31,0.876,0.9452177899864606,0.6511142591760427,30,0.3824310579474661,0.28082960289338676,16501.832066399675,60.599332000000004,123.101,"{'alpha': 0, 'beta': 0, 'gamma': 1}"
test,bimodal,hetero,high,binpack,1009,248,211,37,0.8508064516129032,0.9271249780208665,0.6509737119292932,30,0.40864332706706097,0.2793098828453777,27479.376617044967,36.39092741935484,79.76,{}
test,bimodal,hetero,high,spread,1009,248,224,24,0.9032258064516129,0.970652392826695,0.5866355493136515,30,0.40166056690109575,0.24289751276988203,16698.7927648171,59.8845685483871,90.519,{}
test,bimodal,hetero,high,tetris,1009,248,228,20,0.9193548387096774,0.9703414404043331,0.6757708754544481,30,0.2947959775281085,0.22503484065737472,16583.214537113334,60.30193951612903,90.088,{}
test,bimodal,hetero,high,hybrid,1009,248,227,21,0.9153225806451613,0.980754658241711,0.7016939900255939,30,0.2858394978591287,0.22846996990977997,14841.485158694375,67.37870161290323,110.417,"{'family': 'hybrid', 'alpha': 0.1}"
test,bimodal,hetero,high,balance,1009,248,222,26,0.8951612903225806,0.9746720755016421,0.6790323755634918,30,0.32092146495478596,0.24152346106892,20991.90296594428,47.637415322580644,91.181,"{'family': 'balance', 'lam': 0.8}"
test,bimodal,hetero,high,wmatch,1009,248,211,37,0.8508064516129032,0.9271249780208665,0.6509737119292932,30,0.40864332706706097,0.2793098828453777,16592.905181516013,60.26672177419355,131.256,"{'family': 'wmatch', 'lam': 0.8}"
test,bimodal,hetero,high,d1_cheap,1009,248,227,21,0.9153225806451613,0.9800200401114075,0.708203702732395,30,0.27645802653711965,0.22640889235833683,11778.012578157563,84.90396774193549,140.503,"{'family': 'd_cheap', 'alpha': 0.0, 'beta': 0.8, 'gamma': 0.2}"
test,bimodal,hetero,high,d1_cheap_nomad_ff,1009,248,210,38,0.8467741935483871,0.9265907184686266,0.648985426718856,30,0.4109679644763204,0.28068393454633983,17930.862354458153,55.769766129032256,116.007,{'derived_from': 'd1_cheap'}
test,bimodal,hetero,high,d2_capacity,1009,248,229,19,0.9233870967741935,0.975146941751151,0.7110792620761414,30,0.26870936883311686,0.22366078895641262,8360.220318773852,119.61407258064517,203.23,"{'family': 'd_capacity', 'alpha': 0.0, 'beta': 0.8, 'gamma': 0.2}"
test,bimodal,hetero,high,d2_capacity_nomad_ff,1009,248,207,41,0.8346774193548387,0.9367878386328182,0.6438285322097846,30,0.39709991404459166,0.2848060896492261,12662.281432684043,78.97470967741936,171.15,{'derived_from': 'd2_capacity'}
test,bimodal,hetero,high,ff_only_cheap,1009,248,210,38,0.8467741935483871,0.9265907184686266,0.648985426718856,30,0.4109679644763204,0.28068393454633983,17748.973547516685,56.341286290322586,114.875,"{'alpha': 0, 'beta': 0, 'gamma': 1}"
test,bimodal,hetero,low,binpack,1000,86,86,0,1.0,0.4490484158163713,0.28084745271001393,15,0.23433739802580125,0.15235617328624343,14840.899517273858,67.38136046511627,85.891,{}
test,bimodal,hetero,low,spread,1000,86,86,0,1.0,0.3790458956956019,0.19423303476881953,30,0.24171881988002913,0.0,11855.160268671016,84.35145348837209,95.729,{}
test,bimodal,hetero,low,tetris,1000,86,86,0,1.0,0.40984544769732806,0.21723249962636834,30,0.19298229365998248,0.010077856796028245,12124.63675434189,82.47669767441862,94.487,{}
test,bimodal,hetero,low,hybrid,1000,86,86,0,1.0,0.3966437116948028,0.2944740097216194,21,0.1113251927214018,0.015277253323125425,9904.739440856727,100.96176744186046,120.937,"{'family': 'hybrid', 'alpha': 0.1}"
test,bimodal,hetero,low,balance,1000,86,86,0,1.0,0.40244821067098596,0.3144916969071616,14,0.10859027084140835,0.05679160248335898,12231.70084218105,81.75477906976744,101.71,"{'family': 'balance', 'lam': 0.8}"
test,bimodal,hetero,low,wmatch,1000,86,86,0,1.0,0.4490484158163713,0.28084745271001393,15,0.23433739802580125,0.15235617328624343,8998.252769500024,111.13268604651164,140.202,"{'family': 'wmatch', 'lam': 0.8}"
test,bimodal,hetero,low,d1_cheap,1000,86,86,0,1.0,0.39208759553910394,0.30218114987156974,17,0.09095958279687046,0.02422424164916093,7930.471527394061,126.09590697674419,150.432,"{'family': 'd_cheap', 'alpha': 0.0, 'beta': 0.8, 'gamma': 0.2}"
test,bimodal,hetero,low,d1_cheap_nomad_ff,1000,86,86,0,1.0,0.4490484158163713,0.28084745271001393,15,0.23433739802580125,0.15235617328624343,10035.345420090061,99.64779069767441,127.799,{'derived_from': 'd1_cheap'}
test,bimodal,hetero,low,d2_capacity,1000,86,86,0,1.0,0.39208759553910394,0.30218114987156974,17,0.09095958279687046,0.02422424164916093,5704.389640589624,175.30359302325581,221.425,"{'family': 'd_capacity', 'alpha': 0.0, 'beta': 0.8, 'gamma': 0.2}"
test,bimodal,hetero,low,d2_capacity_nomad_ff,1000,86,86,0,1.0,0.44887959957197665,0.28509112891820565,15,0.22992490557321482,0.1536215229755854,7112.193193631113,140.60360465116278,185.337,{'derived_from': 'd2_capacity'}
test,bimodal,hetero,low,ff_only_cheap,1000,86,86,0,1.0,0.4490484158163713,0.28084745271001393,15,0.23433739802580125,0.15235617328624343,9980.938728177724,100.19097674418605,127.098,"{'alpha': 0, 'beta': 0, 'gamma': 1}"
test,bimodal,hetero,low,binpack,1001,91,91,0,1.0,0.4360426194251853,0.347249635828718,15,0.15613579517370185,0.09753166623752041,14922.086212599062,67.01475824175824,87.173,{}
test,bimodal,hetero,low,spread,1001,91,91,0,1.0,0.3774115017480551,0.22096580238431726,30,0.25068483742058917,0.0,11895.532129636202,84.06517582417582,96.951,{}
test,bimodal,hetero,low,tetris,1001,91,91,0,1.0,0.41090439079577806,0.22461515679703273,30,0.1862892339987453,0.00242043182450584,11863.09209540012,84.29505494505494,100.298,{}
test,bimodal,hetero,low,hybrid,1001,91,91,0,1.0,0.4023513879485751,0.30903520264751616,22,0.10145689726193269,0.011342984803941141,9879.971376311498,101.21486813186813,121.006,"{'family': 'hybrid', 'alpha': 0.1}"
test,bimodal,hetero,low,balance,1001,91,91,0,1.0,0.42954255358933563,0.33627451200810926,14,0.11717840621824996,0.06199521656879094,12465.72610251813,80.21995604395605,100.989,"{'family': 'balance', 'lam': 0.8}"
test,bimodal,hetero,low,wmatch,1001,91,91,0,1.0,0.4360426194251853,0.347249635828718,15,0.15613579517370185,0.09753166623752041,9084.848290021902,110.07338461538461,137.086,"{'family': 'wmatch', 'lam': 0.8}"
test,bimodal,hetero,low,d1_cheap,1001,91,91,0,1.0,0.3909656105941922,0.3294208888388843,13,0.06342032118414369,0.022209564006959753,8052.012104917187,124.19256043956045,149.97,"{'family': 'd_cheap', 'alpha': 0.0, 'beta': 0.8, 'gamma': 0.2}"
test,bimodal,hetero,low,d1_cheap_nomad_ff,1001,91,91,0,1.0,0.4360426194251853,0.347249635828718,15,0.15613579517370185,0.09753166623752041,10270.98353471045,97.36165934065934,119.523,{'derived_from': 'd1_cheap'}
test,bimodal,hetero,low,d2_capacity,1001,91,91,0,1.0,0.3953844374201134,0.3324138856691328,13,0.06484615117981637,0.023946298454844712,5978.1882844196,167.27475824175824,208.309,"{'family': 'd_capacity', 'alpha': 0.0, 'beta': 0.8, 'gamma': 0.2}"
test,bimodal,hetero,low,d2_capacity_nomad_ff,1001,91,91,0,1.0,0.4360426194251853,0.347249635828718,15,0.15613579517370185,0.09753166623752041,7362.188527849501,135.82917582417582,181.179,{'derived_from': 'd2_capacity'}
test,bimodal,hetero,low,ff_only_cheap,1001,91,91,0,1.0,0.4360426194251853,0.347249635828718,15,0.15613579517370185,0.09753166623752041,10150.042161713594,98.52175824175825,121.577,"{'alpha': 0, 'beta': 0, 'gamma': 1}"
test,bimodal,hetero,low,binpack,1002,95,95,0,1.0,0.43957121757774525,0.3745286780652153,16,0.2227734583372504,0.10789709970217787,15152.21838844514,65.99693684210527,88.956,{}
test,bimodal,hetero,low,spread,1002,95,95,0,1.0,0.38411275049367,0.23749402648454376,30,0.27656040673642246,0.02314398924120262,11930.123133940371,83.82143157894737,95.148,{}
test,bimodal,hetero,low,tetris,1002,95,95,0,1.0,0.41653720833193836,0.24162540910998512,28,0.1799020883002309,0.011935694484336477,12170.058504673878,82.16887368421052,100.348,{}
test,bimodal,hetero,low,hybrid,1002,95,95,0,1.0,0.4261552418108394,0.32148126616566675,19,0.10687460607810882,0.01626872140634153,9930.69836015946,100.69785263157895,122.56,"{'family': 'hybrid', 'alpha': 0.1}"
test,bimodal,hetero,low,balance,1002,95,95,0,1.0,0.4269886561130457,0.3503310880946476,14,0.10153285462264353,0.0369447384514214,12450.660979379478,80.31702105263157,107.601,"{'family': 'balance', 'lam': 0.8}"
test,bimodal,hetero,low,wmatch,1002,95,95,0,1.0,0.4473656257094355,0.3706241648570309,17,0.23447237967712495,0.10919754849149722,9153.251051708545,109.2508,140.884,"{'family': 'wmatch', 'lam': 0.8}"
test,bimodal,hetero,low,d1_cheap,1002,95,95,0,1.0,0.4205407630370596,0.3571684149804437,17,0.09003646385030596,0.01803379757969343,7724.940719211497,129.45083157894737,161.522,"{'family': 'd_cheap', 'alpha': 0.0, 'beta': 0.8, 'gamma': 0.2}"
test,bimodal,hetero,low,d1_cheap_nomad_ff,1002,95,95,0,1.0,0.43957121757774525,0.3745286780652153,16,0.2227734583372504,0.10789709970217787,9850.137927852405,101.52142105263157,131.737,{'derived_from': 'd1_cheap'}
test,bimodal,hetero,low,d2_capacity,1002,95,95,0,1.0,0.42040171866582854,0.35693546512329205,17,0.09096372477371423,0.01861322931112148,5474.752057123679,182.65667368421052,222.606,"{'family': 'd_capacity', 'alpha': 0.0, 'beta': 0.8, 'gamma': 0.2}"
test,bimodal,hetero,low,d2_capacity_nomad_ff,1002,95,95,0,1.0,0.4408098446524677,0.3730898568966354,17,0.2343944932297793,0.09801002359720327,6627.295416088115,150.8911157894737,195.155,{'derived_from': 'd2_capacity'}
test,bimodal,hetero,low,ff_only_cheap,1002,95,95,0,1.0,0.43957121757774525,0.3745286780652153,16,0.2227734583372504,0.10789709970217787,9760.216146664612,102.45674736842106,130.715,"{'alpha': 0, 'beta': 0, 'gamma': 1}"
test,bimodal,hetero,low,binpack,1003,92,92,0,1.0,0.45971746891524284,0.3620981142018141,17,0.2451810961740467,0.1305279795069305,15131.300212890814,66.08817391304348,92.112,{}
test,bimodal,hetero,low,spread,1003,92,92,0,1.0,0.38699273309586757,0.21468887368027012,30,0.26258315134397175,0.0,11884.00487864235,84.14671739130435,101.771,{}
test,bimodal,hetero,low,tetris,1003,92,92,0,1.0,0.42643003708304816,0.2332384487702846,30,0.1936340062728006,0.0012537885604399137,11980.64240725485,83.46797826086957,96.28,{}
test,bimodal,hetero,low,hybrid,1003,92,92,0,1.0,0.43964657931301815,0.2945567702562466,24,0.15197401292768964,0.006115562194947738,9940.07216924572,100.60289130434782,120.866,"{'family': 'hybrid', 'alpha': 0.1}"
test,bimodal,hetero,low,balance,1003,92,92,0,1.0,0.4390313663985625,0.34852936768186876,15,0.1235205806540912,0.05157749720030002,12582.898391317472,79.47294565217392,100.458,"{'family': 'balance', 'lam': 0.8}"
test,bimodal,hetero,low,wmatch,1003,92,92,0,1.0,0.45971746891524284,0.3620981142018141,17,0.2451810961740467,0.1305279795069305,9097.749483776883,109.91729347826086,145.182,"{'family': 'wmatch', 'lam': 0.8}"
test,bimodal,hetero,low,d1_cheap,1003,92,92,0,1.0,0.437341917749454,0.30420717342208337,22,0.1382041902223853,0.011146391865406016,7947.889489780051,125.81956521739131,150.632,"{'family': 'd_cheap', 'alpha': 0.0, 'beta': 0.8, 'gamma': 0.2}"
test,bimodal,hetero,low,d1_cheap_nomad_ff,1003,92,92,0,1.0,0.45971746891524284,0.3620981142018141,17,0.2451810961740467,0.1305279795069305,10369.266485978442,96.43883695652174,129.051,{'derived_from': 'd1_cheap'}
test,bimodal,hetero,low,d2_capacity,1003,92,92,0,1.0,0.4353334353424705,0.3038530503217403,22,0.13654983091574482,0.011146391865406016,5946.045198087002,168.17901086956522,215.032,"{'family': 'd_capacity', 'alpha': 0.0, 'beta': 0.8, 'gamma': 0.2}"
test,bimodal,hetero,low,d2_capacity_nomad_ff,1003,92,92,0,1.0,0.45971746891524284,0.3620981142018141,17,0.2451810961740467,0.1305279795069305,7590.767844121273,131.73897826086957,192.951,{'derived_from': 'd2_capacity'}
test,bimodal,hetero,low,ff_only_cheap,1003,92,92,0,1.0,0.45971746891524284,0.3620981142018141,17,0.2451810961740467,0.1305279795069305,10405.758999454603,96.1006304347826,126.667,"{'alpha': 0, 'beta': 0, 'gamma': 1}"
test,bimodal,hetero,low,binpack,1004,98,98,0,1.0,0.4543105331373261,0.3323376339652445,15,0.19254593533189515,0.12666615291976205,15037.266335458089,66.50144897959183,87.063,{}
test,bimodal,hetero,low,spread,1004,98,98,0,1.0,0.39251115996609154,0.23557616584139135,30,0.2647235239141344,0.0,11821.691259403371,84.59026530612246,103.794,{}
test,bimodal,hetero,low,tetris,1004,98,98,0,1.0,0.4188308784617862,0.2346123820683846,30,0.1842184963934016,0.014492685027232818,12066.266953105069,82.87567346938775,95.609,{}
test,bimodal,hetero,low,hybrid,1004,98,98,0,1.0,0.42154640127297355,0.27152917328908077,24,0.15001722798389278,0.014039917982499235,9684.26623945218,103.26027551020408,125.385,"{'family': 'hybrid', 'alpha': 0.1}"
test,bimodal,hetero,low,balance,1004,98,98,0,1.0,0.4393204536218509,0.32336861230734804,14,0.12462492885853972,0.07289388073448123,12688.303158261077,78.81274489795919,100.628,"{'family': 'balance', 'lam': 0.8}"
test,bimodal,hetero,low,wmatch,1004,98,98,0,1.0,0.4529490897176726,0.33541650715843374,16,0.20658110016366463,0.131624549643824,9115.92545665903,109.69813265306122,144.23,"{'family': 'wmatch', 'lam': 0.8}"
test,bimodal,hetero,low,d1_cheap,1004,98,98,0,1.0,0.41019960233561253,0.3264872510521837,20,0.09385315591421366,0.01161060458822941,7512.83352956139,133.1055714285714,163.125,"{'family': 'd_cheap', 'alpha': 0.0, 'beta': 0.8, 'gamma': 0.2}"
test,bimodal,hetero,low,d1_cheap_nomad_ff,1004,98,98,0,1.0,0.4529490897176726,0.33541650715843374,16,0.20658110016366463,0.131624549643824,9733.05217392686,102.74269387755102,138.71,{'derived_from': 'd1_cheap'}
test,bimodal,hetero,low,d2_capacity,1004,98,98,0,1.0,0.4052716896048458,0.3324647335045761,16,0.07834245220166318,0.027159144204399407,5351.103072565162,186.87735714285714,234.378,"{'family': 'd_capacity', 'alpha': 0.0, 'beta': 0.8, 'gamma': 0.2}"
test,bimodal,hetero,low,d2_capacity_nomad_ff,1004,98,98,0,1.0,0.4529490897176726,0.33541650715843374,16,0.20658110016366463,0.131624549643824,6725.5172300202385,148.68744897959184,203.711,{'derived_from': 'd2_capacity'}
test,bimodal,hetero,low,ff_only_cheap,1004,98,98,0,1.0,0.4529490897176726,0.33541650715843374,16,0.20658110016366463,0.131624549643824,9682.26941329597,103.28157142857144,129.753,"{'alpha': 0, 'beta': 0, 'gamma': 1}"
test,bimodal,hetero,low,binpack,1005,92,92,0,1.0,0.4532964465189817,0.3540546933666314,16,0.20177999279662726,0.1204040913539804,14960.453991237728,66.84289130434783,88.786,{}
test,bimodal,hetero,low,spread,1005,92,92,0,1.0,0.3898622830195586,0.2527984827775887,30,0.2645274579969355,0.0,11808.219624670604,84.68677173913044,99.977,{}
test,bimodal,hetero,low,tetris,1005,92,92,0,1.0,0.4165955649485589,0.23664115241600597,28,0.18024224085795187,0.008081405985858735,11885.35899468466,84.1371304347826,101.85,{}
test,bimodal,hetero,low,hybrid,1005,92,92,0,1.0,0.40929734263123785,0.27480681133657214,21,0.13477835962006465,0.011806213988906238,9742.287893714181,102.64529347826087,122.359,"{'family': 'hybrid', 'alpha': 0.1}"
test,bimodal,hetero,low,balance,1005,92,92,0,1.0,0.40577920118423993,0.33769216678850794,13,0.08139719769870252,0.03910361919210119,12217.527769975824,81.8496195652174,102.983,"{'family': 'balance', 'lam': 0.8}"
test,bimodal,hetero,low,wmatch,1005,92,92,0,1.0,0.481982229673957,0.32336852535123417,17,0.2501633222322581,0.16060562164865672,9087.818155129451,110.03741304347825,148.718,"{'family': 'wmatch', 'lam': 0.8}"
test,bimodal,hetero,low,d1_cheap,1005,92,92,0,1.0,0.4095327024046336,0.3290643664653911,15,0.08046833593924249,0.018685336059647676,7712.2486268006005,129.6638695652174,152.014,"{'family': 'd_cheap', 'alpha': 0.0, 'beta': 0.8, 'gamma': 0.2}"
test,bimodal,hetero,low,d1_cheap_nomad_ff,1005,92,92,0,1.0,0.48182985814958623,0.32284003850889625,17,0.2505394375502253,0.16060562164865672,9937.892492743178,100.62495652173914,128.47,{'derived_from': 'd1_cheap'}
test,bimodal,hetero,low,d2_capacity,1005,92,92,0,1.0,0.40660824926817524,0.3329564498032779,16,0.08030822535926989,0.0079115702305715,5413.577298940328,184.7207391304348,223.428,"{'family': 'd_capacity', 'alpha': 0.0, 'beta': 0.8, 'gamma': 0.2}"
test,bimodal,hetero,low,d2_capacity_nomad_ff,1005,92,92,0,1.0,0.4532964465189817,0.3540546933666314,16,0.20177999279662726,0.1204040913539804,6861.235392280692,145.74634782608695,190.707,{'derived_from': 'd2_capacity'}
test,bimodal,hetero,low,ff_only_cheap,1005,92,92,0,1.0,0.48182985814958623,0.32284003850889625,17,0.2505394375502253,0.16060562164865672,10106.84139784208,98.94288043478261,128.15,"{'alpha': 0, 'beta': 0, 'gamma': 1}"
test,bimodal,hetero,low,binpack,1006,94,94,0,1.0,0.46321449856914015,0.33128434018518754,17,0.27859942541857635,0.14103697445686766,15226.503965532378,65.6749574468085,88.075,{}
test,bimodal,hetero,low,spread,1006,94,94,0,1.0,0.38351213197936324,0.23612520735361214,30,0.24105591921179884,0.0,11907.87761843461,83.97802127659574,98.034,{}
test,bimodal,hetero,low,tetris,1006,94,94,0,1.0,0.41489558765257206,0.21933904656126882,28,0.19832648579995055,0.0023322422320713335,12063.724700668832,82.89313829787234,97.132,{}
test,bimodal,hetero,low,hybrid,1006,94,94,0,1.0,0.41356569278162225,0.29208744715901414,21,0.12568928084500774,0.005094850926615843,9832.149518125307,101.70715957446808,128.33,"{'family': 'hybrid', 'alpha': 0.1}"
test,bimodal,hetero,low,balance,1006,94,94,0,1.0,0.42572142403801233,0.3376570984662883,14,0.14176123216888253,0.07511438736117207,12560.00911803215,79.61777659574469,99.877,"{'family': 'balance', 'lam': 0.8}"
test,bimodal,hetero,low,wmatch,1006,94,94,0,1.0,0.4634955379659726,0.3354752451349377,17,0.2430609002568685,0.09289625496911053,9031.154119046943,110.72781914893616,143.368,"{'family': 'wmatch', 'lam': 0.8}"
test,bimodal,hetero,low,d1_cheap,1006,94,94,0,1.0,0.4034885682701694,0.32470260984900534,17,0.09858265011327262,0.024849371863849765,8002.7945077332115,124.95635106382979,154.338,"{'family': 'd_cheap', 'alpha': 0.0, 'beta': 0.8, 'gamma': 0.2}"
test,bimodal,hetero,low,d1_cheap_nomad_ff,1006,94,94,0,1.0,0.46321449856914015,0.33128434018518754,17,0.27859942541857635,0.14103697445686766,10332.24203606722,96.78441489361703,127.769,{'derived_from': 'd1_cheap'}
test,bimodal,hetero,low,d2_capacity,1006,94,94,0,1.0,0.4034885682701694,0.32470260984900534,17,0.09858265011327262,0.024849371863849765,5723.00904125839,174.73325531914895,218.76,"{'family': 'd_capacity', 'alpha': 0.0, 'beta': 0.8, 'gamma': 0.2}"
test,bimodal,hetero,low,d2_capacity_nomad_ff,1006,94,94,0,1.0,0.4632268087038844,0.3309860576513039,17,0.27891001808720417,0.14232563788689925,7147.626391135301,139.90658510638298,196.418,{'derived_from': 'd2_capacity'}
test,bimodal,hetero,low,ff_only_cheap,1006,94,94,0,1.0,0.46321449856914015,0.33128434018518754,17,0.27859942541857635,0.14103697445686766,10250.360698197868,97.5575425531915,128.48,"{'alpha': 0, 'beta': 0, 'gamma': 1}"
test,bimodal,hetero,low,binpack,1007,95,95,0,1.0,0.4480326153540559,0.38122960354940993,16,0.20916334718414126,0.13036801415118265,15454.213151990885,64.70727368421053,83.527,{}
test,bimodal,hetero,low,spread,1007,95,95,0,1.0,0.3756401235195714,0.2430487835832461,30,0.23392599551662147,0.0,11875.267193511854,84.20863157894738,99.606,{}
test,bimodal,hetero,low,tetris,1007,95,95,0,1.0,0.4167364287715691,0.25518006924409015,26,0.16155635952747896,0.02186592907472152,11962.936555888195,83.59151578947369,99.937,{}
test,bimodal,hetero,low,hybrid,1007,95,95,0,1.0,0.40044194392576943,0.32131792614311816,17,0.08237461670468452,0.032789500009785276,10004.833914491319,99.95168421052632,122.499,"{'family': 'hybrid', 'alpha': 0.1}"
test,bimodal,hetero,low,balance,1007,95,95,0,1.0,0.42387396979147934,0.3648070786846992,14,0.1056761660841363,0.0721907719718209,12685.910346935612,78.8276105263158,103.483,"{'family': 'balance', 'lam': 0.8}"
test,bimodal,hetero,low,wmatch,1007,95,95,0,1.0,0.44279996461739857,0.3849704255997462,16,0.18682759644678087,0.09626992883206306,9223.084273165621,108.42360000000001,149.059,"{'family': 'wmatch', 'lam': 0.8}"
test,bimodal,hetero,low,d1_cheap,1007,95,95,0,1.0,0.40097849134289354,0.3608253952633289,13,0.042620276882701195,0.021008513786268473,7800.583582185634,128.19553684210527,156.593,"{'family': 'd_cheap', 'alpha': 0.0, 'beta': 0.8, 'gamma': 0.2}"
test,bimodal,hetero,low,d1_cheap_nomad_ff,1007,95,95,0,1.0,0.4480326153540559,0.38122960354940993,16,0.20916334718414126,0.13036801415118265,9938.797928545275,100.61578947368422,133.459,{'derived_from': 'd1_cheap'}
test,bimodal,hetero,low,d2_capacity,1007,95,95,0,1.0,0.3997366460112236,0.36026850370347396,14,0.04193532311088613,0.02246123482672228,5479.93564825043,182.4838947368421,221.825,"{'family': 'd_capacity', 'alpha': 0.0, 'beta': 0.8, 'gamma': 0.2}"
test,bimodal,hetero,low,d2_capacity_nomad_ff,1007,95,95,0,1.0,0.471266945302445,0.33543549690357743,16,0.20530505259662904,0.13643092539893958,6752.966258199878,148.08307368421055,194.774,{'derived_from': 'd2_capacity'}
test,bimodal,hetero,low,ff_only_cheap,1007,95,95,0,1.0,0.4480326153540559,0.38122960354940993,16,0.20916334718414126,0.13036801415118265,9907.701934609167,100.93157894736842,134.241,"{'alpha': 0, 'beta': 0, 'gamma': 1}"
test,bimodal,hetero,low,binpack,1008,90,90,0,1.0,0.44128253311293025,0.33801098038217964,15,0.1828777433674331,0.09277193970920511,14713.55167154121,67.96455555555556,89.047,{}
test,bimodal,hetero,low,spread,1008,90,90,0,1.0,0.38007264427130794,0.22262877538857678,30,0.2510764585131867,0.0,11848.016799961244,84.4023111111111,95.94,{}
test,bimodal,hetero,low,tetris,1008,90,90,0,1.0,0.41626525597044767,0.2218533303841059,29,0.19441192558634177,0.0,11836.322596605107,84.4857,102.291,{}
test,bimodal,hetero,low,hybrid,1008,90,90,0,1.0,0.4045251968051396,0.29433921741621627,21,0.11447937667243786,0.009655887214217857,9715.575449215823,102.92751111111112,126.877,"{'family': 'hybrid', 'alpha': 0.1}"
test,bimodal,hetero,low,balance,1008,90,90,0,1.0,0.3975700675375736,0.3276621965897391,13,0.07552996118044765,0.018663297407605587,12302.187657023756,81.28635555555555,98.023,"{'family': 'balance', 'lam': 0.8}"
test,bimodal,hetero,low,wmatch,1008,90,90,0,1.0,0.44128253311293025,0.33801098038217964,15,0.1828777433674331,0.09277193970920511,8787.296459363928,113.80064444444444,143.93,"{'family': 'wmatch', 'lam': 0.8}"
test,bimodal,hetero,low,d1_cheap,1008,90,90,0,1.0,0.4020707006067083,0.3154640652023637,17,0.0946908089306904,0.009090144656357916,7871.946865408251,127.03337777777777,157.835,"{'family': 'd_cheap', 'alpha': 0.0, 'beta': 0.8, 'gamma': 0.2}"
test,bimodal,hetero,low,d1_cheap_nomad_ff,1008,90,90,0,1.0,0.44128253311293025,0.33801098038217964,15,0.1828777433674331,0.09277193970920511,9912.198843995317,100.88578888888888,133.751,{'derived_from': 'd1_cheap'}
test,bimodal,hetero,low,d2_capacity,1008,90,90,0,1.0,0.3975912821373092,0.3151151528243247,17,0.0905603028393303,0.009090144656357916,5795.4652802368255,172.54870000000003,224.941,"{'family': 'd_capacity', 'alpha': 0.0, 'beta': 0.8, 'gamma': 0.2}"
test,bimodal,hetero,low,d2_capacity_nomad_ff,1008,90,90,0,1.0,0.4312388889285107,0.33816170997863126,15,0.15876103270087258,0.06587646427290847,7019.55859611636,142.4591,199.273,{'derived_from': 'd2_capacity'}
test,bimodal,hetero,low,ff_only_cheap,1008,90,90,0,1.0,0.44128253311293025,0.33801098038217964,15,0.1828777433674331,0.09277193970920511,9932.495450089376,100.67963333333333,130.113,"{'alpha': 0, 'beta': 0, 'gamma': 1}"
test,bimodal,hetero,low,binpack,1009,90,90,0,1.0,0.4599903573073709,0.3749519604535865,15,0.13870693653339713,0.04684810841507155,15107.877801441191,66.19063333333334,89.768,{}
test,bimodal,hetero,low,spread,1009,90,90,0,1.0,0.3861530139213834,0.2347320912926971,30,0.27783185546249484,0.0,11871.413596488277,84.23596666666666,99.156,{}
test,bimodal,hetero,low,tetris,1009,90,90,0,1.0,0.42420082735036924,0.2989150848330658,30,0.12528574251730346,0.007001094525934296,12504.402591745844,79.97183333333332,94.647,{}
test,bimodal,hetero,low,hybrid,1009,90,90,0,1.0,0.42745664125010724,0.34689760319652413,19,0.08204389995158458,0.02078392352933462,10355.24949017655,96.56937777777777,121.737,"{'family': 'hybrid', 'alpha': 0.1}"
test,bimodal,hetero,low,balance,1009,90,90,0,1.0,0.4466613741774287,0.3756739540482516,15,0.08515230683556843,0.034780743472623166,12804.421565946614,78.09802222222223,98.234,"{'family': 'balance', 'lam': 0.8}"
test,bimodal,hetero,low,wmatch,1009,90,90,0,1.0,0.4599903573073709,0.3749519604535865,15,0.13870693653339713,0.04684810841507155,8999.384442104161,111.11871111111111,145.502,"{'family': 'wmatch', 'lam': 0.8}"
test,bimodal,hetero,low,d1_cheap,1009,90,90,0,1.0,0.42938114756401824,0.3482310932678564,18,0.08781071687768055,0.020986768970418717,8069.469886935071,123.92387777777778,150.201,"{'family': 'd_cheap', 'alpha': 0.0, 'beta': 0.8, 'gamma': 0.2}"
test,bimodal,hetero,low,d1_cheap_nomad_ff,1009,90,90,0,1.0,0.4599903573073709,0.3749519604535865,15,0.13870693653339713,0.04684810841507155,9935.109385002377,100.65314444444445,128.0,{'derived_from': 'd1_cheap'}
test,bimodal,hetero,low,d2_capacity,1009,90,90,0,1.0,0.42938114756401824,0.3482310932678564,18,0.08781071687768055,0.020986768970418717,5983.50268529628,167.1261888888889,210.524,"{'family': 'd_capacity', 'alpha': 0.0, 'beta': 0.8, 'gamma': 0.2}"
test,bimodal,hetero,low,d2_capacity_nomad_ff,1009,90,90,0,1.0,0.4599903573073709,0.3749519604535865,15,0.13870693653339713,0.04684810841507155,7064.9082162449085,141.54465555555558,185.106,{'derived_from': 'd2_capacity'}
test,bimodal,hetero,low,ff_only_cheap,1009,90,90,0,1.0,0.4599903573073709,0.3749519604535865,15,0.13870693653339713,0.04684810841507155,10180.588942545619,98.22614444444444,126.426,"{'alpha': 0, 'beta': 0, 'gamma': 1}"
test,bimodal,hetero,med,binpack,1000,162,162,0,1.0,0.7995376825002045,0.47669041213802094,26,0.4037947774017331,0.29904843706537004,19231.823967553777,51.99714814814815,82.034,{}
test,bimodal,hetero,med,spread,1000,162,162,0,1.0,0.724593612228711,0.37117412890234713,30,0.4632540067656766,0.22056003255024917,12844.494088678386,77.85437037037036,98.685,{}
test,bimodal,hetero,med,tetris,1000,162,162,0,1.0,0.7499449344402368,0.4034545337395313,30,0.3468597462897284,0.026700787217099883,13264.068694120504,75.39164814814815,93.815,{}
test,bimodal,hetero,med,hybrid,1000,162,162,0,1.0,0.7435814577022842,0.4679828194795666,30,0.2763767127590636,0.026614029266974735,11006.113692339175,90.8585925925926,121.838,"{'family': 'hybrid', 'alpha': 0.1}"
test,bimodal,hetero,med,balance,1000,162,162,0,1.0,0.729704215964722,0.4769064440780797,25,0.26456295636959315,0.12535995312419002,14885.267664677922,67.18051851851853,98.775,"{'family': 'balance', 'lam': 0.8}"
test,bimodal,hetero,med,wmatch,1000,162,162,0,1.0,0.7995376825002045,0.47669041213802094,26,0.4037947774017331,0.29904843706537004,11750.571915567354,85.10224074074074,135.824,"{'family': 'wmatch', 'lam': 0.8}"
test,bimodal,hetero,med,d1_cheap,1000,162,162,0,1.0,0.7479821604051791,0.4792766872113262,30,0.27332798941870123,0.03671322487602769,8945.232318174625,111.7913950617284,146.294,"{'family': 'd_cheap', 'alpha': 0.0, 'beta': 0.8, 'gamma': 0.2}"
test,bimodal,hetero,med,d1_cheap_nomad_ff,1000,162,162,0,1.0,0.7982444498712318,0.4667875661061095,26,0.38455399487510256,0.26756571641778343,12764.67192665703,78.34122222222221,123.721,{'derived_from': 'd1_cheap'}
test,bimodal,hetero,med,d2_capacity,1000,162,162,0,1.0,0.7383420888644961,0.47623466059642483,30,0.26672994449291976,0.04192139478405635,6338.543733662844,157.76494444444444,209.562,"{'family': 'd_capacity', 'alpha': 0.0, 'beta': 0.8, 'gamma': 0.2}"
test,bimodal,hetero,med,d2_capacity_nomad_ff,1000,162,162,0,1.0,0.799522249374876,0.46470940638627195,26,0.41576035002815365,0.29904843706537004,9000.52253033579,111.10466049382717,183.964,{'derived_from': 'd2_capacity'}
test,bimodal,hetero,med,ff_only_cheap,1000,162,162,0,1.0,0.7982444498712318,0.4667875661061095,26,0.38455399487510256,0.26756571641778343,12689.574011000452,78.80485185185185,124.052,"{'alpha': 0, 'beta': 0, 'gamma': 1}"
test,bimodal,hetero,med,binpack,1001,170,170,0,1.0,0.7887406092918456,0.5262669366845871,25,0.3195274223812476,0.22420603090191185,19394.64963223181,51.56061176470588,82.154,{}
test,bimodal,hetero,med,spread,1001,170,170,0,1.0,0.7186296849607363,0.42507104836522114,30,0.4765804828004046,0.18463711921199635,12866.343590256303,77.72215882352941,92.002,{}
test,bimodal,hetero,med,tetris,1001,170,170,0,1.0,0.7483700505772087,0.4429321170286023,30,0.30734192147811334,0.01665447911350886,13007.217398882465,76.88039411764706,93.134,{}
test,bimodal,hetero,med,hybrid,1001,170,170,0,1.0,0.7569912500570452,0.5268121390440345,30,0.23162881419467798,0.031538228320245484,11418.824550230973,87.57468823529412,113.563,"{'family': 'hybrid', 'alpha': 0.1}"
test,bimodal,hetero,med,balance,1001,170,170,0,1.0,0.7575590595456796,0.5375138095399657,25,0.2238331202092964,0.11514135908524809,15542.206324068899,64.3409294117647,93.144,"{'family': 'balance', 'lam': 0.8}"
test,bimodal,hetero,med,wmatch,1001,170,170,0,1.0,0.7887406092918456,0.5262669366845871,25,0.3195274223812476,0.22420603090191185,11876.135262474116,84.20247647058824,137.948,"{'family': 'wmatch', 'lam': 0.8}"
test,bimodal,hetero,med,d1_cheap,1001,170,170,0,1.0,0.7436464168991191,0.5297839818585753,30,0.22917304913919948,0.047419147412240834,9321.593097546744,107.2778,148.478,"{'family': 'd_cheap', 'alpha': 0.0, 'beta': 0.8, 'gamma': 0.2}"
test,bimodal,hetero,med,d1_cheap_nomad_ff,1001,170,170,0,1.0,0.7887406092918456,0.5262669366845871,25,0.3195274223812476,0.22420603090191185,12999.655126796342,76.92511764705883,120.085,{'derived_from': 'd1_cheap'}
test,bimodal,hetero,med,d2_capacity,1001,170,170,0,1.0,0.751347291608399,0.536407523000997,30,0.21850081937901458,0.02668974216323145,6500.3042524760995,153.83895294117647,213.539,"{'family': 'd_capacity', 'alpha': 0.0, 'beta': 0.8, 'gamma': 0.2}"
test,bimodal,hetero,med,d2_capacity_nomad_ff,1001,170,170,0,1.0,0.7929324620855085,0.5190365220716116,25,0.3205363666201171,0.21638360617896676,8880.061759262466,112.6118294117647,180.698,{'derived_from': 'd2_capacity'}
test,bimodal,hetero,med,ff_only_cheap,1001,170,170,0,1.0,0.7887406092918456,0.5262669366845871,25,0.3195274223812476,0.22420603090191185,12887.452738109903,77.59485294117647,121.698,"{'alpha': 0, 'beta': 0, 'gamma': 1}"
test,bimodal,hetero,med,binpack,1002,179,179,0,1.0,0.7747331904925446,0.5907863277252827,26,0.30297247377403047,0.12440024926035864,19116.166702371538,52.31174301675978,81.082,{}
test,bimodal,hetero,med,spread,1002,179,179,0,1.0,0.7216720556879209,0.4684227434609824,30,0.4938733936205401,0.0245784327930838,12750.321215494532,78.4293966480447,92.413,{}
test,bimodal,hetero,med,tetris,1002,179,179,0,1.0,0.75565420791968,0.4786505609672718,30,0.2792037384424945,0.0058614519048332085,13417.32428421011,74.53050837988827,91.992,{}
test,bimodal,hetero,med,hybrid,1002,179,179,0,1.0,0.7623937111635488,0.5725472985599003,30,0.20200110035553073,0.014537983564869652,11902.981523979288,84.01256424581007,113.813,"{'family': 'hybrid', 'alpha': 0.1}"
test,bimodal,hetero,med,balance,1002,179,179,0,1.0,0.7651219544777222,0.5810896687433922,26,0.22850859258473638,0.09066087032918504,15948.566851981886,62.70155865921788,95.259,"{'family': 'balance', 'lam': 0.8}"
test,bimodal,hetero,med,wmatch,1002,179,179,0,1.0,0.7747477552446821,0.5924241378914296,26,0.3013492283600209,0.13949976372146355,11466.594766633338,87.20984916201118,136.665,"{'family': 'wmatch', 'lam': 0.8}"
test,bimodal,hetero,med,d1_cheap,1002,179,179,0,1.0,0.767312785811547,0.5893353160141079,30,0.1842715815566517,0.030132412677068617,9835.232384837807,101.67527932960894,149.219,"{'family': 'd_cheap', 'alpha': 0.0, 'beta': 0.8, 'gamma': 0.2}"
test,bimodal,hetero,med,d1_cheap_nomad_ff,1002,179,179,0,1.0,0.7747331904925446,0.5907863277252827,26,0.30297247377403047,0.12440024926035864,12588.871100368608,79.43524022346368,125.455,{'derived_from': 'd1_cheap'}
test,bimodal,hetero,med,d2_capacity,1002,179,179,0,1.0,0.7602826213444556,0.5879538994319344,30,0.17946313188139806,0.03007266488077519,7037.561628792135,142.09467039106147,209.061,"{'family': 'd_capacity', 'alpha': 0.0, 'beta': 0.8, 'gamma': 0.2}"
test,bimodal,hetero,med,d2_capacity_nomad_ff,1002,179,179,0,1.0,0.7756902368045923,0.5905893556939036,26,0.30310374553464375,0.10279079889467879,8862.461041066861,112.8354748603352,184.365,{'derived_from': 'd2_capacity'}
test,bimodal,hetero,med,ff_only_cheap,1002,179,179,0,1.0,0.7747331904925446,0.5907863277252827,26,0.30297247377403047,0.12440024926035864,12542.752216178189,79.72731843575419,128.481,"{'alpha': 0, 'beta': 0, 'gamma': 1}"
test,bimodal,hetero,med,binpack,1003,173,173,0,1.0,0.7909236193298076,0.5356560271715904,25,0.2850895233161198,0.12867232445632656,18478.6377334637,54.116543352601155,83.426,{}
test,bimodal,hetero,med,spread,1003,173,173,0,1.0,0.7301133101102676,0.41359887643312404,30,0.46565996843420004,0.03815422861657666,12794.553927861494,78.15825433526012,95.83,{}
test,bimodal,hetero,med,tetris,1003,173,173,0,1.0,0.7634530856735743,0.4399770888744715,30,0.3234759967991027,0.010131071931317764,12941.292462587322,77.27203468208091,100.759,{}
test,bimodal,hetero,med,hybrid,1003,173,173,0,1.0,0.7764204854577864,0.5353035844313659,30,0.2461158390075676,0.017787629322278876,11565.066333343182,86.46729479768787,121.207,"{'family': 'hybrid', 'alpha': 0.1}"
test,bimodal,hetero,med,balance,1003,173,173,0,1.0,0.7709815341499536,0.5303935265404391,25,0.2465638924561052,0.11726013371820065,15668.151095679239,63.82373988439306,95.148,"{'family': 'balance', 'lam': 0.8}"
test,bimodal,hetero,med,wmatch,1003,173,173,0,1.0,0.7904403954695833,0.5347484076332538,25,0.28343004844943304,0.15109084024701905,11152.78182934632,89.66372832369943,139.612,"{'family': 'wmatch', 'lam': 0.8}"
test,bimodal,hetero,med,d1_cheap,1003,173,173,0,1.0,0.7724128600643428,0.542449428807008,30,0.23834828784687406,0.04086374233342171,9356.81674387753,106.87395375722544,146.604,"{'family': 'd_cheap', 'alpha': 0.0, 'beta': 0.8, 'gamma': 0.2}"
test,bimodal,hetero,med,d1_cheap_nomad_ff,1003,173,173,0,1.0,0.7909236193298076,0.5356560271715904,25,0.2850895233161198,0.12867232445632656,12223.752036173262,81.80794219653178,128.089,{'derived_from': 'd1_cheap'}
test,bimodal,hetero,med,d2_capacity,1003,173,173,0,1.0,0.7724128600643428,0.542449428807008,30,0.23834828784687406,0.04086374233342171,6618.309902475952,151.0959768786127,214.512,"{'family': 'd_capacity', 'alpha': 0.0, 'beta': 0.8, 'gamma': 0.2}"
test,bimodal,hetero,med,d2_capacity_nomad_ff,1003,173,173,0,1.0,0.7909236193298076,0.5356560271715904,25,0.2850895233161198,0.12867232445632656,8365.332341356429,119.54097687861271,190.166,{'derived_from': 'd2_capacity'}
test,bimodal,hetero,med,ff_only_cheap,1003,173,173,0,1.0,0.7909236193298076,0.5356560271715904,25,0.2850895233161198,0.12867232445632656,12053.875948197598,82.96086705202312,127.549,"{'alpha': 0, 'beta': 0, 'gamma': 1}"
test,bimodal,hetero,med,binpack,1004,184,184,0,1.0,0.7831073750770019,0.545701704057088,25,0.2852157457560572,0.1819376598800764,18891.33917315278,52.93430978260869,81.403,{}
test,bimodal,hetero,med,spread,1004,184,184,0,1.0,0.7355805223640731,0.4364418239233098,30,0.47436032217719093,0.09894349427168483,12701.00023137909,78.73395652173913,98.885,{}
test,bimodal,hetero,med,tetris,1004,184,184,0,1.0,0.7636704879711989,0.4628844422202794,30,0.3016077977977186,0.00957189902404951,12903.048457398483,77.50106521739131,96.821,{}
test,bimodal,hetero,med,hybrid,1004,184,184,0,1.0,0.7575678505876865,0.5267378972162523,30,0.232338774127908,0.01770485321667694,11304.322877510473,88.46173369565217,116.959,"{'family': 'hybrid', 'alpha': 0.1}"
test,bimodal,hetero,med,balance,1004,184,184,0,1.0,0.7595479278936874,0.5478875027264422,24,0.22181593978023853,0.11526565190474732,15472.945722588249,64.6289347826087,95.559,"{'family': 'balance', 'lam': 0.8}"
test,bimodal,hetero,med,wmatch,1004,184,184,0,1.0,0.7831073750770019,0.545701704057088,25,0.2852157457560572,0.1819376598800764,11337.150338253738,88.20558695652174,138.69,"{'family': 'wmatch', 'lam': 0.8}"
test,bimodal,hetero,med,d1_cheap,1004,184,184,0,1.0,0.7568112956279937,0.5595524887963315,30,0.20371165891020362,0.0346867380551722,9173.673392099352,109.00758695652175,150.432,"{'family': 'd_cheap', 'alpha': 0.0, 'beta': 0.8, 'gamma': 0.2}"
test,bimodal,hetero,med,d1_cheap_nomad_ff,1004,184,184,0,1.0,0.7823962500705153,0.5472180012198457,25,0.2832542172443999,0.16296628645923097,12321.726713208865,81.15745652173914,122.619,{'derived_from': 'd1_cheap'}
test,bimodal,hetero,med,d2_capacity,1004,184,184,0,1.0,0.7552182423805365,0.5575728269681471,30,0.2036654676623095,0.022290746245017323,6469.610761494283,154.56880434782607,221.304,"{'family': 'd_capacity', 'alpha': 0.0, 'beta': 0.8, 'gamma': 0.2}"
test,bimodal,hetero,med,d2_capacity_nomad_ff,1004,184,184,0,1.0,0.7823978213563773,0.5395628623871839,25,0.2908383709736829,0.1509179753368018,8557.353452415418,116.8585597826087,186.479,{'derived_from': 'd2_capacity'}
test,bimodal,hetero,med,ff_only_cheap,1004,184,184,0,1.0,0.7823962500705153,0.5472180012198457,25,0.2832542172443999,0.16296628645923097,12288.757756860916,81.3751902173913,127.819,"{'alpha': 0, 'beta': 0, 'gamma': 1}"
test,bimodal,hetero,med,binpack,1005,172,172,0,1.0,0.7993024393110331,0.5888987012552265,27,0.33470806630394795,0.22628415077958744,19206.280364347604,52.0663023255814,82.054,{}
test,bimodal,hetero,med,spread,1005,172,172,0,1.0,0.729380889386397,0.473787012316145,30,0.4817739202492371,0.13726695397713062,12814.842806581702,78.03451162790698,97.413,{}
test,bimodal,hetero,med,tetris,1005,172,172,0,1.0,0.7715613556558292,0.47840838889494935,30,0.2931529667608798,0.025975934566290167,13074.822801943648,76.48287209302325,95.068,{}
test,bimodal,hetero,med,hybrid,1005,172,172,0,1.0,0.764101685158439,0.52188798531168,30,0.2507326803655565,0.019027904999973134,10947.19176526777,91.34762790697675,120.455,"{'family': 'hybrid', 'alpha': 0.1}"
test,bimodal,hetero,med,balance,1005,172,172,0,1.0,0.7745216313590112,0.5648613405060529,25,0.22868916015852722,0.1273550968766508,15617.585619327163,64.03038372093023,97.562,"{'family': 'balance', 'lam': 0.8}"
test,bimodal,hetero,med,wmatch,1005,172,172,0,1.0,0.7978908894465515,0.5860919810126479,26,0.32013075535056107,0.22281799510023914,11502.066961556482,86.9408953488372,138.218,"{'family': 'wmatch', 'lam': 0.8}"
test,bimodal,hetero,med,d1_cheap,1005,172,172,0,1.0,0.7596272600239213,0.5657226096210632,30,0.1998009825959324,0.043560079864434165,9048.017090231351,110.52145348837209,148.247,"{'family': 'd_cheap', 'alpha': 0.0, 'beta': 0.8, 'gamma': 0.2}"
test,bimodal,hetero,med,d1_cheap_nomad_ff,1005,172,172,0,1.0,0.7985613564193428,0.5673065657956536,25,0.27591142676207225,0.20201396019155854,12473.7335443715,80.16845930232559,125.135,{'derived_from': 'd1_cheap'}
test,bimodal,hetero,med,d2_capacity,1005,172,172,0,1.0,0.7581633831323611,0.5642025752918923,30,0.20122225287133474,0.03154672178361357,6471.995562318206,154.5118488372093,220.172,"{'family': 'd_capacity', 'alpha': 0.0, 'beta': 0.8, 'gamma': 0.2}"
test,bimodal,hetero,med,d2_capacity_nomad_ff,1005,172,172,0,1.0,0.7938689958477446,0.5936934705212114,26,0.2666916419230198,0.1990628145391344,8808.305863709698,113.52920930232558,186.719,{'derived_from': 'd2_capacity'}
test,bimodal,hetero,med,ff_only_cheap,1005,172,172,0,1.0,0.7985613564193428,0.5673065657956536,25,0.27591142676207225,0.20201396019155854,12535.970765533106,79.7704476744186,124.603,"{'alpha': 0, 'beta': 0, 'gamma': 1}"
test,bimodal,hetero,med,binpack,1006,177,177,0,1.0,0.7781552346504481,0.565150465248338,26,0.3413850989320642,0.24078186017281072,19302.301412306864,51.80729378531073,83.125,{}
test,bimodal,hetero,med,spread,1006,177,177,0,1.0,0.7168165186755121,0.43242586598914373,30,0.43240274020632197,0.1359329927844207,12666.666857501572,78.94736723163842,98.034,{}
test,bimodal,hetero,med,tetris,1006,177,177,0,1.0,0.7635421893833738,0.4418135075095924,30,0.32251110923300236,0.03791165750205232,13129.214839573233,76.16601694915255,99.195,{}
test,bimodal,hetero,med,hybrid,1006,177,177,0,1.0,0.7570792143822621,0.5218687549075034,30,0.2375756593435632,0.026457208505616697,11121.496759937278,89.91595480225989,118.452,"{'family': 'hybrid', 'alpha': 0.1}"
test,bimodal,hetero,med,balance,1006,177,177,0,1.0,0.7640616655149733,0.5386750933129221,24,0.25351398407498116,0.16268301434446417,15542.889417874008,64.33810169491525,95.018,"{'family': 'balance', 'lam': 0.8}"
test,bimodal,hetero,med,wmatch,1006,177,177,0,1.0,0.7781552346504481,0.565150465248338,26,0.3413850989320642,0.24078186017281072,11636.130698597788,85.93922033898305,137.918,"{'family': 'wmatch', 'lam': 0.8}"
test,bimodal,hetero,med,d1_cheap,1006,177,177,0,1.0,0.7447482013956519,0.5580993360563191,30,0.19845517165448298,0.04426953211281645,9394.696518659857,106.44303389830509,145.542,"{'family': 'd_cheap', 'alpha': 0.0, 'beta': 0.8, 'gamma': 0.2}"
test,bimodal,hetero,med,d1_cheap_nomad_ff,1006,177,177,0,1.0,0.7781552346504481,0.565150465248338,26,0.3413850989320642,0.24078186017281072,12840.438472681351,77.8789604519774,118.712,{'derived_from': 'd1_cheap'}
test,bimodal,hetero,med,d2_capacity,1006,177,177,0,1.0,0.7468495828868565,0.5586287696298524,30,0.19948068523404366,0.04773645667933839,6735.82647962989,148.45988135593223,213.189,"{'family': 'd_capacity', 'alpha': 0.0, 'beta': 0.8, 'gamma': 0.2}"
test,bimodal,hetero,med,d2_capacity_nomad_ff,1006,177,177,0,1.0,0.7781377391888596,0.5635563655038067,26,0.34150009652367314,0.2332448550431982,9073.664468088717,110.20905649717514,183.032,{'derived_from': 'd2_capacity'}
test,bimodal,hetero,med,ff_only_cheap,1006,177,177,0,1.0,0.7781552346504481,0.565150465248338,26,0.3413850989320642,0.24078186017281072,12793.908422649149,78.162197740113,120.686,"{'alpha': 0, 'beta': 0, 'gamma': 1}"
test,bimodal,hetero,med,binpack,1007,178,178,0,1.0,0.7881486496157178,0.5819852493870324,26,0.3221923739796972,0.21876516386316402,19816.71983410956,50.46243820224719,82.475,{}
test,bimodal,hetero,med,spread,1007,178,178,0,1.0,0.7282952012643128,0.46331916757240105,30,0.50381760161457,0.17437293247445412,12816.068181482726,78.02705056179775,96.711,{}
test,bimodal,hetero,med,tetris,1007,178,178,0,1.0,0.7681380379065893,0.5145923157808194,30,0.2581744238910823,0.04571164644315218,13919.338528009619,71.84249438202247,93.115,{}
test,bimodal,hetero,med,hybrid,1007,178,178,0,1.0,0.7676643403308012,0.5706150621405394,30,0.19826353869752647,0.05023764869346062,11988.822376369142,83.41102808988764,116.528,"{'family': 'hybrid', 'alpha': 0.1}"
test,bimodal,hetero,med,balance,1007,178,178,0,1.0,0.7670063312845982,0.566983050815482,25,0.23713600565807877,0.14447084071768493,15907.571646630275,62.86314606741573,97.302,"{'family': 'balance', 'lam': 0.8}"
test,bimodal,hetero,med,wmatch,1007,178,178,0,1.0,0.7874669470214134,0.5831910497803109,26,0.3041025785154202,0.20897105064132437,11840.9938132803,84.45237078651685,135.965,"{'family': 'wmatch', 'lam': 0.8}"
test,bimodal,hetero,med,d1_cheap,1007,178,178,0,1.0,0.758650763913465,0.581259170345141,30,0.18868705232894076,0.04484503988856312,9524.871580116263,104.98829213483145,146.905,"{'family': 'd_cheap', 'alpha': 0.0, 'beta': 0.8, 'gamma': 0.2}"
test,bimodal,hetero,med,d1_cheap_nomad_ff,1007,178,178,0,1.0,0.7874669470214134,0.5831910497803109,26,0.3041025785154202,0.20897105064132437,12974.031382869935,77.07704494382023,125.094,{'derived_from': 'd1_cheap'}
test,bimodal,hetero,med,d2_capacity,1007,178,178,0,1.0,0.7441471780822925,0.580346890746338,30,0.17509574609657116,0.03878006820441207,6800.763718124238,147.04230898876403,210.173,"{'family': 'd_capacity', 'alpha': 0.0, 'beta': 0.8, 'gamma': 0.2}"
test,bimodal,hetero,med,d2_capacity_nomad_ff,1007,178,178,0,1.0,0.7874669470214134,0.5831910497803109,26,0.3041025785154202,0.20897105064132437,8978.561062512828,111.37642134831461,189.574,{'derived_from': 'd2_capacity'}
test,bimodal,hetero,med,ff_only_cheap,1007,178,178,0,1.0,0.7874669470214134,0.5831910497803109,26,0.3041025785154202,0.20897105064132437,13006.97517311882,76.88182584269663,124.844,"{'alpha': 0, 'beta': 0, 'gamma': 1}"
test,bimodal,hetero,med,binpack,1008,170,170,0,1.0,0.7846257485839877,0.5349299067889285,25,0.32225439671753564,0.22240770524877843,19285.20630689774,51.85321764705883,81.212,{}
test,bimodal,hetero,med,spread,1008,170,170,0,1.0,0.7258631822100364,0.4183150051920502,30,0.49024231726653816,0.07370480599193502,12831.532842836668,77.93301176470588,96.551,{}
test,bimodal,hetero,med,tetris,1008,170,170,0,1.0,0.7533739876082438,0.4307543984916518,30,0.3238057036516919,0.004242666602190545,12873.80513102921,77.67711176470588,94.978,{}
test,bimodal,hetero,med,hybrid,1008,170,170,0,1.0,0.758433437976438,0.5119764247970074,30,0.25774847308349574,0.01046729411186463,11016.382462359776,90.7739,113.663,"{'family': 'hybrid', 'alpha': 0.1}"
test,bimodal,hetero,med,balance,1008,170,170,0,1.0,0.7351743433760605,0.5237457988235547,24,0.22257220098761235,0.08526733371102284,15119.306447174655,66.1406,97.542,"{'family': 'balance', 'lam': 0.8}"
test,bimodal,hetero,med,wmatch,1008,170,170,0,1.0,0.7838291832599198,0.543018884734377,26,0.32315113138520524,0.21000402601615697,11722.42160682267,85.30660588235294,135.414,"{'family': 'wmatch', 'lam': 0.8}"
test,bimodal,hetero,med,d1_cheap,1008,170,170,0,1.0,0.7507472164828225,0.5477730359456735,30,0.21027941339896492,0.017929268144881397,9181.58534761563,108.91365294117647,140.963,"{'family': 'd_cheap', 'alpha': 0.0, 'beta': 0.8, 'gamma': 0.2}"
test,bimodal,hetero,med,d1_cheap_nomad_ff,1008,170,170,0,1.0,0.7839206181387336,0.5413372302488582,26,0.3231717970418136,0.18191206685692185,13071.978852306402,76.49951176470589,114.594,{'derived_from': 'd1_cheap'}
test,bimodal,hetero,med,d2_capacity,1008,170,170,0,1.0,0.7507485606686414,0.5410641895491898,30,0.2170862386409357,0.021289662734723633,6644.495158879456,150.50052352941177,203.601,"{'family': 'd_capacity', 'alpha': 0.0, 'beta': 0.8, 'gamma': 0.2}"
test,bimodal,hetero,med,d2_capacity_nomad_ff,1008,170,170,0,1.0,0.7826592778175385,0.535831866817999,25,0.31917251950950387,0.23087619724369327,9321.80471016535,107.27536470588235,175.649,{'derived_from': 'd2_capacity'}
test,bimodal,hetero,med,ff_only_cheap,1008,170,170,0,1.0,0.7839206181387336,0.5413372302488582,26,0.3231717970418136,0.18191206685692185,13013.401660326334,76.84385882352942,119.984,"{'alpha': 0, 'beta': 0, 'gamma': 1}"
test,bimodal,hetero,med,binpack,1009,169,169,0,1.0,0.796457251052733,0.5599234652824746,26,0.2944387986211248,0.15141149988396002,19572.869038628156,51.09113017751479,81.953,{}
test,bimodal,hetero,med,spread,1009,169,169,0,1.0,0.7169545828635618,0.47434101107035237,30,0.49062923642893413,0.0594274810043689,12911.307264512652,77.45149112426036,96.18,{}
test,bimodal,hetero,med,tetris,1009,169,169,0,1.0,0.76445528503381,0.5094374992479203,30,0.2550177857858898,0.009608846749685441,13879.78626771726,72.04721893491124,91.481,{}
test,bimodal,hetero,med,hybrid,1009,169,169,0,1.0,0.766257056564993,0.5631833081841979,30,0.21066575429691267,0.034901320663298124,12587.687394540875,79.4427100591716,110.025,"{'family': 'hybrid', 'alpha': 0.1}"
test,bimodal,hetero,med,balance,1009,169,169,0,1.0,0.7680638773171155,0.578706752375489,26,0.22593401081637038,0.08016940732698953,15747.63089006821,63.501615384615384,94.156,"{'family': 'balance', 'lam': 0.8}"
test,bimodal,hetero,med,wmatch,1009,169,169,0,1.0,0.796457251052733,0.5599234652824746,26,0.2944387986211248,0.15141149988396002,11830.736463344843,84.52559171597633,131.567,"{'family': 'wmatch', 'lam': 0.8}"
test,bimodal,hetero,med,d1_cheap,1009,169,169,0,1.0,0.7662513056418955,0.5673443855752294,30,0.2092055975261981,0.03198974424504787,9915.990438168843,100.84721301775147,139.541,"{'family': 'd_cheap', 'alpha': 0.0, 'beta': 0.8, 'gamma': 0.2}"
test,bimodal,hetero,med,d1_cheap_nomad_ff,1009,169,169,0,1.0,0.796457251052733,0.5599234652824746,26,0.2944387986211248,0.15141149988396002,13205.561838833071,75.72566863905325,116.508,{'derived_from': 'd1_cheap'}
test,bimodal,hetero,med,d2_capacity,1009,169,169,0,1.0,0.7662513056418955,0.5673443855752294,30,0.2092055975261981,0.03198974424504787,7082.767375516172,141.18775147928994,208.6,"{'family': 'd_capacity', 'alpha': 0.0, 'beta': 0.8, 'gamma': 0.2}"
test,bimodal,hetero,med,d2_capacity_nomad_ff,1009,169,169,0,1.0,0.7932982094564692,0.5676795095742616,25,0.28327199313198287,0.16162993379326498,9163.102409597726,109.13334319526626,177.743,{'derived_from': 'd2_capacity'}
test,bimodal,hetero,med,ff_only_cheap,1009,169,169,0,1.0,0.796457251052733,0.5599234652824746,26,0.2944387986211248,0.15141149988396002,13049.069520269106,76.63381656804734,117.269,"{'alpha': 0, 'beta': 0, 'gamma': 1}"
