split,family,cluster_config,load,policy,seed,submitted,placed,rejected,admission_rate,mean_cpu_util,mean_ram_util,active_nodes,free_imbalance,stranded_frac,decisions_per_sec,mean_latency_us,p95_latency_us,params
test,balanced,homog,high,binpack,1000,253,227,26,0.8972332015810277,0.9800347222222222,0.5880208333333333,30,0.39201388888888894,0.2649739583333333,9895.69855496204,101.05400790513833,225.481,{}
test,balanced,homog,high,spread,1000,253,226,27,0.8932806324110671,0.9444444444444444,0.5666666666666667,30,0.3777777777777778,0.087890625,6263.393884095426,159.65784980237154,294.772,{}
test,balanced,homog,high,tetris,1000,253,226,27,0.8932806324110671,0.9444444444444444,0.5666666666666667,30,0.3777777777777778,0.087890625,6172.2445093920705,162.01561660079054,295.713,{}
test,balanced,homog,high,hybrid,1000,253,226,27,0.8932806324110671,0.9444444444444444,0.5666666666666667,30,0.3777777777777778,0.10768229166666667,4587.64846550684,217.97659683794467,389.849,"{'family': 'hybrid', 'alpha': 0.1}"
test,balanced,homog,high,balance,1000,253,227,26,0.8972332015810277,0.9800347222222222,0.5880208333333333,30,0.39201388888888894,0.2649739583333333,9383.29359836106,106.57238735177866,224.49,"{'family': 'balance', 'lam': 0.8}"
test,balanced,homog,high,wmatch,1000,253,226,27,0.8932806324110671,0.978298611111111,0.5869791666666667,30,0.39131944444444444,0.2662760416666667,6746.915672834432,148.21587351778655,300.352,"{'family': 'wmatch', 'lam': 0.8}"
test,balanced,homog,high,d1_cheap,1000,253,228,25,0.9011857707509882,0.953125,0.571875,30,0.38125,0.143359375,3851.684919568065,259.62663636363635,360.204,"{'family': 'd_cheap', 'alpha': 0.0, 'beta': 0.8, 'gamma': 0.2}"
test,balanced,homog,high,d1_cheap_nomad_ff,1000,253,228,25,0.9011857707509882,0.9713541666666666,0.5828125,30,0.3885416666666667,0.229296875,6690.456838144045,149.46662450592888,275.045,{'derived_from': 'd1_cheap'}
test,balanced,homog,high,d2_capacity,1000,253,227,26,0.8972332015810277,0.9487847222222222,0.5692708333333333,30,0.3795138888888889,0.11627604166666666,2736.1064677209406,365.4828537549407,495.848,"{'family': 'd_capacity', 'alpha': 0.0, 'beta': 0.8, 'gamma': 0.2}"
test,balanced,homog,high,d2_capacity_nomad_ff,1000,253,228,25,0.9011857707509882,0.9713541666666666,0.5828125,30,0.3885416666666667,0.21015625,4611.8800352661165,216.8313122529644,393.686,{'derived_from': 'd2_capacity'}
test,balanced,homog,high,ff_only_cheap,1000,253,228,25,0.9011857707509882,0.9713541666666666,0.5828125,30,0.3885416666666667,0.229296875,6647.137743801182,150.44069169960474,286.536,"{'alpha': 0, 'beta': 0, 'gamma': 1}"
test,balanced,homog,high,binpack,1001,253,228,25,0.9011857707509882,0.9817708333333334,0.5890625,30,0.3927083333333333,0.263671875,10983.188558556349,91.04824110671936,177.693,{}
test,balanced,homog,high,spread,1001,253,226,27,0.8932806324110671,0.939236111111111,0.5635416666666667,30,0.37569444444444444,0.08854166666666667,6612.200084129139,151.2355928853755,227.535,{}
test,balanced,homog,high,tetris,1001,253,226,27,0.8932806324110671,0.939236111111111,0.5635416666666667,30,0.37569444444444444,0.08854166666666667,6503.510301817374,153.76311462450593,236.121,{}
test,balanced,homog,high,hybrid,1001,253,226,27,0.8932806324110671,0.939236111111111,0.5635416666666667,30,0.37569444444444444,0.08723958333333333,4839.384371393714,206.6378537549407,315.19,"{'family': 'hybrid', 'alpha': 0.1}"
test,balanced,homog,high,balance,1001,253,228,25,0.9011857707509882,0.9817708333333334,0.5890625,30,0.3927083333333333,0.263671875,9349.088382586277,106.96230039525692,216.445,"{'family': 'balance', 'lam': 0.8}"
test,balanced,homog,high,wmatch,1001,253,228,25,0.9011857707509882,0.984375,0.590625,30,0.39375,0.26171875,6499.4484460152735,153.859209486166,303.929,"{'family': 'wmatch', 'lam': 0.8}"
test,balanced,homog,high,d1_cheap,1001,253,226,27,0.8932806324110671,0.9418402777777779,0.5651041666666666,30,0.3767361111111111,0.08723958333333333,3700.9074625098074,270.204,388.507,"{'family': 'd_cheap', 'alpha': 0.0, 'beta': 0.8, 'gamma': 0.2}"
test,balanced,homog,high,d1_cheap_nomad_ff,1001,253,231,22,0.9130434782608695,0.9765625,0.5859375,30,0.390625,0.246484375,6490.782870254458,154.06462055335967,287.138,{'derived_from': 'd1_cheap'}
test,balanced,homog,high,d2_capacity,1001,253,225,28,0.8893280632411067,0.9348958333333334,0.5609375,30,0.37395833333333334,0.079296875,2659.6150635046693,375.99426086956527,513.551,"{'family': 'd_capacity', 'alpha': 0.0, 'beta': 0.8, 'gamma': 0.2}"
test,balanced,homog,high,d2_capacity_nomad_ff,1001,253,230,23,0.9090909090909091,0.9722222222222222,0.5833333333333334,30,0.38888888888888895,0.21809895833333334,4462.467010154335,224.0912924901186,405.849,{'derived_from': 'd2_capacity'}
test,balanced,homog,high,ff_only_cheap,1001,253,231,22,0.9130434782608695,0.9765625,0.5859375,30,0.390625,0.246484375,6501.506974793554,153.81049407114625,290.634,"{'alpha': 0, 'beta': 0, 'gamma': 1}"
test,balanced,homog,high,binpack,1002,253,227,26,0.8972332015810277,0.9774305555555556,0.5864583333333333,30,0.3909722222222222,0.2669270833333333,10865.764347254024,92.03218181818183,198.531,{}
test,balanced,homog,high,spread,1002,253,227,26,0.8972332015810277,0.9461805555555556,0.5677083333333334,30,0.3784722222222222,0.09908854166666667,6495.011805261575,153.96430830039526,242.083,{}
test,balanced,homog,high,tetris,1002,253,227,26,0.8972332015810277,0.9461805555555556,0.5677083333333334,30,0.3784722222222222,0.09908854166666667,6366.5815767586655,157.07016205533597,246.802,{}
test,balanced,homog,high,hybrid,1002,253,228,25,0.9011857707509882,0.9505208333333334,0.5703125,30,0.3802083333333333,0.12552083333333333,4850.7286983221,206.15459288537548,310.801,"{'family': 'hybrid', 'alpha': 0.1}"
test,balanced,homog,high,balance,1002,253,227,26,0.8972332015810277,0.9774305555555556,0.5864583333333333,30,0.3909722222222222,0.2669270833333333,9719.10704993293,102.89011067193675,211.886,"{'family': 'balance', 'lam': 0.8}"
test,balanced,homog,high,wmatch,1002,253,227,26,0.8972332015810277,0.9774305555555556,0.5864583333333333,30,0.3909722222222222,0.2669270833333333,6663.447668350359,150.0724624505929,301.103,"{'family': 'wmatch', 'lam': 0.8}"
test,balanced,homog,high,d1_cheap,1002,253,227,26,0.8972332015810277,0.9487847222222222,0.5692708333333333,30,0.3795138888888889,0.11692708333333333,3719.4329684746003,268.858185770751,385.651,"{'family': 'd_cheap', 'alpha': 0.0, 'beta': 0.8, 'gamma': 0.2}"
test,balanced,homog,high,d1_cheap_nomad_ff,1002,253,229,24,0.9051383399209486,0.978298611111111,0.5869791666666667,30,0.39131944444444444,0.2662760416666667,6632.397879488702,150.77503162055334,299.08,{'derived_from': 'd1_cheap'}
test,balanced,homog,high,d2_capacity,1002,253,227,26,0.8972332015810277,0.9461805555555556,0.5677083333333334,30,0.3784722222222222,0.09908854166666667,2612.780246241216,382.7340632411067,521.706,"{'family': 'd_capacity', 'alpha': 0.0, 'beta': 0.8, 'gamma': 0.2}"
test,balanced,homog,high,d2_capacity_nomad_ff,1002,253,228,25,0.9011857707509882,0.9765625,0.5859375,30,0.390625,0.267578125,4687.133904505371,213.3499960474308,422.771,{'derived_from': 'd2_capacity'}
test,balanced,homog,high,ff_only_cheap,1002,253,229,24,0.9051383399209486,0.978298611111111,0.5869791666666667,30,0.39131944444444444,0.2662760416666667,6504.415688414116,153.74171146245058,305.813,"{'alpha': 0, 'beta': 0, 'gamma': 1}"
test,balanced,homog,high,binpack,1003,253,228,25,0.9011857707509882,0.9791666666666666,0.5875,30,0.39166666666666666,0.265625,10378.248176320283,96.35537549407115,189.404,{}
test,balanced,homog,high,spread,1003,253,223,30,0.8814229249011858,0.9366319444444444,0.5619791666666667,30,0.3746527777777778,0.07994791666666666,6692.232936260845,149.42695652173913,244.618,{}
test,balanced,homog,high,tetris,1003,253,223,30,0.8814229249011858,0.9366319444444444,0.5619791666666667,30,0.3746527777777778,0.07994791666666666,6568.843347677818,152.23380237154151,248.725,{}
test,balanced,homog,high,hybrid,1003,253,223,30,0.8814229249011858,0.9366319444444444,0.5619791666666667,30,0.3746527777777778,0.08984375,4899.096997666829,204.1192490118577,319.568,"{'family': 'hybrid', 'alpha': 0.1}"
test,balanced,homog,high,balance,1003,253,228,25,0.9011857707509882,0.9791666666666666,0.5875,30,0.39166666666666666,0.265625,9194.344308061267,108.7625138339921,242.604,"{'family': 'balance', 'lam': 0.8}"
test,balanced,homog,high,wmatch,1003,253,228,25,0.9011857707509882,0.9791666666666666,0.5875,30,0.39166666666666666,0.265625,6313.331542809291,158.394976284585,319.748,"{'family': 'wmatch', 'lam': 0.8}"
test,balanced,homog,high,d1_cheap,1003,253,223,30,0.8814229249011858,0.9418402777777778,0.5651041666666666,30,0.3767361111111111,0.079296875,3753.6502765283003,266.4073438735178,392.174,"{'family': 'd_cheap', 'alpha': 0.0, 'beta': 0.8, 'gamma': 0.2}"
test,balanced,homog,high,d1_cheap_nomad_ff,1003,253,227,26,0.8972332015810277,0.967013888888889,0.5802083333333333,30,0.38680555555555557,0.20091145833333332,6360.508492736978,157.22013438735178,306.293,{'derived_from': 'd1_cheap'}
test,balanced,homog,high,d2_capacity,1003,253,224,29,0.8853754940711462,0.943576388888889,0.5661458333333333,30,0.3774305555555556,0.09713541666666667,2646.216510234305,377.8980276679842,538.487,"{'family': 'd_capacity', 'alpha': 0.0, 'beta': 0.8, 'gamma': 0.2}"
test,balanced,homog,high,d2_capacity_nomad_ff,1003,253,229,24,0.9051383399209486,0.9835069444444445,0.5901041666666667,30,0.3934027777777778,0.2623697916666667,4619.629477596413,216.4675770750988,422.19,{'derived_from': 'd2_capacity'}
test,balanced,homog,high,ff_only_cheap,1003,253,227,26,0.8972332015810277,0.967013888888889,0.5802083333333333,30,0.38680555555555557,0.20091145833333332,6482.682832410708,154.25712252964425,294.13,"{'alpha': 0, 'beta': 0, 'gamma': 1}"
test,balanced,homog,high,binpack,1004,253,227,26,0.8972332015810277,0.9800347222222222,0.5880208333333333,30,0.39201388888888894,0.2649739583333333,10981.401325771994,91.06305928853754,185.317,{}
test,balanced,homog,high,spread,1004,253,230,23,0.9090909090909091,0.9565972222222222,0.5739583333333333,30,0.3826388888888889,0.15,6455.109510039838,154.9160395256917,238.736,{}
test,balanced,homog,high,tetris,1004,253,230,23,0.9090909090909091,0.9565972222222222,0.5739583333333333,30,0.3826388888888889,0.15,6304.037813462674,158.62849011857708,246.131,{}
test,balanced,homog,high,hybrid,1004,253,229,24,0.9051383399209486,0.9522569444444444,0.5713541666666667,30,0.3809027777777778,0.13216145833333334,4830.462784682752,207.01950197628457,302.076,"{'family': 'hybrid', 'alpha': 0.1}"
test,balanced,homog,high,balance,1004,253,227,26,0.8972332015810277,0.9800347222222222,0.5880208333333333,30,0.39201388888888894,0.2649739583333333,9737.345309472656,102.69739525691699,201.957,"{'family': 'balance', 'lam': 0.8}"
test,balanced,homog,high,wmatch,1004,253,227,26,0.8972332015810277,0.9800347222222222,0.5880208333333333,30,0.39201388888888894,0.2649739583333333,6753.20935597632,148.07774308300398,291.124,"{'family': 'wmatch', 'lam': 0.8}"
test,balanced,homog,high,d1_cheap,1004,253,226,27,0.8932806324110671,0.9444444444444444,0.5666666666666667,30,0.3777777777777778,0.11497395833333333,3650.8454896386984,273.90915415019765,392.595,"{'family': 'd_cheap', 'alpha': 0.0, 'beta': 0.8, 'gamma': 0.2}"
test,balanced,homog,high,d1_cheap_nomad_ff,1004,253,227,26,0.8972332015810277,0.9800347222222222,0.5880208333333333,30,0.39201388888888894,0.2649739583333333,7031.008721591146,142.22710276679842,286.166,{'derived_from': 'd1_cheap'}
test,balanced,homog,high,d2_capacity,1004,253,229,24,0.9051383399209486,0.9522569444444444,0.5713541666666667,30,0.3809027777777778,0.13216145833333334,2621.7872238526184,381.4192055335969,513.801,"{'family': 'd_capacity', 'alpha': 0.0, 'beta': 0.8, 'gamma': 0.2}"
test,balanced,homog,high,d2_capacity_nomad_ff,1004,253,226,27,0.8932806324110671,0.978298611111111,0.5869791666666667,30,0.39131944444444444,0.2662760416666667,5135.088863930598,194.73859683794467,387.415,{'derived_from': 'd2_capacity'}
test,balanced,homog,high,ff_only_cheap,1004,253,227,26,0.8972332015810277,0.9800347222222222,0.5880208333333333,30,0.39201388888888894,0.2649739583333333,7230.367038579981,138.3055652173913,265.226,"{'alpha': 0, 'beta': 0, 'gamma': 1}"
test,balanced,homog,high,binpack,1005,253,229,24,0.9051383399209486,0.978298611111111,0.5869791666666667,30,0.39131944444444444,0.2662760416666667,10757.014019578106,92.96260079051385,174.226,{}
test,balanced,homog,high,spread,1005,253,225,28,0.8893280632411067,0.9401041666666666,0.5640625,30,0.37604166666666666,0.08854166666666667,6607.0819300357025,151.35274703557312,231.483,{}
test,balanced,homog,high,tetris,1005,253,225,28,0.8893280632411067,0.9401041666666666,0.5640625,30,0.37604166666666666,0.08854166666666667,6463.81296903522,154.7074466403162,235.851,{}
test,balanced,homog,high,hybrid,1005,253,225,28,0.8893280632411067,0.9375,0.5625,30,0.375,0.07994791666666666,4905.239307431395,203.86365217391307,297.016,"{'family': 'hybrid', 'alpha': 0.1}"
test,balanced,homog,high,balance,1005,253,229,24,0.9051383399209486,0.978298611111111,0.5869791666666667,30,0.39131944444444444,0.2662760416666667,9526.44888627152,104.97090909090909,204.543,"{'family': 'balance', 'lam': 0.8}"
test,balanced,homog,high,wmatch,1005,253,229,24,0.9051383399209486,0.978298611111111,0.5869791666666667,30,0.39131944444444444,0.2662760416666667,6416.718814131523,155.84288932806322,298.589,"{'family': 'wmatch', 'lam': 0.8}"
test,balanced,homog,high,d1_cheap,1005,253,225,28,0.8893280632411067,0.9401041666666666,0.5640625,30,0.37604166666666666,0.07994791666666666,3707.6681567828955,269.7113003952569,382.445,"{'family': 'd_cheap', 'alpha': 0.0, 'beta': 0.8, 'gamma': 0.2}"
test,balanced,homog,high,d1_cheap_nomad_ff,1005,253,229,24,0.9051383399209486,0.978298611111111,0.5869791666666667,30,0.39131944444444444,0.2662760416666667,6858.652550746438,145.80123320158103,276.097,{'derived_from': 'd1_cheap'}
test,balanced,homog,high,d2_capacity,1005,253,225,28,0.8893280632411067,0.9401041666666666,0.5640625,30,0.37604166666666666,0.08854166666666667,2654.6912738849815,376.69163636363635,519.432,"{'family': 'd_capacity', 'alpha': 0.0, 'beta': 0.8, 'gamma': 0.2}"
test,balanced,homog,high,d2_capacity_nomad_ff,1005,253,229,24,0.9051383399209486,0.978298611111111,0.5869791666666667,30,0.39131944444444444,0.2662760416666667,4927.835261181697,202.92886166007904,395.61,{'derived_from': 'd2_capacity'}
test,balanced,homog,high,ff_only_cheap,1005,253,229,24,0.9051383399209486,0.978298611111111,0.5869791666666667,30,0.39131944444444444,0.2662760416666667,6875.812765911188,145.43735177865614,279.613,"{'alpha': 0, 'beta': 0, 'gamma': 1}"
test,balanced,homog,high,binpack,1006,253,225,28,0.8893280632411067,0.9817708333333334,0.5890625,30,0.3927083333333333,0.263671875,10682.037090650512,93.61510276679842,183.914,{}
test,balanced,homog,high,spread,1006,253,231,22,0.9130434782608695,0.9765625,0.5859375,30,0.390625,0.24778645833333332,6647.099148130893,150.4415652173913,231.703,{}
test,balanced,homog,high,tetris,1006,253,231,22,0.9130434782608695,0.9765625,0.5859375,30,0.390625,0.24778645833333332,6678.335716504913,149.73790513833993,223.699,{}
test,balanced,homog,high,hybrid,1006,253,231,22,0.9130434782608695,0.9765625,0.5859375,30,0.390625,0.24778645833333332,5091.322631440241,196.41261660079053,288.389,"{'family': 'hybrid', 'alpha': 0.1}"
test,balanced,homog,high,balance,1006,253,225,28,0.8893280632411067,0.9817708333333334,0.5890625,30,0.3927083333333333,0.263671875,9564.756691870494,104.55049011857707,202.68,"{'family': 'balance', 'lam': 0.8}"
test,balanced,homog,high,wmatch,1006,253,225,28,0.8893280632411067,0.9817708333333334,0.5890625,30,0.3927083333333333,0.263671875,6614.436323618905,151.1844624505929,293.279,"{'family': 'wmatch', 'lam': 0.8}"
test,balanced,homog,high,d1_cheap,1006,253,228,25,0.9011857707509882,0.9635416666666666,0.578125,30,0.3854166666666667,0.19817708333333334,3884.7221447879547,257.4186679841897,372.286,"{'family': 'd_cheap', 'alpha': 0.0, 'beta': 0.8, 'gamma': 0.2}"
test,balanced,homog,high,d1_cheap_nomad_ff,1006,253,225,28,0.8893280632411067,0.9817708333333334,0.5890625,30,0.3927083333333333,0.263671875,7035.270340690613,142.1409486166008,283.27,{'derived_from': 'd1_cheap'}
test,balanced,homog,high,d2_capacity,1006,253,229,24,0.9051383399209486,0.9678819444444444,0.5807291666666666,30,0.3871527777777778,0.21471354166666667,2809.1633932788445,355.9778695652174,488.183,"{'family': 'd_capacity', 'alpha': 0.0, 'beta': 0.8, 'gamma': 0.2}"
test,balanced,homog,high,d2_capacity_nomad_ff,1006,253,225,28,0.8893280632411067,0.9817708333333334,0.5890625,30,0.3927083333333333,0.263671875,5016.55443134064,199.34000790513835,380.763,{'derived_from': 'd2_capacity'}
test,balanced,homog,high,ff_only_cheap,1006,253,225,28,0.8893280632411067,0.9817708333333334,0.5890625,30,0.3927083333333333,0.263671875,7019.680381466635,142.45662845849802,274.664,"{'alpha': 0, 'beta': 0, 'gamma': 1}"
test,balanced,homog,high,binpack,1007,253,228,25,0.9011857707509882,0.9791666666666666,0.5875,30,0.39166666666666666,0.265625,10698.3452704455,93.47239920948616,181.079,{}
test,balanced,homog,high,spread,1007,253,226,27,0.8932806324110671,0.9574652777777778,0.5744791666666667,30,0.38298611111111114,0.15130208333333334,6751.647221789236,148.11200395256918,226.324,{}
test,balanced,homog,high,tetris,1007,253,226,27,0.8932806324110671,0.9574652777777778,0.5744791666666667,30,0.38298611111111114,0.15130208333333334,6590.347833869887,151.73705928853752,229.62,{}
test,balanced,homog,high,hybrid,1007,253,223,30,0.8814229249011858,0.9444444444444444,0.5666666666666667,30,0.3777777777777778,0.09778645833333334,4968.960787416486,201.24932411067195,297.396,"{'family': 'hybrid', 'alpha': 0.1}"
test,balanced,homog,high,balance,1007,253,228,25,0.9011857707509882,0.9791666666666666,0.5875,30,0.39166666666666666,0.265625,9464.98870748284,105.65252964426877,205.685,"{'family': 'balance', 'lam': 0.8}"
test,balanced,homog,high,wmatch,1007,253,228,25,0.9011857707509882,0.9791666666666666,0.5875,30,0.39166666666666666,0.265625,6429.907803763076,155.5232252964427,311.984,"{'family': 'wmatch', 'lam': 0.8}"
test,balanced,homog,high,d1_cheap,1007,253,225,28,0.8893280632411067,0.953125,0.571875,30,0.38125,0.12356770833333333,3819.365623900848,261.8235849802372,381.083,"{'family': 'd_cheap', 'alpha': 0.0, 'beta': 0.8, 'gamma': 0.2}"
test,balanced,homog,high,d1_cheap_nomad_ff,1007,253,228,25,0.9011857707509882,0.9791666666666666,0.5875,30,0.39166666666666666,0.265625,6888.657887412539,145.1661581027668,284.021,{'derived_from': 'd1_cheap'}
test,balanced,homog,high,d2_capacity,1007,253,227,26,0.8972332015810277,0.9565972222222222,0.5739583333333333,30,0.38263888888888886,0.15130208333333334,2714.5073152592427,368.39097628458495,510.606,"{'family': 'd_capacity', 'alpha': 0.0, 'beta': 0.8, 'gamma': 0.2}"
test,balanced,homog,high,d2_capacity_nomad_ff,1007,253,228,25,0.9011857707509882,0.9791666666666666,0.5875,30,0.39166666666666666,0.265625,4891.370113175671,204.4416956521739,393.406,{'derived_from': 'd2_capacity'}
test,balanced,homog,high,ff_only_cheap,1007,253,228,25,0.9011857707509882,0.9791666666666666,0.5875,30,0.39166666666666666,0.265625,6771.481165687197,147.67817786561264,309.068,"{'alpha': 0, 'beta': 0, 'gamma': 1}"
test,balanced,homog,high,binpack,1008,253,225,28,0.8893280632411067,0.984375,0.590625,30,0.39375,0.26171875,11157.424959812322,89.62641501976285,176.651,{}
test,balanced,homog,high,spread,1008,253,226,27,0.8932806324110671,0.9522569444444444,0.5713541666666667,30,0.3809027777777778,0.113671875,6726.496325724496,148.66580632411066,218.949,{}
test,balanced,homog,high,tetris,1008,253,226,27,0.8932806324110671,0.9522569444444444,0.5713541666666667,30,0.3809027777777778,0.113671875,6634.950206009959,150.71703162055334,216.575,{}
test,balanced,homog,high,hybrid,1008,253,227,26,0.8972332015810277,0.9539930555555556,0.5723958333333333,30,0.38159722222222225,0.11302083333333333,4976.53318726061,200.94309881422924,279.353,"{'family': 'hybrid', 'alpha': 0.1}"
test,balanced,homog,high,balance,1008,253,225,28,0.8893280632411067,0.984375,0.590625,30,0.39375,0.26171875,9807.076584895287,101.96718577075099,204.623,"{'family': 'balance', 'lam': 0.8}"
test,balanced,homog,high,wmatch,1008,253,225,28,0.8893280632411067,0.984375,0.590625,30,0.39375,0.26171875,6852.985528878211,145.9218023715415,295.543,"{'family': 'wmatch', 'lam': 0.8}"
test,balanced,homog,high,d1_cheap,1008,253,224,29,0.8853754940711462,0.9461805555555556,0.5677083333333334,30,0.37847222222222227,0.08723958333333333,3749.9312821387084,266.6715533596838,379.049,"{'family': 'd_cheap', 'alpha': 0.0, 'beta': 0.8, 'gamma': 0.2}"
test,balanced,homog,high,d1_cheap_nomad_ff,1008,253,227,26,0.8972332015810277,0.9722222222222222,0.5833333333333334,30,0.38888888888888895,0.23919270833333334,6482.188368345819,154.26888932806324,285.203,{'derived_from': 'd1_cheap'}
test,balanced,homog,high,d2_capacity,1008,253,227,26,0.8972332015810277,0.9565972222222222,0.5739583333333333,30,0.3826388888888889,0.14075520833333333,2714.7242242568227,368.36154150197626,505.005,"{'family': 'd_capacity', 'alpha': 0.0, 'beta': 0.8, 'gamma': 0.2}"
test,balanced,homog,high,d2_capacity_nomad_ff,1008,253,227,26,0.8972332015810277,0.9722222222222222,0.5833333333333334,30,0.38888888888888895,0.22864583333333333,4637.7364180085315,215.62243083003952,403.755,{'derived_from': 'd2_capacity'}
test,balanced,homog,high,ff_only_cheap,1008,253,227,26,0.8972332015810277,0.9722222222222222,0.5833333333333334,30,0.38888888888888895,0.23919270833333334,6439.681060159856,155.28719367588934,268.782,"{'alpha': 0, 'beta': 0, 'gamma': 1}"
test,balanced,homog,high,binpack,1009,253,226,27,0.8932806324110671,0.9835069444444445,0.5901041666666667,30,0.3934027777777778,0.2623697916666667,11008.971833393267,90.83500395256917,172.313,{}
test,balanced,homog,high,spread,1009,253,226,27,0.8932806324110671,0.9496527777777778,0.5697916666666667,30,0.37986111111111115,0.13606770833333334,6141.0941876364,162.83743083003952,297.036,{}
test,balanced,homog,high,tetris,1009,253,226,27,0.8932806324110671,0.9496527777777778,0.5697916666666667,30,0.37986111111111115,0.13606770833333334,6404.232524368231,156.1467351778656,273.391,{}
test,balanced,homog,high,hybrid,1009,253,226,27,0.8932806324110671,0.9496527777777778,0.5697916666666667,30,0.37986111111111115,0.14401041666666667,4529.425132881338,220.7785691699605,345.957,"{'family': 'hybrid', 'alpha': 0.1}"
test,balanced,homog,high,balance,1009,253,226,27,0.8932806324110671,0.9835069444444445,0.5901041666666667,30,0.3934027777777778,0.2623697916666667,8732.262247161747,114.51786166007905,221.434,"{'family': 'balance', 'lam': 0.8}"
test,balanced,homog,high,wmatch,1009,253,226,27,0.8932806324110671,0.9835069444444445,0.5901041666666667,30,0.3934027777777778,0.2623697916666667,6367.6992440509075,157.04259288537548,340.677,"{'family': 'wmatch', 'lam': 0.8}"
test,balanced,homog,high,d1_cheap,1009,253,226,27,0.8932806324110671,0.9496527777777778,0.5697916666666667,30,0.37986111111111115,0.1453125,3501.768005295227,285.5700316205533,433.09,"{'family': 'd_cheap', 'alpha': 0.0, 'beta': 0.8, 'gamma': 0.2}"
test,balanced,homog,high,d1_cheap_nomad_ff,1009,253,229,24,0.9051383399209486,0.9756944444444445,0.5854166666666667,30,0.3902777777777778,0.23658854166666668,6266.509186566239,159.57847826086956,304.91,{'derived_from': 'd1_cheap'}
test,balanced,homog,high,d2_capacity,1009,253,226,27,0.8932806324110671,0.9496527777777778,0.5697916666666667,30,0.37986111111111115,0.16380208333333332,2566.9269121335337,389.57088932806323,592.839,"{'family': 'd_capacity', 'alpha': 0.0, 'beta': 0.8, 'gamma': 0.2}"
test,balanced,homog,high,d2_capacity_nomad_ff,1009,253,229,24,0.9051383399209486,0.9756944444444445,0.5854166666666667,30,0.3902777777777778,0.23658854166666668,4525.586197570279,220.96584980237157,412.682,{'derived_from': 'd2_capacity'}
test,balanced,homog,high,ff_only_cheap,1009,253,229,24,0.9051383399209486,0.9756944444444445,0.5854166666666667,30,0.3902777777777778,0.23658854166666668,6283.465975727145,159.14783399209486,294.842,"{'alpha': 0, 'beta': 0, 'gamma': 1}"
test,balanced,homog,low,binpack,1000,92,92,0,1.0,0.3993055555555555,0.23958333333333334,13,0.15972222222222224,0.10572916666666667,6259.851611578385,159.74819565217393,256.82,{}
test,balanced,homog,low,spread,1000,92,92,0,1.0,0.3993055555555555,0.23958333333333334,30,0.15972222222222224,0.0,5355.779482765596,186.7141847826087,261.719,{}
test,balanced,homog,low,tetris,1000,92,92,0,1.0,0.3993055555555555,0.23958333333333334,30,0.15972222222222224,0.0,5314.670674698598,188.15841304347828,236.783,{}
test,balanced,homog,low,hybrid,1000,92,92,0,1.0,0.3993055555555555,0.23958333333333334,20,0.15972222222222224,0.0,3977.8901944920226,251.38954347826086,368.88,"{'family': 'hybrid', 'alpha': 0.1}"
test,balanced,homog,low,balance,1000,92,92,0,1.0,0.3993055555555555,0.23958333333333334,13,0.15972222222222224,0.10572916666666667,5657.5976401422295,176.75346739130435,243.306,"{'family': 'balance', 'lam': 0.8}"
test,balanced,homog,low,wmatch,1000,92,92,0,1.0,0.3993055555555555,0.23958333333333334,13,0.15972222222222224,0.10572916666666667,3890.4926129060073,257.03685869565214,353.592,"{'family': 'wmatch', 'lam': 0.8}"
test,balanced,homog,low,d1_cheap,1000,92,92,0,1.0,0.3993055555555555,0.23958333333333334,16,0.15972222222222224,0.0,2994.8189631936752,333.91,443.139,"{'family': 'd_cheap', 'alpha': 0.0, 'beta': 0.8, 'gamma': 0.2}"
test,balanced,homog,low,d1_cheap_nomad_ff,1000,92,92,0,1.0,0.3993055555555555,0.23958333333333334,13,0.15972222222222224,0.079296875,4194.596447906303,238.40195652173912,337.11,{'derived_from': 'd1_cheap'}
test,balanced,homog,low,d2_capacity,1000,92,92,0,1.0,0.3993055555555555,0.23958333333333334,18,0.15972222222222224,0.0,2230.661882963766,448.2974347826087,648.804,"{'family': 'd_capacity', 'alpha': 0.0, 'beta': 0.8, 'gamma': 0.2}"
test,balanced,homog,low,d2_capacity_nomad_ff,1000,92,92,0,1.0,0.3993055555555555,0.23958333333333334,13,0.15972222222222224,0.079296875,3024.196464425062,330.66634782608696,436.677,{'derived_from': 'd2_capacity'}
test,balanced,homog,low,ff_only_cheap,1000,92,92,0,1.0,0.3993055555555555,0.23958333333333334,13,0.15972222222222224,0.079296875,4127.056642416919,242.3034347826087,347.601,"{'alpha': 0, 'beta': 0, 'gamma': 1}"
test,balanced,homog,low,binpack,1001,92,92,0,1.0,0.3993055555555555,0.23958333333333334,13,0.15972222222222224,0.09778645833333334,6497.228825972644,153.91177173913044,217.787,{}
test,balanced,homog,low,spread,1001,92,92,0,1.0,0.3993055555555555,0.23958333333333334,30,0.15972222222222224,0.0,5510.957730774499,181.45666304347827,226.544,{}
test,balanced,homog,low,tetris,1001,92,92,0,1.0,0.3993055555555555,0.23958333333333334,30,0.15972222222222224,0.0,5337.105197069999,187.3674891304348,278.591,{}
test,balanced,homog,low,hybrid,1001,92,92,0,1.0,0.3993055555555555,0.23958333333333334,20,0.15972222222222224,0.0,4018.412892012011,248.85446739130435,303.207,"{'family': 'hybrid', 'alpha': 0.1}"
test,balanced,homog,low,balance,1001,92,92,0,1.0,0.3993055555555555,0.23958333333333334,13,0.15972222222222224,0.09778645833333334,5744.418579297891,174.08202173913043,231.664,"{'family': 'balance', 'lam': 0.8}"
test,balanced,homog,low,wmatch,1001,92,92,0,1.0,0.3993055555555555,0.23958333333333334,13,0.15972222222222224,0.09778645833333334,3852.0762523518597,259.6002608695652,344.184,"{'family': 'wmatch', 'lam': 0.8}"
test,balanced,homog,low,d1_cheap,1001,92,92,0,1.0,0.3993055555555555,0.23958333333333334,16,0.15972222222222224,0.0,3054.6436909206595,327.37042391304345,434.523,"{'family': 'd_cheap', 'alpha': 0.0, 'beta': 0.8, 'gamma': 0.2}"
test,balanced,homog,low,d1_cheap_nomad_ff,1001,92,92,0,1.0,0.3993055555555555,0.23958333333333334,13,0.15972222222222224,0.08854166666666667,4176.674796654956,239.42491304347828,342.049,{'derived_from': 'd1_cheap'}
test,balanced,homog,low,d2_capacity,1001,92,92,0,1.0,0.3993055555555555,0.23958333333333334,18,0.15972222222222224,0.0,2197.431427181792,455.07677173913044,636.05,"{'family': 'd_capacity', 'alpha': 0.0, 'beta': 0.8, 'gamma': 0.2}"
test,balanced,homog,low,d2_capacity_nomad_ff,1001,92,92,0,1.0,0.3993055555555555,0.23958333333333334,13,0.15972222222222224,0.08854166666666667,2973.6775877992854,336.2839347826087,426.989,{'derived_from': 'd2_capacity'}
test,balanced,homog,low,ff_only_cheap,1001,92,92,0,1.0,0.3993055555555555,0.23958333333333334,13,0.15972222222222224,0.08854166666666667,4154.9051613541615,240.67938043478262,332.993,"{'alpha': 0, 'beta': 0, 'gamma': 1}"
test,balanced,homog,low,binpack,1002,92,92,0,1.0,0.3993055555555555,0.23958333333333334,13,0.15972222222222224,0.09908854166666667,6556.284023639965,152.52542391304348,212.367,{}
test,balanced,homog,low,spread,1002,92,92,0,1.0,0.3993055555555555,0.23958333333333334,30,0.15972222222222224,0.0,5451.309466749945,183.44216304347827,262.781,{}
test,balanced,homog,low,tetris,1002,92,92,0,1.0,0.3993055555555555,0.23958333333333334,30,0.15972222222222224,0.0,5423.91587270659,184.36864130434785,224.129,{}
test,balanced,homog,low,hybrid,1002,92,92,0,1.0,0.3993055555555555,0.23958333333333334,20,0.15972222222222224,0.0,4039.4524539761474,247.5583043478261,302.696,"{'family': 'hybrid', 'alpha': 0.1}"
test,balanced,homog,low,balance,1002,92,92,0,1.0,0.3993055555555555,0.23958333333333334,13,0.15972222222222224,0.09908854166666667,5599.3852848763345,178.59103260869566,252.412,"{'family': 'balance', 'lam': 0.8}"
test,balanced,homog,low,wmatch,1002,92,92,0,1.0,0.3993055555555555,0.23958333333333334,13,0.15972222222222224,0.09908854166666667,3883.977322807361,257.46803260869564,350.646,"{'family': 'wmatch', 'lam': 0.8}"
test,balanced,homog,low,d1_cheap,1002,92,92,0,1.0,0.3993055555555555,0.23958333333333334,16,0.15972222222222224,0.0,3065.6973953401734,326.1900543478261,384.49,"{'family': 'd_cheap', 'alpha': 0.0, 'beta': 0.8, 'gamma': 0.2}"
test,balanced,homog,low,d1_cheap_nomad_ff,1002,92,92,0,1.0,0.3993055555555555,0.23958333333333334,13,0.15972222222222224,0.05416666666666667,4229.738232075162,236.42125,301.534,{'derived_from': 'd1_cheap'}
test,balanced,homog,low,d2_capacity,1002,92,92,0,1.0,0.3993055555555555,0.23958333333333334,17,0.15972222222222224,0.0,2198.3484238403335,454.8869456521739,557.803,"{'family': 'd_capacity', 'alpha': 0.0, 'beta': 0.8, 'gamma': 0.2}"
test,balanced,homog,low,d2_capacity_nomad_ff,1002,92,92,0,1.0,0.3993055555555555,0.23958333333333334,13,0.15972222222222224,0.08059895833333333,2976.2431419836525,335.99405434782614,439.552,{'derived_from': 'd2_capacity'}
test,balanced,homog,low,ff_only_cheap,1002,92,92,0,1.0,0.3993055555555555,0.23958333333333334,13,0.15972222222222224,0.05416666666666667,4192.410497504239,238.52626086956522,335.056,"{'alpha': 0, 'beta': 0, 'gamma': 1}"
test,balanced,homog,low,binpack,1003,92,92,0,1.0,0.3993055555555555,0.23958333333333334,13,0.15972222222222224,0.08854166666666667,6272.206251957934,159.43353260869566,213.54,{}
test,balanced,homog,low,spread,1003,92,92,0,1.0,0.3993055555555555,0.23958333333333334,30,0.15972222222222224,0.0,5608.9038177857365,178.28795652173915,218.549,{}
test,balanced,homog,low,tetris,1003,92,92,0,1.0,0.3993055555555555,0.23958333333333334,30,0.15972222222222224,0.0,5319.10926427526,188.00140217391305,248.325,{}
test,balanced,homog,low,hybrid,1003,92,92,0,1.0,0.3993055555555555,0.23958333333333334,20,0.1597222222222222,0.0,4153.648140131808,240.75221739130436,301.283,"{'family': 'hybrid', 'alpha': 0.1}"
test,balanced,homog,low,balance,1003,92,92,0,1.0,0.3993055555555555,0.23958333333333334,13,0.15972222222222224,0.08854166666666667,5870.810642171602,170.33422826086957,225.452,"{'family': 'balance', 'lam': 0.8}"
test,balanced,homog,low,wmatch,1003,92,92,0,1.0,0.3993055555555555,0.23958333333333334,13,0.15972222222222224,0.07994791666666666,4018.356727085135,248.85794565217392,335.338,"{'family': 'wmatch', 'lam': 0.8}"
test,balanced,homog,low,d1_cheap,1003,92,92,0,1.0,0.3993055555555555,0.23958333333333334,16,0.15972222222222224,0.0,3223.3927498048797,310.2321304347826,367.407,"{'family': 'd_cheap', 'alpha': 0.0, 'beta': 0.8, 'gamma': 0.2}"
test,balanced,homog,low,d1_cheap_nomad_ff,1003,92,92,0,1.0,0.3993055555555555,0.23958333333333334,13,0.15972222222222224,0.07994791666666666,4295.326679903432,232.81116304347827,305.401,{'derived_from': 'd1_cheap'}
test,balanced,homog,low,d2_capacity,1003,92,92,0,1.0,0.3993055555555555,0.23958333333333334,18,0.15972222222222224,0.0,2329.8673854678977,429.20897826086957,600.503,"{'family': 'd_capacity', 'alpha': 0.0, 'beta': 0.8, 'gamma': 0.2}"
test,balanced,homog,low,d2_capacity_nomad_ff,1003,92,92,0,1.0,0.3993055555555555,0.23958333333333334,13,0.15972222222222224,0.07994791666666666,2994.9267893401698,333.8979782608696,432.429,{'derived_from': 'd2_capacity'}
test,balanced,homog,low,ff_only_cheap,1003,92,92,0,1.0,0.3993055555555555,0.23958333333333334,13,0.15972222222222224,0.07994791666666666,4254.947972623665,235.0205,322.313,"{'alpha': 0, 'beta': 0, 'gamma': 1}"
test,balanced,homog,low,binpack,1004,92,92,0,1.0,0.3993055555555556,0.23958333333333334,13,0.15972222222222224,0.10377604166666667,6836.285816193081,146.27826086956523,192.831,{}
test,balanced,homog,low,spread,1004,92,92,0,1.0,0.3993055555555555,0.23958333333333334,30,0.15972222222222224,0.0,5706.3669781970875,175.24284782608694,207.649,{}
test,balanced,homog,low,tetris,1004,92,92,0,1.0,0.3993055555555555,0.23958333333333334,30,0.15972222222222224,0.0,5568.600742585015,179.5783260869565,213.64,{}
test,balanced,homog,low,hybrid,1004,92,92,0,1.0,0.3993055555555555,0.23958333333333334,20,0.1597222222222222,0.0,4186.842202149753,238.8434891304348,280.585,"{'family': 'hybrid', 'alpha': 0.1}"
test,balanced,homog,low,balance,1004,92,92,0,1.0,0.3993055555555556,0.23958333333333334,13,0.15972222222222224,0.10377604166666667,5978.630295799232,167.26239130434783,212.929,"{'family': 'balance', 'lam': 0.8}"
test,balanced,homog,low,wmatch,1004,92,92,0,1.0,0.3993055555555556,0.23958333333333334,13,0.15972222222222224,0.10377604166666667,4030.0821098566216,248.13390217391304,314.659,"{'family': 'wmatch', 'lam': 0.8}"
test,balanced,homog,low,d1_cheap,1004,92,92,0,1.0,0.3993055555555555,0.23958333333333334,16,0.1597222222222222,0.0,3150.136031091569,317.4466086956522,360.344,"{'family': 'd_cheap', 'alpha': 0.0, 'beta': 0.8, 'gamma': 0.2}"
test,balanced,homog,low,d1_cheap_nomad_ff,1004,92,92,0,1.0,0.3993055555555556,0.23958333333333334,13,0.15972222222222224,0.08658854166666667,4316.8247164115965,231.65175,286.245,{'derived_from': 'd1_cheap'}
test,balanced,homog,low,d2_capacity,1004,92,92,0,1.0,0.3993055555555555,0.23958333333333334,17,0.1597222222222222,0.0,2222.4392589836734,449.9560543478261,508.531,"{'family': 'd_capacity', 'alpha': 0.0, 'beta': 0.8, 'gamma': 0.2}"
test,balanced,homog,low,d2_capacity_nomad_ff,1004,92,92,0,1.0,0.3993055555555556,0.23958333333333334,13,0.15972222222222224,0.08658854166666667,3054.5757395169367,327.3777065217391,400.71,{'derived_from': 'd2_capacity'}
test,balanced,homog,low,ff_only_cheap,1004,92,92,0,1.0,0.3993055555555556,0.23958333333333334,13,0.15972222222222224,0.08658854166666667,4272.160590888104,234.07359782608694,288.821,"{'alpha': 0, 'beta': 0, 'gamma': 1}"
test,balanced,homog,low,binpack,1005,92,92,0,1.0,0.3993055555555555,0.23958333333333334,13,0.15972222222222224,0.096484375,6758.741789689848,147.95653260869565,192.42,{}
test,balanced,homog,low,spread,1005,92,92,0,1.0,0.3993055555555555,0.23958333333333334,30,0.15972222222222224,0.0,5565.963503977304,179.66341304347827,214.632,{}
test,balanced,homog,low,tetris,1005,92,92,0,1.0,0.3993055555555555,0.23958333333333334,30,0.15972222222222224,0.0,5449.276564112663,183.51059782608695,225.381,{}
test,balanced,homog,low,hybrid,1005,92,92,0,1.0,0.3993055555555555,0.23958333333333334,20,0.15972222222222224,0.0,4145.978272640342,241.19759782608693,283.922,"{'family': 'hybrid', 'alpha': 0.1}"
test,balanced,homog,low,balance,1005,92,92,0,1.0,0.3993055555555555,0.23958333333333334,13,0.15972222222222224,0.096484375,5804.625150557465,172.27641304347827,227.406,"{'family': 'balance', 'lam': 0.8}"
test,balanced,homog,low,wmatch,1005,92,92,0,1.0,0.3993055555555555,0.23958333333333334,13,0.15972222222222224,0.096484375,4005.014277875901,249.687,328.625,"{'family': 'wmatch', 'lam': 0.8}"
test,balanced,homog,low,d1_cheap,1005,92,92,0,1.0,0.3993055555555555,0.23958333333333334,16,0.1597222222222222,0.0,3131.182276909304,319.3681847826087,366.837,"{'family': 'd_cheap', 'alpha': 0.0, 'beta': 0.8, 'gamma': 0.2}"
test,balanced,homog,low,d1_cheap_nomad_ff,1005,92,92,0,1.0,0.3993055555555555,0.23958333333333334,13,0.15972222222222224,0.096484375,4254.113751117514,235.06658695652172,299.06,{'derived_from': 'd1_cheap'}
test,balanced,homog,low,d2_capacity,1005,92,92,0,1.0,0.3993055555555555,0.23958333333333334,17,0.1597222222222222,0.0,2270.956622210716,440.3430652173913,483.625,"{'family': 'd_capacity', 'alpha': 0.0, 'beta': 0.8, 'gamma': 0.2}"
test,balanced,homog,low,d2_capacity_nomad_ff,1005,92,92,0,1.0,0.3993055555555555,0.23958333333333334,13,0.15972222222222224,0.096484375,3038.348749925899,329.1261413043478,410.718,{'derived_from': 'd2_capacity'}
test,balanced,homog,low,ff_only_cheap,1005,92,92,0,1.0,0.3993055555555555,0.23958333333333334,13,0.15972222222222224,0.096484375,4222.109775404871,236.84841304347827,315.851,"{'alpha': 0, 'beta': 0, 'gamma': 1}"
test,balanced,homog,low,binpack,1006,92,92,0,1.0,0.3993055555555555,0.23958333333333334,13,0.15972222222222224,0.09713541666666667,6674.381865182129,149.82660869565217,197.74,{}
test,balanced,homog,low,spread,1006,92,92,0,1.0,0.3993055555555555,0.23958333333333334,30,0.15972222222222224,0.0,5631.579498283807,177.5700760869565,214.06,{}
test,balanced,homog,low,tetris,1006,92,92,0,1.0,0.3993055555555555,0.23958333333333334,30,0.15972222222222224,0.0,5564.360080143721,179.7151847826087,218.548,{}
test,balanced,homog,low,hybrid,1006,92,92,0,1.0,0.3993055555555555,0.23958333333333334,20,0.15972222222222224,0.0,4242.931241961778,235.68611956521738,276.207,"{'family': 'hybrid', 'alpha': 0.1}"
test,balanced,homog,low,balance,1006,92,92,0,1.0,0.3993055555555555,0.23958333333333334,13,0.15972222222222224,0.09713541666666667,6089.928383766104,164.20554347826086,205.815,"{'family': 'balance', 'lam': 0.8}"
test,balanced,homog,low,wmatch,1006,92,92,0,1.0,0.3993055555555555,0.23958333333333334,13,0.15972222222222224,0.09713541666666667,4138.118707782474,241.65570652173915,324.136,"{'family': 'wmatch', 'lam': 0.8}"
test,balanced,homog,low,d1_cheap,1006,92,92,0,1.0,0.3993055555555555,0.23958333333333334,17,0.15972222222222224,0.0,3351.824718803766,298.34495652173916,344.615,"{'family': 'd_cheap', 'alpha': 0.0, 'beta': 0.8, 'gamma': 0.2}"
test,balanced,homog,low,d1_cheap_nomad_ff,1006,92,92,0,1.0,0.3993055555555555,0.23958333333333334,13,0.15972222222222224,0.062109375,4633.476170309057,215.8206847826087,275.425,{'derived_from': 'd1_cheap'}
test,balanced,homog,low,d2_capacity,1006,92,92,0,1.0,0.3993055555555555,0.23958333333333334,18,0.15972222222222224,0.0,2462.075012735217,406.1614673913043,479.036,"{'family': 'd_capacity', 'alpha': 0.0, 'beta': 0.8, 'gamma': 0.2}"
test,balanced,homog,low,d2_capacity_nomad_ff,1006,92,92,0,1.0,0.3993055555555555,0.23958333333333334,13,0.15972222222222224,0.062109375,3376.308356187026,296.18147826086954,370.403,{'derived_from': 'd2_capacity'}
test,balanced,homog,low,ff_only_cheap,1006,92,92,0,1.0,0.3993055555555555,0.23958333333333334,13,0.15972222222222224,0.062109375,4817.983395343922,207.55571739130434,267.38,"{'alpha': 0, 'beta': 0, 'gamma': 1}"
test,balanced,homog,low,binpack,1007,92,92,0,1.0,0.3993055555555555,0.23958333333333334,13,0.15972222222222224,0.10572916666666667,7685.8588968202685,130.10907608695652,178.805,{}
test,balanced,homog,low,spread,1007,92,92,0,1.0,0.3993055555555555,0.23958333333333334,30,0.15972222222222224,0.0,6277.073290016069,159.30991304347828,189.585,{}
test,balanced,homog,low,tetris,1007,92,92,0,1.0,0.3993055555555555,0.23958333333333334,30,0.15972222222222224,0.0,6233.6493748395005,160.41967391304348,194.094,{}
test,balanced,homog,low,hybrid,1007,92,92,0,1.0,0.3993055555555555,0.23958333333333334,20,0.1597222222222222,0.0,4745.611985352565,210.72097826086957,243.565,"{'family': 'hybrid', 'alpha': 0.1}"
test,balanced,homog,low,balance,1007,92,92,0,1.0,0.3993055555555555,0.23958333333333334,13,0.15972222222222224,0.10572916666666667,6772.273399916068,147.66090217391306,197.81,"{'family': 'balance', 'lam': 0.8}"
test,balanced,homog,low,wmatch,1007,92,92,0,1.0,0.3993055555555555,0.23958333333333334,13,0.15972222222222224,0.10572916666666667,4782.980574652242,209.07465217391305,262.361,"{'family': 'wmatch', 'lam': 0.8}"
test,balanced,homog,low,d1_cheap,1007,92,92,0,1.0,0.3993055555555555,0.23958333333333334,16,0.15972222222222224,0.0,3830.624602911,261.05403260869565,298.098,"{'family': 'd_cheap', 'alpha': 0.0, 'beta': 0.8, 'gamma': 0.2}"
test,balanced,homog,low,d1_cheap_nomad_ff,1007,92,92,0,1.0,0.3993055555555555,0.23958333333333334,13,0.15972222222222224,0.087890625,5303.346826892303,188.56017391304349,242.574,{'derived_from': 'd1_cheap'}
test,balanced,homog,low,d2_capacity,1007,92,92,0,1.0,0.3993055555555555,0.23958333333333334,18,0.1597222222222222,0.0,2833.4590988793148,352.92551086956524,397.775,"{'family': 'd_capacity', 'alpha': 0.0, 'beta': 0.8, 'gamma': 0.2}"
test,balanced,homog,low,d2_capacity_nomad_ff,1007,92,92,0,1.0,0.3993055555555555,0.23958333333333334,13,0.15972222222222224,0.087890625,3856.583874055037,259.2968369565217,325.499,{'derived_from': 'd2_capacity'}
test,balanced,homog,low,ff_only_cheap,1007,92,92,0,1.0,0.3993055555555555,0.23958333333333334,13,0.15972222222222224,0.087890625,5422.169530259772,184.42802173913043,226.834,"{'alpha': 0, 'beta': 0, 'gamma': 1}"
test,balanced,homog,low,binpack,1008,92,92,0,1.0,0.3993055555555555,0.23958333333333334,13,0.15972222222222224,0.105078125,8560.524536836076,116.81527173913044,145.793,{}
test,balanced,homog,low,spread,1008,92,92,0,1.0,0.3993055555555555,0.23958333333333334,30,0.15972222222222224,0.0,7155.764185835818,139.74747826086957,167.173,{}
test,balanced,homog,low,tetris,1008,92,92,0,1.0,0.3993055555555555,0.23958333333333334,30,0.15972222222222224,0.0,7047.209331914597,141.90014130434784,167.834,{}
test,balanced,homog,low,hybrid,1008,92,92,0,1.0,0.3993055555555555,0.23958333333333334,19,0.15972222222222224,0.0,5437.420374297833,183.9107391304348,209.843,"{'family': 'hybrid', 'alpha': 0.1}"
test,balanced,homog,low,balance,1008,92,92,0,1.0,0.3993055555555555,0.23958333333333334,13,0.15972222222222224,0.105078125,7665.580070691646,130.45327173913043,167.874,"{'family': 'balance', 'lam': 0.8}"
test,balanced,homog,low,wmatch,1008,92,92,0,1.0,0.3993055555555555,0.23958333333333334,13,0.15972222222222224,0.105078125,5318.50226582649,188.02285869565216,240.12,"{'family': 'wmatch', 'lam': 0.8}"
test,balanced,homog,low,d1_cheap,1008,92,92,0,1.0,0.3993055555555555,0.23958333333333334,16,0.15972222222222224,0.0,4285.704835868219,233.33384782608695,270.807,"{'family': 'd_cheap', 'alpha': 0.0, 'beta': 0.8, 'gamma': 0.2}"
test,balanced,homog,low,d1_cheap_nomad_ff,1008,92,92,0,1.0,0.3993055555555556,0.23958333333333334,13,0.15972222222222224,0.08658854166666667,5836.168474197822,171.34529347826086,221.515,{'derived_from': 'd1_cheap'}
test,balanced,homog,low,d2_capacity,1008,92,92,0,1.0,0.3993055555555555,0.23958333333333334,18,0.15972222222222224,0.0,3181.617334364223,314.3055543478261,345.867,"{'family': 'd_capacity', 'alpha': 0.0, 'beta': 0.8, 'gamma': 0.2}"
test,balanced,homog,low,d2_capacity_nomad_ff,1008,92,92,0,1.0,0.3993055555555556,0.23958333333333334,13,0.15972222222222224,0.08658854166666667,4217.838522802918,237.0882608695652,295.042,{'derived_from': 'd2_capacity'}
test,balanced,homog,low,ff_only_cheap,1008,92,92,0,1.0,0.3993055555555556,0.23958333333333334,13,0.15972222222222224,0.08658854166666667,6036.47408236572,165.65961956521738,203.41,"{'alpha': 0, 'beta': 0, 'gamma': 1}"
test,balanced,homog,low,binpack,1009,92,92,0,1.0,0.3993055555555555,0.23958333333333334,13,0.15972222222222224,0.10572916666666667,9506.295699320826,105.19344565217392,132.307,{}
test,balanced,homog,low,spread,1009,92,92,0,1.0,0.3993055555555555,0.23958333333333334,30,0.15972222222222224,0.0,7720.079322136758,129.53234782608695,166.722,{}
test,balanced,homog,low,tetris,1009,92,92,0,1.0,0.3993055555555555,0.23958333333333334,30,0.15972222222222224,0.0,7856.224935333449,127.28759782608697,149.059,{}
test,balanced,homog,low,hybrid,1009,92,92,0,1.0,0.3993055555555555,0.23958333333333334,20,0.15972222222222224,0.0,6006.233425733577,166.49369565217393,189.785,"{'family': 'hybrid', 'alpha': 0.1}"
test,balanced,homog,low,balance,1009,92,92,0,1.0,0.3993055555555555,0.23958333333333334,13,0.15972222222222224,0.10572916666666667,8664.71553597623,115.41059782608696,147.376,"{'family': 'balance', 'lam': 0.8}"
test,balanced,homog,low,wmatch,1009,92,92,0,1.0,0.3993055555555555,0.23958333333333334,13,0.15972222222222224,0.10572916666666667,5981.055656323341,167.1945652173913,202.258,"{'family': 'wmatch', 'lam': 0.8}"
test,balanced,homog,low,d1_cheap,1009,92,92,0,1.0,0.3993055555555555,0.23958333333333334,16,0.15972222222222224,0.0,4716.602913917281,212.017,243.346,"{'family': 'd_cheap', 'alpha': 0.0, 'beta': 0.8, 'gamma': 0.2}"
test,balanced,homog,low,d1_cheap_nomad_ff,1009,92,92,0,1.0,0.3993055555555555,0.23958333333333334,13,0.15972222222222224,0.08854166666666667,6497.575274409554,153.9035652173913,198.722,{'derived_from': 'd1_cheap'}
test,balanced,homog,low,d2_capacity,1009,92,92,0,1.0,0.3993055555555555,0.23958333333333334,18,0.15972222222222224,0.0,3478.3021620748164,287.49658695652175,329.126,"{'family': 'd_capacity', 'alpha': 0.0, 'beta': 0.8, 'gamma': 0.2}"
test,balanced,homog,low,d2_capacity_nomad_ff,1009,92,92,0,1.0,0.3993055555555555,0.23958333333333334,13,0.15972222222222224,0.08854166666666667,4752.5398967975625,210.41380434782607,268.292,{'derived_from': 'd2_capacity'}
test,balanced,homog,low,ff_only_cheap,1009,92,92,0,1.0,0.3993055555555555,0.23958333333333334,13,0.15972222222222224,0.08854166666666667,6745.62716552046,148.2441847826087,181.379,"{'alpha': 0, 'beta': 0, 'gamma': 1}"
test,balanced,homog,med,binpack,1000,172,172,0,1.0,0.7465277777777778,0.4479166666666667,23,0.2986111111111111,0.194921875,12740.81057925799,78.48794186046511,117.62,{}
test,balanced,homog,med,spread,1000,172,172,0,1.0,0.7465277777777778,0.4479166666666667,30,0.2986111111111111,0.0,8736.55719404945,114.46156395348837,134.792,{}
test,balanced,homog,med,tetris,1000,172,172,0,1.0,0.7465277777777778,0.4479166666666667,30,0.2986111111111111,0.0,8618.810985917313,116.02528488372093,139.04,{}
test,balanced,homog,med,hybrid,1000,172,172,0,1.0,0.7465277777777778,0.4479166666666667,30,0.2986111111111111,0.0,6476.4427490556545,154.40575,185.767,"{'family': 'hybrid', 'alpha': 0.1}"
test,balanced,homog,med,balance,1000,172,172,0,1.0,0.7465277777777778,0.4479166666666667,23,0.2986111111111111,0.194921875,11785.13237033271,84.85267441860465,126.026,"{'family': 'balance', 'lam': 0.8}"
test,balanced,homog,med,wmatch,1000,172,172,0,1.0,0.7465277777777778,0.4479166666666667,23,0.2986111111111111,0.18697916666666667,8083.030012149452,123.71598255813954,186.469,"{'family': 'wmatch', 'lam': 0.8}"
test,balanced,homog,med,d1_cheap,1000,172,172,0,1.0,0.7465277777777778,0.4479166666666667,30,0.29861111111111105,0.0,5272.646076207147,189.65809302325582,212.688,"{'family': 'd_cheap', 'alpha': 0.0, 'beta': 0.8, 'gamma': 0.2}"
test,balanced,homog,med,d1_cheap_nomad_ff,1000,172,172,0,1.0,0.7465277777777778,0.4479166666666667,24,0.2986111111111111,0.13216145833333334,8720.822195060355,114.66808720930231,169.838,{'derived_from': 'd1_cheap'}
test,balanced,homog,med,d2_capacity,1000,172,172,0,1.0,0.7465277777777778,0.4479166666666667,30,0.29861111111111105,0.0,3916.800418569332,255.31043023255813,294.281,"{'family': 'd_capacity', 'alpha': 0.0, 'beta': 0.8, 'gamma': 0.2}"
test,balanced,homog,med,d2_capacity_nomad_ff,1000,172,172,0,1.0,0.7465277777777778,0.4479166666666667,24,0.2986111111111111,0.14075520833333333,6415.787492407363,155.86551162790695,234.148,{'derived_from': 'd2_capacity'}
test,balanced,homog,med,ff_only_cheap,1000,172,172,0,1.0,0.7465277777777778,0.4479166666666667,24,0.2986111111111111,0.13216145833333334,9082.443025095634,110.10253488372093,165.52,"{'alpha': 0, 'beta': 0, 'gamma': 1}"
test,balanced,homog,med,binpack,1001,172,172,0,1.0,0.7465277777777778,0.4479166666666667,23,0.2986111111111111,0.184375,14779.87397063978,67.65957558139534,99.767,{}
test,balanced,homog,med,spread,1001,172,172,0,1.0,0.7465277777777778,0.4479166666666667,30,0.2986111111111111,0.0,9878.125184676432,101.23378488372093,120.195,{}
test,balanced,homog,med,tetris,1001,172,172,0,1.0,0.7465277777777778,0.4479166666666667,30,0.2986111111111111,0.0,9690.85059750855,103.19011627906977,122.128,{}
test,balanced,homog,med,hybrid,1001,172,172,0,1.0,0.7465277777777778,0.4479166666666667,30,0.2986111111111111,0.0,7550.334723458236,132.44445930232558,153.768,"{'family': 'hybrid', 'alpha': 0.1}"
test,balanced,homog,med,balance,1001,172,172,0,1.0,0.7465277777777778,0.4479166666666667,23,0.2986111111111111,0.184375,13512.719397068746,74.00434883720929,110.207,"{'family': 'balance', 'lam': 0.8}"
test,balanced,homog,med,wmatch,1001,172,172,0,1.0,0.7465277777777778,0.4479166666666667,23,0.2986111111111111,0.184375,9269.819547872097,107.87696511627907,162.675,"{'family': 'wmatch', 'lam': 0.8}"
test,balanced,homog,med,d1_cheap,1001,172,172,0,1.0,0.7465277777777778,0.4479166666666667,30,0.2986111111111111,0.0,5853.943895597497,170.8250058139535,192.551,"{'family': 'd_cheap', 'alpha': 0.0, 'beta': 0.8, 'gamma': 0.2}"
test,balanced,homog,med,d1_cheap_nomad_ff,1001,172,172,0,1.0,0.7465277777777778,0.4479166666666667,23,0.2986111111111111,0.19557291666666668,10018.198173472789,99.8183488372093,145.121,{'derived_from': 'd1_cheap'}
test,balanced,homog,med,d2_capacity,1001,172,172,0,1.0,0.7465277777777778,0.4479166666666667,30,0.2986111111111111,0.0,4326.137332072616,231.15308720930233,263.263,"{'family': 'd_capacity', 'alpha': 0.0, 'beta': 0.8, 'gamma': 0.2}"
test,balanced,homog,med,d2_capacity_nomad_ff,1001,172,172,0,1.0,0.7465277777777778,0.4479166666666667,23,0.2986111111111111,0.19557291666666668,7295.212258229985,137.0762034883721,207.508,{'derived_from': 'd2_capacity'}
test,balanced,homog,med,ff_only_cheap,1001,172,172,0,1.0,0.7465277777777778,0.4479166666666667,23,0.2986111111111111,0.19557291666666668,10306.715262429645,97.02412209302325,143.809,"{'alpha': 0, 'beta': 0, 'gamma': 1}"
test,balanced,homog,med,binpack,1002,172,172,0,1.0,0.7465277777777778,0.4479166666666667,24,0.2986111111111111,0.18828125,16291.626170451518,61.381226744186044,92.533,{}
test,balanced,homog,med,spread,1002,172,172,0,1.0,0.7465277777777778,0.4479166666666667,30,0.2986111111111111,0.0,11134.636987852822,89.80984302325582,108.222,{}
test,balanced,homog,med,tetris,1002,172,172,0,1.0,0.7465277777777778,0.4479166666666667,30,0.2986111111111111,0.0,10931.198970128527,91.48127325581396,108.112,{}
test,balanced,homog,med,hybrid,1002,172,172,0,1.0,0.7465277777777778,0.4479166666666667,30,0.2986111111111111,0.0,8406.631502834942,118.95370930232559,139.01,"{'family': 'hybrid', 'alpha': 0.1}"
test,balanced,homog,med,balance,1002,172,172,0,1.0,0.7465277777777778,0.4479166666666667,24,0.2986111111111111,0.18828125,14911.865241127027,67.06069186046511,99.506,"{'family': 'balance', 'lam': 0.8}"
test,balanced,homog,med,wmatch,1002,172,172,0,1.0,0.7465277777777778,0.4479166666666667,24,0.2986111111111111,0.18828125,10357.164405894382,96.55152325581395,140.052,"{'family': 'wmatch', 'lam': 0.8}"
test,balanced,homog,med,d1_cheap,1002,172,172,0,1.0,0.7465277777777778,0.4479166666666667,30,0.29861111111111105,0.0,6615.845943411362,151.15225,170.85,"{'family': 'd_cheap', 'alpha': 0.0, 'beta': 0.8, 'gamma': 0.2}"
test,balanced,homog,med,d1_cheap_nomad_ff,1002,172,172,0,1.0,0.7465277777777778,0.4479166666666667,24,0.2986111111111111,0.14270833333333333,11104.005408425332,90.05759302325582,128.461,{'derived_from': 'd1_cheap'}
test,balanced,homog,med,d2_capacity,1002,172,172,0,1.0,0.7465277777777778,0.4479166666666667,30,0.29861111111111105,0.0,4776.60883544888,209.3535465116279,228.958,"{'family': 'd_capacity', 'alpha': 0.0, 'beta': 0.8, 'gamma': 0.2}"
test,balanced,homog,med,d2_capacity_nomad_ff,1002,172,172,0,1.0,0.7465277777777778,0.4479166666666667,24,0.2986111111111111,0.16848958333333333,8062.580247869029,124.02977325581395,181.489,{'derived_from': 'd2_capacity'}
test,balanced,homog,med,ff_only_cheap,1002,172,172,0,1.0,0.7465277777777778,0.4479166666666667,24,0.2986111111111111,0.14270833333333333,11432.618803520609,87.46902325581395,127.358,"{'alpha': 0, 'beta': 0, 'gamma': 1}"
test,balanced,homog,med,binpack,1003,172,172,0,1.0,0.7465277777777778,0.4479166666666667,23,0.2986111111111111,0.184375,17623.274033406964,56.7431453488372,83.356,{}
test,balanced,homog,med,spread,1003,172,172,0,1.0,0.7465277777777778,0.4479166666666667,30,0.29861111111111105,0.0,11961.9928541002,83.59811046511628,99.777,{}
test,balanced,homog,med,tetris,1003,172,172,0,1.0,0.7465277777777778,0.4479166666666667,30,0.29861111111111105,0.0,11762.241604238456,85.01780813953488,98.525,{}
test,balanced,homog,med,hybrid,1003,172,172,0,1.0,0.7465277777777778,0.4479166666666667,30,0.2986111111111111,0.0,8874.977877053692,112.67633720930232,128.05,"{'family': 'hybrid', 'alpha': 0.1}"
test,balanced,homog,med,balance,1003,172,172,0,1.0,0.7465277777777778,0.4479166666666667,23,0.2986111111111111,0.184375,15465.752484838393,64.65899418604651,93.686,"{'family': 'balance', 'lam': 0.8}"
test,balanced,homog,med,wmatch,1003,172,172,0,1.0,0.7465277777777778,0.4479166666666667,23,0.2986111111111111,0.184375,10535.00491194604,94.9216453488372,140.343,"{'family': 'wmatch', 'lam': 0.8}"
test,balanced,homog,med,d1_cheap,1003,172,172,0,1.0,0.7465277777777778,0.4479166666666667,30,0.2986111111111111,0.0,6767.50484968447,147.7649476744186,170.188,"{'family': 'd_cheap', 'alpha': 0.0, 'beta': 0.8, 'gamma': 0.2}"
test,balanced,homog,med,d1_cheap_nomad_ff,1003,172,172,0,1.0,0.7465277777777778,0.4479166666666667,24,0.2986111111111111,0.11497395833333333,11154.495469199584,89.64995348837209,127.98,{'derived_from': 'd1_cheap'}
test,balanced,homog,med,d2_capacity,1003,172,172,0,1.0,0.7465277777777778,0.4479166666666667,30,0.2986111111111111,0.0,4827.522446435692,207.14559302325583,230.561,"{'family': 'd_capacity', 'alpha': 0.0, 'beta': 0.8, 'gamma': 0.2}"
test,balanced,homog,med,d2_capacity_nomad_ff,1003,172,172,0,1.0,0.7465277777777778,0.4479166666666667,24,0.2986111111111111,0.13216145833333334,7883.538863761128,126.84658720930233,184.536,{'derived_from': 'd2_capacity'}
test,balanced,homog,med,ff_only_cheap,1003,172,172,0,1.0,0.7465277777777778,0.4479166666666667,24,0.2986111111111111,0.11497395833333333,11180.546784640503,89.44106395348837,129.212,"{'alpha': 0, 'beta': 0, 'gamma': 1}"
test,balanced,homog,med,binpack,1004,172,172,0,1.0,0.7465277777777778,0.4479166666666667,23,0.2986111111111111,0.19557291666666668,17882.399518589173,55.920906976744185,85.48,{}
test,balanced,homog,med,spread,1004,172,172,0,1.0,0.7465277777777778,0.4479166666666667,30,0.2986111111111111,0.0,11918.123599533863,83.90582558139535,98.093,{}
test,balanced,homog,med,tetris,1004,172,172,0,1.0,0.7465277777777778,0.4479166666666667,30,0.2986111111111111,0.0,11631.196139362557,85.97568023255813,96.491,{}
test,balanced,homog,med,hybrid,1004,172,172,0,1.0,0.7465277777777778,0.4479166666666667,30,0.29861111111111105,0.0,8915.113143411361,112.16907558139535,129.473,"{'family': 'hybrid', 'alpha': 0.1}"
test,balanced,homog,med,balance,1004,172,172,0,1.0,0.7465277777777778,0.4479166666666667,23,0.2986111111111111,0.19557291666666668,15702.363525235385,63.68468023255814,97.171,"{'family': 'balance', 'lam': 0.8}"
test,balanced,homog,med,wmatch,1004,172,172,0,1.0,0.7465277777777778,0.4479166666666667,23,0.2986111111111111,0.19557291666666668,10684.6400534232,93.59229651162791,140.593,"{'family': 'wmatch', 'lam': 0.8}"
test,balanced,homog,med,d1_cheap,1004,172,172,0,1.0,0.7465277777777778,0.4479166666666667,30,0.29861111111111105,0.0,6781.57306236165,147.45841279069768,166.882,"{'family': 'd_cheap', 'alpha': 0.0, 'beta': 0.8, 'gamma': 0.2}"
test,balanced,homog,med,d1_cheap_nomad_ff,1004,172,172,0,1.0,0.7465277777777778,0.4479166666666667,23,0.2986111111111111,0.19296875,11438.303486787263,87.42555232558139,130.013,{'derived_from': 'd1_cheap'}
test,balanced,homog,med,d2_capacity,1004,172,172,0,1.0,0.7465277777777778,0.4479166666666667,30,0.29861111111111105,0.0,4784.977041568875,208.98741860465117,226.644,"{'family': 'd_capacity', 'alpha': 0.0, 'beta': 0.8, 'gamma': 0.2}"
test,balanced,homog,med,d2_capacity_nomad_ff,1004,172,172,0,1.0,0.7465277777777778,0.4479166666666667,23,0.2986111111111111,0.19296875,8015.677920367782,124.75551162790698,186.339,{'derived_from': 'd2_capacity'}
test,balanced,homog,med,ff_only_cheap,1004,172,172,0,1.0,0.7465277777777778,0.4479166666666667,23,0.2986111111111111,0.19296875,11338.405116204809,88.19582558139534,132.879,"{'alpha': 0, 'beta': 0, 'gamma': 1}"
test,balanced,homog,med,binpack,1005,172,172,0,1.0,0.7465277777777778,0.4479166666666667,23,0.2986111111111111,0.19361979166666668,17430.232454444264,57.37158139534884,87.002,{}
test,balanced,homog,med,spread,1005,172,172,0,1.0,0.7465277777777778,0.4479166666666667,30,0.2986111111111111,0.0,12014.994993169965,83.22933139534884,95.239,{}
test,balanced,homog,med,tetris,1005,172,172,0,1.0,0.7465277777777778,0.4479166666666667,30,0.2986111111111111,0.0,11726.257073506655,85.27870348837209,99.857,{}
test,balanced,homog,med,hybrid,1005,172,172,0,1.0,0.7465277777777778,0.4479166666666667,30,0.2986111111111111,0.0,8880.756227372141,112.60302325581395,127.559,"{'family': 'hybrid', 'alpha': 0.1}"
test,balanced,homog,med,balance,1005,172,172,0,1.0,0.7465277777777778,0.4479166666666667,23,0.2986111111111111,0.19361979166666668,15476.673908010429,64.61336627906977,95.308,"{'family': 'balance', 'lam': 0.8}"
test,balanced,homog,med,wmatch,1005,172,172,0,1.0,0.7465277777777778,0.4479166666666667,23,0.2986111111111111,0.19361979166666668,10524.351329770147,95.01773255813954,140.052,"{'family': 'wmatch', 'lam': 0.8}"
test,balanced,homog,med,d1_cheap,1005,172,172,0,1.0,0.7465277777777778,0.4479166666666667,30,0.29861111111111105,0.0,6754.755220041453,148.04385465116277,166.231,"{'family': 'd_cheap', 'alpha': 0.0, 'beta': 0.8, 'gamma': 0.2}"
test,balanced,homog,med,d1_cheap_nomad_ff,1005,172,172,0,1.0,0.7465277777777778,0.4479166666666667,23,0.2986111111111111,0.194921875,11155.507581107837,89.64181976744186,132.448,{'derived_from': 'd1_cheap'}
test,balanced,homog,med,d2_capacity,1005,172,172,0,1.0,0.7465277777777778,0.4479166666666667,30,0.29861111111111105,0.0,4813.775592808768,207.73714534883723,224.931,"{'family': 'd_capacity', 'alpha': 0.0, 'beta': 0.8, 'gamma': 0.2}"
test,balanced,homog,med,d2_capacity_nomad_ff,1005,172,172,0,1.0,0.7465277777777778,0.4479166666666667,23,0.2986111111111111,0.194921875,7966.53683990642,125.52505813953489,185.978,{'derived_from': 'd2_capacity'}
test,balanced,homog,med,ff_only_cheap,1005,172,172,0,1.0,0.7465277777777778,0.4479166666666667,23,0.2986111111111111,0.194921875,11174.593340631036,89.48871511627907,129.382,"{'alpha': 0, 'beta': 0, 'gamma': 1}"
test,balanced,homog,med,binpack,1006,172,172,0,1.0,0.7465277777777778,0.4479166666666667,23,0.2986111111111111,0.19166666666666668,17083.446478058795,58.5361976744186,85.811,{}
test,balanced,homog,med,spread,1006,172,172,0,1.0,0.7465277777777778,0.4479166666666667,30,0.2986111111111111,0.0,11933.708250667542,83.79625,98.995,{}
test,balanced,homog,med,tetris,1006,172,172,0,1.0,0.7465277777777778,0.4479166666666667,30,0.2986111111111111,0.0,11610.383084589877,86.1298023255814,102.642,{}
test,balanced,homog,med,hybrid,1006,172,172,0,1.0,0.7465277777777778,0.4479166666666667,30,0.2986111111111111,0.0,8705.905159792586,114.86456395348837,136.014,"{'family': 'hybrid', 'alpha': 0.1}"
test,balanced,homog,med,balance,1006,172,172,0,1.0,0.7465277777777778,0.4479166666666667,23,0.2986111111111111,0.19166666666666668,15229.608483954456,65.66156976744186,95.168,"{'family': 'balance', 'lam': 0.8}"
test,balanced,homog,med,wmatch,1006,172,172,0,1.0,0.7465277777777778,0.4479166666666667,23,0.2986111111111111,0.19166666666666668,10436.135190908768,95.82091279069768,140.423,"{'family': 'wmatch', 'lam': 0.8}"
test,balanced,homog,med,d1_cheap,1006,172,172,0,1.0,0.7465277777777778,0.4479166666666667,30,0.2986111111111111,0.0,6658.506898735762,150.18381976744186,168.565,"{'family': 'd_cheap', 'alpha': 0.0, 'beta': 0.8, 'gamma': 0.2}"
test,balanced,homog,med,d1_cheap_nomad_ff,1006,172,172,0,1.0,0.7465277777777778,0.4479166666666667,24,0.2986111111111111,0.13880208333333333,11057.78302379577,90.43404069767442,129.823,{'derived_from': 'd1_cheap'}
test,balanced,homog,med,d2_capacity,1006,172,172,0,1.0,0.7465277777777778,0.4479166666666667,30,0.29861111111111105,0.0,4785.108297850735,208.98168604651164,231.944,"{'family': 'd_capacity', 'alpha': 0.0, 'beta': 0.8, 'gamma': 0.2}"
test,balanced,homog,med,d2_capacity_nomad_ff,1006,172,172,0,1.0,0.7465277777777778,0.4479166666666667,24,0.2986111111111111,0.139453125,7877.746894770797,126.9398488372093,184.926,{'derived_from': 'd2_capacity'}
test,balanced,homog,med,ff_only_cheap,1006,172,172,0,1.0,0.7465277777777778,0.4479166666666667,24,0.2986111111111111,0.13880208333333333,10946.791148653796,91.35097093023256,133.76,"{'alpha': 0, 'beta': 0, 'gamma': 1}"
test,balanced,homog,med,binpack,1007,172,172,0,1.0,0.7465277777777778,0.4479166666666667,23,0.2986111111111111,0.194921875,17682.778762324742,56.5521976744186,85.91,{}
test,balanced,homog,med,spread,1007,172,172,0,1.0,0.7465277777777778,0.4479166666666667,30,0.29861111111111105,0.0,11923.286407113821,83.86949418604652,100.217,{}
test,balanced,homog,med,tetris,1007,172,172,0,1.0,0.7465277777777778,0.4479166666666667,30,0.29861111111111105,0.0,11682.06684560152,85.60129069767441,101.821,{}
test,balanced,homog,med,hybrid,1007,172,172,0,1.0,0.7465277777777778,0.4479166666666667,30,0.2986111111111111,0.0,8723.021646583937,114.63917441860465,130.854,"{'family': 'hybrid', 'alpha': 0.1}"
test,balanced,homog,med,balance,1007,172,172,0,1.0,0.7465277777777778,0.4479166666666667,23,0.2986111111111111,0.194921875,15631.42410634603,63.9736976744186,94.657,"{'family': 'balance', 'lam': 0.8}"
test,balanced,homog,med,wmatch,1007,172,172,0,1.0,0.7465277777777778,0.4479166666666667,23,0.2986111111111111,0.194921875,10744.05920676236,93.07469186046511,136.815,"{'family': 'wmatch', 'lam': 0.8}"
test,balanced,homog,med,d1_cheap,1007,172,172,0,1.0,0.7465277777777778,0.4479166666666667,30,0.29861111111111105,0.0,6693.062496743456,149.40843604651164,167.714,"{'family': 'd_cheap', 'alpha': 0.0, 'beta': 0.8, 'gamma': 0.2}"
test,balanced,homog,med,d1_cheap_nomad_ff,1007,172,172,0,1.0,0.7465277777777779,0.4479166666666667,24,0.2986111111111111,0.130859375,10839.540020338003,92.25483720930232,131.837,{'derived_from': 'd1_cheap'}
test,balanced,homog,med,d2_capacity,1007,172,172,0,1.0,0.7465277777777778,0.4479166666666667,30,0.29861111111111105,0.0,4805.957106776938,208.0750988372093,224.049,"{'family': 'd_capacity', 'alpha': 0.0, 'beta': 0.8, 'gamma': 0.2}"
test,balanced,homog,med,d2_capacity_nomad_ff,1007,172,172,0,1.0,0.7465277777777779,0.4479166666666667,24,0.2986111111111111,0.12096354166666666,7708.701093277568,129.72354069767442,186.739,{'derived_from': 'd2_capacity'}
test,balanced,homog,med,ff_only_cheap,1007,172,172,0,1.0,0.7465277777777779,0.4479166666666667,24,0.2986111111111111,0.130859375,10883.879885501585,91.879,132.027,"{'alpha': 0, 'beta': 0, 'gamma': 1}"
test,balanced,homog,med,binpack,1008,172,172,0,1.0,0.7465277777777778,0.4479166666666667,23,0.2986111111111111,0.19427083333333334,17683.6786739873,56.549319767441865,83.015,{}
test,balanced,homog,med,spread,1008,172,172,0,1.0,0.7465277777777778,0.4479166666666667,30,0.2986111111111111,0.0,11977.268815035874,83.49148837209302,98.293,{}
test,balanced,homog,med,tetris,1008,172,172,0,1.0,0.7465277777777778,0.4479166666666667,30,0.2986111111111111,0.0,11704.872527473275,85.43450581395348,101.099,{}
test,balanced,homog,med,hybrid,1008,172,172,0,1.0,0.7465277777777778,0.4479166666666667,30,0.29861111111111105,0.0,8880.84243258253,112.60193023255813,129.642,"{'family': 'hybrid', 'alpha': 0.1}"
test,balanced,homog,med,balance,1008,172,172,0,1.0,0.7465277777777778,0.4479166666666667,23,0.2986111111111111,0.19427083333333334,15649.040782037157,63.901680232558135,94.577,"{'family': 'balance', 'lam': 0.8}"
test,balanced,homog,med,wmatch,1008,172,172,0,1.0,0.7465277777777778,0.4479166666666667,23,0.2986111111111111,0.19427083333333334,10659.29076797587,93.81487209302325,136.595,"{'family': 'wmatch', 'lam': 0.8}"
test,balanced,homog,med,d1_cheap,1008,172,172,0,1.0,0.7465277777777778,0.4479166666666667,30,0.2986111111111111,0.0,6641.805462058629,150.56147093023256,168.765,"{'family': 'd_cheap', 'alpha': 0.0, 'beta': 0.8, 'gamma': 0.2}"
test,balanced,homog,med,d1_cheap_nomad_ff,1008,172,172,0,1.0,0.7465277777777778,0.4479166666666667,24,0.2986111111111111,0.17838541666666666,11332.83719226323,88.23915697674418,128.561,{'derived_from': 'd1_cheap'}
test,balanced,homog,med,d2_capacity,1008,172,172,0,1.0,0.7465277777777778,0.4479166666666667,30,0.29861111111111105,0.0,4813.333875113239,207.7562093023256,228.387,"{'family': 'd_capacity', 'alpha': 0.0, 'beta': 0.8, 'gamma': 0.2}"
test,balanced,homog,med,d2_capacity_nomad_ff,1008,172,172,0,1.0,0.7465277777777778,0.4479166666666667,24,0.2986111111111111,0.177734375,8028.139187956521,124.56186627906978,183.874,{'derived_from': 'd2_capacity'}
test,balanced,homog,med,ff_only_cheap,1008,172,172,0,1.0,0.7465277777777778,0.4479166666666667,24,0.2986111111111111,0.17838541666666666,11315.800640592737,88.37200581395348,131.336,"{'alpha': 0, 'beta': 0, 'gamma': 1}"
test,balanced,homog,med,binpack,1009,172,172,0,1.0,0.7465277777777778,0.4479166666666667,23,0.2986111111111111,0.194921875,17958.10124401614,55.685174418604646,82.555,{}
test,balanced,homog,med,spread,1009,172,172,0,1.0,0.7465277777777778,0.4479166666666667,30,0.2986111111111111,0.0,11960.229455611381,83.61043604651164,98.535,{}
test,balanced,homog,med,tetris,1009,172,172,0,1.0,0.7465277777777778,0.4479166666666667,30,0.2986111111111111,0.0,11710.584080359662,85.39283720930231,101.951,{}
test,balanced,homog,med,hybrid,1009,172,172,0,1.0,0.7465277777777778,0.4479166666666667,30,0.2986111111111111,0.0,8934.344618033912,111.92762790697675,128.741,"{'family': 'hybrid', 'alpha': 0.1}"
test,balanced,homog,med,balance,1009,172,172,0,1.0,0.7465277777777778,0.4479166666666667,23,0.2986111111111111,0.194921875,15717.630932663202,63.62281976744186,95.919,"{'family': 'balance', 'lam': 0.8}"
test,balanced,homog,med,wmatch,1009,172,172,0,1.0,0.7465277777777778,0.4479166666666667,23,0.2986111111111111,0.194921875,10807.792644706447,92.52583139534885,138.469,"{'family': 'wmatch', 'lam': 0.8}"
test,balanced,homog,med,d1_cheap,1009,172,172,0,1.0,0.7465277777777778,0.4479166666666667,30,0.2986111111111111,0.0,6894.42175141962,145.0447965116279,162.033,"{'family': 'd_cheap', 'alpha': 0.0, 'beta': 0.8, 'gamma': 0.2}"
test,balanced,homog,med,d1_cheap_nomad_ff,1009,172,172,0,1.0,0.7465277777777778,0.4479166666666667,23,0.2986111111111111,0.17578125,11328.081187040649,88.27620348837209,129.923,{'derived_from': 'd1_cheap'}
test,balanced,homog,med,d2_capacity,1009,172,172,0,1.0,0.7465277777777778,0.4479166666666667,30,0.2986111111111111,0.0,4948.821987593074,202.0682906976744,221.204,"{'family': 'd_capacity', 'alpha': 0.0, 'beta': 0.8, 'gamma': 0.2}"
test,balanced,homog,med,d2_capacity_nomad_ff,1009,172,172,0,1.0,0.7465277777777778,0.4479166666666667,23,0.2986111111111111,0.17513020833333334,8140.813352448468,122.8378488372093,180.628,{'derived_from': 'd2_capacity'}
test,balanced,homog,med,ff_only_cheap,1009,172,172,0,1.0,0.7465277777777778,0.4479166666666667,23,0.2986111111111111,0.17578125,11365.01869710765,87.98929651162791,126.577,"{'alpha': 0, 'beta': 0, 'gamma': 1}"
test,balanced,hetero,high,binpack,1000,238,207,31,0.8697478991596639,0.9523396041359412,0.5567341648059837,30,0.44406181268493544,0.35087560936757967,25642.586518140786,38.99762605042017,80.932,{}
test,balanced,hetero,high,spread,1000,238,210,28,0.8823529411764706,0.9481826862807528,0.5526595023780967,30,0.4433893067088602,0.34557670820518854,15942.843699575733,62.72406722689076,93.925,{}
test,balanced,hetero,high,tetris,1000,238,207,31,0.8697478991596639,0.9269118437565124,0.545962570328028,30,0.4286797206360902,0.18622412543074945,16809.795958035123,59.489121848739494,89.127,{}
test,balanced,hetero,high,hybrid,1000,238,206,32,0.865546218487395,0.9234972789189436,0.5447266637150867,30,0.4260327636234737,0.14853718185088327,13360.113437467373,74.84966386554622,110.557,"{'family': 'hybrid', 'alpha': 0.1}"
test,balanced,hetero,high,balance,1000,238,208,30,0.8739495798319328,0.9548762763841786,0.5588921633411813,30,0.4449087851859645,0.3496102596782377,21159.02939798205,47.26114705882353,91.702,"{'family': 'balance', 'lam': 0.8}"
test,balanced,hetero,high,wmatch,1000,238,207,31,0.8697478991596639,0.9469691041552296,0.5540408569757549,30,0.44138462053445265,0.3546716584356055,15659.943922925177,63.85718907563025,132.889,"{'family': 'wmatch', 'lam': 0.8}"
test,balanced,hetero,high,d1_cheap,1000,238,212,26,0.8907563025210085,0.9500965112431916,0.5573138373634657,30,0.441707346022693,0.3261909375798462,9648.989623079247,103.63779411764706,150.391,"{'family': 'd_cheap', 'alpha': 0.0, 'beta': 0.8, 'gamma': 0.2}"
test,balanced,hetero,high,d1_cheap_nomad_ff,1000,238,209,29,0.8781512605042017,0.9440444617895279,0.5534306344764502,30,0.4390702006680557,0.3113033496263943,15859.361844601042,63.05423949579832,124.553,{'derived_from': 'd1_cheap'}
test,balanced,hetero,high,d2_capacity,1000,238,208,30,0.8739495798319328,0.9339865326774234,0.5506573526953426,30,0.432253852125048,0.20693856768628008,6886.236138411726,145.2172100840336,210.503,"{'family': 'd_capacity', 'alpha': 0.0, 'beta': 0.8, 'gamma': 0.2}"
test,balanced,hetero,high,d2_capacity_nomad_ff,1000,238,209,29,0.8781512605042017,0.9445459982410361,0.5535881932857989,30,0.4394141783102153,0.32872163695853013,11105.674929895427,90.04405462184874,187.901,{'derived_from': 'd2_capacity'}
test,balanced,hetero,high,ff_only_cheap,1000,238,209,29,0.8781512605042017,0.9440444617895279,0.5534306344764502,30,0.4390702006680557,0.3113033496263943,15597.637573948696,64.1122731092437,124.973,"{'alpha': 0, 'beta': 0, 'gamma': 1}"
test,balanced,hetero,high,binpack,1001,250,219,31,0.876,0.9532161605948818,0.6204519145743407,30,0.3775760194931378,0.2920705625734677,24869.039637270136,40.21064,82.004,{}
test,balanced,hetero,high,spread,1001,250,222,28,0.888,0.9535460777590392,0.6218929690227323,30,0.37666509406643445,0.2920705625734677,15845.53920500141,63.109244,95.388,{}
test,balanced,hetero,high,tetris,1001,250,223,27,0.892,0.948353955987237,0.6198992526011993,30,0.37361437275418563,0.2538675492297383,16826.09730384001,59.431487999999995,89.537,{}
test,balanced,hetero,high,hybrid,1001,250,223,27,0.892,0.9455217413495944,0.6174122918170665,30,0.3723729485184766,0.25161818506882344,13631.06709936399,73.36182799999999,111.599,"{'family': 'hybrid', 'alpha': 0.1}"
test,balanced,hetero,high,balance,1001,250,221,29,0.884,0.9571769430915845,0.62311797133621,30,0.37893979800603994,0.2894630876658193,21182.021174904017,47.209848,91.391,"{'family': 'balance', 'lam': 0.8}"
test,balanced,hetero,high,wmatch,1001,250,222,28,0.888,0.9534663080795677,0.620586005857868,30,0.37769207569429636,0.2920705625734677,15154.953029647877,65.985028,132.027,"{'family': 'wmatch', 'lam': 0.8}"
test,balanced,hetero,high,d1_cheap,1001,250,224,26,0.896,0.951303085754251,0.6192285174801867,30,0.3767006273760605,0.2814724718173964,10103.149111165354,98.97904,145.402,"{'family': 'd_cheap', 'alpha': 0.0, 'beta': 0.8, 'gamma': 0.2}"
test,balanced,hetero,high,d1_cheap_nomad_ff,1001,250,224,26,0.896,0.9539003487733883,0.6208125106152232,30,0.37793063407625027,0.2914186938465556,15669.448348922764,63.818456,123.09,{'derived_from': 'd1_cheap'}
test,balanced,hetero,high,d2_capacity,1001,250,223,27,0.892,0.9457569836033309,0.6175264488370137,30,0.3731354369857956,0.25916167328530754,7180.525564494863,139.265572,210.825,"{'family': 'd_capacity', 'alpha': 0.0, 'beta': 0.8, 'gamma': 0.2}"
test,balanced,hetero,high,d2_capacity_nomad_ff,1001,250,223,27,0.892,0.9546526447942495,0.6224367202354257,30,0.3773755939269715,0.29076682511964347,10853.833765113312,92.133344,182.752,{'derived_from': 'd2_capacity'}
test,balanced,hetero,high,ff_only_cheap,1001,250,224,26,0.896,0.9539003487733883,0.6208125106152232,30,0.37793063407625027,0.2914186938465556,15515.3953682697,64.452112,123.221,"{'alpha': 0, 'beta': 0, 'gamma': 1}"
test,balanced,hetero,high,binpack,1002,263,225,38,0.8555133079847909,0.9360892014985035,0.6646741234454229,30,0.3400409584237295,0.2721122692838319,26083.65175885138,38.33819011406844,77.605,{}
test,balanced,hetero,high,spread,1002,263,233,30,0.8859315589353612,0.9371882055465405,0.6628386995086927,30,0.3418273944788173,0.26094558685303215,15789.120743488686,63.33474904942966,90.288,{}
test,balanced,hetero,high,tetris,1002,263,234,29,0.8897338403041825,0.9422353452481403,0.6689400491049067,30,0.341726297289041,0.2501051204268853,17456.576765296326,57.285,88.465,{}
test,balanced,hetero,high,hybrid,1002,263,231,32,0.8783269961977186,0.9271602983743185,0.6598411586436445,30,0.3343775372294783,0.18562138121170244,14904.05697497966,67.09582509505704,106.599,"{'family': 'hybrid', 'alpha': 0.1}"
test,balanced,hetero,high,balance,1002,263,226,37,0.8593155893536122,0.9390786131681738,0.6655861175120584,30,0.34179508033378847,0.2708147866978851,22576.2370769284,44.29436121673004,89.477,"{'family': 'balance', 'lam': 0.8}"
test,balanced,hetero,high,wmatch,1002,263,228,35,0.8669201520912547,0.9420427913393165,0.6679154668051501,30,0.34256520059860496,0.26821982152599144,15773.263239270507,63.39842205323194,131.356,"{'family': 'wmatch', 'lam': 0.8}"
test,balanced,hetero,high,d1_cheap,1002,263,231,32,0.8783269961977186,0.9394227975132899,0.6647348648725812,30,0.34183826590698485,0.2701660454049117,11180.81430083116,89.43892395437263,141.014,"{'family': 'd_cheap', 'alpha': 0.0, 'beta': 0.8, 'gamma': 0.2}"
test,balanced,hetero,high,d1_cheap_nomad_ff,1002,263,227,36,0.8631178707224335,0.9380089363988326,0.6658534807129475,30,0.3406825253704312,0.2714635279908585,16505.304823797713,60.58658174904943,122.65,{'derived_from': 'd1_cheap'}
test,balanced,hetero,high,d2_capacity,1002,263,231,32,0.8783269961977186,0.9398204346319269,0.6643342939633181,30,0.3423248585098028,0.2701660454049117,7871.593537966431,127.03907984790874,201.867,"{'family': 'd_capacity', 'alpha': 0.0, 'beta': 0.8, 'gamma': 0.2}"
test,balanced,hetero,high,d2_capacity_nomad_ff,1002,263,227,36,0.8631178707224335,0.9382393583689692,0.6650867154190767,30,0.3411436122024837,0.2714635279908585,11464.2447207371,87.22772623574144,179.386,{'derived_from': 'd2_capacity'}
test,balanced,hetero,high,ff_only_cheap,1002,263,227,36,0.8631178707224335,0.9380089363988326,0.6658534807129475,30,0.3406825253704312,0.2714635279908585,16425.56169643951,60.88071863117871,122.55,"{'alpha': 0, 'beta': 0, 'gamma': 1}"
test,balanced,hetero,high,binpack,1003,254,221,33,0.8700787401574803,0.9504951154299922,0.6047662590105792,30,0.3979715362709205,0.312605276444887,25275.18859121771,39.56449212598425,80.802,{}
test,balanced,hetero,high,spread,1003,254,221,33,0.8700787401574803,0.9341986559069985,0.589958731815923,30,0.3946930881310013,0.2927137336936968,15602.680565092234,64.09155118110236,94.076,{}
test,balanced,hetero,high,tetris,1003,254,221,33,0.8700787401574803,0.9320643600546625,0.5988960050244255,30,0.3862004697151652,0.15385086311156032,17244.01413764756,57.99113779527559,86.672,{}
test,balanced,hetero,high,hybrid,1003,254,222,32,0.8740157480314961,0.9392176080876465,0.6003554334714567,30,0.3913480251298985,0.2807361687655476,13866.288688378474,72.11735039370079,110.878,"{'family': 'hybrid', 'alpha': 0.1}"
test,balanced,hetero,high,balance,1003,254,223,31,0.8779527559055118,0.9511229933015266,0.6058189453429883,30,0.39778989847224727,0.31198150627832155,21715.296391567488,46.05048818897638,91.751,"{'family': 'balance', 'lam': 0.8}"
test,balanced,hetero,high,wmatch,1003,254,221,33,0.8700787401574803,0.9478817703471767,0.6027702191472976,30,0.3973542310513868,0.3144765869445833,15710.487628795074,63.65174803149606,132.438,"{'family': 'wmatch', 'lam': 0.8}"
test,balanced,hetero,high,d1_cheap,1003,254,223,31,0.8779527559055118,0.9488320769108186,0.6041854670875548,30,0.3973476546632288,0.31385281677801785,10602.706244760218,94.31554330708661,140.443,"{'family': 'd_cheap', 'alpha': 0.0, 'beta': 0.8, 'gamma': 0.2}"
test,balanced,hetero,high,d1_cheap_nomad_ff,1003,254,222,32,0.8740157480314961,0.9495349759392242,0.6040502820687322,30,0.3977273737219995,0.3132290466114524,16435.775299139197,60.842885826771656,119.453,{'derived_from': 'd1_cheap'}
test,balanced,hetero,high,d2_capacity,1003,254,223,31,0.8779527559055118,0.9434484713602012,0.6028125126600223,30,0.3931218092138877,0.26240778705503054,7425.10509885475,134.67822834645668,205.435,"{'family': 'd_capacity', 'alpha': 0.0, 'beta': 0.8, 'gamma': 0.2}"
test,balanced,hetero,high,d2_capacity_nomad_ff,1003,254,224,30,0.8818897637795275,0.9483462694875534,0.6035494011359244,30,0.39703954820313664,0.3144765869445833,11105.590379305755,90.0447401574803,185.678,{'derived_from': 'd2_capacity'}
test,balanced,hetero,high,ff_only_cheap,1003,254,222,32,0.8740157480314961,0.9495349759392242,0.6040502820687322,30,0.3977273737219995,0.3132290466114524,16399.65467750757,60.97689370078741,120.636,"{'alpha': 0, 'beta': 0, 'gamma': 1}"
test,balanced,hetero,high,binpack,1004,270,236,34,0.8740740740740741,0.9715425679533397,0.6487239001118749,30,0.340452256221474,0.25933948934324613,25264.78666086637,39.58078148148149,79.529,{}
test,balanced,hetero,high,spread,1004,270,242,28,0.8962962962962963,0.9723836405500026,0.6483006264474384,30,0.3415613890241236,0.25933948934324613,15511.72491070417,64.46736296296297,94.517,{}
test,balanced,hetero,high,tetris,1004,270,244,26,0.9037037037037037,0.9704313662148457,0.6471643629160917,30,0.3407453782203133,0.26057908852426165,17034.512237246592,58.704351851851854,89.988,{}
test,balanced,hetero,high,hybrid,1004,270,243,27,0.9,0.9700868900063835,0.6483080553668054,30,0.3395758106516612,0.25995928893375386,14101.961253764637,70.91212222222222,109.014,"{'family': 'hybrid', 'alpha': 0.1}"
test,balanced,hetero,high,balance,1004,270,235,35,0.8703703703703703,0.9695558149865714,0.6471749607337979,30,0.3401607552535259,0.26057908852426165,21615.194617208115,46.26375185185186,94.036,"{'family': 'balance', 'lam': 0.8}"
test,balanced,hetero,high,wmatch,1004,270,235,35,0.8703703703703703,0.9689924370014615,0.6481923750645223,30,0.33875225140747217,0.26057908852426165,15523.005410227326,64.42051481481481,134.231,"{'family': 'wmatch', 'lam': 0.8}"
test,balanced,hetero,high,d1_cheap,1004,270,244,26,0.9037037037037037,0.9652779709809816,0.6460453384771935,30,0.3370296085158711,0.22860876859452384,10246.597266336881,97.59337407407408,145.322,"{'family': 'd_cheap', 'alpha': 0.0, 'beta': 0.8, 'gamma': 0.2}"
test,balanced,hetero,high,d1_cheap_nomad_ff,1004,270,236,34,0.8740740740740741,0.9690768156952599,0.6475314515714307,30,0.33919602751516903,0.2611988881147694,15683.206660460377,63.76247037037037,123.972,{'derived_from': 'd1_cheap'}
test,balanced,hetero,high,d2_capacity,1004,270,244,26,0.9037037037037037,0.9688665957629372,0.648340483551212,30,0.3383230882238083,0.2405587757563001,7362.510836525209,135.82322962962965,206.586,"{'family': 'd_capacity', 'alpha': 0.0, 'beta': 0.8, 'gamma': 0.2}"
test,balanced,hetero,high,d2_capacity_nomad_ff,1004,270,238,32,0.8814814814814815,0.9746623934701104,0.6509482073713707,30,0.34166637556927276,0.25686029098121516,11251.172934778451,88.87962222222222,182.822,{'derived_from': 'd2_capacity'}
test,balanced,hetero,high,ff_only_cheap,1004,270,236,34,0.8740740740740741,0.9690768156952599,0.6475314515714307,30,0.33919602751516903,0.2611988881147694,15617.022485099771,64.0326925925926,124.153,"{'alpha': 0, 'beta': 0, 'gamma': 1}"
test,balanced,hetero,high,binpack,1005,253,221,32,0.8735177865612648,0.9563338247560979,0.6745908739948268,30,0.32710555077894476,0.25301734746623783,25498.62665203133,39.217798418972336,80.641,{}
test,balanced,hetero,high,spread,1005,253,223,30,0.8814229249011858,0.944697893846756,0.664253107838162,30,0.32627489746287164,0.24396233183522664,15706.66456747819,63.667241106719366,91.742,{}
test,balanced,hetero,high,tetris,1005,253,224,29,0.8853754940711462,0.9504979523072348,0.6714690644408866,30,0.32437273663009736,0.23285004875180293,17670.351971061413,56.59196837944664,88.295,{}
test,balanced,hetero,high,hybrid,1005,253,223,30,0.8814229249011858,0.940229564774303,0.6677961754854252,30,0.31884522167121715,0.1578812643024455,14671.936656204163,68.15732806324111,110.066,"{'family': 'hybrid', 'alpha': 0.1}"
test,balanced,hetero,high,balance,1005,253,222,31,0.8774703557312253,0.9517156530524497,0.6721272745367113,30,0.32576641845864085,0.2557510442733147,21331.507648568047,46.87901185770751,92.343,"{'family': 'balance', 'lam': 0.8}"
test,balanced,hetero,high,wmatch,1005,253,222,31,0.8774703557312253,0.9556372469187432,0.6740961450142885,30,0.3267641902415195,0.25370077166800703,15403.927197752268,64.91850988142292,135.964,"{'family': 'wmatch', 'lam': 0.8}"
test,balanced,hetero,high,d1_cheap,1005,253,224,29,0.8853754940711462,0.9526012491559185,0.6740794148273305,30,0.3249336667109276,0.2550676200715455,10996.410389165138,90.93876679841898,145.172,"{'family': 'd_cheap', 'alpha': 0.0, 'beta': 0.8, 'gamma': 0.2}"
test,balanced,hetero,high,d1_cheap_nomad_ff,1005,253,224,29,0.8853754940711462,0.9499356158204225,0.6719000929448565,30,0.32345463889961595,0.2379316343951224,15894.003456348943,62.91681027667984,124.182,{'derived_from': 'd1_cheap'}
test,balanced,hetero,high,d2_capacity,1005,253,226,27,0.8932806324110671,0.9502736212874041,0.6729803123004382,30,0.3237051413693054,0.19595542223844675,7742.159288837685,129.1629328063241,207.077,"{'family': 'd_capacity', 'alpha': 0.0, 'beta': 0.8, 'gamma': 0.2}"
test,balanced,hetero,high,d2_capacity_nomad_ff,1005,253,224,29,0.8853754940711462,0.9511384421349856,0.6707916010228225,30,0.3255511781953036,0.25711789267685314,11035.85164343242,90.61375889328063,186.388,{'derived_from': 'd2_capacity'}
test,balanced,hetero,high,ff_only_cheap,1005,253,224,29,0.8853754940711462,0.9499356158204225,0.6719000929448565,30,0.32345463889961595,0.2379316343951224,15731.808603956197,63.565482213438735,124.022,"{'alpha': 0, 'beta': 0, 'gamma': 1}"
test,balanced,hetero,high,binpack,1006,260,222,38,0.8538461538461538,0.9426705900243463,0.6635677209890548,30,0.33783355932740544,0.28285880118742696,25656.715709478744,38.976150000000004,78.858,{}
test,balanced,hetero,high,spread,1006,260,227,33,0.8730769230769231,0.9423724819084978,0.6600438099998452,30,0.3399311587122447,0.28414746461745854,16313.406131280757,61.299276923076924,92.223,{}
test,balanced,hetero,high,tetris,1006,260,224,36,0.8615384615384616,0.9422640340454861,0.6614337712594442,30,0.33852572930930697,0.28414746461745854,18165.31188373306,55.049976923076926,86.873,{}
test,balanced,hetero,high,hybrid,1006,260,227,33,0.8730769230769231,0.9388150574252614,0.6603381556955209,30,0.3366746745585652,0.2596267078458739,15205.772111093373,65.7645,108.733,"{'family': 'hybrid', 'alpha': 0.1}"
test,balanced,hetero,high,balance,1006,260,224,36,0.8615384615384616,0.947103302288124,0.6646959444830041,30,0.34110361123979394,0.2802814743273638,21086.41081389004,47.423907692307694,92.664,"{'family': 'balance', 'lam': 0.8}"
test,balanced,hetero,high,wmatch,1006,260,222,38,0.8538461538461538,0.9425883802440642,0.6634560842589716,30,0.33773556970009355,0.28285880118742696,15539.404403317352,64.35253076923077,134.412,"{'family': 'wmatch', 'lam': 0.8}"
test,balanced,hetero,high,d1_cheap,1006,260,225,35,0.8653846153846154,0.9386288099192976,0.6597163505097335,30,0.3375157331245652,0.28672479147752167,11243.010360996197,88.94415,145.983,"{'family': 'd_cheap', 'alpha': 0.0, 'beta': 0.8, 'gamma': 0.2}"
test,balanced,hetero,high,d1_cheap_nomad_ff,1006,260,224,36,0.8615384615384616,0.9443169256100904,0.6633469045106939,30,0.3397007113915104,0.28221446947241113,16115.984509067754,62.05019615384615,124.843,{'derived_from': 'd1_cheap'}
test,balanced,hetero,high,d2_capacity,1006,260,228,32,0.8769230769230769,0.9430659621922601,0.6631761199998544,30,0.3380252464592871,0.23357730753919836,7808.10582890416,128.0720346153846,210.474,"{'family': 'd_capacity', 'alpha': 0.0, 'beta': 0.8, 'gamma': 0.2}"
test,balanced,hetero,high,d2_capacity_nomad_ff,1006,260,225,35,0.8653846153846154,0.9464848077395127,0.6645219726429701,30,0.34069352538865655,0.2809258060423796,10925.32686161792,91.53044230769231,188.843,{'derived_from': 'd2_capacity'}
test,balanced,hetero,high,ff_only_cheap,1006,260,224,36,0.8615384615384616,0.9443169256100904,0.6633469045106939,30,0.3397007113915104,0.28221446947241113,16361.485114383771,61.11914615384615,124.533,"{'alpha': 0, 'beta': 0, 'gamma': 1}"
test,balanced,hetero,high,binpack,1007,261,217,44,0.8314176245210728,0.9165613752867322,0.6625278844262398,30,0.3666373693675219,0.2898308798028964,27408.21608007484,36.485409961685825,78.928,{}
test,balanced,hetero,high,spread,1007,261,222,39,0.8505747126436781,0.9180719110475342,0.6622714833738838,30,0.36758472356397687,0.28917270638288056,16681.311281449387,59.94732567049808,90.69,{}
test,balanced,hetero,high,tetris,1007,261,221,40,0.8467432950191571,0.9113366916934144,0.6594876625896139,30,0.36426410919987723,0.25639598428271754,17869.91197048575,55.9599846743295,86.452,{}
test,balanced,hetero,high,hybrid,1007,261,222,39,0.8505747126436781,0.9166419525286921,0.6636521208778543,30,0.36576272986446945,0.2623241789749631,14474.070506802094,69.08906513409961,107.902,"{'family': 'hybrid', 'alpha': 0.1}"
test,balanced,hetero,high,balance,1007,261,217,44,0.8314176245210728,0.914655931921564,0.6607615544736182,30,0.3661403093247602,0.291805400062944,22458.181317546638,44.527203065134096,91.501,"{'family': 'balance', 'lam': 0.8}"
test,balanced,hetero,high,wmatch,1007,261,216,45,0.8275862068965517,0.9142182183246592,0.661691399342186,30,0.36513069748950283,0.29114722664292814,16888.06641345351,59.21340996168582,131.155,"{'family': 'wmatch', 'lam': 0.8}"
test,balanced,hetero,high,d1_cheap,1007,261,221,40,0.8467432950191571,0.9128470381208739,0.6610204744974472,30,0.36462408898860743,0.24479590226356446,10837.28894379782,92.274,143.759,"{'family': 'd_cheap', 'alpha': 0.0, 'beta': 0.8, 'gamma': 0.2}"
test,balanced,hetero,high,d1_cheap_nomad_ff,1007,261,218,43,0.8352490421455939,0.9136711768834302,0.6595365065397777,30,0.3654023214038518,0.2924635734829598,17156.039967920176,58.288509578544065,121.448,{'derived_from': 'd1_cheap'}
test,balanced,hetero,high,d2_capacity,1007,261,221,40,0.8467432950191571,0.9178788149614466,0.6636678161156687,30,0.3668197258000061,0.2885145329628647,7664.651920404968,130.46906896551724,205.295,"{'family': 'd_capacity', 'alpha': 0.0, 'beta': 0.8, 'gamma': 0.2}"
test,balanced,hetero,high,d2_capacity_nomad_ff,1007,261,216,45,0.8275862068965517,0.9153616845609917,0.6614016261712923,30,0.36656393689672895,0.29114722664292814,12153.30712440833,82.28213026819924,181.229,{'derived_from': 'd2_capacity'}
test,balanced,hetero,high,ff_only_cheap,1007,261,218,43,0.8352490421455939,0.9136711768834302,0.6595365065397777,30,0.3654023214038518,0.2924635734829598,17180.31756994216,58.206141762452106,123.25,"{'alpha': 0, 'beta': 0, 'gamma': 1}"
test,balanced,hetero,high,binpack,1008,250,214,36,0.856,0.9541008545653654,0.6264784396841256,30,0.373254257875875,0.2932066296551854,26236.97635849029,38.114148,79.118,{}
test,balanced,hetero,high,spread,1008,250,217,33,0.868,0.9520512267130928,0.6238044062187779,30,0.3733952555587372,0.29516089703862725,16573.913521959937,60.33578,89.638,{}
test,balanced,hetero,high,tetris,1008,250,219,31,0.876,0.950260465368936,0.6233589243307197,30,0.3720499761026387,0.29646374196092184,18086.50820281024,55.289832000000004,84.899,{}
test,balanced,hetero,high,hybrid,1008,250,222,28,0.888,0.9554978694692271,0.6269910063538356,30,0.37372746068913937,0.2696746277239813,14594.550826720006,68.518724,110.206,"{'family': 'hybrid', 'alpha': 0.1}"
test,balanced,hetero,high,balance,1008,250,213,37,0.852,0.9529639961847091,0.6254429069541765,30,0.3731529322251678,0.29450947457748,21885.98922876663,45.691332,90.45,"{'family': 'balance', 'lam': 0.8}"
test,balanced,hetero,high,wmatch,1008,250,212,38,0.848,0.950343931477264,0.6238176240681941,30,0.3718398273020682,0.29581231949977455,16221.661082522054,61.645968,132.718,"{'family': 'wmatch', 'lam': 0.8}"
test,balanced,hetero,high,d1_cheap,1008,250,217,33,0.868,0.9486008267301962,0.6231771283911107,30,0.37070898766760646,0.29711516442206914,10942.830321042069,91.384036,141.254,"{'family': 'd_cheap', 'alpha': 0.0, 'beta': 0.8, 'gamma': 0.2}"
test,balanced,hetero,high,d1_cheap_nomad_ff,1008,250,215,35,0.86,0.9515432198271355,0.6244636533934413,30,0.3727114094283294,0.29581231949977455,16823.6503916243,59.440132,118.963,{'derived_from': 'd1_cheap'}
test,balanced,hetero,high,d2_capacity,1008,250,219,31,0.876,0.9525364204272374,0.6248724983305443,30,0.37294921142521414,0.29450947457748,7834.936565062895,127.633452,205.965,"{'family': 'd_capacity', 'alpha': 0.0, 'beta': 0.8, 'gamma': 0.2}"
test,balanced,hetero,high,d2_capacity_nomad_ff,1008,250,216,34,0.864,0.9533202014294007,0.6255689638729327,30,0.3733830805511031,0.29450947457748,11190.61370713206,89.36060400000001,182.752,{'derived_from': 'd2_capacity'}
test,balanced,hetero,high,ff_only_cheap,1008,250,215,35,0.86,0.9515432198271355,0.6244636533934413,30,0.3727114094283294,0.29581231949977455,16658.91249819584,60.027928,122.279,"{'alpha': 0, 'beta': 0, 'gamma': 1}"
test,balanced,hetero,high,binpack,1009,248,211,37,0.8508064516129032,0.9481470365913389,0.654049655360175,30,0.3533421790342378,0.26488233998527566,27262.91841846491,36.67985887096774,78.567,{}
test,balanced,hetero,high,spread,1009,248,220,28,0.8870967741935484,0.9485413293659722,0.652580791282095,30,0.35441159885843027,0.26488233998527566,15847.757242009695,63.10041129032258,93.125,{}
test,balanced,hetero,high,tetris,1009,248,217,31,0.875,0.9349090205728655,0.6460306935548229,30,0.34683727386387003,0.17924131693047993,17311.355264819413,57.76555241935484,85.73,{}
test,balanced,hetero,high,hybrid,1009,248,219,29,0.8830645161290323,0.9440862168309068,0.6507963349974608,30,0.3515120371164281,0.2683174692376809,14024.176322802157,71.30543548387097,108.874,"{'family': 'hybrid', 'alpha': 0.1}"
test,balanced,hetero,high,balance,1009,248,214,34,0.8629032258064516,0.949071657225219,0.6535543498078915,30,0.353476254263155,0.26488233998527566,23329.299935684507,42.864552419354844,89.417,"{'family': 'balance', 'lam': 0.8}"
test,balanced,hetero,high,wmatch,1009,248,211,37,0.8508064516129032,0.9481042072322331,0.6540815391102924,30,0.35326746592501446,0.26488233998527566,16674.152105918518,59.97306451612903,131.196,"{'family': 'wmatch', 'lam': 0.8}"
test,balanced,hetero,high,d1_cheap,1009,248,219,29,0.8830645161290323,0.944151398444842,0.6507512127774747,30,0.35240573725139307,0.2683174692376809,10470.485790431962,95.50655241935483,140.823,"{'family': 'd_cheap', 'alpha': 0.0, 'beta': 0.8, 'gamma': 0.2}"
test,balanced,hetero,high,d1_cheap_nomad_ff,1009,248,214,34,0.8629032258064516,0.949363157610007,0.6546685806541676,30,0.3539393747589133,0.26488233998527566,17139.34397225859,58.345290322580645,121.397,{'derived_from': 'd1_cheap'}
test,balanced,hetero,high,d2_capacity,1009,248,219,29,0.8830645161290323,0.9470650470916361,0.6526908723829394,30,0.3533797262927223,0.26625639168623777,7447.730595403416,134.26908870967742,203.13,"{'family': 'd_capacity', 'alpha': 0.0, 'beta': 0.8, 'gamma': 0.2}"
test,balanced,hetero,high,d2_capacity_nomad_ff,1009,248,213,35,0.8588709677419355,0.9471380853659519,0.6522992521333113,30,0.3528595715927343,0.26625639168623777,12266.65532330798,81.52181451612903,177.672,{'derived_from': 'd2_capacity'}
test,balanced,hetero,high,ff_only_cheap,1009,248,214,34,0.8629032258064516,0.949363157610007,0.6546685806541676,30,0.3539393747589133,0.26488233998527566,16880.39079193741,59.240334677419355,121.948,"{'alpha': 0, 'beta': 0, 'gamma': 1}"
test,balanced,hetero,low,binpack,1000,86,86,0,1.0,0.44002903080917694,0.30633612034211416,15,0.18214928382204076,0.11101934682455329,14946.147812883266,66.90687209302325,85.75,{}
test,balanced,hetero,low,spread,1000,86,86,0,1.0,0.4095282409346211,0.2211548794070731,30,0.20576611535674097,0.0,12031.911427223935,83.11231395348837,96.18,{}
test,balanced,hetero,low,tetris,1000,86,86,0,1.0,0.3700444582795147,0.29579939845817077,21,0.11068418799270126,0.006266321275100601,12751.652376908003,78.4212093023256,89.607,{}
test,balanced,hetero,low,hybrid,1000,86,86,0,1.0,0.36809728392917246,0.3009910108194084,15,0.10076364845241773,0.009064341871626075,10132.598005197788,98.69137209302325,120.556,"{'family': 'hybrid', 'alpha': 0.1}"
test,balanced,hetero,low,balance,1000,86,86,0,1.0,0.4015996417940534,0.32083934271538195,14,0.12968497122163855,0.07880416116390923,12808.569230689034,78.07273255813953,96.902,"{'family': 'balance', 'lam': 0.8}"
test,balanced,hetero,low,wmatch,1000,86,86,0,1.0,0.43349670428190384,0.31093224508372735,15,0.17102083255315448,0.08512281360425225,9074.01952053725,110.20474418604653,143.569,"{'family': 'wmatch', 'lam': 0.8}"
test,balanced,hetero,low,d1_cheap,1000,86,86,0,1.0,0.3716794258595341,0.30356196998654067,15,0.10416328108636964,0.0037083947940024556,7688.391289052669,130.06622093023256,150.242,"{'family': 'd_cheap', 'alpha': 0.0, 'beta': 0.8, 'gamma': 0.2}"
test,balanced,hetero,low,d1_cheap_nomad_ff,1000,86,86,0,1.0,0.43951970614262975,0.3060916149916268,15,0.18176251274519625,0.10852920231511141,9697.261639899405,103.1218953488372,134.321,{'derived_from': 'd1_cheap'}
test,balanced,hetero,low,d2_capacity,1000,86,86,0,1.0,0.3669975977779572,0.2976664919500541,16,0.10298848117055671,0.0037083947940024556,5214.3058482623655,191.78008139534882,219.912,"{'family': 'd_capacity', 'alpha': 0.0, 'beta': 0.8, 'gamma': 0.2}"
test,balanced,hetero,low,d2_capacity_nomad_ff,1000,86,86,0,1.0,0.4254645322624548,0.31438187196842354,15,0.1595390336490092,0.028203670321688433,6387.3180542743785,156.56023255813955,197.5,{'derived_from': 'd2_capacity'}
test,balanced,hetero,low,ff_only_cheap,1000,86,86,0,1.0,0.43951970614262975,0.3060916149916268,15,0.18176251274519625,0.10852920231511141,9667.21945925846,103.44236046511628,135.102,"{'alpha': 0, 'beta': 0, 'gamma': 1}"
test,balanced,hetero,low,binpack,1001,91,91,0,1.0,0.44865995416749194,0.33242084774818853,15,0.15796401258040485,0.0921126844890643,14883.768400058683,67.18728571428571,88.185,{}
test,balanced,hetero,low,spread,1001,91,91,0,1.0,0.4035571228141726,0.2421568446024662,30,0.1738349018736564,0.0,11889.885548745657,84.1050989010989,101.51,{}
test,balanced,hetero,low,tetris,1001,91,91,0,1.0,0.3662081671469178,0.3236569445803173,21,0.08033018517527053,0.005251269787746354,12510.339933431243,79.93387912087913,96.881,{}
test,balanced,hetero,low,hybrid,1001,91,91,0,1.0,0.36730551940087236,0.33394399781452155,14,0.07582294724840971,0.008322294388895073,10279.621520150431,97.27984615384615,117.499,"{'family': 'hybrid', 'alpha': 0.1}"
test,balanced,hetero,low,balance,1001,91,91,0,1.0,0.41005616566858666,0.34976123652900454,14,0.10513772505766736,0.05846140909090091,12638.155173769079,79.12547252747252,99.406,"{'family': 'balance', 'lam': 0.8}"
test,balanced,hetero,low,wmatch,1001,91,91,0,1.0,0.42622030493692975,0.34838139039103105,14,0.12278184709795736,0.04980859610101676,8910.621666656385,112.2256153846154,137.708,"{'family': 'wmatch', 'lam': 0.8}"
test,balanced,hetero,low,d1_cheap,1001,91,91,0,1.0,0.3746433402931928,0.3389887546740284,14,0.08013296068314031,0.01270087374999153,7850.5862619399,127.37902197802198,155.311,"{'family': 'd_cheap', 'alpha': 0.0, 'beta': 0.8, 'gamma': 0.2}"
test,balanced,hetero,low,d1_cheap_nomad_ff,1001,91,91,0,1.0,0.44390794583394527,0.3337862531663923,15,0.15341859542736677,0.04793198523591677,9548.423571007586,104.72932967032966,139.721,{'derived_from': 'd1_cheap'}
test,balanced,hetero,low,d2_capacity,1001,91,91,0,1.0,0.37251709666715116,0.33753028809011953,14,0.07946518364100756,0.01270087374999153,5449.401350325725,183.5063956043956,218.939,"{'family': 'd_capacity', 'alpha': 0.0, 'beta': 0.8, 'gamma': 0.2}"
test,balanced,hetero,low,d2_capacity_nomad_ff,1001,91,91,0,1.0,0.4337887537824825,0.34163516738908306,15,0.13705848861287778,0.053014417332273855,6545.988373749177,152.7653186813187,194.314,{'derived_from': 'd2_capacity'}
test,balanced,hetero,low,ff_only_cheap,1001,91,91,0,1.0,0.44390794583394527,0.3337862531663923,15,0.15341859542736677,0.04793198523591677,9415.890899003396,106.20343956043955,132.608,"{'alpha': 0, 'beta': 0, 'gamma': 1}"
test,balanced,hetero,low,binpack,1002,95,95,0,1.0,0.4369705888041644,0.37987671479158003,15,0.12274510097250674,0.07405623965312944,15014.250894770332,66.6033894736842,89.207,{}
test,balanced,hetero,low,spread,1002,95,95,0,1.0,0.39733089989611675,0.26169500830091036,30,0.15915484564626464,0.0,11940.916846220349,83.74566315789474,95.95,{}
test,balanced,hetero,low,tetris,1002,95,95,0,1.0,0.39119713167883324,0.37472745017705755,17,0.07339957368048365,0.013317993172348008,12330.769917697951,81.09793684210527,101.39,{}
test,balanced,hetero,low,hybrid,1002,95,95,0,1.0,0.39363553278513874,0.38760037092713945,14,0.07077248976724294,0.012135416561119177,10563.442926273841,94.66610526315789,115.756,"{'family': 'hybrid', 'alpha': 0.1}"
test,balanced,hetero,low,balance,1002,95,95,0,1.0,0.39962485570193157,0.39267432283661097,14,0.07422447725046831,0.03961142183898777,12881.820551086996,77.62877894736843,99.536,"{'family': 'balance', 'lam': 0.8}"
test,balanced,hetero,low,wmatch,1002,95,95,0,1.0,0.4350385893111588,0.3812405217207508,15,0.12036095194876335,0.05873874047792007,9153.097600924944,109.25263157894737,140.302,"{'family': 'wmatch', 'lam': 0.8}"
test,balanced,hetero,low,d1_cheap,1002,95,95,0,1.0,0.3936626714655353,0.38664804603090186,14,0.07098647503870624,0.0077051231654483715,7943.811996226438,125.88414736842105,155.241,"{'family': 'd_cheap', 'alpha': 0.0, 'beta': 0.8, 'gamma': 0.2}"
test,balanced,hetero,low,d1_cheap_nomad_ff,1002,95,95,0,1.0,0.4351335315869588,0.3810299721856821,15,0.12066644375963197,0.05573386299072772,9687.298096313361,103.22795789473685,133.489,{'derived_from': 'd1_cheap'}
test,balanced,hetero,low,d2_capacity,1002,95,95,0,1.0,0.39175061564116437,0.3829644241023837,15,0.07268688606302523,0.008103509794188795,5591.1555217575105,178.85390526315788,221.765,"{'family': 'd_capacity', 'alpha': 0.0, 'beta': 0.8, 'gamma': 0.2}"
test,balanced,hetero,low,d2_capacity_nomad_ff,1002,95,95,0,1.0,0.42304829799014176,0.3868910584061157,15,0.1035594702673572,0.0482529651480984,6561.32131474237,152.40832631578948,194.745,{'derived_from': 'd2_capacity'}
test,balanced,hetero,low,ff_only_cheap,1002,95,95,0,1.0,0.4351335315869588,0.3810299721856821,15,0.12066644375963197,0.05573386299072772,9757.443311565332,102.48586315789474,135.713,"{'alpha': 0, 'beta': 0, 'gamma': 1}"
test,balanced,hetero,low,binpack,1003,92,92,0,1.0,0.4408321969136908,0.35739695543481353,15,0.13586846078544157,0.0560221488001681,15146.291776189173,66.02276086956522,86.532,{}
test,balanced,hetero,low,spread,1003,92,92,0,1.0,0.3964554198613318,0.23694122867672926,30,0.17673957931799503,0.0,11875.172319076586,84.20930434782608,100.278,{}
test,balanced,hetero,low,tetris,1003,92,92,0,1.0,0.39581572139135973,0.33842945052187207,23,0.10734657549205949,0.005406820659872101,12838.692021967001,77.88955434782608,94.016,{}
test,balanced,hetero,low,hybrid,1003,92,92,0,1.0,0.4048656905949753,0.3481652989228525,17,0.10593689588067311,0.01167164286978665,10480.161111972435,95.4183804347826,118.562,"{'family': 'hybrid', 'alpha': 0.1}"
test,balanced,hetero,low,balance,1003,92,92,0,1.0,0.42702254530466754,0.3627732980919932,15,0.11719346271484063,0.03998257156188571,13046.508676282794,76.64885869565218,100.038,"{'family': 'balance', 'lam': 0.8}"
test,balanced,hetero,low,wmatch,1003,92,92,0,1.0,0.4408321969136908,0.35739695543481353,15,0.13586846078544157,0.0560221488001681,9155.695589044612,109.22163043478261,138.85,"{'family': 'wmatch', 'lam': 0.8}"
test,balanced,hetero,low,d1_cheap,1003,92,92,0,1.0,0.40488203983166066,0.3509039565722967,16,0.10600556878461527,0.013147302631104519,8100.70372222053,123.44606521739131,146.815,"{'family': 'd_cheap', 'alpha': 0.0, 'beta': 0.8, 'gamma': 0.2}"
test,balanced,hetero,low,d1_cheap_nomad_ff,1003,92,92,0,1.0,0.44070010207227095,0.35735620860035844,15,0.13553394211627565,0.07014962708743527,9734.539118245448,102.727,132.959,{'derived_from': 'd1_cheap'}
test,balanced,hetero,low,d2_capacity,1003,92,92,0,1.0,0.3992789525152615,0.346918363556232,16,0.10332062120944226,0.01390321220109761,5729.969459262783,174.521,213.88,"{'family': 'd_capacity', 'alpha': 0.0, 'beta': 0.8, 'gamma': 0.2}"
test,balanced,hetero,low,d2_capacity_nomad_ff,1003,92,92,0,1.0,0.44256144175631046,0.3545577148137305,15,0.13922680451072036,0.06275765680832866,6735.98631130434,148.45635869565217,189.735,{'derived_from': 'd2_capacity'}
test,balanced,hetero,low,ff_only_cheap,1003,92,92,0,1.0,0.44070010207227095,0.35735620860035844,15,0.13553394211627565,0.07014962708743527,9660.087761897317,103.51872826086957,134.231,"{'alpha': 0, 'beta': 0, 'gamma': 1}"
test,balanced,hetero,low,binpack,1004,98,98,0,1.0,0.44838271514010164,0.3316993883037227,14,0.13448030284846207,0.08405189227112457,14753.603530025464,67.78005102040817,88.205,{}
test,balanced,hetero,low,spread,1004,98,98,0,1.0,0.40469562077677657,0.2521450744998225,30,0.1574691544100953,0.0,11998.835868046597,83.34141836734693,100.799,{}
test,balanced,hetero,low,tetris,1004,98,98,0,1.0,0.38485945353225814,0.3309104972645493,19,0.06886808327089759,0.00233737949583838,12330.398824233564,81.10037755102042,98.654,{}
test,balanced,hetero,low,hybrid,1004,98,98,0,1.0,0.39138400771083504,0.34414388440525573,14,0.06487371168558843,0.014141277022062174,10406.74110459911,96.0915612244898,121.517,"{'family': 'hybrid', 'alpha': 0.1}"
test,balanced,hetero,low,balance,1004,98,98,0,1.0,0.4057223309218694,0.3497451625859912,13,0.07391228279508043,0.03682700371412561,12765.629298630274,78.3353469387755,98.284,"{'family': 'balance', 'lam': 0.8}"
test,balanced,hetero,low,wmatch,1004,98,98,0,1.0,0.44833961155412067,0.33176395788033247,14,0.13435555467454063,0.08768887410598687,8991.799112197466,111.21244897959184,141.295,"{'family': 'wmatch', 'lam': 0.8}"
test,balanced,hetero,low,d1_cheap,1004,98,98,0,1.0,0.3919209152766221,0.34274513092329706,14,0.06620632057494791,0.005614073842071965,7948.106327171145,125.81613265306123,152.175,"{'family': 'd_cheap', 'alpha': 0.0, 'beta': 0.8, 'gamma': 0.2}"
test,balanced,hetero,low,d1_cheap_nomad_ff,1004,98,98,0,1.0,0.4482893974716424,0.3318384894278987,14,0.1342478840558269,0.08405189227112457,9710.407892619534,102.98228571428571,129.001,{'derived_from': 'd1_cheap'}
test,balanced,hetero,low,d2_capacity,1004,98,98,0,1.0,0.3917182374269641,0.3433932882750871,14,0.06595853753188614,0.012695924880151702,5528.505680454967,180.88070408163267,217.177,"{'family': 'd_capacity', 'alpha': 0.0, 'beta': 0.8, 'gamma': 0.2}"
test,balanced,hetero,low,d2_capacity_nomad_ff,1004,98,98,0,1.0,0.4344000175292397,0.3392972293483639,14,0.11288268918162815,0.05709435757851504,6514.152628058436,153.5119081632653,197.008,{'derived_from': 'd2_capacity'}
test,balanced,hetero,low,ff_only_cheap,1004,98,98,0,1.0,0.4482893974716424,0.3318384894278987,14,0.1342478840558269,0.08405189227112457,9587.70707246017,104.30022448979592,132.227,"{'alpha': 0, 'beta': 0, 'gamma': 1}"
test,balanced,hetero,low,binpack,1005,92,92,0,1.0,0.4510005658746816,0.3454447905229236,15,0.14192361890757585,0.06192194015790857,14988.827621150866,66.71635869565218,87.714,{}
test,balanced,hetero,low,spread,1005,92,92,0,1.0,0.40647078473218917,0.26732521162149503,30,0.15681492971636443,0.0,11992.16442404502,83.38778260869564,97.211,{}
test,balanced,hetero,low,tetris,1005,92,92,0,1.0,0.37486300207737905,0.3429372535519667,16,0.04799222817808975,0.0012574345473609517,12425.08651979404,80.48233695652175,95.969,{}
test,balanced,hetero,low,hybrid,1005,92,92,0,1.0,0.38014692239320585,0.35454147947130826,13,0.04394865241333912,0.011722854747292,10618.968108699451,94.17110869565218,119.835,"{'family': 'hybrid', 'alpha': 0.1}"
test,balanced,hetero,low,balance,1005,92,92,0,1.0,0.4045652228830378,0.3675297832784182,14,0.0748332889070033,0.03652023908470596,12937.956871602028,77.29195652173914,96.33,"{'family': 'balance', 'lam': 0.8}"
test,balanced,hetero,low,wmatch,1005,92,92,0,1.0,0.4528178015899128,0.3438059023398672,15,0.14224329981410216,0.07796077286050253,9084.725732130146,110.0748695652174,143.949,"{'family': 'wmatch', 'lam': 0.8}"
test,balanced,hetero,low,d1_cheap,1005,92,92,0,1.0,0.38302562172424515,0.354174613839964,13,0.0458410735154312,0.018859021609444908,8121.118359209247,123.13575,150.501,"{'family': 'd_cheap', 'alpha': 0.0, 'beta': 0.8, 'gamma': 0.2}"
test,balanced,hetero,low,d1_cheap_nomad_ff,1005,92,92,0,1.0,0.44945401963154524,0.34544789720987207,15,0.13998191060352083,0.04148739723181804,9877.991769914945,101.23515217391304,129.172,{'derived_from': 'd1_cheap'}
test,balanced,hetero,low,d2_capacity,1005,92,92,0,1.0,0.38302562172424515,0.354174613839964,13,0.0458410735154312,0.018859021609444908,5698.340624628562,175.4896847826087,212.547,"{'family': 'd_capacity', 'alpha': 0.0, 'beta': 0.8, 'gamma': 0.2}"
test,balanced,hetero,low,d2_capacity_nomad_ff,1005,92,92,0,1.0,0.42686173380075,0.3552415940598341,15,0.10720387254879347,0.037697423041304336,6641.732735664018,150.5631195652174,190.186,{'derived_from': 'd2_capacity'}
test,balanced,hetero,low,ff_only_cheap,1005,92,92,0,1.0,0.44945401963154524,0.34544789720987207,15,0.13998191060352083,0.04148739723181804,9806.560269040849,101.97255434782608,132.247,"{'alpha': 0, 'beta': 0, 'gamma': 1}"
test,balanced,hetero,low,binpack,1006,94,94,0,1.0,0.43933525032571547,0.3529445410852601,15,0.14468146178895297,0.0895147869833467,14929.210922909524,66.98277659574468,86.001,{}
test,balanced,hetero,low,spread,1006,94,94,0,1.0,0.41102415520145663,0.25719260679238637,30,0.1721733296781363,0.0,11903.040365742443,84.0121489361702,102.722,{}
test,balanced,hetero,low,tetris,1006,94,94,0,1.0,0.3739459098233003,0.35051602700303325,18,0.05681010254798838,0.001138392198919786,12497.510469324063,80.01593617021277,96.891,{}
test,balanced,hetero,low,hybrid,1006,94,94,0,1.0,0.37860656251252756,0.37071768869815885,14,0.05678186951029141,0.020700181359835545,10563.877293597572,94.66221276595745,118.822,"{'family': 'hybrid', 'alpha': 0.1}"
test,balanced,hetero,low,balance,1006,94,94,0,1.0,0.38490181585916095,0.380470175676592,13,0.06231957129811647,0.02867334441964959,12757.75759880544,78.38368085106384,100.378,"{'family': 'balance', 'lam': 0.8}"
test,balanced,hetero,low,wmatch,1006,94,94,0,1.0,0.4386632045489038,0.35384898907674217,15,0.1431700160358287,0.0882261235533151,8859.031231006684,112.87915957446808,145.862,"{'family': 'wmatch', 'lam': 0.8}"
test,balanced,hetero,low,d1_cheap,1006,94,94,0,1.0,0.38167992832398645,0.3741940327403886,14,0.05947537808024912,0.009956483712369285,7882.480599873545,126.8636170212766,156.132,"{'family': 'd_cheap', 'alpha': 0.0, 'beta': 0.8, 'gamma': 0.2}"
test,balanced,hetero,low,d1_cheap_nomad_ff,1006,94,94,0,1.0,0.43911015853554974,0.3530788134068367,15,0.14385422822909097,0.0895147869833467,9560.659229829907,104.59529787234042,128.23,{'derived_from': 'd1_cheap'}
test,balanced,hetero,low,d2_capacity,1006,94,94,0,1.0,0.3826415627851044,0.37187778376433117,14,0.05975090078319801,0.012628288785184703,5539.502457211321,180.52162765957448,219.471,"{'family': 'd_capacity', 'alpha': 0.0, 'beta': 0.8, 'gamma': 0.2}"
test,balanced,hetero,low,d2_capacity_nomad_ff,1006,94,94,0,1.0,0.4086812858085389,0.36797082093988165,14,0.09853334796903522,0.035269658717309214,6429.442578956119,155.53447872340425,192.069,{'derived_from': 'd2_capacity'}
test,balanced,hetero,low,ff_only_cheap,1006,94,94,0,1.0,0.43911015853554974,0.3530788134068367,15,0.14385422822909097,0.0895147869833467,9493.604088228709,105.3340744680851,133.78,"{'alpha': 0, 'beta': 0, 'gamma': 1}"
test,balanced,hetero,low,binpack,1007,95,95,0,1.0,0.45743903850409706,0.3723276964915757,16,0.19470139202546846,0.13703077670384237,15216.636043854025,65.71754736842107,86.982,{}
test,balanced,hetero,low,spread,1007,95,95,0,1.0,0.4118797285707696,0.272407135352794,30,0.18079648022390132,0.0,11982.281862874008,83.45655789473685,100.037,{}
test,balanced,hetero,low,tetris,1007,95,95,0,1.0,0.38193602402238863,0.35746557623469616,21,0.09038721824163977,0.0030063080178986982,12863.005873248481,77.74232631578947,91.571,{}
test,balanced,hetero,low,hybrid,1007,95,95,0,1.0,0.3777332927254629,0.3754136300743026,16,0.08750034229137961,0.011789489657108661,10402.857785487817,96.12743157894737,117.58,"{'family': 'hybrid', 'alpha': 0.1}"
test,balanced,hetero,low,balance,1007,95,95,0,1.0,0.3998431682137606,0.4010738041308938,15,0.10945591901907471,0.04957698778117875,13143.442411453667,76.08356842105263,98.294,"{'family': 'balance', 'lam': 0.8}"
test,balanced,hetero,low,wmatch,1007,95,95,0,1.0,0.4364326411287877,0.38696111520671717,16,0.16007088929447605,0.09130677211160998,9197.755321700206,108.72217894736842,141.454,"{'family': 'wmatch', 'lam': 0.8}"
test,balanced,hetero,low,d1_cheap,1007,95,95,0,1.0,0.3779324834141736,0.37537280035399667,15,0.08862250972935269,0.006462499948273929,7773.38631455245,128.64406315789475,151.944,"{'family': 'd_cheap', 'alpha': 0.0, 'beta': 0.8, 'gamma': 0.2}"
test,balanced,hetero,low,d1_cheap_nomad_ff,1007,95,95,0,1.0,0.4521982720447049,0.3756188763509757,17,0.18699702916979807,0.06165645571138905,9889.949843379633,101.11274736842105,128.26,{'derived_from': 'd1_cheap'}
test,balanced,hetero,low,d2_capacity,1007,95,95,0,1.0,0.3780789242149815,0.37088444898655226,16,0.08756663333170998,0.006462499948273929,5394.181824128323,185.38492631578947,218.7,"{'family': 'd_capacity', 'alpha': 0.0, 'beta': 0.8, 'gamma': 0.2}"
test,balanced,hetero,low,d2_capacity_nomad_ff,1007,95,95,0,1.0,0.42381074111167993,0.39133382052864785,16,0.14219188913004988,0.06290710861036754,6560.667005749562,152.42352631578947,197.851,{'derived_from': 'd2_capacity'}
test,balanced,hetero,low,ff_only_cheap,1007,95,95,0,1.0,0.4521982720447049,0.3756188763509757,17,0.18699702916979807,0.06165645571138905,9769.997797122602,102.35416842105263,133.981,"{'alpha': 0, 'beta': 0, 'gamma': 1}"
test,balanced,hetero,low,binpack,1008,90,90,0,1.0,0.44286296271114944,0.32262190442783206,15,0.16388098025419426,0.11552270176697765,14852.588063470059,67.32833333333333,87.694,{}
test,balanced,hetero,low,spread,1008,90,90,0,1.0,0.40584857126694174,0.2468949914633674,30,0.17374173958608555,0.0,11963.409513223489,83.58821111111112,99.145,{}
test,balanced,hetero,low,tetris,1008,90,90,0,1.0,0.36355300417181974,0.32876591686119944,18,0.0739092524789185,0.005593970045802503,12392.471215731719,80.69415555555555,96.831,{}
test,balanced,hetero,low,hybrid,1008,90,90,0,1.0,0.3676679020792768,0.34053130205281934,14,0.07102322533990142,0.018724352357596334,10243.701062852278,97.62096666666666,123.461,"{'family': 'hybrid', 'alpha': 0.1}"
test,balanced,hetero,low,balance,1008,90,90,0,1.0,0.39749280331568715,0.34988170117792505,14,0.09235591961201031,0.03809397610115145,12780.83578997565,78.24214444444445,98.374,"{'family': 'balance', 'lam': 0.8}"
test,balanced,hetero,low,wmatch,1008,90,90,0,1.0,0.4346560026671004,0.32953473348963125,15,0.15024910150812734,0.10562577348743597,8977.551632143824,111.38894444444443,140.393,"{'family': 'wmatch', 'lam': 0.8}"
test,balanced,hetero,low,d1_cheap,1008,90,90,0,1.0,0.37359736010140143,0.3425159340296139,14,0.07452110464531447,0.009051946007703189,7639.97192564983,130.89053333333334,159.499,"{'family': 'd_cheap', 'alpha': 0.0, 'beta': 0.8, 'gamma': 0.2}"
test,balanced,hetero,low,d1_cheap_nomad_ff,1008,90,90,0,1.0,0.4387888628527489,0.32470921017707954,15,0.15772389497898306,0.06793028684314517,9555.525780065347,104.65148888888888,129.632,{'derived_from': 'd1_cheap'}
test,balanced,hetero,low,d2_capacity,1008,90,90,0,1.0,0.37269621676808307,0.34234211395578884,14,0.07379378138582116,0.012304475284827669,5292.519617459035,188.94592222222224,225.602,"{'family': 'd_capacity', 'alpha': 0.0, 'beta': 0.8, 'gamma': 0.2}"
test,balanced,hetero,low,d2_capacity_nomad_ff,1008,90,90,0,1.0,0.413388300321009,0.33966507351893005,14,0.11850450546662293,0.058188419439620484,6379.579448198984,156.75014444444446,198.381,{'derived_from': 'd2_capacity'}
test,balanced,hetero,low,ff_only_cheap,1008,90,90,0,1.0,0.4387888628527489,0.32470921017707954,15,0.15772389497898306,0.06793028684314517,9443.258033143527,105.89565555555555,140.894,"{'alpha': 0, 'beta': 0, 'gamma': 1}"
test,balanced,hetero,low,binpack,1009,90,90,0,1.0,0.46667693580046454,0.371044366638821,16,0.1477237247820193,0.08548345247573666,15413.431915360392,64.87847777777777,87.062,{}
test,balanced,hetero,low,spread,1009,90,90,0,1.0,0.39506877493066234,0.260179477537,30,0.15636455925451026,0.0,12031.738120931268,83.11351111111112,98.744,{}
test,balanced,hetero,low,tetris,1009,90,90,0,1.0,0.39759446890989214,0.3376658174948524,24,0.09898280974197625,0.004125957146275316,12929.06168627718,77.34513333333334,87.474,{}
test,balanced,hetero,low,hybrid,1009,90,90,0,1.0,0.40420789943517044,0.3566539833831072,16,0.09408596451008304,0.013380749476345957,10172.13053239575,98.30782222222223,121.667,"{'family': 'hybrid', 'alpha': 0.1}"
test,balanced,hetero,low,balance,1009,90,90,0,1.0,0.4504815489540856,0.37965201656755665,15,0.1286110245275745,0.05769158780283151,13458.934100273245,74.3000888888889,96.6,"{'family': 'balance', 'lam': 0.8}"
test,balanced,hetero,low,wmatch,1009,90,90,0,1.0,0.46420459175982487,0.3723486761124331,16,0.14520104016889046,0.06873334347821002,9154.664393054905,109.23393333333334,143.81,"{'family': 'wmatch', 'lam': 0.8}"
test,balanced,hetero,low,d1_cheap,1009,90,90,0,1.0,0.4041690262855158,0.36057226588601365,15,0.09537400879897007,0.008418586436512738,7846.018572746453,127.45317777777778,150.682,"{'family': 'd_cheap', 'alpha': 0.0, 'beta': 0.8, 'gamma': 0.2}"
test,balanced,hetero,low,d1_cheap_nomad_ff,1009,90,90,0,1.0,0.46476522060529996,0.3717576246903305,16,0.14635272043646805,0.06498899511634515,9914.250545449018,100.86491111111111,124.813,{'derived_from': 'd1_cheap'}
test,balanced,hetero,low,d2_capacity,1009,90,90,0,1.0,0.40590916497455815,0.3569717462141832,17,0.09670570291183174,0.007731560586031687,5383.099972958895,185.76656666666668,221.003,"{'family': 'd_capacity', 'alpha': 0.0, 'beta': 0.8, 'gamma': 0.2}"
test,balanced,hetero,low,d2_capacity_nomad_ff,1009,90,90,0,1.0,0.4646953158251922,0.3715896580113549,16,0.14479823600087607,0.04681154102519959,6683.052025109563,149.63223333333335,192.61,{'derived_from': 'd2_capacity'}
test,balanced,hetero,low,ff_only_cheap,1009,90,90,0,1.0,0.46476522060529996,0.3717576246903305,16,0.14635272043646805,0.06498899511634515,9830.56045991294,101.7236,134.702,"{'alpha': 0, 'beta': 0, 'gamma': 1}"
test,balanced,hetero,med,binpack,1000,162,162,0,1.0,0.8017382025275616,0.46853639420090687,26,0.38212444324764294,0.2946197131526732,18988.487936156485,52.66348765432099,81.212,{}
test,balanced,hetero,med,spread,1000,162,162,0,1.0,0.7654852716744812,0.4154677030013512,30,0.38310324607124463,0.10743186276231324,12724.982801635897,78.58556790123457,94.587,{}
test,balanced,hetero,med,tetris,1000,162,162,0,1.0,0.734602949519665,0.46856857316390993,30,0.311978310857247,0.022662105849268595,13476.746996120444,74.20188271604938,89.658,{}
test,balanced,hetero,med,hybrid,1000,162,162,0,1.0,0.7331671757121192,0.47086475151125845,30,0.3088366092511265,0.029764118989258567,10773.324530241487,92.82185802469137,115.296,"{'family': 'hybrid', 'alpha': 0.1}"
test,balanced,hetero,med,balance,1000,162,162,0,1.0,0.7567633747568171,0.48125914109545864,25,0.3232326436469854,0.2185172963107002,15898.649056459342,62.89842592592593,93.996,"{'family': 'balance', 'lam': 0.8}"
test,balanced,hetero,med,wmatch,1000,162,162,0,1.0,0.796120364770644,0.47221626811349,26,0.37282673157814217,0.2843022463021861,11488.287017689623,87.04517901234567,135.383,"{'family': 'wmatch', 'lam': 0.8}"
test,balanced,hetero,med,d1_cheap,1000,162,162,0,1.0,0.7396189915790199,0.46185537102646496,30,0.31858430828539713,0.0043410696386734305,8003.618426009389,124.94348765432099,152.726,"{'family': 'd_cheap', 'alpha': 0.0, 'beta': 0.8, 'gamma': 0.2}"
test,balanced,hetero,med,d1_cheap_nomad_ff,1000,162,162,0,1.0,0.7970089788071807,0.4697509636433686,26,0.37618065008480045,0.24227271782315127,12262.479741361594,81.54957407407407,126.236,{'derived_from': 'd1_cheap'}
test,balanced,hetero,med,d2_capacity,1000,162,162,0,1.0,0.7367804531350809,0.4664839291609582,30,0.3135056615776874,0.024564217396116774,5485.860668214402,182.2868024691358,218.399,"{'family': 'd_capacity', 'alpha': 0.0, 'beta': 0.8, 'gamma': 0.2}"
test,balanced,hetero,med,d2_capacity_nomad_ff,1000,162,162,0,1.0,0.7926678692580597,0.4692093686100907,26,0.3710649588728113,0.21098541225668255,8211.857821313015,121.77512345679013,193.822,{'derived_from': 'd2_capacity'}
test,balanced,hetero,med,ff_only_cheap,1000,162,162,0,1.0,0.7970089788071807,0.4697509636433686,26,0.37618065008480045,0.24227271782315127,12123.81558928105,82.48228395061729,126.026,"{'alpha': 0, 'beta': 0, 'gamma': 1}"
test,balanced,hetero,med,binpack,1001,170,170,0,1.0,0.791210015703156,0.5241311730116254,26,0.3121314289490292,0.227748259517549,19315.335001193576,51.772335294117646,83.246,{}
test,balanced,hetero,med,spread,1001,170,170,0,1.0,0.7569429049595471,0.4622602629609701,30,0.32176462577653203,0.08929410805961184,12344.226750375046,81.0095294117647,96.941,{}
test,balanced,hetero,med,tetris,1001,170,170,0,1.0,0.7277927280085276,0.5174518730474426,30,0.2536659803514851,0.021055943042859286,13834.38998233918,72.28363529411764,87.804,{}
test,balanced,hetero,med,hybrid,1001,170,170,0,1.0,0.7304619489677364,0.5200524729960468,30,0.25529030222235505,0.01613670588743352,10997.93161253226,90.92618823529412,115.516,"{'family': 'hybrid', 'alpha': 0.1}"
test,balanced,hetero,med,balance,1001,170,170,0,1.0,0.7507347594118721,0.5364588191393028,24,0.2590090824852146,0.16908393232172983,16262.330912414338,61.491800000000005,95.448,"{'family': 'balance', 'lam': 0.8}"
test,balanced,hetero,med,wmatch,1001,170,170,0,1.0,0.7914723434599397,0.5239715743813539,26,0.3125533553360843,0.227748259517549,11568.50405360382,86.44160000000001,137.317,"{'family': 'wmatch', 'lam': 0.8}"
test,balanced,hetero,med,d1_cheap,1001,170,170,0,1.0,0.7282534042799901,0.5185826591647126,29,0.2529027417587961,0.008687101925188343,8179.10390026343,122.26278235294119,151.523,"{'family': 'd_cheap', 'alpha': 0.0, 'beta': 0.8, 'gamma': 0.2}"
test,balanced,hetero,med,d1_cheap_nomad_ff,1001,170,170,0,1.0,0.79100385703266,0.5247217042154199,26,0.31140379185280753,0.21490821438538962,12286.818282149581,81.38803529411766,123.832,{'derived_from': 'd1_cheap'}
test,balanced,hetero,med,d2_capacity,1001,170,170,0,1.0,0.7315766615147428,0.5180004762728163,30,0.25736586812040935,0.01110625779942497,5772.773907170604,173.22694705882355,214.902,"{'family': 'd_capacity', 'alpha': 0.0, 'beta': 0.8, 'gamma': 0.2}"
test,balanced,hetero,med,d2_capacity_nomad_ff,1001,170,170,0,1.0,0.7909877266274411,0.5250556240892722,26,0.3110227191282479,0.19672608849279263,8193.760258768589,122.04408823529411,191.167,{'derived_from': 'd2_capacity'}
test,balanced,hetero,med,ff_only_cheap,1001,170,170,0,1.0,0.79100385703266,0.5247217042154199,26,0.31140379185280753,0.21490821438538962,12269.86248948581,81.50050588235294,126.236,"{'alpha': 0, 'beta': 0, 'gamma': 1}"
test,balanced,hetero,med,binpack,1002,179,179,0,1.0,0.7750999815510202,0.5829258454132399,25,0.2596866922308662,0.19223582066270448,19167.527509952928,52.17156983240224,82.014,{}
test,balanced,hetero,med,spread,1002,179,179,0,1.0,0.7493833843168726,0.4942545186950295,30,0.2960345867835672,0.06409411939861613,12371.391095888233,80.83165363128492,95.328,{}
test,balanced,hetero,med,tetris,1002,179,179,0,1.0,0.7402112635200343,0.5690113965246572,30,0.23673189866851974,0.028131970333591248,13789.970885442475,72.51646927374301,92.313,{}
test,balanced,hetero,med,hybrid,1002,179,179,0,1.0,0.7373778002519179,0.570954170252988,30,0.23260744509806006,0.03560412819626666,11754.289642638732,85.07532402234636,111.97,"{'family': 'hybrid', 'alpha': 0.1}"
test,balanced,hetero,med,balance,1002,179,179,0,1.0,0.7728122426955696,0.5843625637503143,26,0.2562620890459192,0.1420526702468006,16456.295755856972,60.76701675977654,93.866,"{'family': 'balance', 'lam': 0.8}"
test,balanced,hetero,med,wmatch,1002,179,179,0,1.0,0.7754462919459648,0.5829924582921966,25,0.2598286519269171,0.16138067224572678,11617.906400045018,86.07402793296089,132.177,"{'family': 'wmatch', 'lam': 0.8}"
test,balanced,hetero,med,d1_cheap,1002,179,179,0,1.0,0.7326772807822919,0.5647572272890322,29,0.23185567255002223,0.015915182331511055,8773.718018878786,113.9767653631285,148.588,"{'family': 'd_cheap', 'alpha': 0.0, 'beta': 0.8, 'gamma': 0.2}"
test,balanced,hetero,med,d1_cheap_nomad_ff,1002,179,179,0,1.0,0.7751995763859654,0.5836178342933999,25,0.25940591361073334,0.1775254682301562,12409.244401801629,80.58508379888268,126.366,{'derived_from': 'd1_cheap'}
test,balanced,hetero,med,d2_capacity,1002,179,179,0,1.0,0.7372655996585699,0.5693665281070435,30,0.2348589540784204,0.022744655441309828,6065.264208160952,164.87327932960895,213.149,"{'family': 'd_capacity', 'alpha': 0.0, 'beta': 0.8, 'gamma': 0.2}"
test,balanced,hetero,med,d2_capacity_nomad_ff,1002,179,179,0,1.0,0.7739558311120035,0.5823477385500807,26,0.25885449436693736,0.14871794655959178,8182.553032429011,122.21124581005587,190.026,{'derived_from': 'd2_capacity'}
test,balanced,hetero,med,ff_only_cheap,1002,179,179,0,1.0,0.7751995763859654,0.5836178342933999,25,0.25940591361073334,0.1775254682301562,12348.205885016956,80.9834245810056,126.827,"{'alpha': 0, 'beta': 0, 'gamma': 1}"
test,balanced,hetero,med,binpack,1003,173,173,0,1.0,0.7790893924493828,0.5191882374071514,25,0.3118783994681749,0.22741656641848526,18907.767146803726,52.88831791907515,82.594,{}
test,balanced,hetero,med,spread,1003,173,173,0,1.0,0.744445394071063,0.4469143499621202,30,0.3308804035863883,0.0,12351.804230899916,80.9598323699422,97.021,{}
test,balanced,hetero,med,tetris,1003,173,173,0,1.0,0.7435846661712423,0.5077426677591298,30,0.2863611502217575,0.01473739508092507,13747.917548096257,72.73828901734105,92.624,{}
test,balanced,hetero,med,hybrid,1003,173,173,0,1.0,0.7412212648949359,0.5093838596036677,30,0.28306048285940844,0.02210948502920287,11179.393727907773,89.45028901734103,113.793,"{'family': 'hybrid', 'alpha': 0.1}"
test,balanced,hetero,med,balance,1003,173,173,0,1.0,0.7709470121626907,0.5211937580168924,25,0.30121950237613987,0.19875592167074535,16429.045374649184,60.86780924855491,96.501,"{'family': 'balance', 'lam': 0.8}"
test,balanced,hetero,med,wmatch,1003,173,173,0,1.0,0.7795946463974853,0.5197344882666995,25,0.3118374025567292,0.2087567613473523,11455.274041276332,87.29603468208091,141.444,"{'family': 'wmatch', 'lam': 0.8}"
test,balanced,hetero,med,d1_cheap,1003,173,173,0,1.0,0.7421306973298099,0.5066455882966633,30,0.2869513572634882,0.018000351920665084,8317.985928083366,120.22141040462427,147.576,"{'family': 'd_cheap', 'alpha': 0.0, 'beta': 0.8, 'gamma': 0.2}"
test,balanced,hetero,med,d1_cheap_nomad_ff,1003,173,173,0,1.0,0.7773293953516324,0.5193083896398122,26,0.30999825013776355,0.14243008938292648,12162.259160026577,82.22156647398843,125.255,{'derived_from': 'd1_cheap'}
test,balanced,hetero,med,d2_capacity,1003,173,173,0,1.0,0.7422828624848262,0.5067214941681975,30,0.2874859815354277,0.018000351920665084,5772.41695602436,173.23765895953758,219.15,"{'family': 'd_capacity', 'alpha': 0.0, 'beta': 0.8, 'gamma': 0.2}"
test,balanced,hetero,med,d2_capacity_nomad_ff,1003,173,173,0,1.0,0.7797592151261632,0.5194205450516258,26,0.3123159145004808,0.19432260619232297,8316.175413039917,120.2475838150289,191.679,{'derived_from': 'd2_capacity'}
test,balanced,hetero,med,ff_only_cheap,1003,173,173,0,1.0,0.7773293953516324,0.5193083896398122,26,0.30999825013776355,0.14243008938292648,11778.919084681305,84.89743352601157,130.244,"{'alpha': 0, 'beta': 0, 'gamma': 1}"
test,balanced,hetero,med,binpack,1004,184,184,0,1.0,0.7784816850231827,0.5446224504392808,25,0.2518114240544348,0.18209166526441567,18573.581261033112,53.83991304347826,82.875,{}
test,balanced,hetero,med,spread,1004,184,184,0,1.0,0.754501552133338,0.4784061699262447,30,0.28800014513905076,0.04970102614769157,12264.544900398898,81.53584239130436,101.97,{}
test,balanced,hetero,med,tetris,1004,184,184,0,1.0,0.7320186849161199,0.5341383459747463,30,0.21492795017432711,0.019375233924619532,13750.529376698218,72.72447282608697,90.57,{}
test,balanced,hetero,med,hybrid,1004,184,184,0,1.0,0.7259212585897316,0.5362858852938958,28,0.20728603668717568,0.019313060615265266,11565.385630498624,86.46490760869565,111.047,"{'family': 'hybrid', 'alpha': 0.1}"
test,balanced,hetero,med,balance,1004,184,184,0,1.0,0.7516206059950707,0.5520557489099011,24,0.21721552047650958,0.10867073064351644,15953.858666153368,62.68076086956522,94.036,"{'family': 'balance', 'lam': 0.8}"
test,balanced,hetero,med,wmatch,1004,184,184,0,1.0,0.7787001123915545,0.5450937927360088,25,0.2515585091260786,0.17899266731187696,11667.291458578831,85.70969565217392,133.79,"{'family': 'wmatch', 'lam': 0.8}"
test,balanced,hetero,med,d1_cheap,1004,184,184,0,1.0,0.7229043858177523,0.536367893812825,27,0.204187155396267,0.019313060615265266,8637.987484119483,115.76770652173913,146.925,"{'family': 'd_cheap', 'alpha': 0.0, 'beta': 0.8, 'gamma': 0.2}"
test,balanced,hetero,med,d1_cheap_nomad_ff,1004,184,184,0,1.0,0.7766267660848855,0.5444458486211198,25,0.250116031922968,0.1322859071989501,12246.026397374771,81.65914130434783,121.929,{'derived_from': 'd1_cheap'}
test,balanced,hetero,med,d2_capacity,1004,184,184,0,1.0,0.723335452104483,0.5348984943654979,27,0.2063891472095181,0.019313060615265266,5985.535692757769,167.0694239130435,209.662,"{'family': 'd_capacity', 'alpha': 0.0, 'beta': 0.8, 'gamma': 0.2}"
test,balanced,hetero,med,d2_capacity_nomad_ff,1004,184,184,0,1.0,0.7777359376191618,0.545145949379111,25,0.2505421777105837,0.1207334277549339,8372.428555314247,119.43965760869565,183.704,{'derived_from': 'd2_capacity'}
test,balanced,hetero,med,ff_only_cheap,1004,184,184,0,1.0,0.7766267660848855,0.5444458486211198,25,0.250116031922968,0.1322859071989501,12136.393806455255,82.39679891304347,124.413,"{'alpha': 0, 'beta': 0, 'gamma': 1}"
test,balanced,hetero,med,binpack,1005,172,172,0,1.0,0.7821742515317546,0.5799636876229941,25,0.2484200429212978,0.17467933878376823,19074.158108801657,52.42695348837209,81.994,{}
test,balanced,hetero,med,spread,1005,172,172,0,1.0,0.7610784830104677,0.5086529614187822,30,0.2875143866795472,0.056778484195602094,12559.032014067869,79.62397093023256,95.158,{}
test,balanced,hetero,med,tetris,1005,172,172,0,1.0,0.7291066197226096,0.5624654437354045,30,0.20647774902850013,0.013959073505783588,14052.434535263114,71.1620465116279,90.469,{}
test,balanced,hetero,med,hybrid,1005,172,172,0,1.0,0.7248998088033805,0.568807638708613,28,0.19527789182818386,0.02972911916902021,11680.96407614576,85.60937209302325,113.542,"{'family': 'hybrid', 'alpha': 0.1}"
test,balanced,hetero,med,balance,1005,172,172,0,1.0,0.7636706159253436,0.5838125240847026,25,0.22612408685955457,0.14178821669952543,15894.751608465693,62.91384883720931,93.795,"{'family': 'balance', 'lam': 0.8}"
test,balanced,hetero,med,wmatch,1005,172,172,0,1.0,0.7820974733953251,0.580199658820517,25,0.24830964695714758,0.17467933878376823,11635.204150142028,85.94606395348836,136.085,"{'family': 'wmatch', 'lam': 0.8}"
test,balanced,hetero,med,d1_cheap,1005,172,172,0,1.0,0.7258807517574802,0.5694833895235418,27,0.1992181477883159,0.020299203679498883,8825.499001153625,113.30804069767441,146.384,"{'family': 'd_cheap', 'alpha': 0.0, 'beta': 0.8, 'gamma': 0.2}"
test,balanced,hetero,med,d1_cheap_nomad_ff,1005,172,172,0,1.0,0.7798883470670283,0.5805395813558227,25,0.245614760730119,0.12088938873528075,12077.773841578228,82.79671511627907,123.682,{'derived_from': 'd1_cheap'}
test,balanced,hetero,med,d2_capacity,1005,172,172,0,1.0,0.727829651558537,0.56608211831515,29,0.20091450372287895,0.02239417737134794,6320.711815045683,158.21002906976744,210.163,"{'family': 'd_capacity', 'alpha': 0.0, 'beta': 0.8, 'gamma': 0.2}"
test,balanced,hetero,med,d2_capacity_nomad_ff,1005,172,172,0,1.0,0.7817930243184502,0.579949310855627,25,0.24809095722781263,0.156576487873387,8388.459820252863,119.2113953488372,185.788,{'derived_from': 'd2_capacity'}
test,balanced,hetero,med,ff_only_cheap,1005,172,172,0,1.0,0.7798883470670283,0.5805395813558227,25,0.245614760730119,0.12088938873528075,12006.774613154985,83.28631395348836,124.493,"{'alpha': 0, 'beta': 0, 'gamma': 1}"
test,balanced,hetero,med,binpack,1006,177,177,0,1.0,0.7716822806576121,0.5691312995467334,25,0.26074875393970337,0.21327057187770873,18802.982981706926,53.18305084745763,81.212,{}
test,balanced,hetero,med,spread,1006,177,177,0,1.0,0.760277788925919,0.5007105259057396,30,0.3004224270541305,0.12264808590533598,12691.387194433342,78.79359322033898,95.899,{}
test,balanced,hetero,med,tetris,1006,177,177,0,1.0,0.7236519030473432,0.5704565889809144,30,0.20888499430759763,0.019782181453651865,14039.653215806366,71.22683050847458,92.964,{}
test,balanced,hetero,med,hybrid,1006,177,177,0,1.0,0.716547464738332,0.5719510625680152,28,0.2002860824114859,0.024385437576703185,11931.10695731832,83.81451977401129,113.282,"{'family': 'hybrid', 'alpha': 0.1}"
test,balanced,hetero,med,balance,1006,177,177,0,1.0,0.7246219956147375,0.58384231329806,24,0.19951037260879134,0.08980952179513776,15736.61354300074,63.54607344632768,93.144,"{'family': 'balance', 'lam': 0.8}"
test,balanced,hetero,med,wmatch,1006,177,177,0,1.0,0.7638665806417747,0.575123010431205,25,0.24700639105456398,0.19219509121793246,11373.993152599083,87.91987005649717,135.323,"{'family': 'wmatch', 'lam': 0.8}"
test,balanced,hetero,med,d1_cheap,1006,177,177,0,1.0,0.7165743732725317,0.5704803636706541,28,0.2029811538060162,0.01740737065473249,8948.249542918864,111.75370056497175,150.322,"{'family': 'd_cheap', 'alpha': 0.0, 'beta': 0.8, 'gamma': 0.2}"
test,balanced,hetero,med,d1_cheap_nomad_ff,1006,177,177,0,1.0,0.7717438313313333,0.5690528041430799,25,0.2608888000170781,0.21327057187770873,12277.69737543062,81.44849717514124,124.503,{'derived_from': 'd1_cheap'}
test,balanced,hetero,med,d2_capacity,1006,177,177,0,1.0,0.7163790927170539,0.5688015247679256,28,0.20263599220122774,0.021667853535979355,6193.314117963949,161.4644406779661,211.776,"{'family': 'd_capacity', 'alpha': 0.0, 'beta': 0.8, 'gamma': 0.2}"
test,balanced,hetero,med,d2_capacity_nomad_ff,1006,177,177,0,1.0,0.7675455260487885,0.5703004389227375,26,0.25497499050675587,0.12718837492140736,8171.768543381795,122.37253107344632,187.861,{'derived_from': 'd2_capacity'}
test,balanced,hetero,med,ff_only_cheap,1006,177,177,0,1.0,0.7717438313313333,0.5690528041430799,25,0.2608888000170781,0.21327057187770873,12229.156991008322,81.77178531073446,123.031,"{'alpha': 0, 'beta': 0, 'gamma': 1}"
test,balanced,hetero,med,binpack,1007,178,178,0,1.0,0.7827167225507821,0.5879157906829952,27,0.30688462178012765,0.23908444026148082,19972.78315571769,50.068134831460675,86.552,{}
test,balanced,hetero,med,spread,1007,178,178,0,1.0,0.7653050597806393,0.5206399426998549,30,0.3283905844347364,0.11914364633643793,12667.665988946537,78.9411404494382,100.818,{}
test,balanced,hetero,med,tetris,1007,178,178,0,1.0,0.737820699351335,0.5790303542813524,30,0.2640563889312922,0.021534869559400628,13935.587678216007,71.75872471910112,89.818,{}
test,balanced,hetero,med,hybrid,1007,178,178,0,1.0,0.7368008477182937,0.5775535298329769,30,0.2624303385461103,0.021778345073833007,11286.01689770348,88.6052191011236,111.86,"{'family': 'hybrid', 'alpha': 0.1}"
test,balanced,hetero,med,balance,1007,178,178,0,1.0,0.7416701059507412,0.5953043845611955,25,0.2588073579321019,0.17559211783939338,16843.601763884686,59.36972471910113,92.072,"{'family': 'balance', 'lam': 0.8}"
test,balanced,hetero,med,wmatch,1007,178,178,0,1.0,0.7822872634252775,0.5881455139062501,27,0.30622543943136826,0.21289408627357917,12249.731280122382,81.63444382022473,136.215,"{'family': 'wmatch', 'lam': 0.8}"
test,balanced,hetero,med,d1_cheap,1007,178,178,0,1.0,0.7375259000108134,0.5718305400206479,30,0.26343201543928924,0.021778345073833007,8343.03445443562,119.86046629213483,147.456,"{'family': 'd_cheap', 'alpha': 0.0, 'beta': 0.8, 'gamma': 0.2}"
test,balanced,hetero,med,d1_cheap_nomad_ff,1007,178,178,0,1.0,0.7819118100496197,0.5888044162902225,27,0.3057212024077757,0.17015291391834342,12728.463404166041,78.56407865168539,124.143,{'derived_from': 'd1_cheap'}
test,balanced,hetero,med,d2_capacity,1007,178,178,0,1.0,0.7343289667935922,0.5766704350623567,29,0.26079229808893084,0.027374330717368774,5855.727571025453,170.77297191011237,208.771,"{'family': 'd_capacity', 'alpha': 0.0, 'beta': 0.8, 'gamma': 0.2}"
test,balanced,hetero,med,d2_capacity_nomad_ff,1007,178,178,0,1.0,0.7831668418526928,0.5885894446346918,27,0.3072126806187085,0.21203302341376054,8804.658317179506,113.57624157303371,186.349,{'derived_from': 'd2_capacity'}
test,balanced,hetero,med,ff_only_cheap,1007,178,178,0,1.0,0.7819118100496197,0.5888044162902225,27,0.3057212024077757,0.17015291391834342,12676.754372002491,78.88454494382022,124.813,"{'alpha': 0, 'beta': 0, 'gamma': 1}"
test,balanced,hetero,med,binpack,1008,170,170,0,1.0,0.780490078939028,0.534852591973976,25,0.2907212302747011,0.21915247762354592,19198.26248948613,52.088047058823534,82.043,{}
test,balanced,hetero,med,spread,1008,170,170,0,1.0,0.7633462451385208,0.4667936767749571,30,0.32463441804077786,0.09702508655353179,12625.932536523109,79.20207058823529,95.239,{}
test,balanced,hetero,med,tetris,1008,170,170,0,1.0,0.7288666335620575,0.528231758769796,30,0.24452912793641854,0.030898910472420802,13546.94258654325,73.81739411764705,91.161,{}
test,balanced,hetero,med,hybrid,1008,170,170,0,1.0,0.7258634512689229,0.5330561796268053,29,0.2384391146367528,0.02850159958204297,11356.776749017105,88.05315294117646,113.663,"{'family': 'hybrid', 'alpha': 0.1}"
test,balanced,hetero,med,balance,1008,170,170,0,1.0,0.7472314284015523,0.5425808737683284,24,0.2501173127992831,0.16663495881408102,16047.253687163322,62.315958823529414,92.332,"{'family': 'balance', 'lam': 0.8}"
test,balanced,hetero,med,wmatch,1008,170,170,0,1.0,0.7821933832444405,0.5354190278035383,25,0.29240619843553745,0.21394109793436758,11604.10902865894,86.1763705882353,134.782,"{'family': 'wmatch', 'lam': 0.8}"
test,balanced,hetero,med,d1_cheap,1008,170,170,0,1.0,0.7247126974007527,0.528434973042457,28,0.2405549923588627,0.021107265160843353,8476.91397248733,117.96745882352941,147.516,"{'family': 'd_cheap', 'alpha': 0.0, 'beta': 0.8, 'gamma': 0.2}"
test,balanced,hetero,med,d1_cheap_nomad_ff,1008,170,170,0,1.0,0.7818671386506211,0.5350766515144588,25,0.2920393152743873,0.1937718634935883,12401.641306161288,80.63448823529411,123.702,{'derived_from': 'd1_cheap'}
test,balanced,hetero,med,d2_capacity,1008,170,170,0,1.0,0.7232927608258133,0.5277342651287976,29,0.2408437850255366,0.02020913571579394,6112.815388013114,163.5907411764706,206.486,"{'family': 'd_capacity', 'alpha': 0.0, 'beta': 0.8, 'gamma': 0.2}"
test,balanced,hetero,med,d2_capacity_nomad_ff,1008,170,170,0,1.0,0.7785031159359576,0.535716022985616,25,0.2878708362599906,0.15132053809774412,8346.857697761854,119.80556470588235,185.326,{'derived_from': 'd2_capacity'}
test,balanced,hetero,med,ff_only_cheap,1008,170,170,0,1.0,0.7818671386506211,0.5350766515144588,25,0.2920393152743873,0.1937718634935883,12385.950892764768,80.73663529411765,125.294,"{'alpha': 0, 'beta': 0, 'gamma': 1}"
test,balanced,hetero,med,binpack,1009,169,169,0,1.0,0.7883251324981159,0.557982017962252,26,0.2893486661198896,0.20795169742873565,20169.56276923084,49.57965680473373,82.434,{}
test,balanced,hetero,med,spread,1009,169,169,0,1.0,0.7452910375363364,0.48856278260267394,30,0.29636715337992164,0.015043729567292292,12323.40254248566,81.1464201183432,95.559,{}
test,balanced,hetero,med,tetris,1009,169,169,0,1.0,0.7472885426199193,0.541746192744878,30,0.25667935373266354,0.02051694754205876,13799.19187359875,72.46801183431953,88.786,{}
test,balanced,hetero,med,hybrid,1009,169,169,0,1.0,0.7473930277812912,0.544157686934087,30,0.2556081901154564,0.02021197172414993,10901.289596757428,91.73226627218935,114.975,"{'family': 'hybrid', 'alpha': 0.1}"
test,balanced,hetero,med,balance,1009,169,169,0,1.0,0.7747945552682254,0.5649762557620679,25,0.26881351036270584,0.17747784768317043,17231.94586599501,58.03175147928994,94.156,"{'family': 'balance', 'lam': 0.8}"
test,balanced,hetero,med,wmatch,1009,169,169,0,1.0,0.7883854069522552,0.5586267150511313,26,0.2885867887803678,0.20795169742873565,12117.768649855427,82.52344378698224,136.024,"{'family': 'wmatch', 'lam': 0.8}"
test,balanced,hetero,med,d1_cheap,1009,169,169,0,1.0,0.7423726553261449,0.5389193090582847,29,0.25435110390643445,0.009105612286993789,8209.060782411898,121.81661538461539,148.888,"{'family': 'd_cheap', 'alpha': 0.0, 'beta': 0.8, 'gamma': 0.2}"
test,balanced,hetero,med,d1_cheap_nomad_ff,1009,169,169,0,1.0,0.7867001467590607,0.558444691541228,26,0.2872610068018584,0.15379138015778554,12865.801770121163,77.72543195266272,127.158,{'derived_from': 'd1_cheap'}
test,balanced,hetero,med,d2_capacity,1009,169,169,0,1.0,0.7439544184294549,0.537616125000986,30,0.25696066637943127,0.012600706812771454,5772.577721354531,173.23283431952663,208.3,"{'family': 'd_capacity', 'alpha': 0.0, 'beta': 0.8, 'gamma': 0.2}"
test,balanced,hetero,med,d2_capacity_nomad_ff,1009,169,169,0,1.0,0.7897590450360606,0.5587168785927158,26,0.2900477180273705,0.18177606327405724,8879.83414361382,112.61471597633135,184.115,{'derived_from': 'd2_capacity'}
test,balanced,hetero,med,ff_only_cheap,1009,169,169,0,1.0,0.7867001467590607,0.558444691541228,26,0.2872610068018584,0.15379138015778554,12780.203117507464,78.24601775147929,123.771,"{'alpha': 0, 'beta': 0, 'gamma': 1}"
