split,family,cluster_config,load,policy,seed,submitted,placed,rejected,admission_rate,mean_cpu_util,mean_ram_util,active_nodes,free_imbalance,stranded_frac,decisions_per_sec,mean_latency_us,p95_latency_us,params
test,cpu_heavy,homog,high,binpack,1000,171,151,20,0.8830409356725146,0.9694444444444444,0.20791666666666667,30,0.7615277777777777,0.5065104166666666,20533.755151901158,48.700298245614036,108.042,{}
test,cpu_heavy,homog,high,spread,1000,171,153,18,0.8947368421052632,0.9489583333333333,0.20875000000000002,30,0.7402083333333334,0.3890625,15868.498219248266,63.01793567251462,93.985,{}
test,cpu_heavy,homog,high,tetris,1000,171,154,17,0.9005847953216374,0.9407986111111111,0.20947916666666666,30,0.7313194444444445,0.2953125,14657.621114380361,68.22389473684211,97.042,{}
test,cpu_heavy,homog,high,hybrid,1000,171,153,18,0.8947368421052632,0.9338541666666667,0.2084375,30,0.7254166666666666,0.3065104166666667,11178.125389150748,89.46043859649122,128.641,"{'family': 'hybrid', 'alpha': 0.1}"
test,cpu_heavy,homog,high,balance,1000,171,155,16,0.9064327485380117,0.9560763888888889,0.21177083333333335,30,0.7443055555555556,0.432421875,15203.68402156825,65.7735321637427,99.606,"{'family': 'balance', 'lam': 0.8}"
test,cpu_heavy,homog,high,wmatch,1000,171,151,20,0.8830409356725146,0.9694444444444444,0.20791666666666667,30,0.7615277777777777,0.5065104166666666,13794.099271534424,72.49476608187135,142.246,"{'family': 'wmatch', 'lam': 0.8}"
test,cpu_heavy,homog,high,d1_cheap,1000,171,154,17,0.9005847953216374,0.9407986111111111,0.20947916666666666,30,0.7313194444444445,0.3065104166666667,8453.212826440464,118.298216374269,164.548,"{'family': 'd_cheap', 'alpha': 0.0, 'beta': 0.8, 'gamma': 0.2}"
test,cpu_heavy,homog,high,d1_cheap_nomad_ff,1000,171,154,17,0.9005847953216374,0.9694444444444444,0.20791666666666667,30,0.7615277777777777,0.5065104166666666,14596.12646118109,68.51132748538011,125.124,{'derived_from': 'd1_cheap'}
test,cpu_heavy,homog,high,d2_capacity,1000,171,153,18,0.8947368421052632,0.9338541666666667,0.2084375,30,0.7254166666666666,0.28684895833333335,6114.236681887422,163.5527134502924,226.303,"{'family': 'd_capacity', 'alpha': 0.0, 'beta': 0.8, 'gamma': 0.2}"
test,cpu_heavy,homog,high,d2_capacity_nomad_ff,1000,171,151,20,0.8830409356725146,0.9694444444444444,0.20791666666666667,30,0.7615277777777777,0.5065104166666666,10852.499365509577,92.14467251461988,180.548,{'derived_from': 'd2_capacity'}
test,cpu_heavy,homog,high,ff_only_cheap,1000,171,154,17,0.9005847953216374,0.9694444444444444,0.20791666666666667,30,0.7615277777777777,0.5065104166666666,14555.493115421996,68.70258479532164,127.188,"{'alpha': 0, 'beta': 0, 'gamma': 1}"
test,cpu_heavy,homog,high,binpack,1001,171,153,18,0.8947368421052632,0.9744791666666667,0.20281249999999998,30,0.7716666666666666,0.5078125,24058.693081141955,41.565017543859646,81.102,{}
test,cpu_heavy,homog,high,spread,1001,171,151,20,0.8830409356725146,0.947048611111111,0.19947916666666668,30,0.7475694444444444,0.3765625,16190.346974284521,61.76519883040935,91.321,{}
test,cpu_heavy,homog,high,tetris,1001,171,151,20,0.8830409356725146,0.9199652777777777,0.20322916666666666,30,0.7167361111111111,0.24544270833333334,14882.279860837629,67.19400584795322,97.974,{}
test,cpu_heavy,homog,high,hybrid,1001,171,151,20,0.8830409356725146,0.9241319444444444,0.20385416666666664,30,0.7202777777777778,0.260546875,11354.452748245687,88.07117543859648,126.577,"{'family': 'hybrid', 'alpha': 0.1}"
test,cpu_heavy,homog,high,balance,1001,171,156,15,0.9122807017543859,0.9630208333333333,0.2096875,30,0.7533333333333334,0.44947916666666665,15301.829937788665,65.35166081871344,98.033,"{'family': 'balance', 'lam': 0.8}"
test,cpu_heavy,homog,high,wmatch,1001,171,153,18,0.8947368421052632,0.9744791666666667,0.20281249999999998,30,0.7716666666666666,0.5078125,14535.884508572346,68.79526315789474,136.335,"{'family': 'wmatch', 'lam': 0.8}"
test,cpu_heavy,homog,high,d1_cheap,1001,171,153,18,0.8947368421052632,0.9380208333333333,0.2059375,30,0.7320833333333333,0.25729166666666664,8520.930419826242,117.35807602339182,165.961,"{'family': 'd_cheap', 'alpha': 0.0, 'beta': 0.8, 'gamma': 0.2}"
test,cpu_heavy,homog,high,d1_cheap_nomad_ff,1001,171,153,18,0.8947368421052632,0.9692708333333333,0.20281249999999998,30,0.7664583333333332,0.509765625,15066.847903518603,66.37088304093568,125.164,{'derived_from': 'd1_cheap'}
test,cpu_heavy,homog,high,d2_capacity,1001,171,153,18,0.8947368421052632,0.9364583333333333,0.20375,30,0.7327083333333333,0.275,6199.29987789917,161.3085380116959,221.915,"{'family': 'd_capacity', 'alpha': 0.0, 'beta': 0.8, 'gamma': 0.2}"
test,cpu_heavy,homog,high,d2_capacity_nomad_ff,1001,171,153,18,0.8947368421052632,0.9744791666666667,0.20281249999999998,30,0.7716666666666666,0.5078125,11281.601100662032,88.63990058479533,182.161,{'derived_from': 'd2_capacity'}
test,cpu_heavy,homog,high,ff_only_cheap,1001,171,153,18,0.8947368421052632,0.9692708333333333,0.20281249999999998,30,0.7664583333333332,0.509765625,15134.448332099713,66.07442690058478,125.715,"{'alpha': 0, 'beta': 0, 'gamma': 1}"
test,cpu_heavy,homog,high,binpack,1002,171,156,15,0.9122807017543859,0.9739583333333334,0.20625,30,0.7677083333333333,0.505859375,23244.259789265638,43.02137426900585,81.182,{}
test,cpu_heavy,homog,high,spread,1002,171,152,19,0.8888888888888888,0.9352430555555556,0.20239583333333336,30,0.7328472222222222,0.3240885416666667,15986.654228862697,62.552175438596485,91.0,{}
test,cpu_heavy,homog,high,tetris,1002,171,150,21,0.8771929824561403,0.9005208333333333,0.19718750000000002,30,0.7033333333333334,0.2046875,14635.33871137811,68.32776608187135,93.445,{}
test,cpu_heavy,homog,high,hybrid,1002,171,153,18,0.8947368421052632,0.9255208333333333,0.20093750000000002,30,0.7245833333333334,0.29661458333333335,11066.924670550272,90.35933918128654,123.521,"{'family': 'hybrid', 'alpha': 0.1}"
test,cpu_heavy,homog,high,balance,1002,171,154,17,0.9005847953216374,0.9449652777777777,0.20385416666666664,30,0.7411111111111112,0.40091145833333336,15983.812043830416,62.563298245614035,94.056,"{'family': 'balance', 'lam': 0.8}"
test,cpu_heavy,homog,high,wmatch,1002,171,156,15,0.9122807017543859,0.9739583333333334,0.20625,30,0.7677083333333333,0.505859375,14060.377068067683,71.12184795321637,135.764,"{'family': 'wmatch', 'lam': 0.8}"
test,cpu_heavy,homog,high,d1_cheap,1002,171,153,18,0.8947368421052632,0.9255208333333333,0.20093750000000002,30,0.7245833333333334,0.29661458333333335,8394.60288889213,119.12415789473684,163.436,"{'family': 'd_cheap', 'alpha': 0.0, 'beta': 0.8, 'gamma': 0.2}"
test,cpu_heavy,homog,high,d1_cheap_nomad_ff,1002,171,155,16,0.9064327485380117,0.9628472222222223,0.20458333333333334,30,0.7582638888888888,0.473046875,14674.303826569294,68.14633333333333,127.759,{'derived_from': 'd1_cheap'}
test,cpu_heavy,homog,high,d2_capacity,1002,171,150,21,0.8771929824561403,0.9005208333333333,0.19718750000000002,30,0.7033333333333334,0.18307291666666667,6075.27392290989,164.60163157894735,223.338,"{'family': 'd_capacity', 'alpha': 0.0, 'beta': 0.8, 'gamma': 0.2}"
test,cpu_heavy,homog,high,d2_capacity_nomad_ff,1002,171,155,16,0.9064327485380117,0.967013888888889,0.20520833333333333,30,0.7618055555555556,0.5091145833333334,10789.485589506261,92.6828245614035,178.644,{'derived_from': 'd2_capacity'}
test,cpu_heavy,homog,high,ff_only_cheap,1002,171,155,16,0.9064327485380117,0.9628472222222223,0.20458333333333334,30,0.7582638888888888,0.473046875,14859.21415959717,67.29830994152046,125.655,"{'alpha': 0, 'beta': 0, 'gamma': 1}"
test,cpu_heavy,homog,high,binpack,1003,171,152,19,0.8888888888888888,0.9706597222222223,0.20302083333333334,30,0.7676388888888889,0.5091145833333334,22687.83437190986,44.07648538011696,81.553,{}
test,cpu_heavy,homog,high,spread,1003,171,151,20,0.8830409356725146,0.9434027777777777,0.20479166666666665,30,0.738611111111111,0.337890625,16030.706959801737,62.38028070175439,90.369,{}
test,cpu_heavy,homog,high,tetris,1003,171,150,21,0.8771929824561403,0.9088541666666666,0.2015625,30,0.7072916666666667,0.23684895833333333,14841.693807003821,67.37775438596492,92.293,{}
test,cpu_heavy,homog,high,hybrid,1003,171,151,20,0.8830409356725146,0.9199652777777777,0.20322916666666666,30,0.7167361111111111,0.25729166666666664,11142.039501462148,89.75017543859649,126.115,"{'family': 'hybrid', 'alpha': 0.1}"
test,cpu_heavy,homog,high,balance,1003,171,151,20,0.8830409356725146,0.9444444444444444,0.20104166666666667,30,0.7434027777777777,0.421875,15553.87626245629,64.29265497076022,99.537,"{'family': 'balance', 'lam': 0.8}"
test,cpu_heavy,homog,high,wmatch,1003,171,152,19,0.8888888888888888,0.9706597222222223,0.20302083333333334,30,0.7676388888888889,0.5091145833333334,13917.25241207959,71.85326315789473,136.165,"{'family': 'wmatch', 'lam': 0.8}"
test,cpu_heavy,homog,high,d1_cheap,1003,171,151,20,0.8830409356725146,0.9241319444444444,0.20385416666666664,30,0.7202777777777778,0.2657552083333333,8437.630588986582,118.51668421052632,165.349,"{'family': 'd_cheap', 'alpha': 0.0, 'beta': 0.8, 'gamma': 0.2}"
test,cpu_heavy,homog,high,d1_cheap_nomad_ff,1003,171,151,20,0.8830409356725146,0.9595486111111111,0.20135416666666664,30,0.7581944444444445,0.475,14425.254825079022,69.32286549707602,130.363,{'derived_from': 'd1_cheap'}
test,cpu_heavy,homog,high,d2_capacity,1003,171,151,20,0.8830409356725146,0.9241319444444444,0.20385416666666664,30,0.7202777777777778,0.289453125,6182.284328028536,161.75250877192983,222.356,"{'family': 'd_capacity', 'alpha': 0.0, 'beta': 0.8, 'gamma': 0.2}"
test,cpu_heavy,homog,high,d2_capacity_nomad_ff,1003,171,152,19,0.8888888888888888,0.9706597222222223,0.20302083333333334,30,0.7676388888888889,0.5091145833333334,10688.249513497134,93.56069005847954,180.167,{'derived_from': 'd2_capacity'}
test,cpu_heavy,homog,high,ff_only_cheap,1003,171,151,20,0.8830409356725146,0.9595486111111111,0.20135416666666664,30,0.7581944444444445,0.475,14273.625228691022,70.0592865497076,128.731,"{'alpha': 0, 'beta': 0, 'gamma': 1}"
test,cpu_heavy,homog,high,binpack,1004,171,150,21,0.8771929824561403,0.9671875,0.2071875,30,0.76,0.5078125,23976.42402432079,41.70763742690058,82.254,{}
test,cpu_heavy,homog,high,spread,1004,171,154,17,0.9005847953216374,0.9491319444444444,0.20447916666666666,30,0.7446527777777778,0.431640625,15913.510905780291,62.839684210526315,91.691,{}
test,cpu_heavy,homog,high,tetris,1004,171,149,22,0.8713450292397661,0.8935763888888889,0.19614583333333335,30,0.6974305555555556,0.153515625,14542.96190807062,68.761783625731,95.508,{}
test,cpu_heavy,homog,high,hybrid,1004,171,150,21,0.8771929824561403,0.9005208333333333,0.19718750000000002,30,0.7033333333333334,0.1890625,11133.364819270331,89.8201052631579,121.217,"{'family': 'hybrid', 'alpha': 0.1}"
test,cpu_heavy,homog,high,balance,1004,171,154,17,0.9005847953216374,0.9449652777777777,0.20385416666666664,30,0.7411111111111112,0.36158854166666665,15044.341216216215,66.47017543859648,98.644,"{'family': 'balance', 'lam': 0.8}"
test,cpu_heavy,homog,high,wmatch,1004,171,150,21,0.8771929824561403,0.9671875,0.2071875,30,0.76,0.5078125,14623.076103447915,68.38506432748538,136.425,"{'family': 'wmatch', 'lam': 0.8}"
test,cpu_heavy,homog,high,d1_cheap,1004,171,151,20,0.8830409356725146,0.9116319444444444,0.19885416666666667,30,0.7127777777777777,0.19231770833333334,8420.597727512117,118.75641520467836,163.276,"{'family': 'd_cheap', 'alpha': 0.0, 'beta': 0.8, 'gamma': 0.2}"
test,cpu_heavy,homog,high,d1_cheap_nomad_ff,1004,171,151,20,0.8830409356725146,0.968923611111111,0.20822916666666666,30,0.7606944444444445,0.5065104166666666,15294.656932347976,65.38230994152048,123.992,{'derived_from': 'd1_cheap'}
test,cpu_heavy,homog,high,d2_capacity,1004,171,151,20,0.8830409356725146,0.9074652777777777,0.20135416666666667,30,0.7061111111111111,0.191015625,6096.628350605331,164.02508771929826,222.136,"{'family': 'd_capacity', 'alpha': 0.0, 'beta': 0.8, 'gamma': 0.2}"
test,cpu_heavy,homog,high,d2_capacity_nomad_ff,1004,171,151,20,0.8830409356725146,0.9699652777777777,0.20760416666666665,30,0.7623611111111112,0.5065104166666666,11168.588338765883,89.53683040935672,176.581,{'derived_from': 'd2_capacity'}
test,cpu_heavy,homog,high,ff_only_cheap,1004,171,151,20,0.8830409356725146,0.968923611111111,0.20822916666666666,30,0.7606944444444445,0.5065104166666666,15228.384354803187,65.66684795321638,125.945,"{'alpha': 0, 'beta': 0, 'gamma': 1}"
test,cpu_heavy,homog,high,binpack,1005,171,155,16,0.9064327485380117,0.967013888888889,0.20833333333333334,30,0.7586805555555556,0.5071614583333334,23250.530173273557,43.009771929824566,80.641,{}
test,cpu_heavy,homog,high,spread,1005,171,153,18,0.8947368421052632,0.9380208333333333,0.2059375,30,0.7320833333333333,0.3450520833333333,15873.755557903098,62.997064327485376,94.086,{}
test,cpu_heavy,homog,high,tetris,1005,171,150,21,0.8771929824561403,0.9046875,0.20093750000000002,30,0.70375,0.19427083333333334,14781.191685605609,67.65354385964913,98.995,{}
test,cpu_heavy,homog,high,hybrid,1005,171,151,20,0.8830409356725146,0.9116319444444444,0.20197916666666668,30,0.7096527777777778,0.2171875,11294.369783082711,88.53969005847954,128.821,"{'family': 'hybrid', 'alpha': 0.1}"
test,cpu_heavy,homog,high,balance,1005,171,155,16,0.9064327485380117,0.9477430555555556,0.20739583333333333,30,0.7403472222222223,0.3983072916666667,15684.237231517502,63.75828070175439,97.292,"{'family': 'balance', 'lam': 0.8}"
test,cpu_heavy,homog,high,wmatch,1005,171,155,16,0.9064327485380117,0.967013888888889,0.20833333333333334,30,0.7586805555555556,0.5071614583333334,14031.669560254042,71.2673567251462,134.672,"{'family': 'wmatch', 'lam': 0.8}"
test,cpu_heavy,homog,high,d1_cheap,1005,171,152,19,0.8888888888888888,0.9227430555555556,0.20364583333333333,30,0.7190972222222223,0.27239583333333334,8654.12995324948,115.55176608187135,165.77,"{'family': 'd_cheap', 'alpha': 0.0, 'beta': 0.8, 'gamma': 0.2}"
test,cpu_heavy,homog,high,d1_cheap_nomad_ff,1005,171,156,15,0.9122807017543859,0.9697916666666667,0.20875000000000002,30,0.7610416666666667,0.505859375,14572.25944587066,68.62353801169591,122.67,{'derived_from': 'd1_cheap'}
test,cpu_heavy,homog,high,d2_capacity,1005,171,152,19,0.8888888888888888,0.9185763888888889,0.20302083333333334,30,0.7155555555555556,0.24153645833333334,6245.305292618666,160.1202748538012,221.354,"{'family': 'd_capacity', 'alpha': 0.0, 'beta': 0.8, 'gamma': 0.2}"
test,cpu_heavy,homog,high,d2_capacity_nomad_ff,1005,171,155,16,0.9064327485380117,0.967013888888889,0.20833333333333334,30,0.7586805555555556,0.5071614583333334,10827.482429877013,92.3575730994152,175.508,{'derived_from': 'd2_capacity'}
test,cpu_heavy,homog,high,ff_only_cheap,1005,171,156,15,0.9122807017543859,0.9697916666666667,0.20875000000000002,30,0.7610416666666667,0.505859375,14459.65169489526,69.15795906432749,125.305,"{'alpha': 0, 'beta': 0, 'gamma': 1}"
test,cpu_heavy,homog,high,binpack,1006,171,155,16,0.9064327485380117,0.968576388888889,0.21364583333333334,30,0.7549305555555555,0.5032552083333334,23335.124179023253,42.85385380116959,80.381,{}
test,cpu_heavy,homog,high,spread,1006,171,152,19,0.8888888888888888,0.9394097222222223,0.20927083333333335,30,0.7301388888888888,0.39947916666666666,15929.001737844776,62.778573099415205,95.529,{}
test,cpu_heavy,homog,high,tetris,1006,171,148,23,0.8654970760233918,0.8949652777777778,0.20260416666666667,30,0.6923611111111111,0.153515625,14922.176920471078,67.01435087719298,92.583,{}
test,cpu_heavy,homog,high,hybrid,1006,171,150,21,0.8771929824561403,0.9130208333333333,0.20531249999999998,30,0.7077083333333333,0.215234375,11390.916882877593,87.78924561403508,126.227,"{'family': 'hybrid', 'alpha': 0.1}"
test,cpu_heavy,homog,high,balance,1006,171,153,18,0.8947368421052632,0.9380208333333333,0.20906249999999998,30,0.7289583333333333,0.3209635416666667,15419.363402113913,64.85352046783626,97.322,"{'family': 'balance', 'lam': 0.8}"
test,cpu_heavy,homog,high,wmatch,1006,171,155,16,0.9064327485380117,0.968576388888889,0.21364583333333334,30,0.7549305555555555,0.5032552083333334,13999.34063924264,71.43193567251463,137.778,"{'family': 'wmatch', 'lam': 0.8}"
test,cpu_heavy,homog,high,d1_cheap,1006,171,152,19,0.8888888888888888,0.9227430555555556,0.20677083333333332,30,0.7159722222222222,0.264453125,8479.125533403936,117.93669005847954,163.496,"{'family': 'd_cheap', 'alpha': 0.0, 'beta': 0.8, 'gamma': 0.2}"
test,cpu_heavy,homog,high,d1_cheap_nomad_ff,1006,171,155,16,0.9064327485380117,0.968576388888889,0.21364583333333334,30,0.7549305555555555,0.5032552083333334,14962.720513093562,66.83276608187136,123.421,{'derived_from': 'd1_cheap'}
test,cpu_heavy,homog,high,d2_capacity,1006,171,149,22,0.8713450292397661,0.9019097222222222,0.20364583333333333,30,0.6982638888888889,0.15807291666666667,6229.876088493241,160.51683625730993,221.855,"{'family': 'd_capacity', 'alpha': 0.0, 'beta': 0.8, 'gamma': 0.2}"
test,cpu_heavy,homog,high,d2_capacity_nomad_ff,1006,171,155,16,0.9064327485380117,0.968576388888889,0.21364583333333334,30,0.7549305555555555,0.5032552083333334,11086.557879223168,90.19932163742689,170.929,{'derived_from': 'd2_capacity'}
test,cpu_heavy,homog,high,ff_only_cheap,1006,171,155,16,0.9064327485380117,0.968576388888889,0.21364583333333334,30,0.7549305555555555,0.5032552083333334,14839.087023001453,67.38959064327486,126.297,"{'alpha': 0, 'beta': 0, 'gamma': 1}"
test,cpu_heavy,homog,high,binpack,1007,171,153,18,0.8947368421052632,0.9682291666666667,0.20656249999999998,30,0.7616666666666666,0.47239583333333335,23232.622406030157,43.042923976608186,81.673,{}
test,cpu_heavy,homog,high,spread,1007,171,151,20,0.8830409356725146,0.9282986111111111,0.20447916666666668,30,0.7238194444444445,0.247265625,15740.299419155337,63.53119298245614,92.483,{}
test,cpu_heavy,homog,high,tetris,1007,171,152,19,0.8888888888888888,0.9227430555555556,0.20364583333333333,30,0.7190972222222223,0.20208333333333334,14791.746482267507,67.60526900584794,95.619,{}
test,cpu_heavy,homog,high,hybrid,1007,171,151,20,0.8830409356725146,0.9241319444444444,0.20385416666666664,30,0.7202777777777778,0.24153645833333334,11225.21074676732,89.08518713450292,126.026,"{'family': 'hybrid', 'alpha': 0.1}"
test,cpu_heavy,homog,high,balance,1007,171,154,17,0.9005847953216374,0.9559027777777778,0.20666666666666667,30,0.7492361111111111,0.379296875,15634.372909416912,63.96163157894737,94.567,"{'family': 'balance', 'lam': 0.8}"
test,cpu_heavy,homog,high,wmatch,1007,171,153,18,0.8947368421052632,0.9682291666666667,0.20656249999999998,30,0.7616666666666666,0.47239583333333335,14193.013866574547,70.45719883040935,135.363,"{'family': 'wmatch', 'lam': 0.8}"
test,cpu_heavy,homog,high,d1_cheap,1007,171,153,18,0.8947368421052632,0.9380208333333333,0.2059375,30,0.7320833333333333,0.268359375,8313.94264225557,120.27987719298245,169.688,"{'family': 'd_cheap', 'alpha': 0.0, 'beta': 0.8, 'gamma': 0.2}"
test,cpu_heavy,homog,high,d1_cheap_nomad_ff,1007,171,155,16,0.9064327485380117,0.9753472222222223,0.20958333333333332,30,0.7657638888888889,0.5032552083333334,14617.847160406252,68.40952631578948,130.684,{'derived_from': 'd1_cheap'}
test,cpu_heavy,homog,high,d2_capacity,1007,171,151,20,0.8830409356725146,0.9241319444444444,0.20385416666666664,30,0.7202777777777778,0.23098958333333333,6053.748364160365,165.18691228070173,229.028,"{'family': 'd_capacity', 'alpha': 0.0, 'beta': 0.8, 'gamma': 0.2}"
test,cpu_heavy,homog,high,d2_capacity_nomad_ff,1007,171,153,18,0.8947368421052632,0.9682291666666667,0.20656249999999998,30,0.7616666666666666,0.47239583333333335,10878.812069348547,91.92180116959065,181.098,{'derived_from': 'd2_capacity'}
test,cpu_heavy,homog,high,ff_only_cheap,1007,171,155,16,0.9064327485380117,0.9753472222222223,0.20958333333333332,30,0.7657638888888889,0.5032552083333334,14675.602248954514,68.14030409356725,127.719,"{'alpha': 0, 'beta': 0, 'gamma': 1}"
test,cpu_heavy,homog,high,binpack,1008,171,153,18,0.8947368421052632,0.9697916666666667,0.20875000000000002,30,0.7610416666666667,0.505859375,23307.249658671462,42.90510526315789,82.365,{}
test,cpu_heavy,homog,high,spread,1008,171,152,19,0.8888888888888888,0.9352430555555556,0.20864583333333334,30,0.7265972222222222,0.3444010416666667,15627.65458789098,63.989128654970756,92.864,{}
test,cpu_heavy,homog,high,tetris,1008,171,148,23,0.8654970760233918,0.8991319444444444,0.20010416666666667,30,0.6990277777777778,0.16731770833333334,14838.456071661933,67.39245614035087,97.492,{}
test,cpu_heavy,homog,high,hybrid,1008,171,150,21,0.8771929824561403,0.9171875,0.20281249999999998,30,0.714375,0.24934895833333334,11356.64638099543,88.05416374269005,123.732,"{'family': 'hybrid', 'alpha': 0.1}"
test,cpu_heavy,homog,high,balance,1008,171,154,17,0.9005847953216374,0.9491319444444444,0.2107291666666667,30,0.7384027777777777,0.4153645833333333,15387.756618962521,64.98673099415204,99.336,"{'family': 'balance', 'lam': 0.8}"
test,cpu_heavy,homog,high,wmatch,1008,171,153,18,0.8947368421052632,0.9697916666666667,0.20875000000000002,30,0.7610416666666667,0.505859375,14321.725588702486,69.82398830409356,138.9,"{'family': 'wmatch', 'lam': 0.8}"
test,cpu_heavy,homog,high,d1_cheap,1008,171,150,21,0.8771929824561403,0.9171875,0.20281249999999998,30,0.7143750000000001,0.22252604166666667,8573.786685089779,116.63457894736842,165.199,"{'family': 'd_cheap', 'alpha': 0.0, 'beta': 0.8, 'gamma': 0.2}"
test,cpu_heavy,homog,high,d1_cheap_nomad_ff,1008,171,152,19,0.8888888888888888,0.9680555555555556,0.20770833333333333,30,0.7603472222222222,0.5071614583333334,15306.980144071804,65.32967251461989,127.007,{'derived_from': 'd1_cheap'}
test,cpu_heavy,homog,high,d2_capacity,1008,171,149,22,0.8713450292397661,0.9102430555555556,0.20177083333333332,30,0.7084722222222222,0.20481770833333332,6202.332040576309,161.22967836257308,222.927,"{'family': 'd_capacity', 'alpha': 0.0, 'beta': 0.8, 'gamma': 0.2}"
test,cpu_heavy,homog,high,d2_capacity_nomad_ff,1008,171,152,19,0.8888888888888888,0.9680555555555556,0.20770833333333333,30,0.7603472222222222,0.5071614583333334,11249.621065395693,88.89188304093567,174.928,{'derived_from': 'd2_capacity'}
test,cpu_heavy,homog,high,ff_only_cheap,1008,171,152,19,0.8888888888888888,0.9680555555555556,0.20770833333333333,30,0.7603472222222222,0.5071614583333334,15236.539252666462,65.63170175438597,126.917,"{'alpha': 0, 'beta': 0, 'gamma': 1}"
test,cpu_heavy,homog,high,binpack,1009,171,150,21,0.8771929824561403,0.9703125,0.1990625,30,0.77125,0.51171875,24084.127123628474,41.52112280701754,81.272,{}
test,cpu_heavy,homog,high,spread,1009,171,152,19,0.8888888888888888,0.9519097222222223,0.20177083333333332,30,0.7501388888888889,0.4251302083333333,16120.663258764738,62.03218713450292,95.87,{}
test,cpu_heavy,homog,high,tetris,1009,171,150,21,0.8771929824561403,0.9322916666666666,0.196875,30,0.7354166666666667,0.337890625,15156.046119050652,65.98026900584794,98.154,{}
test,cpu_heavy,homog,high,hybrid,1009,171,150,21,0.8771929824561403,0.9322916666666666,0.196875,30,0.7354166666666667,0.27890625,11458.02189514074,87.27509941520468,129.382,"{'family': 'hybrid', 'alpha': 0.1}"
test,cpu_heavy,homog,high,balance,1009,171,152,19,0.8888888888888888,0.9571180555555556,0.19864583333333333,30,0.7584722222222222,0.4212239583333333,15692.33335912015,63.725385964912284,98.624,"{'family': 'balance', 'lam': 0.8}"
test,cpu_heavy,homog,high,wmatch,1009,171,150,21,0.8771929824561403,0.9703125,0.1990625,30,0.77125,0.51171875,14598.641097018728,68.49952631578948,135.644,"{'family': 'wmatch', 'lam': 0.8}"
test,cpu_heavy,homog,high,d1_cheap,1009,171,149,22,0.8713450292397661,0.9269097222222222,0.19802083333333334,30,0.7288888888888889,0.27955729166666665,8725.614776966397,114.6051052631579,165.941,"{'family': 'd_cheap', 'alpha': 0.0, 'beta': 0.8, 'gamma': 0.2}"
test,cpu_heavy,homog,high,d1_cheap_nomad_ff,1009,171,152,19,0.8888888888888888,0.9696180555555556,0.20052083333333334,30,0.7690972222222222,0.5110677083333334,15400.95300376675,64.93104678362573,125.505,{'derived_from': 'd1_cheap'}
test,cpu_heavy,homog,high,d2_capacity,1009,171,149,22,0.8713450292397661,0.9269097222222222,0.19802083333333334,30,0.7288888888888889,0.27825520833333334,6380.106127655402,156.7372046783626,225.372,"{'family': 'd_capacity', 'alpha': 0.0, 'beta': 0.8, 'gamma': 0.2}"
test,cpu_heavy,homog,high,d2_capacity_nomad_ff,1009,171,152,19,0.8888888888888888,0.9717013888888889,0.1992708333333333,30,0.7724305555555555,0.5110677083333334,11148.676863946306,89.69674269005849,178.634,{'derived_from': 'd2_capacity'}
test,cpu_heavy,homog,high,ff_only_cheap,1009,171,152,19,0.8888888888888888,0.9696180555555556,0.20052083333333334,30,0.7690972222222222,0.5110677083333334,15347.251764933952,65.15824561403508,128.911,"{'alpha': 0, 'beta': 0, 'gamma': 1}"
test,cpu_heavy,homog,low,binpack,1000,62,62,0,1.0,0.4034722222222222,0.08395833333333333,13,0.31951388888888893,0.18763020833333333,14127.85664691729,70.78214516129032,92.262,{}
test,cpu_heavy,homog,low,spread,1000,62,62,0,1.0,0.4034722222222222,0.08395833333333333,30,0.31951388888888893,0.0,11912.129218166612,83.94804838709678,99.256,{}
test,cpu_heavy,homog,low,tetris,1000,62,62,0,1.0,0.4034722222222222,0.08395833333333333,30,0.31951388888888893,0.0,11629.621320772341,85.98732258064517,98.023,{}
test,cpu_heavy,homog,low,hybrid,1000,62,62,0,1.0,0.4034722222222222,0.08395833333333333,30,0.31951388888888893,0.0,8821.675939149218,113.35714516129032,128.51,"{'family': 'hybrid', 'alpha': 0.1}"
test,cpu_heavy,homog,low,balance,1000,62,62,0,1.0,0.4034722222222222,0.08395833333333333,21,0.31951388888888893,0.027604166666666666,11279.092782544913,88.6596129032258,100.598,"{'family': 'balance', 'lam': 0.8}"
test,cpu_heavy,homog,low,wmatch,1000,62,62,0,1.0,0.4034722222222222,0.08395833333333333,13,0.31951388888888893,0.18763020833333333,8542.131030227845,117.0668064516129,144.791,"{'family': 'wmatch', 'lam': 0.8}"
test,cpu_heavy,homog,low,d1_cheap,1000,62,62,0,1.0,0.4034722222222222,0.08395833333333333,30,0.31951388888888893,0.0,6655.7412316513555,150.2462258064516,167.814,"{'family': 'd_cheap', 'alpha': 0.0, 'beta': 0.8, 'gamma': 0.2}"
test,cpu_heavy,homog,low,d1_cheap_nomad_ff,1000,62,62,0,1.0,0.4034722222222222,0.08395833333333333,13,0.31951388888888893,0.169921875,9170.68192155369,109.04314516129031,130.985,{'derived_from': 'd1_cheap'}
test,cpu_heavy,homog,low,d2_capacity,1000,62,62,0,1.0,0.4034722222222222,0.08395833333333333,30,0.31951388888888893,0.0,4867.770928353008,205.4328387096774,229.96,"{'family': 'd_capacity', 'alpha': 0.0, 'beta': 0.8, 'gamma': 0.2}"
test,cpu_heavy,homog,low,d2_capacity_nomad_ff,1000,62,62,0,1.0,0.4034722222222222,0.08395833333333333,13,0.31951388888888893,0.18763020833333333,6625.966843448174,150.92137096774195,185.728,{'derived_from': 'd2_capacity'}
test,cpu_heavy,homog,low,ff_only_cheap,1000,62,62,0,1.0,0.4034722222222222,0.08395833333333333,13,0.31951388888888893,0.169921875,9179.801061866085,108.93482258064516,134.862,"{'alpha': 0, 'beta': 0, 'gamma': 1}"
test,cpu_heavy,homog,low,binpack,1001,62,62,0,1.0,0.4034722222222222,0.08395833333333333,13,0.31951388888888893,0.18828125,14167.196222751283,70.58559677419355,90.439,{}
test,cpu_heavy,homog,low,spread,1001,62,62,0,1.0,0.4034722222222222,0.08395833333333333,30,0.31951388888888893,0.0,11978.021489729716,83.48624193548386,98.905,{}
test,cpu_heavy,homog,low,tetris,1001,62,62,0,1.0,0.4034722222222222,0.08395833333333333,30,0.31951388888888893,0.0,11596.304220437514,86.23437096774194,100.949,{}
test,cpu_heavy,homog,low,hybrid,1001,62,62,0,1.0,0.4034722222222222,0.08395833333333333,30,0.31951388888888893,0.0,8793.742486314384,113.71722580645161,128.761,"{'family': 'hybrid', 'alpha': 0.1}"
test,cpu_heavy,homog,low,balance,1001,62,62,0,1.0,0.4034722222222222,0.08395833333333333,19,0.3195138888888888,0.06236979166666667,11495.755377742178,86.98862903225806,103.654,"{'family': 'balance', 'lam': 0.8}"
test,cpu_heavy,homog,low,wmatch,1001,62,62,0,1.0,0.4034722222222222,0.08395833333333333,13,0.31951388888888893,0.18828125,8354.491307151795,119.69609677419355,147.265,"{'family': 'wmatch', 'lam': 0.8}"
test,cpu_heavy,homog,low,d1_cheap,1001,62,62,0,1.0,0.4034722222222222,0.08395833333333333,30,0.31951388888888893,0.0,6709.638655656799,149.03932258064515,171.882,"{'family': 'd_cheap', 'alpha': 0.0, 'beta': 0.8, 'gamma': 0.2}"
test,cpu_heavy,homog,low,d1_cheap_nomad_ff,1001,62,62,0,1.0,0.4034722222222222,0.08395833333333333,13,0.31951388888888893,0.15286458333333333,9218.193144935272,108.48112903225807,134.442,{'derived_from': 'd1_cheap'}
test,cpu_heavy,homog,low,d2_capacity,1001,62,62,0,1.0,0.4034722222222222,0.08395833333333333,30,0.31951388888888893,0.0,5023.805545665501,199.05229032258063,222.636,"{'family': 'd_capacity', 'alpha': 0.0, 'beta': 0.8, 'gamma': 0.2}"
test,cpu_heavy,homog,low,d2_capacity_nomad_ff,1001,62,62,0,1.0,0.4034722222222222,0.08395833333333333,13,0.31951388888888893,0.18828125,6731.4711912576,148.55593548387097,182.241,{'derived_from': 'd2_capacity'}
test,cpu_heavy,homog,low,ff_only_cheap,1001,62,62,0,1.0,0.4034722222222222,0.08395833333333333,13,0.31951388888888893,0.15286458333333333,9197.692684615124,108.72291935483871,133.71,"{'alpha': 0, 'beta': 0, 'gamma': 1}"
test,cpu_heavy,homog,low,binpack,1002,62,62,0,1.0,0.4034722222222222,0.08395833333333333,13,0.31951388888888893,0.15221354166666667,14258.147438903263,70.13533870967743,85.7,{}
test,cpu_heavy,homog,low,spread,1002,62,62,0,1.0,0.4034722222222222,0.08395833333333333,30,0.31951388888888893,0.0,11842.932157190093,84.43854838709677,98.865,{}
test,cpu_heavy,homog,low,tetris,1002,62,62,0,1.0,0.4034722222222222,0.08395833333333333,30,0.31951388888888893,0.0,11485.601409246243,87.06553225806452,102.952,{}
test,cpu_heavy,homog,low,hybrid,1002,62,62,0,1.0,0.4034722222222222,0.08395833333333333,30,0.31951388888888893,0.0,8728.5206241568,114.56695161290322,133.119,"{'family': 'hybrid', 'alpha': 0.1}"
test,cpu_heavy,homog,low,balance,1002,62,62,0,1.0,0.4034722222222222,0.08395833333333333,19,0.31951388888888893,0.047265625,11083.261932695641,90.22614516129032,103.604,"{'family': 'balance', 'lam': 0.8}"
test,cpu_heavy,homog,low,wmatch,1002,62,62,0,1.0,0.4034722222222222,0.08395833333333333,13,0.31951388888888893,0.15221354166666667,8424.89976407563,118.69577419354839,143.719,"{'family': 'wmatch', 'lam': 0.8}"
test,cpu_heavy,homog,low,d1_cheap,1002,62,62,0,1.0,0.4034722222222222,0.08395833333333333,30,0.31951388888888893,0.0,6524.660586103947,153.26467741935485,169.326,"{'family': 'd_cheap', 'alpha': 0.0, 'beta': 0.8, 'gamma': 0.2}"
test,cpu_heavy,homog,low,d1_cheap_nomad_ff,1002,62,62,0,1.0,0.4034722222222222,0.08395833333333333,13,0.31951388888888893,0.18697916666666667,9063.137617312816,110.33706451612903,132.407,{'derived_from': 'd1_cheap'}
test,cpu_heavy,homog,low,d2_capacity,1002,62,62,0,1.0,0.4034722222222222,0.08395833333333333,30,0.31951388888888893,0.0,4803.412592223584,208.18532258064516,231.172,"{'family': 'd_capacity', 'alpha': 0.0, 'beta': 0.8, 'gamma': 0.2}"
test,cpu_heavy,homog,low,d2_capacity_nomad_ff,1002,62,62,0,1.0,0.4034722222222222,0.08395833333333333,13,0.31951388888888893,0.18697916666666667,6576.62838114277,152.05359677419355,189.595,{'derived_from': 'd2_capacity'}
test,cpu_heavy,homog,low,ff_only_cheap,1002,62,62,0,1.0,0.4034722222222222,0.08395833333333333,13,0.31951388888888893,0.18697916666666667,8973.560705993441,111.43848387096774,141.776,"{'alpha': 0, 'beta': 0, 'gamma': 1}"
test,cpu_heavy,homog,low,binpack,1003,62,62,0,1.0,0.4034722222222222,0.08395833333333333,13,0.31951388888888893,0.2046875,14435.564761203163,69.27335483870968,89.577,{}
test,cpu_heavy,homog,low,spread,1003,62,62,0,1.0,0.4034722222222222,0.08395833333333333,30,0.31951388888888893,0.0,11922.840759115732,83.87262903225806,101.43,{}
test,cpu_heavy,homog,low,tetris,1003,62,62,0,1.0,0.4034722222222222,0.08395833333333333,30,0.31951388888888893,0.0,11527.960510413468,86.7456129032258,104.455,{}
test,cpu_heavy,homog,low,hybrid,1003,62,62,0,1.0,0.4034722222222222,0.08395833333333333,30,0.31951388888888893,0.0,8732.462012029671,114.51524193548386,135.925,"{'family': 'hybrid', 'alpha': 0.1}"
test,cpu_heavy,homog,low,balance,1003,62,62,0,1.0,0.4034722222222222,0.08395833333333333,19,0.31951388888888893,0.06106770833333333,11255.567648230834,88.84491935483871,106.159,"{'family': 'balance', 'lam': 0.8}"
test,cpu_heavy,homog,low,wmatch,1003,62,62,0,1.0,0.4034722222222222,0.08395833333333333,13,0.31951388888888893,0.2046875,8689.711969685799,115.0786129032258,147.546,"{'family': 'wmatch', 'lam': 0.8}"
test,cpu_heavy,homog,low,d1_cheap,1003,62,62,0,1.0,0.4034722222222222,0.08395833333333333,30,0.31951388888888893,0.0,6483.436388600446,154.23919354838708,169.297,"{'family': 'd_cheap', 'alpha': 0.0, 'beta': 0.8, 'gamma': 0.2}"
test,cpu_heavy,homog,low,d1_cheap_nomad_ff,1003,62,62,0,1.0,0.4034722222222222,0.08395833333333333,13,0.31951388888888893,0.2046875,9020.220716071677,110.86203225806452,134.702,{'derived_from': 'd1_cheap'}
test,cpu_heavy,homog,low,d2_capacity,1003,62,62,0,1.0,0.4034722222222222,0.08395833333333334,30,0.31951388888888893,0.0,4754.63404271962,210.32112903225806,231.143,"{'family': 'd_capacity', 'alpha': 0.0, 'beta': 0.8, 'gamma': 0.2}"
test,cpu_heavy,homog,low,d2_capacity_nomad_ff,1003,62,62,0,1.0,0.4034722222222222,0.08395833333333333,13,0.31951388888888893,0.2046875,6567.525978007898,152.26433870967742,184.775,{'derived_from': 'd2_capacity'}
test,cpu_heavy,homog,low,ff_only_cheap,1003,62,62,0,1.0,0.4034722222222222,0.08395833333333333,13,0.31951388888888893,0.2046875,8949.116765477425,111.74287096774194,139.871,"{'alpha': 0, 'beta': 0, 'gamma': 1}"
test,cpu_heavy,homog,low,binpack,1004,62,62,0,1.0,0.4034722222222222,0.08395833333333333,13,0.31951388888888893,0.2046875,14098.580000118245,70.92912903225806,95.319,{}
test,cpu_heavy,homog,low,spread,1004,62,62,0,1.0,0.4034722222222222,0.08395833333333333,30,0.31951388888888893,0.0,12021.68013062525,83.18304838709678,94.798,{}
test,cpu_heavy,homog,low,tetris,1004,62,62,0,1.0,0.4034722222222222,0.08395833333333333,30,0.31951388888888893,0.0,11600.535196304443,86.20291935483871,99.817,{}
test,cpu_heavy,homog,low,hybrid,1004,62,62,0,1.0,0.4034722222222222,0.08395833333333333,30,0.31951388888888893,0.0,7387.281698378955,135.36779032258065,178.814,"{'family': 'hybrid', 'alpha': 0.1}"
test,cpu_heavy,homog,low,balance,1004,62,62,0,1.0,0.4034722222222222,0.08395833333333333,20,0.31951388888888893,0.0453125,11473.384246784353,87.15824193548386,103.414,"{'family': 'balance', 'lam': 0.8}"
test,cpu_heavy,homog,low,wmatch,1004,62,62,0,1.0,0.4034722222222222,0.08395833333333333,13,0.31951388888888893,0.2046875,8557.41570462451,116.85770967741935,146.504,"{'family': 'wmatch', 'lam': 0.8}"
test,cpu_heavy,homog,low,d1_cheap,1004,62,62,0,1.0,0.4034722222222222,0.08395833333333333,30,0.31951388888888893,0.0,6617.102434880241,151.12354838709678,172.483,"{'family': 'd_cheap', 'alpha': 0.0, 'beta': 0.8, 'gamma': 0.2}"
test,cpu_heavy,homog,low,d1_cheap_nomad_ff,1004,62,62,0,1.0,0.4034722222222222,0.08395833333333333,13,0.31951388888888893,0.2046875,9111.405745887596,109.75254838709677,135.032,{'derived_from': 'd1_cheap'}
test,cpu_heavy,homog,low,d2_capacity,1004,62,62,0,1.0,0.4034722222222222,0.08395833333333333,30,0.31951388888888893,0.0,4875.413525498019,205.11080645161292,227.977,"{'family': 'd_capacity', 'alpha': 0.0, 'beta': 0.8, 'gamma': 0.2}"
test,cpu_heavy,homog,low,d2_capacity_nomad_ff,1004,62,62,0,1.0,0.4034722222222222,0.08395833333333333,13,0.31951388888888893,0.2046875,6648.273823955211,150.41498387096772,185.297,{'derived_from': 'd2_capacity'}
test,cpu_heavy,homog,low,ff_only_cheap,1004,62,62,0,1.0,0.4034722222222222,0.08395833333333333,13,0.31951388888888893,0.2046875,9126.965959508363,109.56543548387097,135.514,"{'alpha': 0, 'beta': 0, 'gamma': 1}"
test,cpu_heavy,homog,low,binpack,1005,62,62,0,1.0,0.4034722222222222,0.08395833333333333,13,0.31951388888888893,0.18828125,14331.14467475467,69.77809677419354,86.101,{}
test,cpu_heavy,homog,low,spread,1005,62,62,0,1.0,0.4034722222222222,0.08395833333333333,30,0.31951388888888893,0.0,12000.433564051345,83.33032258064517,99.667,{}
test,cpu_heavy,homog,low,tetris,1005,62,62,0,1.0,0.4034722222222222,0.08395833333333333,30,0.31951388888888893,0.0,11560.743221535353,86.49962903225806,104.205,{}
test,cpu_heavy,homog,low,hybrid,1005,62,62,0,1.0,0.4034722222222222,0.08395833333333334,30,0.31951388888888893,0.0,8775.992508133364,113.94722580645161,130.293,"{'family': 'hybrid', 'alpha': 0.1}"
test,cpu_heavy,homog,low,balance,1005,62,62,0,1.0,0.4034722222222222,0.08395833333333333,20,0.31951388888888893,0.046614583333333334,11298.51459157601,88.50720967741935,104.325,"{'family': 'balance', 'lam': 0.8}"
test,cpu_heavy,homog,low,wmatch,1005,62,62,0,1.0,0.4034722222222222,0.08395833333333333,13,0.31951388888888893,0.17057291666666666,8546.599714626278,117.00559677419355,145.532,"{'family': 'wmatch', 'lam': 0.8}"
test,cpu_heavy,homog,low,d1_cheap,1005,62,62,0,1.0,0.4034722222222222,0.08395833333333333,30,0.31951388888888893,0.0,6615.112886901415,151.169,175.879,"{'family': 'd_cheap', 'alpha': 0.0, 'beta': 0.8, 'gamma': 0.2}"
test,cpu_heavy,homog,low,d1_cheap_nomad_ff,1005,62,62,0,1.0,0.4034722222222222,0.08395833333333333,13,0.31951388888888893,0.17057291666666666,9283.899860861295,107.71335483870968,132.418,{'derived_from': 'd1_cheap'}
test,cpu_heavy,homog,low,d2_capacity,1005,62,62,0,1.0,0.4034722222222222,0.08395833333333334,30,0.31951388888888893,0.0,5008.948243668851,199.64270967741936,224.881,"{'family': 'd_capacity', 'alpha': 0.0, 'beta': 0.8, 'gamma': 0.2}"
test,cpu_heavy,homog,low,d2_capacity_nomad_ff,1005,62,62,0,1.0,0.4034722222222222,0.08395833333333333,13,0.31951388888888893,0.17057291666666666,6857.1153022832095,145.83391935483868,187.351,{'derived_from': 'd2_capacity'}
test,cpu_heavy,homog,low,ff_only_cheap,1005,62,62,0,1.0,0.4034722222222222,0.08395833333333333,13,0.31951388888888893,0.17057291666666666,9299.84887745574,107.52862903225807,133.63,"{'alpha': 0, 'beta': 0, 'gamma': 1}"
test,cpu_heavy,homog,low,binpack,1006,62,62,0,1.0,0.4034722222222222,0.08395833333333333,13,0.31951388888888893,0.20598958333333334,14337.879057677586,69.74532258064517,91.752,{}
test,cpu_heavy,homog,low,spread,1006,62,62,0,1.0,0.4034722222222222,0.08395833333333333,30,0.31951388888888893,0.0,11916.229674179529,83.91916129032258,98.715,{}
test,cpu_heavy,homog,low,tetris,1006,62,62,0,1.0,0.4034722222222222,0.08395833333333333,30,0.31951388888888893,0.0,11572.017517794777,86.41535483870967,105.377,{}
test,cpu_heavy,homog,low,hybrid,1006,62,62,0,1.0,0.4034722222222222,0.08395833333333333,30,0.31951388888888893,0.0,8800.551539081616,113.62924193548386,128.591,"{'family': 'hybrid', 'alpha': 0.1}"
test,cpu_heavy,homog,low,balance,1006,62,62,0,1.0,0.4034722222222222,0.08395833333333334,19,0.31951388888888893,0.06041666666666667,11257.184171527531,88.83216129032257,104.395,"{'family': 'balance', 'lam': 0.8}"
test,cpu_heavy,homog,low,wmatch,1006,62,62,0,1.0,0.4034722222222222,0.08395833333333333,13,0.31951388888888893,0.20598958333333334,8543.378729908247,117.04970967741934,146.454,"{'family': 'wmatch', 'lam': 0.8}"
test,cpu_heavy,homog,low,d1_cheap,1006,62,62,0,1.0,0.4034722222222222,0.08395833333333333,30,0.31951388888888893,0.0,6663.589234864114,150.06927419354838,168.765,"{'family': 'd_cheap', 'alpha': 0.0, 'beta': 0.8, 'gamma': 0.2}"
test,cpu_heavy,homog,low,d1_cheap_nomad_ff,1006,62,62,0,1.0,0.4034722222222222,0.08395833333333333,13,0.31951388888888893,0.2046875,9266.053811860249,107.9208064516129,133.299,{'derived_from': 'd1_cheap'}
test,cpu_heavy,homog,low,d2_capacity,1006,62,62,0,1.0,0.4034722222222222,0.08395833333333333,30,0.31951388888888893,0.0,4937.723755540305,202.5224677419355,224.841,"{'family': 'd_capacity', 'alpha': 0.0, 'beta': 0.8, 'gamma': 0.2}"
test,cpu_heavy,homog,low,d2_capacity_nomad_ff,1006,62,62,0,1.0,0.4034722222222222,0.08395833333333333,13,0.31951388888888893,0.20598958333333334,6758.5303553940485,147.96116129032256,181.24,{'derived_from': 'd2_capacity'}
test,cpu_heavy,homog,low,ff_only_cheap,1006,62,62,0,1.0,0.4034722222222222,0.08395833333333333,13,0.31951388888888893,0.2046875,9184.869497818741,108.87470967741935,132.619,"{'alpha': 0, 'beta': 0, 'gamma': 1}"
test,cpu_heavy,homog,low,binpack,1007,62,62,0,1.0,0.4034722222222222,0.08395833333333333,13,0.31951388888888893,0.18893229166666667,14419.989640865508,69.34817741935484,86.482,{}
test,cpu_heavy,homog,low,spread,1007,62,62,0,1.0,0.4034722222222222,0.08395833333333333,30,0.31951388888888893,0.0,11925.099603432736,83.85674193548387,99.476,{}
test,cpu_heavy,homog,low,tetris,1007,62,62,0,1.0,0.4034722222222222,0.08395833333333333,30,0.31951388888888893,0.0,11630.568134494388,85.98032258064516,100.909,{}
test,cpu_heavy,homog,low,hybrid,1007,62,62,0,1.0,0.4034722222222222,0.08395833333333334,30,0.31951388888888893,0.0,8832.131522404483,113.22295161290323,128.77,"{'family': 'hybrid', 'alpha': 0.1}"
test,cpu_heavy,homog,low,balance,1007,62,62,0,1.0,0.4034722222222222,0.08395833333333333,19,0.31951388888888893,0.04596354166666667,11446.647636922677,87.36182258064517,101.2,"{'family': 'balance', 'lam': 0.8}"
test,cpu_heavy,homog,low,wmatch,1007,62,62,0,1.0,0.4034722222222222,0.08395833333333333,13,0.31951388888888893,0.18893229166666667,8516.814595952013,117.41479032258066,145.412,"{'family': 'wmatch', 'lam': 0.8}"
test,cpu_heavy,homog,low,d1_cheap,1007,62,62,0,1.0,0.4034722222222222,0.08395833333333333,30,0.31951388888888893,0.0,6823.740365043695,146.5471935483871,164.377,"{'family': 'd_cheap', 'alpha': 0.0, 'beta': 0.8, 'gamma': 0.2}"
test,cpu_heavy,homog,low,d1_cheap_nomad_ff,1007,62,62,0,1.0,0.4034722222222222,0.08395833333333333,13,0.31951388888888893,0.13580729166666666,9415.120562137365,106.21212903225806,133.329,{'derived_from': 'd1_cheap'}
test,cpu_heavy,homog,low,d2_capacity,1007,62,62,0,1.0,0.4034722222222222,0.08395833333333333,30,0.31951388888888893,0.0,5053.03362541226,197.9009193548387,220.873,"{'family': 'd_capacity', 'alpha': 0.0, 'beta': 0.8, 'gamma': 0.2}"
test,cpu_heavy,homog,low,d2_capacity_nomad_ff,1007,62,62,0,1.0,0.4034722222222222,0.08395833333333333,13,0.31951388888888893,0.18893229166666667,6865.831899629511,145.6487741935484,184.505,{'derived_from': 'd2_capacity'}
test,cpu_heavy,homog,low,ff_only_cheap,1007,62,62,0,1.0,0.4034722222222222,0.08395833333333333,13,0.31951388888888893,0.13580729166666666,9222.135206914221,108.43475806451613,130.574,"{'alpha': 0, 'beta': 0, 'gamma': 1}"
test,cpu_heavy,homog,low,binpack,1008,62,62,0,1.0,0.4034722222222222,0.08395833333333333,13,0.31951388888888893,0.20403645833333334,14345.051234970088,69.71045161290323,89.227,{}
test,cpu_heavy,homog,low,spread,1008,62,62,0,1.0,0.4034722222222222,0.08395833333333333,30,0.31951388888888893,0.0,11953.242770167868,83.6593064516129,96.17,{}
test,cpu_heavy,homog,low,tetris,1008,62,62,0,1.0,0.4034722222222222,0.08395833333333333,30,0.31951388888888893,0.0,11505.668954439036,86.91367741935484,102.652,{}
test,cpu_heavy,homog,low,hybrid,1008,62,62,0,1.0,0.4034722222222222,0.08395833333333334,30,0.31951388888888893,0.0,8704.952921648965,114.87712903225805,131.897,"{'family': 'hybrid', 'alpha': 0.1}"
test,cpu_heavy,homog,low,balance,1008,62,62,0,1.0,0.4034722222222222,0.08395833333333333,18,0.3195138888888888,0.07877604166666667,11220.852252685629,89.11979032258066,105.478,"{'family': 'balance', 'lam': 0.8}"
test,cpu_heavy,homog,low,wmatch,1008,62,62,0,1.0,0.4034722222222222,0.08395833333333333,13,0.31951388888888893,0.20403645833333334,8594.984770934645,116.34691935483872,142.817,"{'family': 'wmatch', 'lam': 0.8}"
test,cpu_heavy,homog,low,d1_cheap,1008,62,62,0,1.0,0.4034722222222222,0.08395833333333333,30,0.31951388888888893,0.0,6546.1043182960875,152.76261290322583,171.651,"{'family': 'd_cheap', 'alpha': 0.0, 'beta': 0.8, 'gamma': 0.2}"
test,cpu_heavy,homog,low,d1_cheap_nomad_ff,1008,62,62,0,1.0,0.4034722222222222,0.08395833333333333,13,0.31951388888888893,0.20533854166666668,9266.555149155667,107.91496774193548,132.628,{'derived_from': 'd1_cheap'}
test,cpu_heavy,homog,low,d2_capacity,1008,62,62,0,1.0,0.4034722222222222,0.08395833333333333,30,0.3195138888888888,0.0,4856.520372084658,205.90874193548387,228.137,"{'family': 'd_capacity', 'alpha': 0.0, 'beta': 0.8, 'gamma': 0.2}"
test,cpu_heavy,homog,low,d2_capacity_nomad_ff,1008,62,62,0,1.0,0.4034722222222222,0.08395833333333333,13,0.31951388888888893,0.20403645833333334,6725.062627145716,148.6975,185.326,{'derived_from': 'd2_capacity'}
test,cpu_heavy,homog,low,ff_only_cheap,1008,62,62,0,1.0,0.4034722222222222,0.08395833333333333,13,0.31951388888888893,0.20533854166666668,9253.062913067177,108.07232258064516,131.777,"{'alpha': 0, 'beta': 0, 'gamma': 1}"
test,cpu_heavy,homog,low,binpack,1009,62,62,0,1.0,0.4034722222222222,0.08395833333333333,13,0.31951388888888893,0.2046875,14430.995170737293,69.29529032258066,89.528,{}
test,cpu_heavy,homog,low,spread,1009,62,62,0,1.0,0.4034722222222222,0.08395833333333333,30,0.31951388888888893,0.0,11892.118536801408,84.08930645161291,98.745,{}
test,cpu_heavy,homog,low,tetris,1009,62,62,0,1.0,0.4034722222222222,0.08395833333333333,30,0.31951388888888893,0.0,11557.622671581763,86.52298387096775,101.4,{}
test,cpu_heavy,homog,low,hybrid,1009,62,62,0,1.0,0.4034722222222222,0.08395833333333333,30,0.31951388888888893,0.0,8707.526406627157,114.84317741935483,131.116,"{'family': 'hybrid', 'alpha': 0.1}"
test,cpu_heavy,homog,low,balance,1009,62,62,0,1.0,0.4034722222222222,0.08395833333333333,18,0.3195138888888888,0.046614583333333334,11093.707112533491,90.1411935483871,107.821,"{'family': 'balance', 'lam': 0.8}"
test,cpu_heavy,homog,low,wmatch,1009,62,62,0,1.0,0.4034722222222222,0.08395833333333333,13,0.31951388888888893,0.2046875,8600.299817548801,116.27501612903225,143.188,"{'family': 'wmatch', 'lam': 0.8}"
test,cpu_heavy,homog,low,d1_cheap,1009,62,62,0,1.0,0.4034722222222222,0.08395833333333333,30,0.31951388888888893,0.0,6579.78520185083,151.98064516129034,166.582,"{'family': 'd_cheap', 'alpha': 0.0, 'beta': 0.8, 'gamma': 0.2}"
test,cpu_heavy,homog,low,d1_cheap_nomad_ff,1009,62,62,0,1.0,0.4034722222222222,0.08395833333333333,13,0.31951388888888893,0.149609375,9265.541451342458,107.9267741935484,136.194,{'derived_from': 'd1_cheap'}
test,cpu_heavy,homog,low,d2_capacity,1009,62,62,0,1.0,0.4034722222222222,0.08395833333333333,30,0.31951388888888893,0.0,4854.419483071661,205.99785483870966,224.63,"{'family': 'd_capacity', 'alpha': 0.0, 'beta': 0.8, 'gamma': 0.2}"
test,cpu_heavy,homog,low,d2_capacity_nomad_ff,1009,62,62,0,1.0,0.4034722222222222,0.08395833333333333,13,0.31951388888888893,0.2046875,6624.121996668494,150.96340322580645,188.773,{'derived_from': 'd2_capacity'}
test,cpu_heavy,homog,low,ff_only_cheap,1009,62,62,0,1.0,0.4034722222222222,0.08395833333333333,13,0.31951388888888893,0.149609375,9149.934216400372,109.29040322580646,132.508,"{'alpha': 0, 'beta': 0, 'gamma': 1}"
test,cpu_heavy,homog,med,binpack,1000,116,116,0,1.0,0.7430555555555556,0.15833333333333333,23,0.5847222222222223,0.37005208333333334,17199.696632936975,58.140560344827584,89.868,{}
test,cpu_heavy,homog,med,spread,1000,116,116,0,1.0,0.7430555555555556,0.15833333333333333,30,0.5847222222222223,0.055078125,12350.054633021853,80.97130172413793,100.338,{}
test,cpu_heavy,homog,med,tetris,1000,116,116,0,1.0,0.7430555555555556,0.15833333333333333,30,0.5847222222222223,0.01640625,11843.655981408729,84.43338793103447,101.52,{}
test,cpu_heavy,homog,med,hybrid,1000,116,116,0,1.0,0.7430555555555556,0.15833333333333333,30,0.5847222222222223,0.0,9059.957549412695,110.37579310344827,128.911,"{'family': 'hybrid', 'alpha': 0.1}"
test,cpu_heavy,homog,med,balance,1000,116,116,0,1.0,0.7430555555555556,0.15833333333333333,30,0.5847222222222223,0.11822916666666666,12043.434438657596,83.03279310344827,102.241,"{'family': 'balance', 'lam': 0.8}"
test,cpu_heavy,homog,med,wmatch,1000,116,116,0,1.0,0.7430555555555556,0.15833333333333333,23,0.5847222222222223,0.37005208333333334,10285.929327507714,97.22018965517242,145.653,"{'family': 'wmatch', 'lam': 0.8}"
test,cpu_heavy,homog,med,d1_cheap,1000,116,116,0,1.0,0.7430555555555556,0.15833333333333333,30,0.5847222222222223,0.039453125,6691.108439795021,149.45206896551724,174.566,"{'family': 'd_cheap', 'alpha': 0.0, 'beta': 0.8, 'gamma': 0.2}"
test,cpu_heavy,homog,med,d1_cheap_nomad_ff,1000,116,116,0,1.0,0.7430555555555556,0.15833333333333333,24,0.5847222222222223,0.3365885416666667,11042.111662973428,90.56238793103448,130.314,{'derived_from': 'd1_cheap'}
test,cpu_heavy,homog,med,d2_capacity,1000,116,116,0,1.0,0.7430555555555556,0.15833333333333333,30,0.5847222222222223,0.027604166666666666,4949.51051261099,202.04018103448274,228.347,"{'family': 'd_capacity', 'alpha': 0.0, 'beta': 0.8, 'gamma': 0.2}"
test,cpu_heavy,homog,med,d2_capacity_nomad_ff,1000,116,116,0,1.0,0.7430555555555556,0.15833333333333333,24,0.5847222222222223,0.3352864583333333,7994.789051632622,125.08147413793102,185.728,{'derived_from': 'd2_capacity'}
test,cpu_heavy,homog,med,ff_only_cheap,1000,116,116,0,1.0,0.7430555555555556,0.15833333333333333,24,0.5847222222222223,0.3365885416666667,10645.248915285843,93.93862068965517,139.17,"{'alpha': 0, 'beta': 0, 'gamma': 1}"
test,cpu_heavy,homog,med,binpack,1001,116,116,0,1.0,0.7430555555555556,0.15833333333333333,23,0.5847222222222223,0.3890625,17308.53736144777,57.77495689655172,86.502,{}
test,cpu_heavy,homog,med,spread,1001,116,116,0,1.0,0.7430555555555556,0.15833333333333333,30,0.5847222222222223,0.07213541666666666,12484.848667489949,80.09708620689655,97.673,{}
test,cpu_heavy,homog,med,tetris,1001,116,116,0,1.0,0.7430555555555556,0.15833333333333333,30,0.5847222222222223,0.03411458333333333,11860.513813817743,84.31337931034483,104.996,{}
test,cpu_heavy,homog,med,hybrid,1001,116,116,0,1.0,0.7430555555555556,0.15833333333333333,30,0.5847222222222223,0.025651041666666666,9060.494657705838,110.36925,131.496,"{'family': 'hybrid', 'alpha': 0.1}"
test,cpu_heavy,homog,med,balance,1001,116,116,0,1.0,0.7430555555555556,0.15833333333333333,30,0.5847222222222221,0.08997395833333334,12279.291641539106,81.4379224137931,102.261,"{'family': 'balance', 'lam': 0.8}"
test,cpu_heavy,homog,med,wmatch,1001,116,116,0,1.0,0.7430555555555556,0.15833333333333333,23,0.5847222222222223,0.3890625,10412.043143557392,96.04262931034482,138.569,"{'family': 'wmatch', 'lam': 0.8}"
test,cpu_heavy,homog,med,d1_cheap,1001,116,116,0,1.0,0.7430555555555556,0.15833333333333333,30,0.5847222222222223,0.017057291666666665,6736.86675412591,148.43695689655172,170.92,"{'family': 'd_cheap', 'alpha': 0.0, 'beta': 0.8, 'gamma': 0.2}"
test,cpu_heavy,homog,med,d1_cheap_nomad_ff,1001,116,116,0,1.0,0.7430555555555556,0.15833333333333333,24,0.5847222222222223,0.31692708333333336,10893.891710396407,91.79456034482757,131.916,{'derived_from': 'd1_cheap'}
test,cpu_heavy,homog,med,d2_capacity,1001,116,116,0,1.0,0.7430555555555556,0.15833333333333333,30,0.5847222222222223,0.017708333333333333,4946.3846022117505,202.16786206896552,228.368,"{'family': 'd_capacity', 'alpha': 0.0, 'beta': 0.8, 'gamma': 0.2}"
test,cpu_heavy,homog,med,d2_capacity_nomad_ff,1001,116,116,0,1.0,0.7430555555555556,0.15833333333333333,23,0.5847222222222223,0.37135416666666665,7988.034475254997,125.18724137931035,184.646,{'derived_from': 'd2_capacity'}
test,cpu_heavy,homog,med,ff_only_cheap,1001,116,116,0,1.0,0.7430555555555556,0.15833333333333333,24,0.5847222222222223,0.31692708333333336,10794.494324003634,92.63981896551725,131.646,"{'alpha': 0, 'beta': 0, 'gamma': 1}"
test,cpu_heavy,homog,med,binpack,1002,116,116,0,1.0,0.7430555555555556,0.15833333333333333,24,0.5847222222222223,0.39231770833333335,17169.031034651693,58.24440517241379,86.842,{}
test,cpu_heavy,homog,med,spread,1002,116,116,0,1.0,0.7430555555555556,0.15833333333333333,30,0.5847222222222223,0.018359375,12266.069661547417,81.52570689655172,99.135,{}
test,cpu_heavy,homog,med,tetris,1002,116,116,0,1.0,0.7430555555555556,0.15833333333333333,30,0.5847222222222223,0.017708333333333333,11780.510404831146,84.88596551724137,103.173,{}
test,cpu_heavy,homog,med,hybrid,1002,116,116,0,1.0,0.7430555555555556,0.15833333333333333,30,0.5847222222222223,0.017057291666666665,8948.342913460112,111.75253448275862,133.98,"{'family': 'hybrid', 'alpha': 0.1}"
test,cpu_heavy,homog,med,balance,1002,116,116,0,1.0,0.7430555555555556,0.15833333333333333,30,0.5847222222222223,0.12083333333333333,11747.138786875003,85.12711206896552,103.383,"{'family': 'balance', 'lam': 0.8}"
test,cpu_heavy,homog,med,wmatch,1002,116,116,0,1.0,0.7430555555555556,0.15833333333333333,24,0.5847222222222223,0.39231770833333335,10321.19744397325,96.8879827586207,145.442,"{'family': 'wmatch', 'lam': 0.8}"
test,cpu_heavy,homog,med,d1_cheap,1002,116,116,0,1.0,0.7430555555555556,0.15833333333333333,30,0.5847222222222223,0.0,6754.130325369748,148.05755172413794,169.197,"{'family': 'd_cheap', 'alpha': 0.0, 'beta': 0.8, 'gamma': 0.2}"
test,cpu_heavy,homog,med,d1_cheap_nomad_ff,1002,116,116,0,1.0,0.7430555555555556,0.15833333333333333,24,0.5847222222222223,0.30572916666666666,11131.878889380121,89.8320948275862,128.64,{'derived_from': 'd1_cheap'}
test,cpu_heavy,homog,med,d2_capacity,1002,116,116,0,1.0,0.7430555555555556,0.15833333333333333,30,0.5847222222222223,0.0,5010.9753319187985,199.56194827586205,227.014,"{'family': 'd_capacity', 'alpha': 0.0, 'beta': 0.8, 'gamma': 0.2}"
test,cpu_heavy,homog,med,d2_capacity_nomad_ff,1002,116,116,0,1.0,0.7430555555555556,0.15833333333333333,24,0.5847222222222223,0.37591145833333334,8215.608735883407,121.71952586206898,181.028,{'derived_from': 'd2_capacity'}
test,cpu_heavy,homog,med,ff_only_cheap,1002,116,116,0,1.0,0.7430555555555556,0.15833333333333333,24,0.5847222222222223,0.30572916666666666,11023.124614903341,90.71837931034483,131.136,"{'alpha': 0, 'beta': 0, 'gamma': 1}"
test,cpu_heavy,homog,med,binpack,1003,116,116,0,1.0,0.7430555555555556,0.15833333333333333,23,0.5847222222222223,0.3890625,17817.010698807735,56.126137931034485,83.025,{}
test,cpu_heavy,homog,med,spread,1003,116,116,0,1.0,0.7430555555555556,0.15833333333333333,30,0.5847222222222223,0.07278645833333333,12362.71656202231,80.88837068965518,99.617,{}
test,cpu_heavy,homog,med,tetris,1003,116,116,0,1.0,0.7430555555555556,0.15833333333333333,30,0.5847222222222223,0.01640625,11818.205436068858,84.61521551724138,101.681,{}
test,cpu_heavy,homog,med,hybrid,1003,116,116,0,1.0,0.7430555555555556,0.15833333333333333,30,0.5847222222222223,0.011848958333333333,8994.08662065261,111.18416379310345,133.47,"{'family': 'hybrid', 'alpha': 0.1}"
test,cpu_heavy,homog,med,balance,1003,116,116,0,1.0,0.7430555555555556,0.15833333333333333,30,0.5847222222222223,0.12408854166666666,12218.053923117053,81.8460948275862,102.963,"{'family': 'balance', 'lam': 0.8}"
test,cpu_heavy,homog,med,wmatch,1003,116,116,0,1.0,0.7430555555555556,0.15833333333333333,23,0.5847222222222223,0.3890625,10621.987899541267,94.14433620689655,141.225,"{'family': 'wmatch', 'lam': 0.8}"
test,cpu_heavy,homog,med,d1_cheap,1003,116,116,0,1.0,0.7430555555555556,0.15833333333333333,30,0.5847222222222223,0.0,6708.91509555635,149.05539655172416,168.405,"{'family': 'd_cheap', 'alpha': 0.0, 'beta': 0.8, 'gamma': 0.2}"
test,cpu_heavy,homog,med,d1_cheap_nomad_ff,1003,116,116,0,1.0,0.7430555555555556,0.15833333333333333,24,0.5847222222222223,0.3536458333333333,10874.550065491041,91.9578275862069,162.334,{'derived_from': 'd1_cheap'}
test,cpu_heavy,homog,med,d2_capacity,1003,116,116,0,1.0,0.7430555555555556,0.15833333333333333,30,0.5847222222222223,0.0,4873.527343975493,205.19018965517242,236.022,"{'family': 'd_capacity', 'alpha': 0.0, 'beta': 0.8, 'gamma': 0.2}"
test,cpu_heavy,homog,med,d2_capacity_nomad_ff,1003,116,116,0,1.0,0.7430555555555556,0.15833333333333333,23,0.5847222222222223,0.3890625,8250.116799606156,121.2104051724138,182.461,{'derived_from': 'd2_capacity'}
test,cpu_heavy,homog,med,ff_only_cheap,1003,116,116,0,1.0,0.7430555555555556,0.15833333333333333,24,0.5847222222222223,0.3536458333333333,11284.708626391219,88.61549137931034,130.734,"{'alpha': 0, 'beta': 0, 'gamma': 1}"
test,cpu_heavy,homog,med,binpack,1004,116,116,0,1.0,0.7430555555555556,0.15833333333333333,23,0.5847222222222223,0.3890625,17575.872085227224,56.89618103448276,84.629,{}
test,cpu_heavy,homog,med,spread,1004,116,116,0,1.0,0.7430555555555556,0.15833333333333333,30,0.5847222222222223,0.054427083333333334,12502.322629764409,79.98513793103447,93.344,{}
test,cpu_heavy,homog,med,tetris,1004,116,116,0,1.0,0.7430555555555556,0.15833333333333333,30,0.5847222222222223,0.01640625,11919.75456814318,83.89434482758621,99.847,{}
test,cpu_heavy,homog,med,hybrid,1004,116,116,0,1.0,0.7430555555555556,0.15833333333333333,30,0.5847222222222223,0.01640625,9045.39924871721,110.55343965517243,135.233,"{'family': 'hybrid', 'alpha': 0.1}"
test,cpu_heavy,homog,med,balance,1004,116,116,0,1.0,0.7430555555555556,0.15833333333333333,30,0.5847222222222221,0.121484375,12390.587639641122,80.7064224137931,104.335,"{'family': 'balance', 'lam': 0.8}"
test,cpu_heavy,homog,med,wmatch,1004,116,116,0,1.0,0.7430555555555556,0.15833333333333333,23,0.5847222222222223,0.3890625,10510.101430633194,95.14656034482758,140.292,"{'family': 'wmatch', 'lam': 0.8}"
test,cpu_heavy,homog,med,d1_cheap,1004,116,116,0,1.0,0.7430555555555556,0.15833333333333333,30,0.5847222222222223,0.03216145833333333,6742.592521011748,148.3109051724138,171.982,"{'family': 'd_cheap', 'alpha': 0.0, 'beta': 0.8, 'gamma': 0.2}"
test,cpu_heavy,homog,med,d1_cheap_nomad_ff,1004,116,116,0,1.0,0.7430555555555556,0.15833333333333333,24,0.5847222222222223,0.3359375,11199.09264179065,89.29294827586207,131.175,{'derived_from': 'd1_cheap'}
test,cpu_heavy,homog,med,d2_capacity,1004,116,116,0,1.0,0.7430555555555556,0.15833333333333333,30,0.5847222222222223,0.030208333333333334,4974.882419082895,201.00977586206895,228.317,"{'family': 'd_capacity', 'alpha': 0.0, 'beta': 0.8, 'gamma': 0.2}"
test,cpu_heavy,homog,med,d2_capacity_nomad_ff,1004,116,116,0,1.0,0.7430555555555556,0.15833333333333333,24,0.5847222222222223,0.3352864583333333,8199.25953618061,121.9622327586207,179.626,{'derived_from': 'd2_capacity'}
test,cpu_heavy,homog,med,ff_only_cheap,1004,116,116,0,1.0,0.7430555555555556,0.15833333333333333,24,0.5847222222222223,0.3359375,10971.683503629309,91.14371551724138,132.228,"{'alpha': 0, 'beta': 0, 'gamma': 1}"
test,cpu_heavy,homog,med,binpack,1005,116,116,0,1.0,0.7430555555555556,0.15833333333333333,23,0.5847222222222223,0.36940104166666665,17100.604329460242,58.47746551724138,86.232,{}
test,cpu_heavy,homog,med,spread,1005,116,116,0,1.0,0.7430555555555556,0.15833333333333333,30,0.5847222222222223,0.018359375,12315.724642905034,81.19700862068966,99.196,{}
test,cpu_heavy,homog,med,tetris,1005,116,116,0,1.0,0.7430555555555556,0.15833333333333333,30,0.5847222222222223,0.035416666666666666,11959.860234598844,83.61301724137931,102.101,{}
test,cpu_heavy,homog,med,hybrid,1005,116,116,0,1.0,0.7430555555555556,0.15833333333333333,30,0.5847222222222223,0.01640625,9004.69268691646,111.05320689655173,131.065,"{'family': 'hybrid', 'alpha': 0.1}"
test,cpu_heavy,homog,med,balance,1005,116,116,0,1.0,0.7430555555555556,0.15833333333333333,30,0.5847222222222223,0.10703125,12456.634000575796,80.27850862068965,103.835,"{'family': 'balance', 'lam': 0.8}"
test,cpu_heavy,homog,med,wmatch,1005,116,116,0,1.0,0.7430555555555556,0.15833333333333333,24,0.5847222222222223,0.3536458333333333,10289.455694002942,97.18687068965518,142.997,"{'family': 'wmatch', 'lam': 0.8}"
test,cpu_heavy,homog,med,d1_cheap,1005,116,116,0,1.0,0.7430555555555556,0.15833333333333333,30,0.5847222222222223,0.03216145833333333,6672.215726078855,149.87525,172.843,"{'family': 'd_cheap', 'alpha': 0.0, 'beta': 0.8, 'gamma': 0.2}"
test,cpu_heavy,homog,med,d1_cheap_nomad_ff,1005,116,116,0,1.0,0.7430555555555556,0.15833333333333333,24,0.5847222222222223,0.3536458333333333,10857.850703429602,92.09925862068965,131.936,{'derived_from': 'd1_cheap'}
test,cpu_heavy,homog,med,d2_capacity,1005,116,116,0,1.0,0.7430555555555556,0.15833333333333333,30,0.5847222222222223,0.0,4872.992180191824,205.21272413793105,229.529,"{'family': 'd_capacity', 'alpha': 0.0, 'beta': 0.8, 'gamma': 0.2}"
test,cpu_heavy,homog,med,d2_capacity_nomad_ff,1005,116,116,0,1.0,0.7430555555555556,0.15833333333333333,23,0.5847222222222223,0.37005208333333334,7796.488004767149,128.26287931034483,186.569,{'derived_from': 'd2_capacity'}
test,cpu_heavy,homog,med,ff_only_cheap,1005,116,116,0,1.0,0.7430555555555556,0.15833333333333333,24,0.5847222222222223,0.3536458333333333,10670.265612346308,93.71837931034483,137.598,"{'alpha': 0, 'beta': 0, 'gamma': 1}"
test,cpu_heavy,homog,med,binpack,1006,116,116,0,1.0,0.7430555555555556,0.15833333333333333,24,0.5847222222222223,0.39231770833333335,17331.102800482106,57.69973275862069,87.213,{}
test,cpu_heavy,homog,med,spread,1006,116,116,0,1.0,0.7430555555555556,0.15833333333333333,30,0.5847222222222223,0.091796875,12337.406804717994,81.05431034482758,102.813,{}
test,cpu_heavy,homog,med,tetris,1006,116,116,0,1.0,0.7430555555555556,0.15833333333333333,30,0.5847222222222223,0.0,11834.577902435332,84.4981551724138,98.444,{}
test,cpu_heavy,homog,med,hybrid,1006,116,116,0,1.0,0.7430555555555556,0.15833333333333333,30,0.5847222222222223,0.013802083333333333,8982.255476872202,111.33061206896552,131.496,"{'family': 'hybrid', 'alpha': 0.1}"
test,cpu_heavy,homog,med,balance,1006,116,116,0,1.0,0.7430555555555556,0.15833333333333333,30,0.5847222222222223,0.10703125,12745.934733562168,78.45638793103448,101.941,"{'family': 'balance', 'lam': 0.8}"
test,cpu_heavy,homog,med,wmatch,1006,116,116,0,1.0,0.7430555555555556,0.15833333333333333,24,0.5847222222222223,0.39231770833333335,10386.806463530578,96.2759827586207,145.212,"{'family': 'wmatch', 'lam': 0.8}"
test,cpu_heavy,homog,med,d1_cheap,1006,116,116,0,1.0,0.7430555555555556,0.15833333333333333,30,0.5847222222222223,0.04986979166666667,6781.8124884972285,147.4532068965517,171.711,"{'family': 'd_cheap', 'alpha': 0.0, 'beta': 0.8, 'gamma': 0.2}"
test,cpu_heavy,homog,med,d1_cheap_nomad_ff,1006,116,116,0,1.0,0.7430555555555556,0.15833333333333333,24,0.5847222222222223,0.39231770833333335,11224.983406861813,89.08699137931035,130.334,{'derived_from': 'd1_cheap'}
test,cpu_heavy,homog,med,d2_capacity,1006,116,116,0,1.0,0.7430555555555556,0.15833333333333333,30,0.5847222222222223,0.044661458333333334,5019.864382305255,199.20856896551726,228.587,"{'family': 'd_capacity', 'alpha': 0.0, 'beta': 0.8, 'gamma': 0.2}"
test,cpu_heavy,homog,med,d2_capacity_nomad_ff,1006,116,116,0,1.0,0.7430555555555556,0.15833333333333333,24,0.5847222222222223,0.37330729166666665,8226.323753779323,121.5609827586207,181.019,{'derived_from': 'd2_capacity'}
test,cpu_heavy,homog,med,ff_only_cheap,1006,116,116,0,1.0,0.7430555555555556,0.15833333333333333,24,0.5847222222222223,0.39231770833333335,11108.67018300768,90.01977586206897,131.396,"{'alpha': 0, 'beta': 0, 'gamma': 1}"
test,cpu_heavy,homog,med,binpack,1007,116,116,0,1.0,0.7430555555555556,0.15833333333333333,23,0.5847222222222223,0.3890625,17509.663900491978,57.11131896551724,86.592,{}
test,cpu_heavy,homog,med,spread,1007,116,116,0,1.0,0.7430555555555556,0.15833333333333333,30,0.5847222222222223,0.054427083333333334,12407.028838534177,80.59947413793103,95.528,{}
test,cpu_heavy,homog,med,tetris,1007,116,116,0,1.0,0.7430555555555556,0.15833333333333333,30,0.5847222222222223,0.0,11764.172557288732,85.00385344827586,103.544,{}
test,cpu_heavy,homog,med,hybrid,1007,116,116,0,1.0,0.7430555555555556,0.15833333333333333,30,0.5847222222222223,0.0,8900.397341359241,112.35453448275862,130.665,"{'family': 'hybrid', 'alpha': 0.1}"
test,cpu_heavy,homog,med,balance,1007,116,116,0,1.0,0.7430555555555556,0.15833333333333333,30,0.5847222222222221,0.1234375,12349.372257986905,80.97577586206897,105.517,"{'family': 'balance', 'lam': 0.8}"
test,cpu_heavy,homog,med,wmatch,1007,116,116,0,1.0,0.7430555555555556,0.15833333333333333,23,0.5847222222222223,0.3890625,10508.022104892707,95.16538793103447,139.712,"{'family': 'wmatch', 'lam': 0.8}"
test,cpu_heavy,homog,med,d1_cheap,1007,116,116,0,1.0,0.7430555555555556,0.15833333333333333,30,0.5847222222222223,0.010546875,6701.576100931745,149.21862931034485,170.368,"{'family': 'd_cheap', 'alpha': 0.0, 'beta': 0.8, 'gamma': 0.2}"
test,cpu_heavy,homog,med,d1_cheap_nomad_ff,1007,116,116,0,1.0,0.7430555555555556,0.15833333333333333,24,0.5847222222222223,0.2696614583333333,10761.210955358045,92.9263448275862,133.489,{'derived_from': 'd1_cheap'}
test,cpu_heavy,homog,med,d2_capacity,1007,116,116,0,1.0,0.7430555555555556,0.15833333333333333,30,0.5847222222222223,0.010546875,4904.481419160743,203.8951551724138,228.628,"{'family': 'd_capacity', 'alpha': 0.0, 'beta': 0.8, 'gamma': 0.2}"
test,cpu_heavy,homog,med,d2_capacity_nomad_ff,1007,116,116,0,1.0,0.7430555555555556,0.15833333333333333,24,0.5847222222222223,0.33984375,7833.780151443178,127.65229310344827,189.685,{'derived_from': 'd2_capacity'}
test,cpu_heavy,homog,med,ff_only_cheap,1007,116,116,0,1.0,0.7430555555555556,0.15833333333333333,24,0.5847222222222223,0.2696614583333333,10759.315503477996,92.94271551724138,130.565,"{'alpha': 0, 'beta': 0, 'gamma': 1}"
test,cpu_heavy,homog,med,binpack,1008,116,116,0,1.0,0.7430555555555556,0.15833333333333333,23,0.5847222222222223,0.3890625,17440.805380308037,57.33680172413793,90.219,{}
test,cpu_heavy,homog,med,spread,1008,116,116,0,1.0,0.7430555555555556,0.15833333333333333,30,0.5847222222222223,0.03671875,12194.866823118396,82.00171551724138,100.178,{}
test,cpu_heavy,homog,med,tetris,1008,116,116,0,1.0,0.7430555555555556,0.15833333333333333,30,0.5847222222222223,0.0,11675.75463119814,85.64756896551725,102.571,{}
test,cpu_heavy,homog,med,hybrid,1008,116,116,0,1.0,0.7430555555555556,0.15833333333333333,30,0.5847222222222223,0.0,8928.371447345198,112.00250862068965,129.913,"{'family': 'hybrid', 'alpha': 0.1}"
test,cpu_heavy,homog,med,balance,1008,116,116,0,1.0,0.7430555555555556,0.15833333333333333,30,0.5847222222222221,0.15755208333333334,12151.616557834624,82.2935775862069,100.107,"{'family': 'balance', 'lam': 0.8}"
test,cpu_heavy,homog,med,wmatch,1008,116,116,0,1.0,0.7430555555555556,0.15833333333333333,23,0.5847222222222223,0.3890625,10684.147405497564,93.59661206896553,140.403,"{'family': 'wmatch', 'lam': 0.8}"
test,cpu_heavy,homog,med,d1_cheap,1008,116,116,0,1.0,0.7430555555555556,0.15833333333333333,30,0.5847222222222223,0.0,6651.206052872731,150.3486724137931,175.668,"{'family': 'd_cheap', 'alpha': 0.0, 'beta': 0.8, 'gamma': 0.2}"
test,cpu_heavy,homog,med,d1_cheap_nomad_ff,1008,116,116,0,1.0,0.7430555555555556,0.15833333333333333,24,0.5847222222222223,0.37265625,11332.466529902033,88.24204310344828,131.265,{'derived_from': 'd1_cheap'}
test,cpu_heavy,homog,med,d2_capacity,1008,116,116,0,1.0,0.7430555555555556,0.15833333333333333,30,0.5847222222222223,0.0,4907.592362686306,203.7659051724138,232.035,"{'family': 'd_capacity', 'alpha': 0.0, 'beta': 0.8, 'gamma': 0.2}"
test,cpu_heavy,homog,med,d2_capacity_nomad_ff,1008,116,116,0,1.0,0.7430555555555556,0.15833333333333333,23,0.5847222222222223,0.3890625,8327.70375773274,120.08112068965518,182.341,{'derived_from': 'd2_capacity'}
test,cpu_heavy,homog,med,ff_only_cheap,1008,116,116,0,1.0,0.7430555555555556,0.15833333333333333,24,0.5847222222222223,0.37265625,11366.464617959407,87.97810344827586,131.365,"{'alpha': 0, 'beta': 0, 'gamma': 1}"
test,cpu_heavy,homog,med,binpack,1009,116,116,0,1.0,0.7430555555555556,0.15833333333333333,23,0.5847222222222223,0.37395833333333334,17701.18117235228,56.49340517241379,82.945,{}
test,cpu_heavy,homog,med,spread,1009,116,116,0,1.0,0.7430555555555556,0.15833333333333333,30,0.5847222222222223,0.054427083333333334,12205.078996321641,81.93310344827586,98.384,{}
test,cpu_heavy,homog,med,tetris,1009,116,116,0,1.0,0.7430555555555556,0.15833333333333333,30,0.5847222222222223,0.034765625,11811.551982945748,84.66287931034482,102.963,{}
test,cpu_heavy,homog,med,hybrid,1009,116,116,0,1.0,0.7430555555555556,0.15833333333333333,30,0.5847222222222223,0.018359375,8989.76646834157,111.23759482758621,129.632,"{'family': 'hybrid', 'alpha': 0.1}"
test,cpu_heavy,homog,med,balance,1009,116,116,0,1.0,0.7430555555555556,0.15833333333333333,30,0.5847222222222221,0.15364583333333334,12236.236580883266,81.72447413793103,101.901,"{'family': 'balance', 'lam': 0.8}"
test,cpu_heavy,homog,med,wmatch,1009,116,116,0,1.0,0.7430555555555556,0.15833333333333333,23,0.5847222222222223,0.37395833333333334,10721.017047433754,93.2747327586207,140.352,"{'family': 'wmatch', 'lam': 0.8}"
test,cpu_heavy,homog,med,d1_cheap,1009,116,116,0,1.0,0.7430555555555556,0.15833333333333333,30,0.5847222222222223,0.018359375,6725.927109620377,148.67838793103448,171.49,"{'family': 'd_cheap', 'alpha': 0.0, 'beta': 0.8, 'gamma': 0.2}"
test,cpu_heavy,homog,med,d1_cheap_nomad_ff,1009,116,116,0,1.0,0.7430555555555556,0.15833333333333333,24,0.5847222222222223,0.30572916666666666,11345.535521991462,88.14039655172415,133.961,{'derived_from': 'd1_cheap'}
test,cpu_heavy,homog,med,d2_capacity,1009,116,116,0,1.0,0.7430555555555556,0.15833333333333333,30,0.5847222222222223,0.018359375,4979.557200602836,200.82106896551724,225.492,"{'family': 'd_capacity', 'alpha': 0.0, 'beta': 0.8, 'gamma': 0.2}"
test,cpu_heavy,homog,med,d2_capacity_nomad_ff,1009,116,116,0,1.0,0.7430555555555556,0.15833333333333333,24,0.5847222222222223,0.31953125,8340.657173321086,119.89462931034483,181.97,{'derived_from': 'd2_capacity'}
test,cpu_heavy,homog,med,ff_only_cheap,1009,116,116,0,1.0,0.7430555555555556,0.15833333333333333,24,0.5847222222222223,0.30572916666666666,11323.325856033674,88.31327586206898,131.557,"{'alpha': 0, 'beta': 0, 'gamma': 1}"
test,cpu_heavy,hetero,high,binpack,1000,161,142,19,0.8819875776397516,0.9733775412135481,0.21458308569504342,30,0.7587944555185048,0.5489028357495949,23947.296907957745,41.75836645962733,82.244,{}
test,cpu_heavy,hetero,high,spread,1000,161,143,18,0.8881987577639752,0.9400768180222747,0.19670105244985184,30,0.7433757655724229,0.48468366346012476,16557.456017843382,60.39575155279503,91.481,{}
test,cpu_heavy,hetero,high,tetris,1000,161,145,16,0.9006211180124224,0.9487655583430168,0.23859934985300182,30,0.7101662084900151,0.3923698773140624,16123.25941403068,62.022198757763974,92.072,{}
test,cpu_heavy,hetero,high,hybrid,1000,161,143,18,0.8881987577639752,0.9338772191282195,0.2380958145901234,30,0.695781404538096,0.341762278370883,12250.75142380744,81.62764596273291,119.924,"{'family': 'hybrid', 'alpha': 0.1}"
test,cpu_heavy,hetero,high,balance,1000,161,146,15,0.906832298136646,0.9607909026448199,0.21750249442472205,30,0.7432884082200979,0.48709890106680337,16971.555567455554,58.92211801242236,96.029,"{'family': 'balance', 'lam': 0.8}"
test,cpu_heavy,hetero,high,wmatch,1000,161,142,19,0.8819875776397516,0.9683224097976091,0.21672783400839057,30,0.7515945757892184,0.5508008602836079,14671.80805702795,68.1579254658385,135.794,"{'family': 'wmatch', 'lam': 0.8}"
test,cpu_heavy,hetero,high,d1_cheap,1000,161,143,18,0.8881987577639752,0.9364124029034239,0.234033547673665,30,0.702378855229759,0.3771548448353786,9352.491030176887,106.9233850931677,159.709,"{'family': 'd_cheap', 'alpha': 0.0, 'beta': 0.8, 'gamma': 0.2}"
test,cpu_heavy,hetero,high,d1_cheap_nomad_ff,1000,161,145,16,0.9006211180124224,0.9722880103604883,0.21614935361009147,30,0.7561386567503968,0.547004811215582,15314.120675080681,65.29921118012422,126.717,{'derived_from': 'd1_cheap'}
test,cpu_heavy,hetero,high,d2_capacity,1000,161,146,15,0.906832298136646,0.9578306024146694,0.23404415433240952,30,0.72378644808226,0.5006851263533538,6747.317365101324,148.207049689441,224.09,"{'family': 'd_capacity', 'alpha': 0.0, 'beta': 0.8, 'gamma': 0.2}"
test,cpu_heavy,hetero,high,d2_capacity_nomad_ff,1000,161,143,18,0.8881987577639752,0.9687188772690202,0.2150418876820036,30,0.7536769895870166,0.547637486060253,10695.704419093041,93.49547826086956,185.527,{'derived_from': 'd2_capacity'}
test,cpu_heavy,hetero,high,ff_only_cheap,1000,161,145,16,0.9006211180124224,0.9722880103604883,0.21614935361009147,30,0.7561386567503968,0.547004811215582,15186.96139936624,65.84595652173914,128.63,"{'alpha': 0, 'beta': 0, 'gamma': 1}"
test,cpu_heavy,hetero,high,binpack,1001,169,150,19,0.8875739644970414,0.9659496765851757,0.22219548846624396,30,0.7437541881189318,0.5169652733581397,25675.271022235847,38.94798224852071,79.569,{}
test,cpu_heavy,hetero,high,spread,1001,169,154,15,0.9112426035502958,0.9743066570512201,0.21085701523065276,30,0.7634496418205673,0.5097947173621067,16275.884916973724,61.44059171597633,93.605,{}
test,cpu_heavy,hetero,high,tetris,1001,169,152,17,0.8994082840236687,0.9423019851581775,0.250077491746852,30,0.6922244934113255,0.38335597694911017,15628.401373597768,63.98607100591716,99.807,{}
test,cpu_heavy,hetero,high,hybrid,1001,169,153,16,0.9053254437869822,0.9571769257976256,0.2510690993222312,30,0.7061078264753944,0.4288317992366768,12108.457965667292,82.58689940828403,123.571,"{'family': 'hybrid', 'alpha': 0.1}"
test,cpu_heavy,hetero,high,balance,1001,169,152,17,0.8994082840236687,0.9618423537251568,0.2320474404023223,30,0.7297949133228344,0.43259669598945466,17344.542355013225,57.65502366863905,95.108,"{'family': 'balance', 'lam': 0.8}"
test,cpu_heavy,hetero,high,wmatch,1001,169,150,19,0.8875739644970414,0.9658262623411696,0.2222553105253703,30,0.7435709518157994,0.5169652733581397,15660.102026028017,63.856544378698224,132.128,"{'family': 'wmatch', 'lam': 0.8}"
test,cpu_heavy,hetero,high,d1_cheap,1001,169,152,17,0.8994082840236687,0.9525122304524116,0.24598388471759358,30,0.706528345734818,0.3865518900461035,9211.253950347089,108.56285207100592,161.602,"{'family': 'd_cheap', 'alpha': 0.0, 'beta': 0.8, 'gamma': 0.2}"
test,cpu_heavy,hetero,high,d1_cheap_nomad_ff,1001,169,151,18,0.893491124260355,0.9677556248378733,0.2247154474092962,30,0.7430401774285771,0.5156615359043155,15965.535604514222,62.63491715976331,123.12,{'derived_from': 'd1_cheap'}
test,cpu_heavy,hetero,high,d2_capacity,1001,169,153,16,0.9053254437869822,0.9495459691823702,0.24729619629353242,30,0.7022497728888377,0.4040219684640714,6598.944317287863,151.5393905325444,218.759,"{'family': 'd_capacity', 'alpha': 0.0, 'beta': 0.8, 'gamma': 0.2}"
test,cpu_heavy,hetero,high,d2_capacity_nomad_ff,1001,169,150,19,0.8875739644970414,0.9653345856211907,0.22532555501363014,30,0.7400090306075605,0.5169652733581397,11288.819846733897,88.58321893491124,185.116,{'derived_from': 'd2_capacity'}
test,cpu_heavy,hetero,high,ff_only_cheap,1001,169,151,18,0.893491124260355,0.9677556248378733,0.2247154474092962,30,0.7430401774285771,0.5156615359043155,15798.863454069056,63.295692307692306,127.118,"{'alpha': 0, 'beta': 0, 'gamma': 1}"
test,cpu_heavy,hetero,high,binpack,1002,178,161,17,0.9044943820224719,0.9734359511953306,0.2572324109739443,30,0.7172810755237751,0.48944060242992493,24194.486701731457,41.33173033707865,79.579,{}
test,cpu_heavy,hetero,high,spread,1002,178,159,19,0.8932584269662921,0.9401393797697409,0.23100729069454484,30,0.709132089075196,0.4045582754695711,15731.402389122779,63.56712359550562,92.894,{}
test,cpu_heavy,hetero,high,tetris,1002,178,159,19,0.8932584269662921,0.9338225851809437,0.2792131257780998,30,0.654609459402844,0.2714137278926037,15454.381833842994,64.70656741573033,96.771,{}
test,cpu_heavy,hetero,high,hybrid,1002,178,158,20,0.8876404494382022,0.9263655192794377,0.2777863246482954,30,0.6485791946311422,0.18458808385960715,12174.095863071241,82.14162359550562,122.54,"{'family': 'hybrid', 'alpha': 0.1}"
test,cpu_heavy,hetero,high,balance,1002,178,161,17,0.9044943820224719,0.9616659174194733,0.25195287825154217,30,0.709713039167931,0.3857866498673025,18142.693713006232,55.11860674157304,92.252,"{'family': 'balance', 'lam': 0.8}"
test,cpu_heavy,hetero,high,wmatch,1002,178,161,17,0.9044943820224719,0.9737625836307787,0.2572976467012339,30,0.7175424722319337,0.48944060242992493,14742.949225945471,67.82903370786516,138.73,"{'family': 'wmatch', 'lam': 0.8}"
test,cpu_heavy,hetero,high,d1_cheap,1002,178,160,18,0.898876404494382,0.9382469568179993,0.2780411638450014,30,0.660205792972998,0.31883329459846554,9079.326689374506,110.14032584269664,159.528,"{'family': 'd_cheap', 'alpha': 0.0, 'beta': 0.8, 'gamma': 0.2}"
test,cpu_heavy,hetero,high,d1_cheap_nomad_ff,1002,178,163,15,0.9157303370786517,0.9732878950970655,0.2620376358165316,30,0.7123277945829227,0.45617633176556444,15353.695669050227,65.13089887640449,123.932,{'derived_from': 'd1_cheap'}
test,cpu_heavy,hetero,high,d2_capacity,1002,178,159,19,0.8932584269662921,0.9320605949780715,0.2789243443385303,30,0.6531362506395411,0.267847346428513,6646.5870037118575,150.4531573033708,223.168,"{'family': 'd_capacity', 'alpha': 0.0, 'beta': 0.8, 'gamma': 0.2}"
test,cpu_heavy,hetero,high,d2_capacity_nomad_ff,1002,178,161,17,0.9044943820224719,0.9732850949663799,0.254146920733788,30,0.7202157095349808,0.48944060242992493,10970.357047526853,91.15473595505618,182.381,{'derived_from': 'd2_capacity'}
test,cpu_heavy,hetero,high,ff_only_cheap,1002,178,163,15,0.9157303370786517,0.9732878950970655,0.2620376358165316,30,0.7123277945829227,0.45617633176556444,15290.296588803552,65.40095505617977,125.295,"{'alpha': 0, 'beta': 0, 'gamma': 1}"
test,cpu_heavy,hetero,high,binpack,1003,172,152,20,0.8837209302325582,0.9651226871512247,0.22983417303836834,30,0.7352885141128565,0.5296772944096595,24282.655760177713,41.181656976744186,81.212,{}
test,cpu_heavy,hetero,high,spread,1003,172,151,21,0.877906976744186,0.9340033960568209,0.20495903340686583,30,0.7290443626499551,0.3976172520777758,16069.131646547865,62.231116279069774,93.615,{}
test,cpu_heavy,hetero,high,tetris,1003,172,153,19,0.8895348837209303,0.9384905355096224,0.2567352185165911,30,0.6817553169930314,0.3901779163059785,16131.369370374834,61.991017441860464,92.714,{}
test,cpu_heavy,hetero,high,hybrid,1003,172,153,19,0.8895348837209303,0.9394713814891785,0.2568661429080692,30,0.6826052385811092,0.3889620000995744,12420.520403918212,80.51192441860465,121.377,"{'family': 'hybrid', 'alpha': 0.1}"
test,cpu_heavy,hetero,high,balance,1003,172,152,20,0.8837209302325582,0.9574196794761918,0.23419484307542732,30,0.7232248364007644,0.4229115363578479,17339.227057581556,57.6726976744186,93.825,"{'family': 'balance', 'lam': 0.8}"
test,cpu_heavy,hetero,high,wmatch,1003,172,152,20,0.8837209302325582,0.961295639277542,0.22876109174621942,30,0.7325345475313226,0.505609523264185,14633.27025429646,68.33742441860466,136.195,"{'family': 'wmatch', 'lam': 0.8}"
test,cpu_heavy,hetero,high,d1_cheap,1003,172,155,17,0.9011627906976745,0.9535021731457279,0.2592644402702917,30,0.6942377328754362,0.4581778138320623,9184.382022447911,108.88048837209303,160.46,"{'family': 'd_cheap', 'alpha': 0.0, 'beta': 0.8, 'gamma': 0.2}"
test,cpu_heavy,hetero,high,d1_cheap_nomad_ff,1003,172,153,19,0.8895348837209303,0.9675667825420078,0.22928702789819827,30,0.7382797546438096,0.5284297540765287,15242.267872223714,65.60703488372093,125.244,{'derived_from': 'd1_cheap'}
test,cpu_heavy,hetero,high,d2_capacity,1003,172,155,17,0.9011627906976745,0.952560132184423,0.25817125386721707,30,0.6943888783172059,0.47114348943472295,6670.655356596364,149.91030813953486,220.864,"{'family': 'd_capacity', 'alpha': 0.0, 'beta': 0.8, 'gamma': 0.2}"
test,cpu_heavy,hetero,high,d2_capacity_nomad_ff,1003,172,152,20,0.8837209302325582,0.9613930709558093,0.22582730379317692,30,0.7355657671626324,0.505609523264185,10896.204592205426,91.77507558139534,185.297,{'derived_from': 'd2_capacity'}
test,cpu_heavy,hetero,high,ff_only_cheap,1003,172,153,19,0.8895348837209303,0.9675667825420078,0.22928702789819827,30,0.7382797546438096,0.5284297540765287,15290.87874190917,65.39846511627907,128.019,"{'alpha': 0, 'beta': 0, 'gamma': 1}"
test,cpu_heavy,hetero,high,binpack,1004,183,164,19,0.8961748633879781,0.9697795004379339,0.23987554427912527,30,0.7299039561588087,0.49548313332669647,24824.34065940774,40.28304371584699,82.264,{}
test,cpu_heavy,hetero,high,spread,1004,183,167,16,0.912568306010929,0.9661270689233382,0.2217327961892011,30,0.7443942727341372,0.457157062548482,15630.136645829047,63.97896721311475,91.04,{}
test,cpu_heavy,hetero,high,tetris,1004,183,164,19,0.8961748633879781,0.9334335118931789,0.2552269912645786,30,0.6782065206286003,0.28558480889417426,15134.469763851825,66.07433333333333,95.369,{}
test,cpu_heavy,hetero,high,hybrid,1004,183,164,19,0.8961748633879781,0.9327144469284642,0.25429314026339467,30,0.6784213066650694,0.29113101904120536,11772.32402530625,84.94499453551913,121.988,"{'family': 'hybrid', 'alpha': 0.1}"
test,cpu_heavy,hetero,high,balance,1004,183,167,16,0.912568306010929,0.9735472698560774,0.24373124757546036,30,0.7298160222806171,0.4404534181395435,17447.803893548946,57.313803278688525,95.699,"{'family': 'balance', 'lam': 0.8}"
test,cpu_heavy,hetero,high,wmatch,1004,183,164,19,0.8961748633879781,0.9697795004379339,0.23987554427912527,30,0.7299039561588087,0.49548313332669647,15156.71295786318,65.97736612021858,134.221,"{'family': 'wmatch', 'lam': 0.8}"
test,cpu_heavy,hetero,high,d1_cheap,1004,183,166,17,0.907103825136612,0.9485109848515403,0.2551873817398368,30,0.6933236031117035,0.33616318586191474,8874.479363877319,112.68266666666668,163.666,"{'family': 'd_cheap', 'alpha': 0.0, 'beta': 0.8, 'gamma': 0.2}"
test,cpu_heavy,hetero,high,d1_cheap_nomad_ff,1004,183,163,20,0.8907103825136612,0.9626154635766943,0.24329627614687582,30,0.7193191874298184,0.49858213127923523,15930.31470989591,62.773398907103825,123.381,{'derived_from': 'd1_cheap'}
test,cpu_heavy,hetero,high,d2_capacity,1004,183,167,16,0.912568306010929,0.9550500536364426,0.2567196303185905,30,0.6983304233178521,0.40432587990124536,6346.897705766424,157.55728961748633,222.887,"{'family': 'd_capacity', 'alpha': 0.0, 'beta': 0.8, 'gamma': 0.2}"
test,cpu_heavy,hetero,high,d2_capacity_nomad_ff,1004,183,164,19,0.8961748633879781,0.9712424858304526,0.23916768036608718,30,0.7320748054643652,0.49548313332669647,11117.984415137518,89.94436065573771,186.259,{'derived_from': 'd2_capacity'}
test,cpu_heavy,hetero,high,ff_only_cheap,1004,183,163,20,0.8907103825136612,0.9626154635766943,0.24329627614687582,30,0.7193191874298184,0.49858213127923523,15815.917242824113,63.22744262295082,122.358,"{'alpha': 0, 'beta': 0, 'gamma': 1}"
test,cpu_heavy,hetero,high,binpack,1005,171,155,16,0.9064327485380117,0.9719545352567182,0.25378706508058896,30,0.7181674701761291,0.4805976066553895,24217.680407910713,41.29214619883041,81.062,{}
test,cpu_heavy,hetero,high,spread,1005,171,154,17,0.9005847953216374,0.9441759990768858,0.22843561816808788,30,0.7157403809087978,0.36315461121033055,15837.169447710667,63.14259649122807,91.01,{}
test,cpu_heavy,hetero,high,tetris,1005,171,154,17,0.9005847953216374,0.9373270622243015,0.27023802350017007,30,0.6670890387241314,0.2692266109630227,15548.608085876327,64.31443859649123,93.886,{}
test,cpu_heavy,hetero,high,hybrid,1005,171,154,17,0.9005847953216374,0.936680411576139,0.27180559646816094,30,0.6648748151079782,0.30185011579186855,11788.801755166442,84.82626315789473,125.014,"{'family': 'hybrid', 'alpha': 0.1}"
test,cpu_heavy,hetero,high,balance,1005,171,156,15,0.9122807017543859,0.9600367558281668,0.2630928683253966,30,0.6969438875027703,0.40982265772605375,17184.392551822,58.19233918128655,95.689,"{'family': 'balance', 'lam': 0.8}"
test,cpu_heavy,hetero,high,wmatch,1005,171,154,17,0.9005847953216374,0.9694445375318137,0.25464750623595495,30,0.7147970312958588,0.48196445505892793,14810.320073535404,67.52048538011695,137.467,"{'family': 'wmatch', 'lam': 0.8}"
test,cpu_heavy,hetero,high,d1_cheap,1005,171,153,18,0.8947368421052632,0.9282377661691978,0.2674860372469324,30,0.6607517289222654,0.2826050508016313,8924.217890155194,112.05463742690058,165.039,"{'family': 'd_cheap', 'alpha': 0.0, 'beta': 0.8, 'gamma': 0.2}"
test,cpu_heavy,hetero,high,d1_cheap_nomad_ff,1005,171,154,17,0.9005847953216374,0.9695090729341561,0.2514453257068461,30,0.71806374722731,0.48196445505892793,15409.865936869834,64.89349122807018,127.759,{'derived_from': 'd1_cheap'}
test,cpu_heavy,hetero,high,d2_capacity,1005,171,154,17,0.9005847953216374,0.9374698242090057,0.2664086557289808,30,0.671061168480025,0.32610490677460263,6476.840692558349,154.39626315789474,226.304,"{'family': 'd_capacity', 'alpha': 0.0, 'beta': 0.8, 'gamma': 0.2}"
test,cpu_heavy,hetero,high,d2_capacity_nomad_ff,1005,171,155,16,0.9064327485380117,0.9794004314724692,0.2600068240576485,30,0.7193936074148208,0.4764970614447741,10992.636347904212,90.96998830409356,184.886,{'derived_from': 'd2_capacity'}
test,cpu_heavy,hetero,high,ff_only_cheap,1005,171,154,17,0.9005847953216374,0.9695090729341561,0.2514453257068461,30,0.71806374722731,0.48196445505892793,15542.1313551866,64.34123976608187,123.682,"{'alpha': 0, 'beta': 0, 'gamma': 1}"
test,cpu_heavy,hetero,high,binpack,1006,175,159,16,0.9085714285714286,0.9741007481088685,0.26275969550661427,30,0.7113410526022542,0.4935552719975899,23577.324057250593,42.41363428571429,82.074,{}
test,cpu_heavy,hetero,high,spread,1006,175,154,21,0.88,0.9264052580963774,0.22088137272058714,30,0.7055238853757902,0.35180673557339354,15711.385969588682,63.64810857142857,98.334,{}
test,cpu_heavy,hetero,high,tetris,1006,175,156,19,0.8914285714285715,0.9335471459134596,0.27617255087071885,30,0.6573745950427408,0.2744925040011814,15533.491094427649,64.37702857142857,98.965,{}
test,cpu_heavy,hetero,high,hybrid,1006,175,157,18,0.8971428571428571,0.9360609861608624,0.27809188767061205,30,0.6579690984902503,0.3219617231682886,11848.946114107654,84.39569142857142,123.831,"{'family': 'hybrid', 'alpha': 0.1}"
test,cpu_heavy,hetero,high,balance,1006,175,158,17,0.9028571428571428,0.9568349188613283,0.2561108010400614,30,0.7007241178212669,0.4143279449994494,17620.001016925773,56.75368571428571,95.689,"{'family': 'balance', 'lam': 0.8}"
test,cpu_heavy,hetero,high,wmatch,1006,175,159,16,0.9085714285714286,0.973678444196121,0.2601276848173279,30,0.7135507593787931,0.4935552719975899,14122.432450993343,70.80933142857143,138.309,"{'family': 'wmatch', 'lam': 0.8}"
test,cpu_heavy,hetero,high,d1_cheap,1006,175,159,16,0.9085714285714286,0.9567961666419836,0.2829699543225577,30,0.673826212319426,0.41698072671193115,8649.961038104066,115.60745714285714,169.687,"{'family': 'd_cheap', 'alpha': 0.0, 'beta': 0.8, 'gamma': 0.2}"
test,cpu_heavy,hetero,high,d1_cheap_nomad_ff,1006,175,159,16,0.9085714285714286,0.9659387887087948,0.2586279931322765,30,0.7073107955765182,0.4974212622876847,14922.213061404565,67.01418857142858,127.118,{'derived_from': 'd1_cheap'}
test,cpu_heavy,hetero,high,d2_capacity,1006,175,155,20,0.8857142857142857,0.9240776332963231,0.27647784582110824,30,0.6475997874752148,0.25861488211423206,6311.855735359687,158.43201142857143,228.247,"{'family': 'd_capacity', 'alpha': 0.0, 'beta': 0.8, 'gamma': 0.2}"
test,cpu_heavy,hetero,high,d2_capacity_nomad_ff,1006,175,159,16,0.9085714285714286,0.9661227367941232,0.2565274208228605,30,0.7095953159712626,0.46566947888710986,10455.924305799817,95.63956,192.309,{'derived_from': 'd2_capacity'}
test,cpu_heavy,hetero,high,ff_only_cheap,1006,175,159,16,0.9085714285714286,0.9659387887087948,0.2586279931322765,30,0.7073107955765182,0.4974212622876847,14770.776954684437,67.70124571428572,129.693,"{'alpha': 0, 'beta': 0, 'gamma': 1}"
test,cpu_heavy,hetero,high,binpack,1007,176,158,18,0.8977272727272727,0.9678706184712282,0.2735189918629795,30,0.6943516266082488,0.4839920387075726,24214.627451077507,41.297352272727274,83.957,{}
test,cpu_heavy,hetero,high,spread,1007,176,160,16,0.9090909090909091,0.9632437920775477,0.2421871251538099,30,0.7210566669237379,0.4773702980720533,15857.29729846614,63.06244886363636,94.838,{}
test,cpu_heavy,hetero,high,tetris,1007,176,160,16,0.9090909090909091,0.9565370463241841,0.3015038374233069,30,0.6550332089008772,0.3692499356203167,15798.681707729775,63.296420454545455,94.316,{}
test,cpu_heavy,hetero,high,hybrid,1007,176,160,16,0.9090909090909091,0.9535648297796416,0.3006225750964434,30,0.6529422546831982,0.3525687463660905,12040.196194996997,83.055125,126.637,"{'family': 'hybrid', 'alpha': 0.1}"
test,cpu_heavy,hetero,high,balance,1007,176,161,15,0.9147727272727273,0.9715381257281263,0.2735694409893376,30,0.6979686847387886,0.48201751844752505,17960.070681041798,55.67906818181818,95.128,"{'family': 'balance', 'lam': 0.8}"
test,cpu_heavy,hetero,high,wmatch,1007,176,159,17,0.9034090909090909,0.9669533095790999,0.27396434142913667,30,0.6929889681499632,0.48465021212758846,14669.237450529872,68.16986931818182,139.972,"{'family': 'wmatch', 'lam': 0.8}"
test,cpu_heavy,hetero,high,d1_cheap,1007,176,160,16,0.9090909090909091,0.9496556888971468,0.2992300372585095,30,0.6504256516386373,0.31122188031947706,9173.808859105515,109.00597727272728,158.727,"{'family': 'd_cheap', 'alpha': 0.0, 'beta': 0.8, 'gamma': 0.2}"
test,cpu_heavy,hetero,high,d1_cheap_nomad_ff,1007,176,161,15,0.9147727272727273,0.9753918326484644,0.2685772340885176,30,0.7068145985599468,0.4800429981874775,15476.271709867742,64.61504545454545,122.239,{'derived_from': 'd1_cheap'}
test,cpu_heavy,hetero,high,d2_capacity,1007,176,160,16,0.9090909090909091,0.9545340164608759,0.3002279081211432,30,0.6543061083397327,0.412098120059853,6727.962225244454,148.63341477272726,226.123,"{'family': 'd_capacity', 'alpha': 0.0, 'beta': 0.8, 'gamma': 0.2}"
test,cpu_heavy,hetero,high,d2_capacity_nomad_ff,1007,176,160,16,0.9090909090909091,0.9789004892896415,0.27489137452759915,30,0.7040091147620424,0.47938482476746164,11120.631747925101,89.92294886363636,182.542,{'derived_from': 'd2_capacity'}
test,cpu_heavy,hetero,high,ff_only_cheap,1007,176,161,15,0.9147727272727273,0.9753918326484644,0.2685772340885176,30,0.7068145985599468,0.4800429981874775,15292.726683609733,65.3905625,123.731,"{'alpha': 0, 'beta': 0, 'gamma': 1}"
test,cpu_heavy,hetero,high,binpack,1008,169,151,18,0.893491124260355,0.9683921415111364,0.2393380703513853,30,0.7290540711597512,0.5120845766006764,24708.014139416944,40.472698224852074,79.358,{}
test,cpu_heavy,hetero,high,spread,1008,169,150,19,0.8875739644970414,0.9427022326361418,0.20675742983883946,30,0.7359448027973023,0.4270814282314417,16222.43745482435,61.64301775147929,94.868,{}
test,cpu_heavy,hetero,high,tetris,1008,169,148,21,0.8757396449704142,0.9214480321210659,0.24957908888191654,30,0.6718689432391493,0.22658190861816252,15671.638192505581,63.80953846153846,93.575,{}
test,cpu_heavy,hetero,high,hybrid,1008,169,148,21,0.8757396449704142,0.9232956989209569,0.2518706815783422,30,0.6714250173426147,0.23989994107739082,12047.907613507687,83.00196449704143,126.567,"{'family': 'hybrid', 'alpha': 0.1}"
test,cpu_heavy,hetero,high,balance,1008,169,152,17,0.8994082840236687,0.9583427578615754,0.23976976030847355,30,0.7185729975531018,0.44171237193312124,17812.943643746188,56.13895266272189,94.507,"{'family': 'balance', 'lam': 0.8}"
test,cpu_heavy,hetero,high,wmatch,1008,169,150,19,0.8875739644970414,0.9654500737917562,0.23527994779381653,30,0.7301701259979397,0.513387421522971,14832.60483886964,67.41904142011835,138.6,"{'family': 'wmatch', 'lam': 0.8}"
test,cpu_heavy,hetero,high,d1_cheap,1008,169,150,19,0.8875739644970414,0.9334728586866851,0.2538989090041417,30,0.6795739496825435,0.32145945867450754,9194.20166855719,108.76420118343195,159.728,"{'family': 'd_cheap', 'alpha': 0.0, 'beta': 0.8, 'gamma': 0.2}"
test,cpu_heavy,hetero,high,d1_cheap_nomad_ff,1008,169,151,18,0.893491124260355,0.9688987335412675,0.24039188851805413,30,0.7285068450232134,0.5120845766006764,15749.029431115236,63.49597633136094,122.92,{'derived_from': 'd1_cheap'}
test,cpu_heavy,hetero,high,d2_capacity,1008,169,148,21,0.8757396449704142,0.9245560970926316,0.24863721837415823,30,0.6759188787184734,0.22726002801699335,6680.081376830386,149.698775147929,221.545,"{'family': 'd_capacity', 'alpha': 0.0, 'beta': 0.8, 'gamma': 0.2}"
test,cpu_heavy,hetero,high,d2_capacity_nomad_ff,1008,169,149,20,0.8816568047337278,0.9627146502385592,0.23405811947448732,30,0.7286565307640719,0.5146902664452656,11452.942670973967,87.3138047337278,171.962,{'derived_from': 'd2_capacity'}
test,cpu_heavy,hetero,high,ff_only_cheap,1008,169,151,18,0.893491124260355,0.9688987335412675,0.24039188851805413,30,0.7285068450232134,0.5120845766006764,15745.386112737151,63.51066863905326,117.61,"{'alpha': 0, 'beta': 0, 'gamma': 1}"
test,cpu_heavy,hetero,high,binpack,1009,168,147,21,0.875,0.9678780284289921,0.2515918123732915,30,0.7162862160557008,0.4950359998964276,25612.38370948727,39.04361309523809,80.51,{}
test,cpu_heavy,hetero,high,spread,1009,168,150,18,0.8928571428571429,0.9660641973680008,0.21972476948416902,30,0.7463394278838318,0.4950359998964276,16869.627701374655,59.278130952380955,95.889,{}
test,cpu_heavy,hetero,high,tetris,1009,168,150,18,0.8928571428571429,0.9590532077190643,0.2621358178783491,30,0.6972379523925116,0.42736614607715223,16543.387248691917,60.447113095238095,95.058,{}
test,cpu_heavy,hetero,high,hybrid,1009,168,148,20,0.8809523809523809,0.9493276873236703,0.26622165858958086,30,0.6831060287340894,0.380912532723515,12790.417662714097,78.18352976190477,118.823,"{'family': 'hybrid', 'alpha': 0.1}"
test,cpu_heavy,hetero,high,balance,1009,168,148,20,0.8809523809523809,0.9659636376416126,0.25926091093438364,30,0.7088240741478499,0.4957230257469087,17610.91021045981,56.78298214285714,96.08,"{'family': 'balance', 'lam': 0.8}"
test,cpu_heavy,hetero,high,wmatch,1009,168,147,21,0.875,0.9682601862717127,0.2506654003515119,30,0.7175947859202007,0.4950359998964276,15479.767759255705,64.60045238095238,137.577,"{'family': 'wmatch', 'lam': 0.8}"
test,cpu_heavy,hetero,high,d1_cheap,1009,168,151,17,0.8988095238095238,0.9635536455428583,0.26828506121881807,30,0.6973899317646611,0.47141563239409046,9469.082627947739,105.60685119047618,158.276,"{'family': 'd_cheap', 'alpha': 0.0, 'beta': 0.8, 'gamma': 0.2}"
test,cpu_heavy,hetero,high,d1_cheap_nomad_ff,1009,168,147,21,0.875,0.9639797436975185,0.25044499740815884,30,0.7135347462893596,0.49709707744787074,16412.678833476668,60.92850595238095,124.303,{'derived_from': 'd1_cheap'}
test,cpu_heavy,hetero,high,d2_capacity,1009,168,150,18,0.8928571428571429,0.9624573154586303,0.2686328301579728,30,0.6959458327412784,0.44441681320016024,6788.429542081636,147.30947619047618,223.489,"{'family': 'd_capacity', 'alpha': 0.0, 'beta': 0.8, 'gamma': 0.2}"
test,cpu_heavy,hetero,high,d2_capacity_nomad_ff,1009,168,147,21,0.875,0.9691142273304295,0.2480715110677039,30,0.7210427162627256,0.4950359998964276,11378.051332620398,87.88851190476191,183.683,{'derived_from': 'd2_capacity'}
test,cpu_heavy,hetero,high,ff_only_cheap,1009,168,147,21,0.875,0.9639797436975185,0.25044499740815884,30,0.7135347462893596,0.49709707744787074,16118.608396106358,62.04009523809523,125.645,"{'alpha': 0, 'beta': 0, 'gamma': 1}"
test,cpu_heavy,hetero,low,binpack,1000,58,58,0,1.0,0.4527224436764063,0.11502326478639384,15,0.33769917889001244,0.23968579376591065,14575.292316282837,68.60925862068966,91.942,{}
test,cpu_heavy,hetero,low,spread,1000,58,58,0,1.0,0.3968726446707518,0.07300150752863396,30,0.3238711371421178,0.0,11862.027441368862,84.30262068965517,98.995,{}
test,cpu_heavy,hetero,low,tetris,1000,58,58,0,1.0,0.389480454993589,0.12360030583941903,30,0.26588014915416996,0.0018899094787420906,11577.835391925697,86.37193103448276,106.8,{}
test,cpu_heavy,hetero,low,hybrid,1000,58,58,0,1.0,0.3908263379424964,0.12303483782588417,30,0.2677915001166122,0.0025225843234130654,9106.182642705264,109.8155,130.324,"{'family': 'hybrid', 'alpha': 0.1}"
test,cpu_heavy,hetero,low,balance,1000,58,58,0,1.0,0.37177528759639694,0.12129421648843883,14,0.25048107110795814,0.0670759335007606,11954.533200212049,83.65027586206897,101.651,"{'family': 'balance', 'lam': 0.8}"
test,cpu_heavy,hetero,low,wmatch,1000,58,58,0,1.0,0.4528464779828386,0.11131659205007363,15,0.34152988593276495,0.23968579376591065,8718.066885911017,114.7043275862069,148.889,"{'family': 'wmatch', 'lam': 0.8}"
test,cpu_heavy,hetero,low,d1_cheap,1000,58,58,0,1.0,0.388009213925546,0.12260230364512892,25,0.2654069102804171,0.011183091948040033,7008.899973692456,142.67574137931035,160.761,"{'family': 'd_cheap', 'alpha': 0.0, 'beta': 0.8, 'gamma': 0.2}"
test,cpu_heavy,hetero,low,d1_cheap_nomad_ff,1000,58,58,0,1.0,0.4529411727954482,0.11280409528532567,15,0.3401370775101225,0.16439732727670062,9514.210950397497,105.10593103448275,137.097,{'derived_from': 'd1_cheap'}
test,cpu_heavy,hetero,low,d2_capacity,1000,58,58,0,1.0,0.3818734629701465,0.12269199007532662,27,0.2591814728948199,0.009917742258698082,5009.473519016091,199.62177586206894,231.172,"{'family': 'd_capacity', 'alpha': 0.0, 'beta': 0.8, 'gamma': 0.2}"
test,cpu_heavy,hetero,low,d2_capacity_nomad_ff,1000,58,58,0,1.0,0.4378075626578257,0.11424711229730873,14,0.32356045036051706,0.15912073926431963,6533.137594523519,153.06581034482758,207.459,{'derived_from': 'd2_capacity'}
test,cpu_heavy,hetero,low,ff_only_cheap,1000,58,58,0,1.0,0.4529411727954482,0.11280409528532567,15,0.3401370775101225,0.16439732727670062,9332.94542608436,107.14731034482757,139.972,"{'alpha': 0, 'beta': 0, 'gamma': 1}"
test,cpu_heavy,hetero,low,binpack,1001,61,61,0,1.0,0.4458135518962013,0.12014742788750635,15,0.32684759631285704,0.1716406691723396,14553.776442541692,68.71068852459017,91.24,{}
test,cpu_heavy,hetero,low,spread,1001,61,61,0,1.0,0.3973860572621961,0.08146260771955768,30,0.3159234495426384,0.0,11916.825248353476,83.91496721311475,101.83,{}
test,cpu_heavy,hetero,low,tetris,1001,61,61,0,1.0,0.3970103194181837,0.12172543171403204,30,0.2752848877041517,0.006797735235333085,11950.916605916174,83.67559016393442,95.939,{}
test,cpu_heavy,hetero,low,hybrid,1001,61,61,0,1.0,0.3860599481838241,0.12260583911420392,28,0.2634541090696202,0.001771104453448087,9093.816130491788,109.96483606557376,129.262,"{'family': 'hybrid', 'alpha': 0.1}"
test,cpu_heavy,hetero,low,balance,1001,61,61,0,1.0,0.37190100406758847,0.12693495104793837,14,0.24496605301965016,0.055030452425137155,12008.379880569772,83.27518032786885,102.983,"{'family': 'balance', 'lam': 0.8}"
test,cpu_heavy,hetero,low,wmatch,1001,61,61,0,1.0,0.44581223647525653,0.12039247117222232,15,0.32660123760719634,0.1716406691723396,8712.235849650804,114.78109836065575,144.54,"{'family': 'wmatch', 'lam': 0.8}"
test,cpu_heavy,hetero,low,d1_cheap,1001,61,61,0,1.0,0.39414566129557504,0.12182618942641346,25,0.2723194718691616,0.0037267106341843646,6892.457549805915,145.08613114754098,165.79,"{'family': 'd_cheap', 'alpha': 0.0, 'beta': 0.8, 'gamma': 0.2}"
test,cpu_heavy,hetero,low,d1_cheap_nomad_ff,1001,61,61,0,1.0,0.44905497216074697,0.11637352326709505,15,0.3326814488936519,0.13075832543617444,9257.432504211372,108.02131147540983,135.213,{'derived_from': 'd1_cheap'}
test,cpu_heavy,hetero,low,d2_capacity,1001,61,61,0,1.0,0.38584371679922586,0.12145402200962006,26,0.2643896947896058,0.0037267106341843646,4933.892313675196,202.679737704918,225.132,"{'family': 'd_capacity', 'alpha': 0.0, 'beta': 0.8, 'gamma': 0.2}"
test,cpu_heavy,hetero,low,d2_capacity_nomad_ff,1001,61,61,0,1.0,0.44471239987768374,0.11711648743492703,14,0.32759591244275665,0.18624958242093956,6442.342879442114,155.22303278688526,193.553,{'derived_from': 'd2_capacity'}
test,cpu_heavy,hetero,low,ff_only_cheap,1001,61,61,0,1.0,0.44905497216074697,0.11637352326709505,15,0.3326814488936519,0.13075832543617444,9293.554280222601,107.60145901639345,132.047,"{'alpha': 0, 'beta': 0, 'gamma': 1}"
test,cpu_heavy,hetero,low,binpack,1002,64,64,0,1.0,0.46157691994843736,0.12466542545414779,15,0.3369114944942896,0.1347840398864093,14765.214630851178,67.72675,89.868,{}
test,cpu_heavy,hetero,low,spread,1002,64,64,0,1.0,0.3897723317887897,0.0864367599247376,30,0.30333557186405213,0.0,11855.711544610263,84.34753125,103.374,{}
test,cpu_heavy,hetero,low,tetris,1002,64,64,0,1.0,0.396798640620536,0.12538081877430082,30,0.2714178218462352,0.0,11512.35464528007,86.863203125,98.374,{}
test,cpu_heavy,hetero,low,hybrid,1002,64,64,0,1.0,0.39844653017263026,0.1368694458131961,27,0.26157708435943416,0.005531990523851953,8979.076227025842,111.37003125,129.302,"{'family': 'hybrid', 'alpha': 0.1}"
test,cpu_heavy,hetero,low,balance,1002,64,64,0,1.0,0.39750940116574707,0.1375295445635428,13,0.25997985660220424,0.08124579410604789,12164.51826701992,82.206296875,103.744,"{'family': 'balance', 'lam': 0.8}"
test,cpu_heavy,hetero,low,wmatch,1002,64,64,0,1.0,0.461220959170059,0.12215585494097131,15,0.33906510422908764,0.1494595224054925,8806.03025944629,113.558546875,141.134,"{'family': 'wmatch', 'lam': 0.8}"
test,cpu_heavy,hetero,low,d1_cheap,1002,64,64,0,1.0,0.39671019097067334,0.13432717034651576,24,0.2623830206241576,0.005111690835628837,6656.713493179052,150.22428125,170.429,"{'family': 'd_cheap', 'alpha': 0.0, 'beta': 0.8, 'gamma': 0.2}"
test,cpu_heavy,hetero,low,d1_cheap_nomad_ff,1002,64,64,0,1.0,0.4634797177039117,0.12015696535681569,15,0.343322752347096,0.18151366530057808,9383.019549521232,106.5755,135.654,{'derived_from': 'd1_cheap'}
test,cpu_heavy,hetero,low,d2_capacity,1002,64,64,0,1.0,0.39054551033073726,0.13706181294245548,25,0.2534836973882818,0.006829473109798776,4747.594508843174,210.632984375,232.835,"{'family': 'd_capacity', 'alpha': 0.0, 'beta': 0.8, 'gamma': 0.2}"
test,cpu_heavy,hetero,low,d2_capacity_nomad_ff,1002,64,64,0,1.0,0.4456124133648125,0.1299848240296249,14,0.3156275893351876,0.13190126559593485,6516.021012131508,153.467890625,195.515,{'derived_from': 'd2_capacity'}
test,cpu_heavy,hetero,low,ff_only_cheap,1002,64,64,0,1.0,0.4634797177039117,0.12015696535681569,15,0.343322752347096,0.18151366530057808,9333.873531263955,107.13665625,137.508,"{'alpha': 0, 'beta': 0, 'gamma': 1}"
test,cpu_heavy,hetero,low,binpack,1003,62,62,0,1.0,0.46654121724794084,0.12223605206314778,15,0.3443051651847931,0.12984122143630297,14977.719434460641,66.76583870967742,88.275,{}
test,cpu_heavy,hetero,low,spread,1003,62,62,0,1.0,0.39228654282864717,0.07989387544162069,30,0.3123926673870265,0.0,11792.111913989096,84.80245161290323,101.42,{}
test,cpu_heavy,hetero,low,tetris,1003,62,62,0,1.0,0.41089092544030864,0.1313872671929521,30,0.27950365824735657,0.0008988112102177131,11938.238485954083,83.76445161290323,98.535,{}
test,cpu_heavy,hetero,low,hybrid,1003,62,62,0,1.0,0.41335454135013466,0.13112124021439028,30,0.2822333011357444,0.004424842490124833,9009.482916712563,110.99416129032258,124.323,"{'family': 'hybrid', 'alpha': 0.1}"
test,cpu_heavy,hetero,low,balance,1003,62,62,0,1.0,0.41336489271408966,0.13204710139893805,15,0.2813177913151516,0.08555819989695053,12386.961484341582,80.73004838709677,100.417,"{'family': 'balance', 'lam': 0.8}"
test,cpu_heavy,hetero,low,wmatch,1003,62,62,0,1.0,0.46674531101019984,0.11843949246728533,15,0.3483058185429145,0.12984122143630297,8850.04512095585,112.99377419354839,147.185,"{'family': 'wmatch', 'lam': 0.8}"
test,cpu_heavy,hetero,low,d1_cheap,1003,62,62,0,1.0,0.41205926791390896,0.13016057753895566,29,0.2818986903749533,0.006911810879509102,6706.58527179789,149.10717741935485,170.189,"{'family': 'd_cheap', 'alpha': 0.0, 'beta': 0.8, 'gamma': 0.2}"
test,cpu_heavy,hetero,low,d1_cheap_nomad_ff,1003,62,62,0,1.0,0.46585896332788734,0.12571842029806893,15,0.3401405430298184,0.13040965007211708,9338.78256316745,107.08033870967742,132.979,{'derived_from': 'd1_cheap'}
test,cpu_heavy,hetero,low,d2_capacity,1003,62,62,0,1.0,0.41240690394275664,0.1280481937305118,30,0.28435871021224485,0.004017662043044905,4756.576811350481,210.2352258064516,236.923,"{'family': 'd_capacity', 'alpha': 0.0, 'beta': 0.8, 'gamma': 0.2}"
test,cpu_heavy,hetero,low,d2_capacity_nomad_ff,1003,62,62,0,1.0,0.45016691898024785,0.12966352669879477,15,0.32050339228145314,0.13259154339543155,6428.805028238007,155.54990322580645,193.231,{'derived_from': 'd2_capacity'}
test,cpu_heavy,hetero,low,ff_only_cheap,1003,62,62,0,1.0,0.46585896332788734,0.12571842029806893,15,0.3401405430298184,0.13040965007211708,9282.833719743763,107.7257258064516,138.8,"{'alpha': 0, 'beta': 0, 'gamma': 1}"
test,cpu_heavy,hetero,low,binpack,1004,66,66,0,1.0,0.450240138840835,0.11244711257470581,15,0.3377930262661292,0.17518313946718975,14753.726769027726,67.77948484848484,89.678,{}
test,cpu_heavy,hetero,low,spread,1004,66,66,0,1.0,0.3962623376436219,0.08582843751086679,30,0.3104339001327551,0.0,11986.82103512738,83.42495454545454,95.318,{}
test,cpu_heavy,hetero,low,tetris,1004,66,66,0,1.0,0.3941786027692684,0.11451287511328448,30,0.2796657276559839,0.0,11587.347178691642,86.3010303030303,100.749,{}
test,cpu_heavy,hetero,low,hybrid,1004,66,66,0,1.0,0.39449559764733105,0.1151777810212927,30,0.2793178166260384,0.0029068071871152902,8999.990590918927,111.11122727272728,126.116,"{'family': 'hybrid', 'alpha': 0.1}"
test,cpu_heavy,hetero,low,balance,1004,66,66,0,1.0,0.3887129293594622,0.12219435788958093,14,0.26651857146988134,0.06199368969523951,12023.182882630963,83.17265151515151,103.153,"{'family': 'balance', 'lam': 0.8}"
test,cpu_heavy,hetero,low,wmatch,1004,66,66,0,1.0,0.450240138840835,0.11244711257470581,15,0.3377930262661292,0.17518313946718975,8844.507922400968,113.06451515151515,143.108,"{'family': 'wmatch', 'lam': 0.8}"
test,cpu_heavy,hetero,low,d1_cheap,1004,66,66,0,1.0,0.39308176242644016,0.11712000930698235,28,0.27596175311945786,0.00368991793069403,6768.687885751113,147.7391212121212,165.47,"{'family': 'd_cheap', 'alpha': 0.0, 'beta': 0.8, 'gamma': 0.2}"
test,cpu_heavy,hetero,low,d1_cheap_nomad_ff,1004,66,66,0,1.0,0.4500847238468207,0.11389206839460227,15,0.3361926554522184,0.20540140830567236,9441.622448401533,105.914,134.561,{'derived_from': 'd1_cheap'}
test,cpu_heavy,hetero,low,d2_capacity,1004,66,66,0,1.0,0.38695505378904294,0.1170379648059877,27,0.2699170889830552,0.007836324298824809,4857.0178572677,205.88765151515153,231.924,"{'family': 'd_capacity', 'alpha': 0.0, 'beta': 0.8, 'gamma': 0.2}"
test,cpu_heavy,hetero,low,d2_capacity_nomad_ff,1004,66,66,0,1.0,0.4499722506702578,0.11528782911276672,15,0.3346844215574911,0.17518313946718977,6557.877441617006,152.48836363636366,197.019,{'derived_from': 'd2_capacity'}
test,cpu_heavy,hetero,low,ff_only_cheap,1004,66,66,0,1.0,0.4500847238468207,0.11389206839460227,15,0.3361926554522184,0.20540140830567236,9428.264336533039,106.06406060606061,130.995,"{'alpha': 0, 'beta': 0, 'gamma': 1}"
test,cpu_heavy,hetero,low,binpack,1005,62,62,0,1.0,0.4788829215445748,0.11809414456591659,16,0.36078877697865824,0.1852191732945308,14978.826703672423,66.76090322580646,90.279,{}
test,cpu_heavy,hetero,low,spread,1005,62,62,0,1.0,0.39775303268192846,0.09064994956106216,30,0.3071030831208663,0.0,11993.796498933421,83.37643548387096,95.158,{}
test,cpu_heavy,hetero,low,tetris,1005,62,62,0,1.0,0.3892423333821328,0.12249293148364986,30,0.26674940189848295,0.0,11755.303869864994,85.06798387096774,100.127,{}
test,cpu_heavy,hetero,low,hybrid,1005,62,62,0,1.0,0.38967251808410164,0.12402212475585246,27,0.2656503933282492,0.0077618450309790855,9162.358018548455,109.14220967741934,128.45,"{'family': 'hybrid', 'alpha': 0.1}"
test,cpu_heavy,hetero,low,balance,1005,62,62,0,1.0,0.3700129704540963,0.1315066649276357,13,0.23850630552646057,0.04906506383215255,11929.629042412525,83.82490322580645,103.614,"{'family': 'balance', 'lam': 0.8}"
test,cpu_heavy,hetero,low,wmatch,1005,62,62,0,1.0,0.478192354057341,0.11875407425651155,16,0.35943827980082954,0.18550811481754423,8933.483300582031,111.93841935483871,143.549,"{'family': 'wmatch', 'lam': 0.8}"
test,cpu_heavy,hetero,low,d1_cheap,1005,62,62,0,1.0,0.3833522052816388,0.12401506930305421,24,0.25933713597858454,0.0036165987338223587,6895.117478344326,145.03016129032258,164.999,"{'family': 'd_cheap', 'alpha': 0.0, 'beta': 0.8, 'gamma': 0.2}"
test,cpu_heavy,hetero,low,d1_cheap_nomad_ff,1005,62,62,0,1.0,0.4860594263183317,0.11131156022944486,16,0.3747478660888868,0.131746302140198,9864.468566075393,101.37393548387097,124.974,{'derived_from': 'd1_cheap'}
test,cpu_heavy,hetero,low,d2_capacity,1005,62,62,0,1.0,0.37340197309803635,0.12302265295846529,24,0.2503793201395711,0.0036165987338223587,5038.561246962642,198.46935483870968,227.966,"{'family': 'd_capacity', 'alpha': 0.0, 'beta': 0.8, 'gamma': 0.2}"
test,cpu_heavy,hetero,low,d2_capacity_nomad_ff,1005,62,62,0,1.0,0.46716698787962935,0.11380398734897297,16,0.35336300053065633,0.1400718111829052,6886.357004963398,145.21466129032257,188.883,{'derived_from': 'd2_capacity'}
test,cpu_heavy,hetero,low,ff_only_cheap,1005,62,62,0,1.0,0.4860594263183317,0.11131156022944486,16,0.3747478660888868,0.131746302140198,9844.979679644362,101.5746129032258,128.781,"{'alpha': 0, 'beta': 0, 'gamma': 1}"
test,cpu_heavy,hetero,low,binpack,1006,63,63,0,1.0,0.46118198269579286,0.11211154565869062,15,0.34907043703710217,0.24575319806729543,14907.784703193107,67.07904761904761,84.538,{}
test,cpu_heavy,hetero,low,spread,1006,63,63,0,1.0,0.3954723861176336,0.08553232481407574,30,0.30994006130355783,0.0,12003.603367410866,83.30831746031745,97.061,{}
test,cpu_heavy,hetero,low,tetris,1006,63,63,0,1.0,0.3766072604601461,0.12420719945128668,28,0.2524000610088594,0.0,11701.289482100929,85.46066666666667,99.746,{}
test,cpu_heavy,hetero,low,hybrid,1006,63,63,0,1.0,0.3794609590356069,0.1307994342671553,26,0.24866152476845158,0.003465294481386314,9186.895578828377,108.85069841269842,125.194,"{'family': 'hybrid', 'alpha': 0.1}"
test,cpu_heavy,hetero,low,balance,1006,63,63,0,1.0,0.37655980394510513,0.13715966775825947,12,0.23940013618684564,0.07356571769525559,12029.420525628393,83.12952380952382,101.45,"{'family': 'balance', 'lam': 0.8}"
test,cpu_heavy,hetero,low,wmatch,1006,63,63,0,1.0,0.4528123549133087,0.11859569231721859,14,0.3342166625960901,0.22340908697600032,8856.791999645728,112.90769841269842,144.671,"{'family': 'wmatch', 'lam': 0.8}"
test,cpu_heavy,hetero,low,d1_cheap,1006,63,63,0,1.0,0.3702308729588447,0.13345780386883957,22,0.23677306909000512,0.003603747120537925,6906.071291702805,144.800126984127,163.105,"{'family': 'd_cheap', 'alpha': 0.0, 'beta': 0.8, 'gamma': 0.2}"
test,cpu_heavy,hetero,low,d1_cheap_nomad_ff,1006,63,63,0,1.0,0.45998308191832066,0.11523574548296636,15,0.34474733643535427,0.21841513433058835,9670.197158435589,103.41050793650794,135.403,{'derived_from': 'd1_cheap'}
test,cpu_heavy,hetero,low,d2_capacity,1006,63,63,0,1.0,0.3715007913911378,0.13316848688056757,22,0.23833230451057025,0.003603747120537925,4968.717976908396,201.25915873015873,230.221,"{'family': 'd_capacity', 'alpha': 0.0, 'beta': 0.8, 'gamma': 0.2}"
test,cpu_heavy,hetero,low,d2_capacity_nomad_ff,1006,63,63,0,1.0,0.4385548995802874,0.12668285848829647,14,0.31187204109199096,0.18054703914413422,6676.0484575149,149.78920634920635,192.41,{'derived_from': 'd2_capacity'}
test,cpu_heavy,hetero,low,ff_only_cheap,1006,63,63,0,1.0,0.45998308191832066,0.11523574548296636,15,0.34474733643535427,0.21841513433058835,9593.633482085412,104.23579365079365,135.053,"{'alpha': 0, 'beta': 0, 'gamma': 1}"
test,cpu_heavy,hetero,low,binpack,1007,64,64,0,1.0,0.4689587045659626,0.12532672633380584,15,0.34363197823215674,0.11932850074899748,14999.988281259155,66.66671875,88.495,{}
test,cpu_heavy,hetero,low,spread,1007,64,64,0,1.0,0.3995897800941724,0.09225109265063357,30,0.30733868744353887,0.0,11861.88173184956,84.30365625,97.432,{}
test,cpu_heavy,hetero,low,tetris,1007,64,64,0,1.0,0.3807004484533102,0.13597898080063242,29,0.24472146765267774,0.0,11767.851186695856,84.97728125,97.743,{}
test,cpu_heavy,hetero,low,hybrid,1007,64,64,0,1.0,0.37911859515495266,0.14723209414568386,27,0.23188650100926875,0.0037266653727557153,9132.016135131009,109.50484375,134.251,"{'family': 'hybrid', 'alpha': 0.1}"
test,cpu_heavy,hetero,low,balance,1007,64,64,0,1.0,0.38348913122738704,0.15664847664583148,13,0.22684065458155553,0.06872284502465868,12247.795875171996,81.64734375,99.767,"{'family': 'balance', 'lam': 0.8}"
test,cpu_heavy,hetero,low,wmatch,1007,64,64,0,1.0,0.4689587045659626,0.12532672633380584,15,0.34363197823215674,0.11932850074899748,8913.234398288436,112.19271875,144.059,"{'family': 'wmatch', 'lam': 0.8}"
test,cpu_heavy,hetero,low,d1_cheap,1007,64,64,0,1.0,0.3772127321499872,0.14650366486583064,24,0.23070906728415655,0.0010539652573314609,6995.763409402786,142.94365625,161.662,"{'family': 'd_cheap', 'alpha': 0.0, 'beta': 0.8, 'gamma': 0.2}"
test,cpu_heavy,hetero,low,d1_cheap_nomad_ff,1007,64,64,0,1.0,0.4683621086048805,0.12966812832703514,15,0.33869398027784536,0.10815195840680664,9586.084839247349,104.317875,134.371,{'derived_from': 'd1_cheap'}
test,cpu_heavy,hetero,low,d2_capacity,1007,64,64,0,1.0,0.3769226092273794,0.1482284471031556,25,0.2286941621242238,0.003979791178215802,4940.8113954874025,202.39590625,233.527,"{'family': 'd_capacity', 'alpha': 0.0, 'beta': 0.8, 'gamma': 0.2}"
test,cpu_heavy,hetero,low,d2_capacity_nomad_ff,1007,64,64,0,1.0,0.45994220379450984,0.13450045300464378,15,0.3254417507898661,0.19918740013139616,6748.068049205225,148.1905625,201.627,{'derived_from': 'd2_capacity'}
test,cpu_heavy,hetero,low,ff_only_cheap,1007,64,64,0,1.0,0.4683621086048805,0.12966812832703514,15,0.33869398027784536,0.10815195840680664,9537.572297405944,104.848484375,131.807,"{'alpha': 0, 'beta': 0, 'gamma': 1}"
test,cpu_heavy,hetero,low,binpack,1008,61,61,0,1.0,0.4613650657799294,0.1098601235134825,15,0.35150494226644685,0.21836357717202962,15038.76549978995,66.49481967213116,89.949,{}
test,cpu_heavy,hetero,low,spread,1008,61,61,0,1.0,0.3963117019606685,0.08805590179369926,30,0.30825580016696924,0.0,11872.390871805232,84.22903278688524,99.586,{}
test,cpu_heavy,hetero,low,tetris,1008,61,61,0,1.0,0.38968721938286727,0.1175574891863611,30,0.2721297301965062,0.0,11568.13460605571,86.44436065573771,100.278,{}
test,cpu_heavy,hetero,low,hybrid,1008,61,61,0,1.0,0.38896581949462194,0.12393119132483732,27,0.26503462816978457,0.002806553500753391,8964.08531869454,111.55627868852459,128.831,"{'family': 'hybrid', 'alpha': 0.1}"
test,cpu_heavy,hetero,low,balance,1008,61,61,0,1.0,0.3774865860978704,0.1249822981920597,13,0.2525042879058107,0.08095598310917854,12016.775418484203,83.217,109.775,"{'family': 'balance', 'lam': 0.8}"
test,cpu_heavy,hetero,low,wmatch,1008,61,61,0,1.0,0.4737908883822434,0.09698807598903623,15,0.37680281239320723,0.24049619926250362,8932.771086172246,111.94734426229508,146.915,"{'family': 'wmatch', 'lam': 0.8}"
test,cpu_heavy,hetero,low,d1_cheap,1008,61,61,0,1.0,0.38458243759188504,0.1249825757323896,25,0.25959986185949546,0.009134306220362208,6765.953897455646,147.79881967213115,167.524,"{'family': 'd_cheap', 'alpha': 0.0, 'beta': 0.8, 'gamma': 0.2}"
test,cpu_heavy,hetero,low,d1_cheap_nomad_ff,1008,61,61,0,1.0,0.4613650657799294,0.1098601235134825,15,0.35150494226644685,0.21836357717202962,9651.90331577689,103.60650819672131,135.213,{'derived_from': 'd1_cheap'}
test,cpu_heavy,hetero,low,d2_capacity,1008,61,61,0,1.0,0.37916889418948035,0.12462324140742494,25,0.25454565278205543,0.002806553500753391,4843.916311102034,206.44452459016392,233.777,"{'family': 'd_capacity', 'alpha': 0.0, 'beta': 0.8, 'gamma': 0.2}"
test,cpu_heavy,hetero,low,d2_capacity_nomad_ff,1008,61,61,0,1.0,0.4429217626159893,0.1154693061189612,14,0.32745245649702814,0.1777671934415969,6579.305710675571,151.9917213114754,190.576,{'derived_from': 'd2_capacity'}
test,cpu_heavy,hetero,low,ff_only_cheap,1008,61,61,0,1.0,0.4613650657799294,0.1098601235134825,15,0.35150494226644685,0.21836357717202962,9656.698051990712,103.55506557377049,130.053,"{'alpha': 0, 'beta': 0, 'gamma': 1}"
test,cpu_heavy,hetero,low,binpack,1009,61,61,0,1.0,0.4640533450140591,0.1365936709034961,15,0.327459674110563,0.16449142528105748,15247.495598847889,65.58454098360656,87.293,{}
test,cpu_heavy,hetero,low,spread,1009,61,61,0,1.0,0.39269444524261504,0.08620507501189893,30,0.30648937023071615,0.0,12064.138497892138,82.89029508196721,92.333,{}
test,cpu_heavy,hetero,low,tetris,1009,61,61,0,1.0,0.3939535603978473,0.12921511965353977,30,0.2647384407443076,0.0006533653952270858,11772.848106713727,84.94121311475409,100.548,{}
test,cpu_heavy,hetero,low,hybrid,1009,61,61,0,1.0,0.40050094927336727,0.1314752488997494,30,0.26902570037361784,0.002714442946670238,9045.018093001765,110.55809836065575,131.696,"{'family': 'hybrid', 'alpha': 0.1}"
test,cpu_heavy,hetero,low,balance,1009,61,61,0,1.0,0.4135941951314092,0.1332924082743918,15,0.2803017868570174,0.09154380711197366,12358.455168792187,80.91626229508196,98.144,"{'family': 'balance', 'lam': 0.8}"
test,cpu_heavy,hetero,low,wmatch,1009,61,61,0,1.0,0.4633049919619633,0.13567698345280152,15,0.3276280085091618,0.16449142528105748,9040.322357146975,110.61552459016393,139.541,"{'family': 'wmatch', 'lam': 0.8}"
test,cpu_heavy,hetero,low,d1_cheap,1009,61,61,0,1.0,0.40493351601314487,0.1328965596616473,28,0.2720369563514976,0.0,6829.746839198761,146.41831147540984,163.706,"{'family': 'd_cheap', 'alpha': 0.0, 'beta': 0.8, 'gamma': 0.2}"
test,cpu_heavy,hetero,low,d1_cheap_nomad_ff,1009,61,61,0,1.0,0.4630916504934076,0.13764278845703073,15,0.3254488620363769,0.14018403192823928,9587.83922482477,104.2987868852459,131.326,{'derived_from': 'd1_cheap'}
test,cpu_heavy,hetero,low,d2_capacity,1009,61,61,0,1.0,0.39776024000082066,0.13371540244345445,29,0.2640448375573662,0.007583589173410005,4891.4636341730475,204.4377868852459,230.581,"{'family': 'd_capacity', 'alpha': 0.0, 'beta': 0.8, 'gamma': 0.2}"
test,cpu_heavy,hetero,low,d2_capacity_nomad_ff,1009,61,61,0,1.0,0.46129348590267066,0.13344586084949067,15,0.32784762505318005,0.12166369827238015,6681.936534747713,149.6572131147541,187.08,{'derived_from': 'd2_capacity'}
test,cpu_heavy,hetero,low,ff_only_cheap,1009,61,61,0,1.0,0.4630916504934076,0.13764278845703073,15,0.3254488620363769,0.14018403192823928,9647.506981394703,103.65372131147541,127.198,"{'alpha': 0, 'beta': 0, 'gamma': 1}"
test,cpu_heavy,hetero,med,binpack,1000,109,109,0,1.0,0.7956108766642953,0.17298294800835515,25,0.6226279286559401,0.4213057036728303,18724.619765674266,53.405623853211004,83.827,{}
test,cpu_heavy,hetero,med,spread,1000,109,109,0,1.0,0.7561799203218659,0.1388670111395042,30,0.6173129091823617,0.14189146489190552,12952.530520439806,77.20499082568807,97.261,{}
test,cpu_heavy,hetero,med,tetris,1000,109,109,0,1.0,0.7411489399037446,0.18962022924484984,30,0.5515287106588947,0.03598483496509872,12614.60484229545,79.27319266055045,100.629,{}
test,cpu_heavy,hetero,med,hybrid,1000,109,109,0,1.0,0.7430628235289619,0.1923224268154578,30,0.550740396713504,0.015033466969324276,9669.189526759703,103.42128440366972,128.671,"{'family': 'hybrid', 'alpha': 0.1}"
test,cpu_heavy,hetero,med,balance,1000,109,109,0,1.0,0.7266050125920669,0.17072254790733477,30,0.5558824646847321,0.1337228096625596,13249.05314851593,75.47709174311926,95.299,"{'family': 'balance', 'lam': 0.8}"
test,cpu_heavy,hetero,med,wmatch,1000,109,109,0,1.0,0.795484285331862,0.17603344962193176,25,0.6194508357099302,0.4213057036728303,11052.585361955948,90.47656880733946,141.265,"{'family': 'wmatch', 'lam': 0.8}"
test,cpu_heavy,hetero,med,d1_cheap,1000,109,109,0,1.0,0.7341368070159909,0.18925789590611472,30,0.5448789111098762,0.027981512182999598,7241.82190685675,138.08679816513762,163.145,"{'family': 'd_cheap', 'alpha': 0.0, 'beta': 0.8, 'gamma': 0.2}"
test,cpu_heavy,hetero,med,d1_cheap_nomad_ff,1000,109,109,0,1.0,0.7939592749621842,0.16928854933206144,25,0.6246707256301228,0.3740146722474033,11843.272863465427,84.43611926605504,128.721,{'derived_from': 'd1_cheap'}
test,cpu_heavy,hetero,med,d2_capacity,1000,109,109,0,1.0,0.7366277219922716,0.18694900174806403,30,0.5496787202442075,0.039073895805962544,5153.475707319269,194.04379816513762,230.692,"{'family': 'd_capacity', 'alpha': 0.0, 'beta': 0.8, 'gamma': 0.2}"
test,cpu_heavy,hetero,med,d2_capacity_nomad_ff,1000,109,109,0,1.0,0.7952952372472059,0.17618566890795437,25,0.6191095683392515,0.4213057036728303,8128.61406384467,123.02220183486239,195.305,{'derived_from': 'd2_capacity'}
test,cpu_heavy,hetero,med,ff_only_cheap,1000,109,109,0,1.0,0.7939592749621842,0.16928854933206144,25,0.6246707256301228,0.3740146722474033,11796.539349900293,84.77062385321102,126.597,"{'alpha': 0, 'beta': 0, 'gamma': 1}"
test,cpu_heavy,hetero,med,binpack,1001,115,115,0,1.0,0.7913862394211069,0.19123065779757326,25,0.6001555816235338,0.39201917869939634,18934.65403917333,52.81321739130434,83.166,{}
test,cpu_heavy,hetero,med,spread,1001,115,115,0,1.0,0.7456959422759881,0.15663797604660715,30,0.5890579662293809,0.1215171365932412,12945.311686520836,77.24804347826087,95.799,{}
test,cpu_heavy,hetero,med,tetris,1001,115,115,0,1.0,0.7426557408417617,0.21021211836055448,30,0.5324436224812071,0.03707489585402836,12657.465753025108,79.00475652173913,99.496,{}
test,cpu_heavy,hetero,med,hybrid,1001,115,115,0,1.0,0.7442108480513604,0.20660049341910636,30,0.537610354632254,0.06770756285036128,9671.648378560765,103.39499130434783,126.537,"{'family': 'hybrid', 'alpha': 0.1}"
test,cpu_heavy,hetero,med,balance,1001,115,115,0,1.0,0.7315922679843466,0.18936917129066502,30,0.5422230966936816,0.09749502730193006,13996.298648395697,71.44746086956522,94.507,"{'family': 'balance', 'lam': 0.8}"
test,cpu_heavy,hetero,med,wmatch,1001,115,115,0,1.0,0.7919209311503227,0.1906574694850087,25,0.601263461665314,0.39201917869939634,11368.913022180353,87.95915652173913,134.221,"{'family': 'wmatch', 'lam': 0.8}"
test,cpu_heavy,hetero,med,d1_cheap,1001,115,115,0,1.0,0.7431464601304502,0.2046073129303299,30,0.5385391472001203,0.024900686887657588,7121.803146425016,140.41387826086955,168.616,"{'family': 'd_cheap', 'alpha': 0.0, 'beta': 0.8, 'gamma': 0.2}"
test,cpu_heavy,hetero,med,d1_cheap_nomad_ff,1001,115,115,0,1.0,0.7928308503202953,0.19117362061176219,25,0.6016572297085331,0.38875983506483586,11888.615048712307,84.11408695652175,130.454,{'derived_from': 'd1_cheap'}
test,cpu_heavy,hetero,med,d2_capacity,1001,115,115,0,1.0,0.7346192441796044,0.2046963073050667,30,0.5299229368745377,0.0054939977815089,5072.602393677262,197.13746956521737,233.226,"{'family': 'd_capacity', 'alpha': 0.0, 'beta': 0.8, 'gamma': 0.2}"
test,cpu_heavy,hetero,med,d2_capacity_nomad_ff,1001,115,115,0,1.0,0.7889764191247591,0.19182844896040194,25,0.5971479701643572,0.3559361057412125,8294.985255844034,120.5547652173913,187.07,{'derived_from': 'd2_capacity'}
test,cpu_heavy,hetero,med,ff_only_cheap,1001,115,115,0,1.0,0.7928308503202953,0.19117362061176219,25,0.6016572297085331,0.38875983506483586,11963.394924358054,83.58831304347827,129.062,"{'alpha': 0, 'beta': 0, 'gamma': 1}"
test,cpu_heavy,hetero,med,binpack,1002,121,121,0,1.0,0.7776846384238758,0.2054055621537051,25,0.5722790762701707,0.344251980524323,18745.484042480675,53.34618181818182,81.883,{}
test,cpu_heavy,hetero,med,spread,1002,121,121,0,1.0,0.7428324677337793,0.16816489268537455,30,0.5746675750484049,0.14719422252314399,12615.441717701862,79.26793388429752,94.337,{}
test,cpu_heavy,hetero,med,tetris,1002,121,121,0,1.0,0.7485274027964294,0.22823627863747367,30,0.5202911241589556,0.02335393149355413,12579.429742221493,79.49485950413222,99.126,{}
test,cpu_heavy,hetero,med,hybrid,1002,121,121,0,1.0,0.7465766298887121,0.22896981525362914,30,0.517606814635083,0.04074650349449234,9708.430166900753,103.00326446280992,127.679,"{'family': 'hybrid', 'alpha': 0.1}"
test,cpu_heavy,hetero,med,balance,1002,121,121,0,1.0,0.7515988279250896,0.2112700916110988,29,0.5403287363139907,0.1715387931218982,14396.576422738692,69.46095867768595,94.306,"{'family': 'balance', 'lam': 0.8}"
test,cpu_heavy,hetero,med,wmatch,1002,121,121,0,1.0,0.7789585098410854,0.20554663786549704,25,0.5734118719755883,0.3054609870821176,11303.159999219053,88.4708347107438,135.403,"{'family': 'wmatch', 'lam': 0.8}"
test,cpu_heavy,hetero,med,d1_cheap,1002,121,121,0,1.0,0.748195127263943,0.22643812947301897,30,0.521756997790924,0.02518899122041252,7137.8677985476625,140.09785950413223,161.301,"{'family': 'd_cheap', 'alpha': 0.0, 'beta': 0.8, 'gamma': 0.2}"
test,cpu_heavy,hetero,med,d1_cheap_nomad_ff,1002,121,121,0,1.0,0.7778712753180194,0.2092667608724189,25,0.5686045144456003,0.2567214166005146,11745.401626728417,85.13970247933884,129.372,{'derived_from': 'd1_cheap'}
test,cpu_heavy,hetero,med,d2_capacity,1002,121,121,0,1.0,0.7473332278229958,0.22422232538267156,30,0.5231109024403243,0.034588467309690805,5153.999151932867,194.02409090909092,227.886,"{'family': 'd_capacity', 'alpha': 0.0, 'beta': 0.8, 'gamma': 0.2}"
test,cpu_heavy,hetero,med,d2_capacity_nomad_ff,1002,121,121,0,1.0,0.7794284837293838,0.21125858901990602,25,0.5681698947094778,0.2761899116960991,8206.615725964688,121.8529090909091,189.695,{'derived_from': 'd2_capacity'}
test,cpu_heavy,hetero,med,ff_only_cheap,1002,121,121,0,1.0,0.7778712753180194,0.2092667608724189,25,0.5686045144456003,0.2567214166005146,11689.083140197801,85.54990909090908,127.899,"{'alpha': 0, 'beta': 0, 'gamma': 1}"
test,cpu_heavy,hetero,med,binpack,1003,117,117,0,1.0,0.7884603003228943,0.19018679385363463,25,0.5982735064692597,0.38987707339942357,18684.842600163534,53.51931623931624,83.376,{}
test,cpu_heavy,hetero,med,spread,1003,117,117,0,1.0,0.7390514081572146,0.15146802907420126,30,0.5875833790830133,0.09812822168330494,12583.870962190738,79.46680341880342,98.013,{}
test,cpu_heavy,hetero,med,tetris,1003,117,117,0,1.0,0.7536748417128029,0.21299236289107176,30,0.5406824788217311,0.039133059110541726,12549.152186786301,79.68665811965812,100.187,{}
test,cpu_heavy,hetero,med,hybrid,1003,117,117,0,1.0,0.7512758451858887,0.2178327867346718,30,0.5334430584512169,0.043485779043551304,9737.989002065036,102.69060683760685,124.273,"{'family': 'hybrid', 'alpha': 0.1}"
test,cpu_heavy,hetero,med,balance,1003,117,117,0,1.0,0.7552589549133064,0.1966094146087782,30,0.5586495403045283,0.13904718019931508,13894.960511591067,71.96853846153847,99.416,"{'family': 'balance', 'lam': 0.8}"
test,cpu_heavy,hetero,med,wmatch,1003,117,117,0,1.0,0.788439108119859,0.18725585106919437,25,0.6011832570506647,0.38987707339942357,11162.096344728276,89.58890598290598,145.311,"{'family': 'wmatch', 'lam': 0.8}"
test,cpu_heavy,hetero,med,d1_cheap,1003,117,117,0,1.0,0.7487785524235002,0.21288178870926283,30,0.5358967637142374,0.023324049925179606,7378.4978967497145,135.52894017094016,163.756,"{'family': 'd_cheap', 'alpha': 0.0, 'beta': 0.8, 'gamma': 0.2}"
test,cpu_heavy,hetero,med,d1_cheap_nomad_ff,1003,117,117,0,1.0,0.7878138991677655,0.18971904642839257,25,0.5980948527393728,0.33697723093836685,12041.218015514647,83.04807692307692,125.826,{'derived_from': 'd1_cheap'}
test,cpu_heavy,hetero,med,d2_capacity,1003,117,117,0,1.0,0.7553859876292506,0.2168623751718605,30,0.53852361245739,0.026408087312966004,5269.6058726649735,189.76751282051282,228.808,"{'family': 'd_capacity', 'alpha': 0.0, 'beta': 0.8, 'gamma': 0.2}"
test,cpu_heavy,hetero,med,d2_capacity_nomad_ff,1003,117,117,0,1.0,0.7848282978159656,0.19033813364816357,25,0.5944901641678021,0.38559481113670147,8403.763938127324,118.99429914529914,187.01,{'derived_from': 'd2_capacity'}
test,cpu_heavy,hetero,med,ff_only_cheap,1003,117,117,0,1.0,0.7878138991677655,0.18971904642839257,25,0.5980948527393728,0.33697723093836685,11899.358278795456,84.0381452991453,129.262,"{'alpha': 0, 'beta': 0, 'gamma': 1}"
test,cpu_heavy,hetero,med,binpack,1004,124,124,0,1.0,0.7789856329679744,0.19476789774015366,25,0.5842177352278208,0.34560383296598046,18556.04073948815,53.8908064516129,83.867,{}
test,cpu_heavy,hetero,med,spread,1004,124,124,0,1.0,0.7457915479534687,0.16214338326671504,30,0.5836481646867536,0.06321662355379365,12463.906186188446,80.23166935483871,99.937,{}
test,cpu_heavy,hetero,med,tetris,1004,124,124,0,1.0,0.7483831099424978,0.1987204184459035,30,0.5496626914965943,0.05149962911913619,12398.998160948595,80.65167741935484,96.06,{}
test,cpu_heavy,hetero,med,hybrid,1004,124,124,0,1.0,0.7458382087837395,0.20000918237519974,30,0.5458290264085398,0.03568310088436777,9375.879461274064,106.65666129032257,127.789,"{'family': 'hybrid', 'alpha': 0.1}"
test,cpu_heavy,hetero,med,balance,1004,124,124,0,1.0,0.7342976681603357,0.1961309160495973,28,0.5381667521107385,0.15179461588959933,13894.507075553622,71.97088709677419,96.361,"{'family': 'balance', 'lam': 0.8}"
test,cpu_heavy,hetero,med,wmatch,1004,124,124,0,1.0,0.7789856329679744,0.19476789774015366,25,0.5842177352278208,0.34560383296598046,11201.497965482766,89.27377419354839,137.948,"{'family': 'wmatch', 'lam': 0.8}"
test,cpu_heavy,hetero,med,d1_cheap,1004,124,124,0,1.0,0.7382340274427669,0.19906982639544035,30,0.5391642010473265,0.01878439977046832,7065.3342281996975,141.53612096774194,162.614,"{'family': 'd_cheap', 'alpha': 0.0, 'beta': 0.8, 'gamma': 0.2}"
test,cpu_heavy,hetero,med,d1_cheap_nomad_ff,1004,124,124,0,1.0,0.7807693430412981,0.19518541973534945,25,0.5855839233059487,0.344364233784965,11642.667748308057,85.89096774193548,132.117,{'derived_from': 'd1_cheap'}
test,cpu_heavy,hetero,med,d2_capacity,1004,124,124,0,1.0,0.7439838708336952,0.1983036717066215,30,0.5456801991270737,0.03328577902686617,4965.839032167584,201.37583870967742,234.97,"{'family': 'd_capacity', 'alpha': 0.0, 'beta': 0.8, 'gamma': 0.2}"
test,cpu_heavy,hetero,med,d2_capacity_nomad_ff,1004,124,124,0,1.0,0.775421855768771,0.19261014962944953,25,0.5828117061393214,0.34105848223969604,8218.012199374014,121.68392741935483,193.192,{'derived_from': 'd2_capacity'}
test,cpu_heavy,hetero,med,ff_only_cheap,1004,124,124,0,1.0,0.7807693430412981,0.19518541973534945,25,0.5855839233059487,0.344364233784965,11475.418635302496,87.14279032258065,128.761,"{'alpha': 0, 'beta': 0, 'gamma': 1}"
test,cpu_heavy,hetero,med,binpack,1005,116,116,0,1.0,0.7891758908627917,0.20797422092663082,25,0.581201669936161,0.3715257393842511,18242.64510805386,54.81661206896551,83.476,{}
test,cpu_heavy,hetero,med,spread,1005,116,116,0,1.0,0.7418040173519552,0.17414615444844891,30,0.5676578629035063,0.11138385378851563,12669.21594591206,78.93148275862069,96.872,{}
test,cpu_heavy,hetero,med,tetris,1005,116,116,0,1.0,0.7284277533263771,0.21369257732229194,30,0.5148748824050053,0.0071274554997120005,12469.861366316261,80.19335344827586,94.237,{}
test,cpu_heavy,hetero,med,hybrid,1005,116,116,0,1.0,0.7359139232513797,0.21334920161665774,30,0.522564721634722,0.03995910295794141,9640.012033394332,103.73431034482758,125.534,"{'family': 'hybrid', 'alpha': 0.1}"
test,cpu_heavy,hetero,med,balance,1005,116,116,0,1.0,0.7243926955623291,0.21712099888726366,29,0.5072716966750654,0.13376196170263308,13513.929132955627,73.99772413793103,97.953,"{'family': 'balance', 'lam': 0.8}"
test,cpu_heavy,hetero,med,wmatch,1005,116,116,0,1.0,0.7891758908627917,0.20927096328986264,25,0.5799049275729291,0.3715257393842511,11195.539851344465,89.32128448275863,138.82,"{'family': 'wmatch', 'lam': 0.8}"
test,cpu_heavy,hetero,med,d1_cheap,1005,116,116,0,1.0,0.7306556190877729,0.21142276974092492,30,0.519232849346848,0.034116180900672824,7173.126499940945,139.40922413793103,164.678,"{'family': 'd_cheap', 'alpha': 0.0, 'beta': 0.8, 'gamma': 0.2}"
test,cpu_heavy,hetero,med,d1_cheap_nomad_ff,1005,116,116,0,1.0,0.7813773559596578,0.21342266670025042,25,0.5679546892594075,0.2532095065463127,11469.393429263604,87.18856896551725,135.223,{'derived_from': 'd1_cheap'}
test,cpu_heavy,hetero,med,d2_capacity,1005,116,116,0,1.0,0.7277156394472061,0.21092297143472633,30,0.5167926680124798,0.04545268454610133,5165.387468850153,193.59631896551724,225.161,"{'family': 'd_capacity', 'alpha': 0.0, 'beta': 0.8, 'gamma': 0.2}"
test,cpu_heavy,hetero,med,d2_capacity_nomad_ff,1005,116,116,0,1.0,0.7822042931695571,0.2125808510247306,25,0.5696234421448264,0.3561082915991629,8257.704741068634,121.09902586206897,187.611,{'derived_from': 'd2_capacity'}
test,cpu_heavy,hetero,med,ff_only_cheap,1005,116,116,0,1.0,0.7813773559596578,0.21342266670025042,25,0.5679546892594075,0.2532095065463127,11455.25144276917,87.29620689655172,127.519,"{'alpha': 0, 'beta': 0, 'gamma': 1}"
test,cpu_heavy,hetero,med,binpack,1006,119,119,0,1.0,0.7785760156058184,0.2050863688117087,25,0.5734896467941097,0.37277934285124115,18886.25380681013,52.948563025210085,82.264,{}
test,cpu_heavy,hetero,med,spread,1006,119,119,0,1.0,0.7409975805957871,0.16370085830088163,30,0.5772967222949055,0.16054115293395166,12606.503769450565,79.32413445378151,97.362,{}
test,cpu_heavy,hetero,med,tetris,1006,119,119,0,1.0,0.7354639881485963,0.2221734314551262,30,0.51329055669347,0.007636026185694379,12494.346045927956,80.03620168067226,98.394,{}
test,cpu_heavy,hetero,med,hybrid,1006,119,119,0,1.0,0.7306831230118226,0.2238396866586829,30,0.5068434363531397,0.031131645116707348,9841.55835370081,101.6099243697479,120.375,"{'family': 'hybrid', 'alpha': 0.1}"
test,cpu_heavy,hetero,med,balance,1006,119,119,0,1.0,0.7048026781601994,0.21451210941273074,26,0.4902905687474687,0.16145854424088285,14457.552625491559,69.168,98.054,"{'family': 'balance', 'lam': 0.8}"
test,cpu_heavy,hetero,med,wmatch,1006,119,119,0,1.0,0.7782452501849713,0.2072557196568621,25,0.5709895305281091,0.37277934285124115,11298.53063083874,88.50708403361344,140.192,"{'family': 'wmatch', 'lam': 0.8}"
test,cpu_heavy,hetero,med,d1_cheap,1006,119,119,0,1.0,0.7348091666652582,0.2188772750857553,30,0.515931891579503,0.015741212308547012,7336.669401168713,136.30163025210084,158.286,"{'family': 'd_cheap', 'alpha': 0.0, 'beta': 0.8, 'gamma': 0.2}"
test,cpu_heavy,hetero,med,d1_cheap_nomad_ff,1006,119,119,0,1.0,0.7780525078795247,0.20497292776062892,25,0.5730795801188958,0.3859784224929828,12058.54575964785,82.92873949579833,127.579,{'derived_from': 'd1_cheap'}
test,cpu_heavy,hetero,med,d2_capacity,1006,119,119,0,1.0,0.7323603331217511,0.22098641899997684,30,0.5113739141217742,0.032740198721654845,5269.028865289839,189.78829411764704,227.456,"{'family': 'd_capacity', 'alpha': 0.0, 'beta': 0.8, 'gamma': 0.2}"
test,cpu_heavy,hetero,med,d2_capacity_nomad_ff,1006,119,119,0,1.0,0.7730575650679198,0.20805875183539727,24,0.5649988132325225,0.3565300990488787,8322.580419555965,120.15504201680672,185.126,{'derived_from': 'd2_capacity'}
test,cpu_heavy,hetero,med,ff_only_cheap,1006,119,119,0,1.0,0.7780525078795247,0.20497292776062892,25,0.5730795801188958,0.3859784224929828,12034.173817561521,83.09668907563025,127.208,"{'alpha': 0, 'beta': 0, 'gamma': 1}"
test,cpu_heavy,hetero,med,binpack,1007,120,120,0,1.0,0.780374156478408,0.21631280305948292,25,0.5640613534189252,0.35516964950701785,19019.521478349365,52.577558333333336,82.414,{}
test,cpu_heavy,hetero,med,spread,1007,120,120,0,1.0,0.749805815485243,0.1722413263897703,30,0.5775644890954728,0.07212951462495555,12603.642641778115,79.34214166666666,99.416,{}
test,cpu_heavy,hetero,med,tetris,1007,120,120,0,1.0,0.7327072991276692,0.24044880950543324,30,0.4922584896222359,0.018061649068767827,12641.513846566153,79.10445,94.888,{}
test,cpu_heavy,hetero,med,hybrid,1007,120,120,0,1.0,0.7392878355248574,0.24618259686963134,30,0.4931052386552261,0.02502796390476882,9928.11958684792,100.72400833333333,120.987,"{'family': 'hybrid', 'alpha': 0.1}"
test,cpu_heavy,hetero,med,balance,1007,120,120,0,1.0,0.706493581231751,0.22972141472411675,27,0.47677216650763427,0.14547737892732018,14173.021889051222,70.55658333333332,100.629,"{'family': 'balance', 'lam': 0.8}"
test,cpu_heavy,hetero,med,wmatch,1007,120,120,0,1.0,0.7803228238333143,0.21862699594286006,25,0.5616958278904544,0.35516964950701785,11425.461526757765,87.52381666666666,141.384,"{'family': 'wmatch', 'lam': 0.8}"
test,cpu_heavy,hetero,med,d1_cheap,1007,120,120,0,1.0,0.7318503559379508,0.24232388144664305,30,0.48952647449130765,0.020333124703872527,7372.426608414666,135.64055,163.506,"{'family': 'd_cheap', 'alpha': 0.0, 'beta': 0.8, 'gamma': 0.2}"
test,cpu_heavy,hetero,med,d1_cheap_nomad_ff,1007,120,120,0,1.0,0.7792321573021748,0.21600595513262977,25,0.563226202169545,0.28864289457317643,12063.051155781035,82.89776666666667,126.898,{'derived_from': 'd1_cheap'}
test,cpu_heavy,hetero,med,d2_capacity,1007,120,120,0,1.0,0.7362244355951509,0.2440338296468307,30,0.4921906059483202,0.02936687314501823,5327.655473306914,187.699825,219.24,"{'family': 'd_capacity', 'alpha': 0.0, 'beta': 0.8, 'gamma': 0.2}"
test,cpu_heavy,hetero,med,d2_capacity_nomad_ff,1007,120,120,0,1.0,0.7780953435792042,0.226781390130909,25,0.5513139534482951,0.335405222114199,8422.65973416261,118.72734166666666,186.8,{'derived_from': 'd2_capacity'}
test,cpu_heavy,hetero,med,ff_only_cheap,1007,120,120,0,1.0,0.7792321573021748,0.21600595513262977,25,0.563226202169545,0.28864289457317643,11928.638115338797,83.83186666666667,128.921,"{'alpha': 0, 'beta': 0, 'gamma': 1}"
test,cpu_heavy,hetero,med,binpack,1008,115,115,0,1.0,0.783230209151295,0.19097283884591637,25,0.5922573703053787,0.39047470022478054,19107.332031597878,52.33593043478261,82.525,{}
test,cpu_heavy,hetero,med,spread,1008,115,115,0,1.0,0.759004038157783,0.15642977739654212,30,0.6025742607612408,0.12753919683422768,12665.622285151398,78.95387826086956,101.2,{}
test,cpu_heavy,hetero,med,tetris,1008,115,115,0,1.0,0.7447175543039546,0.20514075629344836,30,0.5395767980105062,0.024993115828416138,12681.726382159302,78.85361739130434,95.779,{}
test,cpu_heavy,hetero,med,hybrid,1008,115,115,0,1.0,0.7421967670223126,0.20585936165889035,30,0.5363374053634223,0.022438984600576133,9754.327507398659,102.5186,123.602,"{'family': 'hybrid', 'alpha': 0.1}"
test,cpu_heavy,hetero,med,balance,1008,115,115,0,1.0,0.7268562455086739,0.20004054893368442,29,0.5268156965749894,0.16197372663583506,13660.570923961817,73.20338260869565,95.609,"{'family': 'balance', 'lam': 0.8}"
test,cpu_heavy,hetero,med,wmatch,1008,115,115,0,1.0,0.7809194898492672,0.19372122703095732,25,0.5871982628183098,0.3820080929103695,11426.602362385453,87.51507826086956,138.268,"{'family': 'wmatch', 'lam': 0.8}"
test,cpu_heavy,hetero,med,d1_cheap,1008,115,115,0,1.0,0.7379983749439282,0.20530677354453802,30,0.5326916013993902,0.026219758205704626,7226.297085766343,138.38346086956523,163.525,"{'family': 'd_cheap', 'alpha': 0.0, 'beta': 0.8, 'gamma': 0.2}"
test,cpu_heavy,hetero,med,d1_cheap_nomad_ff,1008,115,115,0,1.0,0.7803812417292932,0.19013653865532565,25,0.5902447030739676,0.31771482179194427,12044.691040582755,83.0241304347826,127.489,{'derived_from': 'd1_cheap'}
test,cpu_heavy,hetero,med,d2_capacity,1008,115,115,0,1.0,0.7376986029437667,0.2053389335823703,30,0.5323596693613964,0.032187006828883785,5214.0976505275985,191.78773913043477,229.199,"{'family': 'd_capacity', 'alpha': 0.0, 'beta': 0.8, 'gamma': 0.2}"
test,cpu_heavy,hetero,med,d2_capacity_nomad_ff,1008,115,115,0,1.0,0.7809031150430904,0.19438217927001464,25,0.5865209357730757,0.37854863077847656,8616.395021701703,116.05781739130434,186.569,{'derived_from': 'd2_capacity'}
test,cpu_heavy,hetero,med,ff_only_cheap,1008,115,115,0,1.0,0.7803812417292932,0.19013653865532565,25,0.5902447030739676,0.31771482179194427,11763.59270350376,85.00804347826086,139.621,"{'alpha': 0, 'beta': 0, 'gamma': 1}"
test,cpu_heavy,hetero,med,binpack,1009,114,114,0,1.0,0.7897244434342201,0.2073087063391033,25,0.5824157370951167,0.27892907052264937,19345.123450735606,51.692614035087715,82.625,{}
test,cpu_heavy,hetero,med,spread,1009,114,114,0,1.0,0.7451395429985607,0.16230705301647744,30,0.5828324899820833,0.061027225984784016,12413.911159518104,80.55478947368421,96.21,{}
test,cpu_heavy,hetero,med,tetris,1009,114,114,0,1.0,0.7419358057443625,0.21874760867559137,30,0.5231881970687711,0.006022508518749483,12599.03226170091,79.3711754385965,93.635,{}
test,cpu_heavy,hetero,med,hybrid,1009,114,114,0,1.0,0.7405070061596885,0.22264493276406083,30,0.5178620733956276,0.02646597349566456,9875.38134997849,101.26191228070175,127.388,"{'family': 'hybrid', 'alpha': 0.1}"
test,cpu_heavy,hetero,med,balance,1009,114,114,0,1.0,0.7592254412141498,0.21254688680748338,30,0.5466785544066665,0.11069434514818516,13952.965776312416,71.66935087719298,98.805,"{'family': 'balance', 'lam': 0.8}"
test,cpu_heavy,hetero,med,wmatch,1009,114,114,0,1.0,0.7903109276261174,0.20512347840534179,25,0.5851874492207756,0.28612085663236586,11675.206807341985,85.65158771929825,137.989,"{'family': 'wmatch', 'lam': 0.8}"
test,cpu_heavy,hetero,med,d1_cheap,1009,114,114,0,1.0,0.7457213429885585,0.2204321747700341,30,0.5252891682185244,0.017083508569734982,7396.1397081483265,135.20566666666664,160.27,"{'family': 'd_cheap', 'alpha': 0.0, 'beta': 0.8, 'gamma': 0.2}"
test,cpu_heavy,hetero,med,d1_cheap_nomad_ff,1009,114,114,0,1.0,0.7913683163672462,0.2064014530962779,25,0.5849668632709685,0.2802374259506198,12522.063271349487,79.85904385964913,119.955,{'derived_from': 'd1_cheap'}
test,cpu_heavy,hetero,med,d2_capacity,1009,114,114,0,1.0,0.740788701647758,0.22076967994867483,30,0.5200190216990832,0.022283853119405842,5420.259331832271,184.49301754385965,228.778,"{'family': 'd_capacity', 'alpha': 0.0, 'beta': 0.8, 'gamma': 0.2}"
test,cpu_heavy,hetero,med,d2_capacity_nomad_ff,1009,114,114,0,1.0,0.7906220052203229,0.20915696228775074,25,0.5814650429325722,0.2775194651372045,8793.570696490138,113.71944736842106,183.343,{'derived_from': 'd2_capacity'}
test,cpu_heavy,hetero,med,ff_only_cheap,1009,114,114,0,1.0,0.7913683163672462,0.2064014530962779,25,0.5849668632709685,0.2802374259506198,12417.49175816216,80.53156140350877,127.288,"{'alpha': 0, 'beta': 0, 'gamma': 1}"
