split,family,cluster_config,load,policy,seed,submitted,placed,rejected,admission_rate,mean_cpu_util,mean_ram_util,active_nodes,free_imbalance,stranded_frac,decisions_per_sec,mean_latency_us,p95_latency_us,params
tune,drift,hetero,med,binpack,0,173,173,0,1.0,0.7909188412607023,0.5033332055153737,28,0.5323225822998576,0.2788108001938603,20285.07209818819,49.29733526011561,99.196,{}
tune,drift,hetero,med,hybrid_a0.1,0,173,173,0,1.0,0.7398074434457876,0.5819783068549381,30,0.16574239696729476,0.024073981361558312,10830.810839575657,92.32919075144508,122.248,"{'family': 'hybrid', 'alpha': 0.1}"
tune,drift,hetero,med,hybrid_a0.2,0,173,173,0,1.0,0.7528635182676119,0.5846475620729176,30,0.1805302378817139,0.03829494969041369,11369.668471639874,87.95331213872832,113.462,"{'family': 'hybrid', 'alpha': 0.2}"
tune,drift,hetero,med,hybrid_a0.3,0,173,173,0,1.0,0.745067734078119,0.5628597209477151,27,0.18731122850549403,0.053392796871441064,11837.365005286787,84.47826011560694,110.767,"{'family': 'hybrid', 'alpha': 0.3}"
tune,drift,hetero,med,hybrid_a0.4,0,173,173,0,1.0,0.7778829551264511,0.5123549814602447,24,0.28479705243569137,0.14903294928433014,13231.904032747816,75.5749132947977,112.621,"{'family': 'hybrid', 'alpha': 0.4}"
tune,drift,hetero,med,hybrid_a0.5,0,173,173,0,1.0,0.7868865017911666,0.4750808622105342,26,0.407273820505788,0.19905665146706694,15314.144444780824,65.29910982658959,107.972,"{'family': 'hybrid', 'alpha': 0.5}"
tune,drift,hetero,med,hybrid_a0.6,0,173,173,0,1.0,0.7904652624984483,0.4900003216173248,27,0.45604822508524306,0.23292310279040973,15422.907260810543,64.83861849710982,112.03,"{'family': 'hybrid', 'alpha': 0.6}"
tune,drift,hetero,med,hybrid_a0.7,0,173,173,0,1.0,0.7884828426684868,0.4876042607763224,27,0.49956102699997024,0.25105207035091154,16326.1577510746,61.25139884393064,108.452,"{'family': 'hybrid', 'alpha': 0.7}"
tune,drift,hetero,med,hybrid_a0.8,0,173,173,0,1.0,0.7918808652453612,0.4893020472409608,28,0.5315993056218546,0.25666237175764967,16758.996141943466,59.6694450867052,107.341,"{'family': 'hybrid', 'alpha': 0.8}"
tune,drift,hetero,med,hybrid_a0.9,0,173,173,0,1.0,0.790796077609189,0.48657455970513286,28,0.5488868332102651,0.2814081170496136,17188.593847834643,58.178115606936416,104.546,"{'family': 'hybrid', 'alpha': 0.9}"
tune,drift,hetero,med,balance_l0.05,0,173,173,0,1.0,0.7907942983490435,0.49052615453564735,28,0.5450050903679251,0.2788108001938603,20319.122984369427,49.2147225433526,91.381,"{'family': 'balance', 'lam': 0.05}"
tune,drift,hetero,med,balance_l0.1,0,173,173,0,1.0,0.7909199554090064,0.5017192554006809,28,0.5334441200156425,0.28397187744534075,20352.079206057155,49.1350289017341,92.182,"{'family': 'balance', 'lam': 0.1}"
tune,drift,hetero,med,balance_l0.2,0,173,173,0,1.0,0.7905201288317678,0.49801081700669597,28,0.5353966536921522,0.25816369706110137,20180.153950078497,49.553635838150285,89.527,"{'family': 'balance', 'lam': 0.2}"
tune,drift,hetero,med,balance_l0.4,0,173,173,0,1.0,0.7834323802648238,0.4821391598224282,27,0.4558072229405443,0.22178634548825774,18622.132285815067,53.699543352601154,92.763,"{'family': 'balance', 'lam': 0.4}"
tune,drift,hetero,med,balance_l0.8,0,173,173,0,1.0,0.7604079904239228,0.5076771292326833,24,0.297994401626814,0.14533235682573825,16323.289446644261,61.26216184971098,91.171,"{'family': 'balance', 'lam': 0.8}"
tune,drift,hetero,med,wmatch_l0.05,0,173,173,0,1.0,0.7909188412607023,0.5033332055153737,28,0.5323225822998576,0.2788108001938603,13612.764839093972,73.46046242774565,133.721,"{'family': 'wmatch', 'lam': 0.05}"
tune,drift,hetero,med,wmatch_l0.1,0,173,173,0,1.0,0.7909188412607023,0.5033332055153737,28,0.5323225822998576,0.2788108001938603,13957.641703948899,71.64534104046243,130.284,"{'family': 'wmatch', 'lam': 0.1}"
tune,drift,hetero,med,wmatch_l0.2,0,173,173,0,1.0,0.7916121023808805,0.4979421969408975,29,0.57592236304883,0.31132650493790925,14278.682241049908,70.0344739884393,131.677,"{'family': 'wmatch', 'lam': 0.2}"
tune,drift,hetero,med,wmatch_l0.4,0,173,173,0,1.0,0.7913076467727608,0.5096548705004379,28,0.5261362397549579,0.29331291776805485,14161.832747445487,70.61232947976879,131.687,"{'family': 'wmatch', 'lam': 0.4}"
tune,drift,hetero,med,wmatch_l0.8,0,173,173,0,1.0,0.7909032133004541,0.5031690841250582,28,0.5233726916170375,0.2636845576917505,13746.357612526253,72.74654335260117,130.444,"{'family': 'wmatch', 'lam': 0.8}"
tune,drift,hetero,med,d_cheap_a0.0_b0.4_g0.6,0,173,173,0,1.0,0.7862585204683875,0.4893871637691508,25,0.3684237049583894,0.18810780513894548,10968.02105454289,91.17415028901735,143.459,"{'family': 'd_cheap', 'alpha': 0.0, 'beta': 0.4, 'gamma': 0.6}"
tune,drift,hetero,med,d_cheap_a0.0_b0.6_g0.4,0,173,173,0,1.0,0.7492256105494152,0.5607122333210743,25,0.19100463285555502,0.0780175345528446,9099.315557899286,109.89837572254335,150.502,"{'family': 'd_cheap', 'alpha': 0.0, 'beta': 0.6, 'gamma': 0.4}"
tune,drift,hetero,med,d_cheap_a0.0_b0.8_g0.2,0,173,173,0,1.0,0.741188320269525,0.5872546354128387,30,0.16398001024793166,0.024042695643867885,8465.954384654797,118.12017341040462,151.794,"{'family': 'd_cheap', 'alpha': 0.0, 'beta': 0.8, 'gamma': 0.2}"
tune,drift,hetero,med,d_cheap_a0.0_b1.0_g0.0,0,173,173,0,1.0,0.7448709922577067,0.5262911162295242,30,0.21857987602818246,0.022265731762748545,9793.413878218502,102.10943930635838,121.518,"{'family': 'd_cheap', 'alpha': 0.0, 'beta': 1.0, 'gamma': 0.0}"
tune,drift,hetero,med,d_cheap_a0.2_b0.2_g0.6,0,173,173,0,1.0,0.7910028844934,0.4866890304926939,28,0.5367985602092491,0.24859221706567214,12767.099906763271,78.32632369942196,134.662,"{'family': 'd_cheap', 'alpha': 0.2, 'beta': 0.2, 'gamma': 0.6}"
tune,drift,hetero,med,d_cheap_a0.2_b0.4_g0.4,0,173,173,0,1.0,0.7873450960501746,0.48063184714269674,26,0.4420672224933302,0.21851724508671755,11903.550416249269,84.00854913294798,136.135,"{'family': 'd_cheap', 'alpha': 0.2, 'beta': 0.4, 'gamma': 0.4}"
tune,drift,hetero,med,d_cheap_a0.2_b0.6_g0.2,0,173,173,0,1.0,0.7542435212755432,0.5431379622062649,24,0.21802521037845898,0.1154714896803256,9807.74829122663,101.96020231213873,154.84,"{'family': 'd_cheap', 'alpha': 0.2, 'beta': 0.6, 'gamma': 0.2}"
tune,drift,hetero,med,d_cheap_a0.2_b0.8_g0.0,0,173,173,0,1.0,0.7528635182676119,0.5846475620729176,30,0.1805302378817139,0.03829494969041369,11437.256565762076,87.4335549132948,118.532,"{'family': 'd_cheap', 'alpha': 0.2, 'beta': 0.8, 'gamma': 0.0}"
tune,drift,hetero,med,d_cheap_a0.4_b0.0_g0.6,0,173,173,0,1.0,0.7902272935163998,0.5004693288031711,28,0.5397973680155765,0.2906843002736607,14794.414928779,67.59307514450866,119.043,"{'family': 'd_cheap', 'alpha': 0.4, 'beta': 0.0, 'gamma': 0.6}"
tune,drift,hetero,med,d_cheap_a0.4_b0.2_g0.4,0,173,173,0,1.0,0.7915895742763053,0.48989718557958223,28,0.5310256156916645,0.24605986610021982,13081.971938640863,76.44107514450866,134.561,"{'family': 'd_cheap', 'alpha': 0.4, 'beta': 0.2, 'gamma': 0.4}"
tune,drift,hetero,med,d_cheap_a0.4_b0.4_g0.2,0,173,173,0,1.0,0.785446583929341,0.4932104391007145,27,0.49010222837711737,0.24850886087894403,12527.797408281134,79.82249132947977,137.347,"{'family': 'd_cheap', 'alpha': 0.4, 'beta': 0.4, 'gamma': 0.2}"
tune,drift,hetero,med,d_cheap_a0.4_b0.6_g0.0,0,173,173,0,1.0,0.7778829551264511,0.5123549814602447,24,0.28479705243569137,0.14903294928433014,13823.97082934396,72.33811560693643,112.631,"{'family': 'd_cheap', 'alpha': 0.4, 'beta': 0.6, 'gamma': 0.0}"
tune,drift,hetero,med,d_cheap_a0.6_b0.0_g0.4,0,173,173,0,1.0,0.7903868939622799,0.5030402551948844,28,0.5342586220400953,0.2913740606969739,14922.629615761265,67.01231791907514,119.163,"{'family': 'd_cheap', 'alpha': 0.6, 'beta': 0.0, 'gamma': 0.4}"
tune,drift,hetero,med,d_cheap_a0.6_b0.2_g0.2,0,173,173,0,1.0,0.7918500416910792,0.49000128330561254,28,0.5308692460029208,0.25666237175764967,13007.466962725639,76.87891907514451,138.229,"{'family': 'd_cheap', 'alpha': 0.6, 'beta': 0.2, 'gamma': 0.2}"
tune,drift,hetero,med,d_cheap_a0.6_b0.4_g0.0,0,173,173,0,1.0,0.7904652624984483,0.4900003216173248,27,0.45604822508524306,0.23292310279040973,15603.294622130596,64.08902890173411,112.14,"{'family': 'd_cheap', 'alpha': 0.6, 'beta': 0.4, 'gamma': 0.0}"
tune,drift,hetero,med,d_cheap_a0.8_b0.0_g0.2,0,173,173,0,1.0,0.7908529812048837,0.5027968095125027,28,0.5340073224955849,0.2801532847595243,14583.54618566928,68.57042774566474,115.927,"{'family': 'd_cheap', 'alpha': 0.8, 'beta': 0.0, 'gamma': 0.2}"
tune,drift,hetero,med,d_cheap_a0.8_b0.2_g0.0,0,173,173,0,1.0,0.7918808652453612,0.4893020472409608,28,0.5315993056218546,0.25666237175764967,16770.667424093343,59.627919075144504,105.597,"{'family': 'd_cheap', 'alpha': 0.8, 'beta': 0.2, 'gamma': 0.0}"
tune,drift,hetero,med,d_capacity_a0.0_b0.4_g0.6,0,173,173,0,1.0,0.7881860880034229,0.496807134248376,25,0.34561473901337403,0.18998416111955935,7787.793871051239,128.40606936416185,201.447,"{'family': 'd_capacity', 'alpha': 0.0, 'beta': 0.4, 'gamma': 0.6}"
tune,drift,hetero,med,d_capacity_a0.0_b0.6_g0.4,0,173,173,0,1.0,0.7369084242690833,0.5584905664035745,26,0.18194207453592567,0.06352559785616571,6352.6611150528615,157.41434682080924,215.223,"{'family': 'd_capacity', 'alpha': 0.0, 'beta': 0.6, 'gamma': 0.4}"
tune,drift,hetero,med,d_capacity_a0.0_b0.8_g0.2,0,173,173,0,1.0,0.7289461245833437,0.5657009790401345,30,0.16698044811812007,0.03474394541871084,6024.545950343742,165.987612716763,219.1,"{'family': 'd_capacity', 'alpha': 0.0, 'beta': 0.8, 'gamma': 0.2}"
tune,drift,hetero,med,d_capacity_a0.0_b1.0_g0.0,0,173,173,0,1.0,0.7448709922577067,0.5262911162295242,30,0.21857987602818246,0.022265731762748545,9706.20223517567,103.02690751445087,124.693,"{'family': 'd_capacity', 'alpha': 0.0, 'beta': 1.0, 'gamma': 0.0}"
tune,drift,hetero,med,d_capacity_a0.2_b0.2_g0.6,0,173,173,0,1.0,0.7903136789165319,0.48630214375866726,28,0.5416639971949329,0.2557670211656486,9195.754219283124,108.74583815028902,189.645,"{'family': 'd_capacity', 'alpha': 0.2, 'beta': 0.2, 'gamma': 0.6}"
tune,drift,hetero,med,d_capacity_a0.2_b0.4_g0.4,0,173,173,0,1.0,0.788857694554486,0.4728151315519895,25,0.37493115299580476,0.18480251277924198,8192.8248092753,122.0580231213873,200.115,"{'family': 'd_capacity', 'alpha': 0.2, 'beta': 0.4, 'gamma': 0.4}"
tune,drift,hetero,med,d_capacity_a0.2_b0.6_g0.2,0,173,173,0,1.0,0.7623003734904252,0.5455936582844806,24,0.22206698841847708,0.10358523024335334,6699.281453658882,149.26973988439306,225.913,"{'family': 'd_capacity', 'alpha': 0.2, 'beta': 0.6, 'gamma': 0.2}"
tune,drift,hetero,med,d_capacity_a0.2_b0.8_g0.0,0,173,173,0,1.0,0.7528635182676119,0.5846475620729176,30,0.1805302378817139,0.03829494969041369,11457.651724475927,87.27791907514451,116.358,"{'family': 'd_capacity', 'alpha': 0.2, 'beta': 0.8, 'gamma': 0.0}"
tune,drift,hetero,med,d_capacity_a0.4_b0.0_g0.6,0,173,173,0,1.0,0.7889349781390476,0.5002758274805988,28,0.49756984386295783,0.2621276934882412,9965.58761626543,100.34531213872832,181.27,"{'family': 'd_capacity', 'alpha': 0.4, 'beta': 0.0, 'gamma': 0.6}"
tune,drift,hetero,med,d_capacity_a0.4_b0.2_g0.4,0,173,173,0,1.0,0.7878107584428424,0.4884346540140722,29,0.5758014236905615,0.29536387573333966,9580.723186214036,104.37625433526011,199.373,"{'family': 'd_capacity', 'alpha': 0.4, 'beta': 0.2, 'gamma': 0.4}"
tune,drift,hetero,med,d_capacity_a0.4_b0.4_g0.2,0,173,173,0,1.0,0.7869097691230711,0.4779686534651692,26,0.4402589334867866,0.21777267313598547,8778.470724434415,113.91505780346822,199.172,"{'family': 'd_capacity', 'alpha': 0.4, 'beta': 0.4, 'gamma': 0.2}"
tune,drift,hetero,med,d_capacity_a0.4_b0.6_g0.0,0,173,173,0,1.0,0.7778829551264511,0.5123549814602447,24,0.28479705243569137,0.14903294928433014,14050.460156630956,71.17204624277457,109.805,"{'family': 'd_capacity', 'alpha': 0.4, 'beta': 0.6, 'gamma': 0.0}"
tune,drift,hetero,med,d_capacity_a0.6_b0.0_g0.4,0,173,173,0,1.0,0.7889349781390476,0.5002758274805988,28,0.49756984386295783,0.2621276934882412,10244.496455167358,97.613387283237,170.099,"{'family': 'd_capacity', 'alpha': 0.6, 'beta': 0.0, 'gamma': 0.4}"
tune,drift,hetero,med,d_capacity_a0.6_b0.2_g0.2,0,173,173,0,1.0,0.791388441790928,0.487697261938414,28,0.5446734481758568,0.2759410068185077,9459.991944242698,105.7083352601156,196.086,"{'family': 'd_capacity', 'alpha': 0.6, 'beta': 0.2, 'gamma': 0.2}"
tune,drift,hetero,med,d_capacity_a0.6_b0.4_g0.0,0,173,173,0,1.0,0.7904652624984483,0.4900003216173248,27,0.45604822508524306,0.23292310279040973,15826.264573428194,63.186104046242775,104.897,"{'family': 'd_capacity', 'alpha': 0.6, 'beta': 0.4, 'gamma': 0.0}"
tune,drift,hetero,med,d_capacity_a0.8_b0.0_g0.2,0,173,173,0,1.0,0.7904468937498557,0.5033442733858323,28,0.5343664885461296,0.28665684657666873,10336.135919828866,96.74795375722543,179.285,"{'family': 'd_capacity', 'alpha': 0.8, 'beta': 0.0, 'gamma': 0.2}"
tune,drift,hetero,med,d_capacity_a0.8_b0.2_g0.0,0,173,173,0,1.0,0.7918808652453612,0.4893020472409608,28,0.5315993056218546,0.25666237175764967,16975.351495258627,58.90894219653179,105.808,"{'family': 'd_capacity', 'alpha': 0.8, 'beta': 0.2, 'gamma': 0.0}"
tune,drift,hetero,med,binpack,1,170,170,0,1.0,0.7891504786488711,0.4604304483445902,28,0.5423859434939177,0.30202082732416247,22564.97385117736,44.31647058823529,79.81,{}
tune,drift,hetero,med,hybrid_a0.1,1,170,170,0,1.0,0.7222334046894584,0.5259433051207072,30,0.19684486503595677,0.03695553646828066,11163.446515796408,89.57807058823529,117.851,"{'family': 'hybrid', 'alpha': 0.1}"
tune,drift,hetero,med,hybrid_a0.2,1,170,170,0,1.0,0.7311356675376205,0.5359579290116854,30,0.20291027583344995,0.03231462333072703,11489.250116920017,87.03788235294118,119.043,"{'family': 'hybrid', 'alpha': 0.2}"
tune,drift,hetero,med,hybrid_a0.3,1,170,170,0,1.0,0.7393008913083646,0.5117713448179966,28,0.2277414858711294,0.06555018498001232,11949.652598996721,83.68444117647059,112.831,"{'family': 'hybrid', 'alpha': 0.3}"
tune,drift,hetero,med,hybrid_a0.4,1,170,170,0,1.0,0.7815392048276135,0.46004418549409876,24,0.32149501933351476,0.18213152817517098,13688.85490474087,73.05212941176471,109.665,"{'family': 'hybrid', 'alpha': 0.4}"
tune,drift,hetero,med,hybrid_a0.5,1,170,170,0,1.0,0.792077355126133,0.436085918730412,26,0.43580037532305477,0.23286930021260382,15005.688479965243,66.64139411764705,108.543,"{'family': 'hybrid', 'alpha': 0.5}"
tune,drift,hetero,med,hybrid_a0.6,1,170,170,0,1.0,0.7914757119885988,0.44803227995394046,26,0.4699671768789681,0.2547791923809574,15678.294673732842,63.78244705882353,107.832,"{'family': 'hybrid', 'alpha': 0.6}"
tune,drift,hetero,med,hybrid_a0.7,1,170,170,0,1.0,0.7916949180248937,0.4530122904452585,27,0.49904496463236264,0.27685884629992563,16193.417223490018,61.75348823529412,108.473,"{'family': 'hybrid', 'alpha': 0.7}"
tune,drift,hetero,med,hybrid_a0.8,1,170,170,0,1.0,0.7895157359526351,0.4482173267944331,27,0.5192551332313977,0.2849704894827701,16308.008786371418,61.31956470588235,107.17,"{'family': 'hybrid', 'alpha': 0.8}"
tune,drift,hetero,med,hybrid_a0.9,1,170,170,0,1.0,0.7892690219696593,0.4468215156463891,27,0.5203463940853487,0.2840416796595092,16761.794781994126,59.659482352941176,106.95,"{'family': 'hybrid', 'alpha': 0.9}"
tune,drift,hetero,med,balance_l0.05,1,170,170,0,1.0,0.7878499188161118,0.46127541595787264,28,0.5349854067380792,0.29485913114582263,19705.94784623843,50.7461,90.931,"{'family': 'balance', 'lam': 0.05}"
tune,drift,hetero,med,balance_l0.1,1,170,170,0,1.0,0.7870519338488491,0.44556282496922894,27,0.5220025026185927,0.27963738414965156,19540.012025153283,51.17704117647059,91.271,"{'family': 'balance', 'lam': 0.1}"
tune,drift,hetero,med,balance_l0.2,1,170,170,0,1.0,0.7884307608247092,0.4456463933507615,27,0.5178018090287317,0.2849704894827701,19093.306066594756,52.37437647058824,91.972,"{'family': 'balance', 'lam': 0.2}"
tune,drift,hetero,med,balance_l0.4,1,170,170,0,1.0,0.7883828399905666,0.4448479202035749,27,0.48067065024149774,0.2657341384651343,18531.353196473116,53.9626,93.495,"{'family': 'balance', 'lam': 0.4}"
tune,drift,hetero,med,balance_l0.8,1,170,170,0,1.0,0.7360007159154133,0.4758745663233279,23,0.2754918994503223,0.12950049086704638,15368.538919333161,65.06799411764706,93.335,"{'family': 'balance', 'lam': 0.8}"
tune,drift,hetero,med,wmatch_l0.05,1,170,170,0,1.0,0.7877826234434978,0.4621333645755628,28,0.5388805497152072,0.29485913114582263,13675.337983967194,73.12433529411764,135.393,"{'family': 'wmatch', 'lam': 0.05}"
tune,drift,hetero,med,wmatch_l0.1,1,170,170,0,1.0,0.7877826234434978,0.4621333645755628,28,0.5388805497152072,0.29485913114582263,13701.09655517359,72.98685882352942,135.213,"{'family': 'wmatch', 'lam': 0.1}"
tune,drift,hetero,med,wmatch_l0.2,1,170,170,0,1.0,0.7877826234434978,0.4621333645755628,28,0.5388805497152072,0.29485913114582263,13699.647951282117,72.99457647058823,134.271,"{'family': 'wmatch', 'lam': 0.2}"
tune,drift,hetero,med,wmatch_l0.4,1,170,170,0,1.0,0.7877826234434978,0.4621333645755628,28,0.5388805497152072,0.29485913114582263,13643.952081477186,73.29254705882353,131.716,"{'family': 'wmatch', 'lam': 0.4}"
tune,drift,hetero,med,wmatch_l0.8,1,170,170,0,1.0,0.7877826234434978,0.4621333645755628,28,0.5388805497152072,0.29485913114582263,13680.610535067992,73.09615294117647,131.496,"{'family': 'wmatch', 'lam': 0.8}"
tune,drift,hetero,med,d_cheap_a0.0_b0.4_g0.6,1,170,170,0,1.0,0.7888475191210599,0.4391647778538124,25,0.39765620250192923,0.2190482617028198,10798.602381358614,92.60457647058823,141.124,"{'family': 'd_cheap', 'alpha': 0.0, 'beta': 0.4, 'gamma': 0.6}"
tune,drift,hetero,med,d_cheap_a0.0_b0.6_g0.4,1,170,170,0,1.0,0.7497372823066694,0.4876384260704258,25,0.26209885623624346,0.11463688493537869,9280.491669530425,107.75291176470589,147.155,"{'family': 'd_cheap', 'alpha': 0.0, 'beta': 0.6, 'gamma': 0.4}"
tune,drift,hetero,med,d_cheap_a0.0_b0.8_g0.2,1,170,170,0,1.0,0.7207472319023017,0.538607618935808,30,0.19356447506079386,0.03267000812060742,8200.618780101999,121.94201764705882,160.05,"{'family': 'd_cheap', 'alpha': 0.0, 'beta': 0.8, 'gamma': 0.2}"
tune,drift,hetero,med,d_cheap_a0.0_b1.0_g0.0,1,170,170,0,1.0,0.7383356835809209,0.4949923802742049,30,0.243343303306716,0.03845619532778743,9951.533106848146,100.4870294117647,130.835,"{'family': 'd_cheap', 'alpha': 0.0, 'beta': 1.0, 'gamma': 0.0}"
tune,drift,hetero,med,d_cheap_a0.2_b0.2_g0.6,1,170,170,0,1.0,0.7898894740430644,0.4446352883946879,27,0.511617091592564,0.2760593906433901,12120.938157761424,82.50186470588235,136.595,"{'family': 'd_cheap', 'alpha': 0.2, 'beta': 0.2, 'gamma': 0.6}"
tune,drift,hetero,med,d_cheap_a0.2_b0.4_g0.4,1,170,170,0,1.0,0.7887238033573069,0.4475917678247567,26,0.43432343483810293,0.2412689554717113,10956.949693485778,91.26627647058822,141.695,"{'family': 'd_cheap', 'alpha': 0.2, 'beta': 0.4, 'gamma': 0.4}"
tune,drift,hetero,med,d_cheap_a0.2_b0.6_g0.2,1,170,170,0,1.0,0.7619042457107985,0.49248673932097303,25,0.2694175063898255,0.11117104938556382,9510.353306268733,105.14856470588235,147.977,"{'family': 'd_cheap', 'alpha': 0.2, 'beta': 0.6, 'gamma': 0.2}"
tune,drift,hetero,med,d_cheap_a0.2_b0.8_g0.0,1,170,170,0,1.0,0.7311356675376205,0.5359579290116854,30,0.20291027583344995,0.03231462333072703,11355.386250457472,88.06393529411764,115.176,"{'family': 'd_cheap', 'alpha': 0.2, 'beta': 0.8, 'gamma': 0.0}"
tune,drift,hetero,med,d_cheap_a0.4_b0.0_g0.6,1,170,170,0,1.0,0.7896320365615649,0.4614626470538409,28,0.5407196494296984,0.30202082732416247,14642.82195086489,68.29284705882354,120.435,"{'family': 'd_cheap', 'alpha': 0.4, 'beta': 0.0, 'gamma': 0.6}"
tune,drift,hetero,med,d_cheap_a0.4_b0.2_g0.4,1,170,170,0,1.0,0.7888643540526616,0.44786893041540793,27,0.5195581187523459,0.27770415837009094,12280.947626815232,81.42694117647059,137.477,"{'family': 'd_cheap', 'alpha': 0.4, 'beta': 0.2, 'gamma': 0.4}"
tune,drift,hetero,med,d_cheap_a0.4_b0.4_g0.2,1,170,170,0,1.0,0.7918841043622428,0.44287613021380096,26,0.4412802512519371,0.23638770745689014,11640.699006171899,85.90549411764707,141.224,"{'family': 'd_cheap', 'alpha': 0.4, 'beta': 0.4, 'gamma': 0.2}"
tune,drift,hetero,med,d_cheap_a0.4_b0.6_g0.0,1,170,170,0,1.0,0.7815392048276135,0.46004418549409876,24,0.32149501933351476,0.18213152817517098,13665.244436256016,73.17834705882353,109.705,"{'family': 'd_cheap', 'alpha': 0.4, 'beta': 0.6, 'gamma': 0.0}"
tune,drift,hetero,med,d_cheap_a0.6_b0.0_g0.4,1,170,170,0,1.0,0.7891504786488711,0.4615389157749783,28,0.5412774760635295,0.30202082732416247,14676.42539601744,68.13648235294119,119.734,"{'family': 'd_cheap', 'alpha': 0.6, 'beta': 0.0, 'gamma': 0.4}"
tune,drift,hetero,med,d_cheap_a0.6_b0.2_g0.2,1,170,170,0,1.0,0.7895157359526351,0.4482173267944331,27,0.5192551332313977,0.2849704894827701,12330.321180931434,81.10088823529412,140.954,"{'family': 'd_cheap', 'alpha': 0.6, 'beta': 0.2, 'gamma': 0.2}"
tune,drift,hetero,med,d_cheap_a0.6_b0.4_g0.0,1,170,170,0,1.0,0.7914757119885988,0.44803227995394046,26,0.4699671768789681,0.2547791923809574,15483.57293099846,64.58457647058823,109.946,"{'family': 'd_cheap', 'alpha': 0.6, 'beta': 0.4, 'gamma': 0.0}"
tune,drift,hetero,med,d_cheap_a0.8_b0.0_g0.2,1,170,170,0,1.0,0.7891504786488711,0.4604304483445902,28,0.5423859434939177,0.30202082732416247,14604.299093296386,68.47298823529412,122.459,"{'family': 'd_cheap', 'alpha': 0.8, 'beta': 0.0, 'gamma': 0.2}"
tune,drift,hetero,med,d_cheap_a0.8_b0.2_g0.0,1,170,170,0,1.0,0.7895157359526351,0.4482173267944331,27,0.5192551332313977,0.2849704894827701,16091.111279594512,62.146111764705886,107.942,"{'family': 'd_cheap', 'alpha': 0.8, 'beta': 0.2, 'gamma': 0.0}"
tune,drift,hetero,med,d_capacity_a0.0_b0.4_g0.6,1,170,170,0,1.0,0.787350906049961,0.44710915224997133,25,0.3495101747890185,0.19547430899619378,7601.642795496089,131.55051176470587,205.825,"{'family': 'd_capacity', 'alpha': 0.0, 'beta': 0.4, 'gamma': 0.6}"
tune,drift,hetero,med,d_capacity_a0.0_b0.6_g0.4,1,170,170,0,1.0,0.7254615532006261,0.48378404874296527,24,0.2416775044576608,0.11023324722274863,6605.755641519319,151.38313529411764,208.961,"{'family': 'd_capacity', 'alpha': 0.0, 'beta': 0.6, 'gamma': 0.4}"
tune,drift,hetero,med,d_capacity_a0.0_b0.8_g0.2,1,170,170,0,1.0,0.7252744938449034,0.5374777970147308,30,0.19155776135285496,0.02607054014628785,5875.8189897967095,170.18904117647057,219.1,"{'family': 'd_capacity', 'alpha': 0.0, 'beta': 0.8, 'gamma': 0.2}"
tune,drift,hetero,med,d_capacity_a0.0_b1.0_g0.0,1,170,170,0,1.0,0.7383356835809209,0.4949923802742049,30,0.243343303306716,0.03845619532778743,9862.75111579624,101.39158823529411,126.587,"{'family': 'd_capacity', 'alpha': 0.0, 'beta': 1.0, 'gamma': 0.0}"
tune,drift,hetero,med,d_capacity_a0.2_b0.2_g0.6,1,170,170,0,1.0,0.7864397568471769,0.4383025435856684,27,0.48828295748378886,0.26721550692639745,8582.620163876549,116.51453529411765,205.695,"{'family': 'd_capacity', 'alpha': 0.2, 'beta': 0.2, 'gamma': 0.6}"
tune,drift,hetero,med,d_capacity_a0.2_b0.4_g0.4,1,170,170,0,1.0,0.7915976381833438,0.4422151116492982,26,0.43203879995705774,0.23609134317853817,7955.432357626073,125.70027058823528,202.559,"{'family': 'd_capacity', 'alpha': 0.2, 'beta': 0.4, 'gamma': 0.4}"
tune,drift,hetero,med,d_capacity_a0.2_b0.6_g0.2,1,170,170,0,1.0,0.7504451205015712,0.49106559653552734,24,0.25937952396604386,0.12489618111737759,6744.1778999875705,148.27604117647059,211.956,"{'family': 'd_capacity', 'alpha': 0.2, 'beta': 0.6, 'gamma': 0.2}"
tune,drift,hetero,med,d_capacity_a0.2_b0.8_g0.0,1,170,170,0,1.0,0.7311356675376205,0.5359579290116854,30,0.20291027583344995,0.03231462333072703,11432.832512500794,87.46738823529411,115.336,"{'family': 'd_capacity', 'alpha': 0.2, 'beta': 0.8, 'gamma': 0.0}"
tune,drift,hetero,med,d_capacity_a0.4_b0.0_g0.6,1,170,170,0,1.0,0.7877826234434978,0.4621333645755628,28,0.5388805497152072,0.29485913114582263,10089.729148343175,99.11068823529412,183.614,"{'family': 'd_capacity', 'alpha': 0.4, 'beta': 0.0, 'gamma': 0.6}"
tune,drift,hetero,med,d_capacity_a0.4_b0.2_g0.4,1,170,170,0,1.0,0.7879302440620379,0.43864548615041177,27,0.48556429570398085,0.26270464677408933,8635.654473647463,115.79898235294118,202.8,"{'family': 'd_capacity', 'alpha': 0.4, 'beta': 0.2, 'gamma': 0.4}"
tune,drift,hetero,med,d_capacity_a0.4_b0.4_g0.2,1,170,170,0,1.0,0.7909276895730195,0.4448100582182126,27,0.4737776879591976,0.2580012353468918,8534.603978561276,117.17005294117648,202.96,"{'family': 'd_capacity', 'alpha': 0.4, 'beta': 0.4, 'gamma': 0.2}"
tune,drift,hetero,med,d_capacity_a0.4_b0.6_g0.0,1,170,170,0,1.0,0.7815392048276135,0.46004418549409876,24,0.32149501933351476,0.18213152817517098,13640.597692476256,73.3105705882353,110.697,"{'family': 'd_capacity', 'alpha': 0.4, 'beta': 0.6, 'gamma': 0.0}"
tune,drift,hetero,med,d_capacity_a0.6_b0.0_g0.4,1,170,170,0,1.0,0.7877826234434978,0.4621333645755628,28,0.5388805497152072,0.29485913114582263,10139.23556128124,98.62676470588235,183.002,"{'family': 'd_capacity', 'alpha': 0.6, 'beta': 0.0, 'gamma': 0.4}"
tune,drift,hetero,med,d_capacity_a0.6_b0.2_g0.2,1,170,170,0,1.0,0.7900550991474794,0.4518402404759597,27,0.5170329939270153,0.27981522073727516,8785.023044665744,113.83009411764706,203.922,"{'family': 'd_capacity', 'alpha': 0.6, 'beta': 0.2, 'gamma': 0.2}"
tune,drift,hetero,med,d_capacity_a0.6_b0.4_g0.0,1,170,170,0,1.0,0.7914757119885988,0.44803227995394046,26,0.4699671768789681,0.2547791923809574,15577.020486164307,64.1971294117647,106.449,"{'family': 'd_capacity', 'alpha': 0.6, 'beta': 0.4, 'gamma': 0.0}"
tune,drift,hetero,med,d_capacity_a0.8_b0.0_g0.2,1,170,170,0,1.0,0.7877826234434978,0.4621333645755628,28,0.5388805497152072,0.29485913114582263,10023.6369150972,99.76418823529411,179.135,"{'family': 'd_capacity', 'alpha': 0.8, 'beta': 0.0, 'gamma': 0.2}"
tune,drift,hetero,med,d_capacity_a0.8_b0.2_g0.0,1,170,170,0,1.0,0.7895157359526351,0.4482173267944331,27,0.5192551332313977,0.2849704894827701,15939.990623534928,62.73529411764706,108.723,"{'family': 'd_capacity', 'alpha': 0.8, 'beta': 0.2, 'gamma': 0.0}"
tune,drift,hetero,med,binpack,2,177,177,0,1.0,0.7793316924660173,0.46284491693834473,28,0.5832107781025366,0.3016663490963498,19911.95764805356,50.2210790960452,127.028,{}
tune,drift,hetero,med,hybrid_a0.1,2,177,177,0,1.0,0.7130717756494546,0.5262033846019952,30,0.18891108255145023,0.01944165121663358,10256.158272570907,97.50239548022599,126.757,"{'family': 'hybrid', 'alpha': 0.1}"
tune,drift,hetero,med,hybrid_a0.2,2,177,177,0,1.0,0.7194359784578562,0.5115707107562794,30,0.21139853132525568,0.044536561410896416,10652.430686077923,93.87528813559322,123.521,"{'family': 'hybrid', 'alpha': 0.2}"
tune,drift,hetero,med,hybrid_a0.3,2,177,177,0,1.0,0.7090310790530181,0.4993527891500708,28,0.2180694438505843,0.05762463194444279,11173.060929478734,89.50098870056496,115.736,"{'family': 'hybrid', 'alpha': 0.3}"
tune,drift,hetero,med,hybrid_a0.4,2,177,177,0,1.0,0.748177769691458,0.4418053487793239,24,0.3338705275243493,0.17632762194193802,13083.845346582562,76.43012994350282,118.692,"{'family': 'hybrid', 'alpha': 0.4}"
tune,drift,hetero,med,hybrid_a0.5,2,177,177,0,1.0,0.768551008597533,0.41527601575767886,25,0.41248436975520614,0.22235438400774815,14776.463414603604,67.67519209039547,116.618,"{'family': 'hybrid', 'alpha': 0.5}"
tune,drift,hetero,med,hybrid_a0.6,2,177,177,0,1.0,0.7848453023289215,0.41180104844689336,26,0.5110619498870757,0.274601002521218,15223.815896760167,65.68655367231638,108.072,"{'family': 'hybrid', 'alpha': 0.6}"
tune,drift,hetero,med,hybrid_a0.7,2,177,177,0,1.0,0.7784324406822246,0.44271008355161556,27,0.49509967321743226,0.26416992125766586,15169.757297596012,65.92063276836159,111.268,"{'family': 'hybrid', 'alpha': 0.7}"
tune,drift,hetero,med,hybrid_a0.8,2,177,177,0,1.0,0.7798521351670348,0.45149532060413367,28,0.54698128785962,0.2905175660909239,16097.124044165052,62.122898305084746,106.549,"{'family': 'hybrid', 'alpha': 0.8}"
tune,drift,hetero,med,hybrid_a0.9,2,177,177,0,1.0,0.7795378793923872,0.4601353636586627,28,0.5862993294603333,0.3118496824803653,16406.36622624379,60.951949152542376,112.27,"{'family': 'hybrid', 'alpha': 0.9}"
tune,drift,hetero,med,balance_l0.05,2,177,177,0,1.0,0.7811384906940579,0.46495529924983037,28,0.589879467021087,0.31134054126744376,19754.695786055527,50.62087570621469,92.543,"{'family': 'balance', 'lam': 0.05}"
tune,drift,hetero,med,balance_l0.1,2,177,177,0,1.0,0.7801160830591141,0.4632788809831029,28,0.5943163778377774,0.3299148085917873,19541.15815034658,51.1740395480226,94.777,"{'family': 'balance', 'lam': 0.1}"
tune,drift,hetero,med,balance_l0.2,2,177,177,0,1.0,0.7797160231879777,0.4599145199682797,28,0.5861601256008677,0.3088262334982811,19100.10863321673,52.35572316384181,93.394,"{'family': 'balance', 'lam': 0.2}"
tune,drift,hetero,med,balance_l0.4,2,177,177,0,1.0,0.7700546667806041,0.4282262816031298,26,0.5019863851575342,0.2619108571370408,17905.747785504114,55.847988700564976,93.014,"{'family': 'balance', 'lam': 0.4}"
tune,drift,hetero,med,balance_l0.8,2,177,177,0,1.0,0.724485566778537,0.44296117474450086,23,0.30534049877483926,0.15701654531020987,15410.579632820738,64.89048587570622,97.894,"{'family': 'balance', 'lam': 0.8}"
tune,drift,hetero,med,wmatch_l0.05,2,177,177,0,1.0,0.7793316924660173,0.46284491693834473,28,0.5832107781025366,0.3016663490963498,13551.276652758106,73.79378531073445,134.992,"{'family': 'wmatch', 'lam': 0.05}"
tune,drift,hetero,med,wmatch_l0.1,2,177,177,0,1.0,0.7793316924660173,0.46284491693834473,28,0.5832107781025366,0.3016663490963498,13484.076676706844,74.16154802259888,131.997,"{'family': 'wmatch', 'lam': 0.1}"
tune,drift,hetero,med,wmatch_l0.2,2,177,177,0,1.0,0.7793316924660173,0.46284491693834473,28,0.5832107781025366,0.3016663490963498,13389.239333106952,74.6868418079096,134.602,"{'family': 'wmatch', 'lam': 0.2}"
tune,drift,hetero,med,wmatch_l0.4,2,177,177,0,1.0,0.7793316924660173,0.46284491693834473,28,0.5832107781025366,0.3016663490963498,13294.48839053168,75.21914124293785,135.284,"{'family': 'wmatch', 'lam': 0.4}"
tune,drift,hetero,med,wmatch_l0.8,2,177,177,0,1.0,0.7797009061505418,0.46444958420767374,28,0.5900570348789522,0.30289739863474663,14069.965726517386,71.07337853107346,130.293,"{'family': 'wmatch', 'lam': 0.8}"
tune,drift,hetero,med,d_cheap_a0.0_b0.4_g0.6,2,177,177,0,1.0,0.774205112802649,0.4179895755472949,25,0.4480971294890075,0.23645506608431735,11566.649024804059,86.45546327683616,138.439,"{'family': 'd_cheap', 'alpha': 0.0, 'beta': 0.4, 'gamma': 0.6}"
tune,drift,hetero,med,d_cheap_a0.0_b0.6_g0.4,2,177,177,0,1.0,0.7246895224090989,0.47452324416420283,23,0.25153545690165396,0.1378151390242346,9255.850534224683,108.03977401129944,146.714,"{'family': 'd_cheap', 'alpha': 0.0, 'beta': 0.6, 'gamma': 0.4}"
tune,drift,hetero,med,d_cheap_a0.0_b0.8_g0.2,2,177,177,0,1.0,0.7156667850565426,0.515345909940412,30,0.2007182311283704,0.03687356199890256,8267.83101394204,120.95070621468928,154.869,"{'family': 'd_cheap', 'alpha': 0.0, 'beta': 0.8, 'gamma': 0.2}"
tune,drift,hetero,med,d_cheap_a0.0_b1.0_g0.0,2,177,177,0,1.0,0.7368213928691085,0.47290535837044895,30,0.26391603449865964,0.04197379298019537,9822.06197155087,101.81161581920904,118.922,"{'family': 'd_cheap', 'alpha': 0.0, 'beta': 1.0, 'gamma': 0.0}"
tune,drift,hetero,med,d_cheap_a0.2_b0.2_g0.6,2,177,177,0,1.0,0.7791570284619829,0.4529220934670962,27,0.548163296943133,0.29885432516734417,12581.481977737885,79.48189265536723,137.337,"{'family': 'd_cheap', 'alpha': 0.2, 'beta': 0.2, 'gamma': 0.6}"
tune,drift,hetero,med,d_cheap_a0.2_b0.4_g0.4,2,177,177,0,1.0,0.7708287366887977,0.4221535766672888,25,0.4427064100693602,0.234591983307129,11538.293052304844,86.66793220338984,139.982,"{'family': 'd_cheap', 'alpha': 0.2, 'beta': 0.4, 'gamma': 0.4}"
tune,drift,hetero,med,d_cheap_a0.2_b0.6_g0.2,2,177,177,0,1.0,0.747065213322625,0.4518959860904598,23,0.31054965398713996,0.17109891471338837,10089.36153209178,99.11429943502826,138.459,"{'family': 'd_cheap', 'alpha': 0.2, 'beta': 0.6, 'gamma': 0.2}"
tune,drift,hetero,med,d_cheap_a0.2_b0.8_g0.0,2,177,177,0,1.0,0.7194359784578562,0.5115707107562794,30,0.21139853132525568,0.044536561410896416,11074.247700388669,90.29958757062147,118.512,"{'family': 'd_cheap', 'alpha': 0.2, 'beta': 0.8, 'gamma': 0.0}"
tune,drift,hetero,med,d_cheap_a0.4_b0.0_g0.6,2,177,177,0,1.0,0.7812167495854374,0.4613363233204671,28,0.5935767018418298,0.31134054126744376,14892.307164184152,67.1487627118644,119.524,"{'family': 'd_cheap', 'alpha': 0.4, 'beta': 0.0, 'gamma': 0.6}"
tune,drift,hetero,med,d_cheap_a0.4_b0.2_g0.4,2,177,177,0,1.0,0.7808879634232309,0.4549802639110042,27,0.5434645026933216,0.28970853405882074,12555.903920804452,79.64380790960453,141.074,"{'family': 'd_cheap', 'alpha': 0.4, 'beta': 0.2, 'gamma': 0.4}"
tune,drift,hetero,med,d_cheap_a0.4_b0.4_g0.2,2,177,177,0,1.0,0.765827124314945,0.44102254447979394,26,0.48911737107843895,0.2453070056749015,11864.315664261585,84.28636158192091,138.439,"{'family': 'd_cheap', 'alpha': 0.4, 'beta': 0.4, 'gamma': 0.2}"
tune,drift,hetero,med,d_cheap_a0.4_b0.6_g0.0,2,177,177,0,1.0,0.748177769691458,0.4418053487793239,24,0.3338705275243493,0.17632762194193802,13757.655707903672,72.686802259887,108.112,"{'family': 'd_cheap', 'alpha': 0.4, 'beta': 0.6, 'gamma': 0.0}"
tune,drift,hetero,med,d_cheap_a0.6_b0.0_g0.4,2,177,177,0,1.0,0.7809348504742756,0.4613227959727316,28,0.5938450736052562,0.3194787919788894,14935.952609994432,66.95254237288137,121.949,"{'family': 'd_cheap', 'alpha': 0.6, 'beta': 0.0, 'gamma': 0.4}"
tune,drift,hetero,med,d_cheap_a0.6_b0.2_g0.2,2,177,177,0,1.0,0.7808879634232309,0.4549802639110042,27,0.5434645026933216,0.28970853405882074,12383.629737026977,80.75176836158192,143.779,"{'family': 'd_cheap', 'alpha': 0.6, 'beta': 0.2, 'gamma': 0.2}"
tune,drift,hetero,med,d_cheap_a0.6_b0.4_g0.0,2,177,177,0,1.0,0.7848453023289215,0.41180104844689336,26,0.5110619498870757,0.274601002521218,15484.79209698204,64.57949152542373,108.924,"{'family': 'd_cheap', 'alpha': 0.6, 'beta': 0.4, 'gamma': 0.0}"
tune,drift,hetero,med,d_cheap_a0.8_b0.0_g0.2,2,177,177,0,1.0,0.7800930396728089,0.4620987156846177,28,0.5840141897583835,0.3166538513617798,14349.594883372249,69.68837853107345,122.68,"{'family': 'd_cheap', 'alpha': 0.8, 'beta': 0.0, 'gamma': 0.2}"
tune,drift,hetero,med,d_cheap_a0.8_b0.2_g0.0,2,177,177,0,1.0,0.7798521351670348,0.45149532060413367,28,0.54698128785962,0.2905175660909239,16247.887315669095,61.54646327683616,109.845,"{'family': 'd_cheap', 'alpha': 0.8, 'beta': 0.2, 'gamma': 0.0}"
tune,drift,hetero,med,d_capacity_a0.0_b0.4_g0.6,2,177,177,0,1.0,0.750190846862798,0.43111749870888133,24,0.38578418182282254,0.19386630911078012,7843.855340872239,127.48832768361582,203.451,"{'family': 'd_capacity', 'alpha': 0.0, 'beta': 0.4, 'gamma': 0.6}"
tune,drift,hetero,med,d_capacity_a0.0_b0.6_g0.4,2,177,177,0,1.0,0.6979384327933112,0.4799528089754766,25,0.22097618529692678,0.09342745135674535,6418.669116156516,155.79553672316385,210.263,"{'family': 'd_capacity', 'alpha': 0.0, 'beta': 0.6, 'gamma': 0.4}"
tune,drift,hetero,med,d_capacity_a0.0_b0.8_g0.2,2,177,177,0,1.0,0.7203455786795867,0.5172750091938345,30,0.2041134009685348,0.03526122742210307,5739.096025581972,174.24346892655367,225.251,"{'family': 'd_capacity', 'alpha': 0.0, 'beta': 0.8, 'gamma': 0.2}"
tune,drift,hetero,med,d_capacity_a0.0_b1.0_g0.0,2,177,177,0,1.0,0.7368213928691085,0.47290535837044895,30,0.26391603449865964,0.04197379298019537,9554.860635879753,104.65877401129944,129.833,"{'family': 'd_capacity', 'alpha': 0.0, 'beta': 1.0, 'gamma': 0.0}"
tune,drift,hetero,med,d_capacity_a0.2_b0.2_g0.6,2,177,177,0,1.0,0.7800358489051593,0.44574759184276685,27,0.5387402271617252,0.2840319348270857,8609.71909842913,116.14780790960452,204.934,"{'family': 'd_capacity', 'alpha': 0.2, 'beta': 0.2, 'gamma': 0.6}"
tune,drift,hetero,med,d_capacity_a0.2_b0.4_g0.4,2,177,177,0,1.0,0.7553666006925489,0.4275474486332962,25,0.4295220848903546,0.22065913167697396,8033.445275081505,124.47959322033898,201.878,"{'family': 'd_capacity', 'alpha': 0.2, 'beta': 0.4, 'gamma': 0.4}"
tune,drift,hetero,med,d_capacity_a0.2_b0.6_g0.2,2,177,177,0,1.0,0.7159091043799307,0.4758803159402762,22,0.2420888343110939,0.13209246636635832,6557.207486122986,152.50394350282488,213.379,"{'family': 'd_capacity', 'alpha': 0.2, 'beta': 0.6, 'gamma': 0.2}"
tune,drift,hetero,med,d_capacity_a0.2_b0.8_g0.0,2,177,177,0,1.0,0.7194359784578562,0.5115707107562794,30,0.21139853132525568,0.044536561410896416,10859.364057235107,92.08642372881356,120.436,"{'family': 'd_capacity', 'alpha': 0.2, 'beta': 0.8, 'gamma': 0.0}"
tune,drift,hetero,med,d_capacity_a0.4_b0.0_g0.6,2,177,177,0,1.0,0.7812496450303125,0.4601645579063052,28,0.5947813627008668,0.31134054126744376,10067.709613126928,99.32745762711863,180.989,"{'family': 'd_capacity', 'alpha': 0.4, 'beta': 0.0, 'gamma': 0.6}"
tune,drift,hetero,med,d_capacity_a0.4_b0.2_g0.4,2,177,177,0,1.0,0.7804111429806341,0.45281906847026376,27,0.5450893743398116,0.28909300928962234,8760.060459264729,114.15446327683617,208.55,"{'family': 'd_capacity', 'alpha': 0.4, 'beta': 0.2, 'gamma': 0.4}"
tune,drift,hetero,med,d_capacity_a0.4_b0.4_g0.2,2,177,177,0,1.0,0.7690069959081769,0.41221363729991867,25,0.41338664500987066,0.21989228493095456,7917.902534198517,126.2960734463277,210.393,"{'family': 'd_capacity', 'alpha': 0.4, 'beta': 0.4, 'gamma': 0.2}"
tune,drift,hetero,med,d_capacity_a0.4_b0.6_g0.0,2,177,177,0,1.0,0.748177769691458,0.4418053487793239,24,0.3338705275243493,0.17632762194193802,13576.030834924362,73.65923163841808,110.667,"{'family': 'd_capacity', 'alpha': 0.4, 'beta': 0.6, 'gamma': 0.0}"
tune,drift,hetero,med,d_capacity_a0.6_b0.0_g0.4,2,177,177,0,1.0,0.7804409046058622,0.46734872514907205,29,0.5936644091332898,0.3239337650358838,10250.135741910617,97.5596836158192,183.483,"{'family': 'd_capacity', 'alpha': 0.6, 'beta': 0.0, 'gamma': 0.4}"
tune,drift,hetero,med,d_capacity_a0.6_b0.2_g0.2,2,177,177,0,1.0,0.7799772880084763,0.4499945983660238,28,0.5492315278909706,0.29292327755272346,8713.409035627948,114.76564406779661,203.461,"{'family': 'd_capacity', 'alpha': 0.6, 'beta': 0.2, 'gamma': 0.2}"
tune,drift,hetero,med,d_capacity_a0.6_b0.4_g0.0,2,177,177,0,1.0,0.7848453023289215,0.41180104844689336,26,0.5110619498870757,0.274601002521218,15303.89779901417,65.34283050847458,109.555,"{'family': 'd_capacity', 'alpha': 0.6, 'beta': 0.4, 'gamma': 0.0}"
tune,drift,hetero,med,d_capacity_a0.8_b0.0_g0.2,2,177,177,0,1.0,0.7805989224755838,0.46167310452726923,28,0.5922287306404163,0.31369625678796054,9946.860722988415,100.53423163841808,184.977,"{'family': 'd_capacity', 'alpha': 0.8, 'beta': 0.0, 'gamma': 0.2}"
tune,drift,hetero,med,d_capacity_a0.8_b0.2_g0.0,2,177,177,0,1.0,0.7798521351670348,0.45149532060413367,28,0.54698128785962,0.2905175660909239,16157.806817809407,61.88958757062147,107.942,"{'family': 'd_capacity', 'alpha': 0.8, 'beta': 0.2, 'gamma': 0.0}"
tune,drift,hetero,med,binpack,3,181,181,0,1.0,0.7866664115863673,0.5186102756052328,29,0.5457403519131511,0.30807445731169086,21895.923233135087,45.670602209944754,78.848,{}
tune,drift,hetero,med,hybrid_a0.1,3,181,181,0,1.0,0.7369857456020908,0.6177631991500597,30,0.119830686538446,0.018494430271703,11105.700064983686,90.04385082872928,119.123,"{'family': 'hybrid', 'alpha': 0.1}"
tune,drift,hetero,med,hybrid_a0.2,3,181,181,0,1.0,0.7569672814081666,0.6200324098981,30,0.1557204329572696,0.027994855194755554,11360.096675050334,88.02741988950277,117.159,"{'family': 'hybrid', 'alpha': 0.2}"
tune,drift,hetero,med,hybrid_a0.3,3,181,181,0,1.0,0.7552059124750988,0.5835448693618779,25,0.18363815556007423,0.0743834204232779,12138.284975680175,82.38396132596685,114.495,"{'family': 'hybrid', 'alpha': 0.3}"
tune,drift,hetero,med,hybrid_a0.4,3,181,181,0,1.0,0.7734307790482756,0.49407374847063884,25,0.3256948869763093,0.14832963067781724,14273.079174741602,70.06196685082872,110.327,"{'family': 'hybrid', 'alpha': 0.4}"
tune,drift,hetero,med,hybrid_a0.5,3,181,181,0,1.0,0.7834205327004322,0.47089463938419723,26,0.4236271621510859,0.1994754841416503,15313.658412689389,65.301182320442,111.319,"{'family': 'hybrid', 'alpha': 0.5}"
tune,drift,hetero,med,hybrid_a0.6,3,181,181,0,1.0,0.7846916949492333,0.4786503533697265,26,0.40172452200458925,0.19238443256113372,15187.598729880418,65.84319337016574,109.094,"{'family': 'hybrid', 'alpha': 0.6}"
tune,drift,hetero,med,hybrid_a0.7,3,181,181,0,1.0,0.7846440024366097,0.49457539257166244,27,0.4389880546112044,0.22045757006953656,15220.407050866179,65.70126519337018,107.782,"{'family': 'hybrid', 'alpha': 0.7}"
tune,drift,hetero,med,hybrid_a0.8,3,181,181,0,1.0,0.7885279757602627,0.4942289629058347,27,0.47550121352028835,0.23244185409972076,15847.283320357823,63.10229834254144,105.828,"{'family': 'hybrid', 'alpha': 0.8}"
tune,drift,hetero,med,hybrid_a0.9,3,181,181,0,1.0,0.7880141421088773,0.49570169474140524,27,0.48110850774919284,0.2486947688590323,16096.598086265672,62.124928176795585,107.35,"{'family': 'hybrid', 'alpha': 0.9}"
tune,drift,hetero,med,balance_l0.05,3,181,181,0,1.0,0.7855877005126225,0.5046127205013019,28,0.5130882882507312,0.2603337322301049,18960.596841876897,52.740955801104974,89.397,"{'family': 'balance', 'lam': 0.05}"
tune,drift,hetero,med,balance_l0.1,3,181,181,0,1.0,0.7877540923952022,0.49542159857596674,27,0.4816174460467362,0.25000812694226465,18798.91743162335,53.194552486187845,97.593,"{'family': 'balance', 'lam': 0.1}"
tune,drift,hetero,med,balance_l0.2,3,181,181,0,1.0,0.7878534094529687,0.4971289462901102,27,0.47321982511382826,0.2486947688590323,18728.922847909664,53.39335359116022,91.912,"{'family': 'balance', 'lam': 0.2}"
tune,drift,hetero,med,balance_l0.4,3,181,181,0,1.0,0.782927042251481,0.4895424445156051,26,0.4240613021300632,0.1953975336146751,18219.62458916508,54.885872928176795,91.06,"{'family': 'balance', 'lam': 0.4}"
tune,drift,hetero,med,balance_l0.8,3,181,181,0,1.0,0.7643299150979356,0.5075930354805284,25,0.3096997576502084,0.13761268305884805,16395.05970655017,60.99398342541436,93.615,"{'family': 'balance', 'lam': 0.8}"
tune,drift,hetero,med,wmatch_l0.05,3,181,181,0,1.0,0.7866664115863673,0.5186102756052328,29,0.5457403519131511,0.30807445731169086,13471.12182218283,74.23286740331491,133.27,"{'family': 'wmatch', 'lam': 0.05}"
tune,drift,hetero,med,wmatch_l0.1,3,181,181,0,1.0,0.7866664115863673,0.5186102756052328,29,0.5457403519131511,0.30807445731169086,13608.936605212419,73.4811270718232,131.155,"{'family': 'wmatch', 'lam': 0.1}"
tune,drift,hetero,med,wmatch_l0.2,3,181,181,0,1.0,0.7866664115863673,0.5186102756052328,29,0.5457403519131511,0.30807445731169086,13202.068304583823,75.74570718232044,132.327,"{'family': 'wmatch', 'lam': 0.2}"
tune,drift,hetero,med,wmatch_l0.4,3,181,181,0,1.0,0.7869586040370703,0.5209276975408879,29,0.5422103988046986,0.30566072920473325,13325.491171346748,75.04413812154696,134.061,"{'family': 'wmatch', 'lam': 0.4}"
tune,drift,hetero,med,wmatch_l0.8,3,181,181,0,1.0,0.7869586040370703,0.5209276975408879,29,0.5422103988046986,0.30566072920473325,13569.234093202946,73.6961270718232,130.083,"{'family': 'wmatch', 'lam': 0.8}"
tune,drift,hetero,med,d_cheap_a0.0_b0.4_g0.6,3,181,181,0,1.0,0.7802901743669668,0.4822098665613607,26,0.41917800405351746,0.18461103924780006,11242.4064066561,88.94892817679559,146.313,"{'family': 'd_cheap', 'alpha': 0.0, 'beta': 0.4, 'gamma': 0.6}"
tune,drift,hetero,med,d_cheap_a0.0_b0.6_g0.4,3,181,181,0,1.0,0.7595722436295841,0.5519606862898211,25,0.23129198460977726,0.10341269685416683,9721.738597058587,102.86225966850829,142.978,"{'family': 'd_cheap', 'alpha': 0.0, 'beta': 0.6, 'gamma': 0.4}"
tune,drift,hetero,med,d_cheap_a0.0_b0.8_g0.2,3,181,181,0,1.0,0.7530877928720526,0.6129402354621489,30,0.14162323702961926,0.02355720091124938,8274.550878179,120.85248066298342,158.537,"{'family': 'd_cheap', 'alpha': 0.0, 'beta': 0.8, 'gamma': 0.2}"
tune,drift,hetero,med,d_cheap_a0.0_b1.0_g0.0,3,181,181,0,1.0,0.7461871525985974,0.5326289655531871,30,0.2135581870454103,0.018612812614740334,9888.472777826613,101.12785082872928,127.248,"{'family': 'd_cheap', 'alpha': 0.0, 'beta': 1.0, 'gamma': 0.0}"
tune,drift,hetero,med,d_cheap_a0.2_b0.2_g0.6,3,181,181,0,1.0,0.787863157302212,0.49004628823989754,27,0.46956552550579944,0.2119053742741586,12054.96611655394,82.95336464088399,136.746,"{'family': 'd_cheap', 'alpha': 0.2, 'beta': 0.2, 'gamma': 0.6}"
tune,drift,hetero,med,d_cheap_a0.2_b0.4_g0.4,3,181,181,0,1.0,0.7829235922413751,0.48347157021161435,26,0.42911132799214097,0.1994754841416503,11752.260021285227,85.09001657458563,139.511,"{'family': 'd_cheap', 'alpha': 0.2, 'beta': 0.4, 'gamma': 0.4}"
tune,drift,hetero,med,d_cheap_a0.2_b0.6_g0.2,3,181,181,0,1.0,0.7719081804498065,0.5229392144335917,24,0.26946102889975226,0.12302786786601391,10390.361280898482,96.24304419889503,142.306,"{'family': 'd_cheap', 'alpha': 0.2, 'beta': 0.6, 'gamma': 0.2}"
tune,drift,hetero,med,d_cheap_a0.2_b0.8_g0.0,3,181,181,0,1.0,0.7569672814081666,0.6200324098981,30,0.1557204329572696,0.027994855194755554,11469.338908572641,87.18898342541436,116.888,"{'family': 'd_cheap', 'alpha': 0.2, 'beta': 0.8, 'gamma': 0.0}"
tune,drift,hetero,med,d_cheap_a0.4_b0.0_g0.6,3,181,181,0,1.0,0.7862834301873235,0.5141060291637404,29,0.5619025614304428,0.3114902703970332,14691.378376774766,68.06713259668508,115.386,"{'family': 'd_cheap', 'alpha': 0.4, 'beta': 0.0, 'gamma': 0.6}"
tune,drift,hetero,med,d_cheap_a0.4_b0.2_g0.4,3,181,181,0,1.0,0.7881777101335988,0.4901953782885023,27,0.4711064235892037,0.21321873235739094,12144.309284022518,82.34309392265195,136.445,"{'family': 'd_cheap', 'alpha': 0.4, 'beta': 0.2, 'gamma': 0.4}"
tune,drift,hetero,med,d_cheap_a0.4_b0.4_g0.2,3,181,181,0,1.0,0.7824800588496426,0.48384599890408186,26,0.42474668681655287,0.20390271775185387,11719.544691156329,85.32754696132596,140.603,"{'family': 'd_cheap', 'alpha': 0.4, 'beta': 0.4, 'gamma': 0.2}"
tune,drift,hetero,med,d_cheap_a0.4_b0.6_g0.0,3,181,181,0,1.0,0.7734307790482756,0.49407374847063884,25,0.3256948869763093,0.14832963067781724,14312.545507568726,69.868773480663,108.914,"{'family': 'd_cheap', 'alpha': 0.4, 'beta': 0.6, 'gamma': 0.0}"
tune,drift,hetero,med,d_cheap_a0.6_b0.0_g0.4,3,181,181,0,1.0,0.7865624540120638,0.5214832404215601,29,0.5436819731574858,0.30566072920473325,14412.000721714776,69.3866187845304,115.576,"{'family': 'd_cheap', 'alpha': 0.6, 'beta': 0.0, 'gamma': 0.4}"
tune,drift,hetero,med,d_cheap_a0.6_b0.2_g0.2,3,181,181,0,1.0,0.7878501243852984,0.49146159027861613,27,0.47270022132761796,0.23112849601648838,12140.722646666805,82.36741988950277,139.461,"{'family': 'd_cheap', 'alpha': 0.6, 'beta': 0.2, 'gamma': 0.2}"
tune,drift,hetero,med,d_cheap_a0.6_b0.4_g0.0,3,181,181,0,1.0,0.7846916949492333,0.4786503533697265,26,0.40172452200458925,0.19238443256113372,15088.879754049594,66.2739723756906,109.865,"{'family': 'd_cheap', 'alpha': 0.6, 'beta': 0.4, 'gamma': 0.0}"
tune,drift,hetero,med,d_cheap_a0.8_b0.0_g0.2,3,181,181,0,1.0,0.7862909818912655,0.5209385066530298,29,0.5428888300626455,0.30566072920473325,13708.006733130556,72.95006629834255,131.596,"{'family': 'd_cheap', 'alpha': 0.8, 'beta': 0.0, 'gamma': 0.2}"
tune,drift,hetero,med,d_cheap_a0.8_b0.2_g0.0,3,181,181,0,1.0,0.7885279757602627,0.4942289629058347,27,0.47550121352028835,0.23244185409972076,15526.794099612362,64.4047955801105,115.626,"{'family': 'd_cheap', 'alpha': 0.8, 'beta': 0.2, 'gamma': 0.0}"
tune,drift,hetero,med,d_capacity_a0.0_b0.4_g0.6,3,181,181,0,1.0,0.7783515183416474,0.49040738806689166,26,0.3820435165385541,0.17451622216021873,8109.265225302269,123.31573480662983,201.647,"{'family': 'd_capacity', 'alpha': 0.0, 'beta': 0.4, 'gamma': 0.6}"
tune,drift,hetero,med,d_capacity_a0.0_b0.6_g0.4,3,181,181,0,1.0,0.7528459977579876,0.5516610347579032,24,0.22286288599402715,0.10219680463701956,6830.5892353083655,146.4002541436464,203.28,"{'family': 'd_capacity', 'alpha': 0.0, 'beta': 0.6, 'gamma': 0.4}"
tune,drift,hetero,med,d_capacity_a0.0_b0.8_g0.2,3,181,181,0,1.0,0.744990771432549,0.5978440944253515,30,0.14800768920314747,0.028698616497892057,5867.210884512511,170.43873480662984,223.778,"{'family': 'd_capacity', 'alpha': 0.0, 'beta': 0.8, 'gamma': 0.2}"
tune,drift,hetero,med,d_capacity_a0.0_b1.0_g0.0,3,181,181,0,1.0,0.7461871525985974,0.5326289655531871,30,0.2135581870454103,0.018612812614740334,9954.245119821337,100.45965193370165,122.189,"{'family': 'd_capacity', 'alpha': 0.0, 'beta': 1.0, 'gamma': 0.0}"
tune,drift,hetero,med,d_capacity_a0.2_b0.2_g0.6,3,181,181,0,1.0,0.7842279204227629,0.49224671147730525,27,0.4577084152855054,0.2212783103922457,8567.252458470126,116.72353591160221,201.067,"{'family': 'd_capacity', 'alpha': 0.2, 'beta': 0.2, 'gamma': 0.6}"
tune,drift,hetero,med,d_capacity_a0.2_b0.4_g0.4,3,181,181,0,1.0,0.7853823664111836,0.47182958359187244,26,0.40825860609577946,0.1936977906443661,7772.464828093691,128.6593149171271,224.4,"{'family': 'd_capacity', 'alpha': 0.2, 'beta': 0.4, 'gamma': 0.4}"
tune,drift,hetero,med,d_capacity_a0.2_b0.6_g0.2,3,181,181,0,1.0,0.7614359005415391,0.5432194892497797,24,0.2524153567118855,0.11023876630337598,7380.08613824516,135.49977348066298,208.72,"{'family': 'd_capacity', 'alpha': 0.2, 'beta': 0.6, 'gamma': 0.2}"
tune,drift,hetero,med,d_capacity_a0.2_b0.8_g0.0,3,181,181,0,1.0,0.7569672814081666,0.6200324098981,30,0.1557204329572696,0.027994855194755554,11476.651987965366,87.13342541436464,117.891,"{'family': 'd_capacity', 'alpha': 0.2, 'beta': 0.8, 'gamma': 0.0}"
tune,drift,hetero,med,d_capacity_a0.4_b0.0_g0.6,3,181,181,0,1.0,0.7851136740092135,0.5137075781663262,28,0.5008896473029673,0.2607491830666104,9683.527346281226,103.2681546961326,184.084,"{'family': 'd_capacity', 'alpha': 0.4, 'beta': 0.0, 'gamma': 0.6}"
tune,drift,hetero,med,d_capacity_a0.4_b0.2_g0.4,3,181,181,0,1.0,0.784526541135065,0.4939827605163504,27,0.46096544069694906,0.23950126227640578,8747.414679843656,114.31949171270718,200.325,"{'family': 'd_capacity', 'alpha': 0.4, 'beta': 0.2, 'gamma': 0.4}"
tune,drift,hetero,med,d_capacity_a0.4_b0.4_g0.2,3,181,181,0,1.0,0.7820635134849431,0.4741754241256029,26,0.4260229362960532,0.18716264363203583,8516.057261216225,117.42523204419889,206.476,"{'family': 'd_capacity', 'alpha': 0.4, 'beta': 0.4, 'gamma': 0.2}"
tune,drift,hetero,med,d_capacity_a0.4_b0.6_g0.0,3,181,181,0,1.0,0.7734307790482756,0.49407374847063884,25,0.3256948869763093,0.14832963067781724,14313.211014688044,69.86552486187846,109.275,"{'family': 'd_capacity', 'alpha': 0.4, 'beta': 0.6, 'gamma': 0.0}"
tune,drift,hetero,med,d_capacity_a0.6_b0.0_g0.4,3,181,181,0,1.0,0.7858525226563244,0.5162370454427235,29,0.5494969412416068,0.29794464198643206,10250.631914645877,97.55496132596686,172.743,"{'family': 'd_capacity', 'alpha': 0.6, 'beta': 0.0, 'gamma': 0.4}"
tune,drift,hetero,med,d_capacity_a0.6_b0.2_g0.2,3,181,181,0,1.0,0.788005803903863,0.497088892435008,27,0.46770537176152427,0.23230943622245934,9000.692854439452,111.10255801104972,196.538,"{'family': 'd_capacity', 'alpha': 0.6, 'beta': 0.2, 'gamma': 0.2}"
tune,drift,hetero,med,d_capacity_a0.6_b0.4_g0.0,3,181,181,0,1.0,0.7846916949492333,0.4786503533697265,26,0.40172452200458925,0.19238443256113372,15486.15003444171,64.57382872928177,105.718,"{'family': 'd_capacity', 'alpha': 0.6, 'beta': 0.4, 'gamma': 0.0}"
tune,drift,hetero,med,d_capacity_a0.8_b0.0_g0.2,3,181,181,0,1.0,0.7862909818912655,0.5209385066530298,29,0.5428888300626455,0.30566072920473325,10209.828330479846,97.94483977900553,176.631,"{'family': 'd_capacity', 'alpha': 0.8, 'beta': 0.0, 'gamma': 0.2}"
tune,drift,hetero,med,d_capacity_a0.8_b0.2_g0.0,3,181,181,0,1.0,0.7885279757602627,0.4942289629058347,27,0.47550121352028835,0.23244185409972076,16263.347625910657,61.487955801104974,105.186,"{'family': 'd_capacity', 'alpha': 0.8, 'beta': 0.2, 'gamma': 0.0}"
tune,drift,hetero,med,binpack,4,168,168,0,1.0,0.7969696097881233,0.4485224674574998,27,0.52265150298334,0.2820165126340512,22430.45457585946,44.58224404761905,79.719,{}
tune,drift,hetero,med,hybrid_a0.1,4,168,168,0,1.0,0.7561231299328203,0.5744812226340816,30,0.18759230591100728,0.02844039838450132,10998.349658353944,90.92273214285714,117.45,"{'family': 'hybrid', 'alpha': 0.1}"
tune,drift,hetero,med,hybrid_a0.2,4,168,168,0,1.0,0.7678853089153285,0.5583511176695933,30,0.22495272210569983,0.04456278517634247,11353.197012973866,88.08091666666667,117.79,"{'family': 'hybrid', 'alpha': 0.2}"
tune,drift,hetero,med,hybrid_a0.3,4,168,168,0,1.0,0.7607826275674874,0.5226742355746836,28,0.24867261608869912,0.0820630830328412,12277.2465351491,81.45148809523809,113.231,"{'family': 'hybrid', 'alpha': 0.3}"
tune,drift,hetero,med,hybrid_a0.4,4,168,168,0,1.0,0.793146903352037,0.4498195183315063,25,0.39477631646785094,0.1946514175635804,14686.038717293404,68.09188095238095,107.561,"{'family': 'hybrid', 'alpha': 0.4}"
tune,drift,hetero,med,hybrid_a0.5,4,168,168,0,1.0,0.7942599860498906,0.43845499964392715,26,0.4448488528467956,0.21964826324013484,15654.808490907213,63.87813690476191,109.004,"{'family': 'hybrid', 'alpha': 0.5}"
tune,drift,hetero,med,hybrid_a0.6,4,168,168,0,1.0,0.8000762418414066,0.4309442477161141,27,0.4881754714390929,0.2422724165176302,16202.491017261826,61.71890476190476,104.335,"{'family': 'hybrid', 'alpha': 0.6}"
tune,drift,hetero,med,hybrid_a0.7,4,168,168,0,1.0,0.7974974317593045,0.43941675974250755,28,0.5408543935939552,0.2803648156013896,16744.61717868151,59.720684523809524,105.728,"{'family': 'hybrid', 'alpha': 0.7}"
tune,drift,hetero,med,hybrid_a0.8,4,168,168,0,1.0,0.7966677675967921,0.43923742743315,28,0.5437119041313383,0.29212172226506306,16877.03353185279,59.25211904761905,105.768,"{'family': 'hybrid', 'alpha': 0.8}"
tune,drift,hetero,med,hybrid_a0.9,4,168,168,0,1.0,0.7979159700102338,0.4370607283474819,28,0.5486175385446695,0.298602250565516,17002.64947833746,58.81436309523809,108.162,"{'family': 'hybrid', 'alpha': 0.9}"
tune,drift,hetero,med,balance_l0.05,4,168,168,0,1.0,0.7967817974567669,0.43951661831906796,28,0.5449168367387912,0.29414276419126545,20007.374146471127,49.98157142857143,89.869,"{'family': 'balance', 'lam': 0.05}"
tune,drift,hetero,med,balance_l0.1,4,168,168,0,1.0,0.7976045024569196,0.43987871208874946,28,0.5454880872500876,0.298602250565516,19844.004860363762,50.393053571428574,89.076,"{'family': 'balance', 'lam': 0.1}"
tune,drift,hetero,med,balance_l0.2,4,168,168,0,1.0,0.7966927441712232,0.43932833834891816,28,0.5470967140943104,0.298602250565516,19883.200399936377,50.29371428571428,90.8,"{'family': 'balance', 'lam': 0.2}"
tune,drift,hetero,med,balance_l0.4,4,168,168,0,1.0,0.7937497541772083,0.4427462663470011,27,0.47870632027250476,0.23917855849693312,16974.238864520416,58.912803571428576,107.15,"{'family': 'balance', 'lam': 0.4}"
tune,drift,hetero,med,balance_l0.8,4,168,168,0,1.0,0.7665483408393429,0.4738243483016798,24,0.32303649106844146,0.1607407999395115,16570.74866346555,60.347303571428576,90.068,"{'family': 'balance', 'lam': 0.8}"
tune,drift,hetero,med,wmatch_l0.05,4,168,168,0,1.0,0.7969696097881233,0.4485224674574998,27,0.52265150298334,0.2820165126340512,14039.077772981092,71.22975,128.32,"{'family': 'wmatch', 'lam': 0.05}"
tune,drift,hetero,med,wmatch_l0.1,4,168,168,0,1.0,0.7969696097881233,0.4485224674574998,27,0.52265150298334,0.2820165126340512,14132.003511802874,70.761375,128.541,"{'family': 'wmatch', 'lam': 0.1}"
tune,drift,hetero,med,wmatch_l0.2,4,168,168,0,1.0,0.795190291060639,0.4484900861935921,27,0.5209229387195478,0.2820165126340512,13993.214457089518,71.46320833333333,132.688,"{'family': 'wmatch', 'lam': 0.2}"
tune,drift,hetero,med,wmatch_l0.4,4,168,168,0,1.0,0.795190291060639,0.4484900861935921,27,0.5209229387195478,0.2820165126340512,13861.061341466915,72.14454761904761,129.071,"{'family': 'wmatch', 'lam': 0.4}"
tune,drift,hetero,med,wmatch_l0.8,4,168,168,0,1.0,0.795190291060639,0.4484900861935921,27,0.5209229387195478,0.2820165126340512,13437.327584290037,74.41955952380953,128.36,"{'family': 'wmatch', 'lam': 0.8}"
tune,drift,hetero,med,d_cheap_a0.0_b0.4_g0.6,4,168,168,0,1.0,0.7971684000695213,0.4421825425204358,27,0.48163878382313285,0.23878867535652842,11629.99422584632,85.98456547619047,150.021,"{'family': 'd_cheap', 'alpha': 0.0, 'beta': 0.4, 'gamma': 0.6}"
tune,drift,hetero,med,d_cheap_a0.0_b0.6_g0.4,4,168,168,0,1.0,0.7759943518496196,0.4984417198461425,24,0.27755263200347713,0.11691369180617044,9127.763919513985,109.55585714285715,167.153,"{'family': 'd_cheap', 'alpha': 0.0, 'beta': 0.6, 'gamma': 0.4}"
tune,drift,hetero,med,d_cheap_a0.0_b0.8_g0.2,4,168,168,0,1.0,0.7657522650552441,0.5664896118617225,30,0.19955603215122314,0.03856821230726674,8148.86699462946,122.71644642857143,182.912,"{'family': 'd_cheap', 'alpha': 0.0, 'beta': 0.8, 'gamma': 0.2}"
tune,drift,hetero,med,d_cheap_a0.0_b1.0_g0.0,4,168,168,0,1.0,0.7553748504259815,0.47983290409702073,30,0.27554194632896073,0.01920923910257494,9729.855203538147,102.77645238095238,131.976,"{'family': 'd_cheap', 'alpha': 0.0, 'beta': 1.0, 'gamma': 0.0}"
tune,drift,hetero,med,d_cheap_a0.2_b0.2_g0.6,4,168,168,0,1.0,0.7967700513362381,0.44036853076458216,28,0.5379259343942322,0.28640686536171367,12652.356399708726,79.03666071428572,137.668,"{'family': 'd_cheap', 'alpha': 0.2, 'beta': 0.2, 'gamma': 0.6}"
tune,drift,hetero,med,d_cheap_a0.2_b0.4_g0.4,4,168,168,0,1.0,0.7976718267690075,0.4386744708451881,27,0.4903349335202948,0.2527439092766238,12104.268764912838,82.61548214285715,140.633,"{'family': 'd_cheap', 'alpha': 0.2, 'beta': 0.4, 'gamma': 0.4}"
tune,drift,hetero,med,d_cheap_a0.2_b0.6_g0.2,4,168,168,0,1.0,0.7825830640935361,0.48747862896643746,25,0.32009744228992393,0.17156026960754392,10299.249601578433,97.09445238095238,145.973,"{'family': 'd_cheap', 'alpha': 0.2, 'beta': 0.6, 'gamma': 0.2}"
tune,drift,hetero,med,d_cheap_a0.2_b0.8_g0.0,4,168,168,0,1.0,0.7678853089153285,0.5583511176695933,30,0.22495272210569983,0.04456278517634247,11305.471000053702,88.45275,121.988,"{'family': 'd_cheap', 'alpha': 0.2, 'beta': 0.8, 'gamma': 0.0}"
tune,drift,hetero,med,d_cheap_a0.4_b0.0_g0.6,4,168,168,0,1.0,0.7957360220909007,0.45072148559287617,28,0.5260235310975717,0.28875331905472573,14676.798549932302,68.13475,119.033,"{'family': 'd_cheap', 'alpha': 0.4, 'beta': 0.0, 'gamma': 0.6}"
tune,drift,hetero,med,d_cheap_a0.4_b0.2_g0.4,4,168,168,0,1.0,0.7963663708203376,0.4378206250030893,28,0.5457472964979425,0.27584111067023864,12855.814313678962,77.78581547619048,138.88,"{'family': 'd_cheap', 'alpha': 0.4, 'beta': 0.2, 'gamma': 0.4}"
tune,drift,hetero,med,d_cheap_a0.4_b0.4_g0.2,4,168,168,0,1.0,0.8000016576294477,0.4352799536707082,27,0.48323601469090893,0.23957125058620235,12334.623353832547,81.07260119047618,140.011,"{'family': 'd_cheap', 'alpha': 0.4, 'beta': 0.4, 'gamma': 0.2}"
tune,drift,hetero,med,d_cheap_a0.4_b0.6_g0.0,4,168,168,0,1.0,0.793146903352037,0.4498195183315063,25,0.39477631646785094,0.1946514175635804,14859.402193866905,67.29745833333332,109.204,"{'family': 'd_cheap', 'alpha': 0.4, 'beta': 0.6, 'gamma': 0.0}"
tune,drift,hetero,med,d_cheap_a0.6_b0.0_g0.4,4,168,168,0,1.0,0.795190291060639,0.4484900861935921,27,0.5209229387195478,0.2820165126340512,14680.065022202287,68.11958928571428,120.024,"{'family': 'd_cheap', 'alpha': 0.6, 'beta': 0.0, 'gamma': 0.4}"
tune,drift,hetero,med,d_cheap_a0.6_b0.2_g0.2,4,168,168,0,1.0,0.7964783188841451,0.43859866280400606,28,0.5440366071143399,0.285407520136142,13000.24839760331,76.92160714285714,136.234,"{'family': 'd_cheap', 'alpha': 0.6, 'beta': 0.2, 'gamma': 0.2}"
tune,drift,hetero,med,d_cheap_a0.6_b0.4_g0.0,4,168,168,0,1.0,0.8000762418414066,0.4309442477161141,27,0.4881754714390929,0.2422724165176302,16242.238288717774,61.56786904761905,105.527,"{'family': 'd_cheap', 'alpha': 0.6, 'beta': 0.4, 'gamma': 0.0}"
tune,drift,hetero,med,d_cheap_a0.8_b0.0_g0.2,4,168,168,0,1.0,0.795190291060639,0.4484900861935921,27,0.5209229387195478,0.2820165126340512,14520.793084230281,68.8667619047619,118.222,"{'family': 'd_cheap', 'alpha': 0.8, 'beta': 0.0, 'gamma': 0.2}"
tune,drift,hetero,med,d_cheap_a0.8_b0.2_g0.0,4,168,168,0,1.0,0.7966677675967921,0.43923742743315,28,0.5437119041313383,0.29212172226506306,16717.010075182763,59.81930952380953,105.738,"{'family': 'd_cheap', 'alpha': 0.8, 'beta': 0.2, 'gamma': 0.0}"
tune,drift,hetero,med,d_capacity_a0.0_b0.4_g0.6,4,168,168,0,1.0,0.7946814694426133,0.44814413640334577,26,0.4341526380323656,0.21149343361526685,8448.421706590238,118.36530357142857,202.108,"{'family': 'd_capacity', 'alpha': 0.0, 'beta': 0.4, 'gamma': 0.6}"
tune,drift,hetero,med,d_capacity_a0.0_b0.6_g0.4,4,168,168,0,1.0,0.7564665953520974,0.5078564229679013,25,0.2526708011475769,0.11183991176076832,6864.722631699295,145.67230952380953,208.71,"{'family': 'd_capacity', 'alpha': 0.0, 'beta': 0.6, 'gamma': 0.4}"
tune,drift,hetero,med,d_capacity_a0.0_b0.8_g0.2,4,168,168,0,1.0,0.7528854789066735,0.5697733842736444,30,0.18311209463302894,0.03265566502800296,5896.80527587168,169.58335119047618,229.439,"{'family': 'd_capacity', 'alpha': 0.0, 'beta': 0.8, 'gamma': 0.2}"
tune,drift,hetero,med,d_capacity_a0.0_b1.0_g0.0,4,168,168,0,1.0,0.7553748504259815,0.47983290409702073,30,0.27554194632896073,0.01920923910257494,9759.739043167965,102.46175595238094,132.387,"{'family': 'd_capacity', 'alpha': 0.0, 'beta': 1.0, 'gamma': 0.0}"
tune,drift,hetero,med,d_capacity_a0.2_b0.2_g0.6,4,168,168,0,1.0,0.7965525177628994,0.4418558683671575,28,0.5362210632183182,0.28640686536171367,9132.261234855667,109.50190476190477,197.55,"{'family': 'd_capacity', 'alpha': 0.2, 'beta': 0.2, 'gamma': 0.6}"
tune,drift,hetero,med,d_capacity_a0.2_b0.4_g0.4,4,168,168,0,1.0,0.7956387518303712,0.43352382420473395,26,0.46736182186019615,0.2324692714576996,8695.00679918478,115.00853571428571,198.902,"{'family': 'd_capacity', 'alpha': 0.2, 'beta': 0.4, 'gamma': 0.4}"
tune,drift,hetero,med,d_capacity_a0.2_b0.6_g0.2,4,168,168,0,1.0,0.7777120035912114,0.4957598411139896,24,0.28676053579256927,0.14157831584540853,7260.60332242615,137.7296011904762,203.461,"{'family': 'd_capacity', 'alpha': 0.2, 'beta': 0.6, 'gamma': 0.2}"
tune,drift,hetero,med,d_capacity_a0.2_b0.8_g0.0,4,168,168,0,1.0,0.7678853089153285,0.5583511176695933,30,0.22495272210569983,0.04456278517634247,11490.664006486753,87.02717261904762,118.281,"{'family': 'd_capacity', 'alpha': 0.2, 'beta': 0.8, 'gamma': 0.0}"
tune,drift,hetero,med,d_capacity_a0.4_b0.0_g0.6,4,168,168,0,1.0,0.7959956110077713,0.43784122039569356,28,0.5530837388104656,0.30162614373512986,10336.095367706594,96.74833333333333,175.498,"{'family': 'd_capacity', 'alpha': 0.4, 'beta': 0.0, 'gamma': 0.6}"
tune,drift,hetero,med,d_capacity_a0.4_b0.2_g0.4,4,168,168,0,1.0,0.7962300314754145,0.43905245604985565,28,0.544379126106253,0.27584111067023864,9356.485957836,106.87773214285714,195.646,"{'family': 'd_capacity', 'alpha': 0.4, 'beta': 0.2, 'gamma': 0.4}"
tune,drift,hetero,med,d_capacity_a0.4_b0.4_g0.2,4,168,168,0,1.0,0.8000048795371131,0.4359329808719295,27,0.48183780903681106,0.23277022560862728,8738.043898372182,114.44208928571429,196.427,"{'family': 'd_capacity', 'alpha': 0.4, 'beta': 0.4, 'gamma': 0.2}"
tune,drift,hetero,med,d_capacity_a0.4_b0.6_g0.0,4,168,168,0,1.0,0.793146903352037,0.4498195183315063,25,0.39477631646785094,0.1946514175635804,14902.85599929105,67.10123214285714,105.537,"{'family': 'd_capacity', 'alpha': 0.4, 'beta': 0.6, 'gamma': 0.0}"
tune,drift,hetero,med,d_capacity_a0.6_b0.0_g0.4,4,168,168,0,1.0,0.7954212410186172,0.444378691183973,28,0.5435544067586536,0.29212172226506306,10393.240632225778,96.21638095238094,177.221,"{'family': 'd_capacity', 'alpha': 0.6, 'beta': 0.0, 'gamma': 0.4}"
tune,drift,hetero,med,d_capacity_a0.6_b0.2_g0.2,4,168,168,0,1.0,0.7972065553271117,0.43912544642859314,28,0.5463262003738852,0.28396689264019503,9246.356453976068,108.15070833333333,196.447,"{'family': 'd_capacity', 'alpha': 0.6, 'beta': 0.2, 'gamma': 0.2}"
tune,drift,hetero,med,d_capacity_a0.6_b0.4_g0.0,4,168,168,0,1.0,0.8000762418414066,0.4309442477161141,27,0.4881754714390929,0.2422724165176302,16349.722113115942,61.16311904761905,105.257,"{'family': 'd_capacity', 'alpha': 0.6, 'beta': 0.4, 'gamma': 0.0}"
tune,drift,hetero,med,d_capacity_a0.8_b0.0_g0.2,4,168,168,0,1.0,0.795190291060639,0.4484900861935921,27,0.5209229387195478,0.2820165126340512,10172.18604637645,98.30728571428571,184.264,"{'family': 'd_capacity', 'alpha': 0.8, 'beta': 0.0, 'gamma': 0.2}"
tune,drift,hetero,med,d_capacity_a0.8_b0.2_g0.0,4,168,168,0,1.0,0.7966677675967921,0.43923742743315,28,0.5437119041313383,0.29212172226506306,16919.981279249285,59.10172023809524,104.366,"{'family': 'd_capacity', 'alpha': 0.8, 'beta': 0.2, 'gamma': 0.0}"
tune,drift,hetero,med,binpack,5,166,166,0,1.0,0.7943010553025913,0.42093219944364246,27,0.5413386499772889,0.29872657592673496,22072.51912863013,45.30520481927711,79.579,{}
tune,drift,hetero,med,hybrid_a0.1,5,166,166,0,1.0,0.7445384425987126,0.49065126741729126,30,0.2592542615968783,0.03147078443017297,10022.47751900935,99.77572891566265,156.644,"{'family': 'hybrid', 'alpha': 0.1}"
tune,drift,hetero,med,hybrid_a0.2,5,166,166,0,1.0,0.7368787631006712,0.4777243002570331,30,0.2608272166476279,0.049423304327004224,10762.659562101097,92.9138373493976,120.976,"{'family': 'hybrid', 'alpha': 0.2}"
tune,drift,hetero,med,hybrid_a0.3,5,166,166,0,1.0,0.7416304148235652,0.4661927927028174,30,0.2754376221207479,0.07226337465678367,11348.52079893313,88.1172108433735,118.462,"{'family': 'hybrid', 'alpha': 0.3}"
tune,drift,hetero,med,hybrid_a0.4,5,166,166,0,1.0,0.7815226778875409,0.43125224276279256,25,0.36938784569197686,0.225102577733828,12964.579051833169,77.13324096385543,113.202,"{'family': 'hybrid', 'alpha': 0.4}"
tune,drift,hetero,med,hybrid_a0.5,5,166,166,0,1.0,0.7929323216474768,0.3962368817272518,25,0.44222495781768417,0.2584254966259513,14546.289403685381,68.74605421686748,109.865,"{'family': 'hybrid', 'alpha': 0.5}"
tune,drift,hetero,med,hybrid_a0.6,5,166,166,0,1.0,0.7881849124564955,0.40482347689770287,26,0.48752987919164587,0.2610527866135973,15647.875296614431,63.90643975903615,110.657,"{'family': 'hybrid', 'alpha': 0.6}"
tune,drift,hetero,med,hybrid_a0.7,5,166,166,0,1.0,0.7881860393310273,0.3991819887201745,26,0.5162525312066012,0.27719981082321093,16042.42777597542,62.334704819277114,105.978,"{'family': 'hybrid', 'alpha': 0.7}"
tune,drift,hetero,med,hybrid_a0.8,5,166,166,0,1.0,0.7874315467049767,0.40685450447616733,27,0.5382517405599704,0.302568204931776,16387.579281084792,61.02182530120482,107.16,"{'family': 'hybrid', 'alpha': 0.8}"
tune,drift,hetero,med,hybrid_a0.9,5,166,166,0,1.0,0.7908494966920921,0.41240655773444124,27,0.5542140630432701,0.3081166084445744,16734.204977075147,59.75784337349398,105.918,"{'family': 'hybrid', 'alpha': 0.9}"
tune,drift,hetero,med,balance_l0.05,5,166,166,0,1.0,0.7941921356869321,0.41217175334207756,27,0.5482636363176142,0.29746474437009346,19492.282406535975,51.30235542168675,93.746,"{'family': 'balance', 'lam': 0.05}"
tune,drift,hetero,med,balance_l0.1,5,166,166,0,1.0,0.7905679663141106,0.4098743847788482,27,0.5574467314075179,0.3062238611096122,19939.259729758167,50.152313253012046,90.7,"{'family': 'balance', 'lam': 0.1}"
tune,drift,hetero,med,balance_l0.2,5,166,166,0,1.0,0.7874122463905933,0.40566249155048895,27,0.5580259617561528,0.30054750004552705,19517.99259092298,51.23477710843374,92.673,"{'family': 'balance', 'lam': 0.2}"
tune,drift,hetero,med,balance_l0.4,5,166,166,0,1.0,0.7854077573451076,0.405196469519035,26,0.5033297910892436,0.26799286017512547,18590.297723618045,53.7915,93.595,"{'family': 'balance', 'lam': 0.4}"
tune,drift,hetero,med,balance_l0.8,5,166,166,0,1.0,0.7295916726780881,0.42437636476980656,23,0.31575301582592563,0.16195042467788817,14874.022850620815,67.23130722891567,94.467,"{'family': 'balance', 'lam': 0.8}"
tune,drift,hetero,med,wmatch_l0.05,5,166,166,0,1.0,0.7943010553025913,0.42093219944364246,27,0.5413386499772889,0.29872657592673496,13691.899435143165,73.03588554216867,131.426,"{'family': 'wmatch', 'lam': 0.05}"
tune,drift,hetero,med,wmatch_l0.1,5,166,166,0,1.0,0.7943010553025913,0.42093219944364246,27,0.5413386499772889,0.29872657592673496,13605.225849207873,73.5011686746988,135.684,"{'family': 'wmatch', 'lam': 0.1}"
tune,drift,hetero,med,wmatch_l0.2,5,166,166,0,1.0,0.7942945020279848,0.420449481701912,27,0.5402610487859831,0.29872657592673496,13587.560408370036,73.59672891566265,129.722,"{'family': 'wmatch', 'lam': 0.2}"
tune,drift,hetero,med,wmatch_l0.4,5,166,166,0,1.0,0.7942945020279848,0.420449481701912,27,0.5402610487859831,0.29872657592673496,13411.610819291875,74.56225903614458,134.311,"{'family': 'wmatch', 'lam': 0.4}"
tune,drift,hetero,med,wmatch_l0.8,5,166,166,0,1.0,0.7942945020279848,0.420449481701912,27,0.5402610487859831,0.29872657592673496,13494.9541065877,74.10177108433734,131.716,"{'family': 'wmatch', 'lam': 0.8}"
tune,drift,hetero,med,d_cheap_a0.0_b0.4_g0.6,5,166,166,0,1.0,0.7925452137393536,0.3997634058098946,25,0.44171385896078824,0.2638137883544867,11009.426456633339,90.8312530120482,143.428,"{'family': 'd_cheap', 'alpha': 0.0, 'beta': 0.4, 'gamma': 0.6}"
tune,drift,hetero,med,d_cheap_a0.0_b0.6_g0.4,5,166,166,0,1.0,0.7635489519735453,0.4609728845414988,26,0.30257606743204657,0.14378237036989025,8678.483868868108,115.2275,157.434,"{'family': 'd_cheap', 'alpha': 0.0, 'beta': 0.6, 'gamma': 0.4}"
tune,drift,hetero,med,d_cheap_a0.0_b0.8_g0.2,5,166,166,0,1.0,0.7472927052592147,0.4916704779022608,30,0.257665551720813,0.03943906085353529,7945.099553533268,125.8637469879518,166.802,"{'family': 'd_cheap', 'alpha': 0.0, 'beta': 0.8, 'gamma': 0.2}"
tune,drift,hetero,med,d_cheap_a0.0_b1.0_g0.0,5,166,166,0,1.0,0.7358745968990331,0.43885492279816746,30,0.29701967410086566,0.02514481188918556,9366.023991916782,106.76889156626505,140.242,"{'family': 'd_cheap', 'alpha': 0.0, 'beta': 1.0, 'gamma': 0.0}"
tune,drift,hetero,med,d_cheap_a0.2_b0.2_g0.6,5,166,166,0,1.0,0.7873181722757582,0.4077924133724667,27,0.5185666828073404,0.27795606226002406,12440.764909188785,80.38090963855421,142.006,"{'family': 'd_cheap', 'alpha': 0.2, 'beta': 0.2, 'gamma': 0.6}"
tune,drift,hetero,med,d_cheap_a0.2_b0.4_g0.4,5,166,166,0,1.0,0.7843627884012186,0.4068195413759284,26,0.459659425292677,0.25712917857594014,11655.500205972348,85.79640361445783,142.206,"{'family': 'd_cheap', 'alpha': 0.2, 'beta': 0.4, 'gamma': 0.4}"
tune,drift,hetero,med,d_cheap_a0.2_b0.6_g0.2,5,166,166,0,1.0,0.7663318223188519,0.450828679725867,25,0.31550314259298484,0.15522813090131235,9221.983475316694,108.4365421686747,160.059,"{'family': 'd_cheap', 'alpha': 0.2, 'beta': 0.6, 'gamma': 0.2}"
tune,drift,hetero,med,d_cheap_a0.2_b0.8_g0.0,5,166,166,0,1.0,0.7368787631006712,0.4777243002570331,30,0.2608272166476279,0.049423304327004224,10759.352307731995,92.94239759036145,127.899,"{'family': 'd_cheap', 'alpha': 0.2, 'beta': 0.8, 'gamma': 0.0}"
tune,drift,hetero,med,d_cheap_a0.4_b0.0_g0.6,5,166,166,0,1.0,0.7912254394606547,0.4198946840317943,27,0.5339385304885652,0.3095082784933041,14245.635257501015,70.19693975903614,120.676,"{'family': 'd_cheap', 'alpha': 0.4, 'beta': 0.0, 'gamma': 0.6}"
tune,drift,hetero,med,d_cheap_a0.4_b0.2_g0.4,5,166,166,0,1.0,0.7870929753167809,0.40682255076027196,27,0.5253128046973172,0.290701125348615,12451.870893601763,80.30921686746987,136.235,"{'family': 'd_cheap', 'alpha': 0.4, 'beta': 0.2, 'gamma': 0.4}"
tune,drift,hetero,med,d_cheap_a0.4_b0.4_g0.2,5,166,166,0,1.0,0.788347009204127,0.40910265615107017,26,0.48130614133574584,0.2591600392786351,11919.44922379254,83.89649397590362,145.152,"{'family': 'd_cheap', 'alpha': 0.4, 'beta': 0.4, 'gamma': 0.2}"
tune,drift,hetero,med,d_cheap_a0.4_b0.6_g0.0,5,166,166,0,1.0,0.7815226778875409,0.43125224276279256,25,0.36938784569197686,0.225102577733828,12929.172590590273,77.34446987951807,117.209,"{'family': 'd_cheap', 'alpha': 0.4, 'beta': 0.6, 'gamma': 0.0}"
tune,drift,hetero,med,d_cheap_a0.6_b0.0_g0.4,5,166,166,0,1.0,0.7908912253630258,0.41973864754978263,27,0.5347554672688506,0.30660498347053483,14267.458814315729,70.08956626506024,119.444,"{'family': 'd_cheap', 'alpha': 0.6, 'beta': 0.0, 'gamma': 0.4}"
tune,drift,hetero,med,d_cheap_a0.6_b0.2_g0.2,5,166,166,0,1.0,0.7877687930790528,0.40543100852263314,27,0.5392255635920764,0.3046090959655413,12624.426653297956,79.21151807228915,136.064,"{'family': 'd_cheap', 'alpha': 0.6, 'beta': 0.2, 'gamma': 0.2}"
tune,drift,hetero,med,d_cheap_a0.6_b0.4_g0.0,5,166,166,0,1.0,0.7881849124564955,0.40482347689770287,26,0.48752987919164587,0.2610527866135973,15525.584526566472,64.40981325301205,111.739,"{'family': 'd_cheap', 'alpha': 0.6, 'beta': 0.4, 'gamma': 0.0}"
tune,drift,hetero,med,d_cheap_a0.8_b0.0_g0.2,5,166,166,0,1.0,0.7943010553025913,0.42093219944364246,27,0.5413386499772889,0.29872657592673496,14439.384377716899,69.25503012048192,120.786,"{'family': 'd_cheap', 'alpha': 0.8, 'beta': 0.0, 'gamma': 0.2}"
tune,drift,hetero,med,d_cheap_a0.8_b0.2_g0.0,5,166,166,0,1.0,0.7874315467049767,0.40685450447616733,27,0.5382517405599704,0.302568204931776,16474.71964195472,60.69906024096385,105.778,"{'family': 'd_cheap', 'alpha': 0.8, 'beta': 0.2, 'gamma': 0.0}"
tune,drift,hetero,med,d_capacity_a0.0_b0.4_g0.6,5,166,166,0,1.0,0.7811962826075993,0.4103954220401441,25,0.4210530505869336,0.23188949214299354,7829.597027620837,127.72049397590362,214.241,"{'family': 'd_capacity', 'alpha': 0.0, 'beta': 0.4, 'gamma': 0.6}"
tune,drift,hetero,med,d_capacity_a0.0_b0.6_g0.4,5,166,166,0,1.0,0.7362367864171121,0.4592016641333271,27,0.2770351222837849,0.10534340049527492,6155.252905807759,162.46286144578315,225.873,"{'family': 'd_capacity', 'alpha': 0.0, 'beta': 0.6, 'gamma': 0.4}"
tune,drift,hetero,med,d_capacity_a0.0_b0.8_g0.2,5,166,166,0,1.0,0.7407745788626151,0.4879502866755279,30,0.2585273975114369,0.041118279453561786,5727.49108081276,174.59651807228914,221.555,"{'family': 'd_capacity', 'alpha': 0.0, 'beta': 0.8, 'gamma': 0.2}"
tune,drift,hetero,med,d_capacity_a0.0_b1.0_g0.0,5,166,166,0,1.0,0.7358745968990331,0.43885492279816746,30,0.29701967410086566,0.02514481188918556,9635.851870254997,103.77909638554218,134.191,"{'family': 'd_capacity', 'alpha': 0.0, 'beta': 1.0, 'gamma': 0.0}"
tune,drift,hetero,med,d_capacity_a0.2_b0.2_g0.6,5,166,166,0,1.0,0.7858570085101008,0.4005015117831871,27,0.5291349541422659,0.2847460319693067,9010.782215147734,110.97815662650602,199.984,"{'family': 'd_capacity', 'alpha': 0.2, 'beta': 0.2, 'gamma': 0.6}"
tune,drift,hetero,med,d_capacity_a0.2_b0.4_g0.4,5,166,166,0,1.0,0.7858136207486973,0.4089497984907178,26,0.4563630735583152,0.2531246045620738,8152.254650898111,122.66545180722892,202.188,"{'family': 'd_capacity', 'alpha': 0.2, 'beta': 0.4, 'gamma': 0.4}"
tune,drift,hetero,med,d_capacity_a0.2_b0.6_g0.2,5,166,166,0,1.0,0.7622089887804611,0.4569234475803823,26,0.3052855412000788,0.14134798377825608,6356.670483221837,157.31506024096385,211.626,"{'family': 'd_capacity', 'alpha': 0.2, 'beta': 0.6, 'gamma': 0.2}"
tune,drift,hetero,med,d_capacity_a0.2_b0.8_g0.0,5,166,166,0,1.0,0.7368787631006712,0.4777243002570331,30,0.2608272166476279,0.049423304327004224,10683.511775868676,93.60218072289157,127.799,"{'family': 'd_capacity', 'alpha': 0.2, 'beta': 0.8, 'gamma': 0.0}"
tune,drift,hetero,med,d_capacity_a0.4_b0.0_g0.6,5,166,166,0,1.0,0.7941921356869321,0.41151251601422534,27,0.5489228736454664,0.29746474437009346,9960.497626461418,100.39659036144577,178.243,"{'family': 'd_capacity', 'alpha': 0.4, 'beta': 0.0, 'gamma': 0.6}"
tune,drift,hetero,med,d_capacity_a0.4_b0.2_g0.4,5,166,166,0,1.0,0.786610272905704,0.405607342499142,27,0.5283213396301634,0.2848961358215522,8913.57244438884,112.18846385542167,200.285,"{'family': 'd_capacity', 'alpha': 0.4, 'beta': 0.2, 'gamma': 0.4}"
tune,drift,hetero,med,d_capacity_a0.4_b0.4_g0.2,5,166,166,0,1.0,0.7925724977542462,0.3917621366783575,26,0.4724972553480696,0.26581016256381196,8452.916643242923,118.30236144578313,205.855,"{'family': 'd_capacity', 'alpha': 0.4, 'beta': 0.4, 'gamma': 0.2}"
tune,drift,hetero,med,d_capacity_a0.4_b0.6_g0.0,5,166,166,0,1.0,0.7815226778875409,0.43125224276279256,25,0.36938784569197686,0.225102577733828,12887.909580289697,77.59210240963856,109.725,"{'family': 'd_capacity', 'alpha': 0.4, 'beta': 0.6, 'gamma': 0.0}"
tune,drift,hetero,med,d_capacity_a0.6_b0.0_g0.4,5,166,166,0,1.0,0.7932876395888286,0.4142123158247935,27,0.5483712501794185,0.3012502390400179,10045.76572487613,99.54442771084338,178.964,"{'family': 'd_capacity', 'alpha': 0.6, 'beta': 0.0, 'gamma': 0.4}"
tune,drift,hetero,med,d_capacity_a0.6_b0.2_g0.2,5,166,166,0,1.0,0.7880267698342485,0.40691082886586777,27,0.5380037200040376,0.3046090959655413,8987.24325787568,111.26882530120483,198.722,"{'family': 'd_capacity', 'alpha': 0.6, 'beta': 0.2, 'gamma': 0.2}"
tune,drift,hetero,med,d_capacity_a0.6_b0.4_g0.0,5,166,166,0,1.0,0.7881849124564955,0.40482347689770287,26,0.48752987919164587,0.2610527866135973,15616.733009558944,64.03387951807228,108.493,"{'family': 'd_capacity', 'alpha': 0.6, 'beta': 0.4, 'gamma': 0.0}"
tune,drift,hetero,med,d_capacity_a0.8_b0.0_g0.2,5,166,166,0,1.0,0.7942945020279848,0.41979024437405976,27,0.5409202861138354,0.29872657592673496,10199.541118958477,98.0436265060241,180.959,"{'family': 'd_capacity', 'alpha': 0.8, 'beta': 0.0, 'gamma': 0.2}"
tune,drift,hetero,med,d_capacity_a0.8_b0.2_g0.0,5,166,166,0,1.0,0.7874315467049767,0.40685450447616733,27,0.5382517405599704,0.302568204931776,16245.473409242755,61.55560843373494,108.543,"{'family': 'd_capacity', 'alpha': 0.8, 'beta': 0.2, 'gamma': 0.0}"
tune,drift,hetero,med,binpack,6,181,181,0,1.0,0.784603843238495,0.4917458389952198,28,0.5542249687710051,0.2842496665925633,21746.9505608911,45.98345856353591,82.194,{}
tune,drift,hetero,med,hybrid_a0.1,6,181,181,0,1.0,0.7401968126019269,0.5716725164200855,30,0.17072034658765148,0.024808462370033122,10765.160230191243,92.89225414364641,124.212,"{'family': 'hybrid', 'alpha': 0.1}"
tune,drift,hetero,med,hybrid_a0.2,6,181,181,0,1.0,0.7413263680569464,0.5606826153387483,30,0.19318133033563709,0.04448735407623389,11115.929378596824,89.96098895027623,122.529,"{'family': 'hybrid', 'alpha': 0.2}"
tune,drift,hetero,med,hybrid_a0.3,6,181,181,0,1.0,0.7588028452439062,0.542122230369022,27,0.22005913375017724,0.09140855195287856,11733.715450528645,85.22449723756905,112.901,"{'family': 'hybrid', 'alpha': 0.3}"
tune,drift,hetero,med,hybrid_a0.4,6,181,181,0,1.0,0.7776984632243824,0.49795672040766026,24,0.2902625475820738,0.15455180191222717,13109.500324514454,76.28055801104972,114.304,"{'family': 'hybrid', 'alpha': 0.4}"
tune,drift,hetero,med,hybrid_a0.5,6,181,181,0,1.0,0.7778213785267737,0.46857629422016284,25,0.39468574634169584,0.18788629598349757,14460.383621993748,69.15445856353591,113.984,"{'family': 'hybrid', 'alpha': 0.5}"
tune,drift,hetero,med,hybrid_a0.6,6,181,181,0,1.0,0.7817159549971494,0.45818648675192425,26,0.4219223654531469,0.20304424303483762,15103.795199880371,66.20852486187846,108.143,"{'family': 'hybrid', 'alpha': 0.6}"
tune,drift,hetero,med,hybrid_a0.7,6,181,181,0,1.0,0.7867178518550992,0.47575265795085586,27,0.4638972709288665,0.22773945185097122,15376.762975609226,65.03319337016575,109.605,"{'family': 'hybrid', 'alpha': 0.7}"
tune,drift,hetero,med,hybrid_a0.8,6,181,181,0,1.0,0.783190259206971,0.4819543938531619,27,0.5093983519233202,0.2503981520948132,15794.296478840484,63.31399447513812,108.854,"{'family': 'hybrid', 'alpha': 0.8}"
tune,drift,hetero,med,hybrid_a0.9,6,181,181,0,1.0,0.7842476295817309,0.4851802262648519,28,0.5355644364063257,0.2613654043329428,16073.085830899949,62.215806629834255,108.553,"{'family': 'hybrid', 'alpha': 0.9}"
tune,drift,hetero,med,balance_l0.05,6,181,181,0,1.0,0.7827258748920964,0.48658092801626746,28,0.5346118795517022,0.2573415631560535,19062.863320007233,52.458016574585635,93.595,"{'family': 'balance', 'lam': 0.05}"
tune,drift,hetero,med,balance_l0.1,6,181,181,0,1.0,0.7840504506512526,0.49358489564103014,28,0.49911232348845114,0.24236798852369473,18657.80300761723,53.59687845303868,92.012,"{'family': 'balance', 'lam': 0.1}"
tune,drift,hetero,med,balance_l0.2,6,181,181,0,1.0,0.7832364358589446,0.4886360196501295,28,0.5060113543056773,0.2580114609871912,18689.903827537415,53.504823204419885,91.36,"{'family': 'balance', 'lam': 0.2}"
tune,drift,hetero,med,balance_l0.4,6,181,181,0,1.0,0.7842731953122222,0.4722480786648271,27,0.47054317017219854,0.21539830896689216,18250.322430765485,54.79355248618784,93.745,"{'family': 'balance', 'lam': 0.4}"
tune,drift,hetero,med,balance_l0.8,6,181,181,0,1.0,0.7539781328275957,0.49337103954204786,24,0.30211509663844915,0.1486357866752788,15356.63537306782,65.11843093922651,93.875,"{'family': 'balance', 'lam': 0.8}"
tune,drift,hetero,med,wmatch_l0.05,6,181,181,0,1.0,0.784603843238495,0.4917458389952198,28,0.5542249687710051,0.2842496665925633,13318.888103900279,75.08134254143646,134.892,"{'family': 'wmatch', 'lam': 0.05}"
tune,drift,hetero,med,wmatch_l0.1,6,181,181,0,1.0,0.784603843238495,0.4917458389952198,28,0.5542249687710051,0.2842496665925633,13387.168982831805,74.69839226519336,135.003,"{'family': 'wmatch', 'lam': 0.1}"
tune,drift,hetero,med,wmatch_l0.2,6,181,181,0,1.0,0.7854786060100983,0.4926735257281035,28,0.551495132507895,0.2898066506497455,13411.810455106448,74.56114917127073,135.073,"{'family': 'wmatch', 'lam': 0.2}"
tune,drift,hetero,med,wmatch_l0.4,6,181,181,0,1.0,0.7854786060100983,0.4926735257281035,28,0.551495132507895,0.2898066506497455,13437.523385745119,74.41847513812155,135.363,"{'family': 'wmatch', 'lam': 0.4}"
tune,drift,hetero,med,wmatch_l0.8,6,181,181,0,1.0,0.7855589099719738,0.49041958295648796,28,0.553206659248201,0.28171667781799686,13405.771903235212,74.59473480662983,134.542,"{'family': 'wmatch', 'lam': 0.8}"
tune,drift,hetero,med,d_cheap_a0.0_b0.4_g0.6,6,181,181,0,1.0,0.7808859843618179,0.467751148453225,26,0.41046962815143756,0.20383284861507303,11168.738097349313,89.53562983425414,143.829,"{'family': 'd_cheap', 'alpha': 0.0, 'beta': 0.4, 'gamma': 0.6}"
tune,drift,hetero,med,d_cheap_a0.0_b0.6_g0.4,6,181,181,0,1.0,0.7631499971870824,0.5364713698618472,24,0.2266786273252353,0.12723115441403757,8883.242440422031,112.57150828729281,158.046,"{'family': 'd_cheap', 'alpha': 0.0, 'beta': 0.6, 'gamma': 0.4}"
tune,drift,hetero,med,d_cheap_a0.0_b0.8_g0.2,6,181,181,0,1.0,0.7378973400126879,0.5588539064035796,30,0.18608687647823388,0.03198898666801057,8214.447361254013,121.73673480662983,154.899,"{'family': 'd_cheap', 'alpha': 0.0, 'beta': 0.8, 'gamma': 0.2}"
tune,drift,hetero,med,d_cheap_a0.0_b1.0_g0.0,6,181,181,0,1.0,0.7493381306244398,0.5186522106827974,30,0.23118114121200634,0.023120664926485675,9870.923765219697,101.3076408839779,132.518,"{'family': 'd_cheap', 'alpha': 0.0, 'beta': 1.0, 'gamma': 0.0}"
tune,drift,hetero,med,d_cheap_a0.2_b0.2_g0.6,6,181,181,0,1.0,0.7845512487034356,0.48417547296594043,28,0.5058799417596326,0.24417698438175056,12019.424718458258,83.19865745856355,143.469,"{'family': 'd_cheap', 'alpha': 0.2, 'beta': 0.2, 'gamma': 0.6}"
tune,drift,hetero,med,d_cheap_a0.2_b0.4_g0.4,6,181,181,0,1.0,0.7880985423159338,0.46486817468406266,26,0.42434716705381176,0.21258859489792983,11357.245417461283,88.04951933701658,149.69,"{'family': 'd_cheap', 'alpha': 0.2, 'beta': 0.4, 'gamma': 0.4}"
tune,drift,hetero,med,d_cheap_a0.2_b0.6_g0.2,6,181,181,0,1.0,0.7607824493776142,0.5221669006128686,24,0.24678896227678263,0.12914736435798127,9608.04893331547,104.07940331491713,146.374,"{'family': 'd_cheap', 'alpha': 0.2, 'beta': 0.6, 'gamma': 0.2}"
tune,drift,hetero,med,d_cheap_a0.2_b0.8_g0.0,6,181,181,0,1.0,0.7413263680569464,0.5606826153387483,30,0.19318133033563709,0.04448735407623389,11125.041657441896,89.88730386740332,119.754,"{'family': 'd_cheap', 'alpha': 0.2, 'beta': 0.8, 'gamma': 0.0}"
tune,drift,hetero,med,d_cheap_a0.4_b0.0_g0.6,6,181,181,0,1.0,0.7855669698594051,0.4882953594466987,28,0.5435463264129936,0.27640680546204577,14166.860254333495,70.58727071823205,121.026,"{'family': 'd_cheap', 'alpha': 0.4, 'beta': 0.0, 'gamma': 0.6}"
tune,drift,hetero,med,d_cheap_a0.4_b0.2_g0.4,6,181,181,0,1.0,0.7826007397164142,0.48759336859355035,27,0.5030744777994576,0.2534790436201084,12110.553698529644,82.57260773480664,142.788,"{'family': 'd_cheap', 'alpha': 0.4, 'beta': 0.2, 'gamma': 0.4}"
tune,drift,hetero,med,d_cheap_a0.4_b0.4_g0.2,6,181,181,0,1.0,0.7819090337125579,0.4568071381500365,26,0.42643023056863344,0.19904519461867187,11614.9593489257,86.09586740331491,141.134,"{'family': 'd_cheap', 'alpha': 0.4, 'beta': 0.4, 'gamma': 0.2}"
tune,drift,hetero,med,d_cheap_a0.4_b0.6_g0.0,6,181,181,0,1.0,0.7776984632243824,0.49795672040766026,24,0.2902625475820738,0.15455180191222717,12994.59604287987,76.95506629834254,110.426,"{'family': 'd_cheap', 'alpha': 0.4, 'beta': 0.6, 'gamma': 0.0}"
tune,drift,hetero,med,d_cheap_a0.6_b0.0_g0.4,6,181,181,0,1.0,0.784603843238495,0.4917458389952198,28,0.5542249687710051,0.2842496665925633,14185.896851600863,70.49254696132596,122.549,"{'family': 'd_cheap', 'alpha': 0.6, 'beta': 0.0, 'gamma': 0.4}"
tune,drift,hetero,med,d_cheap_a0.6_b0.2_g0.2,6,181,181,0,1.0,0.784604218659733,0.48688702993570615,27,0.5019011368048163,0.24285608201379338,11982.62453240456,83.45417127071823,141.254,"{'family': 'd_cheap', 'alpha': 0.6, 'beta': 0.2, 'gamma': 0.2}"
tune,drift,hetero,med,d_cheap_a0.6_b0.4_g0.0,6,181,181,0,1.0,0.7817159549971494,0.45818648675192425,26,0.4219223654531469,0.20304424303483762,14875.381695308624,67.22516574585636,109.766,"{'family': 'd_cheap', 'alpha': 0.6, 'beta': 0.4, 'gamma': 0.0}"
tune,drift,hetero,med,d_cheap_a0.8_b0.0_g0.2,6,181,181,0,1.0,0.784603843238495,0.4917458389952198,28,0.5542249687710051,0.2842496665925633,14297.642152924738,69.94160220994476,118.201,"{'family': 'd_cheap', 'alpha': 0.8, 'beta': 0.0, 'gamma': 0.2}"
tune,drift,hetero,med,d_cheap_a0.8_b0.2_g0.0,6,181,181,0,1.0,0.783190259206971,0.4819543938531619,27,0.5093983519233202,0.2503981520948132,15547.978183008292,64.31704419889503,111.569,"{'family': 'd_cheap', 'alpha': 0.8, 'beta': 0.2, 'gamma': 0.0}"
tune,drift,hetero,med,d_capacity_a0.0_b0.4_g0.6,6,181,181,0,1.0,0.7801632589997745,0.4606905377152273,25,0.3662926443531319,0.1705490709047997,7930.732543800427,126.09175690607735,204.943,"{'family': 'd_capacity', 'alpha': 0.0, 'beta': 0.4, 'gamma': 0.6}"
tune,drift,hetero,med,d_capacity_a0.0_b0.6_g0.4,6,181,181,0,1.0,0.7476374629088782,0.5431497927044605,26,0.20539404055779373,0.0845340542842786,6310.53537954593,158.46516022099448,219.57,"{'family': 'd_capacity', 'alpha': 0.0, 'beta': 0.6, 'gamma': 0.4}"
tune,drift,hetero,med,d_capacity_a0.0_b0.8_g0.2,6,181,181,0,1.0,0.7523299944099779,0.5652806840972858,30,0.1916308290969307,0.036606945415388094,5790.277554555291,172.70329281767957,227.286,"{'family': 'd_capacity', 'alpha': 0.0, 'beta': 0.8, 'gamma': 0.2}"
tune,drift,hetero,med,d_capacity_a0.0_b1.0_g0.0,6,181,181,0,1.0,0.7493381306244398,0.5186522106827974,30,0.23118114121200634,0.023120664926485675,9840.906790084324,101.61665193370165,130.113,"{'family': 'd_capacity', 'alpha': 0.0, 'beta': 1.0, 'gamma': 0.0}"
tune,drift,hetero,med,d_capacity_a0.2_b0.2_g0.6,6,181,181,0,1.0,0.7832896362375175,0.47263518976128693,27,0.5112699496292931,0.24735751118266183,8838.449069975417,113.14202209944752,201.648,"{'family': 'd_capacity', 'alpha': 0.2, 'beta': 0.2, 'gamma': 0.6}"
tune,drift,hetero,med,d_capacity_a0.2_b0.4_g0.4,6,181,181,0,1.0,0.7801644443736945,0.46512184413075836,25,0.39557625493035875,0.18561865825867374,8265.53577088702,120.98429281767956,210.644,"{'family': 'd_capacity', 'alpha': 0.2, 'beta': 0.4, 'gamma': 0.4}"
tune,drift,hetero,med,d_capacity_a0.2_b0.6_g0.2,6,181,181,0,1.0,0.762941025298012,0.5363752390350414,24,0.22913636963104794,0.11774891487243241,6887.444918515439,145.19172375690607,201.777,"{'family': 'd_capacity', 'alpha': 0.2, 'beta': 0.6, 'gamma': 0.2}"
tune,drift,hetero,med,d_capacity_a0.2_b0.8_g0.0,6,181,181,0,1.0,0.7413263680569464,0.5606826153387483,30,0.19318133033563709,0.04448735407623389,11273.4845836344,88.7037182320442,112.901,"{'family': 'd_capacity', 'alpha': 0.2, 'beta': 0.8, 'gamma': 0.0}"
tune,drift,hetero,med,d_capacity_a0.4_b0.0_g0.6,6,181,181,0,1.0,0.7854938388747487,0.4802026055671434,28,0.5327565898551087,0.2662204423831062,10252.10840839982,97.54091160220995,176.581,"{'family': 'd_capacity', 'alpha': 0.4, 'beta': 0.0, 'gamma': 0.6}"
tune,drift,hetero,med,d_capacity_a0.4_b0.2_g0.4,6,181,181,0,1.0,0.7853326456864154,0.4766270476045317,27,0.4688700885089023,0.2340138534242367,8871.553144279393,112.71983425414365,197.049,"{'family': 'd_capacity', 'alpha': 0.4, 'beta': 0.2, 'gamma': 0.4}"
tune,drift,hetero,med,d_capacity_a0.4_b0.4_g0.2,6,181,181,0,1.0,0.7824562529473577,0.4641099171321366,25,0.3967610238574521,0.18644711093390656,8181.592294259962,122.22559668508288,199.894,"{'family': 'd_capacity', 'alpha': 0.4, 'beta': 0.4, 'gamma': 0.2}"
tune,drift,hetero,med,d_capacity_a0.4_b0.6_g0.0,6,181,181,0,1.0,0.7776984632243824,0.49795672040766026,24,0.2902625475820738,0.15455180191222717,12926.66289912768,77.3594861878453,115.957,"{'family': 'd_capacity', 'alpha': 0.4, 'beta': 0.6, 'gamma': 0.0}"
tune,drift,hetero,med,d_capacity_a0.6_b0.0_g0.4,6,181,181,0,1.0,0.7852262126630778,0.48749699195819673,28,0.5478357788888075,0.28592874548809566,9902.959748462634,100.97991160220995,185.948,"{'family': 'd_capacity', 'alpha': 0.6, 'beta': 0.0, 'gamma': 0.4}"
tune,drift,hetero,med,d_capacity_a0.6_b0.2_g0.2,6,181,181,0,1.0,0.7844848285445316,0.4845402255817174,27,0.5048323479618069,0.25036721563257436,8596.65782841584,116.32427624309392,201.807,"{'family': 'd_capacity', 'alpha': 0.6, 'beta': 0.2, 'gamma': 0.2}"
tune,drift,hetero,med,d_capacity_a0.6_b0.4_g0.0,6,181,181,0,1.0,0.7817159549971494,0.45818648675192425,26,0.4219223654531469,0.20304424303483762,14730.345162098904,67.88707182320442,111.96,"{'family': 'd_capacity', 'alpha': 0.6, 'beta': 0.4, 'gamma': 0.0}"
tune,drift,hetero,med,d_capacity_a0.8_b0.0_g0.2,6,181,181,0,1.0,0.7878237993701603,0.4851634102302033,28,0.5388955181920516,0.2698158932056691,10040.941522998915,99.59225414364641,181.89,"{'family': 'd_capacity', 'alpha': 0.8, 'beta': 0.0, 'gamma': 0.2}"
tune,drift,hetero,med,d_capacity_a0.8_b0.2_g0.0,6,181,181,0,1.0,0.783190259206971,0.4819543938531619,27,0.5093983519233202,0.2503981520948132,15531.397320344851,64.38570718232044,110.557,"{'family': 'd_capacity', 'alpha': 0.8, 'beta': 0.2, 'gamma': 0.0}"
tune,drift,hetero,med,binpack,7,178,178,0,1.0,0.7786758973627969,0.513541048673941,28,0.49928280508336986,0.2388136589428618,21518.75244428245,46.47109550561798,82.424,{}
tune,drift,hetero,med,hybrid_a0.1,7,178,178,0,1.0,0.7390174293565547,0.6033441955962573,30,0.13827369031165634,0.027543986033388545,10776.18564679877,92.79721348314607,133.47,"{'family': 'hybrid', 'alpha': 0.1}"
tune,drift,hetero,med,hybrid_a0.2,7,178,178,0,1.0,0.7389413254737566,0.5970768678155522,30,0.16867002382118315,0.03018986554785937,11141.001263064074,89.75853932584269,125.504,"{'family': 'hybrid', 'alpha': 0.2}"
tune,drift,hetero,med,hybrid_a0.3,7,178,178,0,1.0,0.7527694560100705,0.5823928216163213,25,0.17300502850590244,0.0681612718707262,11920.419813077102,83.8896629213483,121.407,"{'family': 'hybrid', 'alpha': 0.3}"
tune,drift,hetero,med,hybrid_a0.4,7,178,178,0,1.0,0.7714268364871188,0.5138686576423802,25,0.3159164414613643,0.14408891589920175,13426.609548763334,74.47896629213484,113.292,"{'family': 'hybrid', 'alpha': 0.4}"
tune,drift,hetero,med,hybrid_a0.5,7,178,178,0,1.0,0.7747129462671115,0.4944160367109251,25,0.3403716515120825,0.15359158471128814,14173.767684462628,70.55287078651685,112.17,"{'family': 'hybrid', 'alpha': 0.5}"
tune,drift,hetero,med,hybrid_a0.6,7,178,178,0,1.0,0.7735529164309829,0.5055331149930494,26,0.3701322943651203,0.16470641702947408,14653.961517379845,68.24093258426966,110.006,"{'family': 'hybrid', 'alpha': 0.6}"
tune,drift,hetero,med,hybrid_a0.7,7,178,178,0,1.0,0.7745237894075808,0.5107265646472325,27,0.46305811837423455,0.21921314997046853,15370.842737540184,65.05824157303371,108.242,"{'family': 'hybrid', 'alpha': 0.7}"
tune,drift,hetero,med,hybrid_a0.8,7,178,178,0,1.0,0.7758193402728829,0.5121688716758237,27,0.4868957966808001,0.23793288421175648,15568.18133117921,64.23357865168539,115.356,"{'family': 'hybrid', 'alpha': 0.8}"
tune,drift,hetero,med,hybrid_a0.9,7,178,178,0,1.0,0.7769157029857039,0.5090736790249953,27,0.49080264994120804,0.23705509675086056,15995.481007028755,62.51765730337079,110.056,"{'family': 'hybrid', 'alpha': 0.9}"
tune,drift,hetero,med,balance_l0.05,7,178,178,0,1.0,0.7785214213649622,0.5147761167083732,28,0.4978932610511031,0.2388136589428618,18820.540018389147,53.13343820224719,93.295,"{'family': 'balance', 'lam': 0.05}"
tune,drift,hetero,med,balance_l0.1,7,178,178,0,1.0,0.7776922286142715,0.5148353836255439,28,0.48756284870992067,0.22567303735429753,18789.218535289634,53.22201123595506,90.369,"{'family': 'balance', 'lam': 0.1}"
tune,drift,hetero,med,balance_l0.2,7,178,178,0,1.0,0.7756396056164155,0.5175722300745368,27,0.4724960276607933,0.24050879862525215,18274.651169762474,54.720606741573036,97.312,"{'family': 'balance', 'lam': 0.2}"
tune,drift,hetero,med,balance_l0.4,7,178,178,0,1.0,0.7709975732662177,0.49660648549916325,26,0.43688885679001466,0.18576124315882997,17760.828492759218,56.3036797752809,94.196,"{'family': 'balance', 'lam': 0.4}"
tune,drift,hetero,med,balance_l0.8,7,178,178,0,1.0,0.7680346519421507,0.5192365844551322,25,0.2982585369525539,0.14482126808997925,15661.996517405494,63.8488202247191,98.354,"{'family': 'balance', 'lam': 0.8}"
tune,drift,hetero,med,wmatch_l0.05,7,178,178,0,1.0,0.7786758973627969,0.513541048673941,28,0.49928280508336986,0.2388136589428618,13326.781747669665,75.03687078651686,133.55,"{'family': 'wmatch', 'lam': 0.05}"
tune,drift,hetero,med,wmatch_l0.1,7,178,178,0,1.0,0.7786758973627969,0.513541048673941,28,0.49928280508336986,0.2388136589428618,13301.944729373428,75.17697752808989,130.995,"{'family': 'wmatch', 'lam': 0.1}"
tune,drift,hetero,med,wmatch_l0.2,7,178,178,0,1.0,0.7786758973627969,0.513541048673941,28,0.49928280508336986,0.2388136589428618,13202.669431414433,75.74225842696629,132.578,"{'family': 'wmatch', 'lam': 0.2}"
tune,drift,hetero,med,wmatch_l0.4,7,178,178,0,1.0,0.7785084362768914,0.5128838052235528,28,0.4997725874478528,0.2388136589428618,13168.670696674466,75.93780898876403,131.245,"{'family': 'wmatch', 'lam': 0.4}"
tune,drift,hetero,med,wmatch_l0.8,7,178,178,0,1.0,0.7764039531186608,0.5174737536949771,28,0.48551455520064374,0.23495560638033286,13133.02664027076,76.14391011235955,131.936,"{'family': 'wmatch', 'lam': 0.8}"
tune,drift,hetero,med,d_cheap_a0.0_b0.4_g0.6,7,178,178,0,1.0,0.7719153288150593,0.5098295990951076,25,0.32491889582888356,0.14474659498882506,10478.894300040769,95.42991573033707,140.253,"{'family': 'd_cheap', 'alpha': 0.0, 'beta': 0.4, 'gamma': 0.6}"
tune,drift,hetero,med,d_cheap_a0.0_b0.6_g0.4,7,178,178,0,1.0,0.7539775568825071,0.5636751370916773,24,0.1949703270219972,0.10870061503138481,8993.71405072283,111.18876966292135,156.102,"{'family': 'd_cheap', 'alpha': 0.0, 'beta': 0.6, 'gamma': 0.4}"
tune,drift,hetero,med,d_cheap_a0.0_b0.8_g0.2,7,178,178,0,1.0,0.7358428292394967,0.5984054370746894,30,0.1417341971926646,0.025492727934149986,8122.795123165076,123.11033146067416,163.666,"{'family': 'd_cheap', 'alpha': 0.0, 'beta': 0.8, 'gamma': 0.2}"
tune,drift,hetero,med,d_cheap_a0.0_b1.0_g0.0,7,178,178,0,1.0,0.7368105649138013,0.5430865287510027,30,0.19443765776517719,0.012450489303056046,9583.642423748395,104.3444606741573,133.389,"{'family': 'd_cheap', 'alpha': 0.0, 'beta': 1.0, 'gamma': 0.0}"
tune,drift,hetero,med,d_cheap_a0.2_b0.2_g0.6,7,178,178,0,1.0,0.7759635868842842,0.5123158313655578,27,0.48671837520496974,0.23191019832146137,11885.918685358633,84.13316853932584,142.777,"{'family': 'd_cheap', 'alpha': 0.2, 'beta': 0.2, 'gamma': 0.6}"
tune,drift,hetero,med,d_cheap_a0.2_b0.4_g0.4,7,178,178,0,1.0,0.773826979632593,0.5005162998280771,26,0.36688085564154976,0.16141802158135743,10874.858542833716,91.9552191011236,148.869,"{'family': 'd_cheap', 'alpha': 0.2, 'beta': 0.4, 'gamma': 0.4}"
tune,drift,hetero,med,d_cheap_a0.2_b0.6_g0.2,7,178,178,0,1.0,0.7601132818402666,0.5496631722853483,24,0.24783451905589832,0.12183741329466914,9537.770697203536,104.84630337078652,147.296,"{'family': 'd_cheap', 'alpha': 0.2, 'beta': 0.6, 'gamma': 0.2}"
tune,drift,hetero,med,d_cheap_a0.2_b0.8_g0.0,7,178,178,0,1.0,0.7389413254737566,0.5970768678155522,30,0.16867002382118315,0.03018986554785937,11205.584964270553,89.24121348314607,120.235,"{'family': 'd_cheap', 'alpha': 0.2, 'beta': 0.8, 'gamma': 0.0}"
tune,drift,hetero,med,d_cheap_a0.4_b0.0_g0.6,7,178,178,0,1.0,0.7786758973627969,0.5140226513570744,28,0.49880120240023657,0.2388136589428618,13973.024683348101,71.56646629213483,123.31,"{'family': 'd_cheap', 'alpha': 0.4, 'beta': 0.0, 'gamma': 0.6}"
tune,drift,hetero,med,d_cheap_a0.4_b0.2_g0.4,7,178,178,0,1.0,0.7758193402728829,0.5121688716758237,27,0.4868957966808001,0.23793288421175648,11913.823964683677,83.93610674157304,147.676,"{'family': 'd_cheap', 'alpha': 0.4, 'beta': 0.2, 'gamma': 0.4}"
tune,drift,hetero,med,d_cheap_a0.4_b0.4_g0.2,7,178,178,0,1.0,0.7744675100788511,0.49982756018137164,25,0.3500802578914602,0.15954855839617268,10978.5956242155,91.08633146067416,148.809,"{'family': 'd_cheap', 'alpha': 0.4, 'beta': 0.4, 'gamma': 0.2}"
tune,drift,hetero,med,d_cheap_a0.4_b0.6_g0.0,7,178,178,0,1.0,0.7714268364871188,0.5138686576423802,25,0.3159164414613643,0.14408891589920175,13365.782650298039,74.81791573033708,117.069,"{'family': 'd_cheap', 'alpha': 0.4, 'beta': 0.6, 'gamma': 0.0}"
tune,drift,hetero,med,d_cheap_a0.6_b0.0_g0.4,7,178,178,0,1.0,0.7786758973627969,0.513541048673941,28,0.49928280508336986,0.2388136589428618,14059.481876498508,71.12637640449438,122.89,"{'family': 'd_cheap', 'alpha': 0.6, 'beta': 0.0, 'gamma': 0.4}"
tune,drift,hetero,med,d_cheap_a0.6_b0.2_g0.2,7,178,178,0,1.0,0.7758193402728829,0.5121688716758237,27,0.4868957966808001,0.23793288421175648,11927.240349505666,83.84169101123597,144.751,"{'family': 'd_cheap', 'alpha': 0.6, 'beta': 0.2, 'gamma': 0.2}"
tune,drift,hetero,med,d_cheap_a0.6_b0.4_g0.0,7,178,178,0,1.0,0.7735529164309829,0.5055331149930494,26,0.3701322943651203,0.16470641702947408,14457.125202277924,69.17004494382022,108.994,"{'family': 'd_cheap', 'alpha': 0.6, 'beta': 0.4, 'gamma': 0.0}"
tune,drift,hetero,med,d_cheap_a0.8_b0.0_g0.2,7,178,178,0,1.0,0.7786758973627969,0.513541048673941,28,0.49928280508336986,0.2388136589428618,13951.021881002172,71.67933707865168,125.725,"{'family': 'd_cheap', 'alpha': 0.8, 'beta': 0.0, 'gamma': 0.2}"
tune,drift,hetero,med,d_cheap_a0.8_b0.2_g0.0,7,178,178,0,1.0,0.7758193402728829,0.5121688716758237,27,0.4868957966808001,0.23793288421175648,15493.925902301396,64.54142134831461,109.875,"{'family': 'd_cheap', 'alpha': 0.8, 'beta': 0.2, 'gamma': 0.0}"
tune,drift,hetero,med,d_capacity_a0.0_b0.4_g0.6,7,178,178,0,1.0,0.756148381948089,0.5172271802783192,24,0.2940587716870054,0.13479273213725448,7209.625741442164,138.7034550561798,212.528,"{'family': 'd_capacity', 'alpha': 0.0, 'beta': 0.4, 'gamma': 0.6}"
tune,drift,hetero,med,d_capacity_a0.0_b0.6_g0.4,7,178,178,0,1.0,0.7209272305180344,0.5509587228778713,26,0.1927550620333705,0.07169799041926067,6308.137415756685,158.5253988764045,223.528,"{'family': 'd_capacity', 'alpha': 0.0, 'beta': 0.6, 'gamma': 0.4}"
tune,drift,hetero,med,d_capacity_a0.0_b0.8_g0.2,7,178,178,0,1.0,0.7524484577062532,0.5969541839348433,30,0.15798490299647344,0.021488276146129293,5775.376591055415,173.14888202247192,228.448,"{'family': 'd_capacity', 'alpha': 0.0, 'beta': 0.8, 'gamma': 0.2}"
tune,drift,hetero,med,d_capacity_a0.0_b1.0_g0.0,7,178,178,0,1.0,0.7368105649138013,0.5430865287510027,30,0.19443765776517719,0.012450489303056046,9569.186102552752,104.50209550561799,137.487,"{'family': 'd_capacity', 'alpha': 0.0, 'beta': 1.0, 'gamma': 0.0}"
tune,drift,hetero,med,d_capacity_a0.2_b0.2_g0.6,7,178,178,0,1.0,0.7752326670159068,0.49866785869885055,26,0.4296766641337877,0.19693667228383777,8222.178031864634,121.62227528089888,206.346,"{'family': 'd_capacity', 'alpha': 0.2, 'beta': 0.2, 'gamma': 0.6}"
tune,drift,hetero,med,d_capacity_a0.2_b0.4_g0.4,7,178,178,0,1.0,0.7684917405073822,0.49854768987101633,25,0.33318860919256055,0.14439687706286494,7618.850645873083,131.25339325842697,221.775,"{'family': 'd_capacity', 'alpha': 0.2, 'beta': 0.4, 'gamma': 0.4}"
tune,drift,hetero,med,d_capacity_a0.2_b0.6_g0.2,7,178,178,0,1.0,0.7494685298001502,0.5635036683103117,24,0.19868626867466496,0.09430816815449297,6561.775820025677,152.39776966292135,225.262,"{'family': 'd_capacity', 'alpha': 0.2, 'beta': 0.6, 'gamma': 0.2}"
tune,drift,hetero,med,d_capacity_a0.2_b0.8_g0.0,7,178,178,0,1.0,0.7389413254737566,0.5970768678155522,30,0.16867002382118315,0.03018986554785937,11176.277459501534,89.47523033707866,131.556,"{'family': 'd_capacity', 'alpha': 0.2, 'beta': 0.8, 'gamma': 0.0}"
tune,drift,hetero,med,d_capacity_a0.4_b0.0_g0.6,7,178,178,0,1.0,0.7756614231937539,0.501992251923474,27,0.4826758097925951,0.22562509735349232,9807.634813929883,101.96138202247191,176.42,"{'family': 'd_capacity', 'alpha': 0.4, 'beta': 0.0, 'gamma': 0.6}"
tune,drift,hetero,med,d_capacity_a0.4_b0.2_g0.4,7,178,178,0,1.0,0.7750720583378313,0.49520783414089636,27,0.449670335230153,0.20817894915002405,8420.685328356109,118.7551797752809,207.719,"{'family': 'd_capacity', 'alpha': 0.4, 'beta': 0.2, 'gamma': 0.4}"
tune,drift,hetero,med,d_capacity_a0.4_b0.4_g0.2,7,178,178,0,1.0,0.7739374432659969,0.5023750608027847,26,0.37688118122103814,0.16456625702031208,7813.8814218033285,127.97737078651686,212.388,"{'family': 'd_capacity', 'alpha': 0.4, 'beta': 0.4, 'gamma': 0.2}"
tune,drift,hetero,med,d_capacity_a0.4_b0.6_g0.0,7,178,178,0,1.0,0.7714268364871188,0.5138686576423802,25,0.3159164414613643,0.14408891589920175,12847.022063894303,77.83905056179775,124.192,"{'family': 'd_capacity', 'alpha': 0.4, 'beta': 0.6, 'gamma': 0.0}"
tune,drift,hetero,med,d_capacity_a0.6_b0.0_g0.4,7,178,178,0,1.0,0.7774202649975553,0.5114829422406356,28,0.5193701434152916,0.25130956164570495,9793.945833867278,102.10389325842696,180.979,"{'family': 'd_capacity', 'alpha': 0.6, 'beta': 0.0, 'gamma': 0.4}"
tune,drift,hetero,med,d_capacity_a0.6_b0.2_g0.2,7,178,178,0,1.0,0.7735100807157876,0.5100016531225078,27,0.4503142799101044,0.2242671240348202,8469.158251788742,118.07548876404495,206.026,"{'family': 'd_capacity', 'alpha': 0.6, 'beta': 0.2, 'gamma': 0.2}"
tune,drift,hetero,med,d_capacity_a0.6_b0.4_g0.0,7,178,178,0,1.0,0.7735529164309829,0.5055331149930494,26,0.3701322943651203,0.16470641702947408,14487.12721081293,69.02679775280899,111.178,"{'family': 'd_capacity', 'alpha': 0.6, 'beta': 0.4, 'gamma': 0.0}"
tune,drift,hetero,med,d_capacity_a0.8_b0.0_g0.2,7,178,178,0,1.0,0.7786978538991485,0.5135921598404768,28,0.4992536504531858,0.2388136589428618,10015.653115394221,99.84371348314608,177.412,"{'family': 'd_capacity', 'alpha': 0.8, 'beta': 0.0, 'gamma': 0.2}"
tune,drift,hetero,med,d_capacity_a0.8_b0.2_g0.0,7,178,178,0,1.0,0.7758193402728829,0.5121688716758237,27,0.4868957966808001,0.23793288421175648,15644.665696345828,63.919550561797756,109.315,"{'family': 'd_capacity', 'alpha': 0.8, 'beta': 0.2, 'gamma': 0.0}"
tune,drift,hetero,med,binpack,8,169,169,0,1.0,0.7785202254248561,0.42974787100982986,26,0.49013761043967335,0.27967772450682454,20847.200628031173,47.96807100591716,83.095,{}
tune,drift,hetero,med,hybrid_a0.1,8,169,169,0,1.0,0.735070699875458,0.5041967445588967,30,0.23176744428190627,0.040191440556704164,10688.612263949271,93.55751479289941,123.572,"{'family': 'hybrid', 'alpha': 0.1}"
tune,drift,hetero,med,hybrid_a0.2,8,169,169,0,1.0,0.7303892520642961,0.49062134227900317,30,0.24042108447216692,0.050158754411611925,10968.48688814746,91.17027810650887,121.978,"{'family': 'hybrid', 'alpha': 0.2}"
tune,drift,hetero,med,hybrid_a0.3,8,169,169,0,1.0,0.739879265999945,0.4615828811377308,30,0.27869527858655135,0.09159569228785559,11589.286123290529,86.28659171597633,116.027,"{'family': 'hybrid', 'alpha': 0.3}"
tune,drift,hetero,med,hybrid_a0.4,8,169,169,0,1.0,0.7734873181339635,0.4401993697810064,24,0.3498407016125969,0.20426931957684585,13125.977069772413,76.18480473372782,111.038,"{'family': 'hybrid', 'alpha': 0.4}"
tune,drift,hetero,med,hybrid_a0.5,8,169,169,0,1.0,0.7775056168996161,0.4128113480590137,25,0.4057138446688434,0.2290664772025236,13937.17763576151,71.75053846153847,115.887,"{'family': 'hybrid', 'alpha': 0.5}"
tune,drift,hetero,med,hybrid_a0.6,8,169,169,0,1.0,0.7768043423118712,0.4022552400602947,25,0.4299416853353587,0.23464479107979172,14509.936344308255,68.9182899408284,109.686,"{'family': 'hybrid', 'alpha': 0.6}"
tune,drift,hetero,med,hybrid_a0.7,8,169,169,0,1.0,0.7805640173242961,0.41257657143499443,25,0.4498166874544017,0.25607678925023386,14891.439642704137,67.15267455621303,110.597,"{'family': 'hybrid', 'alpha': 0.7}"
tune,drift,hetero,med,hybrid_a0.8,8,169,169,0,1.0,0.7806190341979367,0.4175240881555754,26,0.46012742780942373,0.26093053981733333,15071.111568496062,66.35210650887575,116.358,"{'family': 'hybrid', 'alpha': 0.8}"
tune,drift,hetero,med,hybrid_a0.9,8,169,169,0,1.0,0.781854446337413,0.42136080862651576,26,0.490638085763001,0.2875844268719249,15134.0270329543,66.07626627218934,110.897,"{'family': 'hybrid', 'alpha': 0.9}"
tune,drift,hetero,med,balance_l0.05,8,169,169,0,1.0,0.7786455364897501,0.42073041781062603,26,0.4992803747037712,0.27967772450682454,18092.292961541352,55.27215384615384,95.578,"{'family': 'balance', 'lam': 0.05}"
tune,drift,hetero,med,balance_l0.1,8,169,169,0,1.0,0.7818016289549233,0.4214963108058845,26,0.4908264053248595,0.28215336374537636,17979.065771571608,55.620242603550295,94.677,"{'family': 'balance', 'lam': 0.1}"
tune,drift,hetero,med,balance_l0.2,8,169,169,0,1.0,0.7799654853079535,0.4113754085486307,26,0.48203539048655897,0.27087386201170005,17821.481064201835,56.112059171597636,93.165,"{'family': 'balance', 'lam': 0.2}"
tune,drift,hetero,med,balance_l0.4,8,169,169,0,1.0,0.7761641140282458,0.4099061831997027,25,0.44204409237410264,0.2411068129131742,17490.75551473689,57.173059171597636,94.397,"{'family': 'balance', 'lam': 0.4}"
tune,drift,hetero,med,balance_l0.8,8,169,169,0,1.0,0.7520005663228286,0.43956037891986477,25,0.32081156670325867,0.11791066489018551,14520.754110017824,68.86694674556213,98.444,"{'family': 'balance', 'lam': 0.8}"
tune,drift,hetero,med,wmatch_l0.05,8,169,169,0,1.0,0.7785202254248561,0.42974787100982986,26,0.49013761043967335,0.27967772450682454,12717.59504107106,78.63121893491125,135.363,"{'family': 'wmatch', 'lam': 0.05}"
tune,drift,hetero,med,wmatch_l0.1,8,169,169,0,1.0,0.7785202254248561,0.42974787100982986,26,0.49013761043967335,0.27967772450682454,12685.906708292456,78.82763313609468,135.133,"{'family': 'wmatch', 'lam': 0.1}"
tune,drift,hetero,med,wmatch_l0.2,8,169,169,0,1.0,0.7787785667509011,0.4248307484127868,26,0.49615526877917265,0.28867861412131957,12664.429633806145,78.96131360946745,135.854,"{'family': 'wmatch', 'lam': 0.2}"
tune,drift,hetero,med,wmatch_l0.4,8,169,169,0,1.0,0.7787785667509011,0.4248307484127868,26,0.49615526877917265,0.28867861412131957,12885.79223223095,77.60485207100592,134.411,"{'family': 'wmatch', 'lam': 0.4}"
tune,drift,hetero,med,wmatch_l0.8,8,169,169,0,1.0,0.7787785667509011,0.4248307484127868,26,0.49615526877917265,0.28867861412131957,12629.081921043278,79.18231952662723,137.868,"{'family': 'wmatch', 'lam': 0.8}"
tune,drift,hetero,med,d_cheap_a0.0_b0.4_g0.6,8,169,169,0,1.0,0.7777195561397462,0.41161216284557456,25,0.4337933688425733,0.2408016891204529,10578.145738681618,94.53452662721894,148.097,"{'family': 'd_cheap', 'alpha': 0.0, 'beta': 0.4, 'gamma': 0.6}"
tune,drift,hetero,med,d_cheap_a0.0_b0.6_g0.4,8,169,169,0,1.0,0.743761741060873,0.46060363654691666,26,0.28315810451395645,0.12118659560256058,8924.225771928368,112.05453846153847,158.226,"{'family': 'd_cheap', 'alpha': 0.0, 'beta': 0.6, 'gamma': 0.4}"
tune,drift,hetero,med,d_cheap_a0.0_b0.8_g0.2,8,169,169,0,1.0,0.7329159875532147,0.49855409739733136,30,0.23752174576360824,0.05001704730394663,8072.95852672806,123.87032544378698,167.353,"{'family': 'd_cheap', 'alpha': 0.0, 'beta': 0.8, 'gamma': 0.2}"
tune,drift,hetero,med,d_cheap_a0.0_b1.0_g0.0,8,169,169,0,1.0,0.7406225615545395,0.4670177111308685,30,0.27360485042367094,0.025225828646239887,9675.886431430028,103.34970414201183,136.025,"{'family': 'd_cheap', 'alpha': 0.0, 'beta': 1.0, 'gamma': 0.0}"
tune,drift,hetero,med,d_cheap_a0.2_b0.2_g0.6,8,169,169,0,1.0,0.7796471074544595,0.42102661340770414,25,0.4324333141329586,0.24260440580808,11195.432369585467,89.32214201183432,145.372,"{'family': 'd_cheap', 'alpha': 0.2, 'beta': 0.2, 'gamma': 0.6}"
tune,drift,hetero,med,d_cheap_a0.2_b0.4_g0.4,8,169,169,0,1.0,0.7792910339988046,0.41124242083997875,25,0.42197978898522714,0.2321777170256809,10786.353921972537,92.70973372781066,149.52,"{'family': 'd_cheap', 'alpha': 0.2, 'beta': 0.4, 'gamma': 0.4}"
tune,drift,hetero,med,d_cheap_a0.2_b0.6_g0.2,8,169,169,0,1.0,0.7549868731200082,0.4529629099279402,24,0.302023963192068,0.16021248881782424,9346.497330994313,106.99195266272189,154.489,"{'family': 'd_cheap', 'alpha': 0.2, 'beta': 0.6, 'gamma': 0.2}"
tune,drift,hetero,med,d_cheap_a0.2_b0.8_g0.0,8,169,169,0,1.0,0.7303892520642961,0.49062134227900317,30,0.24042108447216692,0.050158754411611925,11102.601306638211,90.06898224852071,132.177,"{'family': 'd_cheap', 'alpha': 0.2, 'beta': 0.8, 'gamma': 0.0}"
tune,drift,hetero,med,d_cheap_a0.4_b0.0_g0.6,8,169,169,0,1.0,0.7787650024320827,0.4277452054287051,26,0.4938697264714759,0.2905353435502334,13342.78328722441,74.94688165680473,128.68,"{'family': 'd_cheap', 'alpha': 0.4, 'beta': 0.0, 'gamma': 0.6}"
tune,drift,hetero,med,d_cheap_a0.4_b0.2_g0.4,8,169,169,0,1.0,0.7826585420893877,0.4134979477651829,25,0.4462155222253172,0.2542534049290041,11368.365028648952,87.96339644970415,146.675,"{'family': 'd_cheap', 'alpha': 0.4, 'beta': 0.2, 'gamma': 0.4}"
tune,drift,hetero,med,d_cheap_a0.4_b0.4_g0.2,8,169,169,0,1.0,0.7769552608916002,0.4047194635956478,25,0.4276283803797346,0.23464479107979172,10998.044560692546,90.92525443786982,150.732,"{'family': 'd_cheap', 'alpha': 0.4, 'beta': 0.4, 'gamma': 0.2}"
tune,drift,hetero,med,d_cheap_a0.4_b0.6_g0.0,8,169,169,0,1.0,0.7734873181339635,0.4401993697810064,24,0.3498407016125969,0.20426931957684585,13179.212965475766,75.8770650887574,114.715,"{'family': 'd_cheap', 'alpha': 0.4, 'beta': 0.6, 'gamma': 0.0}"
tune,drift,hetero,med,d_cheap_a0.6_b0.0_g0.4,8,169,169,0,1.0,0.7781276645080207,0.42972816153292154,26,0.49119403469043055,0.28153445393573845,13395.389655636238,74.65255029585799,128.43,"{'family': 'd_cheap', 'alpha': 0.6, 'beta': 0.0, 'gamma': 0.4}"
tune,drift,hetero,med,d_cheap_a0.6_b0.2_g0.2,8,169,169,0,1.0,0.781770463459796,0.41618305312131915,26,0.46044946460903635,0.2644305491488924,11460.329425474021,87.25752662721894,147.766,"{'family': 'd_cheap', 'alpha': 0.6, 'beta': 0.2, 'gamma': 0.2}"
tune,drift,hetero,med,d_cheap_a0.6_b0.4_g0.0,8,169,169,0,1.0,0.7768043423118712,0.4022552400602947,25,0.4299416853353587,0.23464479107979172,14629.959837730372,68.3528875739645,115.706,"{'family': 'd_cheap', 'alpha': 0.6, 'beta': 0.4, 'gamma': 0.0}"
tune,drift,hetero,med,d_cheap_a0.8_b0.0_g0.2,8,169,169,0,1.0,0.7785202254248561,0.42974787100982986,26,0.49013761043967335,0.27967772450682454,13501.836249729964,74.064,127.829,"{'family': 'd_cheap', 'alpha': 0.8, 'beta': 0.0, 'gamma': 0.2}"
tune,drift,hetero,med,d_cheap_a0.8_b0.2_g0.0,8,169,169,0,1.0,0.7806190341979367,0.4175240881555754,26,0.46012742780942373,0.26093053981733333,15126.018981274257,66.11124852071005,112.45,"{'family': 'd_cheap', 'alpha': 0.8, 'beta': 0.2, 'gamma': 0.0}"
tune,drift,hetero,med,d_capacity_a0.0_b0.4_g0.6,8,169,169,0,1.0,0.7703863072461328,0.42609725384221275,24,0.38126622715456865,0.20753999618498503,7310.16728344581,136.795775147929,208.85,"{'family': 'd_capacity', 'alpha': 0.0, 'beta': 0.4, 'gamma': 0.6}"
tune,drift,hetero,med,d_capacity_a0.0_b0.6_g0.4,8,169,169,0,1.0,0.734178738525559,0.4623277837750168,27,0.27325100237889594,0.09833252593156708,6331.785405377012,157.9333372781065,220.993,"{'family': 'd_capacity', 'alpha': 0.0, 'beta': 0.6, 'gamma': 0.4}"
tune,drift,hetero,med,d_capacity_a0.0_b0.8_g0.2,8,169,169,0,1.0,0.7337987332117419,0.5040429447221244,30,0.23040252068196593,0.03098258399484587,5676.750254630801,176.15712426035503,227.926,"{'family': 'd_capacity', 'alpha': 0.0, 'beta': 0.8, 'gamma': 0.2}"
tune,drift,hetero,med,d_capacity_a0.0_b1.0_g0.0,8,169,169,0,1.0,0.7406225615545395,0.4670177111308685,30,0.27360485042367094,0.025225828646239887,9705.366326754875,103.03578106508876,134.762,"{'family': 'd_capacity', 'alpha': 0.0, 'beta': 1.0, 'gamma': 0.0}"
tune,drift,hetero,med,d_capacity_a0.2_b0.2_g0.6,8,169,169,0,1.0,0.783416823158075,0.4068301562461531,26,0.46993594747759937,0.2583684737635443,8138.2520479261175,122.87650887573965,213.7,"{'family': 'd_capacity', 'alpha': 0.2, 'beta': 0.2, 'gamma': 0.6}"
tune,drift,hetero,med,d_capacity_a0.2_b0.4_g0.4,8,169,169,0,1.0,0.773887250990503,0.4095322029329787,25,0.40147545471095497,0.21897952263827566,7679.0722154037,130.2240650887574,214.091,"{'family': 'd_capacity', 'alpha': 0.2, 'beta': 0.4, 'gamma': 0.4}"
tune,drift,hetero,med,d_capacity_a0.2_b0.6_g0.2,8,169,169,0,1.0,0.7544299484398356,0.45511695264289076,25,0.2993129957969449,0.1403122527293028,6539.166083752246,152.92469822485208,218.088,"{'family': 'd_capacity', 'alpha': 0.2, 'beta': 0.6, 'gamma': 0.2}"
tune,drift,hetero,med,d_capacity_a0.2_b0.8_g0.0,8,169,169,0,1.0,0.7303892520642961,0.49062134227900317,30,0.24042108447216692,0.050158754411611925,11132.808743088764,89.82459171597634,127.688,"{'family': 'd_capacity', 'alpha': 0.2, 'beta': 0.8, 'gamma': 0.0}"
tune,drift,hetero,med,d_capacity_a0.4_b0.0_g0.6,8,169,169,0,1.0,0.778393146142218,0.419695102680547,26,0.47724666611746525,0.27130837421129733,9233.623963013491,108.29984023668639,193.502,"{'family': 'd_capacity', 'alpha': 0.4, 'beta': 0.0, 'gamma': 0.6}"
tune,drift,hetero,med,d_capacity_a0.4_b0.2_g0.4,8,169,169,0,1.0,0.7828657812031413,0.4122146745711463,26,0.47369137012447216,0.2615492356087393,8212.175400404292,121.77041420118343,212.728,"{'family': 'd_capacity', 'alpha': 0.4, 'beta': 0.2, 'gamma': 0.4}"
tune,drift,hetero,med,d_capacity_a0.4_b0.4_g0.2,8,169,169,0,1.0,0.7769068571852151,0.4053503312152085,25,0.423378239891948,0.23208293904423472,7845.895470852382,127.4551775147929,217.788,"{'family': 'd_capacity', 'alpha': 0.4, 'beta': 0.4, 'gamma': 0.2}"
tune,drift,hetero,med,d_capacity_a0.4_b0.6_g0.0,8,169,169,0,1.0,0.7734873181339635,0.4401993697810064,24,0.3498407016125969,0.20426931957684585,13051.122249784888,76.62176331360946,113.943,"{'family': 'd_capacity', 'alpha': 0.4, 'beta': 0.6, 'gamma': 0.0}"
tune,drift,hetero,med,d_capacity_a0.6_b0.0_g0.4,8,169,169,0,1.0,0.7783115034081626,0.41976717529932517,26,0.4762004488182006,0.27472217074585126,9197.030153796655,108.73075147928995,190.937,"{'family': 'd_capacity', 'alpha': 0.6, 'beta': 0.0, 'gamma': 0.4}"
tune,drift,hetero,med,d_capacity_a0.6_b0.2_g0.2,8,169,169,0,1.0,0.7793433118109281,0.40918097221798727,26,0.4724489132852781,0.26517669568779384,8098.6090471238895,123.47799408284023,214.291,"{'family': 'd_capacity', 'alpha': 0.6, 'beta': 0.2, 'gamma': 0.2}"
tune,drift,hetero,med,d_capacity_a0.6_b0.4_g0.0,8,169,169,0,1.0,0.7768043423118712,0.4022552400602947,25,0.4299416853353587,0.23464479107979172,14438.646772432745,69.25856804733728,112.651,"{'family': 'd_capacity', 'alpha': 0.6, 'beta': 0.4, 'gamma': 0.0}"
tune,drift,hetero,med,d_capacity_a0.8_b0.0_g0.2,8,169,169,0,1.0,0.7778254930479408,0.4209218007569116,26,0.4684315988241556,0.25750368879623675,9251.995337870278,108.08479289940828,193.482,"{'family': 'd_capacity', 'alpha': 0.8, 'beta': 0.0, 'gamma': 0.2}"
tune,drift,hetero,med,d_capacity_a0.8_b0.2_g0.0,8,169,169,0,1.0,0.7806190341979367,0.4175240881555754,26,0.46012742780942373,0.26093053981733333,15249.612240259174,65.5754378698225,111.939,"{'family': 'd_capacity', 'alpha': 0.8, 'beta': 0.2, 'gamma': 0.0}"
tune,drift,hetero,med,binpack,9,172,172,0,1.0,0.7780952572869148,0.4838944765211215,28,0.5537952516679817,0.31185573684766027,22076.041180544536,45.297976744186045,81.002,{}
tune,drift,hetero,med,hybrid_a0.1,9,172,172,0,1.0,0.7347153380912955,0.5282011483051899,30,0.20790529250922252,0.03565310312078004,10730.736985768423,93.19024418604651,120.936,"{'family': 'hybrid', 'alpha': 0.1}"
tune,drift,hetero,med,hybrid_a0.2,9,172,172,0,1.0,0.7337053476192248,0.5217767221571654,30,0.21675111011261858,0.04995982841012723,11040.10568718849,90.57884302325581,117.209,"{'family': 'hybrid', 'alpha': 0.2}"
tune,drift,hetero,med,hybrid_a0.3,9,172,172,0,1.0,0.7422174832935043,0.5033651307826503,27,0.2407679925180786,0.0829048210606295,11857.61622618265,84.33398255813954,114.244,"{'family': 'hybrid', 'alpha': 0.3}"
tune,drift,hetero,med,hybrid_a0.4,9,172,172,0,1.0,0.7556841983656332,0.47294683830758694,24,0.29805706455648806,0.1582965909528384,13178.786016204696,75.87952325581395,113.141,"{'family': 'hybrid', 'alpha': 0.4}"
tune,drift,hetero,med,hybrid_a0.5,9,172,172,0,1.0,0.7728713756744305,0.4542932131616607,25,0.4141773735372855,0.22253180312604695,14440.863614019225,69.24793604651164,111.298,"{'family': 'hybrid', 'alpha': 0.5}"
tune,drift,hetero,med,hybrid_a0.6,9,172,172,0,1.0,0.771739696407628,0.4624399114418111,26,0.4648603911733395,0.2435472209776538,15301.629365534842,65.35251744186047,110.116,"{'family': 'hybrid', 'alpha': 0.6}"
tune,drift,hetero,med,hybrid_a0.7,9,172,172,0,1.0,0.77158204268034,0.4634198796194354,27,0.4944304277214112,0.24756189513613486,15838.953936546386,63.135482558139536,110.406,"{'family': 'hybrid', 'alpha': 0.7}"
tune,drift,hetero,med,hybrid_a0.8,9,172,172,0,1.0,0.7744378917335408,0.46783216501600416,27,0.5055697266316511,0.26426946525036604,16005.459722865464,62.47868023255814,107.371,"{'family': 'hybrid', 'alpha': 0.8}"
tune,drift,hetero,med,hybrid_a0.9,9,172,172,0,1.0,0.7782881097245501,0.4831848933370061,28,0.5558914138857649,0.3219545647659236,16668.08797649412,59.99488372093023,107.562,"{'family': 'hybrid', 'alpha': 0.9}"
tune,drift,hetero,med,balance_l0.05,9,172,172,0,1.0,0.7779118670627956,0.48402014656819115,28,0.5547648797573611,0.31796076215850033,19764.197042150023,50.59654069767442,93.595,"{'family': 'balance', 'lam': 0.05}"
tune,drift,hetero,med,balance_l0.1,9,172,172,0,1.0,0.7768698404238725,0.48483454533454495,28,0.5423662621622757,0.30452766953611093,19780.36890388006,50.55517441860465,90.87,"{'family': 'balance', 'lam': 0.1}"
tune,drift,hetero,med,balance_l0.2,9,172,172,0,1.0,0.771625938246433,0.4689145005307866,28,0.529224458910417,0.27869643826286244,18768.33458964782,53.281232558139536,92.583,"{'family': 'balance', 'lam': 0.2}"
tune,drift,hetero,med,balance_l0.4,9,172,172,0,1.0,0.7670490410470528,0.45863852168524955,27,0.4932832524629707,0.24877766076071692,17942.863247007295,55.732465116279066,93.766,"{'family': 'balance', 'lam': 0.4}"
tune,drift,hetero,med,balance_l0.8,9,172,172,0,1.0,0.7393874599795837,0.4693902673128591,24,0.30125578970213385,0.11000946049598322,15093.974029238081,66.2516046511628,95.819,"{'family': 'balance', 'lam': 0.8}"
tune,drift,hetero,med,wmatch_l0.05,9,172,172,0,1.0,0.7780952572869148,0.4838944765211215,28,0.5537952516679817,0.31185573684766027,13427.380161217558,74.47469186046511,135.594,"{'family': 'wmatch', 'lam': 0.05}"
tune,drift,hetero,med,wmatch_l0.1,9,172,172,0,1.0,0.7780952572869148,0.4838944765211215,28,0.5537952516679817,0.31185573684766027,13331.646725003473,75.00948837209302,136.786,"{'family': 'wmatch', 'lam': 0.1}"
tune,drift,hetero,med,wmatch_l0.2,9,172,172,0,1.0,0.7780952572869148,0.4838944765211215,28,0.5537952516679817,0.31185573684766027,13348.285482575442,74.91598837209303,135.824,"{'family': 'wmatch', 'lam': 0.2}"
tune,drift,hetero,med,wmatch_l0.4,9,172,172,0,1.0,0.7786016697470142,0.48499251424552414,28,0.5535381198779064,0.3211831576514647,13391.527305246316,74.67408139534884,135.724,"{'family': 'wmatch', 'lam': 0.4}"
tune,drift,hetero,med,wmatch_l0.8,9,172,172,0,1.0,0.7789418920790631,0.48478417788720646,28,0.5515900524066857,0.3080774953061834,13479.692490596542,74.18566860465116,134.662,"{'family': 'wmatch', 'lam': 0.8}"
tune,drift,hetero,med,d_cheap_a0.0_b0.4_g0.6,9,172,172,0,1.0,0.7716789077330405,0.4620330651542978,26,0.4359308868966469,0.23408028306799006,10862.568800479368,92.05925581395348,147.596,"{'family': 'd_cheap', 'alpha': 0.0, 'beta': 0.4, 'gamma': 0.6}"
tune,drift,hetero,med,d_cheap_a0.0_b0.6_g0.4,9,172,172,0,1.0,0.7504215876813489,0.503203196241802,24,0.24721839143954696,0.12544284141884227,8962.384611252139,111.57744767441861,156.092,"{'family': 'd_cheap', 'alpha': 0.0, 'beta': 0.6, 'gamma': 0.4}"
tune,drift,hetero,med,d_cheap_a0.0_b0.8_g0.2,9,172,172,0,1.0,0.7365687352584414,0.5324891963189013,30,0.20537202837926793,0.03007680330856282,8053.898939301509,124.16346511627907,159.879,"{'family': 'd_cheap', 'alpha': 0.0, 'beta': 0.8, 'gamma': 0.2}"
tune,drift,hetero,med,d_cheap_a0.0_b1.0_g0.0,9,172,172,0,1.0,0.7391706504700337,0.5075104190279881,30,0.23166023144204564,0.027379562274934852,9752.232070464639,102.54062790697675,132.027,"{'family': 'd_cheap', 'alpha': 0.0, 'beta': 1.0, 'gamma': 0.0}"
tune,drift,hetero,med,d_cheap_a0.2_b0.2_g0.6,9,172,172,0,1.0,0.7719887466476593,0.47013941082300403,26,0.4465814572385553,0.2437996133796119,11175.628708708731,89.48042441860466,145.482,"{'family': 'd_cheap', 'alpha': 0.2, 'beta': 0.2, 'gamma': 0.6}"
tune,drift,hetero,med,d_cheap_a0.2_b0.4_g0.4,9,172,172,0,1.0,0.771875222015943,0.4580354388195509,26,0.4446715106092324,0.22798910662409305,11097.476556419475,90.11057558139534,146.694,"{'family': 'd_cheap', 'alpha': 0.2, 'beta': 0.4, 'gamma': 0.4}"
tune,drift,hetero,med,d_cheap_a0.2_b0.6_g0.2,9,172,172,0,1.0,0.7545368374049969,0.4840471336314673,24,0.28168939228336937,0.15453812325146069,9731.834766572325,102.75554651162791,148.598,"{'family': 'd_cheap', 'alpha': 0.2, 'beta': 0.6, 'gamma': 0.2}"
tune,drift,hetero,med,d_cheap_a0.2_b0.8_g0.0,9,172,172,0,1.0,0.7337053476192248,0.5217767221571654,30,0.21675111011261858,0.04995982841012723,11155.880206082835,89.63882558139534,115.056,"{'family': 'd_cheap', 'alpha': 0.2, 'beta': 0.8, 'gamma': 0.0}"
tune,drift,hetero,med,d_cheap_a0.4_b0.0_g0.6,9,172,172,0,1.0,0.7792654738044749,0.48894426286083553,28,0.5499156818458276,0.31185573684766027,14465.199295544795,69.13143604651164,119.554,"{'family': 'd_cheap', 'alpha': 0.4, 'beta': 0.0, 'gamma': 0.6}"
tune,drift,hetero,med,d_cheap_a0.4_b0.2_g0.4,9,172,172,0,1.0,0.7686636110762148,0.47440192489789634,27,0.47631662066859753,0.2318573790939508,11647.12489029187,85.8580988372093,145.182,"{'family': 'd_cheap', 'alpha': 0.4, 'beta': 0.2, 'gamma': 0.4}"
tune,drift,hetero,med,d_cheap_a0.4_b0.4_g0.2,9,172,172,0,1.0,0.7709803730793305,0.457368940291836,26,0.4707193502405616,0.24831096706976205,11591.522041649821,86.26994767441862,146.323,"{'family': 'd_cheap', 'alpha': 0.4, 'beta': 0.4, 'gamma': 0.2}"
tune,drift,hetero,med,d_cheap_a0.4_b0.6_g0.0,9,172,172,0,1.0,0.7556841983656332,0.47294683830758694,24,0.29805706455648806,0.1582965909528384,13280.449348636424,75.29865697674418,111.388,"{'family': 'd_cheap', 'alpha': 0.4, 'beta': 0.6, 'gamma': 0.0}"
tune,drift,hetero,med,d_cheap_a0.6_b0.0_g0.4,9,172,172,0,1.0,0.7782582180245581,0.48417449746150454,28,0.5536781914652418,0.31185573684766027,14067.693084812814,71.08486046511628,122.73,"{'family': 'd_cheap', 'alpha': 0.6, 'beta': 0.0, 'gamma': 0.4}"
tune,drift,hetero,med,d_cheap_a0.6_b0.2_g0.2,9,172,172,0,1.0,0.7744378917335408,0.46783216501600416,27,0.5055697266316511,0.26426946525036604,12105.669260869361,82.60592441860466,144.179,"{'family': 'd_cheap', 'alpha': 0.6, 'beta': 0.2, 'gamma': 0.2}"
tune,drift,hetero,med,d_cheap_a0.6_b0.4_g0.0,9,172,172,0,1.0,0.771739696407628,0.4624399114418111,26,0.4648603911733395,0.2435472209776538,15212.18701367434,65.73676744186047,111.769,"{'family': 'd_cheap', 'alpha': 0.6, 'beta': 0.4, 'gamma': 0.0}"
tune,drift,hetero,med,d_cheap_a0.8_b0.0_g0.2,9,172,172,0,1.0,0.7782582180245581,0.48417449746150454,28,0.5536781914652418,0.31185573684766027,14311.813136979694,69.8723488372093,120.355,"{'family': 'd_cheap', 'alpha': 0.8, 'beta': 0.0, 'gamma': 0.2}"
tune,drift,hetero,med,d_cheap_a0.8_b0.2_g0.0,9,172,172,0,1.0,0.7744378917335408,0.46783216501600416,27,0.5055697266316511,0.26426946525036604,16086.568183199824,62.16366279069767,107.061,"{'family': 'd_cheap', 'alpha': 0.8, 'beta': 0.2, 'gamma': 0.0}"
tune,drift,hetero,med,d_capacity_a0.0_b0.4_g0.6,9,172,172,0,1.0,0.7692048200794063,0.46290769496868645,25,0.36310865116033525,0.19583104619272992,7426.021392036205,134.66161046511627,211.976,"{'family': 'd_capacity', 'alpha': 0.0, 'beta': 0.4, 'gamma': 0.6}"
tune,drift,hetero,med,d_capacity_a0.0_b0.6_g0.4,9,172,172,0,1.0,0.7377533325021896,0.5021202048887177,24,0.23594825762536908,0.09386096573670843,6501.577993458807,153.80881395348837,209.482,"{'family': 'd_capacity', 'alpha': 0.0, 'beta': 0.6, 'gamma': 0.4}"
tune,drift,hetero,med,d_capacity_a0.0_b0.8_g0.2,9,172,172,0,1.0,0.7369923570048045,0.5400761791290982,30,0.19731258126847678,0.020023612419956153,5710.508999911586,175.11573837209303,225.783,"{'family': 'd_capacity', 'alpha': 0.0, 'beta': 0.8, 'gamma': 0.2}"
tune,drift,hetero,med,d_capacity_a0.0_b1.0_g0.0,9,172,172,0,1.0,0.7391706504700337,0.5075104190279881,30,0.23166023144204564,0.027379562274934852,9697.372626561002,103.12071511627907,128.341,"{'family': 'd_capacity', 'alpha': 0.0, 'beta': 1.0, 'gamma': 0.0}"
tune,drift,hetero,med,d_capacity_a0.2_b0.2_g0.6,9,172,172,0,1.0,0.7699711437442606,0.4635479971546023,27,0.5053841544906503,0.2538596033994439,8669.732391571892,115.34381395348836,205.895,"{'family': 'd_capacity', 'alpha': 0.2, 'beta': 0.2, 'gamma': 0.6}"
tune,drift,hetero,med,d_capacity_a0.2_b0.4_g0.4,9,172,172,0,1.0,0.7714859442689969,0.46155930978014664,26,0.43107546086769727,0.2267001484269073,7848.927852427014,127.40593604651163,206.767,"{'family': 'd_capacity', 'alpha': 0.2, 'beta': 0.4, 'gamma': 0.4}"
tune,drift,hetero,med,d_capacity_a0.2_b0.6_g0.2,9,172,172,0,1.0,0.7474080799774605,0.48987388868854753,24,0.25898165083806657,0.13059867420758528,6571.888068672257,152.16327325581395,212.738,"{'family': 'd_capacity', 'alpha': 0.2, 'beta': 0.6, 'gamma': 0.2}"
tune,drift,hetero,med,d_capacity_a0.2_b0.8_g0.0,9,172,172,0,1.0,0.7337053476192248,0.5217767221571654,30,0.21675111011261858,0.04995982841012723,11012.35631195931,90.80708720930232,118.071,"{'family': 'd_capacity', 'alpha': 0.2, 'beta': 0.8, 'gamma': 0.0}"
tune,drift,hetero,med,d_capacity_a0.4_b0.0_g0.6,9,172,172,0,1.0,0.7776041285153924,0.48068838903547334,28,0.5417124669811145,0.3097556402667184,9896.65589695694,101.04423255813954,180.648,"{'family': 'd_capacity', 'alpha': 0.4, 'beta': 0.0, 'gamma': 0.6}"
tune,drift,hetero,med,d_capacity_a0.4_b0.2_g0.4,9,172,172,0,1.0,0.7678290759059777,0.46982194503198577,27,0.4771881133251638,0.2423851250448606,8250.424561091804,121.20588372093023,212.989,"{'family': 'd_capacity', 'alpha': 0.4, 'beta': 0.2, 'gamma': 0.4}"
tune,drift,hetero,med,d_capacity_a0.4_b0.4_g0.2,9,172,172,0,1.0,0.7713262241572998,0.46703623917961135,26,0.43918486178835575,0.23404198810220436,8022.517153377702,124.64915697674418,215.814,"{'family': 'd_capacity', 'alpha': 0.4, 'beta': 0.4, 'gamma': 0.2}"
tune,drift,hetero,med,d_capacity_a0.4_b0.6_g0.0,9,172,172,0,1.0,0.7556841983656332,0.47294683830758694,24,0.29805706455648806,0.1582965909528384,13255.055551398365,75.44291279069768,111.779,"{'family': 'd_capacity', 'alpha': 0.4, 'beta': 0.6, 'gamma': 0.0}"
tune,drift,hetero,med,d_capacity_a0.6_b0.0_g0.4,9,172,172,0,1.0,0.7786016697470142,0.48499251424552414,28,0.5535381198779064,0.3211831576514647,9957.40315557053,100.42779069767441,185.387,"{'family': 'd_capacity', 'alpha': 0.6, 'beta': 0.0, 'gamma': 0.4}"
tune,drift,hetero,med,d_capacity_a0.6_b0.2_g0.2,9,172,172,0,1.0,0.7690504831679948,0.4661470621389624,27,0.5037137138733424,0.2628568724463892,8694.03687636397,115.02136627906977,206.225,"{'family': 'd_capacity', 'alpha': 0.6, 'beta': 0.2, 'gamma': 0.2}"
tune,drift,hetero,med,d_capacity_a0.6_b0.4_g0.0,9,172,172,0,1.0,0.771739696407628,0.4624399114418111,26,0.4648603911733395,0.2435472209776538,15317.416044530222,65.28516279069767,109.785,"{'family': 'd_capacity', 'alpha': 0.6, 'beta': 0.4, 'gamma': 0.0}"
tune,drift,hetero,med,d_capacity_a0.8_b0.0_g0.2,9,172,172,0,1.0,0.7786016697470142,0.48499251424552414,28,0.5535381198779064,0.3211831576514647,9878.527423998228,101.22966279069767,183.723,"{'family': 'd_capacity', 'alpha': 0.8, 'beta': 0.0, 'gamma': 0.2}"
tune,drift,hetero,med,d_capacity_a0.8_b0.2_g0.0,9,172,172,0,1.0,0.7744378917335408,0.46783216501600416,27,0.5055697266316511,0.26426946525036604,15820.406742657355,63.2095,110.767,"{'family': 'd_capacity', 'alpha': 0.8, 'beta': 0.2, 'gamma': 0.0}"
