split,family,cluster_config,load,policy,seed,submitted,placed,rejected,admission_rate,mean_cpu_util,mean_ram_util,active_nodes,free_imbalance,stranded_frac,decisions_per_sec,mean_latency_us,p95_latency_us,params
tune,drift,hetero,high,binpack,0,255,180,75,0.7058823529411765,0.9426621404314103,0.40790672007547374,30,0.6347994017845772,0.3839609919952593,13940.951051680744,71.73111764705882,203.762,{}
tune,drift,hetero,high,hybrid_a0.1,0,255,211,44,0.8274509803921568,0.9892125250563019,0.5501327594437442,30,0.4396021050601888,0.3059354795517145,6732.227829361311,148.53923921568628,267.31,"{'family': 'hybrid', 'alpha': 0.1}"
tune,drift,hetero,high,hybrid_a0.2,0,255,206,49,0.807843137254902,0.9904629343845447,0.5423802071865732,30,0.4480827271979715,0.3045929949860505,7114.134968754859,140.5652274509804,256.25,"{'family': 'hybrid', 'alpha': 0.2}"
tune,drift,hetero,high,hybrid_a0.3,0,255,210,45,0.8235294117647058,0.9903208031992153,0.5306222800148622,30,0.45969852318435306,0.3052642372688825,7416.749819096746,134.82994901960785,243.486,"{'family': 'hybrid', 'alpha': 0.3}"
tune,drift,hetero,high,hybrid_a0.4,0,255,207,48,0.8117647058823529,0.9914744453939293,0.5175006551592649,30,0.47397379023466435,0.30325051042038653,8077.3469000663035,123.80302745098038,242.624,"{'family': 'hybrid', 'alpha': 0.4}"
tune,drift,hetero,high,hybrid_a0.5,0,255,187,68,0.7333333333333333,0.9569486848638531,0.42426991370187034,30,0.5974362610377874,0.35724935495993226,10642.995087402152,93.95851372549019,228.919,"{'family': 'hybrid', 'alpha': 0.5}"
tune,drift,hetero,high,hybrid_a0.6,0,255,187,68,0.7333333333333333,0.9578822061580617,0.419545581046655,30,0.6027132721758286,0.36545688051979197,11073.090124271335,90.30902745098038,227.225,"{'family': 'hybrid', 'alpha': 0.6}"
tune,drift,hetero,high,hybrid_a0.7,0,255,182,73,0.7137254901960784,0.9500217802213499,0.41115050465837355,30,0.617311934670547,0.3700824412983168,11483.493019184592,87.08151764705882,225.322,"{'family': 'hybrid', 'alpha': 0.7}"
tune,drift,hetero,high,hybrid_a0.8,0,255,185,70,0.7254901960784313,0.951349733780247,0.4036726577337913,30,0.6244365743440999,0.3680687144498208,11473.552898140722,87.15696078431372,217.978,"{'family': 'hybrid', 'alpha': 0.8}"
tune,drift,hetero,high,hybrid_a0.9,0,255,189,66,0.7411764705882353,0.9539706971166101,0.42546854589126765,30,0.6047537211787738,0.3654809172869429,11241.65538533485,88.9548705882353,224.389,"{'family': 'hybrid', 'alpha': 0.9}"
tune,drift,hetero,high,balance_l0.05,0,255,181,74,0.7098039215686275,0.9421871854784739,0.4016817092129551,30,0.6405612967661443,0.3859747188437553,13782.106091734131,72.55785098039216,193.553,"{'family': 'balance', 'lam': 0.05}"
tune,drift,hetero,high,balance_l0.1,0,255,180,75,0.7058823529411765,0.9384075124171217,0.40746384637334215,30,0.6361091093667989,0.38933093025791526,13985.994041637457,71.50010196078432,191.669,"{'family': 'balance', 'lam': 0.1}"
tune,drift,hetero,high,balance_l0.2,0,255,191,64,0.7490196078431373,0.9472386984281346,0.41934269526086815,30,0.6181850949032469,0.3753063324617368,13344.516910695145,74.93714509803921,185.497,"{'family': 'balance', 'lam': 0.2}"
tune,drift,hetero,high,balance_l0.4,0,255,186,69,0.7294117647058823,0.9505820583109916,0.4073006955414554,30,0.6224420944630594,0.37537289659639617,13555.35768867862,73.77156862745097,186.819,"{'family': 'balance', 'lam': 0.4}"
tune,drift,hetero,high,balance_l0.8,0,255,209,46,0.8196078431372549,0.9903284032811162,0.5129508862827301,30,0.4789422404401483,0.3045929949860505,9788.270872393652,102.16309019607843,192.89,"{'family': 'balance', 'lam': 0.8}"
tune,drift,hetero,high,wmatch_l0.05,0,255,179,76,0.7019607843137254,0.9418752193849527,0.4022465053913621,30,0.6396726954222314,0.3853034765609233,9545.445153144876,104.76200784313725,278.671,"{'family': 'wmatch', 'lam': 0.05}"
tune,drift,hetero,high,wmatch_l0.1,0,255,179,76,0.7019607843137254,0.9418752193849527,0.4022465053913621,30,0.6396726954222314,0.3853034765609233,9474.3859604016,105.54773725490196,271.238,"{'family': 'wmatch', 'lam': 0.1}"
tune,drift,hetero,high,wmatch_l0.2,0,255,179,76,0.7019607843137254,0.9418752193849527,0.4022465053913621,30,0.6396726954222314,0.3853034765609233,9572.415586685467,104.46683921568626,268.813,"{'family': 'wmatch', 'lam': 0.2}"
tune,drift,hetero,high,wmatch_l0.4,0,255,183,72,0.7176470588235294,0.9433255967897888,0.4053018640435964,30,0.6361486939206583,0.3839609919952593,9606.360359892684,104.09769803921569,272.65,"{'family': 'wmatch', 'lam': 0.4}"
tune,drift,hetero,high,wmatch_l0.8,0,255,183,72,0.7176470588235294,0.9433255967897888,0.4053018640435964,30,0.6361486939206583,0.3839609919952593,9545.43086053519,104.76216470588236,268.062,"{'family': 'wmatch', 'lam': 0.8}"
tune,drift,hetero,high,d_cheap_a0.0_b0.4_g0.6,0,255,198,57,0.7764705882352941,0.9789684012491316,0.4662688292881257,30,0.5323406106049878,0.3278673126812,7201.421848729813,138.86146666666667,294.822,"{'family': 'd_cheap', 'alpha': 0.0, 'beta': 0.4, 'gamma': 0.6}"
tune,drift,hetero,high,d_cheap_a0.0_b0.6_g0.4,0,255,210,45,0.8235294117647058,0.9904946006921322,0.5302516151472656,30,0.4602429855448666,0.3052642372688825,5282.874629616106,189.29088235294117,317.504,"{'family': 'd_cheap', 'alpha': 0.0, 'beta': 0.6, 'gamma': 0.4}"
tune,drift,hetero,high,d_cheap_a0.0_b0.8_g0.2,0,255,210,45,0.8235294117647058,0.9923697313568027,0.554223786907156,30,0.4381459444496468,0.30123678357189054,5382.066915048,185.80222352941178,317.754,"{'family': 'd_cheap', 'alpha': 0.0, 'beta': 0.8, 'gamma': 0.2}"
tune,drift,hetero,high,d_cheap_a0.0_b1.0_g0.0,0,255,210,45,0.8235294117647058,0.9904480416857518,0.5429651225350074,30,0.4474829191507444,0.3052642372688825,6797.128711575465,147.12094509803921,252.853,"{'family': 'd_cheap', 'alpha': 0.0, 'beta': 1.0, 'gamma': 0.0}"
tune,drift,hetero,high,d_cheap_a0.2_b0.2_g0.6,0,255,188,67,0.7372549019607844,0.9597408652269109,0.4222402756455778,30,0.5972882920222957,0.36679936508545596,8467.238841714932,118.10225490196078,292.437,"{'family': 'd_cheap', 'alpha': 0.2, 'beta': 0.2, 'gamma': 0.6}"
tune,drift,hetero,high,d_cheap_a0.2_b0.4_g0.4,0,255,192,63,0.7529411764705882,0.9683922954857336,0.4422676152865805,30,0.5684097293147831,0.34531961203483197,7778.198952847003,128.56446666666665,294.491,"{'family': 'd_cheap', 'alpha': 0.2, 'beta': 0.4, 'gamma': 0.4}"
tune,drift,hetero,high,d_cheap_a0.2_b0.6_g0.2,0,255,208,47,0.8156862745098039,0.9908825363319059,0.5304665807116632,30,0.4604159556202427,0.30392175270321853,5776.554185301528,173.1135843137255,307.766,"{'family': 'd_cheap', 'alpha': 0.2, 'beta': 0.6, 'gamma': 0.2}"
tune,drift,hetero,high,d_cheap_a0.2_b0.8_g0.0,0,255,206,49,0.807843137254902,0.9904629343845447,0.5423802071865732,30,0.4480827271979715,0.3045929949860505,7423.643460163128,134.7047450980392,251.951,"{'family': 'd_cheap', 'alpha': 0.2, 'beta': 0.8, 'gamma': 0.0}"
tune,drift,hetero,high,d_cheap_a0.4_b0.0_g0.6,0,255,184,71,0.7215686274509804,0.9513679609199898,0.4166241714885183,30,0.6131786748389534,0.37219334011526284,10129.511162900057,98.72144705882353,243.405,"{'family': 'd_cheap', 'alpha': 0.4, 'beta': 0.0, 'gamma': 0.6}"
tune,drift,hetero,high,d_cheap_a0.4_b0.2_g0.4,0,255,187,68,0.7333333333333333,0.9517375167089626,0.40439449466806937,30,0.6239454090464408,0.3673974721669888,8744.544690075847,114.35701176470587,285.464,"{'family': 'd_cheap', 'alpha': 0.4, 'beta': 0.2, 'gamma': 0.4}"
tune,drift,hetero,high,d_cheap_a0.4_b0.4_g0.2,0,255,184,71,0.7215686274509804,0.9556235869318236,0.4096676539340748,30,0.6148398261715406,0.3648096750041109,8524.966216060355,117.30251764705882,299.31,"{'family': 'd_cheap', 'alpha': 0.4, 'beta': 0.4, 'gamma': 0.2}"
tune,drift,hetero,high,d_cheap_a0.4_b0.6_g0.0,0,255,207,48,0.8117647058823529,0.9914744453939293,0.5175006551592649,30,0.47397379023466435,0.30325051042038653,8434.865686010438,118.55553333333334,233.978,"{'family': 'd_cheap', 'alpha': 0.4, 'beta': 0.6, 'gamma': 0.0}"
tune,drift,hetero,high,d_cheap_a0.6_b0.0_g0.4,0,255,179,76,0.7019607843137254,0.948156636839731,0.4054169807257468,30,0.6291164393190264,0.38024824750924674,10341.67096420549,96.69617254901961,251.0,"{'family': 'd_cheap', 'alpha': 0.6, 'beta': 0.0, 'gamma': 0.4}"
tune,drift,hetero,high,d_cheap_a0.6_b0.2_g0.2,0,255,187,68,0.7333333333333333,0.95174354650755,0.403851139847856,30,0.6244947936652416,0.3673974721669888,8778.668592695081,113.91249019607844,286.005,"{'family': 'd_cheap', 'alpha': 0.6, 'beta': 0.2, 'gamma': 0.2}"
tune,drift,hetero,high,d_cheap_a0.6_b0.4_g0.0,0,255,187,68,0.7333333333333333,0.9578822061580617,0.419545581046655,30,0.6027132721758286,0.36545688051979197,11060.572727733288,90.41123137254903,222.155,"{'family': 'd_cheap', 'alpha': 0.6, 'beta': 0.4, 'gamma': 0.0}"
tune,drift,hetero,high,d_cheap_a0.8_b0.0_g0.2,0,255,179,76,0.7019607843137254,0.9418752193849527,0.4022465053913621,30,0.6396726954222314,0.3853034765609233,10449.05832061997,95.70240392156862,244.748,"{'family': 'd_cheap', 'alpha': 0.8, 'beta': 0.0, 'gamma': 0.2}"
tune,drift,hetero,high,d_cheap_a0.8_b0.2_g0.0,0,255,185,70,0.7254901960784313,0.951349733780247,0.4036726577337913,30,0.6244365743440999,0.3680687144498208,11609.233738673143,86.1383294117647,222.066,"{'family': 'd_cheap', 'alpha': 0.8, 'beta': 0.2, 'gamma': 0.0}"
tune,drift,hetero,high,d_capacity_a0.0_b0.4_g0.6,0,255,208,47,0.8156862745098039,0.9912485338514311,0.5036074584963297,30,0.48764107535510137,0.30392175270321853,4893.248976279544,204.36319607843137,415.307,"{'family': 'd_capacity', 'alpha': 0.0, 'beta': 0.4, 'gamma': 0.6}"
tune,drift,hetero,high,d_capacity_a0.0_b0.6_g0.4,0,255,208,47,0.8156862745098039,0.9886720506494753,0.5283632706744714,30,0.46030877997500386,0.3079492064002105,4092.2516120422224,244.36425098039214,430.986,"{'family': 'd_capacity', 'alpha': 0.0, 'beta': 0.6, 'gamma': 0.4}"
tune,drift,hetero,high,d_capacity_a0.0_b0.8_g0.2,0,255,208,47,0.8156862745098039,0.9918119322699938,0.5527182117440844,30,0.4390937205259094,0.30190802585472254,3933.4951784064506,254.2268274509804,458.187,"{'family': 'd_capacity', 'alpha': 0.0, 'beta': 0.8, 'gamma': 0.2}"
tune,drift,hetero,high,d_capacity_a0.0_b1.0_g0.0,0,255,210,45,0.8235294117647058,0.9904480416857518,0.5429651225350074,30,0.4474829191507444,0.3052642372688825,6865.1203346560405,145.66387058823528,250.258,"{'family': 'd_capacity', 'alpha': 0.0, 'beta': 1.0, 'gamma': 0.0}"
tune,drift,hetero,high,d_capacity_a0.2_b0.2_g0.6,0,255,186,69,0.7294117647058823,0.9509778171385663,0.40933764591152244,30,0.6186486194532199,0.36615215956977487,6360.119546303491,157.22974901960785,407.332,"{'family': 'd_capacity', 'alpha': 0.2, 'beta': 0.2, 'gamma': 0.6}"
tune,drift,hetero,high,d_capacity_a0.2_b0.4_g0.4,0,255,190,65,0.7450980392156863,0.9638183482305478,0.43402169886962777,30,0.5811440804755434,0.3582923776126104,5780.381805779035,172.99895294117647,423.112,"{'family': 'd_capacity', 'alpha': 0.2, 'beta': 0.4, 'gamma': 0.4}"
tune,drift,hetero,high,d_capacity_a0.2_b0.6_g0.2,0,255,211,44,0.8274509803921568,0.9896371565531827,0.5266884273418294,30,0.46294872921135327,0.3059354795517145,4259.012852013884,234.79619215686276,419.786,"{'family': 'd_capacity', 'alpha': 0.2, 'beta': 0.6, 'gamma': 0.2}"
tune,drift,hetero,high,d_capacity_a0.2_b0.8_g0.0,0,255,206,49,0.807843137254902,0.9904629343845447,0.5423802071865732,30,0.4480827271979715,0.3045929949860505,7397.971957682672,135.17218039215686,245.068,"{'family': 'd_capacity', 'alpha': 0.2, 'beta': 0.8, 'gamma': 0.0}"
tune,drift,hetero,high,d_capacity_a0.4_b0.0_g0.6,0,255,179,76,0.7019607843137254,0.9380486331649693,0.4001857978474515,30,0.6460209510253884,0.3979197090668491,7403.983186163924,135.06243529411762,361.586,"{'family': 'd_capacity', 'alpha': 0.4, 'beta': 0.0, 'gamma': 0.6}"
tune,drift,hetero,high,d_capacity_a0.4_b0.2_g0.4,0,255,189,66,0.7411764705882353,0.9546373069099431,0.41887054417058617,30,0.6051309527652615,0.3634671904384469,6392.4706222105015,156.43403921568625,403.475,"{'family': 'd_capacity', 'alpha': 0.4, 'beta': 0.2, 'gamma': 0.4}"
tune,drift,hetero,high,d_capacity_a0.4_b0.4_g0.2,0,255,187,68,0.7333333333333333,0.9515241956422088,0.4121211088338666,30,0.6166292564756641,0.3701555764996159,6244.791109533342,160.13345882352942,428.351,"{'family': 'd_capacity', 'alpha': 0.4, 'beta': 0.4, 'gamma': 0.2}"
tune,drift,hetero,high,d_capacity_a0.4_b0.6_g0.0,0,255,207,48,0.8117647058823529,0.9914744453939293,0.5175006551592649,30,0.47397379023466435,0.30325051042038653,8422.277538419954,118.73272941176471,232.625,"{'family': 'd_capacity', 'alpha': 0.4, 'beta': 0.6, 'gamma': 0.0}"
tune,drift,hetero,high,d_capacity_a0.6_b0.0_g0.4,0,255,180,75,0.7058823529411765,0.9386346168186174,0.402585115643041,30,0.6442076168834469,0.3965772245011851,7348.941004632512,136.0740274509804,372.076,"{'family': 'd_capacity', 'alpha': 0.6, 'beta': 0.0, 'gamma': 0.4}"
tune,drift,hetero,high,d_capacity_a0.6_b0.2_g0.2,0,255,184,71,0.7215686274509804,0.9447068914831697,0.3970366129898259,30,0.6376706339382868,0.3925257340370422,6471.780132665402,154.51699215686276,402.824,"{'family': 'd_capacity', 'alpha': 0.6, 'beta': 0.2, 'gamma': 0.2}"
tune,drift,hetero,high,d_capacity_a0.6_b0.4_g0.0,0,255,187,68,0.7333333333333333,0.9578822061580617,0.419545581046655,30,0.6027132721758286,0.36545688051979197,10980.816427576972,91.06790980392158,227.516,"{'family': 'd_capacity', 'alpha': 0.6, 'beta': 0.4, 'gamma': 0.0}"
tune,drift,hetero,high,d_capacity_a0.8_b0.0_g0.2,0,255,179,76,0.7019607843137254,0.9418351863913486,0.4038048755262184,30,0.638074292293771,0.3853034765609233,7376.6788525544225,135.56236078431374,361.496,"{'family': 'd_capacity', 'alpha': 0.8, 'beta': 0.0, 'gamma': 0.2}"
tune,drift,hetero,high,d_capacity_a0.8_b0.2_g0.0,0,255,185,70,0.7254901960784313,0.951349733780247,0.4036726577337913,30,0.6244365743440999,0.3680687144498208,11578.561607551146,86.3665137254902,221.404,"{'family': 'd_capacity', 'alpha': 0.8, 'beta': 0.2, 'gamma': 0.0}"
tune,drift,hetero,high,binpack,1,250,184,66,0.736,0.9452860590025389,0.38178318861598454,30,0.6526054283817262,0.41754648171425335,15040.428370651745,66.48746799999999,164.618,{}
tune,drift,hetero,high,hybrid_a0.1,1,250,209,41,0.836,0.9904979940709393,0.5305492182403246,30,0.4599487758306146,0.33625914901752285,6884.25748477815,145.258948,249.757,"{'family': 'hybrid', 'alpha': 0.1}"
tune,drift,hetero,high,hybrid_a0.2,1,250,211,39,0.844,0.9919765587770911,0.5125825730147182,30,0.4793939857623729,0.3356147404243361,7165.334798118842,139.56082,247.163,"{'family': 'hybrid', 'alpha': 0.2}"
tune,drift,hetero,high,hybrid_a0.3,1,250,207,43,0.828,0.9905287430299972,0.5027368944678294,30,0.4877918485621676,0.34077000916983097,7304.025686797535,136.9108,241.132,"{'family': 'hybrid', 'alpha': 0.3}"
tune,drift,hetero,high,hybrid_a0.4,1,250,210,40,0.84,0.9904151296197073,0.4798844832163027,30,0.5113562927764878,0.33883678339027035,7735.746646994767,129.270004,236.693,"{'family': 'hybrid', 'alpha': 0.4}"
tune,drift,hetero,high,hybrid_a0.5,1,250,189,61,0.756,0.9625197688806711,0.41271090856930376,30,0.6069179466765254,0.39103387943840695,9726.995150664929,102.806672,230.151,"{'family': 'hybrid', 'alpha': 0.5}"
tune,drift,hetero,high,hybrid_a0.6,1,250,189,61,0.756,0.9562077909170755,0.4034133450679885,30,0.6219503703389729,0.39693778852311257,10535.218603678983,94.91972,237.915,"{'family': 'hybrid', 'alpha': 0.6}"
tune,drift,hetero,high,hybrid_a0.7,1,250,187,63,0.748,0.9502030912975695,0.391559345524445,30,0.6354159596008443,0.4047625415965397,10608.262495599693,94.266144,231.624,"{'family': 'hybrid', 'alpha': 0.7}"
tune,drift,hetero,high,hybrid_a0.8,1,250,184,66,0.736,0.9504853564747344,0.38927651089709364,30,0.6417096549282681,0.4098135785960108,11100.419187349857,90.086688,222.477,"{'family': 'hybrid', 'alpha': 0.8}"
tune,drift,hetero,high,hybrid_a0.9,1,250,184,66,0.736,0.950132181423958,0.39053204598813096,30,0.6401009447864544,0.4098135785960108,11097.778486654544,90.10812399999999,228.538,"{'family': 'hybrid', 'alpha': 0.9}"
tune,drift,hetero,high,balance_l0.05,1,250,187,63,0.748,0.9523263942229628,0.39257572735110824,30,0.6370903965802792,0.40788035281645024,13285.800635826534,75.268328,194.975,"{'family': 'balance', 'lam': 0.05}"
tune,drift,hetero,high,balance_l0.1,1,250,188,62,0.752,0.9532955876720527,0.3948628538341962,30,0.6357724635462811,0.4065915356300765,12863.153845686815,77.741432,193.042,"{'family': 'balance', 'lam': 0.1}"
tune,drift,hetero,high,balance_l0.2,1,250,186,64,0.744,0.9491377403951496,0.39002280475320494,30,0.6409999957659792,0.4047625415965397,13014.084988013507,76.839824,197.861,"{'family': 'balance', 'lam': 0.2}"
tune,drift,hetero,high,balance_l0.4,1,250,188,62,0.752,0.9518173565388253,0.3948674664537867,30,0.6332406338998235,0.39082492367337107,12631.131353256971,79.169472,193.311,"{'family': 'balance', 'lam': 0.4}"
tune,drift,hetero,high,balance_l0.8,1,250,209,41,0.836,0.9873488012128716,0.4765617063734473,30,0.5107870948394244,0.34012560057664415,9490.85114218787,105.364628,192.31,"{'family': 'balance', 'lam': 0.8}"
tune,drift,hetero,high,wmatch_l0.05,1,250,184,66,0.736,0.9452860590025389,0.38178318861598454,30,0.6526054283817262,0.41754648171425335,8982.191906326518,111.33139999999999,288.73,"{'family': 'wmatch', 'lam': 0.05}"
tune,drift,hetero,high,wmatch_l0.1,1,250,184,66,0.736,0.9452860590025389,0.38178318861598454,30,0.6526054283817262,0.41754648171425335,9004.055967050917,111.06106,282.799,"{'family': 'wmatch', 'lam': 0.1}"
tune,drift,hetero,high,wmatch_l0.2,1,250,184,66,0.736,0.9452860590025389,0.38178318861598454,30,0.6526054283817262,0.41754648171425335,9104.832863493608,109.83178,284.382,"{'family': 'wmatch', 'lam': 0.2}"
tune,drift,hetero,high,wmatch_l0.4,1,250,183,67,0.732,0.9463368311922324,0.38378548533822854,30,0.6497308104480235,0.4169020731210665,9248.88304014189,108.12116400000001,283.761,"{'family': 'wmatch', 'lam': 0.4}"
tune,drift,hetero,high,wmatch_l0.8,1,250,185,65,0.74,0.9482806847877241,0.38482227409222286,30,0.6447317927782554,0.3972690096052398,9160.707016038932,109.16188000000001,277.81,"{'family': 'wmatch', 'lam': 0.8}"
tune,drift,hetero,high,d_cheap_a0.0_b0.4_g0.6,1,250,206,44,0.824,0.9840467323004543,0.45818266998577817,30,0.5393852221582962,0.3500311006013898,6465.691424876747,154.6625,307.816,"{'family': 'd_cheap', 'alpha': 0.0, 'beta': 0.4, 'gamma': 0.6}"
tune,drift,hetero,high,d_cheap_a0.0_b0.6_g0.4,1,250,207,43,0.828,0.9813642225571985,0.48524412582315196,30,0.49612009673404656,0.34850291228807345,5497.071237403708,181.915052,319.558,"{'family': 'd_cheap', 'alpha': 0.0, 'beta': 0.6, 'gamma': 0.4}"
tune,drift,hetero,high,d_cheap_a0.0_b0.8_g0.2,1,250,208,42,0.832,0.9884769922026208,0.5243312920548505,30,0.46414570014777023,0.33561474042433603,5106.664849238691,195.82252400000002,337.472,"{'family': 'd_cheap', 'alpha': 0.0, 'beta': 0.8, 'gamma': 0.2}"
tune,drift,hetero,high,d_cheap_a0.0_b1.0_g0.0,1,250,209,41,0.836,0.9866940621171175,0.5192121436248924,30,0.4674819184922251,0.3401256005766441,6618.473589378251,151.09224,259.235,"{'family': 'd_cheap', 'alpha': 0.0, 'beta': 1.0, 'gamma': 0.0}"
tune,drift,hetero,high,d_cheap_a0.2_b0.2_g0.6,1,250,188,62,0.752,0.9514581382505297,0.3914575043543097,30,0.6361898429356192,0.39662460101205294,8401.637526203027,119.024416,302.696,"{'family': 'd_cheap', 'alpha': 0.2, 'beta': 0.2, 'gamma': 0.6}"
tune,drift,hetero,high,d_cheap_a0.2_b0.4_g0.4,1,250,203,47,0.812,0.9738446708015189,0.4393400766834864,30,0.571628607012035,0.3610902784315904,7176.53601122617,139.342992,303.258,"{'family': 'd_cheap', 'alpha': 0.2, 'beta': 0.4, 'gamma': 0.4}"
tune,drift,hetero,high,d_cheap_a0.2_b0.6_g0.2,1,250,209,41,0.836,0.9874269639405742,0.48638017951280926,30,0.5010467844277648,0.3401256005766441,5871.566665979301,170.312296,310.191,"{'family': 'd_cheap', 'alpha': 0.2, 'beta': 0.6, 'gamma': 0.2}"
tune,drift,hetero,high,d_cheap_a0.2_b0.8_g0.0,1,250,211,39,0.844,0.9919765587770911,0.5125825730147182,30,0.4793939857623729,0.3356147404243361,7226.922564478676,138.371484,246.381,"{'family': 'd_cheap', 'alpha': 0.2, 'beta': 0.8, 'gamma': 0.0}"
tune,drift,hetero,high,d_cheap_a0.4_b0.0_g0.6,1,250,184,66,0.736,0.9461806481393122,0.3858914963127598,30,0.6493615841143527,0.41754648171425335,9893.897448011625,101.07240399999999,255.558,"{'family': 'd_cheap', 'alpha': 0.4, 'beta': 0.0, 'gamma': 0.6}"
tune,drift,hetero,high,d_cheap_a0.4_b0.2_g0.4,1,250,187,63,0.748,0.9527072094661532,0.3887258105884478,30,0.6413211285861299,0.40788035281645024,8493.181232461156,117.741512,297.236,"{'family': 'd_cheap', 'alpha': 0.4, 'beta': 0.2, 'gamma': 0.4}"
tune,drift,hetero,high,d_cheap_a0.4_b0.4_g0.2,1,250,189,61,0.756,0.9576636550447666,0.4025190001820848,30,0.623019005664114,0.4026332341157706,8077.838569436762,123.795492,298.338,"{'family': 'd_cheap', 'alpha': 0.4, 'beta': 0.4, 'gamma': 0.2}"
tune,drift,hetero,high,d_cheap_a0.4_b0.6_g0.0,1,250,210,40,0.84,0.9904151296197073,0.4798844832163027,30,0.5113562927764878,0.33883678339027035,7967.185140269147,125.514844,238.266,"{'family': 'd_cheap', 'alpha': 0.4, 'beta': 0.6, 'gamma': 0.0}"
tune,drift,hetero,high,d_cheap_a0.6_b0.0_g0.4,1,250,184,66,0.736,0.9452374641674914,0.3836476650140636,30,0.6506923571485996,0.41754648171425335,9901.926174169415,100.990452,256.36,"{'family': 'd_cheap', 'alpha': 0.6, 'beta': 0.0, 'gamma': 0.4}"
tune,drift,hetero,high,d_cheap_a0.6_b0.2_g0.2,1,250,186,64,0.744,0.9519969861337534,0.38920760073501115,30,0.6401291151071667,0.40916917000282393,8559.863852968656,116.824288,292.387,"{'family': 'd_cheap', 'alpha': 0.6, 'beta': 0.2, 'gamma': 0.2}"
tune,drift,hetero,high,d_cheap_a0.6_b0.4_g0.0,1,250,189,61,0.756,0.9562077909170755,0.4034133450679885,30,0.6219503703389729,0.39693778852311257,10716.890071671562,93.310652,227.004,"{'family': 'd_cheap', 'alpha': 0.6, 'beta': 0.4, 'gamma': 0.0}"
tune,drift,hetero,high,d_cheap_a0.8_b0.0_g0.2,1,250,184,66,0.736,0.9452374641674914,0.3836476650140636,30,0.6506923571485996,0.41754648171425335,9800.300453691189,102.03768799999999,262.431,"{'family': 'd_cheap', 'alpha': 0.8, 'beta': 0.0, 'gamma': 0.2}"
tune,drift,hetero,high,d_cheap_a0.8_b0.2_g0.0,1,250,184,66,0.736,0.9504853564747344,0.38927651089709364,30,0.6417096549282681,0.4098135785960108,11133.392245307286,89.819884,227.094,"{'family': 'd_cheap', 'alpha': 0.8, 'beta': 0.2, 'gamma': 0.0}"
tune,drift,hetero,high,d_capacity_a0.0_b0.4_g0.6,1,250,212,38,0.848,0.9918131356536856,0.4861656024413382,30,0.5056475332123473,0.33239269745840166,4398.059266628191,227.373016,434.774,"{'family': 'd_capacity', 'alpha': 0.0, 'beta': 0.4, 'gamma': 0.6}"
tune,drift,hetero,high,d_capacity_a0.0_b0.6_g0.4,1,250,210,40,0.84,0.9877700837408894,0.5066989888648338,30,0.4810710948760556,0.33883678339027035,3888.216210203563,257.187344,444.011,"{'family': 'd_capacity', 'alpha': 0.0, 'beta': 0.6, 'gamma': 0.4}"
tune,drift,hetero,high,d_capacity_a0.0_b0.8_g0.2,1,250,207,43,0.828,0.9909583199890898,0.5177500762662409,30,0.4732082437228489,0.3369035576107097,3731.198657866948,268.010388,454.55,"{'family': 'd_capacity', 'alpha': 0.0, 'beta': 0.8, 'gamma': 0.2}"
tune,drift,hetero,high,d_capacity_a0.0_b1.0_g0.0,1,250,209,41,0.836,0.9866940621171175,0.5192121436248924,30,0.4674819184922251,0.3401256005766441,6626.198440754789,150.91609599999998,263.854,"{'family': 'd_capacity', 'alpha': 0.0, 'beta': 1.0, 'gamma': 0.0}"
tune,drift,hetero,high,d_capacity_a0.2_b0.2_g0.6,1,250,192,58,0.768,0.9571161322973725,0.39993670530278025,30,0.6244122580833257,0.39693778852311257,5863.4783354326155,170.54723199999998,431.757,"{'family': 'd_capacity', 'alpha': 0.2, 'beta': 0.2, 'gamma': 0.6}"
tune,drift,hetero,high,d_capacity_a0.2_b0.4_g0.4,1,250,196,54,0.784,0.9711976506824105,0.4289892541207814,30,0.5839190299601859,0.37398354159701463,5279.660780527733,189.40610800000002,431.688,"{'family': 'd_capacity', 'alpha': 0.2, 'beta': 0.4, 'gamma': 0.4}"
tune,drift,hetero,high,d_capacity_a0.2_b0.6_g0.2,1,250,208,42,0.832,0.99071728364783,0.4923846507035971,30,0.4983326329442328,0.3394811919834572,4169.442264382066,239.840232,450.924,"{'family': 'd_capacity', 'alpha': 0.2, 'beta': 0.6, 'gamma': 0.2}"
tune,drift,hetero,high,d_capacity_a0.2_b0.8_g0.0,1,250,211,39,0.844,0.9919765587770911,0.5125825730147182,30,0.4793939857623729,0.3356147404243361,7138.972521951984,140.07618,253.234,"{'family': 'd_capacity', 'alpha': 0.2, 'beta': 0.8, 'gamma': 0.0}"
tune,drift,hetero,high,d_capacity_a0.4_b0.0_g0.6,1,250,189,61,0.756,0.9568028377109459,0.40324883687158924,30,0.621771177727233,0.4045664598953313,6879.820191221024,145.352636,385.04,"{'family': 'd_capacity', 'alpha': 0.4, 'beta': 0.0, 'gamma': 0.6}"
tune,drift,hetero,high,d_capacity_a0.4_b0.2_g0.4,1,250,189,61,0.756,0.957114219921048,0.39988593772410425,30,0.6254454590848202,0.4045664598953313,6114.752079089084,163.53892800000003,436.196,"{'family': 'd_capacity', 'alpha': 0.4, 'beta': 0.2, 'gamma': 0.4}"
tune,drift,hetero,high,d_capacity_a0.4_b0.4_g0.2,1,250,188,62,0.752,0.955852613249785,0.39925704108807114,30,0.6273073648982326,0.40015983148904694,5851.531890088102,170.89542,426.918,"{'family': 'd_capacity', 'alpha': 0.4, 'beta': 0.4, 'gamma': 0.2}"
tune,drift,hetero,high,d_capacity_a0.4_b0.6_g0.0,1,250,210,40,0.84,0.9904151296197073,0.4798844832163027,30,0.5113562927764878,0.33883678339027035,7846.300883418155,127.448592,234.94,"{'family': 'd_capacity', 'alpha': 0.4, 'beta': 0.6, 'gamma': 0.0}"
tune,drift,hetero,high,d_capacity_a0.6_b0.0_g0.4,1,250,184,66,0.736,0.946124509931947,0.3898117764957659,30,0.6453851657239814,0.41754648171425335,6818.411784615645,146.66172,393.596,"{'family': 'd_capacity', 'alpha': 0.6, 'beta': 0.0, 'gamma': 0.4}"
tune,drift,hetero,high,d_capacity_a0.6_b0.2_g0.2,1,250,182,68,0.728,0.9482728670456737,0.3854337956384882,30,0.6455059989946648,0.4117591861664106,6166.704776902188,162.16116,425.146,"{'family': 'd_capacity', 'alpha': 0.6, 'beta': 0.2, 'gamma': 0.2}"
tune,drift,hetero,high,d_capacity_a0.6_b0.4_g0.0,1,250,189,61,0.756,0.9562077909170755,0.4034133450679885,30,0.6219503703389729,0.39693778852311257,10571.861147822487,94.59072400000001,232.124,"{'family': 'd_capacity', 'alpha': 0.6, 'beta': 0.4, 'gamma': 0.0}"
tune,drift,hetero,high,d_capacity_a0.8_b0.0_g0.2,1,250,184,66,0.736,0.9452374641674914,0.3836476650140636,30,0.6506923571485996,0.41754648171425335,6897.006260633287,144.990444,379.87,"{'family': 'd_capacity', 'alpha': 0.8, 'beta': 0.0, 'gamma': 0.2}"
tune,drift,hetero,high,d_capacity_a0.8_b0.2_g0.0,1,250,184,66,0.736,0.9504853564747344,0.38927651089709364,30,0.6417096549282681,0.4098135785960108,11242.905445591196,88.94498,224.761,"{'family': 'd_capacity', 'alpha': 0.8, 'beta': 0.2, 'gamma': 0.0}"
tune,drift,hetero,high,binpack,2,260,189,71,0.7269230769230769,0.9216130027329829,0.37091088417363294,30,0.688271992840755,0.43321157784003506,15318.855796952572,65.27902692307693,165.88,{}
tune,drift,hetero,high,hybrid_a0.1,2,260,217,43,0.8346153846153846,0.9902883996998686,0.5254381997969031,30,0.4648501999029655,0.3303090511121402,6504.602331379568,153.73729999999998,259.655,"{'family': 'hybrid', 'alpha': 0.1}"
tune,drift,hetero,high,hybrid_a0.2,2,260,222,38,0.8538461538461538,0.9900249227900125,0.5165480713719041,30,0.4734768514181084,0.32784695203534675,6632.286424370366,150.7775653846154,252.002,"{'family': 'hybrid', 'alpha': 0.2}"
tune,drift,hetero,high,hybrid_a0.3,2,260,217,43,0.8346153846153846,0.9911492011175035,0.500498994743905,30,0.4906502063735986,0.3358487740349258,6969.292840062154,143.48658076923076,243.215,"{'family': 'hybrid', 'alpha': 0.3}"
tune,drift,hetero,high,hybrid_a0.4,2,260,216,44,0.8307692307692308,0.9915342033730413,0.48288921976563703,30,0.5086449836074043,0.33523324926572745,7592.136193812754,131.7152346153846,242.143,"{'family': 'hybrid', 'alpha': 0.4}"
tune,drift,hetero,high,hybrid_a0.5,2,260,210,50,0.8076923076923077,0.9696494948199995,0.4129404663607123,30,0.6001141040096656,0.3705022289037252,9595.889770390288,104.21128461538461,229.399,"{'family': 'hybrid', 'alpha': 0.5}"
tune,drift,hetero,high,hybrid_a0.6,2,260,191,69,0.7346153846153847,0.9358436124441848,0.38158939533816716,30,0.6645489737235273,0.40138835763540714,10855.594085955847,92.11840384615384,226.163,"{'family': 'hybrid', 'alpha': 0.6}"
tune,drift,hetero,high,hybrid_a0.7,2,260,191,69,0.7346153846153847,0.9253872588862545,0.3754957710483724,30,0.6806829327339117,0.427130507669978,10999.20501130549,90.91566153846155,225.803,"{'family': 'hybrid', 'alpha': 0.7}"
tune,drift,hetero,high,hybrid_a0.8,2,260,188,72,0.7230769230769231,0.9297813396362573,0.38371609922515376,30,0.6697378207509613,0.40703446411446964,11230.378207606585,89.04419615384614,226.775,"{'family': 'hybrid', 'alpha': 0.8}"
tune,drift,hetero,high,hybrid_a0.9,2,260,189,71,0.7269230769230769,0.9276590172179839,0.37150435988080405,30,0.6832003299620514,0.4219579278583834,11370.186644674977,87.94930384615385,225.071,"{'family': 'hybrid', 'alpha': 0.9}"
tune,drift,hetero,high,balance_l0.05,2,260,182,78,0.7,0.9187710011031779,0.36644090674562996,30,0.6974007881172147,0.4410391957035338,14156.691598597028,70.63797307692307,186.278,"{'family': 'balance', 'lam': 0.05}"
tune,drift,hetero,high,balance_l0.1,2,260,190,70,0.7307692307692307,0.9270202740455258,0.3756781216215586,30,0.679628728377829,0.4238045021659786,13832.935698502866,72.29123461538461,186.529,"{'family': 'balance', 'lam': 0.1}"
tune,drift,hetero,high,balance_l0.2,2,260,186,74,0.7153846153846154,0.9300387773923405,0.37688953170035033,30,0.6769006220092221,0.4190643718060803,13814.1265702345,72.38966538461538,191.689,"{'family': 'balance', 'lam': 0.2}"
tune,drift,hetero,high,balance_l0.4,2,260,192,68,0.7384615384615385,0.9203413269417245,0.37221579968993473,30,0.6826628359363528,0.42275752042127074,12584.892359479512,79.46035384615384,198.491,"{'family': 'balance', 'lam': 0.4}"
tune,drift,hetero,high,balance_l0.8,2,260,217,43,0.8346153846153846,0.9876007212394481,0.4625117596759675,30,0.5250889615634807,0.34138849695771145,9432.156601660727,106.0202923076923,195.315,"{'family': 'balance', 'lam': 0.8}"
tune,drift,hetero,high,wmatch_l0.05,2,260,189,71,0.7269230769230769,0.9216130027329829,0.37091088417363294,30,0.688271992840755,0.43321157784003506,9377.033193254883,106.64353846153847,271.267,"{'family': 'wmatch', 'lam': 0.05}"
tune,drift,hetero,high,wmatch_l0.1,2,260,189,71,0.7269230769230769,0.9216130027329829,0.37091088417363294,30,0.688271992840755,0.43321157784003506,9276.727786982354,107.79663076923077,270.937,"{'family': 'wmatch', 'lam': 0.1}"
tune,drift,hetero,high,wmatch_l0.2,2,260,189,71,0.7269230769230769,0.9216130027329829,0.37091088417363294,30,0.688271992840755,0.43321157784003506,9274.357834545885,107.82417692307693,273.491,"{'family': 'wmatch', 'lam': 0.2}"
tune,drift,hetero,high,wmatch_l0.4,2,260,181,79,0.6961538461538461,0.9181651140909433,0.3675928602415181,30,0.6956429476090918,0.4422702452419306,9627.376823452942,103.87045384615385,277.068,"{'family': 'wmatch', 'lam': 0.4}"
tune,drift,hetero,high,wmatch_l0.8,2,260,187,73,0.7192307692307692,0.9211034738508789,0.36757633933793077,30,0.691097008794353,0.43382710260923346,9411.935398357813,106.24807307692308,278.38,"{'family': 'wmatch', 'lam': 0.8}"
tune,drift,hetero,high,d_cheap_a0.0_b0.4_g0.6,2,260,206,54,0.7923076923076923,0.9722542116495095,0.4213866518889912,30,0.5890796975659452,0.36551371688581946,6538.751090996907,152.93440384615386,313.537,"{'family': 'd_cheap', 'alpha': 0.0, 'beta': 0.4, 'gamma': 0.6}"
tune,drift,hetero,high,d_cheap_a0.0_b0.6_g0.4,2,260,217,43,0.8346153846153846,0.9874583416733678,0.49423003734070703,30,0.4932283043326608,0.34138849695771156,4933.562746531079,202.69327692307692,338.483,"{'family': 'd_cheap', 'alpha': 0.0, 'beta': 0.6, 'gamma': 0.4}"
tune,drift,hetero,high,d_cheap_a0.0_b0.8_g0.2,2,260,220,40,0.8461538461538461,0.9912368479197947,0.5373678594789321,30,0.4538689884408626,0.32846247680454504,4667.743551009604,214.23627692307693,355.055,"{'family': 'd_cheap', 'alpha': 0.0, 'beta': 0.8, 'gamma': 0.2}"
tune,drift,hetero,high,d_cheap_a0.0_b1.0_g0.0,2,260,220,40,0.8461538461538461,0.9882006662147627,0.5369690452789745,30,0.4512316209357882,0.3321556254197354,6093.057628724923,164.12121153846152,263.954,"{'family': 'd_cheap', 'alpha': 0.0, 'beta': 1.0, 'gamma': 0.0}"
tune,drift,hetero,high,d_cheap_a0.2_b0.2_g0.6,2,260,192,68,0.7384615384615385,0.9291885151693751,0.3774813559414148,30,0.6764004910661893,0.41386955043997065,8296.910957934533,120.52678461538461,303.187,"{'family': 'd_cheap', 'alpha': 0.2, 'beta': 0.2, 'gamma': 0.6}"
tune,drift,hetero,high,d_cheap_a0.2_b0.4_g0.4,2,260,205,55,0.7884615384615384,0.9703639275539773,0.4210254313626727,30,0.5907870061473505,0.3644568714835031,7201.8021124824545,138.85413461538462,313.767,"{'family': 'd_cheap', 'alpha': 0.2, 'beta': 0.4, 'gamma': 0.4}"
tune,drift,hetero,high,d_cheap_a0.2_b0.6_g0.2,2,260,215,45,0.8269230769230769,0.9897127100791411,0.47443923962770346,30,0.5152734704514377,0.3383108731117194,5351.528530336477,186.8625,341.83,"{'family': 'd_cheap', 'alpha': 0.2, 'beta': 0.6, 'gamma': 0.2}"
tune,drift,hetero,high,d_cheap_a0.2_b0.8_g0.0,2,260,222,38,0.8538461538461538,0.9900249227900125,0.5165480713719041,30,0.4734768514181084,0.32784695203534675,6557.8221210423135,152.48964999999998,261.88,"{'family': 'd_cheap', 'alpha': 0.2, 'beta': 0.8, 'gamma': 0.0}"
tune,drift,hetero,high,d_cheap_a0.4_b0.0_g0.6,2,260,188,72,0.7230769230769231,0.9211822994846354,0.37105966320528555,30,0.6894651970484725,0.43382710260923346,9849.553002660856,101.52745,255.027,"{'family': 'd_cheap', 'alpha': 0.4, 'beta': 0.0, 'gamma': 0.6}"
tune,drift,hetero,high,d_cheap_a0.4_b0.2_g0.4,2,260,190,70,0.7307692307692307,0.9268540316632391,0.3764450422661118,30,0.6771951085496096,0.4163316495167642,8591.76821365639,116.39047692307692,296.966,"{'family': 'd_cheap', 'alpha': 0.4, 'beta': 0.2, 'gamma': 0.4}"
tune,drift,hetero,high,d_cheap_a0.4_b0.4_g0.2,2,260,201,59,0.7730769230769231,0.9490864060907268,0.39797630032891984,30,0.6345789560608706,0.38729560180816247,7737.75947460375,129.23637692307693,310.2,"{'family': 'd_cheap', 'alpha': 0.4, 'beta': 0.4, 'gamma': 0.2}"
tune,drift,hetero,high,d_cheap_a0.4_b0.6_g0.0,2,260,216,44,0.8307692307692308,0.9915342033730413,0.48288921976563703,30,0.5086449836074043,0.33523324926572745,7564.337233864432,132.19928846153846,248.655,"{'family': 'd_cheap', 'alpha': 0.4, 'beta': 0.6, 'gamma': 0.0}"
tune,drift,hetero,high,d_cheap_a0.6_b0.0_g0.4,2,260,189,71,0.7269230769230769,0.9198514128060068,0.3693297299741504,30,0.6898530520818851,0.4350581521476303,9763.407843906842,102.42325384615386,256.05,"{'family': 'd_cheap', 'alpha': 0.6, 'beta': 0.0, 'gamma': 0.4}"
tune,drift,hetero,high,d_cheap_a0.6_b0.2_g0.2,2,260,190,70,0.7307692307692307,0.9266797944925033,0.3790577821090204,30,0.6786139480926102,0.42405288382398604,8511.855312078664,117.4832,297.036,"{'family': 'd_cheap', 'alpha': 0.6, 'beta': 0.2, 'gamma': 0.2}"
tune,drift,hetero,high,d_cheap_a0.6_b0.4_g0.0,2,260,191,69,0.7346153846153847,0.9358436124441848,0.38158939533816716,30,0.6645489737235273,0.40138835763540714,10651.3850426123,93.88450384615385,229.43,"{'family': 'd_cheap', 'alpha': 0.6, 'beta': 0.4, 'gamma': 0.0}"
tune,drift,hetero,high,d_cheap_a0.8_b0.0_g0.2,2,260,187,73,0.7192307692307692,0.9211998097599721,0.36793753076427793,30,0.6908321532770991,0.43382710260923346,9885.272666046252,101.16058846153845,261.228,"{'family': 'd_cheap', 'alpha': 0.8, 'beta': 0.0, 'gamma': 0.2}"
tune,drift,hetero,high,d_cheap_a0.8_b0.2_g0.0,2,260,188,72,0.7230769230769231,0.9297813396362573,0.38371609922515376,30,0.6697378207509613,0.40703446411446964,11296.283262123301,88.5246923076923,230.591,"{'family': 'd_cheap', 'alpha': 0.8, 'beta': 0.2, 'gamma': 0.0}"
tune,drift,hetero,high,d_capacity_a0.0_b0.4_g0.6,2,260,208,52,0.8,0.9724986909480635,0.4183312102724088,30,0.5923796184810818,0.3648981921166211,4853.772813338945,206.0253,438.46,"{'family': 'd_capacity', 'alpha': 0.0, 'beta': 0.4, 'gamma': 0.6}"
tune,drift,hetero,high,d_capacity_a0.0_b0.6_g0.4,2,260,217,43,0.8346153846153846,0.9891677474904869,0.49777555996530404,30,0.4913921875251829,0.33954192265011623,3671.401230382574,272.37556923076926,459.31,"{'family': 'd_capacity', 'alpha': 0.0, 'beta': 0.6, 'gamma': 0.4}"
tune,drift,hetero,high,d_capacity_a0.0_b0.8_g0.2,2,260,220,40,0.8461538461538461,0.9889165757891014,0.5229885930131146,30,0.4659279827759868,0.33215562541973553,3347.6649444733116,298.7156769230769,488.434,"{'family': 'd_capacity', 'alpha': 0.0, 'beta': 0.8, 'gamma': 0.2}"
tune,drift,hetero,high,d_capacity_a0.0_b1.0_g0.0,2,260,220,40,0.8461538461538461,0.9882006662147627,0.5369690452789745,30,0.4512316209357882,0.3321556254197354,6163.342076982276,162.24963461538462,263.654,"{'family': 'd_capacity', 'alpha': 0.0, 'beta': 1.0, 'gamma': 0.0}"
tune,drift,hetero,high,d_capacity_a0.2_b0.2_g0.6,2,260,190,70,0.7307692307692307,0.9246102398000343,0.37083089452029155,30,0.6836170059373002,0.41817822382435943,6189.617012686096,161.56088461538462,439.603,"{'family': 'd_capacity', 'alpha': 0.2, 'beta': 0.2, 'gamma': 0.6}"
tune,drift,hetero,high,d_capacity_a0.2_b0.4_g0.4,2,260,201,59,0.7730769230769231,0.9482006707539267,0.3915285413204185,30,0.6398906518702214,0.383420322807567,5449.851836345393,183.49122692307694,434.773,"{'family': 'd_capacity', 'alpha': 0.2, 'beta': 0.4, 'gamma': 0.4}"
tune,drift,hetero,high,d_capacity_a0.2_b0.6_g0.2,2,260,215,45,0.8269230769230769,0.9896932237333693,0.48657660666524427,30,0.5031166170681252,0.3383108731117194,3805.6529168426778,262.767,464.93,"{'family': 'd_capacity', 'alpha': 0.2, 'beta': 0.6, 'gamma': 0.2}"
tune,drift,hetero,high,d_capacity_a0.2_b0.8_g0.0,2,260,222,38,0.8538461538461538,0.9900249227900125,0.5165480713719041,30,0.4734768514181084,0.32784695203534675,6588.324561443741,151.78365769230768,261.77,"{'family': 'd_capacity', 'alpha': 0.2, 'beta': 0.8, 'gamma': 0.0}"
tune,drift,hetero,high,d_capacity_a0.4_b0.0_g0.6,2,260,187,73,0.7192307692307692,0.9215061952501638,0.36603382734776224,30,0.6949160928914734,0.4484898067982331,6988.4235420099,143.09378846153848,381.955,"{'family': 'd_capacity', 'alpha': 0.4, 'beta': 0.0, 'gamma': 0.6}"
tune,drift,hetero,high,d_capacity_a0.4_b0.2_g0.4,2,260,187,73,0.7192307692307692,0.9293552290120933,0.371539024663874,30,0.6808297821331152,0.40703446411446964,6155.544209887959,162.45517307692307,439.732,"{'family': 'd_capacity', 'alpha': 0.4, 'beta': 0.2, 'gamma': 0.4}"
tune,drift,hetero,high,d_capacity_a0.4_b0.4_g0.2,2,260,197,63,0.7576923076923077,0.940481339276001,0.3845911890403425,30,0.6559029386211797,0.3915399613282327,5732.99885254028,174.42878076923077,447.157,"{'family': 'd_capacity', 'alpha': 0.4, 'beta': 0.4, 'gamma': 0.2}"
tune,drift,hetero,high,d_capacity_a0.4_b0.6_g0.0,2,260,216,44,0.8307692307692308,0.9915342033730413,0.48288921976563703,30,0.5086449836074043,0.33523324926572745,7616.642657153675,131.2914423076923,236.442,"{'family': 'd_capacity', 'alpha': 0.4, 'beta': 0.6, 'gamma': 0.0}"
tune,drift,hetero,high,d_capacity_a0.6_b0.0_g0.4,2,260,187,73,0.7192307692307692,0.9221123261776729,0.3685493069910322,30,0.6911328934680456,0.43382710260923346,6933.192081100001,144.2337076923077,397.955,"{'family': 'd_capacity', 'alpha': 0.6, 'beta': 0.0, 'gamma': 0.4}"
tune,drift,hetero,high,d_capacity_a0.6_b0.2_g0.2,2,260,189,71,0.7269230769230769,0.926003877057766,0.37714214195136286,30,0.6797510823891667,0.40641893934527124,6132.751954738026,163.0589346153846,432.56,"{'family': 'd_capacity', 'alpha': 0.6, 'beta': 0.2, 'gamma': 0.2}"
tune,drift,hetero,high,d_capacity_a0.6_b0.4_g0.0,2,260,191,69,0.7346153846153847,0.9358436124441848,0.38158939533816716,30,0.6645489737235273,0.40138835763540714,10765.513290978492,92.88920769230769,231.202,"{'family': 'd_capacity', 'alpha': 0.6, 'beta': 0.4, 'gamma': 0.0}"
tune,drift,hetero,high,d_capacity_a0.8_b0.0_g0.2,2,260,186,74,0.7153846153846154,0.9204209104123151,0.37162452114122296,30,0.6917742957165057,0.439808146165137,7007.423664630309,142.70579999999998,392.865,"{'family': 'd_capacity', 'alpha': 0.8, 'beta': 0.0, 'gamma': 0.2}"
tune,drift,hetero,high,d_capacity_a0.8_b0.2_g0.0,2,260,188,72,0.7230769230769231,0.9297813396362573,0.38371609922515376,30,0.6697378207509613,0.40703446411446964,11192.986371419793,89.34166153846154,225.912,"{'family': 'd_capacity', 'alpha': 0.8, 'beta': 0.2, 'gamma': 0.0}"
tune,drift,hetero,high,binpack,3,266,193,73,0.7255639097744361,0.9463119421417336,0.42101316414587997,30,0.6152077466570927,0.3503721914640276,15265.806968347324,65.50587218045114,166.211,{}
tune,drift,hetero,high,hybrid_a0.1,3,266,221,45,0.8308270676691729,0.9899163853276906,0.5834787233072548,30,0.4064376620204357,0.28224980751351414,6980.447765807972,143.2572857142857,249.978,"{'family': 'hybrid', 'alpha': 0.1}"
tune,drift,hetero,high,hybrid_a0.2,3,266,225,41,0.8458646616541353,0.9919313716493977,0.5616484709112229,30,0.4302892356806724,0.28487652367997884,7240.0333999616005,138.1209097744361,250.709,"{'family': 'hybrid', 'alpha': 0.2}"
tune,drift,hetero,high,hybrid_a0.3,3,266,220,46,0.8270676691729323,0.989485999171367,0.5481183461453267,30,0.44136765302604036,0.28947327697129205,7632.444430926665,131.0196240601504,232.475,"{'family': 'hybrid', 'alpha': 0.3}"
tune,drift,hetero,high,hybrid_a0.4,3,266,216,50,0.8120300751879699,0.9856280068236498,0.4883190504238834,30,0.5073652287479512,0.3006368206787671,8894.739353540375,112.4260037593985,235.64,"{'family': 'hybrid', 'alpha': 0.4}"
tune,drift,hetero,high,hybrid_a0.5,3,266,202,64,0.7593984962406015,0.9650112451799645,0.4450451596967587,30,0.5744351100311618,0.33241669370939114,10236.940137029525,97.68543984962406,222.847,"{'family': 'hybrid', 'alpha': 0.5}"
tune,drift,hetero,high,hybrid_a0.6,3,266,194,72,0.7293233082706767,0.9498755777638952,0.4134655858641557,30,0.6180790630123563,0.3509972271018122,10969.15403780952,91.16473308270676,229.69,"{'family': 'hybrid', 'alpha': 0.6}"
tune,drift,hetero,high,hybrid_a0.7,3,266,195,71,0.7330827067669173,0.9481391917231422,0.4289036913890663,30,0.6052769911838797,0.35671381824918985,10855.313847528058,92.12078195488722,233.186,"{'family': 'hybrid', 'alpha': 0.7}"
tune,drift,hetero,high,hybrid_a0.8,3,266,196,70,0.7368421052631579,0.9494848149198156,0.4251195108581917,30,0.6083168192891251,0.34704615639626135,10813.917202470517,92.47342857142857,230.14,"{'family': 'hybrid', 'alpha': 0.8}"
tune,drift,hetero,high,hybrid_a0.9,3,266,196,70,0.7368421052631579,0.9473808364115269,0.4199405618927662,30,0.6134669671341821,0.3514493894604066,11053.129275945652,90.47211654135339,228.477,"{'family': 'hybrid', 'alpha': 0.9}"
tune,drift,hetero,high,balance_l0.05,3,266,192,74,0.7218045112781954,0.9456818490357032,0.4194766027606314,30,0.6161142149363106,0.35168554954725995,13492.061519539879,74.11765789473684,190.256,"{'family': 'balance', 'lam': 0.05}"
tune,drift,hetero,high,balance_l0.1,3,266,194,72,0.7293233082706767,0.9469828763479023,0.42309224569345966,30,0.6101245899968281,0.34901619352110985,13508.87352703128,74.02541729323309,190.176,"{'family': 'balance', 'lam': 0.1}"
tune,drift,hetero,high,balance_l0.2,3,266,197,69,0.7406015037593985,0.9501128567210843,0.42459525679582094,30,0.605451604015162,0.3425998718101461,13081.55503690523,76.4435112781955,193.793,"{'family': 'balance', 'lam': 0.2}"
tune,drift,hetero,high,balance_l0.4,3,266,192,74,0.7218045112781954,0.9469337672066308,0.4198869658799873,30,0.6132807606690289,0.34967287256272606,12842.391556504132,77.86711654135338,197.44,"{'family': 'balance', 'lam': 0.4}"
tune,drift,hetero,high,balance_l0.8,3,266,224,42,0.8421052631578947,0.990515188547526,0.5031182917107582,30,0.48739689683676773,0.28618988176321125,9846.695101158135,101.55691729323308,201.387,"{'family': 'balance', 'lam': 0.8}"
tune,drift,hetero,high,wmatch_l0.05,3,266,193,73,0.7255639097744361,0.9463119421417336,0.42101316414587997,30,0.6152077466570927,0.3503721914640276,8839.176533009788,113.13271052631579,292.627,"{'family': 'wmatch', 'lam': 0.05}"
tune,drift,hetero,high,wmatch_l0.1,3,266,193,73,0.7255639097744361,0.9463119421417336,0.42101316414587997,30,0.6152077466570927,0.3503721914640276,9024.371468642159,110.81104135338346,302.136,"{'family': 'wmatch', 'lam': 0.1}"
tune,drift,hetero,high,wmatch_l0.2,3,266,193,73,0.7255639097744361,0.946396533515255,0.4166511928985789,30,0.6196543092779151,0.3503721914640276,9262.114175056395,107.96671052631578,284.032,"{'family': 'wmatch', 'lam': 0.2}"
tune,drift,hetero,high,wmatch_l0.4,3,266,193,73,0.7255639097744361,0.9464648403251573,0.41840904850457533,30,0.6179647604818208,0.35037219146402754,9130.265966707067,109.52583458646617,285.173,"{'family': 'wmatch', 'lam': 0.4}"
tune,drift,hetero,high,wmatch_l0.8,3,266,193,73,0.7255639097744361,0.9464648403251573,0.41840904850457533,30,0.6179647604818208,0.35037219146402754,9133.639916890745,109.48537593984962,283.34,"{'family': 'wmatch', 'lam': 0.8}"
tune,drift,hetero,high,d_cheap_a0.0_b0.4_g0.6,3,266,200,66,0.7518796992481203,0.9617083089210637,0.4438138269786933,30,0.5770178889922979,0.32912230204545645,7617.4967370767745,131.27672180451125,306.203,"{'family': 'd_cheap', 'alpha': 0.0, 'beta': 0.4, 'gamma': 0.6}"
tune,drift,hetero,high,d_cheap_a0.0_b0.6_g0.4,3,266,221,45,0.8308270676691729,0.9912718121589346,0.5505002064894384,30,0.440771605669496,0.28618988176321125,5599.5088935989315,178.5870902255639,331.13,"{'family': 'd_cheap', 'alpha': 0.0, 'beta': 0.6, 'gamma': 0.4}"
tune,drift,hetero,high,d_cheap_a0.0_b0.8_g0.2,3,266,225,41,0.8458646616541353,0.9910482716787149,0.5940713548821248,30,0.3969832517390879,0.2809364494302818,4852.656828701561,206.0726804511278,364.993,"{'family': 'd_cheap', 'alpha': 0.0, 'beta': 0.8, 'gamma': 0.2}"
tune,drift,hetero,high,d_cheap_a0.0_b1.0_g0.0,3,266,221,45,0.8308270676691729,0.9900064571240205,0.5648803739003471,30,0.42512608322367346,0.28815991888805975,6392.673937988803,156.42906390977444,278.821,"{'family': 'd_cheap', 'alpha': 0.0, 'beta': 1.0, 'gamma': 0.0}"
tune,drift,hetero,high,d_cheap_a0.2_b0.2_g0.6,3,266,200,66,0.7518796992481203,0.9583080397938716,0.43571134884828566,30,0.5871336832181872,0.3456349844410335,8057.913984797503,124.1015977443609,307.375,"{'family': 'd_cheap', 'alpha': 0.2, 'beta': 0.2, 'gamma': 0.6}"
tune,drift,hetero,high,d_cheap_a0.2_b0.4_g0.4,3,266,202,64,0.7593984962406015,0.9644931043339529,0.44910593943463234,30,0.5709117179231484,0.3328030972621062,7374.983153292713,135.59353007518797,318.666,"{'family': 'd_cheap', 'alpha': 0.2, 'beta': 0.4, 'gamma': 0.4}"
tune,drift,hetero,high,d_cheap_a0.2_b0.6_g0.2,3,266,223,43,0.8383458646616542,0.9922880078672675,0.5388159312617458,30,0.4534720766055217,0.2835631655967465,5822.239541074444,171.7552142857143,321.341,"{'family': 'd_cheap', 'alpha': 0.2, 'beta': 0.6, 'gamma': 0.2}"
tune,drift,hetero,high,d_cheap_a0.2_b0.8_g0.0,3,266,225,41,0.8458646616541353,0.9919313716493977,0.5616484709112229,30,0.4302892356806724,0.28487652367997884,6986.979946737149,143.12335338345866,253.113,"{'family': 'd_cheap', 'alpha': 0.2, 'beta': 0.8, 'gamma': 0.0}"
tune,drift,hetero,high,d_cheap_a0.4_b0.0_g0.6,3,266,197,69,0.7406015037593985,0.948313131245045,0.4252037109553845,30,0.6096843553126244,0.3584452232889688,9257.270080471779,108.0232067669173,269.524,"{'family': 'd_cheap', 'alpha': 0.4, 'beta': 0.0, 'gamma': 0.6}"
tune,drift,hetero,high,d_cheap_a0.4_b0.2_g0.4,3,266,198,68,0.7443609022556391,0.9495289263951455,0.42409806337330885,30,0.6090168054478634,0.34573279831302894,8044.199549978446,124.31317669172932,313.346,"{'family': 'd_cheap', 'alpha': 0.4, 'beta': 0.2, 'gamma': 0.4}"
tune,drift,hetero,high,d_cheap_a0.4_b0.4_g0.2,3,266,199,67,0.7481203007518797,0.961548473958348,0.43096741882839606,30,0.5908806056740094,0.3417496725413619,7804.628438070859,128.1290977443609,318.135,"{'family': 'd_cheap', 'alpha': 0.4, 'beta': 0.4, 'gamma': 0.2}"
tune,drift,hetero,high,d_cheap_a0.4_b0.6_g0.0,3,266,216,50,0.8120300751879699,0.9856280068236498,0.4883190504238834,30,0.5073652287479512,0.3006368206787671,8713.23359366903,114.76795488721804,250.759,"{'family': 'd_cheap', 'alpha': 0.4, 'beta': 0.6, 'gamma': 0.0}"
tune,drift,hetero,high,d_cheap_a0.6_b0.0_g0.4,3,266,196,70,0.7368421052631579,0.9470958444059756,0.4220160926460345,30,0.6131664533235567,0.35867285891818457,9616.39095762805,103.98911654135338,261.329,"{'family': 'd_cheap', 'alpha': 0.6, 'beta': 0.0, 'gamma': 0.4}"
tune,drift,hetero,high,d_cheap_a0.6_b0.2_g0.2,3,266,197,69,0.7406015037593985,0.9480192894186282,0.42116368978800534,30,0.6128822922460444,0.35013603137717425,8346.60736768211,119.80915789473684,303.638,"{'family': 'd_cheap', 'alpha': 0.6, 'beta': 0.2, 'gamma': 0.2}"
tune,drift,hetero,high,d_cheap_a0.6_b0.4_g0.0,3,266,194,72,0.7293233082706767,0.9498755777638952,0.4134655858641557,30,0.6180790630123563,0.3509972271018122,10764.457364311284,92.89831954887218,233.727,"{'family': 'd_cheap', 'alpha': 0.6, 'beta': 0.4, 'gamma': 0.0}"
tune,drift,hetero,high,d_cheap_a0.8_b0.0_g0.2,3,266,196,70,0.7368421052631579,0.9470958444059756,0.4220160926460345,30,0.6131664533235567,0.35867285891818457,9469.13265663921,105.60629323308271,256.971,"{'family': 'd_cheap', 'alpha': 0.8, 'beta': 0.0, 'gamma': 0.2}"
tune,drift,hetero,high,d_cheap_a0.8_b0.2_g0.0,3,266,196,70,0.7368421052631579,0.9494848149198156,0.4251195108581917,30,0.6083168192891251,0.34704615639626135,10785.660780263896,92.71569172932331,229.69,"{'family': 'd_cheap', 'alpha': 0.8, 'beta': 0.2, 'gamma': 0.0}"
tune,drift,hetero,high,d_capacity_a0.0_b0.4_g0.6,3,266,205,61,0.7706766917293233,0.9645069218163564,0.44217861256831786,30,0.5784527921175713,0.3387242050925056,5585.936493488006,179.0210112781955,433.461,"{'family': 'd_capacity', 'alpha': 0.0, 'beta': 0.4, 'gamma': 0.6}"
tune,drift,hetero,high,d_capacity_a0.0_b0.6_g0.4,3,266,223,43,0.8383458646616542,0.9914461892694592,0.5481566892091153,30,0.44328950006034396,0.28553320272159505,4082.8692919587843,244.92579323308271,441.797,"{'family': 'd_capacity', 'alpha': 0.0, 'beta': 0.6, 'gamma': 0.4}"
tune,drift,hetero,high,d_capacity_a0.0_b0.8_g0.2,3,266,222,44,0.8345864661654135,0.9902299513342862,0.574560427367011,30,0.415675858909773,0.28290648655513034,3714.2497008248665,269.23337969924813,471.231,"{'family': 'd_capacity', 'alpha': 0.0, 'beta': 0.8, 'gamma': 0.2}"
tune,drift,hetero,high,d_capacity_a0.0_b1.0_g0.0,3,266,221,45,0.8308270676691729,0.9900064571240205,0.5648803739003471,30,0.42512608322367346,0.28815991888805975,6488.938543092298,154.1084097744361,275.205,"{'family': 'd_capacity', 'alpha': 0.0, 'beta': 1.0, 'gamma': 0.0}"
tune,drift,hetero,high,d_capacity_a0.2_b0.2_g0.6,3,266,199,67,0.7481203007518797,0.948262944806725,0.42078258384690775,30,0.6121736683536715,0.357370497290806,6138.992561318093,162.8931766917293,420.728,"{'family': 'd_capacity', 'alpha': 0.2, 'beta': 0.2, 'gamma': 0.6}"
tune,drift,hetero,high,d_capacity_a0.2_b0.4_g0.4,3,266,192,74,0.7218045112781954,0.9490373157274851,0.41875438462963266,30,0.6141356228548244,0.3507927104187904,6058.0368125489,165.06997744360902,429.904,"{'family': 'd_capacity', 'alpha': 0.2, 'beta': 0.4, 'gamma': 0.4}"
tune,drift,hetero,high,d_capacity_a0.2_b0.6_g0.2,3,266,225,41,0.8458646616541353,0.9939350091044601,0.5467835818559534,30,0.4471514272485067,0.2809364494302818,4227.854932951465,236.52656390977444,440.224,"{'family': 'd_capacity', 'alpha': 0.2, 'beta': 0.6, 'gamma': 0.2}"
tune,drift,hetero,high,d_capacity_a0.2_b0.8_g0.0,3,266,225,41,0.8458646616541353,0.9919313716493977,0.5616484709112229,30,0.4302892356806724,0.28487652367997884,7231.578749337061,138.2823909774436,248.745,"{'family': 'd_capacity', 'alpha': 0.2, 'beta': 0.8, 'gamma': 0.0}"
tune,drift,hetero,high,d_capacity_a0.4_b0.0_g0.6,3,266,195,71,0.7330827067669173,0.9445757141221593,0.42694680803598295,30,0.609795523693218,0.3606428960430331,6983.4866269906615,143.19494736842103,372.497,"{'family': 'd_capacity', 'alpha': 0.4, 'beta': 0.0, 'gamma': 0.6}"
tune,drift,hetero,high,d_capacity_a0.4_b0.2_g0.4,3,266,197,69,0.7406015037593985,0.9479637937659484,0.42464132236129765,30,0.6093491640200721,0.35013603137717425,6194.630108040171,161.43013909774436,410.308,"{'family': 'd_capacity', 'alpha': 0.4, 'beta': 0.2, 'gamma': 0.4}"
tune,drift,hetero,high,d_capacity_a0.4_b0.4_g0.2,3,266,201,65,0.7556390977443609,0.9666811672819311,0.44338901355785676,30,0.5724067656275191,0.33148973917887387,5930.696908167172,168.61424812030077,433.021,"{'family': 'd_capacity', 'alpha': 0.4, 'beta': 0.4, 'gamma': 0.2}"
tune,drift,hetero,high,d_capacity_a0.4_b0.6_g0.0,3,266,216,50,0.8120300751879699,0.9856280068236498,0.4883190504238834,30,0.5073652287479512,0.3006368206787671,9292.219662902724,107.61691353383458,226.153,"{'family': 'd_capacity', 'alpha': 0.4, 'beta': 0.6, 'gamma': 0.0}"
tune,drift,hetero,high,d_capacity_a0.6_b0.0_g0.4,3,266,193,73,0.7255639097744361,0.9468136939530468,0.4183268246614335,30,0.6171921215307649,0.35538946371010366,7053.514831407074,141.7732894736842,397.033,"{'family': 'd_capacity', 'alpha': 0.6, 'beta': 0.0, 'gamma': 0.4}"
tune,drift,hetero,high,d_capacity_a0.6_b0.2_g0.2,3,266,199,67,0.7481203007518797,0.9515030376159703,0.42789440065614165,30,0.6041159134161078,0.3450761192714128,6547.426542612461,152.73176315789476,401.992,"{'family': 'd_capacity', 'alpha': 0.6, 'beta': 0.2, 'gamma': 0.2}"
tune,drift,hetero,high,d_capacity_a0.6_b0.4_g0.0,3,266,194,72,0.7293233082706767,0.9498755777638952,0.4134655858641557,30,0.6180790630123563,0.3509972271018122,12081.89160635562,82.7684962406015,204.693,"{'family': 'd_capacity', 'alpha': 0.6, 'beta': 0.4, 'gamma': 0.0}"
tune,drift,hetero,high,d_capacity_a0.8_b0.0_g0.2,3,266,193,73,0.7255639097744361,0.9463802489516359,0.4227710197518764,30,0.6135181978609984,0.35037219146402754,7720.734418317112,129.52135714285714,348.261,"{'family': 'd_capacity', 'alpha': 0.8, 'beta': 0.0, 'gamma': 0.2}"
tune,drift,hetero,high,d_capacity_a0.8_b0.2_g0.0,3,266,196,70,0.7368421052631579,0.9494848149198156,0.4251195108581917,30,0.6083168192891251,0.34704615639626135,12365.68184857832,80.86897368421052,202.118,"{'family': 'd_capacity', 'alpha': 0.8, 'beta': 0.2, 'gamma': 0.0}"
tune,drift,hetero,high,binpack,4,246,182,64,0.7398373983739838,0.9557023939174023,0.38330528809724057,30,0.639576306765191,0.3842325845892056,17578.7752438537,56.886784552845526,145.893,{}
tune,drift,hetero,high,hybrid_a0.1,4,246,207,39,0.8414634146341463,0.9877347665279732,0.5287232288427103,30,0.459011537685263,0.32699303857460893,7797.488447989167,128.24642276422765,218.018,"{'family': 'hybrid', 'alpha': 0.1}"
tune,drift,hetero,high,hybrid_a0.2,4,246,205,41,0.8333333333333334,0.992210816488486,0.5108114424606229,30,0.481399374027863,0.32766671921667634,8341.35001494831,119.88467073170732,212.928,"{'family': 'hybrid', 'alpha': 0.2}"
tune,drift,hetero,high,hybrid_a0.3,4,246,205,41,0.8333333333333334,0.9882497394334638,0.48842509873215667,30,0.49982464070130717,0.3317088030690811,8885.634194260985,112.54120731707317,203.431,"{'family': 'hybrid', 'alpha': 0.3}"
tune,drift,hetero,high,hybrid_a0.4,4,246,205,41,0.8333333333333334,0.9873322097766106,0.4613660828405691,30,0.5259661269360415,0.3317088030690811,10141.538360059654,98.60436991869919,185.688,"{'family': 'hybrid', 'alpha': 0.4}"
tune,drift,hetero,high,hybrid_a0.5,4,246,196,50,0.7967479674796748,0.971704889129976,0.40948914075220694,30,0.5974974620998644,0.3579590395485747,12832.234238560519,77.92875203252032,182.151,"{'family': 'hybrid', 'alpha': 0.5}"
tune,drift,hetero,high,hybrid_a0.6,4,246,181,65,0.7357723577235772,0.9589343526014995,0.3731861501000774,30,0.6415317002865327,0.3781694588105985,14294.8208004751,69.95540650406505,177.733,"{'family': 'hybrid', 'alpha': 0.6}"
tune,drift,hetero,high,hybrid_a0.7,4,246,188,58,0.7642276422764228,0.9615864908861876,0.3939230257120442,30,0.6276933600348529,0.3808145974588832,13921.908618968737,71.82923170731706,177.773,"{'family': 'hybrid', 'alpha': 0.7}"
tune,drift,hetero,high,hybrid_a0.8,4,246,180,66,0.7317073170731707,0.9505289334593118,0.3725087384633307,30,0.6527821645486114,0.3892847180712191,14666.42119290708,68.1829593495935,176.49,"{'family': 'hybrid', 'alpha': 0.8}"
tune,drift,hetero,high,hybrid_a0.9,4,246,183,63,0.7439024390243902,0.9567106702168152,0.3884171840546587,30,0.6354726871071857,0.3828852233050707,14431.252884417338,69.29405284552846,171.792,"{'family': 'hybrid', 'alpha': 0.9}"
tune,drift,hetero,high,balance_l0.05,4,246,185,61,0.7520325203252033,0.9542338461474158,0.38655690018122335,30,0.6403708361518049,0.39125934930548517,17540.088192419047,57.01225609756097,147.316,"{'family': 'balance', 'lam': 0.05}"
tune,drift,hetero,high,balance_l0.1,4,246,189,57,0.7682926829268293,0.9561513548217977,0.3841788908364016,30,0.6391991015207235,0.3896453382868825,17324.870908583838,57.720487804878054,146.164,"{'family': 'balance', 'lam': 0.1}"
tune,drift,hetero,high,balance_l0.2,4,246,182,64,0.7398373983739838,0.9521290620927839,0.37558984123358213,30,0.6516574745411926,0.3956378021454312,18229.012867089525,54.85760569105691,143.689,"{'family': 'balance', 'lam': 0.2}"
tune,drift,hetero,high,balance_l0.4,4,246,187,59,0.7601626016260162,0.9542387170117652,0.377196025122808,30,0.6448420456385477,0.3875514038795577,17408.768499470305,57.44231707317073,144.801,"{'family': 'balance', 'lam': 0.4}"
tune,drift,hetero,high,balance_l0.8,4,246,205,41,0.8333333333333334,0.9867061302019634,0.4533872692012322,30,0.5333188610007312,0.33575088692148586,13262.808975600581,75.39880894308943,148.298,"{'family': 'balance', 'lam': 0.8}"
tune,drift,hetero,high,wmatch_l0.05,4,246,182,64,0.7398373983739838,0.9557023939174023,0.38330528809724057,30,0.639576306765191,0.3842325845892056,12572.659494662907,79.53766666666667,208.01,"{'family': 'wmatch', 'lam': 0.05}"
tune,drift,hetero,high,wmatch_l0.1,4,246,182,64,0.7398373983739838,0.9557023939174023,0.38330528809724057,30,0.639576306765191,0.3842325845892056,12694.365703828269,78.77510569105692,203.57,"{'family': 'wmatch', 'lam': 0.1}"
tune,drift,hetero,high,wmatch_l0.2,4,246,182,64,0.7398373983739838,0.9557023939174023,0.38330528809724057,30,0.639576306765191,0.3842325845892056,13001.15144750645,76.91626422764227,201.247,"{'family': 'wmatch', 'lam': 0.2}"
tune,drift,hetero,high,wmatch_l0.4,4,246,181,65,0.7357723577235772,0.9550862920094972,0.3813939279779722,30,0.6408715649765543,0.3855799458733405,12946.367462431457,77.24174390243901,198.872,"{'family': 'wmatch', 'lam': 0.4}"
tune,drift,hetero,high,wmatch_l0.8,4,246,183,63,0.7439024390243902,0.9525162965812993,0.38226564814018016,30,0.6429445386267315,0.393954071873755,12687.43166000035,78.81815853658537,200.886,"{'family': 'wmatch', 'lam': 0.8}"
tune,drift,hetero,high,d_cheap_a0.0_b0.4_g0.6,4,246,194,52,0.7886178861788617,0.9728295122222046,0.41295022157520633,30,0.5976062550902653,0.3707822803089937,10086.692249689097,99.14052845528455,200.726,"{'family': 'd_cheap', 'alpha': 0.0, 'beta': 0.4, 'gamma': 0.6}"
tune,drift,hetero,high,d_cheap_a0.0_b0.6_g0.4,4,246,208,38,0.8455284552845529,0.989351679541952,0.50014882298611,30,0.489202856555842,0.3236246353642716,7625.8767200769435,131.13246341463415,226.855,"{'family': 'd_cheap', 'alpha': 0.0, 'beta': 0.6, 'gamma': 0.4}"
tune,drift,hetero,high,d_cheap_a0.0_b0.8_g0.2,4,246,208,38,0.8455284552845529,0.9894547859295942,0.5275508845471581,30,0.46190390138243625,0.3236246353642716,7306.580338924936,136.86293089430896,234.599,"{'family': 'd_cheap', 'alpha': 0.0, 'beta': 0.8, 'gamma': 0.2}"
tune,drift,hetero,high,d_cheap_a0.0_b1.0_g0.0,4,246,208,38,0.8455284552845529,0.9896830992207514,0.5313474649067376,30,0.45833563431401375,0.3236246353642716,9666.992541247211,103.44478861788618,175.769,"{'family': 'd_cheap', 'alpha': 0.0, 'beta': 1.0, 'gamma': 0.0}"
tune,drift,hetero,high,d_cheap_a0.2_b0.2_g0.6,4,246,185,61,0.7520325203252033,0.9563328915439009,0.39126803619666306,30,0.6321763565172219,0.3784704129615261,12904.716296107214,77.4910487804878,194.363,"{'family': 'd_cheap', 'alpha': 0.2, 'beta': 0.2, 'gamma': 0.6}"
tune,drift,hetero,high,d_cheap_a0.2_b0.4_g0.4,4,246,189,57,0.7682926829268293,0.9643905782919321,0.39559331681042925,30,0.6175044647560685,0.3694116104637215,12188.21638285546,82.04645934959349,193.813,"{'family': 'd_cheap', 'alpha': 0.2, 'beta': 0.4, 'gamma': 0.4}"
tune,drift,hetero,high,d_cheap_a0.2_b0.6_g0.2,4,246,205,41,0.8333333333333334,0.990845378555369,0.48855179798173914,30,0.5022935805736299,0.32968776114287873,9171.27022801008,109.03615040650406,198.982,"{'family': 'd_cheap', 'alpha': 0.2, 'beta': 0.6, 'gamma': 0.2}"
tune,drift,hetero,high,d_cheap_a0.2_b0.8_g0.0,4,246,205,41,0.8333333333333334,0.992210816488486,0.5108114424606229,30,0.481399374027863,0.32766671921667634,11133.541123227662,89.81868292682927,162.794,"{'family': 'd_cheap', 'alpha': 0.2, 'beta': 0.8, 'gamma': 0.0}"
tune,drift,hetero,high,d_cheap_a0.4_b0.0_g0.6,4,246,182,64,0.7398373983739838,0.9528111100647336,0.38444313481878895,30,0.6410536645399906,0.39264101500608,16021.949288967384,62.41437804878049,155.992,"{'family': 'd_cheap', 'alpha': 0.4, 'beta': 0.0, 'gamma': 0.6}"
tune,drift,hetero,high,d_cheap_a0.4_b0.2_g0.4,4,246,185,61,0.7520325203252033,0.9549554738380671,0.3886131194968468,30,0.6342190801348002,0.38620404259542285,13728.014877150172,72.84374390243902,181.91,"{'family': 'd_cheap', 'alpha': 0.4, 'beta': 0.2, 'gamma': 0.4}"
tune,drift,hetero,high,d_cheap_a0.4_b0.4_g0.2,4,246,184,62,0.7479674796747967,0.9551194498646526,0.37661136729855177,30,0.644729124411066,0.38519622352687805,13721.725088584613,72.87713414634146,181.189,"{'family': 'd_cheap', 'alpha': 0.4, 'beta': 0.4, 'gamma': 0.2}"
tune,drift,hetero,high,d_cheap_a0.4_b0.6_g0.0,4,246,205,41,0.8333333333333334,0.9873322097766106,0.4613660828405691,30,0.5259661269360415,0.3317088030690811,13528.93980463221,73.9156219512195,143.088,"{'family': 'd_cheap', 'alpha': 0.4, 'beta': 0.6, 'gamma': 0.0}"
tune,drift,hetero,high,d_cheap_a0.6_b0.0_g0.4,4,246,183,63,0.7439024390243902,0.9534513439410048,0.3862374549945888,30,0.6399077791320286,0.39193302994755264,16534.191498199387,60.48073170731707,156.422,"{'family': 'd_cheap', 'alpha': 0.6, 'beta': 0.0, 'gamma': 0.4}"
tune,drift,hetero,high,d_cheap_a0.6_b0.2_g0.2,4,246,184,62,0.7479674796747967,0.9548559152911932,0.38631232532604465,30,0.6398081646149818,0.3923400608551524,14488.202480521613,69.02167479674796,177.622,"{'family': 'd_cheap', 'alpha': 0.6, 'beta': 0.2, 'gamma': 0.2}"
tune,drift,hetero,high,d_cheap_a0.6_b0.4_g0.0,4,246,181,65,0.7357723577235772,0.9589343526014995,0.3731861501000774,30,0.6415317002865327,0.3781694588105985,19142.0576451394,52.24098780487805,135.974,"{'family': 'd_cheap', 'alpha': 0.6, 'beta': 0.4, 'gamma': 0.0}"
tune,drift,hetero,high,d_cheap_a0.8_b0.0_g0.2,4,246,182,64,0.7398373983739838,0.9557165754096155,0.3857453418429078,30,0.6371504345117369,0.3842325845892056,16956.66586179945,58.97385772357724,148.197,"{'family': 'd_cheap', 'alpha': 0.8, 'beta': 0.0, 'gamma': 0.2}"
tune,drift,hetero,high,d_cheap_a0.8_b0.2_g0.0,4,246,180,66,0.7317073170731707,0.9505289334593118,0.3725087384633307,30,0.6527821645486114,0.3892847180712191,19699.85430115888,50.76179674796748,130.324,"{'family': 'd_cheap', 'alpha': 0.8, 'beta': 0.2, 'gamma': 0.0}"
tune,drift,hetero,high,d_capacity_a0.0_b0.4_g0.6,4,246,190,56,0.7723577235772358,0.9586112833832715,0.3959799116294509,30,0.6276786278626948,0.370976037562339,9357.974121853986,106.86073577235773,248.094,"{'family': 'd_capacity', 'alpha': 0.0, 'beta': 0.4, 'gamma': 0.6}"
tune,drift,hetero,high,d_capacity_a0.0_b0.6_g0.4,4,246,208,38,0.8455284552845529,0.9903999470347457,0.49749317875420107,30,0.4929067682805445,0.3236246353642716,6898.146594195749,144.96647560975612,256.149,"{'family': 'd_capacity', 'alpha': 0.0, 'beta': 0.6, 'gamma': 0.4}"
tune,drift,hetero,high,d_capacity_a0.0_b0.8_g0.2,4,246,203,43,0.8252032520325203,0.9920459688592707,0.5031872342846647,30,0.4888587345746059,0.3283403998587438,6639.996195228196,150.60249593495936,270.476,"{'family': 'd_capacity', 'alpha': 0.0, 'beta': 0.8, 'gamma': 0.2}"
tune,drift,hetero,high,d_capacity_a0.0_b1.0_g0.0,4,246,208,38,0.8455284552845529,0.9896830992207514,0.5313474649067376,30,0.45833563431401375,0.3236246353642716,11627.226028878342,86.00503658536586,142.066,"{'family': 'd_capacity', 'alpha': 0.0, 'beta': 1.0, 'gamma': 0.0}"
tune,drift,hetero,high,d_capacity_a0.2_b0.2_g0.6,4,246,189,57,0.7682926829268293,0.9592138013306093,0.39071621450648614,30,0.6342879872823057,0.3856032544344778,11309.776478818789,88.41907723577236,228.037,"{'family': 'd_capacity', 'alpha': 0.2, 'beta': 0.2, 'gamma': 0.6}"
tune,drift,hetero,high,d_capacity_a0.2_b0.4_g0.4,4,246,190,56,0.7723577235772358,0.9652798751206266,0.3926012419753517,30,0.6247559067202159,0.3673905685375191,10794.66932900072,92.63831707317074,231.914,"{'family': 'd_capacity', 'alpha': 0.2, 'beta': 0.4, 'gamma': 0.4}"
tune,drift,hetero,high,d_capacity_a0.2_b0.6_g0.2,4,246,205,41,0.8333333333333334,0.9905452067736685,0.48728462137817197,30,0.5032605853954966,0.32968776114287873,7885.633440112077,126.81289430894309,234.529,"{'family': 'd_capacity', 'alpha': 0.2, 'beta': 0.6, 'gamma': 0.2}"
tune,drift,hetero,high,d_capacity_a0.2_b0.8_g0.0,4,246,205,41,0.8333333333333334,0.992210816488486,0.5108114424606229,30,0.481399374027863,0.32766671921667634,13444.83289930935,74.37801626016261,131.386,"{'family': 'd_capacity', 'alpha': 0.2, 'beta': 0.8, 'gamma': 0.0}"
tune,drift,hetero,high,d_capacity_a0.4_b0.0_g0.6,4,246,189,57,0.7682926829268293,0.9618143441631859,0.39592501032861915,30,0.6257755905607072,0.3835822125082754,13468.816486882604,74.2455731707317,194.885,"{'family': 'd_capacity', 'alpha': 0.4, 'beta': 0.0, 'gamma': 0.6}"
tune,drift,hetero,high,d_capacity_a0.4_b0.2_g0.4,4,246,185,61,0.7520325203252033,0.9558040515273236,0.39214409133636713,30,0.6349245348407897,0.39099269957101745,12335.546728229403,81.0665325203252,213.43,"{'family': 'd_capacity', 'alpha': 0.4, 'beta': 0.2, 'gamma': 0.4}"
tune,drift,hetero,high,d_capacity_a0.4_b0.4_g0.2,4,246,186,60,0.7560975609756098,0.9663019298097685,0.391090967415873,30,0.6197298955999149,0.3758817671499284,12138.349353240621,82.38352439024389,209.121,"{'family': 'd_capacity', 'alpha': 0.4, 'beta': 0.4, 'gamma': 0.2}"
tune,drift,hetero,high,d_capacity_a0.4_b0.6_g0.0,4,246,205,41,0.8333333333333334,0.9873322097766106,0.4613660828405691,30,0.5259661269360415,0.3317088030690811,16394.43572851374,60.99630487804878,122.91,"{'family': 'd_capacity', 'alpha': 0.4, 'beta': 0.6, 'gamma': 0.0}"
tune,drift,hetero,high,d_capacity_a0.6_b0.0_g0.4,4,246,185,61,0.7520325203252033,0.9540642288294471,0.3879600956002152,30,0.6387980234148444,0.39125934930548517,14044.188497672605,71.20382926829268,187.611,"{'family': 'd_capacity', 'alpha': 0.6, 'beta': 0.0, 'gamma': 0.4}"
tune,drift,hetero,high,d_capacity_a0.6_b0.2_g0.2,4,246,187,59,0.7601626016260162,0.9545997681875525,0.3844531244258323,30,0.6433550304103743,0.39101530386277106,12760.497649033925,78.36684959349594,213.339,"{'family': 'd_capacity', 'alpha': 0.6, 'beta': 0.2, 'gamma': 0.2}"
tune,drift,hetero,high,d_capacity_a0.6_b0.4_g0.0,4,246,181,65,0.7357723577235772,0.9589343526014995,0.3731861501000774,30,0.6415317002865327,0.3781694588105985,23088.406635270185,43.311780487804874,111.479,"{'family': 'd_capacity', 'alpha': 0.6, 'beta': 0.4, 'gamma': 0.0}"
tune,drift,hetero,high,d_capacity_a0.8_b0.0_g0.2,4,246,183,63,0.7439024390243902,0.9564336226499467,0.3865975624977265,30,0.6370152610972494,0.3828852233050707,14505.14631977904,68.9410487804878,183.864,"{'family': 'd_capacity', 'alpha': 0.8, 'beta': 0.0, 'gamma': 0.2}"
tune,drift,hetero,high,d_capacity_a0.8_b0.2_g0.0,4,246,180,66,0.7317073170731707,0.9505289334593118,0.3725087384633307,30,0.6527821645486114,0.3892847180712191,23357.96142347215,42.811955284552845,108.904,"{'family': 'd_capacity', 'alpha': 0.8, 'beta': 0.2, 'gamma': 0.0}"
tune,drift,hetero,high,binpack,5,244,186,58,0.7622950819672131,0.9564487398652424,0.3609281068893305,30,0.6661399760723294,0.4270017257625928,29870.91845728948,33.47737704918033,81.192,{}
tune,drift,hetero,high,hybrid_a0.1,5,244,205,39,0.8401639344262295,0.9811075503383505,0.46363324067743744,30,0.5174743096609131,0.37223880057086456,13196.368013388474,75.7784262295082,122.028,"{'family': 'hybrid', 'alpha': 0.1}"
tune,drift,hetero,high,hybrid_a0.2,5,244,204,40,0.8360655737704918,0.9844409752801027,0.44802126225147537,30,0.5364197130286272,0.3716078847925438,13774.359729372218,72.59865573770492,124.432,"{'family': 'hybrid', 'alpha': 0.2}"
tune,drift,hetero,high,hybrid_a0.3,5,244,206,38,0.8442622950819673,0.9889585813982738,0.4486057618794099,30,0.5403528195188638,0.3652987270093364,14235.076418440773,70.2490081967213,123.932,"{'family': 'hybrid', 'alpha': 0.3}"
tune,drift,hetero,high,hybrid_a0.4,5,244,205,39,0.8401639344262295,0.9856618830209704,0.4302808447782101,30,0.5553810382427602,0.3703460532359023,15647.338740386665,63.90863114754098,116.728,"{'family': 'hybrid', 'alpha': 0.4}"
tune,drift,hetero,high,hybrid_a0.5,5,244,198,46,0.8114754098360656,0.9782427079211459,0.3828419431307763,30,0.6197407779391094,0.39482946707684385,20486.590099435525,48.81241803278688,110.486,"{'family': 'hybrid', 'alpha': 0.5}"
tune,drift,hetero,high,hybrid_a0.6,5,244,195,49,0.7991803278688525,0.9709800730206187,0.3623741179864129,30,0.6389645927409026,0.4056773368218637,21563.304205197815,46.37508196721312,110.627,"{'family': 'hybrid', 'alpha': 0.6}"
tune,drift,hetero,high,hybrid_a0.7,5,244,185,59,0.7581967213114754,0.9602766757037375,0.34798994283737117,30,0.6722847908863645,0.4143303601178403,22757.387686928854,43.94177459016394,108.092,"{'family': 'hybrid', 'alpha': 0.7}"
tune,drift,hetero,high,hybrid_a0.8,5,244,181,63,0.7418032786885246,0.9560654276457791,0.3411726234721494,30,0.6812377886594081,0.42379409679265134,23961.53976461715,41.733545081967215,106.829,"{'family': 'hybrid', 'alpha': 0.8}"
tune,drift,hetero,high,hybrid_a0.9,5,244,179,65,0.7336065573770492,0.9487502007051456,0.3450845461588916,30,0.6874105528539355,0.4447941150777496,24622.69255601511,40.61294262295082,103.974,"{'family': 'hybrid', 'alpha': 0.9}"
tune,drift,hetero,high,balance_l0.05,5,244,186,58,0.7622950819672131,0.9564487398652424,0.3609281068893305,30,0.6661399760723294,0.4270017257625928,27769.640362671504,36.01054918032787,89.467,"{'family': 'balance', 'lam': 0.05}"
tune,drift,hetero,high,balance_l0.1,5,244,175,69,0.7172131147540983,0.9466453834909483,0.33594538678179936,30,0.6944448950168306,0.4479486939693533,29663.471562274142,33.711495901639346,88.215,"{'family': 'balance', 'lam': 0.1}"
tune,drift,hetero,high,balance_l0.2,5,244,179,65,0.7336065573770492,0.9461154029989043,0.33443327326341804,30,0.6990460579842499,0.4466868624127118,29358.257370847732,34.061967213114755,88.466,"{'family': 'balance', 'lam': 0.2}"
tune,drift,hetero,high,balance_l0.4,5,244,190,54,0.7786885245901639,0.964194561175206,0.3581850028170192,30,0.6607043957567728,0.41321190079219816,27112.70774834518,36.883073770491805,90.85,"{'family': 'balance', 'lam': 0.4}"
tune,drift,hetero,high,balance_l0.8,5,244,205,39,0.8401639344262295,0.9895819053024001,0.4272908154423653,30,0.5622910898600348,0.3684533059009401,19096.1405369506,52.36660245901639,95.008,"{'family': 'balance', 'lam': 0.8}"
tune,drift,hetero,high,wmatch_l0.05,5,244,186,58,0.7622950819672131,0.9564487398652424,0.3609281068893305,30,0.6661399760723294,0.4270017257625928,19272.134144795495,51.88838934426229,130.665,"{'family': 'wmatch', 'lam': 0.05}"
tune,drift,hetero,high,wmatch_l0.1,5,244,186,58,0.7622950819672131,0.9564487398652424,0.3609281068893305,30,0.6661399760723294,0.4270017257625928,19138.90610170289,52.24959016393442,130.695,"{'family': 'wmatch', 'lam': 0.1}"
tune,drift,hetero,high,wmatch_l0.2,5,244,186,58,0.7622950819672131,0.9564487398652424,0.3609281068893305,30,0.6661399760723294,0.4270017257625928,19454.466462453238,51.40207786885246,127.107,"{'family': 'wmatch', 'lam': 0.2}"
tune,drift,hetero,high,wmatch_l0.4,5,244,186,58,0.7622950819672131,0.9564487398652424,0.3609281068893305,30,0.6661399760723294,0.4270017257625928,19394.389521052373,51.56130327868852,130.494,"{'family': 'wmatch', 'lam': 0.4}"
tune,drift,hetero,high,wmatch_l0.8,5,244,186,58,0.7622950819672131,0.9531950608062408,0.3537663655668904,30,0.6720922629904434,0.4314225822194468,19118.559200305142,52.305196721311475,127.178,"{'family': 'wmatch', 'lam': 0.8}"
tune,drift,hetero,high,d_cheap_a0.0_b0.4_g0.6,5,244,194,50,0.7950819672131147,0.9777120843131902,0.39715817448310287,30,0.6049907390022857,0.38923710121601,14579.5380724321,68.58927868852459,144.56,"{'family': 'd_cheap', 'alpha': 0.0, 'beta': 0.4, 'gamma': 0.6}"
tune,drift,hetero,high,d_cheap_a0.0_b0.6_g0.4,5,244,206,38,0.8442622950819673,0.9889160516894828,0.44676928583434056,30,0.5421467658551422,0.3671914743442986,10890.74900501403,91.82104918032788,155.661,"{'family': 'd_cheap', 'alpha': 0.0, 'beta': 0.6, 'gamma': 0.4}"
tune,drift,hetero,high,d_cheap_a0.0_b0.8_g0.2,5,244,206,38,0.8442622950819673,0.988406245308683,0.469159295487511,30,0.519246949821172,0.3671914743442986,10507.677581043046,95.1685081967213,159.799,"{'family': 'd_cheap', 'alpha': 0.0, 'beta': 0.8, 'gamma': 0.2}"
tune,drift,hetero,high,d_cheap_a0.0_b1.0_g0.0,5,244,206,38,0.8442622950819673,0.983404302500958,0.4666120448975924,30,0.5167922576033657,0.36908422167926086,13922.58426900898,71.82574590163934,115.686,"{'family': 'd_cheap', 'alpha': 0.0, 'beta': 1.0, 'gamma': 0.0}"
tune,drift,hetero,high,d_cheap_a0.2_b0.2_g0.6,5,244,180,64,0.7377049180327869,0.9448793712287239,0.33580456330787073,30,0.6963816261560021,0.4492105255259948,18943.530190513684,52.78847131147541,136.074,"{'family': 'd_cheap', 'alpha': 0.2, 'beta': 0.2, 'gamma': 0.6}"
tune,drift,hetero,high,d_cheap_a0.2_b0.4_g0.4,5,244,194,50,0.7950819672131147,0.9718598496418546,0.38106981885498403,30,0.6270632421024335,0.40248633256074556,16371.64602676254,61.0812131147541,137.577,"{'family': 'd_cheap', 'alpha': 0.2, 'beta': 0.4, 'gamma': 0.4}"
tune,drift,hetero,high,d_cheap_a0.2_b0.6_g0.2,5,244,203,41,0.8319672131147541,0.9871203388570188,0.4455515552577376,30,0.5415687835992812,0.37097696901422306,11434.79013340698,87.45241393442623,154.639,"{'family': 'd_cheap', 'alpha': 0.2, 'beta': 0.6, 'gamma': 0.2}"
tune,drift,hetero,high,d_cheap_a0.2_b0.8_g0.0,5,244,204,40,0.8360655737704918,0.9844409752801027,0.44802126225147537,30,0.5364197130286272,0.3716078847925438,14774.354433372022,67.68485245901638,115.547,"{'family': 'd_cheap', 'alpha': 0.2, 'beta': 0.8, 'gamma': 0.0}"
tune,drift,hetero,high,d_cheap_a0.4_b0.0_g0.6,5,244,186,58,0.7622950819672131,0.9564487398652424,0.3609281068893305,30,0.6661399760723294,0.4270017257625928,21034.25790965683,47.54149180327869,119.143,"{'family': 'd_cheap', 'alpha': 0.4, 'beta': 0.0, 'gamma': 0.6}"
tune,drift,hetero,high,d_cheap_a0.4_b0.2_g0.4,5,244,176,68,0.7213114754098361,0.9464719252570702,0.3317995023679447,30,0.6984173211968071,0.448579609747674,19448.637503381593,51.417483606557376,136.916,"{'family': 'd_cheap', 'alpha': 0.4, 'beta': 0.2, 'gamma': 0.4}"
tune,drift,hetero,high,d_cheap_a0.4_b0.4_g0.2,5,244,194,50,0.7950819672131147,0.9725566146667287,0.3646237204417951,30,0.6446468592307718,0.4005935852257833,17233.885151976734,58.02522131147541,137.256,"{'family': 'd_cheap', 'alpha': 0.4, 'beta': 0.4, 'gamma': 0.2}"
tune,drift,hetero,high,d_cheap_a0.4_b0.6_g0.0,5,244,205,39,0.8401639344262295,0.9856618830209704,0.4302808447782101,30,0.5553810382427602,0.3703460532359023,16519.578103515872,60.53423360655738,112.541,"{'family': 'd_cheap', 'alpha': 0.4, 'beta': 0.6, 'gamma': 0.0}"
tune,drift,hetero,high,d_cheap_a0.6_b0.0_g0.4,5,244,186,58,0.7622950819672131,0.9564487398652424,0.3609281068893305,30,0.6661399760723294,0.4270017257625928,21151.503451465924,47.2779631147541,118.0,"{'family': 'd_cheap', 'alpha': 0.6, 'beta': 0.0, 'gamma': 0.4}"
tune,drift,hetero,high,d_cheap_a0.6_b0.2_g0.2,5,244,176,68,0.7213114754098361,0.9464719252570702,0.3317995023679447,30,0.6984173211968071,0.448579609747674,19463.22654669236,51.37894262295082,134.872,"{'family': 'd_cheap', 'alpha': 0.6, 'beta': 0.2, 'gamma': 0.2}"
tune,drift,hetero,high,d_cheap_a0.6_b0.4_g0.0,5,244,195,49,0.7991803278688525,0.9709800730206187,0.3623741179864129,30,0.6389645927409026,0.4056773368218637,22594.5633406173,44.258434426229506,104.145,"{'family': 'd_cheap', 'alpha': 0.6, 'beta': 0.4, 'gamma': 0.0}"
tune,drift,hetero,high,d_cheap_a0.8_b0.0_g0.2,5,244,186,58,0.7622950819672131,0.9564487398652424,0.3609281068893305,30,0.6661399760723294,0.4270017257625928,20996.84952599182,47.62619262295082,116.679,"{'family': 'd_cheap', 'alpha': 0.8, 'beta': 0.0, 'gamma': 0.2}"
tune,drift,hetero,high,d_cheap_a0.8_b0.2_g0.0,5,244,181,63,0.7418032786885246,0.9560654276457791,0.3411726234721494,30,0.6812377886594081,0.42379409679265134,24777.019517487857,40.35997950819672,101.941,"{'family': 'd_cheap', 'alpha': 0.8, 'beta': 0.2, 'gamma': 0.0}"
tune,drift,hetero,high,d_capacity_a0.0_b0.4_g0.6,5,244,200,44,0.819672131147541,0.9793821268321589,0.4052947147895801,30,0.5872796769898557,0.388011695028883,9710.561202383975,102.98065983606558,201.317,"{'family': 'd_capacity', 'alpha': 0.0, 'beta': 0.4, 'gamma': 0.6}"
tune,drift,hetero,high,d_capacity_a0.0_b0.6_g0.4,5,244,204,40,0.8360655737704918,0.9845629168908195,0.43771283039635633,30,0.5468500864944633,0.3716078847925438,8106.476307111994,123.35815983606558,212.137,"{'family': 'd_capacity', 'alpha': 0.0, 'beta': 0.6, 'gamma': 0.4}"
tune,drift,hetero,high,d_capacity_a0.0_b0.8_g0.2,5,244,208,36,0.8524590163934426,0.9905108503551673,0.48489953964154087,30,0.5056113107136263,0.3570968218911668,7413.672568405789,134.88591393442624,235.821,"{'family': 'd_capacity', 'alpha': 0.0, 'beta': 0.8, 'gamma': 0.2}"
tune,drift,hetero,high,d_capacity_a0.0_b1.0_g0.0,5,244,206,38,0.8442622950819673,0.983404302500958,0.4666120448975924,30,0.5167922576033657,0.36908422167926086,13276.625456166352,75.32034426229508,123.942,"{'family': 'd_capacity', 'alpha': 0.0, 'beta': 1.0, 'gamma': 0.0}"
tune,drift,hetero,high,d_capacity_a0.2_b0.2_g0.6,5,244,185,59,0.7581967213114754,0.958630046253803,0.34548788567096095,30,0.6736522379925601,0.41874677056608545,13298.458670488773,75.19668442622951,198.652,"{'family': 'd_capacity', 'alpha': 0.2, 'beta': 0.2, 'gamma': 0.6}"
tune,drift,hetero,high,d_capacity_a0.2_b0.4_g0.4,5,244,193,51,0.7909836065573771,0.9719320497011489,0.3726062359988242,30,0.6356425312789171,0.4018554167824248,12014.70974701699,83.23130737704918,195.025,"{'family': 'd_capacity', 'alpha': 0.2, 'beta': 0.4, 'gamma': 0.4}"
tune,drift,hetero,high,d_capacity_a0.2_b0.6_g0.2,5,244,206,38,0.8442622950819673,0.989953670242851,0.4421897340654692,30,0.5477639361773818,0.3652987270093364,8432.335809894234,118.59110245901638,210.785,"{'family': 'd_capacity', 'alpha': 0.2, 'beta': 0.6, 'gamma': 0.2}"
tune,drift,hetero,high,d_capacity_a0.2_b0.8_g0.0,5,244,204,40,0.8360655737704918,0.9844409752801027,0.44802126225147537,30,0.5364197130286272,0.3716078847925438,14624.295846148572,68.37936065573771,115.285,"{'family': 'd_capacity', 'alpha': 0.2, 'beta': 0.8, 'gamma': 0.0}"
tune,drift,hetero,high,d_capacity_a0.4_b0.0_g0.6,5,244,189,55,0.7745901639344263,0.9584284212554033,0.36843287277589,30,0.6552316613359459,0.42460481017148594,14254.057426209112,70.1554631147541,170.038,"{'family': 'd_capacity', 'alpha': 0.4, 'beta': 0.0, 'gamma': 0.6}"
tune,drift,hetero,high,d_capacity_a0.4_b0.2_g0.4,5,244,181,63,0.7418032786885246,0.9561292666299763,0.33880136385081255,30,0.6836728872649422,0.42379409679265134,13743.488599832534,72.76172950819672,196.728,"{'family': 'd_capacity', 'alpha': 0.4, 'beta': 0.2, 'gamma': 0.4}"
tune,drift,hetero,high,d_capacity_a0.4_b0.4_g0.2,5,244,186,58,0.7622950819672131,0.9670025218978194,0.3589465666075013,30,0.6530055528462668,0.41310495393071334,12625.645220921626,79.20387295081967,195.335,"{'family': 'd_capacity', 'alpha': 0.4, 'beta': 0.4, 'gamma': 0.2}"
tune,drift,hetero,high,d_capacity_a0.4_b0.6_g0.0,5,244,205,39,0.8401639344262295,0.9856618830209704,0.4302808447782101,30,0.5553810382427602,0.3703460532359023,16360.530301110197,61.1227131147541,109.494,"{'family': 'd_capacity', 'alpha': 0.4, 'beta': 0.6, 'gamma': 0.0}"
tune,drift,hetero,high,d_capacity_a0.6_b0.0_g0.4,5,244,184,60,0.7540983606557377,0.955358713355981,0.3548594424721079,30,0.6739819473683465,0.43280671528965553,14767.433499947105,67.7165737704918,175.338,"{'family': 'd_capacity', 'alpha': 0.6, 'beta': 0.0, 'gamma': 0.4}"
tune,drift,hetero,high,d_capacity_a0.6_b0.2_g0.2,5,244,179,65,0.7336065573770492,0.9545520926013944,0.33999629091489175,30,0.6847114717236388,0.4249502515445488,13740.857120878209,72.77566393442623,197.74,"{'family': 'd_capacity', 'alpha': 0.6, 'beta': 0.2, 'gamma': 0.2}"
tune,drift,hetero,high,d_capacity_a0.6_b0.4_g0.0,5,244,195,49,0.7991803278688525,0.9709800730206187,0.3623741179864129,30,0.6389645927409026,0.4056773368218637,22169.679274702587,45.106651639344264,105.146,"{'family': 'd_capacity', 'alpha': 0.6, 'beta': 0.4, 'gamma': 0.0}"
tune,drift,hetero,high,d_capacity_a0.8_b0.0_g0.2,5,244,187,57,0.7663934426229508,0.957129820835846,0.3629014473905577,30,0.6648477165417058,0.4257398942059513,14606.385157326633,68.46320901639345,177.021,"{'family': 'd_capacity', 'alpha': 0.8, 'beta': 0.0, 'gamma': 0.2}"
tune,drift,hetero,high,d_capacity_a0.8_b0.2_g0.0,5,244,181,63,0.7418032786885246,0.9560654276457791,0.3411726234721494,30,0.6812377886594081,0.42379409679265134,24391.962848241503,40.99711065573771,103.633,"{'family': 'd_capacity', 'alpha': 0.8, 'beta': 0.2, 'gamma': 0.0}"
tune,drift,hetero,high,binpack,6,266,200,66,0.7518796992481203,0.9556353540310955,0.4062456733155543,30,0.6183985999148027,0.3810314442511372,30488.30108870743,32.799466165413534,79.75,{}
tune,drift,hetero,high,hybrid_a0.1,6,266,219,47,0.8233082706766918,0.9878706126450019,0.5294474047554936,30,0.45842320788950824,0.31799277244799273,14553.764615727543,68.71074436090225,116.548,"{'family': 'hybrid', 'alpha': 0.1}"
tune,drift,hetero,high,hybrid_a0.2,6,266,218,48,0.8195488721804511,0.98873230574481,0.5193299847842836,30,0.4694023209605264,0.32115900841620076,14602.216945905702,68.48275187969925,113.633,"{'family': 'hybrid', 'alpha': 0.2}"
tune,drift,hetero,high,hybrid_a0.3,6,266,218,48,0.8195488721804511,0.9909251264846382,0.5100816885792967,30,0.4808434379053414,0.31925926683527595,15596.776650523027,64.11581203007519,127.509,"{'family': 'hybrid', 'alpha': 0.3}"
tune,drift,hetero,high,hybrid_a0.4,6,266,216,50,0.8120300751879699,0.9889729388551074,0.4822287493672474,30,0.5067441894878599,0.3236919971907672,17860.38256939464,55.98984210526316,106.96,"{'family': 'hybrid', 'alpha': 0.4}"
tune,drift,hetero,high,hybrid_a0.5,6,266,205,61,0.7706766917293233,0.9736838123502266,0.4237851775419035,30,0.5840419499956989,0.3518089258857465,22416.156621854858,44.61068045112782,104.766,"{'family': 'hybrid', 'alpha': 0.5}"
tune,drift,hetero,high,hybrid_a0.6,6,266,200,66,0.7518796992481203,0.9592651019008874,0.4061275613621634,30,0.6100001617840306,0.3681559385335095,23327.41553633938,42.868015037593985,103.603,"{'family': 'hybrid', 'alpha': 0.6}"
tune,drift,hetero,high,hybrid_a0.7,6,266,199,67,0.7481203007518797,0.9568567276044533,0.398436362249525,30,0.6209855738720006,0.37322191608264227,23650.179350157086,42.28297744360902,104.886,"{'family': 'hybrid', 'alpha': 0.7}"
tune,drift,hetero,high,hybrid_a0.8,6,266,203,63,0.7631578947368421,0.9589988577138,0.4164561914950902,30,0.6042551638500285,0.36927782781804847,23072.170530055362,43.342259398496246,104.776,"{'family': 'hybrid', 'alpha': 0.8}"
tune,drift,hetero,high,hybrid_a0.9,6,266,197,69,0.7406015037593985,0.9564831171139457,0.40794352697711156,30,0.6129543282283728,0.3723026213279847,23632.69321903402,42.31426315789474,104.926,"{'family': 'hybrid', 'alpha': 0.9}"
tune,drift,hetero,high,balance_l0.05,6,266,198,68,0.7443609022556391,0.9538193426682717,0.4052898688521884,30,0.6211941796919279,0.3791237353552982,28271.651887111508,35.371120300751876,87.524,"{'family': 'balance', 'lam': 0.05}"
tune,drift,hetero,high,balance_l0.1,6,266,201,65,0.7556390977443609,0.957136838423333,0.4056436252529566,30,0.6164926882016447,0.3791317026702124,27629.858778182715,36.19272932330827,88.997,"{'family': 'balance', 'lam': 0.1}"
tune,drift,hetero,high,balance_l0.2,6,266,200,66,0.7518796992481203,0.9557271580110751,0.3963625368779216,30,0.6288193569973983,0.3857502221676444,27678.319655456948,36.12936090225564,87.715,"{'family': 'balance', 'lam': 0.2}"
tune,drift,hetero,high,balance_l0.4,6,266,203,63,0.7631578947368421,0.9606359419636136,0.4050918379034631,30,0.6156016407276154,0.3667448390434821,26833.55659323183,37.266770676691735,89.077,"{'family': 'balance', 'lam': 0.4}"
tune,drift,hetero,high,balance_l0.8,6,266,219,47,0.8233082706766918,0.9901103469297355,0.4698985068392234,30,0.5202118400905121,0.32179225560984237,20776.419482470326,48.13148872180451,91.922,"{'family': 'balance', 'lam': 0.8}"
tune,drift,hetero,high,wmatch_l0.05,6,266,200,66,0.7518796992481203,0.9556353540310955,0.4062456733155543,30,0.6183985999148027,0.3810314442511372,19126.096991313945,52.28458270676692,128.0,"{'family': 'wmatch', 'lam': 0.05}"
tune,drift,hetero,high,wmatch_l0.1,6,266,200,66,0.7518796992481203,0.9556353540310955,0.4062456733155543,30,0.6183985999148027,0.3810314442511372,19151.21112331141,52.21601879699248,126.617,"{'family': 'wmatch', 'lam': 0.1}"
tune,drift,hetero,high,wmatch_l0.2,6,266,197,69,0.7406015037593985,0.9531887674950953,0.40114414111303204,30,0.6247093322579078,0.3803902297425814,19562.55911514868,51.11805639097744,131.085,"{'family': 'wmatch', 'lam': 0.2}"
tune,drift,hetero,high,wmatch_l0.4,6,266,203,63,0.7631578947368421,0.9573423888651431,0.41675185385957986,30,0.6055900100368317,0.37849845547657074,18908.322995954117,52.88676315789474,129.562,"{'family': 'wmatch', 'lam': 0.4}"
tune,drift,hetero,high,wmatch_l0.8,6,266,203,63,0.7631578947368421,0.9573423888651431,0.41675185385957986,30,0.6055900100368317,0.37849845547657074,18895.08235592127,52.92382330827068,129.062,"{'family': 'wmatch', 'lam': 0.8}"
tune,drift,hetero,high,d_cheap_a0.0_b0.4_g0.6,6,266,207,59,0.7781954887218046,0.9703179669999804,0.42587688631578696,30,0.5855002798508742,0.3599237250161686,14657.355388795995,68.22513157894737,145.613,"{'family': 'd_cheap', 'alpha': 0.0, 'beta': 0.4, 'gamma': 0.6}"
tune,drift,hetero,high,d_cheap_a0.0_b0.6_g0.4,6,266,224,42,0.8421052631578947,0.9924049063211237,0.5231534832459936,30,0.46925142307513007,0.31166030051157667,11208.378203715813,89.21897368421052,148.758,"{'family': 'd_cheap', 'alpha': 0.0, 'beta': 0.6, 'gamma': 0.4}"
tune,drift,hetero,high,d_cheap_a0.0_b0.8_g0.2,6,266,221,45,0.8308270676691729,0.9877033983591782,0.511344709032807,30,0.47635868932637115,0.3173595252543511,10924.97894990663,91.53335714285714,155.15,"{'family': 'd_cheap', 'alpha': 0.0, 'beta': 0.8, 'gamma': 0.2}"
tune,drift,hetero,high,d_cheap_a0.0_b1.0_g0.0,6,266,222,44,0.8345864661654135,0.9923719856258657,0.523167833681952,30,0.46920415194391374,0.31419328928614315,13959.173092171999,71.63748120300751,119.884,"{'family': 'd_cheap', 'alpha': 0.0, 'beta': 1.0, 'gamma': 0.0}"
tune,drift,hetero,high,d_cheap_a0.2_b0.2_g0.6,6,266,203,63,0.7631578947368421,0.9575410019953091,0.4051193768495159,30,0.6168363632373317,0.3704028797470599,16832.96070895874,59.40725563909775,144.07,"{'family': 'd_cheap', 'alpha': 0.2, 'beta': 0.2, 'gamma': 0.6}"
tune,drift,hetero,high,d_cheap_a0.2_b0.4_g0.4,6,266,213,53,0.8007518796992481,0.9734341372353489,0.43089132096738797,30,0.5737666933922791,0.3518089258857465,15732.947761763424,63.56087969924812,144.58,"{'family': 'd_cheap', 'alpha': 0.2, 'beta': 0.4, 'gamma': 0.4}"
tune,drift,hetero,high,d_cheap_a0.2_b0.6_g0.2,6,266,219,47,0.8233082706766918,0.9918795664837915,0.5010230597205978,30,0.4908565067631937,0.31799277244799273,12021.464369825799,83.18454135338347,148.007,"{'family': 'd_cheap', 'alpha': 0.2, 'beta': 0.6, 'gamma': 0.2}"
tune,drift,hetero,high,d_cheap_a0.2_b0.8_g0.0,6,266,218,48,0.8195488721804511,0.98873230574481,0.5193299847842836,30,0.4694023209605264,0.32115900841620076,15111.446062562181,66.1750037593985,112.019,"{'family': 'd_cheap', 'alpha': 0.2, 'beta': 0.8, 'gamma': 0.0}"
tune,drift,hetero,high,d_cheap_a0.4_b0.0_g0.6,6,266,200,66,0.7518796992481203,0.9584902240128365,0.4093602894762885,30,0.6146330918442762,0.38005099742487,20370.764766755892,49.089958646616545,121.317,"{'family': 'd_cheap', 'alpha': 0.4, 'beta': 0.0, 'gamma': 0.6}"
tune,drift,hetero,high,d_cheap_a0.4_b0.2_g0.4,6,266,205,61,0.7706766917293233,0.9605616114237147,0.41927877637265254,30,0.6029953326823808,0.3667448390434821,16841.43240561311,59.37737218045113,142.657,"{'family': 'd_cheap', 'alpha': 0.4, 'beta': 0.2, 'gamma': 0.4}"
tune,drift,hetero,high,d_cheap_a0.4_b0.4_g0.2,6,266,205,61,0.7706766917293233,0.9639937643606683,0.41022481155447404,30,0.6040589287601246,0.3581582568059218,16784.391928928577,59.57916165413533,144.52,"{'family': 'd_cheap', 'alpha': 0.4, 'beta': 0.4, 'gamma': 0.2}"
tune,drift,hetero,high,d_cheap_a0.4_b0.6_g0.0,6,266,216,50,0.8120300751879699,0.9889729388551074,0.4822287493672474,30,0.5067441894878599,0.3236919971907672,17609.36807789643,56.78795488721805,110.627,"{'family': 'd_cheap', 'alpha': 0.4, 'beta': 0.6, 'gamma': 0.0}"
tune,drift,hetero,high,d_cheap_a0.6_b0.0_g0.4,6,266,201,65,0.7556390977443609,0.9570730566366515,0.4086493215207819,30,0.612838473207408,0.3710361269407015,20230.635327130894,49.42998496240602,122.799,"{'family': 'd_cheap', 'alpha': 0.6, 'beta': 0.0, 'gamma': 0.4}"
tune,drift,hetero,high,d_cheap_a0.6_b0.2_g0.2,6,266,201,65,0.7556390977443609,0.9564164354124153,0.40738478471676753,30,0.6157484847116598,0.3732195516654903,17489.846683740965,57.17603007518797,140.733,"{'family': 'd_cheap', 'alpha': 0.6, 'beta': 0.2, 'gamma': 0.2}"
tune,drift,hetero,high,d_cheap_a0.6_b0.4_g0.0,6,266,200,66,0.7518796992481203,0.9592651019008874,0.4061275613621634,30,0.6100001617840306,0.3681559385335095,22835.88953644947,43.790718045112776,106.179,"{'family': 'd_cheap', 'alpha': 0.6, 'beta': 0.4, 'gamma': 0.0}"
tune,drift,hetero,high,d_cheap_a0.8_b0.0_g0.2,6,266,202,64,0.7593984962406015,0.9576610586176909,0.4120713647658855,30,0.610004431943344,0.3697696325534183,19951.38462609305,50.121834586466164,125.164,"{'family': 'd_cheap', 'alpha': 0.8, 'beta': 0.0, 'gamma': 0.2}"
tune,drift,hetero,high,d_cheap_a0.8_b0.2_g0.0,6,266,203,63,0.7631578947368421,0.9589988577138,0.4164561914950902,30,0.6042551638500285,0.36927782781804847,22794.048148399193,43.8711015037594,105.447,"{'family': 'd_cheap', 'alpha': 0.8, 'beta': 0.2, 'gamma': 0.0}"
tune,drift,hetero,high,d_capacity_a0.0_b0.4_g0.6,6,266,216,50,0.8120300751879699,0.9834078393450147,0.4545163545750551,30,0.542320074149326,0.33522708446414606,10178.452377030233,98.24676315789473,208.09,"{'family': 'd_capacity', 'alpha': 0.0, 'beta': 0.4, 'gamma': 0.6}"
tune,drift,hetero,high,d_capacity_a0.0_b0.6_g0.4,6,266,221,45,0.8308270676691729,0.9881991009325548,0.5101006496320716,30,0.47809845130048334,0.3173595252543511,8149.43639907165,122.70787218045113,214.011,"{'family': 'd_capacity', 'alpha': 0.0, 'beta': 0.6, 'gamma': 0.4}"
tune,drift,hetero,high,d_capacity_a0.0_b0.8_g0.2,6,266,222,44,0.8345864661654135,0.9887719886505839,0.5138766952617432,30,0.47489529338884073,0.31609303086706786,7651.349078103044,130.6959060150376,217.557,"{'family': 'd_capacity', 'alpha': 0.0, 'beta': 0.8, 'gamma': 0.2}"
tune,drift,hetero,high,d_capacity_a0.0_b1.0_g0.0,6,266,222,44,0.8345864661654135,0.9923719856258657,0.523167833681952,30,0.46920415194391374,0.31419328928614315,13759.882803043312,72.67503759398497,117.45,"{'family': 'd_capacity', 'alpha': 0.0, 'beta': 1.0, 'gamma': 0.0}"
tune,drift,hetero,high,d_capacity_a0.2_b0.2_g0.6,6,266,204,62,0.7669172932330827,0.961801758283346,0.4051621173919708,30,0.6149741687453051,0.37688476145666194,12156.077268597073,82.26337969924812,202.539,"{'family': 'd_capacity', 'alpha': 0.2, 'beta': 0.2, 'gamma': 0.6}"
tune,drift,hetero,high,d_capacity_a0.2_b0.4_g0.4,6,266,204,62,0.7669172932330827,0.9614746602899416,0.4171982677022025,30,0.6000214793223121,0.3630899609843766,11578.752953506997,86.36508646616542,205.114,"{'family': 'd_capacity', 'alpha': 0.2, 'beta': 0.4, 'gamma': 0.4}"
tune,drift,hetero,high,d_capacity_a0.2_b0.6_g0.2,6,266,218,48,0.8195488721804511,0.9893888727067102,0.5033291661166988,30,0.48605970659001135,0.3230587499971256,8672.530057733946,115.30660526315789,210.143,"{'family': 'd_capacity', 'alpha': 0.2, 'beta': 0.6, 'gamma': 0.2}"
tune,drift,hetero,high,d_capacity_a0.2_b0.8_g0.0,6,266,218,48,0.8195488721804511,0.98873230574481,0.5193299847842836,30,0.4694023209605264,0.32115900841620076,15015.06417359401,66.59978195488722,113.953,"{'family': 'd_capacity', 'alpha': 0.2, 'beta': 0.8, 'gamma': 0.0}"
tune,drift,hetero,high,d_capacity_a0.4_b0.0_g0.6,6,266,198,68,0.7443609022556391,0.9547237564386291,0.3987374377596474,30,0.626031717725707,0.37800184607075915,14348.966874385045,69.69142857142856,184.736,"{'family': 'd_capacity', 'alpha': 0.4, 'beta': 0.0, 'gamma': 0.6}"
tune,drift,hetero,high,d_capacity_a0.4_b0.2_g0.4,6,266,207,59,0.7781954887218046,0.9624165257267162,0.4184898518418661,30,0.6013740320698866,0.37118553671388754,12270.273721206835,81.49777443609022,202.699,"{'family': 'd_capacity', 'alpha': 0.4, 'beta': 0.2, 'gamma': 0.4}"
tune,drift,hetero,high,d_capacity_a0.4_b0.4_g0.2,6,266,205,61,0.7706766917293233,0.9626501232506864,0.4171380007838692,30,0.5984537224437007,0.35738276892668797,11912.298790189623,83.94685338345865,201.788,"{'family': 'd_capacity', 'alpha': 0.4, 'beta': 0.4, 'gamma': 0.2}"
tune,drift,hetero,high,d_capacity_a0.4_b0.6_g0.0,6,266,216,50,0.8120300751879699,0.9889729388551074,0.4822287493672474,30,0.5067441894878599,0.3236919971907672,17386.774351370368,57.51498120300752,111.328,"{'family': 'd_capacity', 'alpha': 0.4, 'beta': 0.6, 'gamma': 0.0}"
tune,drift,hetero,high,d_capacity_a0.6_b0.0_g0.4,6,266,194,72,0.7293233082706767,0.9460655455718819,0.3864180861519905,30,0.6468525864023079,0.4028478963959677,14546.701803331653,68.74410526315789,182.422,"{'family': 'd_capacity', 'alpha': 0.6, 'beta': 0.0, 'gamma': 0.4}"
tune,drift,hetero,high,d_capacity_a0.6_b0.2_g0.2,6,266,205,61,0.7706766917293233,0.9638751034754728,0.4142066435928819,30,0.602300400464755,0.3718187839075291,12497.83578360608,80.01385338345864,204.272,"{'family': 'd_capacity', 'alpha': 0.6, 'beta': 0.2, 'gamma': 0.2}"
tune,drift,hetero,high,d_capacity_a0.6_b0.4_g0.0,6,266,200,66,0.7518796992481203,0.9592651019008874,0.4061275613621634,30,0.6100001617840306,0.3681559385335095,22766.008398089503,43.92513533834586,108.844,"{'family': 'd_capacity', 'alpha': 0.6, 'beta': 0.4, 'gamma': 0.0}"
tune,drift,hetero,high,d_capacity_a0.8_b0.0_g0.2,6,266,201,65,0.7556390977443609,0.9546481616551025,0.40801738467580523,30,0.6161005674329836,0.37673535168347594,14380.561891802923,69.53831203007519,177.633,"{'family': 'd_capacity', 'alpha': 0.8, 'beta': 0.0, 'gamma': 0.2}"
tune,drift,hetero,high,d_capacity_a0.8_b0.2_g0.0,6,266,203,63,0.7631578947368421,0.9589988577138,0.4164561914950902,30,0.6042551638500285,0.36927782781804847,22676.51793712569,44.098481203007516,106.048,"{'family': 'd_capacity', 'alpha': 0.8, 'beta': 0.2, 'gamma': 0.0}"
tune,drift,hetero,high,binpack,7,261,200,61,0.7662835249042146,0.9704219810320615,0.4382141332574212,30,0.5729023312039814,0.33798192368318636,32164.47309478796,31.0902030651341,77.855,{}
tune,drift,hetero,high,hybrid_a0.1,7,261,221,40,0.8467432950191571,0.989324365303445,0.5643265412964867,30,0.4249978240069583,0.29694105319266656,14533.032776109389,68.80876245210729,115.857,"{'family': 'hybrid', 'alpha': 0.1}"
tune,drift,hetero,high,hybrid_a0.2,7,261,223,38,0.8544061302681992,0.9915715640232591,0.5663713574368443,30,0.4252002065864149,0.2923372995653033,14749.726805108017,67.79786590038314,112.781,"{'family': 'hybrid', 'alpha': 0.2}"
tune,drift,hetero,high,hybrid_a0.3,7,261,217,44,0.8314176245210728,0.9919674768716404,0.5454886019765034,30,0.44647887489513705,0.30022944864078316,15760.17291989267,63.45108045977011,111.378,"{'family': 'hybrid', 'alpha': 0.3}"
tune,drift,hetero,high,hybrid_a0.4,7,261,215,46,0.8237547892720306,0.991684565030449,0.5091502955584822,30,0.48253426947196676,0.3008871277304065,18325.55796058025,54.56859770114942,106.73,"{'family': 'hybrid', 'alpha': 0.4}"
tune,drift,hetero,high,hybrid_a0.5,7,261,213,48,0.8160919540229885,0.9790080564296506,0.46147893922239064,30,0.5440768119216105,0.31645416430317924,21276.602682514935,46.9999846743295,105.958,"{'family': 'hybrid', 'alpha': 0.5}"
tune,drift,hetero,high,hybrid_a0.6,7,261,205,56,0.7854406130268199,0.9716735603040086,0.440078154438182,30,0.5672088537715567,0.33026416039722023,22538.139973075125,44.369233716475094,105.397,"{'family': 'hybrid', 'alpha': 0.6}"
tune,drift,hetero,high,hybrid_a0.7,7,261,201,60,0.7701149425287356,0.9703869430612496,0.43444642894388164,30,0.5766048208266616,0.34121105511649985,23178.615924028847,43.14321455938697,103.944,"{'family': 'hybrid', 'alpha': 0.7}"
tune,drift,hetero,high,hybrid_a0.8,7,261,205,56,0.7854406130268199,0.970490122948635,0.4402508558817805,30,0.5698410752193713,0.33555671024376366,23015.71267713391,43.448578544061306,103.083,"{'family': 'hybrid', 'alpha': 0.8}"
tune,drift,hetero,high,hybrid_a0.9,7,261,202,59,0.7739463601532567,0.9694876396339291,0.4341456977528979,30,0.5749437500335481,0.33752974751263365,23527.258943626075,42.50388888888889,102.682,"{'family': 'hybrid', 'alpha': 0.9}"
tune,drift,hetero,high,balance_l0.05,7,261,201,60,0.7701149425287356,0.969928925577021,0.4319887985023272,30,0.5786346105040351,0.3386396027728097,28530.586264195197,35.05010344827586,89.016,"{'family': 'balance', 'lam': 0.05}"
tune,drift,hetero,high,balance_l0.1,7,261,201,60,0.7701149425287356,0.9701806121947415,0.43917199200271717,30,0.5717031036213654,0.3386396027728097,28207.510006371005,35.45155172413793,88.004,"{'family': 'balance', 'lam': 0.1}"
tune,drift,hetero,high,balance_l0.2,7,261,207,54,0.7931034482758621,0.9692690052907228,0.4370186322460354,30,0.5730660308098622,0.34297858946629917,27201.968046754868,36.762045977011496,87.243,"{'family': 'balance', 'lam': 0.2}"
tune,drift,hetero,high,balance_l0.4,7,261,206,55,0.789272030651341,0.9721283917539008,0.4452778540389352,30,0.5639429500743046,0.33469352823506976,26805.06157615611,37.306386973180075,90.7,"{'family': 'balance', 'lam': 0.4}"
tune,drift,hetero,high,balance_l0.8,7,261,218,43,0.8352490421455939,0.9881012427447431,0.4907276963512773,30,0.4973735463934658,0.30680623953701636,21386.15204865817,46.75922988505747,91.201,"{'family': 'balance', 'lam': 0.8}"
tune,drift,hetero,high,wmatch_l0.05,7,261,201,60,0.7701149425287356,0.9710164848158017,0.4406370410219684,30,0.5710739272231745,0.3366665655039397,19794.23701027844,50.519754789272035,127.639,"{'family': 'wmatch', 'lam': 0.05}"
tune,drift,hetero,high,wmatch_l0.1,7,261,201,60,0.7701149425287356,0.9710164848158017,0.4406370410219684,30,0.5710739272231745,0.3366665655039397,19667.362358793423,50.845659003831415,131.436,"{'family': 'wmatch', 'lam': 0.1}"
tune,drift,hetero,high,wmatch_l0.2,7,261,201,60,0.7701149425287356,0.9710164848158017,0.4406370410219684,30,0.5710739272231745,0.3366665655039397,19834.754456759132,50.416555555555554,129.022,"{'family': 'wmatch', 'lam': 0.2}"
tune,drift,hetero,high,wmatch_l0.4,7,261,200,61,0.7662835249042146,0.9704219810320615,0.4382141332574212,30,0.5729023312039814,0.33798192368318636,19814.731501277936,50.46750191570881,128.23,"{'family': 'wmatch', 'lam': 0.4}"
tune,drift,hetero,high,wmatch_l0.8,7,261,201,60,0.7701149425287356,0.9710141643935107,0.43588538468032384,30,0.5758232631425281,0.3366665655039397,19576.285183122272,51.08221455938697,127.679,"{'family': 'wmatch', 'lam': 0.8}"
tune,drift,hetero,high,d_cheap_a0.0_b0.4_g0.6,7,261,210,51,0.8045977011494253,0.983626900526541,0.48555598880232476,30,0.5119495749234716,0.32127517950872947,14369.309533205549,69.59276628352491,143.278,"{'family': 'd_cheap', 'alpha': 0.0, 'beta': 0.4, 'gamma': 0.6}"
tune,drift,hetero,high,d_cheap_a0.0_b0.6_g0.4,7,261,216,45,0.8275862068965517,0.9911226315948876,0.5356308223635752,30,0.4554918092313124,0.3015448068200298,12095.520690384516,82.67523371647509,146.324,"{'family': 'd_cheap', 'alpha': 0.0, 'beta': 0.6, 'gamma': 0.4}"
tune,drift,hetero,high,d_cheap_a0.0_b0.8_g0.2,7,261,219,42,0.8390804597701149,0.9910970116191725,0.5640615022183791,30,0.4270355094007934,0.3015448068200298,10853.463562698067,92.13648659003832,156.492,"{'family': 'd_cheap', 'alpha': 0.0, 'beta': 0.8, 'gamma': 0.2}"
tune,drift,hetero,high,d_cheap_a0.0_b1.0_g0.0,7,261,219,42,0.8390804597701149,0.989047119223087,0.571514918744093,30,0.4179057481748249,0.2975987322822899,13672.84598979618,73.13766283524903,120.997,"{'family': 'd_cheap', 'alpha': 0.0, 'beta': 1.0, 'gamma': 0.0}"
tune,drift,hetero,high,d_cheap_a0.2_b0.2_g0.6,7,261,209,52,0.8007662835249042,0.9730108297342208,0.45105519678343636,30,0.5596174452712203,0.33226831479564706,17094.661985480147,58.497793103448274,141.053,"{'family': 'd_cheap', 'alpha': 0.2, 'beta': 0.2, 'gamma': 0.6}"
tune,drift,hetero,high,d_cheap_a0.2_b0.4_g0.4,7,261,208,53,0.7969348659003831,0.9755408507439198,0.45582517722424626,30,0.5477348954353543,0.3298250076738327,15999.474285473287,62.50205363984674,144.321,"{'family': 'd_cheap', 'alpha': 0.2, 'beta': 0.4, 'gamma': 0.4}"
tune,drift,hetero,high,d_cheap_a0.2_b0.6_g0.2,7,261,217,44,0.8314176245210728,0.9904861997337915,0.5124130612104167,30,0.4780731385233748,0.30220248590965315,13060.529398801313,76.56657471264367,147.456,"{'family': 'd_cheap', 'alpha': 0.2, 'beta': 0.6, 'gamma': 0.2}"
tune,drift,hetero,high,d_cheap_a0.2_b0.8_g0.0,7,261,223,38,0.8544061302681992,0.9915715640232591,0.5663713574368443,30,0.4252002065864149,0.2923372995653033,14760.681841703281,67.7475478927203,113.622,"{'family': 'd_cheap', 'alpha': 0.2, 'beta': 0.8, 'gamma': 0.0}"
tune,drift,hetero,high,d_cheap_a0.4_b0.0_g0.6,7,261,200,61,0.7662835249042146,0.9704219810320615,0.4375426497995964,30,0.5735738146618062,0.33798192368318636,20867.404434683223,47.92162835249042,118.262,"{'family': 'd_cheap', 'alpha': 0.4, 'beta': 0.0, 'gamma': 0.6}"
tune,drift,hetero,high,d_cheap_a0.4_b0.2_g0.4,7,261,208,53,0.7969348659003831,0.9723722591461709,0.44547699480097136,30,0.5645570766656355,0.3335836729748937,17141.178489515412,58.339045977011494,137.227,"{'family': 'd_cheap', 'alpha': 0.4, 'beta': 0.2, 'gamma': 0.4}"
tune,drift,hetero,high,d_cheap_a0.4_b0.4_g0.2,7,261,209,52,0.8007662835249042,0.9751785287123641,0.45192286567517687,30,0.551274884952868,0.33048268676345605,16462.45443968428,60.74428352490421,142.757,"{'family': 'd_cheap', 'alpha': 0.4, 'beta': 0.4, 'gamma': 0.2}"
tune,drift,hetero,high,d_cheap_a0.4_b0.6_g0.0,7,261,215,46,0.8237547892720306,0.991684565030449,0.5091502955584822,30,0.48253426947196676,0.3008871277304065,18467.3095365894,54.14973946360153,105.838,"{'family': 'd_cheap', 'alpha': 0.4, 'beta': 0.6, 'gamma': 0.0}"
tune,drift,hetero,high,d_cheap_a0.6_b0.0_g0.4,7,261,200,61,0.7662835249042146,0.9704219810320615,0.4375426497995964,30,0.5735738146618062,0.33798192368318636,21058.82140312103,47.48603831417624,117.039,"{'family': 'd_cheap', 'alpha': 0.6, 'beta': 0.0, 'gamma': 0.4}"
tune,drift,hetero,high,d_cheap_a0.6_b0.2_g0.2,7,261,205,56,0.7854406130268199,0.970490122948635,0.4402508558817805,30,0.5698410752193713,0.33555671024376366,17725.218768928546,56.41679310344828,137.408,"{'family': 'd_cheap', 'alpha': 0.6, 'beta': 0.2, 'gamma': 0.2}"
tune,drift,hetero,high,d_cheap_a0.6_b0.4_g0.0,7,261,205,56,0.7854406130268199,0.9716735603040086,0.440078154438182,30,0.5672088537715567,0.33026416039722023,22306.014590355597,44.83095785440613,106.389,"{'family': 'd_cheap', 'alpha': 0.6, 'beta': 0.4, 'gamma': 0.0}"
tune,drift,hetero,high,d_cheap_a0.8_b0.0_g0.2,7,261,200,61,0.7662835249042146,0.9704219810320615,0.4382141332574212,30,0.5729023312039814,0.33798192368318636,21196.73518301513,47.177076628352495,118.552,"{'family': 'd_cheap', 'alpha': 0.8, 'beta': 0.0, 'gamma': 0.2}"
tune,drift,hetero,high,d_cheap_a0.8_b0.2_g0.0,7,261,205,56,0.7854406130268199,0.970490122948635,0.4402508558817805,30,0.5698410752193713,0.33555671024376366,23010.21988777713,43.458950191570885,103.263,"{'family': 'd_cheap', 'alpha': 0.8, 'beta': 0.2, 'gamma': 0.0}"
tune,drift,hetero,high,d_capacity_a0.0_b0.4_g0.6,7,261,211,50,0.8084291187739464,0.9871324499677933,0.47455777633776147,30,0.5213564478363046,0.31798678406061287,10712.577242915078,93.3482183908046,202.639,"{'family': 'd_capacity', 'alpha': 0.0, 'beta': 0.4, 'gamma': 0.6}"
tune,drift,hetero,high,d_capacity_a0.0_b0.6_g0.4,7,261,220,41,0.842911877394636,0.9919571359142371,0.5438085652465516,30,0.44814857066768543,0.30022944864078316,8491.759690748982,117.76122222222222,209.392,"{'family': 'd_capacity', 'alpha': 0.0, 'beta': 0.6, 'gamma': 0.4}"
tune,drift,hetero,high,d_capacity_a0.0_b0.8_g0.2,7,261,220,41,0.842911877394636,0.9923724902377914,0.5672808165332571,30,0.4250916737045343,0.30022944864078316,7737.628806320452,129.23855938697318,216.264,"{'family': 'd_capacity', 'alpha': 0.0, 'beta': 0.8, 'gamma': 0.2}"
tune,drift,hetero,high,d_capacity_a0.0_b1.0_g0.0,7,261,219,42,0.8390804597701149,0.989047119223087,0.571514918744093,30,0.4179057481748249,0.2975987322822899,13915.61305659853,71.86172796934866,119.703,"{'family': 'd_capacity', 'alpha': 0.0, 'beta': 1.0, 'gamma': 0.0}"
tune,drift,hetero,high,d_capacity_a0.2_b0.2_g0.6,7,261,206,55,0.789272030651341,0.9708299596146474,0.4408323102392315,30,0.567090061734755,0.3366665655039397,12528.048308154277,79.82089272030652,194.444,"{'family': 'd_capacity', 'alpha': 0.2, 'beta': 0.2, 'gamma': 0.6}"
tune,drift,hetero,high,d_capacity_a0.2_b0.4_g0.4,7,261,208,53,0.7969348659003831,0.9766781401183251,0.45769178385126286,30,0.547005578182743,0.3278519704049627,11635.863282083821,85.94119540229885,199.783,"{'family': 'd_capacity', 'alpha': 0.2, 'beta': 0.4, 'gamma': 0.4}"
tune,drift,hetero,high,d_capacity_a0.2_b0.6_g0.2,7,261,217,44,0.8314176245210728,0.9910393778963528,0.5216976124746261,30,0.4693417654217266,0.30220248590965315,9301.883652823339,107.50510727969349,203.691,"{'family': 'd_capacity', 'alpha': 0.2, 'beta': 0.6, 'gamma': 0.2}"
tune,drift,hetero,high,d_capacity_a0.2_b0.8_g0.0,7,261,223,38,0.8544061302681992,0.9915715640232591,0.5663713574368443,30,0.4252002065864149,0.2923372995653033,14692.033861028784,68.06409578544061,113.152,"{'family': 'd_capacity', 'alpha': 0.2, 'beta': 0.8, 'gamma': 0.0}"
tune,drift,hetero,high,d_capacity_a0.4_b0.0_g0.6,7,261,207,54,0.7931034482758621,0.969722201096382,0.4354211822704976,30,0.5769745087969362,0.3386396027728097,14358.331922714326,69.64597318007664,174.777,"{'family': 'd_capacity', 'alpha': 0.4, 'beta': 0.0, 'gamma': 0.6}"
tune,drift,hetero,high,d_capacity_a0.4_b0.2_g0.4,7,261,204,57,0.7816091954022989,0.9710230831057801,0.44666680607903203,30,0.5629125481591104,0.3366665655039397,13152.481505393725,76.0312796934866,189.535,"{'family': 'd_capacity', 'alpha': 0.4, 'beta': 0.2, 'gamma': 0.4}"
tune,drift,hetero,high,d_capacity_a0.4_b0.4_g0.2,7,261,205,56,0.7854406130268199,0.9730866061106412,0.44924410296269984,30,0.557190758211401,0.33574411948044264,12578.181106338256,79.50275095785442,197.469,"{'family': 'd_capacity', 'alpha': 0.4, 'beta': 0.4, 'gamma': 0.2}"
tune,drift,hetero,high,d_capacity_a0.4_b0.6_g0.0,7,261,215,46,0.8237547892720306,0.991684565030449,0.5091502955584822,30,0.48253426947196676,0.3008871277304065,18795.09337164748,53.20537547892721,104.094,"{'family': 'd_capacity', 'alpha': 0.4, 'beta': 0.6, 'gamma': 0.0}"
tune,drift,hetero,high,d_capacity_a0.6_b0.0_g0.4,7,261,206,55,0.789272030651341,0.9689690031116338,0.43042457821794067,30,0.5812179148647449,0.33995496095205635,14586.133549632841,68.5582643678161,172.693,"{'family': 'd_capacity', 'alpha': 0.6, 'beta': 0.0, 'gamma': 0.4}"
tune,drift,hetero,high,d_capacity_a0.6_b0.2_g0.2,7,261,208,53,0.7969348659003831,0.9704877769859335,0.4332913057349488,30,0.5767982794035016,0.33555671024376366,12809.29163439396,78.06832950191571,192.53,"{'family': 'd_capacity', 'alpha': 0.6, 'beta': 0.2, 'gamma': 0.2}"
tune,drift,hetero,high,d_capacity_a0.6_b0.4_g0.0,7,261,205,56,0.7854406130268199,0.9716735603040086,0.440078154438182,30,0.5672088537715567,0.33026416039722023,22753.89819609536,43.948513409961684,104.746,"{'family': 'd_capacity', 'alpha': 0.6, 'beta': 0.4, 'gamma': 0.0}"
tune,drift,hetero,high,d_capacity_a0.8_b0.0_g0.2,7,261,204,57,0.7816091954022989,0.9734286019614895,0.4438032316396853,30,0.5665769451834747,0.33705947765968924,14888.253390543015,67.1670459770115,173.765,"{'family': 'd_capacity', 'alpha': 0.8, 'beta': 0.0, 'gamma': 0.2}"
tune,drift,hetero,high,d_capacity_a0.8_b0.2_g0.0,7,261,205,56,0.7854406130268199,0.970490122948635,0.4402508558817805,30,0.5698410752193713,0.33555671024376366,23383.20166918432,42.765743295019156,102.301,"{'family': 'd_capacity', 'alpha': 0.8, 'beta': 0.2, 'gamma': 0.0}"
tune,drift,hetero,high,binpack,8,249,196,53,0.7871485943775101,0.9644496182735737,0.3874241496497499,30,0.6266697744184176,0.4080244912765426,30285.567358142525,33.0190281124498,76.954,{}
tune,drift,hetero,high,hybrid_a0.1,8,249,212,37,0.8514056224899599,0.9886824369199373,0.4994146473910138,30,0.4892677895289234,0.3662363549307312,14401.720432993217,69.4361485943775,113.993,"{'family': 'hybrid', 'alpha': 0.1}"
tune,drift,hetero,high,hybrid_a0.2,8,249,212,37,0.8514056224899599,0.988867526668594,0.4920180941041607,30,0.4968494325644333,0.3662363549307311,14939.971912852803,66.93453012048192,114.504,"{'family': 'hybrid', 'alpha': 0.2}"
tune,drift,hetero,high,hybrid_a0.3,8,249,210,39,0.8433734939759037,0.9912026096695816,0.4713817112424096,30,0.5198208984271722,0.36685526474036917,15693.64294642915,63.72006827309237,108.773,"{'family': 'hybrid', 'alpha': 0.3}"
tune,drift,hetero,high,hybrid_a0.4,8,249,206,43,0.8273092369477911,0.9899181506953733,0.4358666957190937,30,0.5540514549762796,0.3736632726463867,17458.114023079346,57.27995582329317,105.438,"{'family': 'hybrid', 'alpha': 0.4}"
tune,drift,hetero,high,hybrid_a0.5,8,249,201,48,0.8072289156626506,0.9732580364489649,0.40198542240564356,30,0.6070424866039452,0.39470620617407726,20418.122141206648,48.97610040160642,103.664,"{'family': 'hybrid', 'alpha': 0.5}"
tune,drift,hetero,high,hybrid_a0.6,8,249,194,55,0.7791164658634538,0.9652497486344587,0.38160296733520294,30,0.6332175097191114,0.40616776184762876,22081.037585295766,45.28772690763052,105.969,"{'family': 'hybrid', 'alpha': 0.6}"
tune,drift,hetero,high,hybrid_a0.7,8,249,197,52,0.7911646586345381,0.9686904332724194,0.3883977831688836,30,0.6242235322326853,0.4049299422283528,22163.840628634167,45.11853413654619,106.439,"{'family': 'hybrid', 'alpha': 0.7}"
tune,drift,hetero,high,hybrid_a0.8,8,249,194,55,0.7791164658634538,0.9656382998560517,0.3878785815091624,30,0.6273435151436787,0.40616776184762876,22516.5449130468,44.41178714859438,103.904,"{'family': 'hybrid', 'alpha': 0.8}"
tune,drift,hetero,high,hybrid_a0.9,8,249,197,52,0.7911646586345381,0.9664698105242084,0.3942742021006433,30,0.6226747837743475,0.41265459065357807,22516.109191012474,44.41264658634538,105.918,"{'family': 'hybrid', 'alpha': 0.9}"
tune,drift,hetero,high,balance_l0.05,8,249,190,59,0.7630522088353414,0.960860002196844,0.3819136014857574,30,0.6386821443824959,0.4231760574174233,27741.330917646457,36.047297188755024,90.679,"{'family': 'balance', 'lam': 0.05}"
tune,drift,hetero,high,balance_l0.1,8,249,192,57,0.7710843373493976,0.9583216237934212,0.3810399607155392,30,0.6407427935554286,0.42998406532344097,27119.642386672298,36.87364257028113,89.017,"{'family': 'balance', 'lam': 0.1}"
tune,drift,hetero,high,balance_l0.2,8,249,192,57,0.7710843373493976,0.9654340323884825,0.39181663215093027,30,0.6233108860877156,0.40678667165726673,26651.36799652355,37.521526104417674,87.243,"{'family': 'balance', 'lam': 0.2}"
tune,drift,hetero,high,balance_l0.4,8,249,199,50,0.7991967871485943,0.9665042065429202,0.3828522026151521,30,0.6339891118916113,0.4120356808439401,25774.118933999,38.79861044176707,89.808,"{'family': 'balance', 'lam': 0.4}"
tune,drift,hetero,high,balance_l0.8,8,249,207,42,0.8313253012048193,0.9920090265289616,0.4389341385868182,30,0.5530748879421434,0.3705687235981969,20678.011227080522,48.36055020080321,90.259,"{'family': 'balance', 'lam': 0.8}"
tune,drift,hetero,high,wmatch_l0.05,8,249,194,55,0.7791164658634538,0.9635564167577788,0.3873143611049005,30,0.6281770865605129,0.4098812207054565,18765.02473705038,53.29063052208835,132.077,"{'family': 'wmatch', 'lam': 0.05}"
tune,drift,hetero,high,wmatch_l0.1,8,249,194,55,0.7791164658634538,0.9635564167577788,0.3873143611049005,30,0.6281770865605129,0.4098812207054565,18792.80599310885,53.21185140562249,131.456,"{'family': 'wmatch', 'lam': 0.1}"
tune,drift,hetero,high,wmatch_l0.2,8,249,194,55,0.7791164658634538,0.9635564167577788,0.3873143611049005,30,0.6281770865605129,0.4098812207054565,18835.380439132146,53.09157429718875,128.991,"{'family': 'wmatch', 'lam': 0.2}"
tune,drift,hetero,high,wmatch_l0.4,8,249,194,55,0.7791164658634538,0.9635564167577788,0.3873143611049005,30,0.6281770865605129,0.4098812207054565,18867.87877759181,53.00012851405622,131.116,"{'family': 'wmatch', 'lam': 0.4}"
tune,drift,hetero,high,wmatch_l0.8,8,249,194,55,0.7791164658634538,0.9664082560255902,0.3886841131774727,30,0.6252338454639793,0.41636804951140577,18771.34675291133,53.2726827309237,134.171,"{'family': 'wmatch', 'lam': 0.8}"
tune,drift,hetero,high,d_cheap_a0.0_b0.4_g0.6,8,249,207,42,0.8313253012048193,0.9848329769809516,0.43600877557857554,30,0.5587798880215881,0.37613891188493853,13671.496237099103,73.14488353413655,141.625,"{'family': 'd_cheap', 'alpha': 0.0, 'beta': 0.4, 'gamma': 0.6}"
tune,drift,hetero,high,d_cheap_a0.0_b0.6_g0.4,8,249,214,35,0.8594377510040161,0.9896236944402308,0.4664323318982341,30,0.5231913625419967,0.3600472568343516,11713.613166063564,85.37075502008032,145.142,"{'family': 'd_cheap', 'alpha': 0.0, 'beta': 0.6, 'gamma': 0.4}"
tune,drift,hetero,high,d_cheap_a0.0_b0.8_g0.2,8,249,214,35,0.8594377510040161,0.9898501775558823,0.5100129476921647,30,0.4798372298637178,0.3600472568343516,10623.712621491113,94.12905220883535,154.118,"{'family': 'd_cheap', 'alpha': 0.0, 'beta': 0.8, 'gamma': 0.2}"
tune,drift,hetero,high,d_cheap_a0.0_b1.0_g0.0,8,249,212,37,0.8514056224899599,0.9856111444471162,0.49069174599621185,30,0.4949193984509043,0.3662363549307312,13739.952039290303,72.78045783132531,119.424,"{'family': 'd_cheap', 'alpha': 0.0, 'beta': 1.0, 'gamma': 0.0}"
tune,drift,hetero,high,d_cheap_a0.2_b0.2_g0.6,8,249,196,53,0.7871485943775101,0.9684124846570044,0.3911269913492577,30,0.6221085223066906,0.40832222198611234,15981.560488345143,62.5721124497992,140.834,"{'family': 'd_cheap', 'alpha': 0.2, 'beta': 0.2, 'gamma': 0.6}"
tune,drift,hetero,high,d_cheap_a0.2_b0.4_g0.4,8,249,197,52,0.7911646586345381,0.9758480395321244,0.40485899992498625,30,0.6007558505698898,0.3888634165963497,15155.836695311806,65.98118072289157,140.183,"{'family': 'd_cheap', 'alpha': 0.2, 'beta': 0.4, 'gamma': 0.4}"
tune,drift,hetero,high,d_cheap_a0.2_b0.6_g0.2,8,249,211,38,0.8473895582329317,0.9919558420987873,0.4503888916514969,30,0.5415669504472903,0.36561744512109323,12058.416782178067,82.92962650602409,142.307,"{'family': 'd_cheap', 'alpha': 0.2, 'beta': 0.6, 'gamma': 0.2}"
tune,drift,hetero,high,d_cheap_a0.2_b0.8_g0.0,8,249,212,37,0.8514056224899599,0.988867526668594,0.4920180941041607,30,0.4968494325644333,0.3662363549307311,14845.91283970534,67.3586064257028,111.759,"{'family': 'd_cheap', 'alpha': 0.2, 'beta': 0.8, 'gamma': 0.0}"
tune,drift,hetero,high,d_cheap_a0.4_b0.0_g0.6,8,249,198,51,0.7951807228915663,0.9647212220133653,0.38799230531368334,30,0.6269663263425596,0.4151302298921299,19549.90773464227,51.15113654618474,120.385,"{'family': 'd_cheap', 'alpha': 0.4, 'beta': 0.0, 'gamma': 0.6}"
tune,drift,hetero,high,d_cheap_a0.4_b0.2_g0.4,8,249,195,54,0.7831325301204819,0.9681402382199702,0.3886502906019326,30,0.6241650013281446,0.40616776184762876,16911.350361818,59.13188353413655,141.314,"{'family': 'd_cheap', 'alpha': 0.4, 'beta': 0.2, 'gamma': 0.4}"
tune,drift,hetero,high,d_cheap_a0.4_b0.4_g0.2,8,249,200,49,0.8032128514056225,0.972533342743703,0.39982558626723,30,0.6078845251888133,0.3959440257933532,15767.33742228729,63.422248995983935,143.278,"{'family': 'd_cheap', 'alpha': 0.4, 'beta': 0.4, 'gamma': 0.2}"
tune,drift,hetero,high,d_cheap_a0.4_b0.6_g0.0,8,249,206,43,0.8273092369477911,0.9899181506953733,0.4358666957190937,30,0.5540514549762796,0.3736632726463867,17340.164940484585,57.66957831325301,106.619,"{'family': 'd_cheap', 'alpha': 0.4, 'beta': 0.6, 'gamma': 0.0}"
tune,drift,hetero,high,d_cheap_a0.6_b0.0_g0.4,8,249,198,51,0.7951807228915663,0.9647212220133653,0.38799230531368334,30,0.6269663263425596,0.4151302298921299,19686.886786090432,50.79523293172691,123.08,"{'family': 'd_cheap', 'alpha': 0.6, 'beta': 0.0, 'gamma': 0.4}"
tune,drift,hetero,high,d_cheap_a0.6_b0.2_g0.2,8,249,193,56,0.7751004016064257,0.9687970074590376,0.38916914831503957,30,0.6247863276490145,0.4120356808439401,17263.04358135081,57.92721285140562,139.211,"{'family': 'd_cheap', 'alpha': 0.6, 'beta': 0.2, 'gamma': 0.2}"
tune,drift,hetero,high,d_cheap_a0.6_b0.4_g0.0,8,249,194,55,0.7791164658634538,0.9652497486344587,0.38160296733520294,30,0.6332175097191114,0.40616776184762876,22107.06032031266,45.234417670682724,105.848,"{'family': 'd_cheap', 'alpha': 0.6, 'beta': 0.4, 'gamma': 0.0}"
tune,drift,hetero,high,d_cheap_a0.8_b0.0_g0.2,8,249,198,51,0.7951807228915663,0.9647212220133653,0.38799230531368334,30,0.6269663263425596,0.4151302298921299,19831.09008396117,50.42587148594377,119.724,"{'family': 'd_cheap', 'alpha': 0.8, 'beta': 0.0, 'gamma': 0.2}"
tune,drift,hetero,high,d_cheap_a0.8_b0.2_g0.0,8,249,194,55,0.7791164658634538,0.9656382998560517,0.3878785815091624,30,0.6273435151436787,0.40616776184762876,22397.472197900825,44.64789558232931,105.858,"{'family': 'd_cheap', 'alpha': 0.8, 'beta': 0.2, 'gamma': 0.0}"
tune,drift,hetero,high,d_capacity_a0.0_b0.4_g0.6,8,249,209,40,0.8393574297188755,0.9928997716263709,0.43818265164490305,30,0.5547171199814678,0.36437962550181735,9555.397339324554,104.65289558232932,205.414,"{'family': 'd_capacity', 'alpha': 0.0, 'beta': 0.4, 'gamma': 0.6}"
tune,drift,hetero,high,d_capacity_a0.0_b0.6_g0.4,8,249,206,43,0.8273092369477911,0.9919240065080377,0.4534162225105719,30,0.5385077839974657,0.36994981378855896,8738.334980807775,114.43827710843372,205.866,"{'family': 'd_capacity', 'alpha': 0.0, 'beta': 0.6, 'gamma': 0.4}"
tune,drift,hetero,high,d_capacity_a0.0_b0.8_g0.2,8,249,212,37,0.8514056224899599,0.9904917008529173,0.5028275542361444,30,0.4876641466167728,0.3588094372150756,7847.272289727849,127.43281526104417,213.449,"{'family': 'd_capacity', 'alpha': 0.0, 'beta': 0.8, 'gamma': 0.2}"
tune,drift,hetero,high,d_capacity_a0.0_b1.0_g0.0,8,249,212,37,0.8514056224899599,0.9856111444471162,0.49069174599621185,30,0.4949193984509043,0.3662363549307312,13974.709255893315,71.55783935742973,115.907,"{'family': 'd_capacity', 'alpha': 0.0, 'beta': 1.0, 'gamma': 0.0}"
tune,drift,hetero,high,d_capacity_a0.2_b0.2_g0.6,8,249,192,57,0.7710843373493976,0.9626368491539747,0.3881109541520819,30,0.6295269417037288,0.4151302298921299,12334.865746380001,81.07100803212852,199.122,"{'family': 'd_capacity', 'alpha': 0.2, 'beta': 0.2, 'gamma': 0.6}"
tune,drift,hetero,high,d_capacity_a0.2_b0.4_g0.4,8,249,203,46,0.8152610441767069,0.9803259773693128,0.4067091072456874,30,0.5936914547190917,0.384531047928884,10719.484941233115,93.28806425702811,200.125,"{'family': 'd_capacity', 'alpha': 0.2, 'beta': 0.4, 'gamma': 0.4}"
tune,drift,hetero,high,d_capacity_a0.2_b0.6_g0.2,8,249,209,40,0.8393574297188755,0.992038614641206,0.4516282905613266,30,0.5404103240798793,0.36994981378855896,8835.822853036101,113.17565060240965,200.936,"{'family': 'd_capacity', 'alpha': 0.2, 'beta': 0.6, 'gamma': 0.2}"
tune,drift,hetero,high,d_capacity_a0.2_b0.8_g0.0,8,249,212,37,0.8514056224899599,0.988867526668594,0.4920180941041607,30,0.4968494325644333,0.3662363549307311,14868.713736237258,67.25531325301205,111.098,"{'family': 'd_capacity', 'alpha': 0.2, 'beta': 0.8, 'gamma': 0.0}"
tune,drift,hetero,high,d_capacity_a0.4_b0.0_g0.6,8,249,195,54,0.7831325301204819,0.9654800881107645,0.39168760519272233,30,0.6263206176739604,0.4151302298921299,13748.278842481055,72.73637751004016,182.772,"{'family': 'd_capacity', 'alpha': 0.4, 'beta': 0.0, 'gamma': 0.6}"
tune,drift,hetero,high,d_capacity_a0.4_b0.2_g0.4,8,249,196,53,0.7871485943775101,0.9647398540858025,0.38501190400422275,30,0.6300650580454229,0.41574913970176786,12116.321945953321,82.53329718875503,204.162,"{'family': 'd_capacity', 'alpha': 0.4, 'beta': 0.2, 'gamma': 0.4}"
tune,drift,hetero,high,d_capacity_a0.4_b0.4_g0.2,8,249,193,56,0.7751004016064257,0.9646029710774298,0.3811928482004335,30,0.6332272158082265,0.41574913970176786,12029.899082191168,83.12621686746988,203.14,"{'family': 'd_capacity', 'alpha': 0.4, 'beta': 0.4, 'gamma': 0.2}"
tune,drift,hetero,high,d_capacity_a0.4_b0.6_g0.0,8,249,206,43,0.8273092369477911,0.9899181506953733,0.4358666957190937,30,0.5540514549762796,0.3736632726463867,17227.253487342674,58.04755823293173,106.96,"{'family': 'd_capacity', 'alpha': 0.4, 'beta': 0.6, 'gamma': 0.0}"
tune,drift,hetero,high,d_capacity_a0.6_b0.0_g0.4,8,249,195,54,0.7831325301204819,0.9647950969858617,0.3899336418280738,30,0.6253406305085704,0.4151302298921299,13875.270567776071,72.07066666666667,185.417,"{'family': 'd_capacity', 'alpha': 0.6, 'beta': 0.0, 'gamma': 0.4}"
tune,drift,hetero,high,d_capacity_a0.6_b0.2_g0.2,8,249,196,53,0.7871485943775101,0.964658145615288,0.39117004873688754,30,0.6238252048422435,0.41574913970176786,12366.651858139106,80.86263052208835,200.735,"{'family': 'd_capacity', 'alpha': 0.6, 'beta': 0.2, 'gamma': 0.2}"
tune,drift,hetero,high,d_capacity_a0.6_b0.4_g0.0,8,249,194,55,0.7791164658634538,0.9652497486344587,0.38160296733520294,30,0.6332175097191114,0.40616776184762876,22002.97208017247,45.448405622489965,104.636,"{'family': 'd_capacity', 'alpha': 0.6, 'beta': 0.4, 'gamma': 0.0}"
tune,drift,hetero,high,d_capacity_a0.8_b0.0_g0.2,8,249,193,56,0.7751004016064257,0.9645988024327458,0.3894400357000421,30,0.6250448382352024,0.4074055814669047,14001.732166094956,71.41973493975902,180.408,"{'family': 'd_capacity', 'alpha': 0.8, 'beta': 0.0, 'gamma': 0.2}"
tune,drift,hetero,high,d_capacity_a0.8_b0.2_g0.0,8,249,194,55,0.7791164658634538,0.9656382998560517,0.3878785815091624,30,0.6273435151436787,0.40616776184762876,22380.545858817044,44.68166265060241,105.788,"{'family': 'd_capacity', 'alpha': 0.8, 'beta': 0.2, 'gamma': 0.0}"
tune,drift,hetero,high,binpack,9,253,194,59,0.766798418972332,0.9458138593548339,0.4182075529798259,30,0.6159337916705478,0.3710283307280804,30935.38454089138,32.325442687747035,78.005,{}
tune,drift,hetero,high,hybrid_a0.1,9,253,213,40,0.841897233201581,0.9901383840342948,0.5413495430988738,30,0.4487888409354211,0.3232969464774782,14110.901647573259,70.86719367588933,119.013,"{'family': 'hybrid', 'alpha': 0.1}"
tune,drift,hetero,high,hybrid_a0.2,9,253,209,44,0.8260869565217391,0.9897694980058399,0.51686265438553,30,0.4729068436203098,0.33038621656199985,14845.054305614369,67.36250197628459,114.565,"{'family': 'hybrid', 'alpha': 0.2}"
tune,drift,hetero,high,hybrid_a0.3,9,253,209,44,0.8260869565217391,0.9897667919136485,0.5126981878318099,30,0.4770686040818386,0.33038621656199985,15518.399178371303,64.43963636363637,112.701,"{'family': 'hybrid', 'alpha': 0.3}"
tune,drift,hetero,high,hybrid_a0.4,9,253,208,45,0.8221343873517787,0.9901673305886394,0.4888455086933544,30,0.501321821895285,0.329741737463407,16778.652566762456,59.59954150197629,109.244,"{'family': 'hybrid', 'alpha': 0.4}"
tune,drift,hetero,high,hybrid_a0.5,9,253,201,52,0.7944664031620553,0.9764688572356495,0.4299863909831254,30,0.5716793023548816,0.35543568352438715,21056.39869000903,47.49150197628458,106.75,"{'family': 'hybrid', 'alpha': 0.5}"
tune,drift,hetero,high,hybrid_a0.6,9,253,196,57,0.7747035573122529,0.9619075295357316,0.42065815899009545,30,0.5974435268809116,0.36445839090468746,22469.114071251606,44.505537549407116,107.782,"{'family': 'hybrid', 'alpha': 0.6}"
tune,drift,hetero,high,hybrid_a0.7,9,253,189,64,0.7470355731225297,0.9426469060124322,0.39714984837034945,30,0.6364051018172486,0.38206969328689433,23101.229588054855,43.28773913043479,107.771,"{'family': 'hybrid', 'alpha': 0.7}"
tune,drift,hetero,high,hybrid_a0.8,9,253,198,55,0.782608695652174,0.9461494173152812,0.413905466956604,30,0.620639973680443,0.375431277528051,22209.51100801684,45.025754940711465,106.499,"{'family': 'hybrid', 'alpha': 0.8}"
tune,drift,hetero,high,hybrid_a0.9,9,253,193,60,0.7628458498023716,0.9461401923156918,0.4182391258882739,30,0.6162285517229578,0.37038385162948756,22888.25744639602,43.690525691699605,105.807,"{'family': 'hybrid', 'alpha': 0.9}"
tune,drift,hetero,high,balance_l0.05,9,253,194,59,0.766798418972332,0.9457294503105803,0.4180583203811149,30,0.6159986152250052,0.3710283307280804,27494.282982245102,36.371197628458496,88.887,"{'family': 'balance', 'lam': 0.05}"
tune,drift,hetero,high,balance_l0.1,9,253,195,58,0.7707509881422925,0.9447791561205549,0.4109994215313984,30,0.6246877787643225,0.37820281869533706,27087.449314082616,36.91746640316206,90.159,"{'family': 'balance', 'lam': 0.1}"
tune,drift,hetero,high,balance_l0.2,9,253,200,53,0.7905138339920948,0.949617967273959,0.41717958594343163,30,0.6155482758257672,0.3722940999178216,26571.47985393458,37.634335968379446,92.243,"{'family': 'balance', 'lam': 0.2}"
tune,drift,hetero,high,balance_l0.4,9,253,200,53,0.7905138339920948,0.9620850844952623,0.4217380655871862,30,0.5973639883680976,0.36254244665452484,25551.645379520207,39.13642292490118,92.574,"{'family': 'balance', 'lam': 0.4}"
tune,drift,hetero,high,balance_l0.8,9,253,209,44,0.8260869565217391,0.9898559754981119,0.4850411644833812,30,0.5048148110147308,0.3303862165619998,20675.99385538883,48.36526877470356,90.139,"{'family': 'balance', 'lam': 0.8}"
tune,drift,hetero,high,wmatch_l0.05,9,253,194,59,0.766798418972332,0.9458138593548339,0.4182075529798259,30,0.6159337916705478,0.3710283307280804,18995.789466887298,52.64324505928854,131.686,"{'family': 'wmatch', 'lam': 0.05}"
tune,drift,hetero,high,wmatch_l0.1,9,253,194,59,0.766798418972332,0.9458138593548339,0.4182075529798259,30,0.6159337916705478,0.3710283307280804,19012.061161425023,52.59818972332016,129.392,"{'family': 'wmatch', 'lam': 0.1}"
tune,drift,hetero,high,wmatch_l0.2,9,253,194,59,0.766798418972332,0.9458138593548339,0.4182075529798259,30,0.6159337916705478,0.3710283307280804,19061.47907132474,52.46182608695652,132.448,"{'family': 'wmatch', 'lam': 0.2}"
tune,drift,hetero,high,wmatch_l0.4,9,253,194,59,0.766798418972332,0.9458138593548339,0.4182075529798259,30,0.6159337916705478,0.3710283307280804,19116.53066854437,52.31074703557312,130.674,"{'family': 'wmatch', 'lam': 0.4}"
tune,drift,hetero,high,wmatch_l0.8,9,253,194,59,0.766798418972332,0.9457294503105803,0.4180583203811149,30,0.6159986152250052,0.3710283307280804,19001.089445863643,52.62856126482214,131.376,"{'family': 'wmatch', 'lam': 0.8}"
tune,drift,hetero,high,d_cheap_a0.0_b0.4_g0.6,9,253,208,45,0.8221343873517787,0.9872125929353961,0.46441065407948035,30,0.5289490156722063,0.3354568314680079,14141.402510764094,70.71434387351779,144.3,"{'family': 'd_cheap', 'alpha': 0.0, 'beta': 0.4, 'gamma': 0.6}"
tune,drift,hetero,high,d_cheap_a0.0_b0.6_g0.4,9,253,212,41,0.8379446640316206,0.9913003894709721,0.5076130615259024,30,0.48368732794506986,0.32845277926622124,11172.193620032722,89.50793675889328,148.118,"{'family': 'd_cheap', 'alpha': 0.0, 'beta': 0.6, 'gamma': 0.4}"
tune,drift,hetero,high,d_cheap_a0.0_b0.8_g0.2,9,253,217,36,0.857707509881423,0.9932247585590672,0.5381663773965322,30,0.4550583811625351,0.3220079882802924,10384.130323544465,96.30079446640316,155.481,"{'family': 'd_cheap', 'alpha': 0.0, 'beta': 0.8, 'gamma': 0.2}"
tune,drift,hetero,high,d_cheap_a0.0_b1.0_g0.0,9,253,216,37,0.8537549407114624,0.9903503575607723,0.5444541787574297,30,0.4458961788033426,0.31943007188592093,13479.39743363994,74.18729249011858,119.143,"{'family': 'd_cheap', 'alpha': 0.0, 'beta': 1.0, 'gamma': 0.0}"
tune,drift,hetero,high,d_cheap_a0.2_b0.2_g0.6,9,253,198,55,0.782608695652174,0.947921642205556,0.4104819908457227,30,0.621011609980847,0.3760757566266439,16695.66410963442,59.895790513833994,139.571,"{'family': 'd_cheap', 'alpha': 0.2, 'beta': 0.2, 'gamma': 0.6}"
tune,drift,hetero,high,d_cheap_a0.2_b0.4_g0.4,9,253,204,49,0.8063241106719368,0.9720278718312115,0.43665543498562914,30,0.5682905767339225,0.35294223391441926,15389.127781949806,64.98094071146245,146.023,"{'family': 'd_cheap', 'alpha': 0.2, 'beta': 0.4, 'gamma': 0.4}"
tune,drift,hetero,high,d_cheap_a0.2_b0.6_g0.2,9,253,209,44,0.8260869565217391,0.9914051686622511,0.5031397042697182,30,0.48826546439253293,0.32845277926622124,11806.599683891127,84.69839130434782,145.903,"{'family': 'd_cheap', 'alpha': 0.2, 'beta': 0.6, 'gamma': 0.2}"
tune,drift,hetero,high,d_cheap_a0.2_b0.8_g0.0,9,253,209,44,0.8260869565217391,0.9897694980058399,0.51686265438553,30,0.4729068436203098,0.33038621656199985,14323.834611683673,69.81370750988143,119.003,"{'family': 'd_cheap', 'alpha': 0.2, 'beta': 0.8, 'gamma': 0.0}"
tune,drift,hetero,high,d_cheap_a0.4_b0.0_g0.6,9,253,196,57,0.7747035573122529,0.9469603548750418,0.41813719384577475,30,0.6148465841252037,0.37949252799085414,19497.679660521506,51.288154150197634,125.114,"{'family': 'd_cheap', 'alpha': 0.4, 'beta': 0.0, 'gamma': 0.6}"
tune,drift,hetero,high,d_cheap_a0.4_b0.2_g0.4,9,253,198,55,0.782608695652174,0.9479471476951894,0.41014655760962154,30,0.6213725487065817,0.3760757566266439,16683.255405605545,59.94033992094862,143.839,"{'family': 'd_cheap', 'alpha': 0.4, 'beta': 0.2, 'gamma': 0.4}"
tune,drift,hetero,high,d_cheap_a0.4_b0.4_g0.2,9,253,195,58,0.7707509881422925,0.9585367827630102,0.4131387713148697,30,0.6089127974438483,0.3676982794432679,17027.303381925307,58.72920553359684,143.599,"{'family': 'd_cheap', 'alpha': 0.4, 'beta': 0.4, 'gamma': 0.2}"
tune,drift,hetero,high,d_cheap_a0.4_b0.6_g0.0,9,253,208,45,0.8221343873517787,0.9901673305886394,0.4888455086933544,30,0.501321821895285,0.329741737463407,16942.07017365287,59.02466403162055,108.974,"{'family': 'd_cheap', 'alpha': 0.4, 'beta': 0.6, 'gamma': 0.0}"
tune,drift,hetero,high,d_cheap_a0.6_b0.0_g0.4,9,253,194,59,0.766798418972332,0.9457294503105803,0.4180583203811149,30,0.6159986152250052,0.3710283307280804,19944.42206937805,50.13933201581028,121.507,"{'family': 'd_cheap', 'alpha': 0.6, 'beta': 0.0, 'gamma': 0.4}"
tune,drift,hetero,high,d_cheap_a0.6_b0.2_g0.2,9,253,198,55,0.782608695652174,0.9467426619424607,0.4081686348157818,30,0.6223085098176105,0.37800919392242255,17071.367154028332,58.57761660079051,141.685,"{'family': 'd_cheap', 'alpha': 0.6, 'beta': 0.2, 'gamma': 0.2}"
tune,drift,hetero,high,d_cheap_a0.6_b0.4_g0.0,9,253,196,57,0.7747035573122529,0.9619075295357316,0.42065815899009545,30,0.5974435268809116,0.36445839090468746,22582.490804106263,44.28209486166008,106.309,"{'family': 'd_cheap', 'alpha': 0.6, 'beta': 0.4, 'gamma': 0.0}"
tune,drift,hetero,high,d_cheap_a0.8_b0.0_g0.2,9,253,194,59,0.766798418972332,0.9458138593548339,0.4182075529798259,30,0.6159337916705478,0.3710283307280804,20216.476108400264,49.464604743083,119.444,"{'family': 'd_cheap', 'alpha': 0.8, 'beta': 0.0, 'gamma': 0.2}"
tune,drift,hetero,high,d_cheap_a0.8_b0.2_g0.0,9,253,198,55,0.782608695652174,0.9461494173152812,0.413905466956604,30,0.620639973680443,0.375431277528051,22416.83818205999,44.609324110671935,103.604,"{'family': 'd_cheap', 'alpha': 0.8, 'beta': 0.2, 'gamma': 0.0}"
tune,drift,hetero,high,d_capacity_a0.0_b0.4_g0.6,9,253,211,42,0.83399209486166,0.9906575709614176,0.4775814374791187,30,0.5130838073673706,0.329741737463407,9785.581660969046,102.19116600790514,209.793,"{'family': 'd_capacity', 'alpha': 0.0, 'beta': 0.4, 'gamma': 0.6}"
tune,drift,hetero,high,d_capacity_a0.0_b0.6_g0.4,9,253,217,36,0.857707509881423,0.9929031165138589,0.5196438061303913,30,0.47325931038346764,0.31814111368873516,8031.472451747914,124.5101699604743,209.532,"{'family': 'd_capacity', 'alpha': 0.0, 'beta': 0.6, 'gamma': 0.4}"
tune,drift,hetero,high,d_capacity_a0.0_b0.8_g0.2,9,253,218,35,0.8616600790513834,0.9886825572487337,0.5269844657531758,30,0.46169809149555796,0.31878559278732804,7386.495331895527,135.3822015810277,215.793,"{'family': 'd_capacity', 'alpha': 0.0, 'beta': 0.8, 'gamma': 0.2}"
tune,drift,hetero,high,d_capacity_a0.0_b1.0_g0.0,9,253,216,37,0.8537549407114624,0.9903503575607723,0.5444541787574297,30,0.4458961788033426,0.31943007188592093,13592.695575518492,73.56892490118578,114.494,"{'family': 'd_capacity', 'alpha': 0.0, 'beta': 1.0, 'gamma': 0.0}"
tune,drift,hetero,high,d_capacity_a0.2_b0.2_g0.6,9,253,200,53,0.7905138339920948,0.9502032546518698,0.42166024593445617,30,0.6093115448688098,0.37414307042919664,12175.053594297186,82.13516205533597,203.581,"{'family': 'd_capacity', 'alpha': 0.2, 'beta': 0.2, 'gamma': 0.6}"
tune,drift,hetero,high,d_capacity_a0.2_b0.4_g0.4,9,253,205,48,0.8102766798418972,0.9772941403144934,0.43823831475823877,30,0.5623036479308026,0.3535022462286085,11195.671620596479,89.32023320158102,206.706,"{'family': 'd_capacity', 'alpha': 0.2, 'beta': 0.4, 'gamma': 0.4}"
tune,drift,hetero,high,d_capacity_a0.2_b0.6_g0.2,9,253,209,44,0.8260869565217391,0.9911551708073648,0.49922774284615196,30,0.4919274279612128,0.32845277926622124,8510.596213686204,117.50058102766799,207.819,"{'family': 'd_capacity', 'alpha': 0.2, 'beta': 0.6, 'gamma': 0.2}"
tune,drift,hetero,high,d_capacity_a0.2_b0.8_g0.0,9,253,209,44,0.8260869565217391,0.9897694980058399,0.51686265438553,30,0.4729068436203098,0.33038621656199985,14889.43680970099,67.16170750988142,113.302,"{'family': 'd_capacity', 'alpha': 0.2, 'beta': 0.8, 'gamma': 0.0}"
tune,drift,hetero,high,d_capacity_a0.4_b0.0_g0.6,9,253,195,58,0.7707509881422925,0.9461117328579,0.41601716918877274,30,0.6161179867650638,0.38078148618803986,13999.52014293012,71.43101976284585,180.718,"{'family': 'd_capacity', 'alpha': 0.4, 'beta': 0.0, 'gamma': 0.6}"
tune,drift,hetero,high,d_capacity_a0.4_b0.2_g0.4,9,253,193,60,0.7628458498023716,0.9451410099166152,0.4043762671278253,30,0.6297459139181095,0.37553968441823055,12711.900599971561,78.66644268774704,199.423,"{'family': 'd_capacity', 'alpha': 0.4, 'beta': 0.2, 'gamma': 0.4}"
tune,drift,hetero,high,d_capacity_a0.4_b0.4_g0.2,9,253,200,53,0.7905138339920948,0.9633043672022776,0.4191185318537244,30,0.5982333888465591,0.36262691343892844,11893.366054349486,84.0804861660079,206.967,"{'family': 'd_capacity', 'alpha': 0.4, 'beta': 0.4, 'gamma': 0.2}"
tune,drift,hetero,high,d_capacity_a0.4_b0.6_g0.0,9,253,208,45,0.8221343873517787,0.9901673305886394,0.4888455086933544,30,0.501321821895285,0.329741737463407,16807.209482401722,59.498276679841894,107.932,"{'family': 'd_capacity', 'alpha': 0.4, 'beta': 0.6, 'gamma': 0.0}"
tune,drift,hetero,high,d_capacity_a0.6_b0.0_g0.4,9,253,194,59,0.766798418972332,0.9458138593548339,0.4182075529798259,30,0.6159337916705478,0.3710283307280804,14196.674443040054,70.43903162055337,184.876,"{'family': 'd_capacity', 'alpha': 0.6, 'beta': 0.0, 'gamma': 0.4}"
tune,drift,hetero,high,d_capacity_a0.6_b0.2_g0.2,9,253,194,59,0.766798418972332,0.9436685997739528,0.4059005378781093,30,0.6315484696311149,0.3756249023009655,12558.561116510686,79.62695652173913,200.375,"{'family': 'd_capacity', 'alpha': 0.6, 'beta': 0.2, 'gamma': 0.2}"
tune,drift,hetero,high,d_capacity_a0.6_b0.4_g0.0,9,253,196,57,0.7747035573122529,0.9619075295357316,0.42065815899009545,30,0.5974435268809116,0.36445839090468746,22445.06813541988,44.553217391304344,109.435,"{'family': 'd_capacity', 'alpha': 0.6, 'beta': 0.4, 'gamma': 0.0}"
tune,drift,hetero,high,d_capacity_a0.8_b0.0_g0.2,9,253,194,59,0.766798418972332,0.9458138593548339,0.4182075529798259,30,0.6159337916705478,0.3710283307280804,14071.038388128625,71.06796047430831,183.864,"{'family': 'd_capacity', 'alpha': 0.8, 'beta': 0.0, 'gamma': 0.2}"
tune,drift,hetero,high,d_capacity_a0.8_b0.2_g0.0,9,253,198,55,0.782608695652174,0.9461494173152812,0.413905466956604,30,0.620639973680443,0.375431277528051,21991.28953705728,45.47254940711463,106.179,"{'family': 'd_capacity', 'alpha': 0.8, 'beta': 0.2, 'gamma': 0.0}"
