split,family,cluster_config,load,policy,seed,submitted,placed,rejected,admission_rate,mean_cpu_util,mean_ram_util,active_nodes,free_imbalance,stranded_frac,decisions_per_sec,mean_latency_us,p95_latency_us,params
tune,bimodal,hetero,high,binpack,0,255,224,31,0.8784313725490196,0.9429402127591263,0.6876747170902974,30,0.34904823254271716,0.2502223700766587,10642.635290118864,93.96169019607844,219.271,{}
tune,bimodal,hetero,high,hybrid_a0.1,0,255,237,18,0.9294117647058824,0.9814903132580177,0.7334183723768696,30,0.250796408976726,0.07218573976825733,6230.814588843939,160.4926588235294,272.029,"{'family': 'hybrid', 'alpha': 0.1}"
tune,bimodal,hetero,high,hybrid_a0.2,0,255,233,22,0.9137254901960784,0.9733083797491076,0.7319910731853685,30,0.25611418736332553,0.13532939974086972,6644.917720674394,150.4909529411765,253.845,"{'family': 'hybrid', 'alpha': 0.2}"
tune,bimodal,hetero,high,hybrid_a0.3,0,255,232,23,0.9098039215686274,0.9857279851111964,0.6836549903980209,30,0.30363709794499655,0.18563794590741736,7207.134079176557,138.75140784313726,254.416,"{'family': 'hybrid', 'alpha': 0.3}"
tune,bimodal,hetero,high,hybrid_a0.4,0,255,230,25,0.9019607843137255,0.9744488220176798,0.6884738293633992,30,0.3169952191582868,0.21608210299328529,7754.328519395506,128.96023137254903,249.677,"{'family': 'hybrid', 'alpha': 0.4}"
tune,bimodal,hetero,high,hybrid_a0.5,0,255,225,30,0.8823529411764706,0.9409582066222559,0.6803158296120171,30,0.35605437635596565,0.2468661586624987,8394.902536169191,119.11990588235294,241.061,"{'family': 'hybrid', 'alpha': 0.5}"
tune,bimodal,hetero,high,hybrid_a0.6,0,255,223,32,0.8745098039215686,0.9308062008040029,0.6641068149463945,30,0.3771083506275698,0.19848463862228383,8514.472048140224,117.44709411764707,239.478,"{'family': 'hybrid', 'alpha': 0.6}"
tune,bimodal,hetero,high,hybrid_a0.7,0,255,225,30,0.8823529411764706,0.9438725001346999,0.6881506356264129,30,0.3459849647447395,0.23194621027431908,8535.020326401936,117.16433725490195,240.701,"{'family': 'hybrid', 'alpha': 0.7}"
tune,bimodal,hetero,high,hybrid_a0.8,0,255,224,31,0.8784313725490196,0.9404060601706238,0.6825165023768229,30,0.3529370683545967,0.23566390086553027,8644.39599062744,115.68188235294117,239.809,"{'family': 'hybrid', 'alpha': 0.8}"
tune,bimodal,hetero,high,hybrid_a0.9,0,255,225,30,0.8823529411764706,0.9474739101408168,0.6874510783668248,30,0.34736187432877563,0.2448524318140027,8423.921876746725,118.70955294117647,244.747,"{'family': 'hybrid', 'alpha': 0.9}"
tune,bimodal,hetero,high,balance_l0.05,0,255,223,32,0.8745098039215686,0.9329452748570088,0.6814284239518174,30,0.3577545852276904,0.17910798041334658,9955.352003092952,100.44848235294118,228.166,"{'family': 'balance', 'lam': 0.05}"
tune,bimodal,hetero,high,balance_l0.1,0,255,216,39,0.8470588235294118,0.9237435149554394,0.6659261027623771,30,0.38744881987666474,0.2690171539959546,10675.763701222802,93.6701137254902,207.659,"{'family': 'balance', 'lam': 0.1}"
tune,bimodal,hetero,high,balance_l0.2,0,255,223,32,0.8745098039215686,0.9347265798779066,0.6759127101515392,30,0.3599933602864744,0.22732888410598318,10375.961785536194,96.37660784313726,200.225,"{'family': 'balance', 'lam': 0.2}"
tune,bimodal,hetero,high,balance_l0.4,0,255,227,28,0.8901960784313725,0.9597384350423309,0.6892087988487019,30,0.32680005734700107,0.23814000898568274,9869.704801773945,101.32015294117646,203.852,"{'family': 'balance', 'lam': 0.4}"
tune,bimodal,hetero,high,balance_l0.8,0,255,228,27,0.8941176470588236,0.9781240639620447,0.6999031500953603,30,0.2989209831739974,0.23277007072302675,9555.042647527704,104.65678039215686,201.286,"{'family': 'balance', 'lam': 0.8}"
tune,bimodal,hetero,high,wmatch_l0.05,0,255,224,31,0.8784313725490196,0.9429402127591263,0.6876747170902974,30,0.34904823254271716,0.2502223700766587,7130.755431950823,140.23759607843138,311.152,"{'family': 'wmatch', 'lam': 0.05}"
tune,bimodal,hetero,high,wmatch_l0.1,0,255,224,31,0.8784313725490196,0.9429402127591263,0.6876747170902974,30,0.34904823254271716,0.2502223700766587,7214.129713277385,138.6168588235294,286.486,"{'family': 'wmatch', 'lam': 0.1}"
tune,bimodal,hetero,high,wmatch_l0.2,0,255,224,31,0.8784313725490196,0.9429402127591263,0.6876747170902974,30,0.34904823254271716,0.2502223700766587,6756.014561834304,148.0162588235294,326.872,"{'family': 'wmatch', 'lam': 0.2}"
tune,bimodal,hetero,high,wmatch_l0.4,0,255,224,31,0.8784313725490196,0.9429402127591263,0.6876747170902974,30,0.34904823254271716,0.2502223700766587,6919.552334812986,144.51801960784314,312.294,"{'family': 'wmatch', 'lam': 0.4}"
tune,bimodal,hetero,high,wmatch_l0.8,0,255,224,31,0.8784313725490196,0.9429402127591263,0.6876747170902974,30,0.34904823254271716,0.2502223700766587,7021.693204490678,142.41579215686272,306.683,"{'family': 'wmatch', 'lam': 0.8}"
tune,bimodal,hetero,high,d_cheap_a0.0_b0.4_g0.6,0,255,223,32,0.8745098039215686,0.9307898034043934,0.6636313887980029,30,0.377567379376352,0.19848463862228383,6570.18457967373,152.2027254901961,325.128,"{'family': 'd_cheap', 'alpha': 0.0, 'beta': 0.4, 'gamma': 0.6}"
tune,bimodal,hetero,high,d_cheap_a0.0_b0.6_g0.4,0,255,233,22,0.9137254901960784,0.9875400566413589,0.7020033281330769,30,0.29011634193583297,0.19429009839763248,5861.775741976678,170.59676862745098,339.636,"{'family': 'd_cheap', 'alpha': 0.0, 'beta': 0.6, 'gamma': 0.4}"
tune,bimodal,hetero,high,d_cheap_a0.0_b0.8_g0.2,0,255,237,18,0.9294117647058824,0.9775314905113771,0.713872618478734,30,0.278004890758356,0.12281517766873892,5139.196756445343,194.58293725490194,368.389,"{'family': 'd_cheap', 'alpha': 0.0, 'beta': 0.8, 'gamma': 0.2}"
tune,bimodal,hetero,high,d_cheap_a0.0_b1.0_g0.0,0,255,239,16,0.9372549019607843,0.971038268710321,0.7082960560852792,30,0.26460345572767857,0.06736892323365476,5536.59975783564,180.6162705882353,294.26,"{'family': 'd_cheap', 'alpha': 0.0, 'beta': 1.0, 'gamma': 0.0}"
tune,bimodal,hetero,high,d_cheap_a0.2_b0.2_g0.6,0,255,224,31,0.8784313725490196,0.9404060601706238,0.6825165023768229,30,0.3529370683545967,0.23566390086553027,6646.50421376638,150.455031372549,311.273,"{'family': 'd_cheap', 'alpha': 0.2, 'beta': 0.2, 'gamma': 0.6}"
tune,bimodal,hetero,high,d_cheap_a0.2_b0.4_g0.4,0,255,223,32,0.8745098039215686,0.9308364099855873,0.6629432123797006,30,0.3783021623758481,0.1971421540566198,6647.940677844366,150.42252156862745,322.413,"{'family': 'd_cheap', 'alpha': 0.2, 'beta': 0.4, 'gamma': 0.4}"
tune,bimodal,hetero,high,d_cheap_a0.2_b0.6_g0.2,0,255,227,28,0.8901960784313725,0.9735556507321145,0.6754180137637952,30,0.3291578634723255,0.18958596983533113,5986.2393962865835,167.0497843137255,331.03,"{'family': 'd_cheap', 'alpha': 0.2, 'beta': 0.6, 'gamma': 0.2}"
tune,bimodal,hetero,high,d_cheap_a0.2_b0.8_g0.0,0,255,233,22,0.9137254901960784,0.9733083797491076,0.7319910731853685,30,0.25611418736332553,0.13532939974086972,6790.24992540045,147.2699843137255,266.108,"{'family': 'd_cheap', 'alpha': 0.2, 'beta': 0.8, 'gamma': 0.0}"
tune,bimodal,hetero,high,d_cheap_a0.4_b0.0_g0.6,0,255,224,31,0.8784313725490196,0.9429402127591263,0.6876747170902974,30,0.34904823254271716,0.2502223700766587,7519.329542372424,132.9905803921569,299.46,"{'family': 'd_cheap', 'alpha': 0.4, 'beta': 0.0, 'gamma': 0.6}"
tune,bimodal,hetero,high,d_cheap_a0.4_b0.2_g0.4,0,255,224,31,0.8784313725490196,0.9404060601706238,0.6825165023768229,30,0.3529370683545967,0.23566390086553027,6676.159379874332,149.78671764705882,321.221,"{'family': 'd_cheap', 'alpha': 0.4, 'beta': 0.2, 'gamma': 0.4}"
tune,bimodal,hetero,high,d_cheap_a0.4_b0.4_g0.2,0,255,223,32,0.8745098039215686,0.9307900221451751,0.6642220831681453,30,0.37697690374699117,0.1971421540566198,6643.689921014343,150.51876470588235,314.488,"{'family': 'd_cheap', 'alpha': 0.4, 'beta': 0.4, 'gamma': 0.2}"
tune,bimodal,hetero,high,d_cheap_a0.4_b0.6_g0.0,0,255,230,25,0.9019607843137255,0.9744488220176798,0.6884738293633992,30,0.3169952191582868,0.21608210299328529,7606.071363024989,131.4739176470588,279.373,"{'family': 'd_cheap', 'alpha': 0.4, 'beta': 0.6, 'gamma': 0.0}"
tune,bimodal,hetero,high,d_cheap_a0.6_b0.0_g0.4,0,255,224,31,0.8784313725490196,0.9429402127591263,0.6876747170902974,30,0.34904823254271716,0.2502223700766587,7569.58137305913,132.1077019607843,279.483,"{'family': 'd_cheap', 'alpha': 0.6, 'beta': 0.0, 'gamma': 0.4}"
tune,bimodal,hetero,high,d_cheap_a0.6_b0.2_g0.2,0,255,224,31,0.8784313725490196,0.9404060601706238,0.6825165023768229,30,0.3529370683545967,0.23566390086553027,6789.615328618979,147.28374901960785,315.28,"{'family': 'd_cheap', 'alpha': 0.6, 'beta': 0.2, 'gamma': 0.2}"
tune,bimodal,hetero,high,d_cheap_a0.6_b0.4_g0.0,0,255,223,32,0.8745098039215686,0.9308062008040029,0.6641068149463945,30,0.3771083506275698,0.19848463862228383,8864.815218141375,112.80550980392157,229.439,"{'family': 'd_cheap', 'alpha': 0.6, 'beta': 0.4, 'gamma': 0.0}"
tune,bimodal,hetero,high,d_cheap_a0.8_b0.0_g0.2,0,255,224,31,0.8784313725490196,0.9429402127591263,0.6876747170902974,30,0.34904823254271716,0.2502223700766587,7952.6751582941015,125.74385098039217,267.04,"{'family': 'd_cheap', 'alpha': 0.8, 'beta': 0.0, 'gamma': 0.2}"
tune,bimodal,hetero,high,d_cheap_a0.8_b0.2_g0.0,0,255,224,31,0.8784313725490196,0.9404060601706238,0.6825165023768229,30,0.3529370683545967,0.23566390086553027,8794.944017767028,113.70169019607843,237.825,"{'family': 'd_cheap', 'alpha': 0.8, 'beta': 0.2, 'gamma': 0.0}"
tune,bimodal,hetero,high,d_capacity_a0.0_b0.4_g0.6,0,255,223,32,0.8745098039215686,0.9307898034043934,0.6636313887980029,30,0.377567379376352,0.19848463862228383,5097.9409416536655,196.15762745098039,447.698,"{'family': 'd_capacity', 'alpha': 0.0, 'beta': 0.4, 'gamma': 0.6}"
tune,bimodal,hetero,high,d_capacity_a0.0_b0.6_g0.4,0,255,234,21,0.9176470588235294,0.9833645185416413,0.7102894675503849,30,0.27888069617916555,0.13444214479717861,4491.152429713465,222.66,457.115,"{'family': 'd_capacity', 'alpha': 0.0, 'beta': 0.6, 'gamma': 0.4}"
tune,bimodal,hetero,high,d_capacity_a0.0_b0.8_g0.2,0,255,235,20,0.9215686274509803,0.9772557839276915,0.7077341905481921,30,0.28433208796433623,0.1330734265157288,4013.25204152951,249.17448235294117,457.616,"{'family': 'd_capacity', 'alpha': 0.0, 'beta': 0.8, 'gamma': 0.2}"
tune,bimodal,hetero,high,d_capacity_a0.0_b1.0_g0.0,0,255,239,16,0.9372549019607843,0.971038268710321,0.7082960560852792,30,0.26460345572767857,0.06736892323365476,5742.959716943704,174.1262431372549,265.386,"{'family': 'd_capacity', 'alpha': 0.0, 'beta': 1.0, 'gamma': 0.0}"
tune,bimodal,hetero,high,d_capacity_a0.2_b0.2_g0.6,0,255,224,31,0.8784313725490196,0.9404272523129694,0.6846680241095345,30,0.35080673876423063,0.2522360969251547,5113.215617083915,195.57164705882352,437.749,"{'family': 'd_capacity', 'alpha': 0.2, 'beta': 0.2, 'gamma': 0.6}"
tune,bimodal,hetero,high,d_capacity_a0.2_b0.4_g0.4,0,255,223,32,0.8745098039215686,0.9308364099855873,0.6629432123797006,30,0.3783021623758481,0.1971421540566198,5081.33574567257,196.79864705882352,458.107,"{'family': 'd_capacity', 'alpha': 0.2, 'beta': 0.4, 'gamma': 0.4}"
tune,bimodal,hetero,high,d_capacity_a0.2_b0.6_g0.2,0,255,230,25,0.9019607843137255,0.974602957864408,0.6858905178836409,30,0.3197326664847734,0.23209882844019475,4541.833303710488,220.17540784313724,453.398,"{'family': 'd_capacity', 'alpha': 0.2, 'beta': 0.6, 'gamma': 0.2}"
tune,bimodal,hetero,high,d_capacity_a0.2_b0.8_g0.0,0,255,233,22,0.9137254901960784,0.9733083797491076,0.7319910731853685,30,0.25611418736332553,0.13532939974086972,6946.213912988619,143.96331764705883,251.43,"{'family': 'd_capacity', 'alpha': 0.2, 'beta': 0.8, 'gamma': 0.0}"
tune,bimodal,hetero,high,d_capacity_a0.4_b0.0_g0.6,0,255,224,31,0.8784313725490196,0.9429402127591263,0.6876747170902974,30,0.34904823254271716,0.2502223700766587,5613.0634079377705,178.15583529411765,396.522,"{'family': 'd_capacity', 'alpha': 0.4, 'beta': 0.0, 'gamma': 0.6}"
tune,bimodal,hetero,high,d_capacity_a0.4_b0.2_g0.4,0,255,224,31,0.8784313725490196,0.9404060601706238,0.6825165023768229,30,0.3529370683545967,0.23566390086553027,5096.038237953051,196.23086666666666,440.313,"{'family': 'd_capacity', 'alpha': 0.4, 'beta': 0.2, 'gamma': 0.4}"
tune,bimodal,hetero,high,d_capacity_a0.4_b0.4_g0.2,0,255,223,32,0.8745098039215686,0.9308364099855873,0.6629432123797006,30,0.3783021623758481,0.1971421540566198,5087.259568880886,196.5694862745098,438.129,"{'family': 'd_capacity', 'alpha': 0.4, 'beta': 0.4, 'gamma': 0.2}"
tune,bimodal,hetero,high,d_capacity_a0.4_b0.6_g0.0,0,255,230,25,0.9019607843137255,0.9744488220176798,0.6884738293633992,30,0.3169952191582868,0.21608210299328529,7968.602829866485,125.4925137254902,244.718,"{'family': 'd_capacity', 'alpha': 0.4, 'beta': 0.6, 'gamma': 0.0}"
tune,bimodal,hetero,high,d_capacity_a0.6_b0.0_g0.4,0,255,224,31,0.8784313725490196,0.9429402127591263,0.6876747170902974,30,0.34904823254271716,0.2502223700766587,5596.447419072078,178.6847843137255,402.844,"{'family': 'd_capacity', 'alpha': 0.6, 'beta': 0.0, 'gamma': 0.4}"
tune,bimodal,hetero,high,d_capacity_a0.6_b0.2_g0.2,0,255,224,31,0.8784313725490196,0.9404060601706238,0.6825165023768229,30,0.3529370683545967,0.23566390086553027,5059.072407765521,197.66469411764706,445.403,"{'family': 'd_capacity', 'alpha': 0.6, 'beta': 0.2, 'gamma': 0.2}"
tune,bimodal,hetero,high,d_capacity_a0.6_b0.4_g0.0,0,255,223,32,0.8745098039215686,0.9308062008040029,0.6641068149463945,30,0.3771083506275698,0.19848463862228383,8658.56516981127,115.49257647058823,236.643,"{'family': 'd_capacity', 'alpha': 0.6, 'beta': 0.4, 'gamma': 0.0}"
tune,bimodal,hetero,high,d_capacity_a0.8_b0.0_g0.2,0,255,224,31,0.8784313725490196,0.9429402127591263,0.6876747170902974,30,0.34904823254271716,0.2502223700766587,5581.427478313035,179.16563529411764,399.447,"{'family': 'd_capacity', 'alpha': 0.8, 'beta': 0.0, 'gamma': 0.2}"
tune,bimodal,hetero,high,d_capacity_a0.8_b0.2_g0.0,0,255,224,31,0.8784313725490196,0.9404060601706238,0.6825165023768229,30,0.3529370683545967,0.23566390086553027,8745.41710135105,114.34560392156864,232.344,"{'family': 'd_capacity', 'alpha': 0.8, 'beta': 0.2, 'gamma': 0.0}"
tune,bimodal,hetero,high,binpack,1,250,224,26,0.896,0.9659042410778221,0.6453386173039054,30,0.3624399287508618,0.2669023920802834,10637.405688229297,94.007884,198.02,{}
tune,bimodal,hetero,high,hybrid_a0.1,1,250,232,18,0.928,0.9742613826033296,0.6662339606011903,30,0.3225933522283947,0.11262982091680841,6329.4174156097515,157.992424,272.81,"{'family': 'hybrid', 'alpha': 0.1}"
tune,bimodal,hetero,high,hybrid_a0.2,1,250,231,19,0.924,0.9844436498197655,0.6620890983115403,30,0.32670802134180227,0.19449682920766162,6566.136662998472,152.296556,279.293,"{'family': 'hybrid', 'alpha': 0.2}"
tune,bimodal,hetero,high,hybrid_a0.3,1,250,236,14,0.944,0.9837774441182904,0.6811374386470138,30,0.3075515239640029,0.21615409282208964,6986.189253966646,143.139552,248.906,"{'family': 'hybrid', 'alpha': 0.3}"
tune,bimodal,hetero,high,hybrid_a0.4,1,250,226,24,0.904,0.9738353374575962,0.6205138362854398,30,0.38139100050557956,0.28728409593532067,7883.776732704334,126.84276,241.111,"{'family': 'hybrid', 'alpha': 0.4}"
tune,bimodal,hetero,high,hybrid_a0.5,1,250,223,27,0.892,0.9660004358070569,0.6132929878876683,30,0.38978953771624053,0.25387491767467835,8152.480871671081,122.662048,243.105,"{'family': 'hybrid', 'alpha': 0.5}"
tune,bimodal,hetero,high,hybrid_a0.6,1,250,222,28,0.888,0.9563458109350035,0.6132464537373432,30,0.4044878481575908,0.218326140491683,8380.337810076271,119.326932,240.54,"{'family': 'hybrid', 'alpha': 0.6}"
tune,bimodal,hetero,high,hybrid_a0.7,1,250,222,28,0.888,0.9646819854677282,0.6368584651477829,30,0.3735539234886183,0.29630581623993685,8295.520966182645,120.54697999999999,242.614,"{'family': 'hybrid', 'alpha': 0.7}"
tune,bimodal,hetero,high,hybrid_a0.8,1,250,223,27,0.892,0.9634103638517016,0.6411544193849028,30,0.3641302494437439,0.2202630218002127,8164.630032363613,122.479524,242.834,"{'family': 'hybrid', 'alpha': 0.8}"
tune,bimodal,hetero,high,hybrid_a0.9,1,250,223,27,0.892,0.9637894026846767,0.6364917223972056,30,0.37155722300554017,0.27290356590858095,8323.234475503055,120.1456,238.967,"{'family': 'hybrid', 'alpha': 0.9}"
tune,bimodal,hetero,high,balance_l0.05,1,250,224,26,0.896,0.9659042410778221,0.6453386173039054,30,0.3624399287508618,0.2669023920802834,9918.104229754075,100.82572,205.625,"{'family': 'balance', 'lam': 0.05}"
tune,bimodal,hetero,high,balance_l0.1,1,250,223,27,0.892,0.9637894026846767,0.6364917223972056,30,0.37155722300554017,0.27290356590858095,9903.024827437812,100.97924800000001,201.247,"{'family': 'balance', 'lam': 0.1}"
tune,bimodal,hetero,high,balance_l0.2,1,250,223,27,0.892,0.9637894026846767,0.6393074224995332,30,0.3687415229032125,0.27290356590858095,9969.04611182279,100.3105,199.654,"{'family': 'balance', 'lam': 0.2}"
tune,bimodal,hetero,high,balance_l0.4,1,250,222,28,0.888,0.9563225884977457,0.6244979511513102,30,0.38871301019991206,0.21179180856919058,9900.589762291196,101.004084,199.874,"{'family': 'balance', 'lam': 0.4}"
tune,bimodal,hetero,high,balance_l0.8,1,250,229,21,0.916,0.98097464639934,0.6492194339481893,30,0.3491296807323244,0.2776179670375176,8868.995849451847,112.752336,204.723,"{'family': 'balance', 'lam': 0.8}"
tune,bimodal,hetero,high,wmatch_l0.05,1,250,224,26,0.896,0.9659042410778221,0.6453386173039054,30,0.3624399287508618,0.2669023920802834,6535.265481958968,153.015972,314.098,"{'family': 'wmatch', 'lam': 0.05}"
tune,bimodal,hetero,high,wmatch_l0.1,1,250,224,26,0.896,0.9659042410778221,0.6453386173039054,30,0.3624399287508618,0.2669023920802834,6558.630457219969,152.470856,305.502,"{'family': 'wmatch', 'lam': 0.1}"
tune,bimodal,hetero,high,wmatch_l0.2,1,250,224,26,0.896,0.9659042410778221,0.6453386173039054,30,0.3624399287508618,0.2669023920802834,6584.252196453858,151.877536,308.047,"{'family': 'wmatch', 'lam': 0.2}"
tune,bimodal,hetero,high,wmatch_l0.4,1,250,224,26,0.896,0.9659042410778221,0.6453386173039054,30,0.3624399287508618,0.2669023920802834,6680.7296917441845,149.684248,307.656,"{'family': 'wmatch', 'lam': 0.4}"
tune,bimodal,hetero,high,wmatch_l0.8,1,250,224,26,0.896,0.9659042410778221,0.6453386173039054,30,0.3624399287508618,0.2669023920802834,6663.169479954548,150.078728,300.883,"{'family': 'wmatch', 'lam': 0.8}"
tune,bimodal,hetero,high,d_cheap_a0.0_b0.4_g0.6,1,250,222,28,0.888,0.9574058793485236,0.6216764502841594,30,0.39336864396441235,0.21890600748325117,6362.640043616152,157.167464,323.385,"{'family': 'd_cheap', 'alpha': 0.0, 'beta': 0.4, 'gamma': 0.6}"
tune,bimodal,hetero,high,d_cheap_a0.0_b0.6_g0.4,1,250,228,22,0.912,0.9737700386987335,0.6296816579644448,30,0.3717144755375701,0.2559474459961066,5762.794879908887,173.526912,316.402,"{'family': 'd_cheap', 'alpha': 0.0, 'beta': 0.6, 'gamma': 0.4}"
tune,bimodal,hetero,high,d_cheap_a0.0_b0.8_g0.2,1,250,232,18,0.928,0.9802998923921005,0.6727559901055279,30,0.31838659977153355,0.1957043784597129,5198.553013959882,192.36122,325.489,"{'family': 'd_cheap', 'alpha': 0.0, 'beta': 0.8, 'gamma': 0.2}"
tune,bimodal,hetero,high,d_cheap_a0.0_b1.0_g0.0,1,250,237,13,0.948,0.9701659800019177,0.657094128738274,30,0.3175543904549941,0.04437830586324936,5553.213826987091,180.075904,273.852,"{'family': 'd_cheap', 'alpha': 0.0, 'beta': 1.0, 'gamma': 0.0}"
tune,bimodal,hetero,high,d_cheap_a0.2_b0.2_g0.6,1,250,223,27,0.892,0.9634103638517016,0.6411544193849028,30,0.3641302494437439,0.2202630218002127,6321.731422100288,158.18451199999998,310.201,"{'family': 'd_cheap', 'alpha': 0.2, 'beta': 0.2, 'gamma': 0.6}"
tune,bimodal,hetero,high,d_cheap_a0.2_b0.4_g0.4,1,250,222,28,0.888,0.9563613821788569,0.6189075490050393,30,0.39509304807386586,0.1785789260018253,6337.265251535056,157.796772,315.29,"{'family': 'd_cheap', 'alpha': 0.2, 'beta': 0.4, 'gamma': 0.4}"
tune,bimodal,hetero,high,d_cheap_a0.2_b0.6_g0.2,1,250,226,24,0.904,0.9743494288336904,0.6222352079731112,30,0.37974031566386046,0.25735284259586483,5819.812279859781,171.82684799999998,307.405,"{'family': 'd_cheap', 'alpha': 0.2, 'beta': 0.6, 'gamma': 0.2}"
tune,bimodal,hetero,high,d_cheap_a0.2_b0.8_g0.0,1,250,231,19,0.924,0.9844436498197655,0.6620890983115403,30,0.32670802134180227,0.19449682920766162,6580.722431708553,151.959,268.081,"{'family': 'd_cheap', 'alpha': 0.2, 'beta': 0.8, 'gamma': 0.0}"
tune,bimodal,hetero,high,d_cheap_a0.4_b0.0_g0.6,1,250,224,26,0.896,0.9659042410778221,0.6453386173039054,30,0.3624399287508618,0.2669023920802834,7186.943910214947,139.1412,275.034,"{'family': 'd_cheap', 'alpha': 0.4, 'beta': 0.0, 'gamma': 0.6}"
tune,bimodal,hetero,high,d_cheap_a0.4_b0.2_g0.4,1,250,223,27,0.892,0.9634103638517016,0.6411544193849028,30,0.3641302494437439,0.2202630218002127,6298.722508217817,158.76235200000002,314.228,"{'family': 'd_cheap', 'alpha': 0.4, 'beta': 0.2, 'gamma': 0.4}"
tune,bimodal,hetero,high,d_cheap_a0.4_b0.4_g0.2,1,250,222,28,0.888,0.9563403419892199,0.614019529582071,30,0.40370930336707966,0.2558291524621511,6450.682173831384,155.022364,319.728,"{'family': 'd_cheap', 'alpha': 0.4, 'beta': 0.4, 'gamma': 0.2}"
tune,bimodal,hetero,high,d_cheap_a0.4_b0.6_g0.0,1,250,226,24,0.904,0.9738353374575962,0.6205138362854398,30,0.38139100050557956,0.28728409593532067,7466.456347542158,133.932344,270.686,"{'family': 'd_cheap', 'alpha': 0.4, 'beta': 0.6, 'gamma': 0.0}"
tune,bimodal,hetero,high,d_cheap_a0.6_b0.0_g0.4,1,250,224,26,0.896,0.9659042410778221,0.6453386173039054,30,0.3624399287508618,0.2669023920802834,7151.629331395032,139.82827600000002,289.983,"{'family': 'd_cheap', 'alpha': 0.6, 'beta': 0.0, 'gamma': 0.4}"
tune,bimodal,hetero,high,d_cheap_a0.6_b0.2_g0.2,1,250,223,27,0.892,0.9634103638517016,0.6411544193849028,30,0.3641302494437439,0.2202630218002127,6203.424841376565,161.201276,320.609,"{'family': 'd_cheap', 'alpha': 0.6, 'beta': 0.2, 'gamma': 0.2}"
tune,bimodal,hetero,high,d_cheap_a0.6_b0.4_g0.0,1,250,222,28,0.888,0.9563458109350035,0.6132464537373432,30,0.4044878481575908,0.218326140491683,7982.314511684943,125.276948,264.726,"{'family': 'd_cheap', 'alpha': 0.6, 'beta': 0.4, 'gamma': 0.0}"
tune,bimodal,hetero,high,d_cheap_a0.8_b0.0_g0.2,1,250,224,26,0.896,0.9659042410778221,0.6453386173039054,30,0.3624399287508618,0.2669023920802834,7082.623477395312,141.19062,281.597,"{'family': 'd_cheap', 'alpha': 0.8, 'beta': 0.0, 'gamma': 0.2}"
tune,bimodal,hetero,high,d_cheap_a0.8_b0.2_g0.0,1,250,223,27,0.892,0.9634103638517016,0.6411544193849028,30,0.3641302494437439,0.2202630218002127,7920.575761225943,126.253448,248.745,"{'family': 'd_cheap', 'alpha': 0.8, 'beta': 0.2, 'gamma': 0.0}"
tune,bimodal,hetero,high,d_capacity_a0.0_b0.4_g0.6,1,250,221,29,0.884,0.9543767618060176,0.6271788872832719,30,0.38589911964072726,0.23758217087629008,4914.314213938339,203.48719200000002,426.659,"{'family': 'd_capacity', 'alpha': 0.0, 'beta': 0.4, 'gamma': 0.6}"
tune,bimodal,hetero,high,d_capacity_a0.0_b0.6_g0.4,1,250,225,25,0.9,0.9744593601522182,0.6267520097616173,30,0.37533344519388223,0.2866396873421338,4423.584315003368,226.061024,424.554,"{'family': 'd_capacity', 'alpha': 0.0, 'beta': 0.6, 'gamma': 0.4}"
tune,bimodal,hetero,high,d_capacity_a0.0_b0.8_g0.2,1,250,235,15,0.94,0.9816457600513929,0.6802510488011669,30,0.312237408735187,0.22239978855640188,3782.408164869665,264.381832,482.433,"{'family': 'd_capacity', 'alpha': 0.0, 'beta': 0.8, 'gamma': 0.2}"
tune,bimodal,hetero,high,d_capacity_a0.0_b1.0_g0.0,1,250,237,13,0.948,0.9701659800019177,0.657094128738274,30,0.3175543904549941,0.04437830586324936,5461.023658399602,183.11585200000002,288.67,"{'family': 'd_capacity', 'alpha': 0.0, 'beta': 1.0, 'gamma': 0.0}"
tune,bimodal,hetero,high,d_capacity_a0.2_b0.2_g0.6,1,250,223,27,0.892,0.9634103638517016,0.6411544193849028,30,0.3641302494437439,0.2202630218002127,4752.630795013426,210.40978,454.961,"{'family': 'd_capacity', 'alpha': 0.2, 'beta': 0.2, 'gamma': 0.6}"
tune,bimodal,hetero,high,d_capacity_a0.2_b0.4_g0.4,1,250,222,28,0.888,0.9558080598124417,0.6159912277646539,30,0.4012053230077184,0.23327605084082534,4964.050544518618,201.44839199999998,425.446,"{'family': 'd_capacity', 'alpha': 0.2, 'beta': 0.4, 'gamma': 0.4}"
tune,bimodal,hetero,high,d_capacity_a0.2_b0.6_g0.2,1,250,228,22,0.912,0.9739053602608831,0.6288484995335305,30,0.37268295553063385,0.2553030374029197,4412.559719362614,226.625828,428.041,"{'family': 'd_capacity', 'alpha': 0.2, 'beta': 0.6, 'gamma': 0.2}"
tune,bimodal,hetero,high,d_capacity_a0.2_b0.8_g0.0,1,250,231,19,0.924,0.9844436498197655,0.6620890983115403,30,0.32670802134180227,0.19449682920766162,6617.672244905544,151.110536,255.638,"{'family': 'd_capacity', 'alpha': 0.2, 'beta': 0.8, 'gamma': 0.0}"
tune,bimodal,hetero,high,d_capacity_a0.4_b0.0_g0.6,1,250,224,26,0.896,0.9659042410778221,0.6453386173039054,30,0.3624399287508618,0.2669023920802834,5059.48650785721,197.648516,434.022,"{'family': 'd_capacity', 'alpha': 0.4, 'beta': 0.0, 'gamma': 0.6}"
tune,bimodal,hetero,high,d_capacity_a0.4_b0.2_g0.4,1,250,223,27,0.892,0.9634103638517016,0.6411544193849028,30,0.3641302494437439,0.2202630218002127,4499.149057942075,222.264252,483.756,"{'family': 'd_capacity', 'alpha': 0.4, 'beta': 0.2, 'gamma': 0.4}"
tune,bimodal,hetero,high,d_capacity_a0.4_b0.4_g0.2,1,250,221,29,0.884,0.9541324615097484,0.6165715139911507,30,0.400491050067987,0.23042397699484277,4609.268782281705,216.954152,475.419,"{'family': 'd_capacity', 'alpha': 0.4, 'beta': 0.4, 'gamma': 0.2}"
tune,bimodal,hetero,high,d_capacity_a0.4_b0.6_g0.0,1,250,226,24,0.904,0.9738353374575962,0.6205138362854398,30,0.38139100050557956,0.28728409593532067,7227.813899982379,138.35442,316.953,"{'family': 'd_capacity', 'alpha': 0.4, 'beta': 0.6, 'gamma': 0.0}"
tune,bimodal,hetero,high,d_capacity_a0.6_b0.0_g0.4,1,250,224,26,0.896,0.9659042410778221,0.6453386173039054,30,0.3624399287508618,0.2669023920802834,5157.428759353487,193.895068,418.483,"{'family': 'd_capacity', 'alpha': 0.6, 'beta': 0.0, 'gamma': 0.4}"
tune,bimodal,hetero,high,d_capacity_a0.6_b0.2_g0.2,1,250,223,27,0.892,0.9634103638517016,0.6411544193849028,30,0.3641302494437439,0.2202630218002127,4606.261383223443,217.0958,456.003,"{'family': 'd_capacity', 'alpha': 0.6, 'beta': 0.2, 'gamma': 0.2}"
tune,bimodal,hetero,high,d_capacity_a0.6_b0.4_g0.0,1,250,222,28,0.888,0.9563458109350035,0.6132464537373432,30,0.4044878481575908,0.218326140491683,7892.337654535522,126.705172,263.092,"{'family': 'd_capacity', 'alpha': 0.6, 'beta': 0.4, 'gamma': 0.0}"
tune,bimodal,hetero,high,d_capacity_a0.8_b0.0_g0.2,1,250,224,26,0.896,0.9659042410778221,0.6453386173039054,30,0.3624399287508618,0.2669023920802834,5084.353181705855,196.68185200000002,414.004,"{'family': 'd_capacity', 'alpha': 0.8, 'beta': 0.0, 'gamma': 0.2}"
tune,bimodal,hetero,high,d_capacity_a0.8_b0.2_g0.0,1,250,223,27,0.892,0.9634103638517016,0.6411544193849028,30,0.3641302494437439,0.2202630218002127,7875.785133082024,126.97146799999999,249.046,"{'family': 'd_capacity', 'alpha': 0.8, 'beta': 0.2, 'gamma': 0.0}"
tune,bimodal,hetero,high,binpack,2,260,230,30,0.8846153846153846,0.9458961308556495,0.6387090506000206,30,0.39338404212050965,0.2976862383446251,10914.255259915433,91.62329230769231,190.807,{}
tune,bimodal,hetero,high,hybrid_a0.1,2,260,243,17,0.9346153846153846,0.976279457415161,0.6665698473744341,30,0.3231887126565121,0.2650634255771099,6020.123187928449,166.10955769230767,294.361,"{'family': 'hybrid', 'alpha': 0.1}"
tune,bimodal,hetero,high,hybrid_a0.2,2,260,243,17,0.9346153846153846,0.9757398996009574,0.6785212697132044,30,0.3039842809338932,0.2650634255771099,6192.866932010372,161.4761,300.462,"{'family': 'hybrid', 'alpha': 0.2}"
tune,bimodal,hetero,high,hybrid_a0.3,2,260,244,16,0.9384615384615385,0.980957071745689,0.665740804438096,30,0.33129610865511616,0.2619858017311179,6399.670288986711,156.25805,287.648,"{'family': 'hybrid', 'alpha': 0.3}"
tune,bimodal,hetero,high,hybrid_a0.4,2,260,243,17,0.9346153846153846,0.9857628823852613,0.6214698106309761,30,0.3642930717542853,0.2613702769619195,7002.438060405454,142.80740384615385,271.908,"{'family': 'hybrid', 'alpha': 0.4}"
tune,bimodal,hetero,high,hybrid_a0.5,2,260,233,27,0.8961538461538462,0.9560522454902913,0.6210890626199426,30,0.3938749459703073,0.2902999411142443,7708.9121873958275,129.71998846153846,265.606,"{'family': 'hybrid', 'alpha': 0.5}"
tune,bimodal,hetero,high,hybrid_a0.6,2,260,240,20,0.9230769230769231,0.9814051079262652,0.6317567997511246,30,0.3549183970832928,0.2706031484998955,7356.760616838346,135.9293923076923,281.166,"{'family': 'hybrid', 'alpha': 0.6}"
tune,bimodal,hetero,high,hybrid_a0.7,2,260,235,25,0.9038461538461539,0.9651572667774547,0.6323617941748576,30,0.3766295029856814,0.2841446934222603,7538.910491733555,132.64516153846154,281.677,"{'family': 'hybrid', 'alpha': 0.7}"
tune,bimodal,hetero,high,hybrid_a0.8,2,260,231,29,0.8884615384615384,0.961721394733071,0.6281576373161448,30,0.3896225489448918,0.2927620401910379,7797.984454957927,128.23826538461537,254.246,"{'family': 'hybrid', 'alpha': 0.8}"
tune,bimodal,hetero,high,hybrid_a0.9,2,260,231,29,0.8884615384615384,0.9426982983126554,0.6398484336439574,30,0.3955692919710401,0.2964551888062283,8035.764095309725,124.44367307692308,256.43,"{'family': 'hybrid', 'alpha': 0.9}"
tune,bimodal,hetero,high,balance_l0.05,2,260,229,31,0.8807692307692307,0.9408273134593667,0.6318366462201548,30,0.4073985090697581,0.30076386219061707,9610.63012576951,104.05145,218.609,"{'family': 'balance', 'lam': 0.05}"
tune,bimodal,hetero,high,balance_l0.1,2,260,235,25,0.9038461538461539,0.9489979922623081,0.6432274614930705,30,0.3781236288854736,0.2859912677298555,9533.237301856245,104.89616153846154,213.73,"{'family': 'balance', 'lam': 0.1}"
tune,bimodal,hetero,high,balance_l0.2,2,260,237,23,0.9115384615384615,0.9773468230632923,0.6409165270014048,30,0.3593374747564019,0.2779894457302763,9159.806852085114,109.1726076923077,220.542,"{'family': 'balance', 'lam': 0.2}"
tune,bimodal,hetero,high,balance_l0.4,2,260,237,23,0.9115384615384615,0.9797917070793034,0.6330963727537988,30,0.36703701225672375,0.2742962971150859,9234.31247471441,108.29176538461539,209.943,"{'family': 'balance', 'lam': 0.4}"
tune,bimodal,hetero,high,balance_l0.8,2,260,239,21,0.9192307692307692,0.983653400471958,0.6362599243048453,30,0.349481572594197,0.2681410494231019,8761.160159567684,114.14013461538461,221.815,"{'family': 'balance', 'lam': 0.8}"
tune,bimodal,hetero,high,wmatch_l0.05,2,260,230,30,0.8846153846153846,0.9458961308556495,0.6387090506000206,30,0.39338404212050965,0.2976862383446251,6583.561692189068,151.89346538461538,328.164,"{'family': 'wmatch', 'lam': 0.05}"
tune,bimodal,hetero,high,wmatch_l0.1,2,260,230,30,0.8846153846153846,0.9458961308556495,0.6387090506000206,30,0.39338404212050965,0.2976862383446251,6576.033247210061,152.0673576923077,336.349,"{'family': 'wmatch', 'lam': 0.1}"
tune,bimodal,hetero,high,wmatch_l0.2,2,260,230,30,0.8846153846153846,0.9458961308556495,0.6387090506000206,30,0.39338404212050965,0.2976862383446251,7035.526703882798,142.13576923076923,294.721,"{'family': 'wmatch', 'lam': 0.2}"
tune,bimodal,hetero,high,wmatch_l0.4,2,260,230,30,0.8846153846153846,0.9458961308556495,0.6387090506000206,30,0.39338404212050965,0.2976862383446251,7054.532075600708,141.75284615384615,299.159,"{'family': 'wmatch', 'lam': 0.4}"
tune,bimodal,hetero,high,wmatch_l0.8,2,260,231,29,0.8884615384615384,0.9472363342194084,0.6397870205943066,30,0.3912421203173749,0.2964551888062283,7033.583657673968,142.17503461538462,293.459,"{'family': 'wmatch', 'lam': 0.8}"
tune,bimodal,hetero,high,d_cheap_a0.0_b0.4_g0.6,2,260,239,21,0.9192307692307692,0.9868806798762135,0.6329330057209883,30,0.35861027607612433,0.2681410494231019,6058.817508975904,165.0487076923077,318.686,"{'family': 'd_cheap', 'alpha': 0.0, 'beta': 0.4, 'gamma': 0.6}"
tune,bimodal,hetero,high,d_cheap_a0.0_b0.6_g0.4,2,260,242,18,0.9307692307692308,0.9840641238884034,0.6198589606277348,30,0.3642051632606685,0.2644479008079115,5526.500569250814,180.94633076923077,361.587,"{'family': 'd_cheap', 'alpha': 0.0, 'beta': 0.6, 'gamma': 0.4}"
tune,bimodal,hetero,high,d_cheap_a0.0_b0.8_g0.2,2,260,243,17,0.9346153846153846,0.9760717992904187,0.6766186251198244,30,0.30802810368840733,0.2650634255771099,5053.919391268627,197.8662346153846,366.105,"{'family': 'd_cheap', 'alpha': 0.0, 'beta': 0.8, 'gamma': 0.2}"
tune,bimodal,hetero,high,d_cheap_a0.0_b1.0_g0.0,2,260,242,18,0.9307692307692308,0.9637002542475158,0.5902830241679736,30,0.3738822471434279,0.22131228499326974,5433.257457892933,184.05165,268.823,"{'family': 'd_cheap', 'alpha': 0.0, 'beta': 1.0, 'gamma': 0.0}"
tune,bimodal,hetero,high,d_cheap_a0.2_b0.2_g0.6,2,260,234,26,0.9,0.9643891578756871,0.6409355098105728,30,0.37332148771803175,0.2853757429606571,6573.27259831707,152.13122307692308,308.738,"{'family': 'd_cheap', 'alpha': 0.2, 'beta': 0.2, 'gamma': 0.6}"
tune,bimodal,hetero,high,d_cheap_a0.2_b0.4_g0.4,2,260,239,21,0.9192307692307692,0.9866837464198971,0.6300051061046011,30,0.3613412422361951,0.2681410494231019,6240.176671881934,160.25187307692306,311.463,"{'family': 'd_cheap', 'alpha': 0.2, 'beta': 0.4, 'gamma': 0.4}"
tune,bimodal,hetero,high,d_cheap_a0.2_b0.6_g0.2,2,260,242,18,0.9307692307692308,0.9842221600271289,0.619686003016027,30,0.36453615701110187,0.2644479008079115,5596.181802641651,178.6932653846154,335.628,"{'family': 'd_cheap', 'alpha': 0.2, 'beta': 0.6, 'gamma': 0.2}"
tune,bimodal,hetero,high,d_cheap_a0.2_b0.8_g0.0,2,260,243,17,0.9346153846153846,0.9757398996009574,0.6785212697132044,30,0.3039842809338932,0.2650634255771099,6462.469049433688,154.73961923076922,265.988,"{'family': 'd_cheap', 'alpha': 0.2, 'beta': 0.8, 'gamma': 0.0}"
tune,bimodal,hetero,high,d_cheap_a0.4_b0.0_g0.6,2,260,228,32,0.8769230769230769,0.9407943350525135,0.6313840160695584,30,0.40348251713775596,0.3056880603442043,7504.111242792228,133.26028461538462,279.834,"{'family': 'd_cheap', 'alpha': 0.4, 'beta': 0.0, 'gamma': 0.6}"
tune,bimodal,hetero,high,d_cheap_a0.4_b0.2_g0.4,2,260,234,26,0.9,0.9643891578756871,0.6409355098105728,30,0.37332148771803175,0.2853757429606571,6190.545170836665,161.53666153846154,328.725,"{'family': 'd_cheap', 'alpha': 0.4, 'beta': 0.2, 'gamma': 0.4}"
tune,bimodal,hetero,high,d_cheap_a0.4_b0.4_g0.2,2,260,240,20,0.9230769230769231,0.9872676836541916,0.631358360365202,30,0.3605719252098887,0.2669099998847051,6070.648384706701,164.72705,326.2,"{'family': 'd_cheap', 'alpha': 0.4, 'beta': 0.4, 'gamma': 0.2}"
tune,bimodal,hetero,high,d_cheap_a0.4_b0.6_g0.0,2,260,243,17,0.9346153846153846,0.9857628823852613,0.6214698106309761,30,0.3642930717542853,0.2613702769619195,7168.549302331968,139.49823846153845,265.397,"{'family': 'd_cheap', 'alpha': 0.4, 'beta': 0.6, 'gamma': 0.0}"
tune,bimodal,hetero,high,d_cheap_a0.6_b0.0_g0.4,2,260,228,32,0.8769230769230769,0.9407943350525135,0.6313840160695584,30,0.40348251713775596,0.3056880603442043,7696.247351232871,129.93345384615384,262.621,"{'family': 'd_cheap', 'alpha': 0.6, 'beta': 0.0, 'gamma': 0.4}"
tune,bimodal,hetero,high,d_cheap_a0.6_b0.2_g0.2,2,260,231,29,0.8884615384615384,0.961721394733071,0.6281576373161448,30,0.3896225489448918,0.2927620401910379,6538.421234317628,152.94211923076924,309.429,"{'family': 'd_cheap', 'alpha': 0.6, 'beta': 0.2, 'gamma': 0.2}"
tune,bimodal,hetero,high,d_cheap_a0.6_b0.4_g0.0,2,260,240,20,0.9230769230769231,0.9814051079262652,0.6317567997511246,30,0.3549183970832928,0.2706031484998955,7941.62854150434,125.9187576923077,243.135,"{'family': 'd_cheap', 'alpha': 0.6, 'beta': 0.4, 'gamma': 0.0}"
tune,bimodal,hetero,high,d_cheap_a0.8_b0.0_g0.2,2,260,230,30,0.8846153846153846,0.9458961308556495,0.6387090506000206,30,0.39338404212050965,0.2976862383446251,7721.685507331815,129.50540384615385,266.388,"{'family': 'd_cheap', 'alpha': 0.8, 'beta': 0.0, 'gamma': 0.2}"
tune,bimodal,hetero,high,d_cheap_a0.8_b0.2_g0.0,2,260,231,29,0.8884615384615384,0.961721394733071,0.6281576373161448,30,0.3896225489448918,0.2927620401910379,8310.781813784659,120.32562307692308,246.081,"{'family': 'd_cheap', 'alpha': 0.8, 'beta': 0.2, 'gamma': 0.0}"
tune,bimodal,hetero,high,d_capacity_a0.0_b0.4_g0.6,2,260,238,22,0.9153846153846154,0.9858634399382563,0.6365510114874972,30,0.3550129584715328,0.2693720989614987,4520.476934657636,221.21559615384615,447.688,"{'family': 'd_capacity', 'alpha': 0.0, 'beta': 0.4, 'gamma': 0.6}"
tune,bimodal,hetero,high,d_capacity_a0.0_b0.6_g0.4,2,260,243,17,0.9346153846153846,0.9850746169276248,0.6278682491778718,30,0.36276958314993524,0.26321685126951466,4226.709032813715,236.59068846153846,450.422,"{'family': 'd_capacity', 'alpha': 0.0, 'beta': 0.6, 'gamma': 0.4}"
tune,bimodal,hetero,high,d_capacity_a0.0_b0.8_g0.2,2,260,244,16,0.9384615384615385,0.9787155672591982,0.6775351618641586,30,0.3100302432803392,0.2601392274235227,3864.6180306667547,258.7577846153846,434.372,"{'family': 'd_capacity', 'alpha': 0.0, 'beta': 0.8, 'gamma': 0.2}"
tune,bimodal,hetero,high,d_capacity_a0.0_b1.0_g0.0,2,260,242,18,0.9307692307692308,0.9637002542475158,0.5902830241679736,30,0.3738822471434279,0.22131228499326974,5395.848135597497,185.32767692307692,274.113,"{'family': 'd_capacity', 'alpha': 0.0, 'beta': 1.0, 'gamma': 0.0}"
tune,bimodal,hetero,high,d_capacity_a0.2_b0.2_g0.6,2,260,235,25,0.9038461538461539,0.9639662783898632,0.6437381143198497,30,0.37110461226926855,0.2841446934222603,4878.343128545993,204.98763076923078,440.233,"{'family': 'd_capacity', 'alpha': 0.2, 'beta': 0.2, 'gamma': 0.6}"
tune,bimodal,hetero,high,d_capacity_a0.2_b0.4_g0.4,2,260,235,25,0.9038461538461539,0.9678166226401468,0.6204640606241618,30,0.38537122037488225,0.2841446934222603,4563.237850330958,219.14264230769228,443.299,"{'family': 'd_capacity', 'alpha': 0.2, 'beta': 0.4, 'gamma': 0.4}"
tune,bimodal,hetero,high,d_capacity_a0.2_b0.6_g0.2,2,260,242,18,0.9307692307692308,0.9842221600271289,0.619686003016027,30,0.36453615701110187,0.2644479008079115,4152.015972230551,240.8468576923077,438.05,"{'family': 'd_capacity', 'alpha': 0.2, 'beta': 0.6, 'gamma': 0.2}"
tune,bimodal,hetero,high,d_capacity_a0.2_b0.8_g0.0,2,260,243,17,0.9346153846153846,0.9757398996009574,0.6785212697132044,30,0.3039842809338932,0.2650634255771099,6352.896924662779,157.40850384615385,274.654,"{'family': 'd_capacity', 'alpha': 0.2, 'beta': 0.8, 'gamma': 0.0}"
tune,bimodal,hetero,high,d_capacity_a0.4_b0.0_g0.6,2,260,228,32,0.8769230769230769,0.9407943350525135,0.6313840160695584,30,0.40348251713775596,0.3056880603442043,5344.568768021603,187.1058346153846,403.695,"{'family': 'd_capacity', 'alpha': 0.4, 'beta': 0.0, 'gamma': 0.6}"
tune,bimodal,hetero,high,d_capacity_a0.4_b0.2_g0.4,2,260,234,26,0.9,0.9643891578756871,0.6409355098105728,30,0.37332148771803175,0.2853757429606571,4522.253959555117,221.12866923076925,474.698,"{'family': 'd_capacity', 'alpha': 0.4, 'beta': 0.2, 'gamma': 0.4}"
tune,bimodal,hetero,high,d_capacity_a0.4_b0.4_g0.2,2,260,240,20,0.9230769230769231,0.9873350062164694,0.6311585175115244,30,0.3601053904469931,0.2669099998847051,4366.778049738476,229.0017923076923,475.619,"{'family': 'd_capacity', 'alpha': 0.4, 'beta': 0.4, 'gamma': 0.2}"
tune,bimodal,hetero,high,d_capacity_a0.4_b0.6_g0.0,2,260,243,17,0.9346153846153846,0.9857628823852613,0.6214698106309761,30,0.3642930717542853,0.2613702769619195,6934.420650491331,144.20815384615383,274.424,"{'family': 'd_capacity', 'alpha': 0.4, 'beta': 0.6, 'gamma': 0.0}"
tune,bimodal,hetero,high,d_capacity_a0.6_b0.0_g0.4,2,260,228,32,0.8769230769230769,0.9407943350525135,0.6313840160695584,30,0.40348251713775596,0.3056880603442043,5293.021787970953,188.92799615384615,424.284,"{'family': 'd_capacity', 'alpha': 0.6, 'beta': 0.0, 'gamma': 0.4}"
tune,bimodal,hetero,high,d_capacity_a0.6_b0.2_g0.2,2,260,231,29,0.8884615384615384,0.961721394733071,0.6281576373161448,30,0.3896225489448918,0.2927620401910379,4683.240137154812,213.52738076923077,452.767,"{'family': 'd_capacity', 'alpha': 0.6, 'beta': 0.2, 'gamma': 0.2}"
tune,bimodal,hetero,high,d_capacity_a0.6_b0.4_g0.0,2,260,240,20,0.9230769230769231,0.9814051079262652,0.6317567997511246,30,0.3549183970832928,0.2706031484998955,7695.278570712107,129.94981153846155,245.058,"{'family': 'd_capacity', 'alpha': 0.6, 'beta': 0.4, 'gamma': 0.0}"
tune,bimodal,hetero,high,d_capacity_a0.8_b0.0_g0.2,2,260,230,30,0.8846153846153846,0.9458961308556495,0.6387090506000206,30,0.39338404212050965,0.2976862383446251,5502.209401604042,181.74517307692307,396.101,"{'family': 'd_capacity', 'alpha': 0.8, 'beta': 0.0, 'gamma': 0.2}"
tune,bimodal,hetero,high,d_capacity_a0.8_b0.2_g0.0,2,260,231,29,0.8884615384615384,0.961721394733071,0.6281576373161448,30,0.3896225489448918,0.2927620401910379,8222.670681058828,121.61498846153846,239.207,"{'family': 'd_capacity', 'alpha': 0.8, 'beta': 0.2, 'gamma': 0.0}"
tune,bimodal,hetero,high,binpack,3,266,222,44,0.8345864661654135,0.8949441465796679,0.7263712144901768,30,0.35618930654325154,0.2651761524314934,11861.368957156468,84.3073007518797,177.783,{}
tune,bimodal,hetero,high,hybrid_a0.1,3,266,247,19,0.9285714285714286,0.9730262509442963,0.7599227057162005,30,0.2296808940408557,0.19491149497856208,6691.115061999344,149.45192105263158,252.513,"{'family': 'hybrid', 'alpha': 0.1}"
tune,bimodal,hetero,high,hybrid_a0.2,3,266,249,17,0.9360902255639098,0.9862502291947333,0.7567802992072881,30,0.2318471654061605,0.18637466743755174,6969.892266427642,143.47424060150377,256.2,"{'family': 'hybrid', 'alpha': 0.2}"
tune,bimodal,hetero,high,hybrid_a0.3,3,266,246,20,0.924812030075188,0.9751250831680294,0.7686259884692925,30,0.2340017531182479,0.1942548159369459,7388.838398493166,135.3392706766917,235.601,"{'family': 'hybrid', 'alpha': 0.3}"
tune,bimodal,hetero,high,hybrid_a0.4,3,266,243,23,0.9135338345864662,0.9663915779305999,0.7390138630562777,30,0.2731889201219372,0.2041050015611886,7918.547085928531,126.2857932330827,239.117,"{'family': 'hybrid', 'alpha': 0.4}"
tune,bimodal,hetero,high,hybrid_a0.5,3,266,234,32,0.8796992481203008,0.9229436360504631,0.7354633705931886,30,0.3223099692493553,0.23562559555876528,8297.290806661053,120.52126691729323,239.137,"{'family': 'hybrid', 'alpha': 0.5}"
tune,bimodal,hetero,high,hybrid_a0.6,3,266,235,31,0.8834586466165414,0.94712783593631,0.7534268796283985,30,0.28452805947955473,0.2244620518512902,8106.076235513818,123.36424812030074,244.317,"{'family': 'hybrid', 'alpha': 0.6}"
tune,bimodal,hetero,high,hybrid_a0.7,3,266,237,29,0.8909774436090225,0.9405061616180045,0.7381938580334276,30,0.29584820636589454,0.22380537280967402,8200.586341923447,121.9425,245.83,"{'family': 'hybrid', 'alpha': 0.7}"
tune,bimodal,hetero,high,hybrid_a0.8,3,266,227,39,0.8533834586466166,0.9078436549378691,0.7214416946717523,30,0.3534787167343479,0.2566393248904831,8630.57862676138,115.86708646616542,238.576,"{'family': 'hybrid', 'alpha': 0.8}"
tune,bimodal,hetero,high,hybrid_a0.9,3,266,230,36,0.8646616541353384,0.9069830666852761,0.736555159615036,30,0.33108814365979805,0.2487591763910889,8522.024901036384,117.3430037593985,242.123,"{'family': 'hybrid', 'alpha': 0.9}"
tune,bimodal,hetero,high,balance_l0.05,3,266,227,39,0.8533834586466166,0.9038094238236708,0.7294786616174396,30,0.34435227968543036,0.2566393248904831,10345.287183033139,96.66237218045113,205.214,"{'family': 'balance', 'lam': 0.05}"
tune,bimodal,hetero,high,balance_l0.1,3,266,224,42,0.8421052631578947,0.8988676112638085,0.730614499735573,30,0.3492527588166487,0.26451947338987725,10577.050893150434,94.54431203007519,203.0,"{'family': 'balance', 'lam': 0.1}"
tune,bimodal,hetero,high,balance_l0.2,3,266,227,39,0.8533834586466166,0.9115843698080891,0.7336726014013716,30,0.33475597847173766,0.25269925064078597,10500.544784843245,95.23315413533835,196.167,"{'family': 'balance', 'lam': 0.2}"
tune,bimodal,hetero,high,balance_l0.4,3,266,231,35,0.868421052631579,0.9162946560465115,0.7330557124374395,30,0.3266564293146664,0.245475781183008,10547.462889088869,94.80953007518796,195.465,"{'family': 'balance', 'lam': 0.4}"
tune,bimodal,hetero,high,balance_l0.8,3,266,234,32,0.8796992481203008,0.9465515654813002,0.7507214264933619,30,0.2753534867359663,0.22577540993452258,10053.303674323755,99.46978947368422,200.996,"{'family': 'balance', 'lam': 0.8}"
tune,bimodal,hetero,high,wmatch_l0.05,3,266,222,44,0.8345864661654135,0.8949441465796679,0.7263712144901768,30,0.35618930654325154,0.2651761524314934,7726.721544786591,129.42099624060148,282.549,"{'family': 'wmatch', 'lam': 0.05}"
tune,bimodal,hetero,high,wmatch_l0.1,3,266,222,44,0.8345864661654135,0.8949441465796679,0.7263712144901768,30,0.35618930654325154,0.2651761524314934,7911.83832604537,126.39287593984962,286.256,"{'family': 'wmatch', 'lam': 0.1}"
tune,bimodal,hetero,high,wmatch_l0.2,3,266,227,39,0.8533834586466166,0.9101892654319056,0.7274682283507344,30,0.343321580262961,0.25072921351593747,7876.215035712268,126.96453759398496,266.649,"{'family': 'wmatch', 'lam': 0.2}"
tune,bimodal,hetero,high,wmatch_l0.4,3,266,227,39,0.8533834586466166,0.9101892654319056,0.7274682283507344,30,0.343321580262961,0.25072921351593747,8028.232335353631,124.56042105263157,264.825,"{'family': 'wmatch', 'lam': 0.4}"
tune,bimodal,hetero,high,wmatch_l0.8,3,266,227,39,0.8533834586466166,0.9101892654319056,0.7274682283507344,30,0.343321580262961,0.25072921351593747,8211.64559525478,121.77827067669172,257.712,"{'family': 'wmatch', 'lam': 0.8}"
tune,bimodal,hetero,high,d_cheap_a0.0_b0.4_g0.6,3,266,235,31,0.8834586466165414,0.94712783593631,0.7534268796283985,30,0.28452805947955473,0.2244620518512902,7350.039235669973,136.05369548872181,270.586,"{'family': 'd_cheap', 'alpha': 0.0, 'beta': 0.4, 'gamma': 0.6}"
tune,bimodal,hetero,high,d_cheap_a0.0_b0.6_g0.4,3,266,239,27,0.8984962406015038,0.956914267444824,0.744324913922949,30,0.2789226661865662,0.21329850814381515,7244.954583667595,138.0270902255639,266.368,"{'family': 'd_cheap', 'alpha': 0.0, 'beta': 0.6, 'gamma': 0.4}"
tune,bimodal,hetero,high,d_cheap_a0.0_b0.8_g0.2,3,266,249,17,0.9360902255639098,0.982304880373327,0.7565149372620106,30,0.2334337037998916,0.18834470456240027,6546.636949529046,152.75018421052633,260.267,"{'family': 'd_cheap', 'alpha': 0.0, 'beta': 0.8, 'gamma': 0.2}"
tune,bimodal,hetero,high,d_cheap_a0.0_b1.0_g0.0,3,266,248,18,0.9323308270676691,0.9641820696695719,0.7229617698149793,30,0.24351808759808916,0.08224350173184351,7178.8136691953,139.2987819548872,211.526,"{'family': 'd_cheap', 'alpha': 0.0, 'beta': 1.0, 'gamma': 0.0}"
tune,bimodal,hetero,high,d_cheap_a0.2_b0.2_g0.6,3,266,226,40,0.849624060150376,0.9155227968366304,0.7282337857160783,30,0.33965580822284236,0.2520425715991698,8598.763866274481,116.29578571428571,242.634,"{'family': 'd_cheap', 'alpha': 0.2, 'beta': 0.2, 'gamma': 0.6}"
tune,bimodal,hetero,high,d_cheap_a0.2_b0.4_g0.4,3,266,235,31,0.8834586466165414,0.94712783593631,0.7534268796283985,30,0.28452805947955473,0.2244620518512902,7990.48015396033,125.14892481203007,250.148,"{'family': 'd_cheap', 'alpha': 0.2, 'beta': 0.4, 'gamma': 0.4}"
tune,bimodal,hetero,high,d_cheap_a0.2_b0.6_g0.2,3,266,238,28,0.8947368421052632,0.9555212043104817,0.7397522729832428,30,0.2823757898069471,0.2146118662270475,8060.524966839727,124.0613984962406,236.954,"{'family': 'd_cheap', 'alpha': 0.2, 'beta': 0.6, 'gamma': 0.2}"
tune,bimodal,hetero,high,d_cheap_a0.2_b0.8_g0.0,3,266,249,17,0.9360902255639098,0.9862502291947333,0.7567802992072881,30,0.2318471654061605,0.18637466743755174,9588.68990234532,104.28953383458648,181.86,"{'family': 'd_cheap', 'alpha': 0.2, 'beta': 0.8, 'gamma': 0.0}"
tune,bimodal,hetero,high,d_cheap_a0.4_b0.0_g0.6,3,266,222,44,0.8345864661654135,0.8949441465796679,0.7263712144901768,30,0.35618930654325154,0.2651761524314934,10704.388179425829,93.41963157894737,199.934,"{'family': 'd_cheap', 'alpha': 0.4, 'beta': 0.0, 'gamma': 0.6}"
tune,bimodal,hetero,high,d_cheap_a0.4_b0.2_g0.4,3,266,227,39,0.8533834586466166,0.9161140913870273,0.7297201746942417,30,0.3387607137950756,0.25072921351593747,9220.940422914618,108.4488082706767,232.626,"{'family': 'd_cheap', 'alpha': 0.4, 'beta': 0.2, 'gamma': 0.4}"
tune,bimodal,hetero,high,d_cheap_a0.4_b0.4_g0.2,3,266,235,31,0.8834586466165414,0.94712783593631,0.7534268796283985,30,0.28452805947955473,0.2244620518512902,9192.16649100759,108.78828195488722,216.915,"{'family': 'd_cheap', 'alpha': 0.4, 'beta': 0.4, 'gamma': 0.2}"
tune,bimodal,hetero,high,d_cheap_a0.4_b0.6_g0.0,3,266,243,23,0.9135338345864662,0.9663915779305999,0.7390138630562777,30,0.2731889201219372,0.2041050015611886,11500.617920418492,86.95184962406016,164.568,"{'family': 'd_cheap', 'alpha': 0.4, 'beta': 0.6, 'gamma': 0.0}"
tune,bimodal,hetero,high,d_cheap_a0.6_b0.0_g0.4,3,266,222,44,0.8345864661654135,0.8949441465796679,0.7263712144901768,30,0.35618930654325154,0.2651761524314934,11623.035422991972,86.03604511278195,184.324,"{'family': 'd_cheap', 'alpha': 0.6, 'beta': 0.0, 'gamma': 0.4}"
tune,bimodal,hetero,high,d_cheap_a0.6_b0.2_g0.2,3,266,225,41,0.8458646616541353,0.9158498337426584,0.7290909064104413,30,0.33912572443450734,0.2513858925575536,10081.995046405036,99.18671804511278,213.68,"{'family': 'd_cheap', 'alpha': 0.6, 'beta': 0.2, 'gamma': 0.2}"
tune,bimodal,hetero,high,d_cheap_a0.6_b0.4_g0.0,3,266,235,31,0.8834586466165414,0.94712783593631,0.7534268796283985,30,0.28452805947955473,0.2244620518512902,12338.23403969414,81.04887593984962,157.494,"{'family': 'd_cheap', 'alpha': 0.6, 'beta': 0.4, 'gamma': 0.0}"
tune,bimodal,hetero,high,d_cheap_a0.8_b0.0_g0.2,3,266,222,44,0.8345864661654135,0.8949441465796679,0.7263712144901768,30,0.35618930654325154,0.2651761524314934,12075.030425899035,82.81552631578948,177.963,"{'family': 'd_cheap', 'alpha': 0.8, 'beta': 0.0, 'gamma': 0.2}"
tune,bimodal,hetero,high,d_cheap_a0.8_b0.2_g0.0,3,266,227,39,0.8533834586466166,0.9078436549378691,0.7214416946717523,30,0.3534787167343479,0.2566393248904831,13418.504177795787,74.52395488721804,155.24,"{'family': 'd_cheap', 'alpha': 0.8, 'beta': 0.2, 'gamma': 0.0}"
tune,bimodal,hetero,high,d_capacity_a0.0_b0.4_g0.6,3,266,231,35,0.868421052631579,0.9228665002484353,0.7403090440832467,30,0.32154299962761207,0.23956566980846236,7410.786527947887,134.93844360902256,283.531,"{'family': 'd_capacity', 'alpha': 0.0, 'beta': 0.4, 'gamma': 0.6}"
tune,bimodal,hetero,high,d_capacity_a0.0_b0.6_g0.4,3,266,239,27,0.8984962406015038,0.9541274783811377,0.7317613672938028,30,0.2948179029619708,0.21723858239351224,7100.639038827603,140.8323947368421,278.992,"{'family': 'd_capacity', 'alpha': 0.0, 'beta': 0.6, 'gamma': 0.4}"
tune,bimodal,hetero,high,d_capacity_a0.0_b0.8_g0.2,3,266,249,17,0.9360902255639098,0.9821471476892742,0.755735639202879,30,0.23298953980756335,0.18834470456240027,6261.4334421983185,159.70783834586467,284.813,"{'family': 'd_capacity', 'alpha': 0.0, 'beta': 0.8, 'gamma': 0.2}"
tune,bimodal,hetero,high,d_capacity_a0.0_b1.0_g0.0,3,266,248,18,0.9323308270676691,0.9641820696695719,0.7229617698149793,30,0.24351808759808916,0.08224350173184351,9400.559538267133,106.37664661654136,160.841,"{'family': 'd_capacity', 'alpha': 0.0, 'beta': 1.0, 'gamma': 0.0}"
tune,bimodal,hetero,high,d_capacity_a0.2_b0.2_g0.6,3,266,227,39,0.8533834586466166,0.9161140913870273,0.7297201746942417,30,0.3387607137950756,0.25072921351593747,8197.727460510145,121.98502631578948,266.458,"{'family': 'd_capacity', 'alpha': 0.2, 'beta': 0.2, 'gamma': 0.6}"
tune,bimodal,hetero,high,d_capacity_a0.2_b0.4_g0.4,3,266,235,31,0.8834586466165414,0.94712783593631,0.7534268796283985,30,0.28452805947955473,0.2244620518512902,7772.040330344438,128.66634210526317,260.177,"{'family': 'd_capacity', 'alpha': 0.2, 'beta': 0.4, 'gamma': 0.4}"
tune,bimodal,hetero,high,d_capacity_a0.2_b0.6_g0.2,3,266,241,25,0.9060150375939849,0.9671404662026375,0.741172995000443,30,0.2717786764498094,0.20673171772765334,7578.631291211302,131.94994736842105,256.67,"{'family': 'd_capacity', 'alpha': 0.2, 'beta': 0.6, 'gamma': 0.2}"
tune,bimodal,hetero,high,d_capacity_a0.2_b0.8_g0.0,3,266,249,17,0.9360902255639098,0.9862502291947333,0.7567802992072881,30,0.2318471654061605,0.18637466743755174,12317.64274029394,81.18436466165414,145.352,"{'family': 'd_capacity', 'alpha': 0.2, 'beta': 0.8, 'gamma': 0.0}"
tune,bimodal,hetero,high,d_capacity_a0.4_b0.0_g0.6,3,266,229,37,0.8609022556390977,0.9158178129340271,0.7363494785289916,30,0.3285043873649219,0.24416242309977562,9541.968987452885,104.80017293233082,228.588,"{'family': 'd_capacity', 'alpha': 0.4, 'beta': 0.0, 'gamma': 0.6}"
tune,bimodal,hetero,high,d_capacity_a0.4_b0.2_g0.4,3,266,227,39,0.8533834586466166,0.9161140913870273,0.7297201746942417,30,0.3387607137950756,0.25072921351593747,8827.531863905477,113.28194736842106,245.64,"{'family': 'd_capacity', 'alpha': 0.4, 'beta': 0.2, 'gamma': 0.4}"
tune,bimodal,hetero,high,d_capacity_a0.4_b0.4_g0.2,3,266,235,31,0.8834586466165414,0.94712783593631,0.7534268796283985,30,0.28452805947955473,0.2244620518512902,8348.072179064013,119.78813533834587,243.897,"{'family': 'd_capacity', 'alpha': 0.4, 'beta': 0.4, 'gamma': 0.2}"
tune,bimodal,hetero,high,d_capacity_a0.4_b0.6_g0.0,3,266,243,23,0.9135338345864662,0.9663915779305999,0.7390138630562777,30,0.2731889201219372,0.2041050015611886,14354.138505888515,69.66631954887218,131.065,"{'family': 'd_capacity', 'alpha': 0.4, 'beta': 0.6, 'gamma': 0.0}"
tune,bimodal,hetero,high,d_capacity_a0.6_b0.0_g0.4,3,266,229,37,0.8609022556390977,0.9158178129340271,0.7363494785289916,30,0.3285043873649219,0.24416242309977562,10037.064691372336,99.63072180451128,216.285,"{'family': 'd_capacity', 'alpha': 0.6, 'beta': 0.0, 'gamma': 0.4}"
tune,bimodal,hetero,high,d_capacity_a0.6_b0.2_g0.2,3,266,225,41,0.8458646616541353,0.9158498337426584,0.7290909064104413,30,0.33912572443450734,0.2513858925575536,9271.600092046772,107.85624812030075,235.381,"{'family': 'd_capacity', 'alpha': 0.6, 'beta': 0.2, 'gamma': 0.2}"
tune,bimodal,hetero,high,d_capacity_a0.6_b0.4_g0.0,3,266,235,31,0.8834586466165414,0.94712783593631,0.7534268796283985,30,0.28452805947955473,0.2244620518512902,15587.627783387761,64.15344360902256,126.066,"{'family': 'd_capacity', 'alpha': 0.6, 'beta': 0.4, 'gamma': 0.0}"
tune,bimodal,hetero,high,d_capacity_a0.8_b0.0_g0.2,3,266,229,37,0.8609022556390977,0.9158178129340271,0.7363494785289916,30,0.3285043873649219,0.24416242309977562,10443.47018296999,95.75361278195489,206.276,"{'family': 'd_capacity', 'alpha': 0.8, 'beta': 0.0, 'gamma': 0.2}"
tune,bimodal,hetero,high,d_capacity_a0.8_b0.2_g0.0,3,266,227,39,0.8533834586466166,0.9078436549378691,0.7214416946717523,30,0.3534787167343479,0.2566393248904831,16951.01030570446,58.993533834586465,121.928,"{'family': 'd_capacity', 'alpha': 0.8, 'beta': 0.2, 'gamma': 0.0}"
tune,bimodal,hetero,high,binpack,4,246,221,25,0.8983739837398373,0.971211514344851,0.6707163966512535,30,0.3315901653133022,0.25558289051545824,22405.12862502003,44.632638211382115,92.092,{}
tune,bimodal,hetero,high,hybrid_a0.1,4,246,227,19,0.9227642276422764,0.9734771376872428,0.7086515776155753,30,0.2820259913245009,0.21112994982767241,13507.343052909911,74.03380487804877,125.435,"{'family': 'hybrid', 'alpha': 0.1}"
tune,bimodal,hetero,high,hybrid_a0.2,4,246,229,17,0.9308943089430894,0.9785536938037401,0.715958782750273,30,0.27406242527562447,0.16021427134890284,14382.59131147659,69.5285,120.235,"{'family': 'hybrid', 'alpha': 0.2}"
tune,bimodal,hetero,high,hybrid_a0.3,4,246,230,16,0.9349593495934959,0.9792363099945407,0.7127232509265112,30,0.2769720610960133,0.15742755802559696,14906.975022090804,67.08269105691056,117.52,"{'family': 'hybrid', 'alpha': 0.3}"
tune,bimodal,hetero,high,hybrid_a0.4,4,246,226,20,0.9186991869918699,0.9689399386142122,0.6850745186859616,30,0.31697882304164626,0.18855848312827908,15942.084868272043,62.72705284552846,117.099,"{'family': 'hybrid', 'alpha': 0.4}"
tune,bimodal,hetero,high,hybrid_a0.5,4,246,224,22,0.9105691056910569,0.9797376237728843,0.6699721859310327,30,0.32462590865551616,0.2454776808844464,16994.51926753622,58.8425,117.439,"{'family': 'hybrid', 'alpha': 0.5}"
tune,bimodal,hetero,high,hybrid_a0.6,4,246,222,24,0.9024390243902439,0.9801117714189381,0.6669999792844052,30,0.32781069437585436,0.25019344537891863,17259.97963603053,57.93749593495935,116.178,"{'family': 'hybrid', 'alpha': 0.6}"
tune,bimodal,hetero,high,hybrid_a0.7,4,246,220,26,0.8943089430894309,0.9609884926769773,0.6720065066408868,30,0.33849168058690005,0.2085962345731494,17465.26595233729,57.2565,118.441,"{'family': 'hybrid', 'alpha': 0.7}"
tune,bimodal,hetero,high,hybrid_a0.8,4,246,222,24,0.9024390243902439,0.9655386006735645,0.6758572397628078,30,0.33205689762816526,0.18613852424415653,17647.552549892,56.66508130081301,115.837,"{'family': 'hybrid', 'alpha': 0.8}"
tune,bimodal,hetero,high,hybrid_a0.9,4,246,221,25,0.8983739837398373,0.9625607345181809,0.6780808105985016,30,0.33054055523135417,0.1773557135168034,17852.61490733985,56.01420325203252,113.643,"{'family': 'hybrid', 'alpha': 0.9}"
tune,bimodal,hetero,high,balance_l0.05,4,246,221,25,0.8983739837398373,0.9625607345181809,0.6780808105985016,30,0.33054055523135417,0.1773557135168034,21645.120679466734,46.19978861788618,95.619,"{'family': 'balance', 'lam': 0.05}"
tune,bimodal,hetero,high,balance_l0.1,4,246,221,25,0.8983739837398373,0.971211514344851,0.6707163966512535,30,0.3315901653133022,0.25558289051545824,21757.923466238866,45.960268292682926,95.699,"{'family': 'balance', 'lam': 0.1}"
tune,bimodal,hetero,high,balance_l0.2,4,246,221,25,0.8983739837398373,0.9676227699031565,0.6763256419193707,30,0.32405823212286133,0.19731478273690495,21864.159576368576,45.73695121951219,94.737,"{'family': 'balance', 'lam': 0.2}"
tune,bimodal,hetero,high,balance_l0.4,4,246,223,23,0.9065040650406504,0.9709254632657065,0.672732285679372,30,0.32946448506549036,0.25288816794718844,21546.27829646015,46.411727642276425,93.785,"{'family': 'balance', 'lam': 0.4}"
tune,bimodal,hetero,high,balance_l0.8,4,246,222,24,0.9024390243902439,0.9681802932464577,0.6724071690100129,30,0.3179338516482943,0.1881410806064333,20719.668195570423,48.26332113821138,93.805,"{'family': 'balance', 'lam': 0.8}"
tune,bimodal,hetero,high,wmatch_l0.05,4,246,221,25,0.8983739837398373,0.971211514344851,0.6707163966512535,30,0.3315901653133022,0.25558289051545824,15290.145426686426,65.40160162601626,136.205,"{'family': 'wmatch', 'lam': 0.05}"
tune,bimodal,hetero,high,wmatch_l0.1,4,246,221,25,0.8983739837398373,0.971211514344851,0.6707163966512535,30,0.3315901653133022,0.25558289051545824,15207.1802123182,65.75841056910569,136.805,"{'family': 'wmatch', 'lam': 0.1}"
tune,bimodal,hetero,high,wmatch_l0.2,4,246,221,25,0.8983739837398373,0.971211514344851,0.6707163966512535,30,0.3315901653133022,0.25558289051545824,15041.052903051608,66.48470731707317,134.812,"{'family': 'wmatch', 'lam': 0.2}"
tune,bimodal,hetero,high,wmatch_l0.4,4,246,221,25,0.8983739837398373,0.971211514344851,0.6707163966512535,30,0.3315901653133022,0.25558289051545824,15267.114932330685,65.50026016260162,135.574,"{'family': 'wmatch', 'lam': 0.4}"
tune,bimodal,hetero,high,wmatch_l0.8,4,246,221,25,0.8983739837398373,0.971211514344851,0.6707163966512535,30,0.3315901653133022,0.25558289051545824,15340.47243167441,65.1870406504065,135.904,"{'family': 'wmatch', 'lam': 0.8}"
tune,bimodal,hetero,high,d_cheap_a0.0_b0.4_g0.6,4,246,223,23,0.9065040650406504,0.9789876201879366,0.6691713795028258,30,0.3245151429264323,0.2488460840947837,14429.703791615839,69.30149186991869,130.383,"{'family': 'd_cheap', 'alpha': 0.0, 'beta': 0.4, 'gamma': 0.6}"
tune,bimodal,hetero,high,d_cheap_a0.0_b0.6_g0.4,4,246,225,21,0.9146341463414634,0.9693445090735059,0.6801946226266331,30,0.32728166467678627,0.24615136152651387,13369.249150903226,74.7985162601626,132.017,"{'family': 'd_cheap', 'alpha': 0.0, 'beta': 0.6, 'gamma': 0.4}"
tune,bimodal,hetero,high,d_cheap_a0.0_b0.8_g0.2,4,246,231,15,0.9390243902439024,0.9810802220330205,0.7180317128666854,30,0.27349741032554475,0.15238262292978066,11825.363607097392,84.56399593495935,136.556,"{'family': 'd_cheap', 'alpha': 0.0, 'beta': 0.8, 'gamma': 0.2}"
tune,bimodal,hetero,high,d_cheap_a0.0_b1.0_g0.0,4,246,230,16,0.9349593495934959,0.9710442809202043,0.642030237177808,30,0.33138285261638345,0.07440474375158204,11686.921622087712,85.56573170731707,123.291,"{'family': 'd_cheap', 'alpha': 0.0, 'beta': 1.0, 'gamma': 0.0}"
tune,bimodal,hetero,high,d_cheap_a0.2_b0.2_g0.6,4,246,221,25,0.8983739837398373,0.9674322308931402,0.6754783441378305,30,0.3308909871612068,0.1986782865036484,14471.241994932478,69.10256910569106,132.558,"{'family': 'd_cheap', 'alpha': 0.2, 'beta': 0.2, 'gamma': 0.6}"
tune,bimodal,hetero,high,d_cheap_a0.2_b0.4_g0.4,4,246,223,23,0.9065040650406504,0.9789876201879366,0.6691713795028258,30,0.3245151429264323,0.2488460840947837,14302.866096683887,69.91605691056911,132.037,"{'family': 'd_cheap', 'alpha': 0.2, 'beta': 0.4, 'gamma': 0.4}"
tune,bimodal,hetero,high,d_cheap_a0.2_b0.6_g0.2,4,246,224,22,0.9105691056910569,0.964774596936275,0.6749162517632005,30,0.3310461999872976,0.1598258789351038,13452.016574853009,74.33829674796749,134.101,"{'family': 'd_cheap', 'alpha': 0.2, 'beta': 0.6, 'gamma': 0.2}"
tune,bimodal,hetero,high,d_cheap_a0.2_b0.8_g0.0,4,246,229,17,0.9308943089430894,0.9785536938037401,0.715958782750273,30,0.27406242527562447,0.16021427134890284,15275.687030233814,65.46350406504065,112.931,"{'family': 'd_cheap', 'alpha': 0.2, 'beta': 0.8, 'gamma': 0.0}"
tune,bimodal,hetero,high,d_cheap_a0.4_b0.0_g0.6,4,246,221,25,0.8983739837398373,0.971211514344851,0.6707163966512535,30,0.3315901653133022,0.25558289051545824,16498.484956198536,60.61162601626016,117.26,"{'family': 'd_cheap', 'alpha': 0.4, 'beta': 0.0, 'gamma': 0.6}"
tune,bimodal,hetero,high,d_cheap_a0.4_b0.2_g0.4,4,246,222,24,0.9024390243902439,0.9696173568333813,0.6631069889135439,30,0.34463410802148187,0.25423552923132337,14713.000496952525,67.96710162601626,132.528,"{'family': 'd_cheap', 'alpha': 0.4, 'beta': 0.2, 'gamma': 0.4}"
tune,bimodal,hetero,high,d_cheap_a0.4_b0.4_g0.2,4,246,223,23,0.9065040650406504,0.9788838029626132,0.6701730750711565,30,0.3234096301327783,0.2252030430655222,14278.542676213325,70.03515853658537,133.139,"{'family': 'd_cheap', 'alpha': 0.4, 'beta': 0.4, 'gamma': 0.2}"
tune,bimodal,hetero,high,d_cheap_a0.4_b0.6_g0.0,4,246,226,20,0.9186991869918699,0.9689399386142122,0.6850745186859616,30,0.31697882304164626,0.18855848312827908,16881.61561178872,59.23603658536585,110.587,"{'family': 'd_cheap', 'alpha': 0.4, 'beta': 0.6, 'gamma': 0.0}"
tune,bimodal,hetero,high,d_cheap_a0.6_b0.0_g0.4,4,246,221,25,0.8983739837398373,0.971211514344851,0.6707163966512535,30,0.3315901653133022,0.25558289051545824,16735.432741214223,59.7534593495935,115.816,"{'family': 'd_cheap', 'alpha': 0.6, 'beta': 0.0, 'gamma': 0.4}"
tune,bimodal,hetero,high,d_cheap_a0.6_b0.2_g0.2,4,246,222,24,0.9024390243902439,0.9696173568333813,0.6631069889135439,30,0.34463410802148187,0.25423552923132337,14740.66849770537,67.83952845528455,132.919,"{'family': 'd_cheap', 'alpha': 0.6, 'beta': 0.2, 'gamma': 0.2}"
tune,bimodal,hetero,high,d_cheap_a0.6_b0.4_g0.0,4,246,222,24,0.9024390243902439,0.9801117714189381,0.6669999792844052,30,0.32781069437585436,0.25019344537891863,18068.88564334488,55.34375609756098,110.667,"{'family': 'd_cheap', 'alpha': 0.6, 'beta': 0.4, 'gamma': 0.0}"
tune,bimodal,hetero,high,d_cheap_a0.8_b0.0_g0.2,4,246,221,25,0.8983739837398373,0.971211514344851,0.6707163966512535,30,0.3315901653133022,0.25558289051545824,16770.116470504025,59.62987804878049,115.566,"{'family': 'd_cheap', 'alpha': 0.8, 'beta': 0.0, 'gamma': 0.2}"
tune,bimodal,hetero,high,d_cheap_a0.8_b0.2_g0.0,4,246,222,24,0.9024390243902439,0.9655386006735645,0.6758572397628078,30,0.33205689762816526,0.18613852424415653,18231.79458963343,54.84923577235772,111.619,"{'family': 'd_cheap', 'alpha': 0.8, 'beta': 0.2, 'gamma': 0.0}"
tune,bimodal,hetero,high,d_capacity_a0.0_b0.4_g0.6,4,246,222,24,0.9024390243902439,0.980604130676121,0.6697366526026385,30,0.32661023374559367,0.25019344537891863,10898.200441297377,91.75826829268293,185.477,"{'family': 'd_capacity', 'alpha': 0.0, 'beta': 0.4, 'gamma': 0.6}"
tune,bimodal,hetero,high,d_capacity_a0.0_b0.6_g0.4,4,246,225,21,0.9146341463414634,0.9658525143918012,0.6904067468893654,30,0.31167120345886584,0.14806851095764353,9883.44128247534,101.17933333333333,188.263,"{'family': 'd_capacity', 'alpha': 0.0, 'beta': 0.6, 'gamma': 0.4}"
tune,bimodal,hetero,high,d_capacity_a0.0_b0.8_g0.2,4,246,230,16,0.9349593495934959,0.9836493739861318,0.7219362371940341,30,0.2709873086314777,0.20371946276493036,9007.242921753348,111.02176422764227,194.113,"{'family': 'd_capacity', 'alpha': 0.0, 'beta': 0.8, 'gamma': 0.2}"
tune,bimodal,hetero,high,d_capacity_a0.0_b1.0_g0.0,4,246,230,16,0.9349593495934959,0.9710442809202043,0.642030237177808,30,0.33138285261638345,0.07440474375158204,11711.569187927886,85.38565447154471,123.591,"{'family': 'd_capacity', 'alpha': 0.0, 'beta': 1.0, 'gamma': 0.0}"
tune,bimodal,hetero,high,d_capacity_a0.2_b0.2_g0.6,4,246,220,26,0.8943089430894309,0.9618132673005121,0.6744604063008278,30,0.3347896997258591,0.2349550687315888,11022.15919976615,90.72632520325205,185.317,"{'family': 'd_capacity', 'alpha': 0.2, 'beta': 0.2, 'gamma': 0.6}"
tune,bimodal,hetero,high,d_capacity_a0.2_b0.4_g0.4,4,246,222,24,0.9024390243902439,0.9802550592325797,0.6680012842433282,30,0.3269526772305731,0.25019344537891863,10884.552638470868,91.87332113821138,183.113,"{'family': 'd_capacity', 'alpha': 0.2, 'beta': 0.4, 'gamma': 0.4}"
tune,bimodal,hetero,high,d_capacity_a0.2_b0.6_g0.2,4,246,223,23,0.9065040650406504,0.9660454970843325,0.6644345798144777,30,0.34540319355006416,0.1982571251472683,10307.395443100475,97.01771951219513,186.319,"{'family': 'd_capacity', 'alpha': 0.2, 'beta': 0.6, 'gamma': 0.2}"
tune,bimodal,hetero,high,d_capacity_a0.2_b0.8_g0.0,4,246,229,17,0.9308943089430894,0.9785536938037401,0.715958782750273,30,0.27406242527562447,0.16021427134890284,15479.731996757058,64.60060162601626,110.577,"{'family': 'd_capacity', 'alpha': 0.2, 'beta': 0.8, 'gamma': 0.0}"
tune,bimodal,hetero,high,d_capacity_a0.4_b0.0_g0.6,4,246,221,25,0.8983739837398373,0.971211514344851,0.6707163966512535,30,0.3315901653133022,0.25558289051545824,12288.333456216667,81.378,168.585,"{'family': 'd_capacity', 'alpha': 0.4, 'beta': 0.0, 'gamma': 0.6}"
tune,bimodal,hetero,high,d_capacity_a0.4_b0.2_g0.4,4,246,221,25,0.8983739837398373,0.9675095548325258,0.675910346739274,30,0.3305363084991486,0.2047768657534603,11025.103847738834,90.70209349593496,183.683,"{'family': 'd_capacity', 'alpha': 0.4, 'beta': 0.2, 'gamma': 0.4}"
tune,bimodal,hetero,high,d_capacity_a0.4_b0.4_g0.2,4,246,222,24,0.9024390243902439,0.9801117714189381,0.6669999792844052,30,0.32781069437585436,0.25019344537891863,10831.429797606808,92.32391463414633,182.672,"{'family': 'd_capacity', 'alpha': 0.4, 'beta': 0.4, 'gamma': 0.2}"
tune,bimodal,hetero,high,d_capacity_a0.4_b0.6_g0.0,4,246,226,20,0.9186991869918699,0.9689399386142122,0.6850745186859616,30,0.31697882304164626,0.18855848312827908,16819.57437451695,59.45453658536585,110.607,"{'family': 'd_capacity', 'alpha': 0.4, 'beta': 0.6, 'gamma': 0.0}"
tune,bimodal,hetero,high,d_capacity_a0.6_b0.0_g0.4,4,246,221,25,0.8983739837398373,0.971211514344851,0.6707163966512535,30,0.3315901653133022,0.25558289051545824,12303.540343733908,81.277418699187,167.383,"{'family': 'd_capacity', 'alpha': 0.6, 'beta': 0.0, 'gamma': 0.4}"
tune,bimodal,hetero,high,d_capacity_a0.6_b0.2_g0.2,4,246,221,25,0.8983739837398373,0.9675095548325258,0.675910346739274,30,0.3305363084991486,0.2047768657534603,10961.900533318742,91.22505691056911,182.372,"{'family': 'd_capacity', 'alpha': 0.6, 'beta': 0.2, 'gamma': 0.2}"
tune,bimodal,hetero,high,d_capacity_a0.6_b0.4_g0.0,4,246,222,24,0.9024390243902439,0.9801117714189381,0.6669999792844052,30,0.32781069437585436,0.25019344537891863,18123.81928106198,55.17600813008131,110.046,"{'family': 'd_capacity', 'alpha': 0.6, 'beta': 0.4, 'gamma': 0.0}"
tune,bimodal,hetero,high,d_capacity_a0.8_b0.0_g0.2,4,246,221,25,0.8983739837398373,0.971211514344851,0.6707163966512535,30,0.3315901653133022,0.25558289051545824,12383.766271815815,80.75087804878049,167.523,"{'family': 'd_capacity', 'alpha': 0.8, 'beta': 0.0, 'gamma': 0.2}"
tune,bimodal,hetero,high,d_capacity_a0.8_b0.2_g0.0,4,246,222,24,0.9024390243902439,0.9655386006735645,0.6758572397628078,30,0.33205689762816526,0.18613852424415653,18249.687325733106,54.7954593495935,110.427,"{'family': 'd_capacity', 'alpha': 0.8, 'beta': 0.2, 'gamma': 0.0}"
tune,bimodal,hetero,high,binpack,5,244,213,31,0.8729508196721312,0.9580620669527921,0.565931435462745,30,0.447154928347349,0.32996744342337503,23701.191693975652,42.19197131147541,85.23,{}
tune,bimodal,hetero,high,hybrid_a0.1,5,244,229,15,0.9385245901639344,0.9772260174016801,0.6386696063224452,30,0.34243639940023607,0.28706517049756475,12515.694629771902,79.89968032786885,118.372,"{'family': 'hybrid', 'alpha': 0.1}"
tune,bimodal,hetero,high,hybrid_a0.2,5,244,230,14,0.9426229508196722,0.9761349848339985,0.6378065302526291,30,0.3463221906037705,0.2858033389409233,13047.55271492033,76.64272540983607,116.619,"{'family': 'hybrid', 'alpha': 0.2}"
tune,bimodal,hetero,high,hybrid_a0.3,5,244,226,18,0.9262295081967213,0.9847146157374735,0.6051210527980462,30,0.3804328699662198,0.29274341250245145,13915.75323149169,71.86100409836067,115.837,"{'family': 'hybrid', 'alpha': 0.3}"
tune,bimodal,hetero,high,hybrid_a0.4,5,244,223,21,0.9139344262295082,0.9753371981431321,0.5807619412040628,30,0.4137918056680501,0.30409989651222474,15307.04841274377,65.32938114754099,115.666,"{'family': 'hybrid', 'alpha': 0.4}"
tune,bimodal,hetero,high,hybrid_a0.5,5,244,216,28,0.8852459016393442,0.9607826850992784,0.5618258978321916,30,0.454817817920887,0.3223964540835262,17377.522473801426,57.54560245901639,115.526,"{'family': 'hybrid', 'alpha': 0.5}"
tune,bimodal,hetero,high,hybrid_a0.6,5,244,215,29,0.8811475409836066,0.956827011099033,0.5566097243408041,30,0.4591597686787655,0.32555103297512983,17558.257976144516,56.953258196721315,114.234,"{'family': 'hybrid', 'alpha': 0.6}"
tune,bimodal,hetero,high,hybrid_a0.7,5,244,212,32,0.8688524590163934,0.9384439668497645,0.5648560021584689,30,0.4736082410068159,0.3388002643198654,18093.625912207946,55.26808196721312,114.224,"{'family': 'hybrid', 'alpha': 0.7}"
tune,bimodal,hetero,high,hybrid_a0.8,5,244,214,30,0.8770491803278688,0.9590706409846474,0.5573902453281938,30,0.45594672217109317,0.3287056118667335,17905.76650073256,55.84793032786885,112.08,"{'family': 'hybrid', 'alpha': 0.8}"
tune,bimodal,hetero,high,hybrid_a0.9,5,244,212,32,0.8688524590163934,0.945874476479596,0.5628410915189089,30,0.46870374287636735,0.3350147696499409,18297.26958994544,54.6529631147541,113.863,"{'family': 'hybrid', 'alpha': 0.9}"
tune,bimodal,hetero,high,balance_l0.05,5,244,212,32,0.8688524590163934,0.9369181210798406,0.5608539278727559,30,0.47648299174588116,0.34069301165482757,22034.92137687193,45.38250819672131,97.632,"{'family': 'balance', 'lam': 0.05}"
tune,bimodal,hetero,high,balance_l0.1,5,244,214,30,0.8770491803278688,0.9533675125296764,0.5640079639032488,30,0.4559910109973444,0.3287056118667335,21640.750242238933,46.20911885245902,94.537,"{'family': 'balance', 'lam': 0.1}"
tune,bimodal,hetero,high,balance_l0.2,5,244,214,30,0.8770491803278688,0.9589012981309678,0.5582793790969928,30,0.4548882455486146,0.3287056118667335,21531.823328918723,46.44288524590164,94.998,"{'family': 'balance', 'lam': 0.2}"
tune,bimodal,hetero,high,balance_l0.4,5,244,217,27,0.889344262295082,0.963950953975443,0.5773416281837143,30,0.43767321962237227,0.3192418751919225,21067.87534103623,47.46563114754098,96.07,"{'family': 'balance', 'lam': 0.4}"
tune,bimodal,hetero,high,balance_l0.8,5,244,220,24,0.9016393442622951,0.9581532889889838,0.5865879295344038,30,0.4288413487725851,0.31356363318703584,18623.341244182688,53.696057377049186,97.101,"{'family': 'balance', 'lam': 0.8}"
tune,bimodal,hetero,high,wmatch_l0.05,5,244,213,31,0.8729508196721312,0.9580620669527921,0.565931435462745,30,0.447154928347349,0.32996744342337503,14720.851627812466,67.93085245901639,141.154,"{'family': 'wmatch', 'lam': 0.05}"
tune,bimodal,hetero,high,wmatch_l0.1,5,244,213,31,0.8729508196721312,0.9580620669527921,0.565931435462745,30,0.447154928347349,0.32996744342337503,14684.76768908158,68.09777459016392,139.401,"{'family': 'wmatch', 'lam': 0.1}"
tune,bimodal,hetero,high,wmatch_l0.2,5,244,213,31,0.8729508196721312,0.9580620669527921,0.565931435462745,30,0.447154928347349,0.32996744342337503,14754.076750949127,67.77787704918033,137.447,"{'family': 'wmatch', 'lam': 0.2}"
tune,bimodal,hetero,high,wmatch_l0.4,5,244,213,31,0.8729508196721312,0.9580620669527921,0.565931435462745,30,0.447154928347349,0.32996744342337503,14515.621158231157,68.89129918032788,138.379,"{'family': 'wmatch', 'lam': 0.4}"
tune,bimodal,hetero,high,wmatch_l0.8,5,244,213,31,0.8729508196721312,0.9580620669527921,0.565931435462745,30,0.447154928347349,0.32996744342337503,14626.254246259366,68.37020491803278,138.008,"{'family': 'wmatch', 'lam': 0.8}"
tune,bimodal,hetero,high,d_cheap_a0.0_b0.4_g0.6,5,244,216,28,0.8852459016393442,0.958242126826529,0.5770537749511273,30,0.438288193712452,0.3223964540835262,13267.47806720032,75.37227459016393,149.63,"{'family': 'd_cheap', 'alpha': 0.0, 'beta': 0.4, 'gamma': 0.6}"
tune,bimodal,hetero,high,d_cheap_a0.0_b0.6_g0.4,5,244,222,22,0.9098360655737705,0.9778831728048715,0.5761412882547465,30,0.42095843327910565,0.3053617280688662,11675.63720866713,85.64843032786885,153.317,"{'family': 'd_cheap', 'alpha': 0.0, 'beta': 0.6, 'gamma': 0.4}"
tune,bimodal,hetero,high,d_cheap_a0.0_b0.8_g0.2,5,244,230,14,0.9426229508196722,0.9860054493305767,0.6248473824688545,30,0.3619973738885145,0.28391059160596116,9960.710304783448,100.39444672131147,154.069,"{'family': 'd_cheap', 'alpha': 0.0, 'beta': 0.8, 'gamma': 0.2}"
tune,bimodal,hetero,high,d_cheap_a0.0_b1.0_g0.0,5,244,227,17,0.930327868852459,0.9581905993594728,0.5948101525343635,30,0.3656726215858017,0.16879237971765,11428.690265538124,87.49909016393443,124.403,"{'family': 'd_cheap', 'alpha': 0.0, 'beta': 1.0, 'gamma': 0.0}"
tune,bimodal,hetero,high,d_cheap_a0.2_b0.2_g0.6,5,244,214,30,0.8770491803278688,0.9590700758397525,0.5701295479680749,30,0.44320685438631685,0.3287056118667335,13552.034285313755,73.78965983606558,145.933,"{'family': 'd_cheap', 'alpha': 0.2, 'beta': 0.2, 'gamma': 0.6}"
tune,bimodal,hetero,high,d_cheap_a0.2_b0.4_g0.4,5,244,216,28,0.8852459016393442,0.9581948770476582,0.5762613054597414,30,0.4390334134249669,0.3223964540835262,13215.986208576753,75.66593852459016,149.53,"{'family': 'd_cheap', 'alpha': 0.2, 'beta': 0.4, 'gamma': 0.4}"
tune,bimodal,hetero,high,d_cheap_a0.2_b0.6_g0.2,5,244,222,22,0.9098360655737705,0.9777372650392018,0.5838031405862769,30,0.41315067318190546,0.3053617280688662,11497.428369254238,86.97597131147542,151.183,"{'family': 'd_cheap', 'alpha': 0.2, 'beta': 0.6, 'gamma': 0.2}"
tune,bimodal,hetero,high,d_cheap_a0.2_b0.8_g0.0,5,244,230,14,0.9426229508196722,0.9761349848339985,0.6378065302526291,30,0.3463221906037705,0.2858033389409233,12932.781075313043,77.3228893442623,118.171,"{'family': 'd_cheap', 'alpha': 0.2, 'beta': 0.8, 'gamma': 0.0}"
tune,bimodal,hetero,high,d_cheap_a0.4_b0.0_g0.6,5,244,213,31,0.8729508196721312,0.9580620669527921,0.565931435462745,30,0.447154928347349,0.32996744342337503,16227.110380595568,61.62526639344262,125.916,"{'family': 'd_cheap', 'alpha': 0.4, 'beta': 0.0, 'gamma': 0.6}"
tune,bimodal,hetero,high,d_cheap_a0.4_b0.2_g0.4,5,244,214,30,0.8770491803278688,0.9592039455221127,0.5668035080495191,30,0.44666676398723315,0.3287056118667335,14060.03265154468,71.12359016393442,143.759,"{'family': 'd_cheap', 'alpha': 0.4, 'beta': 0.2, 'gamma': 0.4}"
tune,bimodal,hetero,high,d_cheap_a0.4_b0.4_g0.2,5,244,215,29,0.8811475409836066,0.9580648576811774,0.5607369229736844,30,0.45886345411831925,0.32365828564016763,14170.89436521682,70.5671762295082,146.134,"{'family': 'd_cheap', 'alpha': 0.4, 'beta': 0.4, 'gamma': 0.2}"
tune,bimodal,hetero,high,d_cheap_a0.4_b0.6_g0.0,5,244,223,21,0.9139344262295082,0.9753371981431321,0.5807619412040628,30,0.4137918056680501,0.30409989651222474,15718.756909166716,63.61826229508196,113.603,"{'family': 'd_cheap', 'alpha': 0.4, 'beta': 0.6, 'gamma': 0.0}"
tune,bimodal,hetero,high,d_cheap_a0.6_b0.0_g0.4,5,244,213,31,0.8729508196721312,0.9580620669527921,0.565931435462745,30,0.447154928347349,0.32996744342337503,16072.769066717537,62.21703278688525,126.286,"{'family': 'd_cheap', 'alpha': 0.6, 'beta': 0.0, 'gamma': 0.4}"
tune,bimodal,hetero,high,d_cheap_a0.6_b0.2_g0.2,5,244,214,30,0.8770491803278688,0.9590706409846474,0.5573902453281938,30,0.45594672217109317,0.3287056118667335,14173.136597031064,70.55601229508197,142.977,"{'family': 'd_cheap', 'alpha': 0.6, 'beta': 0.2, 'gamma': 0.2}"
tune,bimodal,hetero,high,d_cheap_a0.6_b0.4_g0.0,5,244,215,29,0.8811475409836066,0.956827011099033,0.5566097243408041,30,0.4591597686787655,0.32555103297512983,18069.456324124574,55.34200819672131,112.872,"{'family': 'd_cheap', 'alpha': 0.6, 'beta': 0.4, 'gamma': 0.0}"
tune,bimodal,hetero,high,d_cheap_a0.8_b0.0_g0.2,5,244,213,31,0.8729508196721312,0.9580620669527921,0.565931435462745,30,0.447154928347349,0.32996744342337503,16010.968300710658,62.4571844262295,126.626,"{'family': 'd_cheap', 'alpha': 0.8, 'beta': 0.0, 'gamma': 0.2}"
tune,bimodal,hetero,high,d_cheap_a0.8_b0.2_g0.0,5,244,214,30,0.8770491803278688,0.9590706409846474,0.5573902453281938,30,0.45594672217109317,0.3287056118667335,18365.338825071427,54.45039754098361,109.274,"{'family': 'd_cheap', 'alpha': 0.8, 'beta': 0.2, 'gamma': 0.0}"
tune,bimodal,hetero,high,d_capacity_a0.0_b0.4_g0.6,5,244,216,28,0.8852459016393442,0.9581930909007574,0.5779246192512129,30,0.4373683134865949,0.3223964540835262,9881.637823151324,101.19779918032788,207.078,"{'family': 'd_capacity', 'alpha': 0.0, 'beta': 0.4, 'gamma': 0.6}"
tune,bimodal,hetero,high,d_capacity_a0.0_b0.6_g0.4,5,244,225,19,0.9221311475409836,0.9798428548573939,0.6006599072978336,30,0.39839949628854093,0.29589799139405515,8543.775750817558,117.04427049180329,211.817,"{'family': 'd_capacity', 'alpha': 0.0, 'beta': 0.6, 'gamma': 0.4}"
tune,bimodal,hetero,high,d_capacity_a0.0_b0.8_g0.2,5,244,229,15,0.9385245901639344,0.9803483210794103,0.628873833124038,30,0.35414159797323214,0.28517242316260255,7327.192885439849,136.47791393442623,214.752,"{'family': 'd_capacity', 'alpha': 0.0, 'beta': 0.8, 'gamma': 0.2}"
tune,bimodal,hetero,high,d_capacity_a0.0_b1.0_g0.0,5,244,227,17,0.930327868852459,0.9581905993594728,0.5948101525343635,30,0.3656726215858017,0.16879237971765,11695.676578113458,85.50168032786884,122.539,"{'family': 'd_capacity', 'alpha': 0.0, 'beta': 1.0, 'gamma': 0.0}"
tune,bimodal,hetero,high,d_capacity_a0.2_b0.2_g0.6,5,244,214,30,0.8770491803278688,0.9589960212370685,0.5688786281793469,30,0.44438371957236117,0.3287056118667335,10001.066917097754,99.98933196721312,208.39,"{'family': 'd_capacity', 'alpha': 0.2, 'beta': 0.2, 'gamma': 0.6}"
tune,bimodal,hetero,high,d_capacity_a0.2_b0.4_g0.4,5,244,214,30,0.8770491803278688,0.9552910075062958,0.5723486703170411,30,0.4444296265965898,0.3287056118667335,9934.256798502533,100.66178278688525,211.175,"{'family': 'd_capacity', 'alpha': 0.2, 'beta': 0.4, 'gamma': 0.4}"
tune,bimodal,hetero,high,d_capacity_a0.2_b0.6_g0.2,5,244,224,20,0.9180327868852459,0.9780322635469892,0.5916243393937014,30,0.40562447288226855,0.2990525702856588,8436.142189517035,118.53759426229509,211.997,"{'family': 'd_capacity', 'alpha': 0.2, 'beta': 0.6, 'gamma': 0.2}"
tune,bimodal,hetero,high,d_capacity_a0.2_b0.8_g0.0,5,244,230,14,0.9426229508196722,0.9761349848339985,0.6378065302526291,30,0.3463221906037705,0.2858033389409233,13227.00197044383,75.60292213114754,113.763,"{'family': 'd_capacity', 'alpha': 0.2, 'beta': 0.8, 'gamma': 0.0}"
tune,bimodal,hetero,high,d_capacity_a0.4_b0.0_g0.6,5,244,213,31,0.8729508196721312,0.9580620669527921,0.565931435462745,30,0.447154928347349,0.32996744342337503,11310.483098082239,88.41355327868852,187.22,"{'family': 'd_capacity', 'alpha': 0.4, 'beta': 0.0, 'gamma': 0.6}"
tune,bimodal,hetero,high,d_capacity_a0.4_b0.2_g0.4,5,244,214,30,0.8770491803278688,0.9589882164445356,0.5694176232552858,30,0.4443257407252429,0.3287056118667335,10170.67857558646,98.32185655737705,205.895,"{'family': 'd_capacity', 'alpha': 0.4, 'beta': 0.2, 'gamma': 0.4}"
tune,bimodal,hetero,high,d_capacity_a0.4_b0.4_g0.2,5,244,213,31,0.8729508196721312,0.9371469242042588,0.567838317223805,30,0.4637653110838463,0.3356456854282617,10132.241531709224,98.69484426229508,208.43,"{'family': 'd_capacity', 'alpha': 0.4, 'beta': 0.4, 'gamma': 0.2}"
tune,bimodal,hetero,high,d_capacity_a0.4_b0.6_g0.0,5,244,223,21,0.9139344262295082,0.9753371981431321,0.5807619412040628,30,0.4137918056680501,0.30409989651222474,15720.320550221528,63.6119344262295,112.049,"{'family': 'd_capacity', 'alpha': 0.4, 'beta': 0.6, 'gamma': 0.0}"
tune,bimodal,hetero,high,d_capacity_a0.6_b0.0_g0.4,5,244,213,31,0.8729508196721312,0.9580620669527921,0.565931435462745,30,0.447154928347349,0.32996744342337503,11287.444013815091,88.59401639344263,186.74,"{'family': 'd_capacity', 'alpha': 0.6, 'beta': 0.0, 'gamma': 0.4}"
tune,bimodal,hetero,high,d_capacity_a0.6_b0.2_g0.2,5,244,214,30,0.8770491803278688,0.9590706409846474,0.5573902453281938,30,0.45594672217109317,0.3287056118667335,10255.323942146522,97.51032786885246,206.165,"{'family': 'd_capacity', 'alpha': 0.6, 'beta': 0.2, 'gamma': 0.2}"
tune,bimodal,hetero,high,d_capacity_a0.6_b0.4_g0.0,5,244,215,29,0.8811475409836066,0.956827011099033,0.5566097243408041,30,0.4591597686787655,0.32555103297512983,17915.674298621543,55.81704508196721,112.571,"{'family': 'd_capacity', 'alpha': 0.6, 'beta': 0.4, 'gamma': 0.0}"
tune,bimodal,hetero,high,d_capacity_a0.8_b0.0_g0.2,5,244,213,31,0.8729508196721312,0.9580620669527921,0.565931435462745,30,0.447154928347349,0.32996744342337503,11351.534650722351,88.0938155737705,182.712,"{'family': 'd_capacity', 'alpha': 0.8, 'beta': 0.0, 'gamma': 0.2}"
tune,bimodal,hetero,high,d_capacity_a0.8_b0.2_g0.0,5,244,214,30,0.8770491803278688,0.9590706409846474,0.5573902453281938,30,0.45594672217109317,0.3287056118667335,18295.94287466754,54.656926229508194,111.028,"{'family': 'd_capacity', 'alpha': 0.8, 'beta': 0.2, 'gamma': 0.0}"
tune,bimodal,hetero,high,binpack,6,266,239,27,0.8984962406015038,0.972629592237996,0.6664309283109038,30,0.3377667992994417,0.25086856992198275,22729.91976081972,43.99487593984963,84.138,{}
tune,bimodal,hetero,high,hybrid_a0.1,6,266,247,19,0.9285714285714286,0.975052748050481,0.7005068098133216,30,0.2863704937407139,0.23313764850001786,13691.954797812808,73.03559022556391,115.857,"{'family': 'hybrid', 'alpha': 0.1}"
tune,bimodal,hetero,high,hybrid_a0.2,6,266,247,19,0.9285714285714286,0.981541906725143,0.7028338593538295,30,0.2867651070615912,0.23313764850001792,14203.384239294774,70.40575563909773,114.394,"{'family': 'hybrid', 'alpha': 0.2}"
tune,bimodal,hetero,high,hybrid_a0.3,6,266,244,22,0.9172932330827067,0.9773735033672798,0.6954095128260825,30,0.2998646636482285,0.23693713166186753,15059.899902620196,66.40150375939851,112.16,"{'family': 'hybrid', 'alpha': 0.3}"
tune,bimodal,hetero,high,hybrid_a0.4,6,266,241,25,0.9060150375939849,0.9707546704858653,0.6579626585305395,30,0.345734660230416,0.2464358395664916,16484.52505914288,60.66295488721805,109.545,"{'family': 'hybrid', 'alpha': 0.4}"
tune,bimodal,hetero,high,hybrid_a0.5,6,266,238,28,0.8947368421052632,0.9728768885477296,0.6538983124074315,30,0.3519212244153883,0.25403480589019084,16896.977981840195,59.18218045112782,110.807,"{'family': 'hybrid', 'alpha': 0.5}"
tune,bimodal,hetero,high,hybrid_a0.6,6,266,241,25,0.9060150375939849,0.9798534120877338,0.676604676223525,30,0.3156596962428836,0.24453609798556677,16763.83282475688,59.65222932330827,112.42,"{'family': 'hybrid', 'alpha': 0.6}"
tune,bimodal,hetero,high,hybrid_a0.7,6,266,241,25,0.9060150375939849,0.9812350883962466,0.6832333856881473,30,0.3143201940613632,0.24453609798556672,16955.59921374464,58.977567669172934,112.41,"{'family': 'hybrid', 'alpha': 0.7}"
tune,bimodal,hetero,high,hybrid_a0.8,6,266,234,32,0.8796992481203008,0.9504016325070044,0.6599192472734016,30,0.3699375147087662,0.2704992329248725,17700.41999237152,56.49583458646617,110.226,"{'family': 'hybrid', 'alpha': 0.8}"
tune,bimodal,hetero,high,hybrid_a0.9,6,266,235,31,0.8834586466165414,0.9562568324484769,0.661489737203953,30,0.3570044795826123,0.26733299695666446,17800.016943474773,56.179721804511274,109.965,"{'family': 'hybrid', 'alpha': 0.9}"
tune,bimodal,hetero,high,balance_l0.05,6,266,241,25,0.9060150375939849,0.9800354702833249,0.6825145918329751,30,0.31632125868260313,0.24453609798556672,20286.28679043945,49.29438345864662,95.058,"{'family': 'balance', 'lam': 0.05}"
tune,bimodal,hetero,high,balance_l0.1,6,266,235,31,0.8834586466165414,0.9557391869157971,0.6527691194555629,30,0.36624489849073044,0.26733299695666446,21252.940755829677,47.05231203007519,93.225,"{'family': 'balance', 'lam': 0.1}"
tune,bimodal,hetero,high,balance_l0.2,6,266,234,32,0.8796992481203008,0.950187592381892,0.6615615245717458,30,0.36888930826019456,0.2704992329248725,21288.92772473064,46.972774436090226,93.896,"{'family': 'balance', 'lam': 0.2}"
tune,bimodal,hetero,high,balance_l0.4,6,266,239,27,0.8984962406015038,0.9715703815372806,0.6720785121620163,30,0.3340754874126651,0.25086856992198275,20344.717528511475,49.152808270676694,93.475,"{'family': 'balance', 'lam': 0.4}"
tune,bimodal,hetero,high,balance_l0.8,6,266,239,27,0.8984962406015038,0.9669628035628589,0.6815914281330808,30,0.32338370898288366,0.2546680530838324,19319.176250660646,51.76204135338346,95.649,"{'family': 'balance', 'lam': 0.8}"
tune,bimodal,hetero,high,wmatch_l0.05,6,266,239,27,0.8984962406015038,0.972629592237996,0.6664309283109038,30,0.3377667992994417,0.25086856992198275,14068.879010232147,71.07886842105263,139.812,"{'family': 'wmatch', 'lam': 0.05}"
tune,bimodal,hetero,high,wmatch_l0.1,6,266,239,27,0.8984962406015038,0.972629592237996,0.6664309283109038,30,0.3377667992994417,0.25086856992198275,14104.559325314236,70.89906015037594,136.305,"{'family': 'wmatch', 'lam': 0.1}"
tune,bimodal,hetero,high,wmatch_l0.2,6,266,239,27,0.8984962406015038,0.972629592237996,0.6664309283109038,30,0.3377667992994417,0.25086856992198275,14151.545173168628,70.66366165413534,136.926,"{'family': 'wmatch', 'lam': 0.2}"
tune,bimodal,hetero,high,wmatch_l0.4,6,266,239,27,0.8984962406015038,0.972629592237996,0.6664309283109038,30,0.3377667992994417,0.25086856992198275,14020.495012024421,71.32415789473684,137.628,"{'family': 'wmatch', 'lam': 0.4}"
tune,bimodal,hetero,high,wmatch_l0.8,6,266,239,27,0.8984962406015038,0.972629592237996,0.6664309283109038,30,0.3377667992994417,0.25086856992198275,14130.913242673785,70.76683458646617,135.563,"{'family': 'wmatch', 'lam': 0.8}"
tune,bimodal,hetero,high,d_cheap_a0.0_b0.4_g0.6,6,266,241,25,0.9060150375939849,0.9775721322211253,0.6805718570010157,30,0.3120360868239667,0.24453609798556672,13153.926956540316,76.02292481203007,142.096,"{'family': 'd_cheap', 'alpha': 0.0, 'beta': 0.4, 'gamma': 0.6}"
tune,bimodal,hetero,high,d_cheap_a0.0_b0.6_g0.4,6,266,243,23,0.9135338345864662,0.983185073059266,0.6649158539157827,30,0.3292415122650781,0.2401033676300755,12604.596232846316,79.33613909774436,143.408,"{'family': 'd_cheap', 'alpha': 0.0, 'beta': 0.6, 'gamma': 0.4}"
tune,bimodal,hetero,high,d_cheap_a0.0_b0.8_g0.2,6,266,247,19,0.9285714285714286,0.9801198051147237,0.7076675824702142,30,0.2785622574509891,0.23313764850001792,10916.806994833272,91.60187593984962,144.901,"{'family': 'd_cheap', 'alpha': 0.0, 'beta': 0.8, 'gamma': 0.2}"
tune,bimodal,hetero,high,d_cheap_a0.0_b1.0_g0.0,6,266,250,16,0.9398496240601504,0.9793757487504741,0.6611961378278237,30,0.32044971842084935,0.2236389405953938,11652.750318490254,85.81665037593984,120.676,"{'family': 'd_cheap', 'alpha': 0.0, 'beta': 1.0, 'gamma': 0.0}"
tune,bimodal,hetero,high,d_cheap_a0.2_b0.2_g0.6,6,266,233,33,0.8759398496240601,0.9485062105559847,0.6582286512486951,30,0.3724926948947311,0.2736654688930805,13995.396251233147,71.45206766917293,137.367,"{'family': 'd_cheap', 'alpha': 0.2, 'beta': 0.2, 'gamma': 0.6}"
tune,bimodal,hetero,high,d_cheap_a0.2_b0.4_g0.4,6,266,241,25,0.9060150375939849,0.9796900271219439,0.6759516521116274,30,0.3161493353889913,0.24453609798556677,13041.140533046324,76.68040977443609,139.681,"{'family': 'd_cheap', 'alpha': 0.2, 'beta': 0.4, 'gamma': 0.4}"
tune,bimodal,hetero,high,d_cheap_a0.2_b0.6_g0.2,6,266,243,23,0.9135338345864662,0.9822317178023241,0.6682362549751861,30,0.3249677559487328,0.23820362604915069,12467.378004011216,80.20932706766918,142.477,"{'family': 'd_cheap', 'alpha': 0.2, 'beta': 0.6, 'gamma': 0.2}"
tune,bimodal,hetero,high,d_cheap_a0.2_b0.8_g0.0,6,266,247,19,0.9285714285714286,0.981541906725143,0.7028338593538295,30,0.2867651070615912,0.23313764850001792,14066.647033293902,71.09014661654136,113.583,"{'family': 'd_cheap', 'alpha': 0.2, 'beta': 0.8, 'gamma': 0.0}"
tune,bimodal,hetero,high,d_cheap_a0.4_b0.0_g0.6,6,266,239,27,0.8984962406015038,0.972629592237996,0.6664309283109038,30,0.3377667992994417,0.25086856992198275,15176.666092692003,65.89062406015039,123.0,"{'family': 'd_cheap', 'alpha': 0.4, 'beta': 0.0, 'gamma': 0.6}"
tune,bimodal,hetero,high,d_cheap_a0.4_b0.2_g0.4,6,266,233,33,0.8759398496240601,0.9485062105559847,0.6582286512486951,30,0.3724926948947311,0.2736654688930805,13897.894364508329,71.95334586466164,139.361,"{'family': 'd_cheap', 'alpha': 0.4, 'beta': 0.2, 'gamma': 0.4}"
tune,bimodal,hetero,high,d_cheap_a0.4_b0.4_g0.2,6,266,241,25,0.9060150375939849,0.9798534120877338,0.676604676223525,30,0.3156596962428836,0.24453609798556677,13151.478381911318,76.03707894736843,139.851,"{'family': 'd_cheap', 'alpha': 0.4, 'beta': 0.4, 'gamma': 0.2}"
tune,bimodal,hetero,high,d_cheap_a0.4_b0.6_g0.0,6,266,241,25,0.9060150375939849,0.9707546704858653,0.6579626585305395,30,0.345734660230416,0.2464358395664916,16573.959455982837,60.335612781954886,112.35,"{'family': 'd_cheap', 'alpha': 0.4, 'beta': 0.6, 'gamma': 0.0}"
tune,bimodal,hetero,high,d_cheap_a0.6_b0.0_g0.4,6,266,239,27,0.8984962406015038,0.972629592237996,0.6664309283109038,30,0.3377667992994417,0.25086856992198275,15264.939670203847,65.50959398496241,122.339,"{'family': 'd_cheap', 'alpha': 0.6, 'beta': 0.0, 'gamma': 0.4}"
tune,bimodal,hetero,high,d_cheap_a0.6_b0.2_g0.2,6,266,233,33,0.8759398496240601,0.9485062105559847,0.6582286512486951,30,0.3724926948947311,0.2736654688930805,13965.934879680846,71.6027969924812,136.655,"{'family': 'd_cheap', 'alpha': 0.6, 'beta': 0.2, 'gamma': 0.2}"
tune,bimodal,hetero,high,d_cheap_a0.6_b0.4_g0.0,6,266,241,25,0.9060150375939849,0.9798534120877338,0.676604676223525,30,0.3156596962428836,0.24453609798556677,16738.3647599278,59.74299248120301,112.691,"{'family': 'd_cheap', 'alpha': 0.6, 'beta': 0.4, 'gamma': 0.0}"
tune,bimodal,hetero,high,d_cheap_a0.8_b0.0_g0.2,6,266,239,27,0.8984962406015038,0.972629592237996,0.6664309283109038,30,0.3377667992994417,0.25086856992198275,15236.89418022817,65.63017293233082,122.68,"{'family': 'd_cheap', 'alpha': 0.8, 'beta': 0.0, 'gamma': 0.2}"
tune,bimodal,hetero,high,d_cheap_a0.8_b0.2_g0.0,6,266,234,32,0.8796992481203008,0.9504016325070044,0.6599192472734016,30,0.3699375147087662,0.2704992329248725,17650.19620250057,56.656593984962406,109.405,"{'family': 'd_cheap', 'alpha': 0.8, 'beta': 0.2, 'gamma': 0.0}"
tune,bimodal,hetero,high,d_capacity_a0.0_b0.4_g0.6,6,266,241,25,0.9060150375939849,0.9796507037026636,0.6772915637675418,30,0.3147701003137965,0.24453609798556677,9474.577340351501,105.5456052631579,205.535,"{'family': 'd_capacity', 'alpha': 0.0, 'beta': 0.4, 'gamma': 0.6}"
tune,bimodal,hetero,high,d_capacity_a0.0_b0.6_g0.4,6,266,244,22,0.9172932330827067,0.9849322558172388,0.6763978221391629,30,0.31687120392777807,0.23693713166186747,8897.422684240035,112.3920977443609,207.628,"{'family': 'd_capacity', 'alpha': 0.0, 'beta': 0.6, 'gamma': 0.4}"
tune,bimodal,hetero,high,d_capacity_a0.0_b0.8_g0.2,6,266,247,19,0.9285714285714286,0.9800167644423099,0.7072147338238269,30,0.2810175236303308,0.22933816533816828,7887.089611155216,126.78948120300751,215.744,"{'family': 'd_capacity', 'alpha': 0.0, 'beta': 0.8, 'gamma': 0.2}"
tune,bimodal,hetero,high,d_capacity_a0.0_b1.0_g0.0,6,266,250,16,0.9398496240601504,0.9793757487504741,0.6611961378278237,30,0.32044971842084935,0.2236389405953938,11460.732879399267,87.25445488721805,126.046,"{'family': 'd_capacity', 'alpha': 0.0, 'beta': 1.0, 'gamma': 0.0}"
tune,bimodal,hetero,high,d_capacity_a0.2_b0.2_g0.6,6,266,235,31,0.8834586466165414,0.9504428819344775,0.6533929434378047,30,0.37453189707413903,0.26923273853758933,10191.319807715083,98.12271804511278,198.251,"{'family': 'd_capacity', 'alpha': 0.2, 'beta': 0.2, 'gamma': 0.6}"
tune,bimodal,hetero,high,d_capacity_a0.2_b0.4_g0.4,6,266,241,25,0.9060150375939849,0.9796507037026636,0.6772915637675418,30,0.3147701003137965,0.24453609798556677,9628.35107791381,103.85994360902255,196.267,"{'family': 'd_capacity', 'alpha': 0.2, 'beta': 0.4, 'gamma': 0.4}"
tune,bimodal,hetero,high,d_capacity_a0.2_b0.6_g0.2,6,266,243,23,0.9135338345864662,0.981797985799418,0.6663922693040729,30,0.32637800961693997,0.23820362604915069,9137.519496666951,109.4388909774436,204.232,"{'family': 'd_capacity', 'alpha': 0.2, 'beta': 0.6, 'gamma': 0.2}"
tune,bimodal,hetero,high,d_capacity_a0.2_b0.8_g0.0,6,266,247,19,0.9285714285714286,0.981541906725143,0.7028338593538295,30,0.2867651070615912,0.23313764850001792,14118.865989668813,70.82721804511277,112.871,"{'family': 'd_capacity', 'alpha': 0.2, 'beta': 0.8, 'gamma': 0.0}"
tune,bimodal,hetero,high,d_capacity_a0.4_b0.0_g0.6,6,266,239,27,0.8984962406015038,0.972629592237996,0.6664309283109038,30,0.3377667992994417,0.25086856992198275,10876.590645158876,91.94057518796993,183.633,"{'family': 'd_capacity', 'alpha': 0.4, 'beta': 0.0, 'gamma': 0.6}"
tune,bimodal,hetero,high,d_capacity_a0.4_b0.2_g0.4,6,266,233,33,0.8759398496240601,0.9485226422132533,0.6564620385581007,30,0.37427573924259405,0.2736654688930805,10298.627282031586,97.10031954887218,194.854,"{'family': 'd_capacity', 'alpha': 0.4, 'beta': 0.2, 'gamma': 0.4}"
tune,bimodal,hetero,high,d_capacity_a0.4_b0.4_g0.2,6,266,241,25,0.9060150375939849,0.9798140886684537,0.6779445878794397,30,0.31428046116768876,0.24453609798556677,9520.044794316032,105.04152255639097,200.665,"{'family': 'd_capacity', 'alpha': 0.4, 'beta': 0.4, 'gamma': 0.2}"
tune,bimodal,hetero,high,d_capacity_a0.4_b0.6_g0.0,6,266,241,25,0.9060150375939849,0.9707546704858653,0.6579626585305395,30,0.345734660230416,0.2464358395664916,16447.858618659364,60.79818796992481,112.931,"{'family': 'd_capacity', 'alpha': 0.4, 'beta': 0.6, 'gamma': 0.0}"
tune,bimodal,hetero,high,d_capacity_a0.6_b0.0_g0.4,6,266,239,27,0.8984962406015038,0.972629592237996,0.6664309283109038,30,0.3377667992994417,0.25086856992198275,10859.684909916668,92.08370300751879,179.155,"{'family': 'd_capacity', 'alpha': 0.6, 'beta': 0.0, 'gamma': 0.4}"
tune,bimodal,hetero,high,d_capacity_a0.6_b0.2_g0.2,6,266,233,33,0.8759398496240601,0.9485062105559847,0.6582286512486951,30,0.3724926948947311,0.2736654688930805,10222.710196503933,97.82141729323308,198.251,"{'family': 'd_capacity', 'alpha': 0.6, 'beta': 0.2, 'gamma': 0.2}"
tune,bimodal,hetero,high,d_capacity_a0.6_b0.4_g0.0,6,266,241,25,0.9060150375939849,0.9798534120877338,0.676604676223525,30,0.3156596962428836,0.24453609798556677,16837.127816397322,59.392552631578944,111.168,"{'family': 'd_capacity', 'alpha': 0.6, 'beta': 0.4, 'gamma': 0.0}"
tune,bimodal,hetero,high,d_capacity_a0.8_b0.0_g0.2,6,266,239,27,0.8984962406015038,0.972629592237996,0.6664309283109038,30,0.3377667992994417,0.25086856992198275,10947.521123159695,91.34487969924812,179.716,"{'family': 'd_capacity', 'alpha': 0.8, 'beta': 0.0, 'gamma': 0.2}"
tune,bimodal,hetero,high,d_capacity_a0.8_b0.2_g0.0,6,266,234,32,0.8796992481203008,0.9504016325070044,0.6599192472734016,30,0.3699375147087662,0.2704992329248725,17747.061276799646,56.34735714285714,109.164,"{'family': 'd_capacity', 'alpha': 0.8, 'beta': 0.2, 'gamma': 0.0}"
tune,bimodal,hetero,high,binpack,7,261,225,36,0.8620689655172413,0.9276404309688705,0.7082593161694638,30,0.34117095460053654,0.2640570987115003,24574.077568217075,40.69328735632184,83.496,{}
tune,bimodal,hetero,high,hybrid_a0.1,7,261,244,17,0.9348659003831418,0.9833222090305148,0.747376479442356,30,0.24113621104197275,0.12422569858224462,14292.510073070867,69.9667164750958,114.785,"{'family': 'hybrid', 'alpha': 0.1}"
tune,bimodal,hetero,high,hybrid_a0.2,7,261,243,18,0.9310344827586207,0.9757812812825708,0.7382837575181308,30,0.2449100415208945,0.07642941904650233,15000.29483338121,66.66535632183908,113.462,"{'family': 'hybrid', 'alpha': 0.2}"
tune,bimodal,hetero,high,hybrid_a0.3,7,261,241,20,0.9233716475095786,0.9797377713554053,0.7318323775194208,30,0.2486661332964548,0.14149734367250985,15806.251451177397,63.266107279693486,113.302,"{'family': 'hybrid', 'alpha': 0.3}"
tune,bimodal,hetero,high,hybrid_a0.4,7,261,240,21,0.9195402298850575,0.9822566958825294,0.716940706391751,30,0.2676844716405135,0.10657081385331339,16466.451025557068,60.72954022988506,112.861,"{'family': 'hybrid', 'alpha': 0.4}"
tune,bimodal,hetero,high,hybrid_a0.5,7,261,241,20,0.9233716475095786,0.9844875946501018,0.7214249292561927,30,0.2659570783501224,0.17155799687892845,16834.254573402573,59.402689655172416,113.322,"{'family': 'hybrid', 'alpha': 0.5}"
tune,bimodal,hetero,high,hybrid_a0.6,7,261,236,25,0.9042145593869731,0.9486500079029868,0.7259126113672821,30,0.2961518882714623,0.14957878383443937,17663.31050232019,56.614528735632184,110.737,"{'family': 'hybrid', 'alpha': 0.6}"
tune,bimodal,hetero,high,hybrid_a0.7,7,261,231,30,0.8850574712643678,0.9414606985446135,0.7146499921289919,30,0.32182821267363343,0.20546297783054515,18136.81663984132,55.13646743295019,111.419,"{'family': 'hybrid', 'alpha': 0.7}"
tune,bimodal,hetero,high,hybrid_a0.8,7,261,223,38,0.8544061302681992,0.9125605916492768,0.6966598647730493,30,0.3662437845842394,0.2378079343533217,18826.921227800914,53.115429118773946,111.339,"{'family': 'hybrid', 'alpha': 0.8}"
tune,bimodal,hetero,high,hybrid_a0.9,7,261,230,31,0.8812260536398467,0.9397038315457548,0.7164142463871905,30,0.3230379419973237,0.23275326934345447,18179.123289839026,55.00815325670498,112.791,"{'family': 'hybrid', 'alpha': 0.9}"
tune,bimodal,hetero,high,balance_l0.05,7,261,230,31,0.8812260536398467,0.9397038315457548,0.7164142463871905,30,0.3230379419973237,0.23275326934345447,21804.908393486196,45.86123371647509,93.415,"{'family': 'balance', 'lam': 0.05}"
tune,bimodal,hetero,high,balance_l0.1,7,261,231,30,0.8850574712643678,0.9406797541412346,0.7229973506230813,30,0.30838321160204346,0.17926867189155035,21562.04366536898,46.377793103448276,96.291,"{'family': 'balance', 'lam': 0.1}"
tune,bimodal,hetero,high,balance_l0.2,7,261,229,32,0.8773946360153256,0.9322919715803397,0.7118929203117352,30,0.3259612297143636,0.17182832969112127,21503.360044186524,46.504360153256705,95.228,"{'family': 'balance', 'lam': 0.2}"
tune,bimodal,hetero,high,balance_l0.4,7,261,231,30,0.8850574712643678,0.9404912971383291,0.7002994716617722,30,0.3333622747539101,0.18995394048452674,21648.942735311568,46.19163218390805,94.126,"{'family': 'balance', 'lam': 0.4}"
tune,bimodal,hetero,high,balance_l0.8,7,261,241,20,0.9233716475095786,0.9802649208490617,0.7265037224944031,30,0.26025478324272616,0.1172902438931225,20439.04157653454,48.92597318007663,92.383,"{'family': 'balance', 'lam': 0.8}"
tune,bimodal,hetero,high,wmatch_l0.05,7,261,225,36,0.8620689655172413,0.9276404309688705,0.7082593161694638,30,0.34117095460053654,0.2640570987115003,15360.902641951661,65.10034099616858,139.501,"{'family': 'wmatch', 'lam': 0.05}"
tune,bimodal,hetero,high,wmatch_l0.1,7,261,225,36,0.8620689655172413,0.9276404309688705,0.7082593161694638,30,0.34117095460053654,0.2640570987115003,15424.123506452868,64.83350574712644,137.537,"{'family': 'wmatch', 'lam': 0.1}"
tune,bimodal,hetero,high,wmatch_l0.2,7,261,225,36,0.8620689655172413,0.9276404309688705,0.7082593161694638,30,0.34117095460053654,0.2640570987115003,15389.420439732936,64.97970498084291,135.974,"{'family': 'wmatch', 'lam': 0.2}"
tune,bimodal,hetero,high,wmatch_l0.4,7,261,225,36,0.8620689655172413,0.9276404309688705,0.7082593161694638,30,0.34117095460053654,0.2640570987115003,15387.887975232223,64.98617624521073,140.412,"{'family': 'wmatch', 'lam': 0.4}"
tune,bimodal,hetero,high,wmatch_l0.8,7,261,232,29,0.8888888888888888,0.938221884158646,0.7240295397412796,30,0.31578339448949017,0.21822506535693822,15147.556350940906,66.0172490421456,138.078,"{'family': 'wmatch', 'lam': 0.8}"
tune,bimodal,hetero,high,d_cheap_a0.0_b0.4_g0.6,7,261,235,26,0.9003831417624522,0.9470131717257316,0.7228778490652111,30,0.2975498143962782,0.13178240691896823,14032.545505367609,71.262908045977,133.67,"{'family': 'd_cheap', 'alpha': 0.0, 'beta': 0.4, 'gamma': 0.6}"
tune,bimodal,hetero,high,d_cheap_a0.0_b0.6_g0.4,7,261,240,21,0.9195402298850575,0.984746328667999,0.7266720796633511,30,0.26044273115438304,0.12756586193462874,13057.513293148877,76.58426053639846,136.345,"{'family': 'd_cheap', 'alpha': 0.0, 'beta': 0.6, 'gamma': 0.4}"
tune,bimodal,hetero,high,d_cheap_a0.0_b0.8_g0.2,7,261,244,17,0.9348659003831418,0.9776003455998478,0.7388340235017572,30,0.24817937714030397,0.17686497839845428,11872.28370336649,84.22979310344827,139.511,"{'family': 'd_cheap', 'alpha': 0.0, 'beta': 0.8, 'gamma': 0.2}"
tune,bimodal,hetero,high,d_cheap_a0.0_b1.0_g0.0,7,261,245,16,0.9386973180076629,0.9765466413315156,0.6968516395212287,30,0.279695001810287,0.11437194533943038,11924.966466171885,83.85767816091955,123.281,"{'family': 'd_cheap', 'alpha': 0.0, 'beta': 1.0, 'gamma': 0.0}"
tune,bimodal,hetero,high,d_cheap_a0.2_b0.2_g0.6,7,261,223,38,0.8544061302681992,0.912537675607967,0.692951591418521,30,0.3666230356985511,0.19661713604414646,15068.558477034074,66.36334865900383,129.322,"{'family': 'd_cheap', 'alpha': 0.2, 'beta': 0.2, 'gamma': 0.6}"
tune,bimodal,hetero,high,d_cheap_a0.2_b0.4_g0.4,7,261,235,26,0.9003831417624522,0.9517757474188523,0.7227168096344264,30,0.3019300533179378,0.21296363263995163,14110.24294973061,70.87050191570881,131.536,"{'family': 'd_cheap', 'alpha': 0.2, 'beta': 0.4, 'gamma': 0.4}"
tune,bimodal,hetero,high,d_cheap_a0.2_b0.6_g0.2,7,261,242,19,0.9272030651340997,0.9828831607902114,0.7227901434645656,30,0.26246149947538117,0.12250666137704962,13155.230663360822,76.0153908045977,134.301,"{'family': 'd_cheap', 'alpha': 0.2, 'beta': 0.6, 'gamma': 0.2}"
tune,bimodal,hetero,high,d_cheap_a0.2_b0.8_g0.0,7,261,243,18,0.9310344827586207,0.9757812812825708,0.7382837575181308,30,0.2449100415208945,0.07642941904650233,15231.732425732174,65.65241379310345,113.582,"{'family': 'd_cheap', 'alpha': 0.2, 'beta': 0.8, 'gamma': 0.0}"
tune,bimodal,hetero,high,d_cheap_a0.4_b0.0_g0.6,7,261,232,29,0.8888888888888888,0.938221884158646,0.7240295397412796,30,0.31578339448949017,0.21822506535693822,17274.264086566698,57.88958620689655,111.178,"{'family': 'd_cheap', 'alpha': 0.4, 'beta': 0.0, 'gamma': 0.6}"
tune,bimodal,hetero,high,d_cheap_a0.4_b0.2_g0.4,7,261,223,38,0.8544061302681992,0.9125976498192649,0.6930462238895887,30,0.36658837743878137,0.19620486541795648,15526.04747282347,64.4078927203065,129.802,"{'family': 'd_cheap', 'alpha': 0.4, 'beta': 0.2, 'gamma': 0.4}"
tune,bimodal,hetero,high,d_cheap_a0.4_b0.4_g0.2,7,261,235,26,0.9003831417624522,0.9517757474188523,0.7227168096344264,30,0.3019300533179378,0.21296363263995163,14477.555767017853,69.07243295019158,129.602,"{'family': 'd_cheap', 'alpha': 0.4, 'beta': 0.4, 'gamma': 0.2}"
tune,bimodal,hetero,high,d_cheap_a0.4_b0.6_g0.0,7,261,240,21,0.9195402298850575,0.9822566958825294,0.716940706391751,30,0.2676844716405135,0.10657081385331339,16860.186291492853,59.31132567049808,111.158,"{'family': 'd_cheap', 'alpha': 0.4, 'beta': 0.6, 'gamma': 0.0}"
tune,bimodal,hetero,high,d_cheap_a0.6_b0.0_g0.4,7,261,232,29,0.8888888888888888,0.938221884158646,0.7240295397412796,30,0.31578339448949017,0.21822506535693822,17111.589856826475,58.43992337164751,116.037,"{'family': 'd_cheap', 'alpha': 0.6, 'beta': 0.0, 'gamma': 0.4}"
tune,bimodal,hetero,high,d_cheap_a0.6_b0.2_g0.2,7,261,223,38,0.8544061302681992,0.9125605916492768,0.6966598647730493,30,0.3662437845842394,0.2378079343533217,15485.191084588123,64.5778275862069,128.371,"{'family': 'd_cheap', 'alpha': 0.6, 'beta': 0.2, 'gamma': 0.2}"
tune,bimodal,hetero,high,d_cheap_a0.6_b0.4_g0.0,7,261,236,25,0.9042145593869731,0.9486500079029868,0.7259126113672821,30,0.2961518882714623,0.14957878383443937,18027.284606066532,55.471471264367814,110.436,"{'family': 'd_cheap', 'alpha': 0.6, 'beta': 0.4, 'gamma': 0.0}"
tune,bimodal,hetero,high,d_cheap_a0.8_b0.0_g0.2,7,261,225,36,0.8620689655172413,0.9276404309688705,0.7082593161694638,30,0.34117095460053654,0.2640570987115003,17498.197551566383,57.14874329501916,113.944,"{'family': 'd_cheap', 'alpha': 0.8, 'beta': 0.0, 'gamma': 0.2}"
tune,bimodal,hetero,high,d_cheap_a0.8_b0.2_g0.0,7,261,223,38,0.8544061302681992,0.9125605916492768,0.6966598647730493,30,0.3662437845842394,0.2378079343533217,19357.58049527223,51.65934865900383,108.613,"{'family': 'd_cheap', 'alpha': 0.8, 'beta': 0.2, 'gamma': 0.0}"
tune,bimodal,hetero,high,d_capacity_a0.0_b0.4_g0.6,7,261,235,26,0.9003831417624522,0.9470131717257316,0.7228778490652111,30,0.2975498143962782,0.13178240691896823,10748.0626925849,93.04002298850575,176.531,"{'family': 'd_capacity', 'alpha': 0.0, 'beta': 0.4, 'gamma': 0.6}"
tune,bimodal,hetero,high,d_capacity_a0.0_b0.6_g0.4,7,261,241,20,0.9233716475095786,0.9836306117335776,0.7234219381599899,30,0.262577155723323,0.13642942070890915,9842.379756193317,101.60144444444444,187.801,"{'family': 'd_capacity', 'alpha': 0.0, 'beta': 0.6, 'gamma': 0.4}"
tune,bimodal,hetero,high,d_capacity_a0.0_b0.8_g0.2,7,261,242,19,0.9272030651340997,0.9752274032282403,0.7465480181717192,30,0.23809244009873462,0.09359274229104943,8890.115414475746,112.48447892720306,196.448,"{'family': 'd_capacity', 'alpha': 0.0, 'beta': 0.8, 'gamma': 0.2}"
tune,bimodal,hetero,high,d_capacity_a0.0_b1.0_g0.0,7,261,245,16,0.9386973180076629,0.9765466413315156,0.6968516395212287,30,0.279695001810287,0.11437194533943038,12059.573739811509,82.9216704980843,119.854,"{'family': 'd_capacity', 'alpha': 0.0, 'beta': 1.0, 'gamma': 0.0}"
tune,bimodal,hetero,high,d_capacity_a0.2_b0.2_g0.6,7,261,222,39,0.8505747126436781,0.9078139294974228,0.6877867651888966,30,0.37795414090966156,0.19691188487739317,11689.291117943649,85.54838697318009,177.231,"{'family': 'd_capacity', 'alpha': 0.2, 'beta': 0.2, 'gamma': 0.6}"
tune,bimodal,hetero,high,d_capacity_a0.2_b0.4_g0.4,7,261,235,26,0.9003831417624522,0.9517757474188523,0.7227168096344264,30,0.3019300533179378,0.21296363263995163,10808.701675733899,92.51804980842911,177.753,"{'family': 'd_capacity', 'alpha': 0.2, 'beta': 0.4, 'gamma': 0.4}"
tune,bimodal,hetero,high,d_capacity_a0.2_b0.6_g0.2,7,261,242,19,0.9272030651340997,0.9828831607902114,0.7227901434645656,30,0.26246149947538117,0.12250666137704962,9941.1135662149,100.59235249042146,187.241,"{'family': 'd_capacity', 'alpha': 0.2, 'beta': 0.6, 'gamma': 0.2}"
tune,bimodal,hetero,high,d_capacity_a0.2_b0.8_g0.0,7,261,243,18,0.9310344827586207,0.9757812812825708,0.7382837575181308,30,0.2449100415208945,0.07642941904650233,15160.456881569531,65.96107279693487,112.851,"{'family': 'd_capacity', 'alpha': 0.2, 'beta': 0.8, 'gamma': 0.0}"
tune,bimodal,hetero,high,d_capacity_a0.4_b0.0_g0.6,7,261,228,33,0.8735632183908046,0.9322360786025856,0.7117153691289008,30,0.3291443346514363,0.23820084650907128,12618.497237540212,79.24873946360154,162.735,"{'family': 'd_capacity', 'alpha': 0.4, 'beta': 0.0, 'gamma': 0.6}"
tune,bimodal,hetero,high,d_capacity_a0.4_b0.2_g0.4,7,261,223,38,0.8544061302681992,0.9125976498192649,0.6930462238895887,30,0.36658837743878137,0.19620486541795648,11533.0350975887,86.70744444444443,177.392,"{'family': 'd_capacity', 'alpha': 0.4, 'beta': 0.2, 'gamma': 0.4}"
tune,bimodal,hetero,high,d_capacity_a0.4_b0.4_g0.2,7,261,235,26,0.9003831417624522,0.9517757474188523,0.7227168096344264,30,0.3019300533179378,0.21296363263995163,10657.961276564049,93.82657471264368,178.184,"{'family': 'd_capacity', 'alpha': 0.4, 'beta': 0.4, 'gamma': 0.2}"
tune,bimodal,hetero,high,d_capacity_a0.4_b0.6_g0.0,7,261,240,21,0.9195402298850575,0.9822566958825294,0.716940706391751,30,0.2676844716405135,0.10657081385331339,16527.18084858145,60.50638697318007,112.481,"{'family': 'd_capacity', 'alpha': 0.4, 'beta': 0.6, 'gamma': 0.0}"
tune,bimodal,hetero,high,d_capacity_a0.6_b0.0_g0.4,7,261,228,33,0.8735632183908046,0.9322360786025856,0.7117153691289008,30,0.3291443346514363,0.23820084650907128,12520.579202953359,79.86850957854406,169.867,"{'family': 'd_capacity', 'alpha': 0.6, 'beta': 0.0, 'gamma': 0.4}"
tune,bimodal,hetero,high,d_capacity_a0.6_b0.2_g0.2,7,261,223,38,0.8544061302681992,0.9125605916492768,0.6966598647730493,30,0.3662437845842394,0.2378079343533217,11513.318019591079,86.8559348659004,178.685,"{'family': 'd_capacity', 'alpha': 0.6, 'beta': 0.2, 'gamma': 0.2}"
tune,bimodal,hetero,high,d_capacity_a0.6_b0.4_g0.0,7,261,236,25,0.9042145593869731,0.9486500079029868,0.7259126113672821,30,0.2961518882714623,0.14957878383443937,17559.411360091453,56.94951724137931,109.645,"{'family': 'd_capacity', 'alpha': 0.6, 'beta': 0.4, 'gamma': 0.0}"
tune,bimodal,hetero,high,d_capacity_a0.8_b0.0_g0.2,7,261,225,36,0.8620689655172413,0.9276404309688705,0.7082593161694638,30,0.34117095460053654,0.2640570987115003,12624.559295257437,79.21068582375479,161.893,"{'family': 'd_capacity', 'alpha': 0.8, 'beta': 0.0, 'gamma': 0.2}"
tune,bimodal,hetero,high,d_capacity_a0.8_b0.2_g0.0,7,261,223,38,0.8544061302681992,0.9125605916492768,0.6966598647730493,30,0.3662437845842394,0.2378079343533217,18878.09847640726,52.9714367816092,110.166,"{'family': 'd_capacity', 'alpha': 0.8, 'beta': 0.2, 'gamma': 0.0}"
tune,bimodal,hetero,high,binpack,8,249,210,39,0.8433734939759037,0.9273287370881186,0.5737183580322249,30,0.4782662729934775,0.3575716175957998,24978.878301901746,40.03382329317269,83.516,{}
tune,bimodal,hetero,high,hybrid_a0.1,8,249,235,14,0.9437751004016064,0.9841054755035235,0.6442482124930744,30,0.34644530955021174,0.26047229950467804,13110.959524783004,76.27206827309237,117.42,"{'family': 'hybrid', 'alpha': 0.1}"
tune,bimodal,hetero,high,hybrid_a0.2,8,249,232,17,0.9317269076305221,0.984941559015691,0.639428249937388,30,0.3481591886737459,0.24472322626815415,13853.054695921277,72.18624497991968,114.384,"{'family': 'hybrid', 'alpha': 0.2}"
tune,bimodal,hetero,high,hybrid_a0.3,8,249,232,17,0.9317269076305221,0.9826680505665775,0.634538583349183,30,0.3558119270961969,0.23977567449563944,14367.855057539797,69.59981124497992,115.476,"{'family': 'hybrid', 'alpha': 0.3}"
tune,bimodal,hetero,high,hybrid_a0.4,8,249,226,23,0.9076305220883534,0.9837848383976237,0.5855146672520402,30,0.40707182364312006,0.3062021033958492,16400.771086533958,60.97274297188755,112.501,"{'family': 'hybrid', 'alpha': 0.4}"
tune,bimodal,hetero,high,hybrid_a0.5,8,249,226,23,0.9076305220883534,0.9798598681942262,0.5886141476971097,30,0.4000473729946529,0.24049770158904538,16806.14870161365,59.50203212851405,111.959,"{'family': 'hybrid', 'alpha': 0.5}"
tune,bimodal,hetero,high,hybrid_a0.6,8,249,220,29,0.8835341365461847,0.9536870658730727,0.5866917525079454,30,0.4361974995640451,0.30384888905307306,17908.75897262988,55.8385983935743,112.16,"{'family': 'hybrid', 'alpha': 0.6}"
tune,bimodal,hetero,high,hybrid_a0.7,8,249,218,31,0.8755020080321285,0.9546178174321674,0.5835695321667962,30,0.43868964805910654,0.3291017663524536,18140.956984293938,55.123883534136546,109.525,"{'family': 'hybrid', 'alpha': 0.7}"
tune,bimodal,hetero,high,hybrid_a0.8,8,249,216,33,0.8674698795180723,0.9545131140561423,0.5806956248991898,30,0.4414588519506877,0.32972067616209166,18296.45055472413,54.65540963855421,112.341,"{'family': 'hybrid', 'alpha': 0.8}"
tune,bimodal,hetero,high,hybrid_a0.9,8,249,218,31,0.8755020080321285,0.9559478099931962,0.5822479851454238,30,0.4405502402968553,0.32724503692353984,18192.23404944737,54.96851004016064,111.539,"{'family': 'hybrid', 'alpha': 0.9}"
tune,bimodal,hetero,high,balance_l0.05,8,249,215,34,0.8634538152610441,0.9378075279784338,0.5778536045651333,30,0.46477423933269624,0.3439556017837647,22220.270883842062,45.003951807228916,94.177,"{'family': 'balance', 'lam': 0.05}"
tune,bimodal,hetero,high,balance_l0.1,8,249,215,34,0.8634538152610441,0.937859204549489,0.581377658168583,30,0.4604532065792272,0.3439556017837646,22038.89909945872,45.3743172690763,93.254,"{'family': 'balance', 'lam': 0.1}"
tune,bimodal,hetero,high,balance_l0.2,8,249,219,30,0.8795180722891566,0.9553398099733023,0.5781934389917093,30,0.44453095820675104,0.3278639467331777,21846.440056790216,45.77404819277108,93.074,"{'family': 'balance', 'lam': 0.2}"
tune,bimodal,hetero,high,balance_l0.4,8,249,223,26,0.8955823293172691,0.9676601861784884,0.5944753165933001,30,0.41030185005012904,0.29910871242788123,20778.964144437003,48.12559437751004,93.535,"{'family': 'balance', 'lam': 0.4}"
tune,bimodal,hetero,high,balance_l0.8,8,249,227,22,0.9116465863453815,0.9847977858343115,0.596660856894388,30,0.39810625313672027,0.26091110489573144,18920.60889710859,52.852421686746986,95.79,"{'family': 'balance', 'lam': 0.8}"
tune,bimodal,hetero,high,wmatch_l0.05,8,249,210,39,0.8433734939759037,0.9273287370881186,0.5737183580322249,30,0.4782662729934775,0.3575716175957998,15545.076883515494,64.32904819277108,137.979,"{'family': 'wmatch', 'lam': 0.05}"
tune,bimodal,hetero,high,wmatch_l0.1,8,249,210,39,0.8433734939759037,0.9273287370881186,0.5737183580322249,30,0.4782662729934775,0.3575716175957998,15509.789012678597,64.47540963855421,137.657,"{'family': 'wmatch', 'lam': 0.1}"
tune,bimodal,hetero,high,wmatch_l0.2,8,249,215,34,0.8634538152610441,0.9378075279784338,0.57838625553428,30,0.4642415883635496,0.3439556017837647,15229.29259630081,65.66293172690763,136.906,"{'family': 'wmatch', 'lam': 0.2}"
tune,bimodal,hetero,high,wmatch_l0.4,8,249,215,34,0.8634538152610441,0.9378075279784338,0.57838625553428,30,0.4642415883635496,0.3439556017837647,15249.157453429902,65.57739357429719,139.551,"{'family': 'wmatch', 'lam': 0.4}"
tune,bimodal,hetero,high,wmatch_l0.8,8,249,216,33,0.8674698795180723,0.9399282027610323,0.5836128828167771,30,0.4564286447500937,0.339004323306661,15242.2638471376,65.60705220883534,136.365,"{'family': 'wmatch', 'lam': 0.8}"
tune,bimodal,hetero,high,d_cheap_a0.0_b0.4_g0.6,8,249,220,29,0.8835341365461847,0.9537065876793462,0.5872195400599295,30,0.43480241352298254,0.32848285654281567,14593.58193021513,68.52327309236948,133.87,"{'family': 'd_cheap', 'alpha': 0.0, 'beta': 0.4, 'gamma': 0.6}"
tune,bimodal,hetero,high,d_cheap_a0.0_b0.6_g0.4,8,249,229,20,0.9196787148594378,0.9756542192237047,0.6160781603806836,30,0.3836775120247184,0.24739710629580222,12675.123502280172,78.89469477911648,130.795,"{'family': 'd_cheap', 'alpha': 0.0, 'beta': 0.6, 'gamma': 0.4}"
tune,bimodal,hetero,high,d_cheap_a0.0_b0.8_g0.2,8,249,231,18,0.927710843373494,0.9845913987779653,0.6399704167924836,30,0.3472831440631197,0.22394866486368983,11084.959806336403,90.21232530120483,135.664,"{'family': 'd_cheap', 'alpha': 0.0, 'beta': 0.8, 'gamma': 0.2}"
tune,bimodal,hetero,high,d_cheap_a0.0_b1.0_g0.0,8,249,232,17,0.9317269076305221,0.9750060557991946,0.6174109327016712,30,0.35918732521808494,0.09757680266912672,11664.253321724043,85.73202008032128,120.346,"{'family': 'd_cheap', 'alpha': 0.0, 'beta': 1.0, 'gamma': 0.0}"
tune,bimodal,hetero,high,d_cheap_a0.2_b0.2_g0.6,8,249,216,33,0.8674698795180723,0.9545131140561423,0.5806956248991898,30,0.4414588519506877,0.32972067616209166,15007.978639246467,66.6312248995984,132.228,"{'family': 'd_cheap', 'alpha': 0.2, 'beta': 0.2, 'gamma': 0.6}"
tune,bimodal,hetero,high,d_cheap_a0.2_b0.4_g0.4,8,249,220,29,0.8835341365461847,0.9536513083123297,0.5776381795801998,30,0.44432849463569557,0.3097868434866184,14684.231523742603,68.1002610441767,131.356,"{'family': 'd_cheap', 'alpha': 0.2, 'beta': 0.4, 'gamma': 0.4}"
tune,bimodal,hetero,high,d_cheap_a0.2_b0.6_g0.2,8,249,230,19,0.9236947791164659,0.9821176967863983,0.600471759760816,30,0.3904475895231188,0.24430255724761243,12897.865480960885,77.53220883534136,134.892,"{'family': 'd_cheap', 'alpha': 0.2, 'beta': 0.6, 'gamma': 0.2}"
tune,bimodal,hetero,high,d_cheap_a0.2_b0.8_g0.0,8,249,232,17,0.9317269076305221,0.984941559015691,0.639428249937388,30,0.3481591886737459,0.24472322626815415,14113.464432114151,70.85432530120482,113.062,"{'family': 'd_cheap', 'alpha': 0.2, 'beta': 0.8, 'gamma': 0.0}"
tune,bimodal,hetero,high,d_cheap_a0.4_b0.0_g0.6,8,249,217,32,0.8714859437751004,0.942192149830431,0.5871551231771543,30,0.4496397657119811,0.33776650368738514,17286.73754553042,57.847815261044175,115.666,"{'family': 'd_cheap', 'alpha': 0.4, 'beta': 0.0, 'gamma': 0.6}"
tune,bimodal,hetero,high,d_cheap_a0.4_b0.2_g0.4,8,249,216,33,0.8674698795180723,0.9545131140561423,0.5806956248991898,30,0.4414588519506877,0.32972067616209166,15098.511420174475,66.23169477911647,130.594,"{'family': 'd_cheap', 'alpha': 0.4, 'beta': 0.2, 'gamma': 0.4}"
tune,bimodal,hetero,high,d_cheap_a0.4_b0.4_g0.2,8,249,220,29,0.8835341365461847,0.9536870658730727,0.5872160657797018,30,0.4356731862922887,0.30384888905307306,14698.274528822903,68.03519678714859,130.605,"{'family': 'd_cheap', 'alpha': 0.4, 'beta': 0.4, 'gamma': 0.2}"
tune,bimodal,hetero,high,d_cheap_a0.4_b0.6_g0.0,8,249,226,23,0.9076305220883534,0.9837848383976237,0.5855146672520402,30,0.40707182364312006,0.3062021033958492,16627.50966048295,60.141297188755026,111.419,"{'family': 'd_cheap', 'alpha': 0.4, 'beta': 0.6, 'gamma': 0.0}"
tune,bimodal,hetero,high,d_cheap_a0.6_b0.0_g0.4,8,249,217,32,0.8714859437751004,0.942192149830431,0.5871551231771543,30,0.4496397657119811,0.33776650368738514,17050.127923891516,58.65058634538153,115.697,"{'family': 'd_cheap', 'alpha': 0.6, 'beta': 0.0, 'gamma': 0.4}"
tune,bimodal,hetero,high,d_cheap_a0.6_b0.2_g0.2,8,249,216,33,0.8674698795180723,0.9545131140561423,0.5806956248991898,30,0.4414588519506877,0.32972067616209166,14901.447570902463,67.10757429718875,132.518,"{'family': 'd_cheap', 'alpha': 0.6, 'beta': 0.2, 'gamma': 0.2}"
tune,bimodal,hetero,high,d_cheap_a0.6_b0.4_g0.0,8,249,220,29,0.8835341365461847,0.9536870658730727,0.5866917525079454,30,0.4361974995640451,0.30384888905307306,17907.440109861065,55.842710843373496,111.689,"{'family': 'd_cheap', 'alpha': 0.6, 'beta': 0.4, 'gamma': 0.0}"
tune,bimodal,hetero,high,d_cheap_a0.8_b0.0_g0.2,8,249,210,39,0.8433734939759037,0.9273287370881186,0.5737183580322249,30,0.4782662729934775,0.3575716175957998,17537.757947668175,57.019831325301205,116.688,"{'family': 'd_cheap', 'alpha': 0.8, 'beta': 0.0, 'gamma': 0.2}"
tune,bimodal,hetero,high,d_cheap_a0.8_b0.2_g0.0,8,249,216,33,0.8674698795180723,0.9545131140561423,0.5806956248991898,30,0.4414588519506877,0.32972067616209166,18374.50969945353,54.423220883534135,111.999,"{'family': 'd_cheap', 'alpha': 0.8, 'beta': 0.2, 'gamma': 0.0}"
tune,bimodal,hetero,high,d_capacity_a0.0_b0.4_g0.6,8,249,220,29,0.8835341365461847,0.9536553358273175,0.5853880849193316,30,0.4365826168115516,0.32848285654281567,11292.669624287892,88.55302008032128,188.152,"{'family': 'd_capacity', 'alpha': 0.0, 'beta': 0.4, 'gamma': 0.6}"
tune,bimodal,hetero,high,d_capacity_a0.0_b0.6_g0.4,8,249,229,20,0.9196787148594378,0.9747285720190086,0.6143348244826938,30,0.38449520071801213,0.2770352551363866,9503.962255300166,105.21927309236948,191.879,"{'family': 'd_capacity', 'alpha': 0.0, 'beta': 0.6, 'gamma': 0.4}"
tune,bimodal,hetero,high,d_capacity_a0.0_b0.8_g0.2,8,249,232,17,0.9317269076305221,0.9862647281675048,0.6342476901232017,30,0.35380182581719966,0.2441043164585162,8346.74679007248,119.80715662650603,197.229,"{'family': 'd_capacity', 'alpha': 0.0, 'beta': 0.8, 'gamma': 0.2}"
tune,bimodal,hetero,high,d_capacity_a0.0_b1.0_g0.0,8,249,232,17,0.9317269076305221,0.9750060557991946,0.6174109327016712,30,0.35918732521808494,0.09757680266912672,11554.086861490534,86.54946184738955,123.831,"{'family': 'd_capacity', 'alpha': 0.0, 'beta': 1.0, 'gamma': 0.0}"
tune,bimodal,hetero,high,d_capacity_a0.2_b0.2_g0.6,8,249,216,33,0.8674698795180723,0.9545131140561423,0.5806956248991898,30,0.4414588519506877,0.32972067616209166,11497.130473222813,86.9782248995984,186.939,"{'family': 'd_capacity', 'alpha': 0.2, 'beta': 0.2, 'gamma': 0.6}"
tune,bimodal,hetero,high,d_capacity_a0.2_b0.4_g0.4,8,249,220,29,0.8835341365461847,0.9536176547140427,0.5829513356436699,30,0.43898168497393864,0.3097868434866184,11331.221478826339,88.2517389558233,186.078,"{'family': 'd_capacity', 'alpha': 0.2, 'beta': 0.4, 'gamma': 0.4}"
tune,bimodal,hetero,high,d_capacity_a0.2_b0.6_g0.2,8,249,231,18,0.927710843373494,0.9840025840724985,0.6094616894873713,30,0.38334254708266363,0.29629954644164197,9548.959316831402,104.72345381526105,189.074,"{'family': 'd_capacity', 'alpha': 0.2, 'beta': 0.6, 'gamma': 0.2}"
tune,bimodal,hetero,high,d_capacity_a0.2_b0.8_g0.0,8,249,232,17,0.9317269076305221,0.984941559015691,0.639428249937388,30,0.3481591886737459,0.24472322626815415,13960.147311511098,71.63248192771084,113.292,"{'family': 'd_capacity', 'alpha': 0.2, 'beta': 0.8, 'gamma': 0.0}"
tune,bimodal,hetero,high,d_capacity_a0.4_b0.0_g0.6,8,249,215,34,0.8634538152610441,0.9378454172387839,0.5815857285523583,30,0.46108000460582127,0.3439556017837647,12993.988792919497,76.9586626506024,168.525,"{'family': 'd_capacity', 'alpha': 0.4, 'beta': 0.0, 'gamma': 0.6}"
tune,bimodal,hetero,high,d_capacity_a0.4_b0.2_g0.4,8,249,216,33,0.8674698795180723,0.9545131140561423,0.5806956248991898,30,0.4414588519506877,0.32972067616209166,11485.659439219367,87.06509236947791,187.882,"{'family': 'd_capacity', 'alpha': 0.4, 'beta': 0.2, 'gamma': 0.4}"
tune,bimodal,hetero,high,d_capacity_a0.4_b0.4_g0.2,8,249,220,29,0.8835341365461847,0.9536513083123297,0.5776381795801998,30,0.44432849463569557,0.3097868434866184,11317.554208357536,88.35831325301204,188.874,"{'family': 'd_capacity', 'alpha': 0.4, 'beta': 0.4, 'gamma': 0.2}"
tune,bimodal,hetero,high,d_capacity_a0.4_b0.6_g0.0,8,249,226,23,0.9076305220883534,0.9837848383976237,0.5855146672520402,30,0.40707182364312006,0.3062021033958492,16446.05614326906,60.804851405622486,112.32,"{'family': 'd_capacity', 'alpha': 0.4, 'beta': 0.6, 'gamma': 0.0}"
tune,bimodal,hetero,high,d_capacity_a0.6_b0.0_g0.4,8,249,211,38,0.8473895582329317,0.9372079995805017,0.58072471038869,30,0.46130360511120755,0.3451934214030406,13066.51749496493,76.5314859437751,168.525,"{'family': 'd_capacity', 'alpha': 0.6, 'beta': 0.0, 'gamma': 0.4}"
tune,bimodal,hetero,high,d_capacity_a0.6_b0.2_g0.2,8,249,216,33,0.8674698795180723,0.9545131140561423,0.5806956248991898,30,0.4414588519506877,0.32972067616209166,11366.983896818463,87.9740843373494,186.148,"{'family': 'd_capacity', 'alpha': 0.6, 'beta': 0.2, 'gamma': 0.2}"
tune,bimodal,hetero,high,d_capacity_a0.6_b0.4_g0.0,8,249,220,29,0.8835341365461847,0.9536870658730727,0.5866917525079454,30,0.4361974995640451,0.30384888905307306,17850.889157090336,56.019618473895584,112.019,"{'family': 'd_capacity', 'alpha': 0.6, 'beta': 0.4, 'gamma': 0.0}"
tune,bimodal,hetero,high,d_capacity_a0.8_b0.0_g0.2,8,249,211,38,0.8473895582329317,0.9372079995805017,0.58072471038869,30,0.46130360511120755,0.3451934214030406,13102.02488900638,76.32408032128515,172.242,"{'family': 'd_capacity', 'alpha': 0.8, 'beta': 0.0, 'gamma': 0.2}"
tune,bimodal,hetero,high,d_capacity_a0.8_b0.2_g0.0,8,249,216,33,0.8674698795180723,0.9545131140561423,0.5806956248991898,30,0.4414588519506877,0.32972067616209166,18309.11970634819,54.617590361445785,112.651,"{'family': 'd_capacity', 'alpha': 0.8, 'beta': 0.2, 'gamma': 0.0}"
tune,bimodal,hetero,high,binpack,9,253,230,23,0.9090909090909091,0.9739969511864677,0.6420405637497092,30,0.3651246025730103,0.2518713886240002,22804.67587795298,43.850656126482214,84.608,{}
tune,bimodal,hetero,high,hybrid_a0.1,9,253,238,15,0.9407114624505929,0.9801162054387011,0.6807159739719257,30,0.30415530689076753,0.21711404211545807,13506.933194227937,74.03605138339921,115.306,"{'family': 'hybrid', 'alpha': 0.1}"
tune,bimodal,hetero,high,hybrid_a0.2,9,253,235,18,0.9288537549407114,0.9755697469243588,0.6747467546062543,30,0.31754621412045203,0.12240468167821761,14154.818579984125,70.64732015810277,114.044,"{'family': 'hybrid', 'alpha': 0.2}"
tune,bimodal,hetero,high,hybrid_a0.3,9,253,236,17,0.932806324110672,0.9762486097304454,0.6721498919169668,30,0.31973412492631065,0.14699802629771735,14710.706684905617,67.9776996047431,115.026,"{'family': 'hybrid', 'alpha': 0.3}"
tune,bimodal,hetero,high,hybrid_a0.4,9,253,234,19,0.924901185770751,0.9802228663160625,0.662344927329212,30,0.3346058026132104,0.23281730308369983,15914.776309955932,62.834687747035574,113.973,"{'family': 'hybrid', 'alpha': 0.4}"
tune,bimodal,hetero,high,hybrid_a0.5,9,253,227,26,0.8972332015810277,0.9615553152534073,0.624267046259917,30,0.3895531031928152,0.21782895552252826,17035.74300888121,58.70011067193676,112.441,"{'family': 'hybrid', 'alpha': 0.5}"
tune,bimodal,hetero,high,hybrid_a0.6,9,253,229,24,0.9051383399209486,0.9645441346959818,0.6349769271964216,30,0.37442224097087784,0.20861860112127237,17353.4565753413,57.6254071146245,112.0,"{'family': 'hybrid', 'alpha': 0.6}"
tune,bimodal,hetero,high,hybrid_a0.7,9,253,228,25,0.9011857707509882,0.9631929607365903,0.6410582226672025,30,0.37145126532485684,0.23039964320807133,17608.487597256444,56.79079446640316,111.369,"{'family': 'hybrid', 'alpha': 0.7}"
tune,bimodal,hetero,high,hybrid_a0.8,9,253,223,30,0.8814229249011858,0.9506409112758148,0.6259182762420408,30,0.40185076802892095,0.29300642884361294,18193.469062365413,54.964778656126484,109.435,"{'family': 'hybrid', 'alpha': 0.8}"
tune,bimodal,hetero,high,hybrid_a0.9,9,253,226,27,0.8932806324110671,0.9586366185495099,0.6389408733471815,30,0.37760401684886596,0.287206116956277,17962.850836486654,55.67045059288537,111.919,"{'family': 'hybrid', 'alpha': 0.9}"
tune,bimodal,hetero,high,balance_l0.05,9,253,229,24,0.9051383399209486,0.9772178479646304,0.6327446316158247,30,0.37261599429496023,0.27367205588582655,20907.45978165009,47.82981818181818,93.504,"{'family': 'balance', 'lam': 0.05}"
tune,bimodal,hetero,high,balance_l0.1,9,253,226,27,0.8932806324110671,0.9586366185495099,0.6389408733471815,30,0.37760401684886596,0.287206116956277,21401.431730405573,46.72584584980237,93.434,"{'family': 'balance', 'lam': 0.1}"
tune,bimodal,hetero,high,balance_l0.2,9,253,220,33,0.8695652173913043,0.9344513869139063,0.6232244909030987,30,0.41517514844795844,0.25938127219515783,22258.96074935803,44.92572727272727,93.245,"{'family': 'balance', 'lam': 0.2}"
tune,bimodal,hetero,high,balance_l0.4,9,253,224,29,0.8853754940711462,0.9536180923698759,0.6265420402871169,30,0.3934088603711618,0.22353105023319828,21187.43958334607,47.197774703557315,93.825,"{'family': 'balance', 'lam': 0.4}"
tune,bimodal,hetero,high,balance_l0.8,9,253,230,23,0.9090909090909091,0.9684777174938893,0.6329878903494119,30,0.37584677498255187,0.24377344775977877,19900.325327057522,50.25043478260869,95.568,"{'family': 'balance', 'lam': 0.8}"
tune,bimodal,hetero,high,wmatch_l0.05,9,253,230,23,0.9090909090909091,0.9739969511864677,0.6420405637497092,30,0.3651246025730103,0.2518713886240002,14154.9777601801,70.6465256916996,141.014,"{'family': 'wmatch', 'lam': 0.05}"
tune,bimodal,hetero,high,wmatch_l0.1,9,253,230,23,0.9090909090909091,0.9739969511864677,0.6420405637497092,30,0.3651246025730103,0.2518713886240002,14191.786455908727,70.46329249011858,137.618,"{'family': 'wmatch', 'lam': 0.1}"
tune,bimodal,hetero,high,wmatch_l0.2,9,253,230,23,0.9090909090909091,0.9739969511864677,0.6420405637497092,30,0.3651246025730103,0.2518713886240002,14160.490295502566,70.61902371541503,137.428,"{'family': 'wmatch', 'lam': 0.2}"
tune,bimodal,hetero,high,wmatch_l0.4,9,253,230,23,0.9090909090909091,0.9739969511864677,0.6420405637497092,30,0.3651246025730103,0.2518713886240002,14215.664212301335,70.34493675889328,136.806,"{'family': 'wmatch', 'lam': 0.4}"
tune,bimodal,hetero,high,wmatch_l0.8,9,253,230,23,0.9090909090909091,0.9739969511864677,0.6420405637497092,30,0.3651246025730103,0.2518713886240002,14268.01340922563,70.0868418972332,137.187,"{'family': 'wmatch', 'lam': 0.8}"
tune,bimodal,hetero,high,d_cheap_a0.0_b0.4_g0.6,9,253,229,24,0.9051383399209486,0.9648211747950312,0.6290922050724614,30,0.3806000088771316,0.25203377727215454,13677.8256820045,73.11103557312252,145.212,"{'family': 'd_cheap', 'alpha': 0.0, 'beta': 0.4, 'gamma': 0.6}"
tune,bimodal,hetero,high,d_cheap_a0.0_b0.6_g0.4,9,253,230,23,0.9090909090909091,0.9719701320379815,0.6501251850999501,30,0.3489153297901458,0.21622110303902795,12050.093907382026,82.98690513833992,146.825,"{'family': 'd_cheap', 'alpha': 0.0, 'beta': 0.6, 'gamma': 0.4}"
tune,bimodal,hetero,high,d_cheap_a0.0_b0.8_g0.2,9,253,238,15,0.9407114624505929,0.9794610062399935,0.6825478063675694,30,0.31135377554031085,0.18684101752720883,10587.051592334406,94.45500395256917,151.985,"{'family': 'd_cheap', 'alpha': 0.0, 'beta': 0.8, 'gamma': 0.2}"
tune,bimodal,hetero,high,d_cheap_a0.0_b1.0_g0.0,9,253,238,15,0.9407114624505929,0.9733343916884145,0.6563453825792976,30,0.31843414118881513,0.098384999852142,11826.023028118168,84.55928063241107,118.001,"{'family': 'd_cheap', 'alpha': 0.0, 'beta': 1.0, 'gamma': 0.0}"
tune,bimodal,hetero,high,d_cheap_a0.2_b0.2_g0.6,9,253,224,29,0.8853754940711462,0.950344735150898,0.6253898438848484,30,0.4020830242611965,0.29365090794220583,14350.240128296819,69.68524505928855,141.885,"{'family': 'd_cheap', 'alpha': 0.2, 'beta': 0.2, 'gamma': 0.6}"
tune,bimodal,hetero,high,d_cheap_a0.2_b0.4_g0.4,9,253,230,23,0.9090909090909091,0.9662313896112148,0.6370049116690042,30,0.3740815114135285,0.27238309768864083,13819.666893589601,72.3606442687747,140.352,"{'family': 'd_cheap', 'alpha': 0.2, 'beta': 0.4, 'gamma': 0.4}"
tune,bimodal,hetero,high,d_cheap_a0.2_b0.6_g0.2,9,253,232,21,0.9169960474308301,0.970162859550732,0.6565698611558006,30,0.34287313336294617,0.1516093577669638,12278.063090414687,81.44607114624506,144.43,"{'family': 'd_cheap', 'alpha': 0.2, 'beta': 0.6, 'gamma': 0.2}"
tune,bimodal,hetero,high,d_cheap_a0.2_b0.8_g0.0,9,253,235,18,0.9288537549407114,0.9755697469243588,0.6747467546062543,30,0.31754621412045203,0.12240468167821761,14216.960710501884,70.33852173913043,113.392,"{'family': 'd_cheap', 'alpha': 0.2, 'beta': 0.8, 'gamma': 0.0}"
tune,bimodal,hetero,high,d_cheap_a0.4_b0.0_g0.6,9,253,230,23,0.9090909090909091,0.9739969511864677,0.6420405637497092,30,0.3651246025730103,0.2518713886240002,15563.82892337675,64.25154150197629,126.056,"{'family': 'd_cheap', 'alpha': 0.4, 'beta': 0.0, 'gamma': 0.6}"
tune,bimodal,hetero,high,d_cheap_a0.4_b0.2_g0.4,9,253,223,30,0.8814229249011858,0.9506409112758148,0.6259182762420408,30,0.40185076802892095,0.29300642884361294,14345.715992133559,69.70722134387351,140.222,"{'family': 'd_cheap', 'alpha': 0.4, 'beta': 0.2, 'gamma': 0.4}"
tune,bimodal,hetero,high,d_cheap_a0.4_b0.4_g0.2,9,253,230,23,0.9090909090909091,0.9662313896112148,0.6370049116690042,30,0.3740815114135285,0.27238309768864083,13644.916346415626,73.2873675889328,142.006,"{'family': 'd_cheap', 'alpha': 0.4, 'beta': 0.4, 'gamma': 0.2}"
tune,bimodal,hetero,high,d_cheap_a0.4_b0.6_g0.0,9,253,234,19,0.924901185770751,0.9802228663160625,0.662344927329212,30,0.3346058026132104,0.23281730308369983,15880.787385758764,62.96916996047431,113.763,"{'family': 'd_cheap', 'alpha': 0.4, 'beta': 0.6, 'gamma': 0.0}"
tune,bimodal,hetero,high,d_cheap_a0.6_b0.0_g0.4,9,253,230,23,0.9090909090909091,0.9739969511864677,0.6420405637497092,30,0.3651246025730103,0.2518713886240002,15639.058926737747,63.94246640316206,125.034,"{'family': 'd_cheap', 'alpha': 0.6, 'beta': 0.0, 'gamma': 0.4}"
tune,bimodal,hetero,high,d_cheap_a0.6_b0.2_g0.2,9,253,223,30,0.8814229249011858,0.9506409112758148,0.6259182762420408,30,0.40185076802892095,0.29300642884361294,14326.978572729407,69.79838735177866,140.112,"{'family': 'd_cheap', 'alpha': 0.6, 'beta': 0.2, 'gamma': 0.2}"
tune,bimodal,hetero,high,d_cheap_a0.6_b0.4_g0.0,9,253,229,24,0.9051383399209486,0.9645441346959818,0.6349769271964216,30,0.37442224097087784,0.20861860112127237,17262.031636050328,57.930608695652175,113.462,"{'family': 'd_cheap', 'alpha': 0.6, 'beta': 0.4, 'gamma': 0.0}"
tune,bimodal,hetero,high,d_cheap_a0.8_b0.0_g0.2,9,253,230,23,0.9090909090909091,0.9739969511864677,0.6420405637497092,30,0.3651246025730103,0.2518713886240002,15825.891671708954,63.187592885375494,123.982,"{'family': 'd_cheap', 'alpha': 0.8, 'beta': 0.0, 'gamma': 0.2}"
tune,bimodal,hetero,high,d_cheap_a0.8_b0.2_g0.0,9,253,223,30,0.8814229249011858,0.9506409112758148,0.6259182762420408,30,0.40185076802892095,0.29300642884361294,18555.763148665108,53.89161264822135,109.735,"{'family': 'd_cheap', 'alpha': 0.8, 'beta': 0.2, 'gamma': 0.0}"
tune,bimodal,hetero,high,d_capacity_a0.0_b0.4_g0.6,9,253,229,24,0.9051383399209486,0.9645824173925741,0.6321403892847914,30,0.3772970615791005,0.23336137645857713,10086.688107324275,99.14056916996049,205.585,"{'family': 'd_capacity', 'alpha': 0.0, 'beta': 0.4, 'gamma': 0.6}"
tune,bimodal,hetero,high,d_capacity_a0.0_b0.6_g0.4,9,253,229,24,0.9051383399209486,0.9686637571957235,0.6411645515143487,30,0.3567793406493895,0.17883891546955824,9096.504601590896,109.93233596837943,206.987,"{'family': 'd_capacity', 'alpha': 0.0, 'beta': 0.6, 'gamma': 0.4}"
tune,bimodal,hetero,high,d_capacity_a0.0_b0.8_g0.2,9,253,234,19,0.924901185770751,0.9824596126528865,0.6656022874760404,30,0.32488128524293514,0.19936424075189751,8056.774465565967,124.11915019762846,209.342,"{'family': 'd_capacity', 'alpha': 0.0, 'beta': 0.8, 'gamma': 0.2}"
tune,bimodal,hetero,high,d_capacity_a0.0_b1.0_g0.0,9,253,238,15,0.9407114624505929,0.9733343916884145,0.6563453825792976,30,0.31843414118881513,0.098384999852142,11847.2532237055,84.40775098814228,122.169,"{'family': 'd_capacity', 'alpha': 0.0, 'beta': 1.0, 'gamma': 0.0}"
tune,bimodal,hetero,high,d_capacity_a0.2_b0.2_g0.6,9,253,224,29,0.8853754940711462,0.950239201735749,0.627475821999194,30,0.39989151273170187,0.2693209587144194,10551.729939440995,94.77118972332016,202.759,"{'family': 'd_capacity', 'alpha': 0.2, 'beta': 0.2, 'gamma': 0.6}"
tune,bimodal,hetero,high,d_capacity_a0.2_b0.4_g0.4,9,253,229,24,0.9051383399209486,0.9645824173925741,0.6321403892847914,30,0.3772970615791005,0.23336137645857713,10140.770325781266,98.61183794466403,208.09,"{'family': 'd_capacity', 'alpha': 0.2, 'beta': 0.4, 'gamma': 0.4}"
tune,bimodal,hetero,high,d_capacity_a0.2_b0.6_g0.2,9,253,235,18,0.9288537549407114,0.9709878980427806,0.6669286985515106,30,0.33333933445928476,0.16719301578108195,9006.701769307823,111.02843478260868,207.929,"{'family': 'd_capacity', 'alpha': 0.2, 'beta': 0.6, 'gamma': 0.2}"
tune,bimodal,hetero,high,d_capacity_a0.2_b0.8_g0.0,9,253,235,18,0.9288537549407114,0.9755697469243588,0.6747467546062543,30,0.31754621412045203,0.12240468167821761,14230.524599008566,70.27147826086957,112.811,"{'family': 'd_capacity', 'alpha': 0.2, 'beta': 0.8, 'gamma': 0.0}"
tune,bimodal,hetero,high,d_capacity_a0.4_b0.0_g0.6,9,253,230,23,0.9090909090909091,0.9739969511864677,0.6420405637497092,30,0.3651246025730103,0.2518713886240002,11225.764273770035,89.08079446640316,187.21,"{'family': 'd_capacity', 'alpha': 0.4, 'beta': 0.0, 'gamma': 0.6}"
tune,bimodal,hetero,high,d_capacity_a0.4_b0.2_g0.4,9,253,224,29,0.8853754940711462,0.9501070820012235,0.6257047614205931,30,0.4015304535757774,0.2693209587144194,10590.44138573707,94.42477075098815,205.494,"{'family': 'd_capacity', 'alpha': 0.4, 'beta': 0.2, 'gamma': 0.4}"
tune,bimodal,hetero,high,d_capacity_a0.4_b0.4_g0.2,9,253,230,23,0.9090909090909091,0.9662313896112148,0.6357539057188161,30,0.37533251736371653,0.27238309768864083,10144.272403465218,98.57779446640316,203.471,"{'family': 'd_capacity', 'alpha': 0.4, 'beta': 0.4, 'gamma': 0.2}"
tune,bimodal,hetero,high,d_capacity_a0.4_b0.6_g0.0,9,253,234,19,0.924901185770751,0.9802228663160625,0.662344927329212,30,0.3346058026132104,0.23281730308369983,15955.335151905198,62.67496047430831,111.929,"{'family': 'd_capacity', 'alpha': 0.4, 'beta': 0.6, 'gamma': 0.0}"
tune,bimodal,hetero,high,d_capacity_a0.6_b0.0_g0.4,9,253,230,23,0.9090909090909091,0.9739969511864677,0.6420405637497092,30,0.3651246025730103,0.2518713886240002,11246.643288169984,88.91541897233202,185.988,"{'family': 'd_capacity', 'alpha': 0.6, 'beta': 0.0, 'gamma': 0.4}"
tune,bimodal,hetero,high,d_capacity_a0.6_b0.2_g0.2,9,253,223,30,0.8814229249011858,0.9506409112758148,0.6259182762420408,30,0.40185076802892095,0.29300642884361294,10517.431874270378,95.08024505928854,207.839,"{'family': 'd_capacity', 'alpha': 0.6, 'beta': 0.2, 'gamma': 0.2}"
tune,bimodal,hetero,high,d_capacity_a0.6_b0.4_g0.0,9,253,229,24,0.9051383399209486,0.9645441346959818,0.6349769271964216,30,0.37442224097087784,0.20861860112127237,17324.341110113648,57.72225296442688,111.198,"{'family': 'd_capacity', 'alpha': 0.6, 'beta': 0.4, 'gamma': 0.0}"
tune,bimodal,hetero,high,d_capacity_a0.8_b0.0_g0.2,9,253,230,23,0.9090909090909091,0.9739969511864677,0.6420405637497092,30,0.3651246025730103,0.2518713886240002,11101.261849280669,90.07984980237154,188.833,"{'family': 'd_capacity', 'alpha': 0.8, 'beta': 0.0, 'gamma': 0.2}"
tune,bimodal,hetero,high,d_capacity_a0.8_b0.2_g0.0,9,253,223,30,0.8814229249011858,0.9506409112758148,0.6259182762420408,30,0.40185076802892095,0.29300642884361294,17949.011186845375,55.713375494071144,112.36,"{'family': 'd_capacity', 'alpha': 0.8, 'beta': 0.2, 'gamma': 0.0}"
