split,family,cluster_config,load,policy,seed,submitted,placed,rejected,admission_rate,mean_cpu_util,mean_ram_util,active_nodes,free_imbalance,stranded_frac,decisions_per_sec,mean_latency_us,p95_latency_us,params
tune,bimodal,homog,med,binpack,0,172,172,0,1.0,0.7532986111111111,0.4469791666666667,24,0.32395833333333335,0.19361979166666668,7752.398139009784,128.9923430232558,228.036,{}
tune,bimodal,homog,med,hybrid_a0.1,0,172,172,0,1.0,0.7532986111111111,0.4469791666666667,30,0.30951388888888887,0.015234375,4947.312559414491,202.12994186046512,269.835,"{'family': 'hybrid', 'alpha': 0.1}"
tune,bimodal,homog,med,hybrid_a0.2,0,172,172,0,1.0,0.7532986111111111,0.4469791666666667,30,0.3065972222222222,0.028385416666666666,5003.546700079499,199.85823255813955,257.291,"{'family': 'hybrid', 'alpha': 0.2}"
tune,bimodal,homog,med,hybrid_a0.3,0,172,172,0,1.0,0.7532986111111111,0.4469791666666667,30,0.3063194444444444,0.06705729166666667,5312.556706523712,188.23328488372093,261.579,"{'family': 'hybrid', 'alpha': 0.3}"
tune,bimodal,homog,med,hybrid_a0.4,0,172,172,0,1.0,0.7532986111111111,0.4469791666666667,25,0.3063194444444444,0.14908854166666666,5621.514844639469,177.8879941860465,268.562,"{'family': 'hybrid', 'alpha': 0.4}"
tune,bimodal,homog,med,hybrid_a0.5,0,172,172,0,1.0,0.7532986111111111,0.4469791666666667,24,0.3179861111111111,0.190234375,5999.722826758248,166.67436627906977,258.433,"{'family': 'hybrid', 'alpha': 0.5}"
tune,bimodal,homog,med,hybrid_a0.6,0,172,172,0,1.0,0.7532986111111111,0.4469791666666667,23,0.3063194444444444,0.18776041666666668,6057.631887148854,165.08101162790697,250.88,"{'family': 'hybrid', 'alpha': 0.6}"
tune,bimodal,homog,med,hybrid_a0.7,0,172,172,0,1.0,0.7532986111111111,0.4469791666666667,24,0.32395833333333335,0.19361979166666668,6137.814927893877,162.92443023255814,250.409,"{'family': 'hybrid', 'alpha': 0.7}"
tune,bimodal,homog,med,hybrid_a0.8,0,172,172,0,1.0,0.7532986111111111,0.4469791666666667,24,0.32395833333333335,0.19361979166666668,6147.658903579331,162.6635465116279,248.414,"{'family': 'hybrid', 'alpha': 0.8}"
tune,bimodal,homog,med,hybrid_a0.9,0,172,172,0,1.0,0.7532986111111111,0.4469791666666667,24,0.32395833333333335,0.19361979166666668,6145.314610274688,162.7255988372093,244.918,"{'family': 'hybrid', 'alpha': 0.9}"
tune,bimodal,homog,med,balance_l0.05,0,172,172,0,1.0,0.7532986111111111,0.4469791666666667,24,0.32395833333333335,0.19361979166666668,7296.935202366923,137.04383720930232,211.215,"{'family': 'balance', 'lam': 0.05}"
tune,bimodal,homog,med,balance_l0.1,0,172,172,0,1.0,0.7532986111111111,0.4469791666666667,24,0.3225694444444444,0.1921875,6923.822255821546,144.42889534883722,220.913,"{'family': 'balance', 'lam': 0.1}"
tune,bimodal,homog,med,balance_l0.2,0,172,172,0,1.0,0.7532986111111111,0.4469791666666667,24,0.3225694444444444,0.1921875,7330.2050688794225,136.42183139534882,217.567,"{'family': 'balance', 'lam': 0.2}"
tune,bimodal,homog,med,balance_l0.4,0,172,172,0,1.0,0.7532986111111111,0.4469791666666667,23,0.3065972222222222,0.20481770833333332,7116.523052197297,140.51805813953487,217.647,"{'family': 'balance', 'lam': 0.4}"
tune,bimodal,homog,med,balance_l0.8,0,172,172,0,1.0,0.7532986111111111,0.4469791666666667,27,0.3063194444444444,0.11302083333333333,6624.041983486186,150.96522674418605,220.252,"{'family': 'balance', 'lam': 0.8}"
tune,bimodal,homog,med,wmatch_l0.05,0,172,172,0,1.0,0.7532986111111111,0.4469791666666667,24,0.32395833333333335,0.19361979166666668,4907.351766449771,203.77589534883722,323.124,"{'family': 'wmatch', 'lam': 0.05}"
tune,bimodal,homog,med,wmatch_l0.1,0,172,172,0,1.0,0.7532986111111111,0.4469791666666667,24,0.32395833333333335,0.19361979166666668,4992.9549985546555,200.2821976744186,307.145,"{'family': 'wmatch', 'lam': 0.1}"
tune,bimodal,homog,med,wmatch_l0.2,0,172,172,0,1.0,0.7532986111111111,0.4469791666666667,24,0.32395833333333335,0.19361979166666668,4989.631719344124,200.4155930232558,302.365,"{'family': 'wmatch', 'lam': 0.2}"
tune,bimodal,homog,med,wmatch_l0.4,0,172,172,0,1.0,0.7532986111111111,0.4469791666666667,24,0.32395833333333335,0.19361979166666668,4940.056152354548,202.42684883720932,313.596,"{'family': 'wmatch', 'lam': 0.4}"
tune,bimodal,homog,med,wmatch_l0.8,0,172,172,0,1.0,0.7532986111111111,0.4469791666666667,24,0.32395833333333335,0.19361979166666668,4952.099379191001,201.93455813953486,299.029,"{'family': 'wmatch', 'lam': 0.8}"
tune,bimodal,homog,med,d_cheap_a0.0_b0.4_g0.6,0,172,172,0,1.0,0.7532986111111111,0.4469791666666667,24,0.3225694444444444,0.1921875,4628.173234999721,216.06797093023255,327.222,"{'family': 'd_cheap', 'alpha': 0.0, 'beta': 0.4, 'gamma': 0.6}"
tune,bimodal,homog,med,d_cheap_a0.0_b0.6_g0.4,0,172,172,0,1.0,0.7532986111111111,0.4469791666666667,26,0.3063194444444444,0.115625,4275.885502326802,233.86968604651165,329.036,"{'family': 'd_cheap', 'alpha': 0.0, 'beta': 0.6, 'gamma': 0.4}"
tune,bimodal,homog,med,d_cheap_a0.0_b0.8_g0.2,0,172,172,0,1.0,0.7532986111111111,0.4469791666666667,30,0.3063194444444444,0.029036458333333334,3841.760391101929,260.2973372093023,333.314,"{'family': 'd_cheap', 'alpha': 0.0, 'beta': 0.8, 'gamma': 0.2}"
tune,bimodal,homog,med,d_cheap_a0.0_b1.0_g0.0,0,172,172,0,1.0,0.7532986111111111,0.4469791666666667,30,0.3063194444444444,0.012239583333333333,4395.632366789147,227.49855232558141,273.402,"{'family': 'd_cheap', 'alpha': 0.0, 'beta': 1.0, 'gamma': 0.0}"
tune,bimodal,homog,med,d_cheap_a0.2_b0.2_g0.6,0,172,172,0,1.0,0.7532986111111111,0.4469791666666667,24,0.3225694444444444,0.1921875,4726.302046752579,211.5819069767442,317.625,"{'family': 'd_cheap', 'alpha': 0.2, 'beta': 0.2, 'gamma': 0.6}"
tune,bimodal,homog,med,d_cheap_a0.2_b0.4_g0.4,0,172,172,0,1.0,0.7532986111111111,0.4469791666666667,24,0.3220138888888889,0.19088541666666667,4711.596468855676,212.2422848837209,321.582,"{'family': 'd_cheap', 'alpha': 0.2, 'beta': 0.4, 'gamma': 0.4}"
tune,bimodal,homog,med,d_cheap_a0.2_b0.6_g0.2,0,172,172,0,1.0,0.7532986111111111,0.4469791666666667,26,0.3063194444444444,0.13203125,4443.2731195771075,225.05931395348836,312.525,"{'family': 'd_cheap', 'alpha': 0.2, 'beta': 0.6, 'gamma': 0.2}"
tune,bimodal,homog,med,d_cheap_a0.2_b0.8_g0.0,0,172,172,0,1.0,0.7532986111111111,0.4469791666666667,30,0.3065972222222222,0.028385416666666666,5106.0749972577105,195.8451453488372,265.797,"{'family': 'd_cheap', 'alpha': 0.2, 'beta': 0.8, 'gamma': 0.0}"
tune,bimodal,homog,med,d_cheap_a0.4_b0.0_g0.6,0,172,172,0,1.0,0.7532986111111111,0.4469791666666667,24,0.3225694444444444,0.1921875,5383.684050613767,185.7464127906977,287.037,"{'family': 'd_cheap', 'alpha': 0.4, 'beta': 0.0, 'gamma': 0.6}"
tune,bimodal,homog,med,d_cheap_a0.4_b0.2_g0.4,0,172,172,0,1.0,0.7532986111111111,0.4469791666666667,24,0.3225694444444444,0.1921875,4590.0689481728905,217.86165116279068,332.793,"{'family': 'd_cheap', 'alpha': 0.4, 'beta': 0.2, 'gamma': 0.4}"
tune,bimodal,homog,med,d_cheap_a0.4_b0.4_g0.2,0,172,172,0,1.0,0.7532986111111111,0.4469791666666667,24,0.3220138888888889,0.19088541666666667,4674.611440589684,213.92152325581395,318.205,"{'family': 'd_cheap', 'alpha': 0.4, 'beta': 0.4, 'gamma': 0.2}"
tune,bimodal,homog,med,d_cheap_a0.4_b0.6_g0.0,0,172,172,0,1.0,0.7532986111111111,0.4469791666666667,25,0.3063194444444444,0.14908854166666666,5629.703809826772,177.62923837209303,259.285,"{'family': 'd_cheap', 'alpha': 0.4, 'beta': 0.6, 'gamma': 0.0}"
tune,bimodal,homog,med,d_cheap_a0.6_b0.0_g0.4,0,172,172,0,1.0,0.7532986111111111,0.4469791666666667,24,0.32395833333333335,0.19361979166666668,5322.199292413604,187.89225,296.354,"{'family': 'd_cheap', 'alpha': 0.6, 'beta': 0.0, 'gamma': 0.4}"
tune,bimodal,homog,med,d_cheap_a0.6_b0.2_g0.2,0,172,172,0,1.0,0.7532986111111111,0.4469791666666667,24,0.32395833333333335,0.19361979166666668,4630.487127245787,215.96,333.734,"{'family': 'd_cheap', 'alpha': 0.6, 'beta': 0.2, 'gamma': 0.2}"
tune,bimodal,homog,med,d_cheap_a0.6_b0.4_g0.0,0,172,172,0,1.0,0.7532986111111111,0.4469791666666667,23,0.3063194444444444,0.18776041666666668,6025.133775484739,165.97141860465118,254.786,"{'family': 'd_cheap', 'alpha': 0.6, 'beta': 0.4, 'gamma': 0.0}"
tune,bimodal,homog,med,d_cheap_a0.8_b0.0_g0.2,0,172,172,0,1.0,0.7532986111111111,0.4469791666666667,24,0.32395833333333335,0.19361979166666668,5362.660016552535,186.47462209302327,275.536,"{'family': 'd_cheap', 'alpha': 0.8, 'beta': 0.0, 'gamma': 0.2}"
tune,bimodal,homog,med,d_cheap_a0.8_b0.2_g0.0,0,172,172,0,1.0,0.7532986111111111,0.4469791666666667,24,0.32395833333333335,0.19361979166666668,6055.183705472485,165.1477558139535,256.36,"{'family': 'd_cheap', 'alpha': 0.8, 'beta': 0.2, 'gamma': 0.0}"
tune,bimodal,homog,med,d_capacity_a0.0_b0.4_g0.6,0,172,172,0,1.0,0.7532986111111111,0.4469791666666667,24,0.3225694444444444,0.1921875,3476.835261642769,287.61788372093025,453.659,"{'family': 'd_capacity', 'alpha': 0.0, 'beta': 0.4, 'gamma': 0.6}"
tune,bimodal,homog,med,d_capacity_a0.0_b0.6_g0.4,0,172,172,0,1.0,0.7532986111111111,0.4469791666666667,27,0.3063194444444444,0.097265625,3004.8855945714713,332.79137209302326,448.579,"{'family': 'd_capacity', 'alpha': 0.0, 'beta': 0.6, 'gamma': 0.4}"
tune,bimodal,homog,med,d_capacity_a0.0_b0.8_g0.2,0,172,172,0,1.0,0.7532986111111111,0.4469791666666667,30,0.3063194444444444,0.029036458333333334,2776.7085745713257,360.1386220930233,461.824,"{'family': 'd_capacity', 'alpha': 0.0, 'beta': 0.8, 'gamma': 0.2}"
tune,bimodal,homog,med,d_capacity_a0.0_b1.0_g0.0,0,172,172,0,1.0,0.7532986111111111,0.4469791666666667,30,0.3063194444444444,0.012239583333333333,4384.902678104804,228.05523255813955,274.333,"{'family': 'd_capacity', 'alpha': 0.0, 'beta': 1.0, 'gamma': 0.0}"
tune,bimodal,homog,med,d_capacity_a0.2_b0.2_g0.6,0,172,172,0,1.0,0.7532986111111111,0.4469791666666667,24,0.3225694444444444,0.1921875,3521.981660181477,283.9310639534884,430.165,"{'family': 'd_capacity', 'alpha': 0.2, 'beta': 0.2, 'gamma': 0.6}"
tune,bimodal,homog,med,d_capacity_a0.2_b0.4_g0.4,0,172,172,0,1.0,0.7532986111111111,0.4469791666666667,24,0.3220138888888889,0.19088541666666667,3461.5068265241503,288.89152906976744,447.517,"{'family': 'd_capacity', 'alpha': 0.2, 'beta': 0.4, 'gamma': 0.4}"
tune,bimodal,homog,med,d_capacity_a0.2_b0.6_g0.2,0,172,172,0,1.0,0.7532986111111111,0.4469791666666667,26,0.3063194444444444,0.133984375,3195.266190845707,312.96297093023253,448.62,"{'family': 'd_capacity', 'alpha': 0.2, 'beta': 0.6, 'gamma': 0.2}"
tune,bimodal,homog,med,d_capacity_a0.2_b0.8_g0.0,0,172,172,0,1.0,0.7532986111111111,0.4469791666666667,30,0.3065972222222222,0.028385416666666666,4981.982313383487,200.72331395348837,271.207,"{'family': 'd_capacity', 'alpha': 0.2, 'beta': 0.8, 'gamma': 0.0}"
tune,bimodal,homog,med,d_capacity_a0.4_b0.0_g0.6,0,172,172,0,1.0,0.7532986111111111,0.4469791666666667,24,0.32395833333333335,0.19361979166666668,3864.221414315372,258.7843430232558,395.31,"{'family': 'd_capacity', 'alpha': 0.4, 'beta': 0.0, 'gamma': 0.6}"
tune,bimodal,homog,med,d_capacity_a0.4_b0.2_g0.4,0,172,172,0,1.0,0.7532986111111111,0.4469791666666667,24,0.32395833333333335,0.19361979166666668,3530.5498478333016,283.242,434.162,"{'family': 'd_capacity', 'alpha': 0.4, 'beta': 0.2, 'gamma': 0.4}"
tune,bimodal,homog,med,d_capacity_a0.4_b0.4_g0.2,0,172,172,0,1.0,0.7532986111111111,0.4469791666666667,23,0.3063194444444444,0.18776041666666668,3507.3535337320945,285.11525581395347,437.568,"{'family': 'd_capacity', 'alpha': 0.4, 'beta': 0.4, 'gamma': 0.2}"
tune,bimodal,homog,med,d_capacity_a0.4_b0.6_g0.0,0,172,172,0,1.0,0.7532986111111111,0.4469791666666667,25,0.3063194444444444,0.14908854166666666,5708.023386833774,175.19199418604651,246.14,"{'family': 'd_capacity', 'alpha': 0.4, 'beta': 0.6, 'gamma': 0.0}"
tune,bimodal,homog,med,d_capacity_a0.6_b0.0_g0.4,0,172,172,0,1.0,0.7532986111111111,0.4469791666666667,24,0.32395833333333335,0.19361979166666668,3942.9693498091683,253.61597093023255,387.605,"{'family': 'd_capacity', 'alpha': 0.6, 'beta': 0.0, 'gamma': 0.4}"
tune,bimodal,homog,med,d_capacity_a0.6_b0.2_g0.2,0,172,172,0,1.0,0.7532986111111111,0.4469791666666667,24,0.32395833333333335,0.19361979166666668,3540.726517145217,282.42791279069763,435.144,"{'family': 'd_capacity', 'alpha': 0.6, 'beta': 0.2, 'gamma': 0.2}"
tune,bimodal,homog,med,d_capacity_a0.6_b0.4_g0.0,0,172,172,0,1.0,0.7532986111111111,0.4469791666666667,23,0.3063194444444444,0.18776041666666668,6147.750532718667,162.66112209302327,248.475,"{'family': 'd_capacity', 'alpha': 0.6, 'beta': 0.4, 'gamma': 0.0}"
tune,bimodal,homog,med,d_capacity_a0.8_b0.0_g0.2,0,172,172,0,1.0,0.7532986111111111,0.4469791666666667,24,0.32395833333333335,0.19361979166666668,3959.9022143589004,252.53148837209304,389.419,"{'family': 'd_capacity', 'alpha': 0.8, 'beta': 0.0, 'gamma': 0.2}"
tune,bimodal,homog,med,d_capacity_a0.8_b0.2_g0.0,0,172,172,0,1.0,0.7532986111111111,0.4469791666666667,24,0.32395833333333335,0.19361979166666668,6110.503119998025,163.6526453488372,261.008,"{'family': 'd_capacity', 'alpha': 0.8, 'beta': 0.2, 'gamma': 0.0}"
tune,bimodal,homog,med,binpack,1,172,172,0,1.0,0.7532986111111111,0.4469791666666667,23,0.31354166666666666,0.13984375,8120.451986246031,123.1458546511628,188.372,{}
tune,bimodal,homog,med,hybrid_a0.1,1,172,172,0,1.0,0.7532986111111111,0.4469791666666667,30,0.30687499999999995,0.015885416666666666,4964.0278260311425,201.44931395348837,254.806,"{'family': 'hybrid', 'alpha': 0.1}"
tune,bimodal,homog,med,hybrid_a0.2,1,172,172,0,1.0,0.7532986111111111,0.4469791666666667,30,0.3065972222222222,0.015104166666666667,4969.26610035716,201.2369593023256,256.48,"{'family': 'hybrid', 'alpha': 0.2}"
tune,bimodal,homog,med,hybrid_a0.3,1,172,172,0,1.0,0.7532986111111111,0.4469791666666667,30,0.3063194444444444,0.055859375,5187.180931826389,192.78294186046512,260.437,"{'family': 'hybrid', 'alpha': 0.3}"
tune,bimodal,homog,med,hybrid_a0.4,1,172,172,0,1.0,0.7532986111111111,0.4469791666666667,24,0.3063194444444444,0.120703125,5764.198889124931,173.48464534883723,259.175,"{'family': 'hybrid', 'alpha': 0.4}"
tune,bimodal,homog,med,hybrid_a0.5,1,172,172,0,1.0,0.7532986111111111,0.4469791666666667,23,0.31020833333333336,0.13776041666666666,5796.750752692919,172.51043604651164,275.245,"{'family': 'hybrid', 'alpha': 0.5}"
tune,bimodal,homog,med,hybrid_a0.6,1,172,172,0,1.0,0.7532986111111111,0.4469791666666667,23,0.31020833333333336,0.13776041666666666,5818.518381951227,171.86505813953488,265.266,"{'family': 'hybrid', 'alpha': 0.6}"
tune,bimodal,homog,med,hybrid_a0.7,1,172,172,0,1.0,0.7532986111111111,0.4469791666666667,23,0.31354166666666666,0.13984375,5844.80526451125,171.0920988372093,262.521,"{'family': 'hybrid', 'alpha': 0.7}"
tune,bimodal,homog,med,hybrid_a0.8,1,172,172,0,1.0,0.7532986111111111,0.4469791666666667,23,0.31354166666666666,0.13984375,5882.609852694319,169.99257558139536,258.294,"{'family': 'hybrid', 'alpha': 0.8}"
tune,bimodal,homog,med,hybrid_a0.9,1,172,172,0,1.0,0.7532986111111111,0.4469791666666667,23,0.31354166666666666,0.13984375,5919.175109262983,168.94245930232557,247.784,"{'family': 'hybrid', 'alpha': 0.9}"
tune,bimodal,homog,med,balance_l0.05,1,172,172,0,1.0,0.7532986111111111,0.4469791666666667,23,0.31354166666666666,0.13984375,7134.298355029897,140.1679534883721,211.987,"{'family': 'balance', 'lam': 0.05}"
tune,bimodal,homog,med,balance_l0.1,1,172,172,0,1.0,0.7532986111111111,0.4469791666666667,23,0.31354166666666666,0.13984375,7163.152245096417,139.6033430232558,214.431,"{'family': 'balance', 'lam': 0.1}"
tune,bimodal,homog,med,balance_l0.2,1,172,172,0,1.0,0.7532986111111111,0.4469791666666667,23,0.31354166666666666,0.13984375,7072.425128408719,141.39421511627907,212.227,"{'family': 'balance', 'lam': 0.2}"
tune,bimodal,homog,med,balance_l0.4,1,172,172,0,1.0,0.7532986111111111,0.4469791666666667,23,0.31354166666666666,0.13984375,7172.996537235921,139.41175,211.376,"{'family': 'balance', 'lam': 0.4}"
tune,bimodal,homog,med,balance_l0.8,1,172,172,0,1.0,0.7532986111111111,0.4469791666666667,27,0.3063194444444444,0.12864583333333332,6784.365414125554,147.39772093023254,215.514,"{'family': 'balance', 'lam': 0.8}"
tune,bimodal,homog,med,wmatch_l0.05,1,172,172,0,1.0,0.7532986111111111,0.4469791666666667,23,0.31354166666666666,0.13984375,4883.908778465415,204.75402906976745,307.115,"{'family': 'wmatch', 'lam': 0.05}"
tune,bimodal,homog,med,wmatch_l0.1,1,172,172,0,1.0,0.7532986111111111,0.4469791666666667,23,0.31354166666666666,0.13984375,4885.103085473711,204.70397093023254,297.066,"{'family': 'wmatch', 'lam': 0.1}"
tune,bimodal,homog,med,wmatch_l0.2,1,172,172,0,1.0,0.7532986111111111,0.4469791666666667,23,0.31354166666666666,0.13984375,4869.751420141258,205.3492906976744,309.238,"{'family': 'wmatch', 'lam': 0.2}"
tune,bimodal,homog,med,wmatch_l0.4,1,172,172,0,1.0,0.7532986111111111,0.4469791666666667,23,0.31354166666666666,0.13984375,4853.189877555148,206.0500465116279,305.672,"{'family': 'wmatch', 'lam': 0.4}"
tune,bimodal,homog,med,wmatch_l0.8,1,172,172,0,1.0,0.7532986111111111,0.4469791666666667,23,0.31354166666666666,0.13984375,4851.084811149101,206.13945930232558,314.839,"{'family': 'wmatch', 'lam': 0.8}"
tune,bimodal,homog,med,d_cheap_a0.0_b0.4_g0.6,1,172,172,0,1.0,0.7532986111111111,0.4469791666666667,23,0.31020833333333336,0.13776041666666666,4565.7813218505,219.02056395348836,319.557,"{'family': 'd_cheap', 'alpha': 0.0, 'beta': 0.4, 'gamma': 0.6}"
tune,bimodal,homog,med,d_cheap_a0.0_b0.6_g0.4,1,172,172,0,1.0,0.7532986111111111,0.4469791666666667,26,0.3063194444444444,0.09856770833333334,4215.33096756869,237.22929651162792,311.143,"{'family': 'd_cheap', 'alpha': 0.0, 'beta': 0.6, 'gamma': 0.4}"
tune,bimodal,homog,med,d_cheap_a0.0_b0.8_g0.2,1,172,172,0,1.0,0.7532986111111111,0.4469791666666667,30,0.30687499999999995,0.017708333333333333,3771.631154383805,265.1372732558139,326.641,"{'family': 'd_cheap', 'alpha': 0.0, 'beta': 0.8, 'gamma': 0.2}"
tune,bimodal,homog,med,d_cheap_a0.0_b1.0_g0.0,1,172,172,0,1.0,0.7532986111111111,0.4469791666666667,30,0.3063194444444444,0.00234375,4422.095721146757,226.13712209302327,277.579,"{'family': 'd_cheap', 'alpha': 0.0, 'beta': 1.0, 'gamma': 0.0}"
tune,bimodal,homog,med,d_cheap_a0.2_b0.2_g0.6,1,172,172,0,1.0,0.7532986111111111,0.4469791666666667,23,0.31354166666666666,0.13984375,4627.540684624735,216.0975058139535,307.114,"{'family': 'd_cheap', 'alpha': 0.2, 'beta': 0.2, 'gamma': 0.6}"
tune,bimodal,homog,med,d_cheap_a0.2_b0.4_g0.4,1,172,172,0,1.0,0.7532986111111111,0.4469791666666667,23,0.31020833333333336,0.13776041666666666,4567.040207186434,218.96019186046513,316.132,"{'family': 'd_cheap', 'alpha': 0.2, 'beta': 0.4, 'gamma': 0.4}"
tune,bimodal,homog,med,d_cheap_a0.2_b0.6_g0.2,1,172,172,0,1.0,0.7532986111111111,0.4469791666666667,26,0.3063194444444444,0.11158854166666667,4256.068014738268,234.9586511627907,311.814,"{'family': 'd_cheap', 'alpha': 0.2, 'beta': 0.6, 'gamma': 0.2}"
tune,bimodal,homog,med,d_cheap_a0.2_b0.8_g0.0,1,172,172,0,1.0,0.7532986111111111,0.4469791666666667,30,0.3065972222222222,0.015104166666666667,5011.576596251976,199.5380058139535,252.853,"{'family': 'd_cheap', 'alpha': 0.2, 'beta': 0.8, 'gamma': 0.0}"
tune,bimodal,homog,med,d_cheap_a0.4_b0.0_g0.6,1,172,172,0,1.0,0.7532986111111111,0.4469791666666667,23,0.31354166666666666,0.13984375,5466.050566497349,182.94744767441858,268.883,"{'family': 'd_cheap', 'alpha': 0.4, 'beta': 0.0, 'gamma': 0.6}"
tune,bimodal,homog,med,d_cheap_a0.4_b0.2_g0.4,1,172,172,0,1.0,0.7532986111111111,0.4469791666666667,23,0.31354166666666666,0.13984375,4672.195630698466,214.03213372093023,304.019,"{'family': 'd_cheap', 'alpha': 0.4, 'beta': 0.2, 'gamma': 0.4}"
tune,bimodal,homog,med,d_cheap_a0.4_b0.4_g0.2,1,172,172,0,1.0,0.7532986111111111,0.4469791666666667,23,0.31020833333333336,0.13776041666666666,4560.730703303122,219.26311046511628,314.609,"{'family': 'd_cheap', 'alpha': 0.4, 'beta': 0.4, 'gamma': 0.2}"
tune,bimodal,homog,med,d_cheap_a0.4_b0.6_g0.0,1,172,172,0,1.0,0.7532986111111111,0.4469791666666667,24,0.3063194444444444,0.120703125,5910.549537123216,169.1890058139535,252.252,"{'family': 'd_cheap', 'alpha': 0.4, 'beta': 0.6, 'gamma': 0.0}"
tune,bimodal,homog,med,d_cheap_a0.6_b0.0_g0.4,1,172,172,0,1.0,0.7532986111111111,0.4469791666666667,23,0.31354166666666666,0.13984375,5375.389379768197,186.03303488372092,266.419,"{'family': 'd_cheap', 'alpha': 0.6, 'beta': 0.0, 'gamma': 0.4}"
tune,bimodal,homog,med,d_cheap_a0.6_b0.2_g0.2,1,172,172,0,1.0,0.7532986111111111,0.4469791666666667,23,0.31354166666666666,0.13984375,4625.571173999815,216.18951744186046,302.816,"{'family': 'd_cheap', 'alpha': 0.6, 'beta': 0.2, 'gamma': 0.2}"
tune,bimodal,homog,med,d_cheap_a0.6_b0.4_g0.0,1,172,172,0,1.0,0.7532986111111111,0.4469791666666667,23,0.31020833333333336,0.13776041666666666,5923.401261085241,168.82192441860465,257.532,"{'family': 'd_cheap', 'alpha': 0.6, 'beta': 0.4, 'gamma': 0.0}"
tune,bimodal,homog,med,d_cheap_a0.8_b0.0_g0.2,1,172,172,0,1.0,0.7532986111111111,0.4469791666666667,23,0.31354166666666666,0.13984375,5326.13751511098,187.75331976744187,270.847,"{'family': 'd_cheap', 'alpha': 0.8, 'beta': 0.0, 'gamma': 0.2}"
tune,bimodal,homog,med,d_cheap_a0.8_b0.2_g0.0,1,172,172,0,1.0,0.7532986111111111,0.4469791666666667,23,0.31354166666666666,0.13984375,5954.08953870622,167.95179069767443,249.858,"{'family': 'd_cheap', 'alpha': 0.8, 'beta': 0.2, 'gamma': 0.0}"
tune,bimodal,homog,med,d_capacity_a0.0_b0.4_g0.6,1,172,172,0,1.0,0.7532986111111111,0.4469791666666667,23,0.31020833333333336,0.13776041666666666,3438.896389370723,290.7909651162791,434.102,"{'family': 'd_capacity', 'alpha': 0.0, 'beta': 0.4, 'gamma': 0.6}"
tune,bimodal,homog,med,d_capacity_a0.0_b0.6_g0.4,1,172,172,0,1.0,0.7532986111111111,0.4469791666666667,26,0.3063194444444444,0.10169270833333334,3202.992041495879,312.2080813953488,429.113,"{'family': 'd_capacity', 'alpha': 0.0, 'beta': 0.6, 'gamma': 0.4}"
tune,bimodal,homog,med,d_capacity_a0.0_b0.8_g0.2,1,172,172,0,1.0,0.7532986111111111,0.4469791666666667,30,0.3065972222222222,0.014453125,2803.0923910823008,356.7488546511628,452.857,"{'family': 'd_capacity', 'alpha': 0.0, 'beta': 0.8, 'gamma': 0.2}"
tune,bimodal,homog,med,d_capacity_a0.0_b1.0_g0.0,1,172,172,0,1.0,0.7532986111111111,0.4469791666666667,30,0.3063194444444444,0.00234375,4413.294227783201,226.58811046511627,276.527,"{'family': 'd_capacity', 'alpha': 0.0, 'beta': 1.0, 'gamma': 0.0}"
tune,bimodal,homog,med,d_capacity_a0.2_b0.2_g0.6,1,172,172,0,1.0,0.7532986111111111,0.4469791666666667,23,0.31354166666666666,0.13984375,3446.0236493390444,290.1895348837209,428.982,"{'family': 'd_capacity', 'alpha': 0.2, 'beta': 0.2, 'gamma': 0.6}"
tune,bimodal,homog,med,d_capacity_a0.2_b0.4_g0.4,1,172,172,0,1.0,0.7532986111111111,0.4469791666666667,23,0.31020833333333336,0.13776041666666666,3437.418155223612,290.91601744186045,418.162,"{'family': 'd_capacity', 'alpha': 0.2, 'beta': 0.4, 'gamma': 0.4}"
tune,bimodal,homog,med,d_capacity_a0.2_b0.6_g0.2,1,172,172,0,1.0,0.7532986111111111,0.4469791666666667,26,0.3063194444444444,0.11627604166666666,3201.304643315569,312.3726453488372,417.852,"{'family': 'd_capacity', 'alpha': 0.2, 'beta': 0.6, 'gamma': 0.2}"
tune,bimodal,homog,med,d_capacity_a0.2_b0.8_g0.0,1,172,172,0,1.0,0.7532986111111111,0.4469791666666667,30,0.3065972222222222,0.015104166666666667,4880.418537883923,204.9004593023256,266.769,"{'family': 'd_capacity', 'alpha': 0.2, 'beta': 0.8, 'gamma': 0.0}"
tune,bimodal,homog,med,d_capacity_a0.4_b0.0_g0.6,1,172,172,0,1.0,0.7532986111111111,0.4469791666666667,23,0.31354166666666666,0.13984375,3830.6636428773845,261.05137209302325,385.581,"{'family': 'd_capacity', 'alpha': 0.4, 'beta': 0.0, 'gamma': 0.6}"
tune,bimodal,homog,med,d_capacity_a0.4_b0.2_g0.4,1,172,172,0,1.0,0.7532986111111111,0.4469791666666667,23,0.31354166666666666,0.13984375,3451.96915071504,289.6897267441861,419.074,"{'family': 'd_capacity', 'alpha': 0.4, 'beta': 0.2, 'gamma': 0.4}"
tune,bimodal,homog,med,d_capacity_a0.4_b0.4_g0.2,1,172,172,0,1.0,0.7532986111111111,0.4469791666666667,23,0.31020833333333336,0.13776041666666666,3393.3290347219827,294.6958546511628,423.001,"{'family': 'd_capacity', 'alpha': 0.4, 'beta': 0.4, 'gamma': 0.2}"
tune,bimodal,homog,med,d_capacity_a0.4_b0.6_g0.0,1,172,172,0,1.0,0.7532986111111111,0.4469791666666667,24,0.3063194444444444,0.120703125,5739.264863569833,174.23834302325582,259.706,"{'family': 'd_capacity', 'alpha': 0.4, 'beta': 0.6, 'gamma': 0.0}"
tune,bimodal,homog,med,d_capacity_a0.6_b0.0_g0.4,1,172,172,0,1.0,0.7532986111111111,0.4469791666666667,23,0.31354166666666666,0.13984375,3854.9669108242833,259.4055988372093,383.518,"{'family': 'd_capacity', 'alpha': 0.6, 'beta': 0.0, 'gamma': 0.4}"
tune,bimodal,homog,med,d_capacity_a0.6_b0.2_g0.2,1,172,172,0,1.0,0.7532986111111111,0.4469791666666667,23,0.31354166666666666,0.13984375,3440.8305476775986,290.62750581395346,424.143,"{'family': 'd_capacity', 'alpha': 0.6, 'beta': 0.2, 'gamma': 0.2}"
tune,bimodal,homog,med,d_capacity_a0.6_b0.4_g0.0,1,172,172,0,1.0,0.7532986111111111,0.4469791666666667,23,0.31020833333333336,0.13776041666666666,5893.04365597576,169.6915988372093,258.133,"{'family': 'd_capacity', 'alpha': 0.6, 'beta': 0.4, 'gamma': 0.0}"
tune,bimodal,homog,med,d_capacity_a0.8_b0.0_g0.2,1,172,172,0,1.0,0.7532986111111111,0.4469791666666667,23,0.31354166666666666,0.13984375,3851.7459404501265,259.622523255814,378.188,"{'family': 'd_capacity', 'alpha': 0.8, 'beta': 0.0, 'gamma': 0.2}"
tune,bimodal,homog,med,d_capacity_a0.8_b0.2_g0.0,1,172,172,0,1.0,0.7532986111111111,0.4469791666666667,23,0.31354166666666666,0.13984375,5901.286504474839,169.45457558139535,253.254,"{'family': 'd_capacity', 'alpha': 0.8, 'beta': 0.2, 'gamma': 0.0}"
tune,bimodal,homog,med,binpack,2,172,172,0,1.0,0.7532986111111111,0.4469791666666667,24,0.32868055555555553,0.21002604166666666,8227.360623488521,121.54566279069768,185.577,{}
tune,bimodal,homog,med,hybrid_a0.1,2,172,172,0,1.0,0.7532986111111111,0.4469791666666667,30,0.3065972222222222,0.028385416666666666,4980.845608004728,200.76912209302327,261.789,"{'family': 'hybrid', 'alpha': 0.1}"
tune,bimodal,homog,med,hybrid_a0.2,2,172,172,0,1.0,0.7532986111111111,0.4469791666666667,30,0.30854166666666666,0.04739583333333333,5123.008039697355,195.19781976744187,270.115,"{'family': 'hybrid', 'alpha': 0.2}"
tune,bimodal,homog,med,hybrid_a0.3,2,172,172,0,1.0,0.7532986111111111,0.4469791666666667,30,0.3122916666666667,0.07421875,5252.637029924487,190.38056395348838,262.111,"{'family': 'hybrid', 'alpha': 0.3}"
tune,bimodal,homog,med,hybrid_a0.4,2,172,172,0,1.0,0.7532986111111111,0.4469791666666667,26,0.3063194444444444,0.11497395833333333,5473.704229410328,182.69163953488373,267.1,"{'family': 'hybrid', 'alpha': 0.4}"
tune,bimodal,homog,med,hybrid_a0.5,2,172,172,0,1.0,0.7532986111111111,0.4469791666666667,23,0.3063194444444444,0.19296875,5894.625212189372,169.64606976744187,256.881,"{'family': 'hybrid', 'alpha': 0.5}"
tune,bimodal,homog,med,hybrid_a0.6,2,172,172,0,1.0,0.7532986111111111,0.4469791666666667,24,0.3286805555555556,0.21002604166666666,5943.112116188118,168.26201162790696,258.584,"{'family': 'hybrid', 'alpha': 0.6}"
tune,bimodal,homog,med,hybrid_a0.7,2,172,172,0,1.0,0.7532986111111111,0.4469791666666667,24,0.3286805555555556,0.21002604166666666,6032.862968778882,165.75877906976746,247.403,"{'family': 'hybrid', 'alpha': 0.7}"
tune,bimodal,homog,med,hybrid_a0.8,2,172,172,0,1.0,0.7532986111111111,0.4469791666666667,24,0.32868055555555553,0.21002604166666666,5973.563785088957,167.40425581395348,253.354,"{'family': 'hybrid', 'alpha': 0.8}"
tune,bimodal,homog,med,hybrid_a0.9,2,172,172,0,1.0,0.7532986111111111,0.4469791666666667,24,0.32868055555555553,0.21002604166666666,6059.955650989679,165.01770930232558,252.202,"{'family': 'hybrid', 'alpha': 0.9}"
tune,bimodal,homog,med,balance_l0.05,2,172,172,0,1.0,0.7532986111111111,0.4469791666666667,24,0.3286805555555556,0.21002604166666666,7121.003528250242,140.42964534883723,215.503,"{'family': 'balance', 'lam': 0.05}"
tune,bimodal,homog,med,balance_l0.1,2,172,172,0,1.0,0.7532986111111111,0.4469791666666667,24,0.3286805555555556,0.21002604166666666,7181.70485740036,139.2427034883721,216.815,"{'family': 'balance', 'lam': 0.1}"
tune,bimodal,homog,med,balance_l0.2,2,172,172,0,1.0,0.7532986111111111,0.4469791666666667,24,0.3286805555555556,0.21002604166666666,7156.250743709198,139.73797674418606,214.351,"{'family': 'balance', 'lam': 0.2}"
tune,bimodal,homog,med,balance_l0.4,2,172,172,0,1.0,0.7532986111111111,0.4469791666666667,24,0.320625,0.19622395833333334,7181.849995287955,139.23988953488373,217.286,"{'family': 'balance', 'lam': 0.4}"
tune,bimodal,homog,med,balance_l0.8,2,172,172,0,1.0,0.7532986111111111,0.4469791666666667,26,0.30854166666666666,0.11888020833333333,6711.97300475676,148.98748837209303,214.221,"{'family': 'balance', 'lam': 0.8}"
tune,bimodal,homog,med,wmatch_l0.05,2,172,172,0,1.0,0.7532986111111111,0.4469791666666667,24,0.32868055555555553,0.21002604166666666,4919.416947271258,203.27612209302328,299.59,"{'family': 'wmatch', 'lam': 0.05}"
tune,bimodal,homog,med,wmatch_l0.1,2,172,172,0,1.0,0.7532986111111111,0.4469791666666667,24,0.32868055555555553,0.21002604166666666,4994.1427706371705,200.23456395348836,308.898,"{'family': 'wmatch', 'lam': 0.1}"
tune,bimodal,homog,med,wmatch_l0.2,2,172,172,0,1.0,0.7532986111111111,0.4469791666666667,24,0.32868055555555553,0.21002604166666666,4967.153972387534,201.32252906976746,304.6,"{'family': 'wmatch', 'lam': 0.2}"
tune,bimodal,homog,med,wmatch_l0.4,2,172,172,0,1.0,0.7532986111111111,0.4469791666666667,24,0.32868055555555553,0.21002604166666666,4997.238299496752,200.11052906976744,295.563,"{'family': 'wmatch', 'lam': 0.4}"
tune,bimodal,homog,med,wmatch_l0.8,2,172,172,0,1.0,0.7532986111111111,0.4469791666666667,24,0.3286805555555556,0.21002604166666666,4942.353196880708,202.33276744186045,309.789,"{'family': 'wmatch', 'lam': 0.8}"
tune,bimodal,homog,med,d_cheap_a0.0_b0.4_g0.6,2,172,172,0,1.0,0.7532986111111111,0.4469791666666667,24,0.3286805555555556,0.21002604166666666,4690.405298739958,213.20119186046512,303.578,"{'family': 'd_cheap', 'alpha': 0.0, 'beta': 0.4, 'gamma': 0.6}"
tune,bimodal,homog,med,d_cheap_a0.0_b0.6_g0.4,2,172,172,0,1.0,0.7532986111111111,0.4469791666666667,26,0.3063194444444444,0.11822916666666666,4302.615129475695,232.4167906976744,309.619,"{'family': 'd_cheap', 'alpha': 0.0, 'beta': 0.6, 'gamma': 0.4}"
tune,bimodal,homog,med,d_cheap_a0.0_b0.8_g0.2,2,172,172,0,1.0,0.7532986111111111,0.4469791666666667,30,0.3065972222222222,0.030338541666666666,3950.1316094285326,253.15612209302327,319.297,"{'family': 'd_cheap', 'alpha': 0.0, 'beta': 0.8, 'gamma': 0.2}"
tune,bimodal,homog,med,d_cheap_a0.0_b1.0_g0.0,2,172,172,0,1.0,0.7532986111111111,0.4469791666666667,30,0.3063194444444444,0.026041666666666668,4295.949563953626,232.77740697674417,284.322,"{'family': 'd_cheap', 'alpha': 0.0, 'beta': 1.0, 'gamma': 0.0}"
tune,bimodal,homog,med,d_cheap_a0.2_b0.2_g0.6,2,172,172,0,1.0,0.7532986111111111,0.4469791666666667,24,0.3286805555555556,0.21002604166666666,4642.002931424851,215.42425,310.992,"{'family': 'd_cheap', 'alpha': 0.2, 'beta': 0.2, 'gamma': 0.6}"
tune,bimodal,homog,med,d_cheap_a0.2_b0.4_g0.4,2,172,172,0,1.0,0.7532986111111111,0.4469791666666667,24,0.3286805555555556,0.21002604166666666,4675.453656278153,213.88298837209302,307.195,"{'family': 'd_cheap', 'alpha': 0.2, 'beta': 0.4, 'gamma': 0.4}"
tune,bimodal,homog,med,d_cheap_a0.2_b0.6_g0.2,2,172,172,0,1.0,0.7532986111111111,0.4469791666666667,26,0.3063194444444444,0.115625,4240.850420693595,235.80176162790696,318.015,"{'family': 'd_cheap', 'alpha': 0.2, 'beta': 0.6, 'gamma': 0.2}"
tune,bimodal,homog,med,d_cheap_a0.2_b0.8_g0.0,2,172,172,0,1.0,0.7532986111111111,0.4469791666666667,30,0.30854166666666666,0.04739583333333333,5128.5250111605055,194.9878372093023,263.833,"{'family': 'd_cheap', 'alpha': 0.2, 'beta': 0.8, 'gamma': 0.0}"
tune,bimodal,homog,med,d_cheap_a0.4_b0.0_g0.6,2,172,172,0,1.0,0.7532986111111111,0.4469791666666667,24,0.320625,0.19622395833333334,5348.481393550559,186.9689593023256,261.94,"{'family': 'd_cheap', 'alpha': 0.4, 'beta': 0.0, 'gamma': 0.6}"
tune,bimodal,homog,med,d_cheap_a0.4_b0.2_g0.4,2,172,172,0,1.0,0.7532986111111111,0.4469791666666667,24,0.3286805555555556,0.21002604166666666,4682.8919798396055,213.5432558139535,312.174,"{'family': 'd_cheap', 'alpha': 0.4, 'beta': 0.2, 'gamma': 0.4}"
tune,bimodal,homog,med,d_cheap_a0.4_b0.4_g0.2,2,172,172,0,1.0,0.7532986111111111,0.4469791666666667,24,0.3286805555555556,0.21002604166666666,4602.177108043279,217.28846511627907,315.34,"{'family': 'd_cheap', 'alpha': 0.4, 'beta': 0.4, 'gamma': 0.2}"
tune,bimodal,homog,med,d_cheap_a0.4_b0.6_g0.0,2,172,172,0,1.0,0.7532986111111111,0.4469791666666667,26,0.3063194444444444,0.11497395833333333,5484.217680971132,182.3414127906977,254.426,"{'family': 'd_cheap', 'alpha': 0.4, 'beta': 0.6, 'gamma': 0.0}"
tune,bimodal,homog,med,d_cheap_a0.6_b0.0_g0.4,2,172,172,0,1.0,0.7532986111111111,0.4469791666666667,24,0.3286805555555556,0.21002604166666666,5353.650978311239,186.78841860465118,268.072,"{'family': 'd_cheap', 'alpha': 0.6, 'beta': 0.0, 'gamma': 0.4}"
tune,bimodal,homog,med,d_cheap_a0.6_b0.2_g0.2,2,172,172,0,1.0,0.7532986111111111,0.4469791666666667,24,0.3286805555555556,0.21002604166666666,4615.944680586692,216.64037790697674,315.48,"{'family': 'd_cheap', 'alpha': 0.6, 'beta': 0.2, 'gamma': 0.2}"
tune,bimodal,homog,med,d_cheap_a0.6_b0.4_g0.0,2,172,172,0,1.0,0.7532986111111111,0.4469791666666667,24,0.3286805555555556,0.21002604166666666,5960.815539374791,167.76227906976746,264.094,"{'family': 'd_cheap', 'alpha': 0.6, 'beta': 0.4, 'gamma': 0.0}"
tune,bimodal,homog,med,d_cheap_a0.8_b0.0_g0.2,2,172,172,0,1.0,0.7532986111111111,0.4469791666666667,24,0.3286805555555556,0.21002604166666666,5426.7496542892295,184.27236627906976,260.898,"{'family': 'd_cheap', 'alpha': 0.8, 'beta': 0.0, 'gamma': 0.2}"
tune,bimodal,homog,med,d_cheap_a0.8_b0.2_g0.0,2,172,172,0,1.0,0.7532986111111111,0.4469791666666667,24,0.32868055555555553,0.21002604166666666,5989.572015828071,166.9568372093023,249.537,"{'family': 'd_cheap', 'alpha': 0.8, 'beta': 0.2, 'gamma': 0.0}"
tune,bimodal,homog,med,d_capacity_a0.0_b0.4_g0.6,2,172,172,0,1.0,0.7532986111111111,0.4469791666666667,24,0.3286805555555556,0.21002604166666666,3562.006856200499,280.74061627906974,421.549,"{'family': 'd_capacity', 'alpha': 0.0, 'beta': 0.4, 'gamma': 0.6}"
tune,bimodal,homog,med,d_capacity_a0.0_b0.6_g0.4,2,172,172,0,1.0,0.7532986111111111,0.4469791666666667,27,0.3063194444444444,0.105078125,3174.0934918165594,315.05058139534884,435.996,"{'family': 'd_capacity', 'alpha': 0.0, 'beta': 0.6, 'gamma': 0.4}"
tune,bimodal,homog,med,d_capacity_a0.0_b0.8_g0.2,2,172,172,0,1.0,0.7532986111111111,0.4469791666666667,30,0.3065972222222222,0.030338541666666666,2996.891961678882,333.67902906976747,432.008,"{'family': 'd_capacity', 'alpha': 0.0, 'beta': 0.8, 'gamma': 0.2}"
tune,bimodal,homog,med,d_capacity_a0.0_b1.0_g0.0,2,172,172,0,1.0,0.7532986111111111,0.4469791666666667,30,0.3063194444444444,0.026041666666666668,4298.148357687508,232.65832558139536,290.183,"{'family': 'd_capacity', 'alpha': 0.0, 'beta': 1.0, 'gamma': 0.0}"
tune,bimodal,homog,med,d_capacity_a0.2_b0.2_g0.6,2,172,172,0,1.0,0.7532986111111111,0.4469791666666667,24,0.3286805555555556,0.21002604166666666,3588.1637492739706,278.6940813953488,417.722,"{'family': 'd_capacity', 'alpha': 0.2, 'beta': 0.2, 'gamma': 0.6}"
tune,bimodal,homog,med,d_capacity_a0.2_b0.4_g0.4,2,172,172,0,1.0,0.7532986111111111,0.4469791666666667,24,0.3286805555555556,0.21002604166666666,3616.1415307337343,276.5378488372093,422.2,"{'family': 'd_capacity', 'alpha': 0.2, 'beta': 0.4, 'gamma': 0.4}"
tune,bimodal,homog,med,d_capacity_a0.2_b0.6_g0.2,2,172,172,0,1.0,0.7532986111111111,0.4469791666666667,26,0.3063194444444444,0.115625,3269.652541248093,305.8428953488372,418.062,"{'family': 'd_capacity', 'alpha': 0.2, 'beta': 0.6, 'gamma': 0.2}"
tune,bimodal,homog,med,d_capacity_a0.2_b0.8_g0.0,2,172,172,0,1.0,0.7532986111111111,0.4469791666666667,30,0.30854166666666666,0.04739583333333333,5156.420000721899,193.933,261.78,"{'family': 'd_capacity', 'alpha': 0.2, 'beta': 0.8, 'gamma': 0.0}"
tune,bimodal,homog,med,d_capacity_a0.4_b0.0_g0.6,2,172,172,0,1.0,0.7532986111111111,0.4469791666666667,24,0.3286805555555556,0.21002604166666666,3999.920652736819,250.00495930232557,380.813,"{'family': 'd_capacity', 'alpha': 0.4, 'beta': 0.0, 'gamma': 0.6}"
tune,bimodal,homog,med,d_capacity_a0.4_b0.2_g0.4,2,172,172,0,1.0,0.7532986111111111,0.4469791666666667,24,0.3286805555555556,0.21002604166666666,3607.543633817039,277.1969244186046,410.959,"{'family': 'd_capacity', 'alpha': 0.4, 'beta': 0.2, 'gamma': 0.4}"
tune,bimodal,homog,med,d_capacity_a0.4_b0.4_g0.2,2,172,172,0,1.0,0.7532986111111111,0.4469791666666667,24,0.3286805555555556,0.21002604166666666,3596.6879104759287,278.0335755813954,414.075,"{'family': 'd_capacity', 'alpha': 0.4, 'beta': 0.4, 'gamma': 0.2}"
tune,bimodal,homog,med,d_capacity_a0.4_b0.6_g0.0,2,172,172,0,1.0,0.7532986111111111,0.4469791666666667,26,0.3063194444444444,0.11497395833333333,5545.149445001467,180.33779069767442,249.467,"{'family': 'd_capacity', 'alpha': 0.4, 'beta': 0.6, 'gamma': 0.0}"
tune,bimodal,homog,med,d_capacity_a0.6_b0.0_g0.4,2,172,172,0,1.0,0.7532986111111111,0.4469791666666667,24,0.3286805555555556,0.21002604166666666,4023.7250055326217,248.52593023255812,381.224,"{'family': 'd_capacity', 'alpha': 0.6, 'beta': 0.0, 'gamma': 0.4}"
tune,bimodal,homog,med,d_capacity_a0.6_b0.2_g0.2,2,172,172,0,1.0,0.7532986111111111,0.4469791666666667,24,0.3286805555555556,0.21002604166666666,3577.5984430291574,279.51711627906974,430.756,"{'family': 'd_capacity', 'alpha': 0.6, 'beta': 0.2, 'gamma': 0.2}"
tune,bimodal,homog,med,d_capacity_a0.6_b0.4_g0.0,2,172,172,0,1.0,0.7532986111111111,0.4469791666666667,24,0.3286805555555556,0.21002604166666666,5977.375010047724,167.29751744186046,250.849,"{'family': 'd_capacity', 'alpha': 0.6, 'beta': 0.4, 'gamma': 0.0}"
tune,bimodal,homog,med,d_capacity_a0.8_b0.0_g0.2,2,172,172,0,1.0,0.7532986111111111,0.4469791666666667,24,0.3286805555555556,0.21002604166666666,4032.0497318640046,248.01281395348838,374.691,"{'family': 'd_capacity', 'alpha': 0.8, 'beta': 0.0, 'gamma': 0.2}"
tune,bimodal,homog,med,d_capacity_a0.8_b0.2_g0.0,2,172,172,0,1.0,0.7532986111111111,0.4469791666666667,24,0.32868055555555553,0.21002604166666666,6038.16400495972,165.6132558139535,249.317,"{'family': 'd_capacity', 'alpha': 0.8, 'beta': 0.2, 'gamma': 0.0}"
tune,bimodal,homog,med,binpack,3,172,172,0,1.0,0.7532986111111111,0.4469791666666667,23,0.3065972222222222,0.14440104166666667,8082.562435445231,123.72313953488373,187.701,{}
tune,bimodal,homog,med,hybrid_a0.1,3,172,172,0,1.0,0.7532986111111111,0.4469791666666667,30,0.3063194444444444,0.015625,4821.8835465783295,207.38783720930232,266.238,"{'family': 'hybrid', 'alpha': 0.1}"
tune,bimodal,homog,med,hybrid_a0.2,3,172,172,0,1.0,0.7532986111111111,0.4469791666666667,30,0.3063194444444444,0.026432291666666666,4910.499438618571,203.64527325581395,259.195,"{'family': 'hybrid', 'alpha': 0.2}"
tune,bimodal,homog,med,hybrid_a0.3,3,172,172,0,1.0,0.7532986111111111,0.4469791666666667,30,0.306875,0.05325520833333333,5095.164943227125,196.2645,257.802,"{'family': 'hybrid', 'alpha': 0.3}"
tune,bimodal,homog,med,hybrid_a0.4,3,172,172,0,1.0,0.7532986111111111,0.4469791666666667,25,0.3063194444444444,0.10559895833333334,5596.579604820959,178.68056395348836,265.587,"{'family': 'hybrid', 'alpha': 0.4}"
tune,bimodal,homog,med,hybrid_a0.5,3,172,172,0,1.0,0.7532986111111111,0.4469791666666667,23,0.3065972222222222,0.14765625,5939.31573212512,168.36956395348835,252.182,"{'family': 'hybrid', 'alpha': 0.5}"
tune,bimodal,homog,med,hybrid_a0.6,3,172,172,0,1.0,0.7532986111111111,0.4469791666666667,23,0.3065972222222222,0.14765625,6013.539834561925,166.29140697674418,245.52,"{'family': 'hybrid', 'alpha': 0.6}"
tune,bimodal,homog,med,hybrid_a0.7,3,172,172,0,1.0,0.7532986111111111,0.4469791666666667,23,0.3065972222222222,0.14765625,5925.861001764046,168.7518488372093,253.183,"{'family': 'hybrid', 'alpha': 0.7}"
tune,bimodal,homog,med,hybrid_a0.8,3,172,172,0,1.0,0.7532986111111111,0.4469791666666667,23,0.3065972222222222,0.14765625,5947.550214440306,168.1364534883721,260.878,"{'family': 'hybrid', 'alpha': 0.8}"
tune,bimodal,homog,med,hybrid_a0.9,3,172,172,0,1.0,0.7532986111111111,0.4469791666666667,23,0.3065972222222222,0.14440104166666667,6008.830815324629,166.42172674418606,244.077,"{'family': 'hybrid', 'alpha': 0.9}"
tune,bimodal,homog,med,balance_l0.05,3,172,172,0,1.0,0.7532986111111111,0.4469791666666667,23,0.3065972222222222,0.14440104166666667,7228.617727747898,138.33903488372093,218.018,"{'family': 'balance', 'lam': 0.05}"
tune,bimodal,homog,med,balance_l0.1,3,172,172,0,1.0,0.7532986111111111,0.4469791666666667,23,0.3065972222222222,0.14440104166666667,7235.390211745377,138.2095465116279,203.731,"{'family': 'balance', 'lam': 0.1}"
tune,bimodal,homog,med,balance_l0.2,3,172,172,0,1.0,0.7532986111111111,0.4469791666666667,23,0.3065972222222222,0.14440104166666667,7203.828516547843,138.81507558139535,211.065,"{'family': 'balance', 'lam': 0.2}"
tune,bimodal,homog,med,balance_l0.4,3,172,172,0,1.0,0.7532986111111111,0.4469791666666667,23,0.3065972222222222,0.14440104166666667,7195.241669552084,138.98073837209304,209.642,"{'family': 'balance', 'lam': 0.4}"
tune,bimodal,homog,med,balance_l0.8,3,172,172,0,1.0,0.7532986111111111,0.4469791666666667,24,0.3065972222222222,0.09583333333333334,6799.92839517262,147.06037209302326,213.51,"{'family': 'balance', 'lam': 0.8}"
tune,bimodal,homog,med,wmatch_l0.05,3,172,172,0,1.0,0.7532986111111111,0.4469791666666667,23,0.3065972222222222,0.14440104166666667,4952.126611596907,201.9334476744186,297.898,"{'family': 'wmatch', 'lam': 0.05}"
tune,bimodal,homog,med,wmatch_l0.1,3,172,172,0,1.0,0.7532986111111111,0.4469791666666667,23,0.3065972222222222,0.14440104166666667,4940.860343393815,202.39390116279068,301.764,"{'family': 'wmatch', 'lam': 0.1}"
tune,bimodal,homog,med,wmatch_l0.2,3,172,172,0,1.0,0.7532986111111111,0.4469791666666667,23,0.3065972222222222,0.14440104166666667,4936.34865407584,202.57888372093024,302.536,"{'family': 'wmatch', 'lam': 0.2}"
tune,bimodal,homog,med,wmatch_l0.4,3,172,172,0,1.0,0.7532986111111111,0.4469791666666667,23,0.3065972222222222,0.14440104166666667,4962.087201585629,201.5280988372093,314.127,"{'family': 'wmatch', 'lam': 0.4}"
tune,bimodal,homog,med,wmatch_l0.8,3,172,172,0,1.0,0.7532986111111111,0.4469791666666667,23,0.3065972222222222,0.14440104166666667,4953.433406127685,201.88017441860464,309.098,"{'family': 'wmatch', 'lam': 0.8}"
tune,bimodal,homog,med,d_cheap_a0.0_b0.4_g0.6,3,172,172,0,1.0,0.7532986111111111,0.4469791666666667,23,0.3065972222222222,0.14440104166666667,4553.021175730893,219.63438372093023,325.639,"{'family': 'd_cheap', 'alpha': 0.0, 'beta': 0.4, 'gamma': 0.6}"
tune,bimodal,homog,med,d_cheap_a0.0_b0.6_g0.4,3,172,172,0,1.0,0.7532986111111111,0.4469791666666667,25,0.3063194444444444,0.09505208333333333,4337.341802077259,230.5559593023256,328.605,"{'family': 'd_cheap', 'alpha': 0.0, 'beta': 0.6, 'gamma': 0.4}"
tune,bimodal,homog,med,d_cheap_a0.0_b0.8_g0.2,3,172,172,0,1.0,0.7532986111111111,0.4469791666666667,30,0.3063194444444444,0.017057291666666665,3715.6623116224014,269.13102325581394,347.77,"{'family': 'd_cheap', 'alpha': 0.0, 'beta': 0.8, 'gamma': 0.2}"
tune,bimodal,homog,med,d_cheap_a0.0_b1.0_g0.0,3,172,172,0,1.0,0.7532986111111111,0.4469791666666667,30,0.3063194444444444,0.00026041666666666666,4319.423692445783,231.51236627906977,284.152,"{'family': 'd_cheap', 'alpha': 0.0, 'beta': 1.0, 'gamma': 0.0}"
tune,bimodal,homog,med,d_cheap_a0.2_b0.2_g0.6,3,172,172,0,1.0,0.7532986111111111,0.4469791666666667,23,0.3065972222222222,0.14440104166666667,4575.268757138882,218.56639534883723,325.138,"{'family': 'd_cheap', 'alpha': 0.2, 'beta': 0.2, 'gamma': 0.6}"
tune,bimodal,homog,med,d_cheap_a0.2_b0.4_g0.4,3,172,172,0,1.0,0.7532986111111111,0.4469791666666667,23,0.3065972222222222,0.14765625,4557.737914117856,219.40708720930232,314.699,"{'family': 'd_cheap', 'alpha': 0.2, 'beta': 0.4, 'gamma': 0.4}"
tune,bimodal,homog,med,d_cheap_a0.2_b0.6_g0.2,3,172,172,0,1.0,0.7532986111111111,0.4469791666666667,25,0.3063194444444444,0.12018229166666666,4277.05903154602,233.80551744186045,322.744,"{'family': 'd_cheap', 'alpha': 0.2, 'beta': 0.6, 'gamma': 0.2}"
tune,bimodal,homog,med,d_cheap_a0.2_b0.8_g0.0,3,172,172,0,1.0,0.7532986111111111,0.4469791666666667,30,0.3063194444444444,0.026432291666666666,4951.24121284223,201.96955813953488,258.965,"{'family': 'd_cheap', 'alpha': 0.2, 'beta': 0.8, 'gamma': 0.0}"
tune,bimodal,homog,med,d_cheap_a0.4_b0.0_g0.6,3,172,172,0,1.0,0.7532986111111111,0.4469791666666667,23,0.3065972222222222,0.14440104166666667,5320.389691324292,187.95615697674418,273.121,"{'family': 'd_cheap', 'alpha': 0.4, 'beta': 0.0, 'gamma': 0.6}"
tune,bimodal,homog,med,d_cheap_a0.4_b0.2_g0.4,3,172,172,0,1.0,0.7532986111111111,0.4469791666666667,23,0.3065972222222222,0.14440104166666667,4603.834549856463,217.21023837209304,314.128,"{'family': 'd_cheap', 'alpha': 0.4, 'beta': 0.2, 'gamma': 0.4}"
tune,bimodal,homog,med,d_cheap_a0.4_b0.4_g0.2,3,172,172,0,1.0,0.7532986111111111,0.4469791666666667,23,0.3065972222222222,0.14765625,4595.30952482095,217.6131976744186,317.244,"{'family': 'd_cheap', 'alpha': 0.4, 'beta': 0.4, 'gamma': 0.2}"
tune,bimodal,homog,med,d_cheap_a0.4_b0.6_g0.0,3,172,172,0,1.0,0.7532986111111111,0.4469791666666667,25,0.3063194444444444,0.10559895833333334,5636.281451515494,177.42194186046513,257.732,"{'family': 'd_cheap', 'alpha': 0.4, 'beta': 0.6, 'gamma': 0.0}"
tune,bimodal,homog,med,d_cheap_a0.6_b0.0_g0.4,3,172,172,0,1.0,0.7532986111111111,0.4469791666666667,23,0.3065972222222222,0.14440104166666667,5252.4982805702575,190.3855930232558,286.326,"{'family': 'd_cheap', 'alpha': 0.6, 'beta': 0.0, 'gamma': 0.4}"
tune,bimodal,homog,med,d_cheap_a0.6_b0.2_g0.2,3,172,172,0,1.0,0.7532986111111111,0.4469791666666667,23,0.3065972222222222,0.14440104166666667,4603.684462503378,217.21731976744186,312.805,"{'family': 'd_cheap', 'alpha': 0.6, 'beta': 0.2, 'gamma': 0.2}"
tune,bimodal,homog,med,d_cheap_a0.6_b0.4_g0.0,3,172,172,0,1.0,0.7532986111111111,0.4469791666666667,23,0.3065972222222222,0.14765625,5919.902616225241,168.9216976744186,253.655,"{'family': 'd_cheap', 'alpha': 0.6, 'beta': 0.4, 'gamma': 0.0}"
tune,bimodal,homog,med,d_cheap_a0.8_b0.0_g0.2,3,172,172,0,1.0,0.7532986111111111,0.4469791666666667,23,0.3065972222222222,0.14440104166666667,5229.552101632332,191.22096511627907,281.196,"{'family': 'd_cheap', 'alpha': 0.8, 'beta': 0.0, 'gamma': 0.2}"
tune,bimodal,homog,med,d_cheap_a0.8_b0.2_g0.0,3,172,172,0,1.0,0.7532986111111111,0.4469791666666667,23,0.3065972222222222,0.14765625,5979.2114636779415,167.24613372093023,250.93,"{'family': 'd_cheap', 'alpha': 0.8, 'beta': 0.2, 'gamma': 0.0}"
tune,bimodal,homog,med,d_capacity_a0.0_b0.4_g0.6,3,172,172,0,1.0,0.7532986111111111,0.4469791666666667,23,0.3065972222222222,0.14440104166666667,3330.543809256813,300.2512674418605,451.194,"{'family': 'd_capacity', 'alpha': 0.0, 'beta': 0.4, 'gamma': 0.6}"
tune,bimodal,homog,med,d_capacity_a0.0_b0.6_g0.4,3,172,172,0,1.0,0.7532986111111111,0.4469791666666667,25,0.3063194444444444,0.09505208333333333,3174.6711446756703,314.99325581395345,445.534,"{'family': 'd_capacity', 'alpha': 0.0, 'beta': 0.6, 'gamma': 0.4}"
tune,bimodal,homog,med,d_capacity_a0.0_b0.8_g0.2,3,172,172,0,1.0,0.7532986111111111,0.4469791666666667,30,0.3063194444444444,0.017057291666666665,2715.946441094051,368.19577325581395,469.649,"{'family': 'd_capacity', 'alpha': 0.0, 'beta': 0.8, 'gamma': 0.2}"
tune,bimodal,homog,med,d_capacity_a0.0_b1.0_g0.0,3,172,172,0,1.0,0.7532986111111111,0.4469791666666667,30,0.3063194444444444,0.00026041666666666666,4335.209159853352,230.66937790697673,286.456,"{'family': 'd_capacity', 'alpha': 0.0, 'beta': 1.0, 'gamma': 0.0}"
tune,bimodal,homog,med,d_capacity_a0.2_b0.2_g0.6,3,172,172,0,1.0,0.7532986111111111,0.4469791666666667,23,0.3065972222222222,0.14440104166666667,3468.5703363750945,288.30322093023256,424.535,"{'family': 'd_capacity', 'alpha': 0.2, 'beta': 0.2, 'gamma': 0.6}"
tune,bimodal,homog,med,d_capacity_a0.2_b0.4_g0.4,3,172,172,0,1.0,0.7532986111111111,0.4469791666666667,23,0.3065972222222222,0.14765625,3588.361599782562,278.6787151162791,415.988,"{'family': 'd_capacity', 'alpha': 0.2, 'beta': 0.4, 'gamma': 0.4}"
tune,bimodal,homog,med,d_capacity_a0.2_b0.6_g0.2,3,172,172,0,1.0,0.7532986111111111,0.4469791666666667,25,0.3063194444444444,0.09505208333333333,3454.0362361335,289.5163604651163,413.093,"{'family': 'd_capacity', 'alpha': 0.2, 'beta': 0.6, 'gamma': 0.2}"
tune,bimodal,homog,med,d_capacity_a0.2_b0.8_g0.0,3,172,172,0,1.0,0.7532986111111111,0.4469791666666667,30,0.3063194444444444,0.026432291666666666,5485.002234022277,182.31533139534884,236.783,"{'family': 'd_capacity', 'alpha': 0.2, 'beta': 0.8, 'gamma': 0.0}"
tune,bimodal,homog,med,d_capacity_a0.4_b0.0_g0.6,3,172,172,0,1.0,0.7532986111111111,0.4469791666666667,23,0.3065972222222222,0.14440104166666667,4258.341391377894,234.8332151162791,353.952,"{'family': 'd_capacity', 'alpha': 0.4, 'beta': 0.0, 'gamma': 0.6}"
tune,bimodal,homog,med,d_capacity_a0.4_b0.2_g0.4,3,172,172,0,1.0,0.7532986111111111,0.4469791666666667,23,0.3065972222222222,0.14440104166666667,3942.1854664869425,253.6664011627907,378.559,"{'family': 'd_capacity', 'alpha': 0.4, 'beta': 0.2, 'gamma': 0.4}"
tune,bimodal,homog,med,d_capacity_a0.4_b0.4_g0.2,3,172,172,0,1.0,0.7532986111111111,0.4469791666666667,23,0.3065972222222222,0.14765625,4022.7579579507665,248.58567441860464,372.627,"{'family': 'd_capacity', 'alpha': 0.4, 'beta': 0.4, 'gamma': 0.2}"
tune,bimodal,homog,med,d_capacity_a0.4_b0.6_g0.0,3,172,172,0,1.0,0.7532986111111111,0.4469791666666667,25,0.3063194444444444,0.10559895833333334,6927.793182495674,144.34611046511628,207.338,"{'family': 'd_capacity', 'alpha': 0.4, 'beta': 0.6, 'gamma': 0.0}"
tune,bimodal,homog,med,d_capacity_a0.6_b0.0_g0.4,3,172,172,0,1.0,0.7532986111111111,0.4469791666666667,23,0.3065972222222222,0.14440104166666667,4678.601688904486,213.73907558139535,319.228,"{'family': 'd_capacity', 'alpha': 0.6, 'beta': 0.0, 'gamma': 0.4}"
tune,bimodal,homog,med,d_capacity_a0.6_b0.2_g0.2,3,172,172,0,1.0,0.7532986111111111,0.4469791666666667,23,0.3065972222222222,0.14440104166666667,4253.834411284651,235.08202325581397,345.888,"{'family': 'd_capacity', 'alpha': 0.6, 'beta': 0.2, 'gamma': 0.2}"
tune,bimodal,homog,med,d_capacity_a0.6_b0.4_g0.0,3,172,172,0,1.0,0.7532986111111111,0.4469791666666667,23,0.3065972222222222,0.14765625,7640.147964791177,130.88751744186047,198.812,"{'family': 'd_capacity', 'alpha': 0.6, 'beta': 0.4, 'gamma': 0.0}"
tune,bimodal,homog,med,d_capacity_a0.8_b0.0_g0.2,3,172,172,0,1.0,0.7532986111111111,0.4469791666666667,23,0.3065972222222222,0.14440104166666667,4941.503089746631,202.36757558139536,308.096,"{'family': 'd_capacity', 'alpha': 0.8, 'beta': 0.0, 'gamma': 0.2}"
tune,bimodal,homog,med,d_capacity_a0.8_b0.2_g0.0,3,172,172,0,1.0,0.7532986111111111,0.4469791666666667,23,0.3065972222222222,0.14765625,7872.6436937126,127.02213372093023,187.1,"{'family': 'd_capacity', 'alpha': 0.8, 'beta': 0.2, 'gamma': 0.0}"
tune,bimodal,homog,med,binpack,4,172,172,0,1.0,0.7532986111111111,0.4469791666666667,24,0.3227083333333333,0.14505208333333333,10686.615014694096,93.575,138.228,{}
tune,bimodal,homog,med,hybrid_a0.1,4,172,172,0,1.0,0.7532986111111111,0.4469791666666667,30,0.3063194444444444,0.017708333333333333,6740.759633446897,148.35123255813954,188.823,"{'family': 'hybrid', 'alpha': 0.1}"
tune,bimodal,homog,med,hybrid_a0.2,4,172,172,0,1.0,0.7532986111111111,0.4469791666666667,30,0.30756944444444445,0.03359375,7126.3889104107675,140.32352325581397,182.922,"{'family': 'hybrid', 'alpha': 0.2}"
tune,bimodal,homog,med,hybrid_a0.3,4,172,172,0,1.0,0.7532986111111111,0.4469791666666667,30,0.30659722222222224,0.05390625,7266.451086835062,137.61876162790696,184.235,"{'family': 'hybrid', 'alpha': 0.3}"
tune,bimodal,homog,med,hybrid_a0.4,4,172,172,0,1.0,0.7532986111111111,0.4469791666666667,26,0.3122916666666667,0.105078125,7546.272139369467,132.51576162790695,182.021,"{'family': 'hybrid', 'alpha': 0.4}"
tune,bimodal,homog,med,hybrid_a0.5,4,172,172,0,1.0,0.7532986111111111,0.4469791666666667,24,0.3207638888888889,0.13450520833333332,8305.876455882515,120.39668604651163,176.791,"{'family': 'hybrid', 'alpha': 0.5}"
tune,bimodal,homog,med,hybrid_a0.6,4,172,172,0,1.0,0.7532986111111111,0.4469791666666667,24,0.3227083333333333,0.14505208333333333,8457.671346397847,118.2358546511628,174.116,"{'family': 'hybrid', 'alpha': 0.6}"
tune,bimodal,homog,med,hybrid_a0.7,4,172,172,0,1.0,0.7532986111111111,0.4469791666666667,24,0.3227083333333333,0.14505208333333333,8615.709453832646,116.06705232558139,168.906,"{'family': 'hybrid', 'alpha': 0.7}"
tune,bimodal,homog,med,hybrid_a0.8,4,172,172,0,1.0,0.7532986111111111,0.4469791666666667,24,0.3227083333333333,0.14505208333333333,8728.209099878572,114.57104069767442,169.877,"{'family': 'hybrid', 'alpha': 0.8}"
tune,bimodal,homog,med,hybrid_a0.9,4,172,172,0,1.0,0.7532986111111111,0.4469791666666667,24,0.3227083333333333,0.14505208333333333,8820.748040460567,113.36906976744186,165.019,"{'family': 'hybrid', 'alpha': 0.9}"
tune,bimodal,homog,med,balance_l0.05,4,172,172,0,1.0,0.7532986111111111,0.4469791666666667,24,0.3227083333333333,0.14505208333333333,10576.011392577855,94.5536046511628,141.495,"{'family': 'balance', 'lam': 0.05}"
tune,bimodal,homog,med,balance_l0.1,4,172,172,0,1.0,0.7532986111111111,0.4469791666666667,24,0.3227083333333333,0.14505208333333333,10450.302311448902,95.69101162790697,139.872,"{'family': 'balance', 'lam': 0.1}"
tune,bimodal,homog,med,balance_l0.2,4,172,172,0,1.0,0.7532986111111111,0.4469791666666667,24,0.3227083333333333,0.14505208333333333,10763.336446565823,92.90799418604652,137.377,"{'family': 'balance', 'lam': 0.2}"
tune,bimodal,homog,med,balance_l0.4,4,172,172,0,1.0,0.7532986111111111,0.4469791666666667,24,0.3227083333333333,0.14505208333333333,10735.386455187876,93.14988372093023,139.681,"{'family': 'balance', 'lam': 0.4}"
tune,bimodal,homog,med,balance_l0.8,4,172,172,0,1.0,0.7532986111111111,0.4469791666666667,26,0.31423611111111105,0.09518229166666667,10489.387880183138,95.33444767441861,136.435,"{'family': 'balance', 'lam': 0.8}"
tune,bimodal,homog,med,wmatch_l0.05,4,172,172,0,1.0,0.7532986111111111,0.4469791666666667,24,0.3227083333333333,0.14505208333333333,7599.544310115135,131.58683720930233,199.313,"{'family': 'wmatch', 'lam': 0.05}"
tune,bimodal,homog,med,wmatch_l0.1,4,172,172,0,1.0,0.7532986111111111,0.4469791666666667,24,0.3227083333333333,0.14505208333333333,7708.928777117389,129.71970930232558,191.909,"{'family': 'wmatch', 'lam': 0.1}"
tune,bimodal,homog,med,wmatch_l0.2,4,172,172,0,1.0,0.7532986111111111,0.4469791666666667,24,0.3227083333333333,0.14505208333333333,7810.8807748975005,128.02653488372093,188.743,"{'family': 'wmatch', 'lam': 0.2}"
tune,bimodal,homog,med,wmatch_l0.4,4,172,172,0,1.0,0.7532986111111111,0.4469791666666667,24,0.3227083333333333,0.14505208333333333,7868.396134037396,127.09070348837209,187.591,"{'family': 'wmatch', 'lam': 0.4}"
tune,bimodal,homog,med,wmatch_l0.8,4,172,172,0,1.0,0.7532986111111111,0.4469791666666667,24,0.3227083333333333,0.14505208333333333,7926.88207108413,126.15300581395348,188.051,"{'family': 'wmatch', 'lam': 0.8}"
tune,bimodal,homog,med,d_cheap_a0.0_b0.4_g0.6,4,172,172,0,1.0,0.7532986111111111,0.44697916666666665,23,0.31590277777777775,0.15690104166666666,7463.750041441171,133.9809069767442,193.923,"{'family': 'd_cheap', 'alpha': 0.0, 'beta': 0.4, 'gamma': 0.6}"
tune,bimodal,homog,med,d_cheap_a0.0_b0.6_g0.4,4,172,172,0,1.0,0.7532986111111111,0.4469791666666667,27,0.3122916666666667,0.05234375,6881.728414908688,145.31233139534882,194.995,"{'family': 'd_cheap', 'alpha': 0.0, 'beta': 0.6, 'gamma': 0.4}"
tune,bimodal,homog,med,d_cheap_a0.0_b0.8_g0.2,4,172,172,0,1.0,0.7532986111111111,0.4469791666666667,30,0.3088194444444444,0.025520833333333333,6535.11952334662,153.01938953488371,194.464,"{'family': 'd_cheap', 'alpha': 0.0, 'beta': 0.8, 'gamma': 0.2}"
tune,bimodal,homog,med,d_cheap_a0.0_b1.0_g0.0,4,172,172,0,1.0,0.7532986111111111,0.4469791666666667,30,0.3063194444444444,0.0048177083333333336,7895.179919215784,126.65955813953488,157.024,"{'family': 'd_cheap', 'alpha': 0.0, 'beta': 1.0, 'gamma': 0.0}"
tune,bimodal,homog,med,d_cheap_a0.2_b0.2_g0.6,4,172,172,0,1.0,0.7532986111111111,0.4469791666666667,24,0.3227083333333333,0.14505208333333333,7903.720189189329,126.52269767441861,183.593,"{'family': 'd_cheap', 'alpha': 0.2, 'beta': 0.2, 'gamma': 0.6}"
tune,bimodal,homog,med,d_cheap_a0.2_b0.4_g0.4,4,172,172,0,1.0,0.7532986111111111,0.44697916666666665,23,0.31590277777777775,0.15690104166666666,7931.024068121964,126.08712209302325,184.655,"{'family': 'd_cheap', 'alpha': 0.2, 'beta': 0.4, 'gamma': 0.4}"
tune,bimodal,homog,med,d_cheap_a0.2_b0.6_g0.2,4,172,172,0,1.0,0.7532986111111111,0.4469791666666667,27,0.3122916666666667,0.10052083333333334,7328.900428024829,136.44611627906977,183.513,"{'family': 'd_cheap', 'alpha': 0.2, 'beta': 0.6, 'gamma': 0.2}"
tune,bimodal,homog,med,d_cheap_a0.2_b0.8_g0.0,4,172,172,0,1.0,0.7532986111111111,0.4469791666666667,30,0.30756944444444445,0.03359375,9381.643342101352,106.59113372093023,136.104,"{'family': 'd_cheap', 'alpha': 0.2, 'beta': 0.8, 'gamma': 0.0}"
tune,bimodal,homog,med,d_cheap_a0.4_b0.0_g0.6,4,172,172,0,1.0,0.7532986111111111,0.4469791666666667,24,0.3227083333333333,0.14505208333333333,9385.240040336888,106.55028488372093,152.405,"{'family': 'd_cheap', 'alpha': 0.4, 'beta': 0.0, 'gamma': 0.6}"
tune,bimodal,homog,med,d_cheap_a0.4_b0.2_g0.4,4,172,172,0,1.0,0.7532986111111111,0.4469791666666667,24,0.3227083333333333,0.14505208333333333,8280.3582968805,120.76772093023257,177.142,"{'family': 'd_cheap', 'alpha': 0.4, 'beta': 0.2, 'gamma': 0.4}"
tune,bimodal,homog,med,d_cheap_a0.4_b0.4_g0.2,4,172,172,0,1.0,0.7532986111111111,0.4469791666666667,24,0.3227083333333333,0.14505208333333333,8296.127372565816,120.53816860465116,172.783,"{'family': 'd_cheap', 'alpha': 0.4, 'beta': 0.4, 'gamma': 0.2}"
tune,bimodal,homog,med,d_cheap_a0.4_b0.6_g0.0,4,172,172,0,1.0,0.7532986111111111,0.4469791666666667,26,0.3122916666666667,0.105078125,10223.72421147298,97.81171511627907,136.315,"{'family': 'd_cheap', 'alpha': 0.4, 'beta': 0.6, 'gamma': 0.0}"
tune,bimodal,homog,med,d_cheap_a0.6_b0.0_g0.4,4,172,172,0,1.0,0.7532986111111111,0.4469791666666667,24,0.3227083333333333,0.14505208333333333,9833.745102351848,101.69065697674418,148.918,"{'family': 'd_cheap', 'alpha': 0.6, 'beta': 0.0, 'gamma': 0.4}"
tune,bimodal,homog,med,d_cheap_a0.6_b0.2_g0.2,4,172,172,0,1.0,0.7532986111111111,0.4469791666666667,24,0.3227083333333333,0.14505208333333333,8571.738976594168,116.66244186046511,169.968,"{'family': 'd_cheap', 'alpha': 0.6, 'beta': 0.2, 'gamma': 0.2}"
tune,bimodal,homog,med,d_cheap_a0.6_b0.4_g0.0,4,172,172,0,1.0,0.7532986111111111,0.4469791666666667,24,0.3227083333333333,0.14505208333333333,11615.139118302894,86.09453488372093,124.022,"{'family': 'd_cheap', 'alpha': 0.6, 'beta': 0.4, 'gamma': 0.0}"
tune,bimodal,homog,med,d_cheap_a0.8_b0.0_g0.2,4,172,172,0,1.0,0.7532986111111111,0.4469791666666667,24,0.3227083333333333,0.14505208333333333,10082.282563120218,99.18388953488372,141.274,"{'family': 'd_cheap', 'alpha': 0.8, 'beta': 0.0, 'gamma': 0.2}"
tune,bimodal,homog,med,d_cheap_a0.8_b0.2_g0.0,4,172,172,0,1.0,0.7532986111111111,0.4469791666666667,24,0.3227083333333333,0.14505208333333333,11558.153302775905,86.51901162790698,127.288,"{'family': 'd_cheap', 'alpha': 0.8, 'beta': 0.2, 'gamma': 0.0}"
tune,bimodal,homog,med,d_capacity_a0.0_b0.4_g0.6,4,172,172,0,1.0,0.7532986111111111,0.4469791666666667,24,0.3227083333333333,0.14895833333333333,6663.668016059441,150.0675,222.426,"{'family': 'd_capacity', 'alpha': 0.0, 'beta': 0.4, 'gamma': 0.6}"
tune,bimodal,homog,med,d_capacity_a0.0_b0.6_g0.4,4,172,172,0,1.0,0.7532986111111111,0.4469791666666667,27,0.3122916666666667,0.05234375,6064.875194212642,164.88385465116278,217.106,"{'family': 'd_capacity', 'alpha': 0.0, 'beta': 0.6, 'gamma': 0.4}"
tune,bimodal,homog,med,d_capacity_a0.0_b0.8_g0.2,4,172,172,0,1.0,0.7532986111111111,0.4469791666666667,30,0.3088194444444444,0.025520833333333333,5724.85139350871,174.67702325581396,223.628,"{'family': 'd_capacity', 'alpha': 0.0, 'beta': 0.8, 'gamma': 0.2}"
tune,bimodal,homog,med,d_capacity_a0.0_b1.0_g0.0,4,172,172,0,1.0,0.7532986111111111,0.4469791666666667,30,0.3063194444444444,0.0048177083333333336,9400.684501004014,106.37523255813954,129.572,"{'family': 'd_capacity', 'alpha': 0.0, 'beta': 1.0, 'gamma': 0.0}"
tune,bimodal,homog,med,d_capacity_a0.2_b0.2_g0.6,4,172,172,0,1.0,0.7532986111111111,0.4469791666666667,24,0.3227083333333333,0.14505208333333333,6950.983162011131,143.8645406976744,209.642,"{'family': 'd_capacity', 'alpha': 0.2, 'beta': 0.2, 'gamma': 0.6}"
tune,bimodal,homog,med,d_capacity_a0.2_b0.4_g0.4,4,172,172,0,1.0,0.7532986111111111,0.4469791666666667,24,0.3227083333333333,0.14895833333333333,7015.307891258813,142.54541860465116,211.225,"{'family': 'd_capacity', 'alpha': 0.2, 'beta': 0.4, 'gamma': 0.4}"
tune,bimodal,homog,med,d_capacity_a0.2_b0.6_g0.2,4,172,172,0,1.0,0.7532986111111111,0.4469791666666667,27,0.3122916666666667,0.10052083333333334,6384.503059049266,156.62926162790697,209.382,"{'family': 'd_capacity', 'alpha': 0.2, 'beta': 0.6, 'gamma': 0.2}"
tune,bimodal,homog,med,d_capacity_a0.2_b0.8_g0.0,4,172,172,0,1.0,0.7532986111111111,0.4469791666666667,30,0.30756944444444445,0.03359375,11104.659934961557,90.05228488372093,115.977,"{'family': 'd_capacity', 'alpha': 0.2, 'beta': 0.8, 'gamma': 0.0}"
tune,bimodal,homog,med,d_capacity_a0.4_b0.0_g0.6,4,172,172,0,1.0,0.7532986111111111,0.4469791666666667,24,0.3227083333333333,0.14505208333333333,8038.704304814954,124.39815697674419,182.711,"{'family': 'd_capacity', 'alpha': 0.4, 'beta': 0.0, 'gamma': 0.6}"
tune,bimodal,homog,med,d_capacity_a0.4_b0.2_g0.4,4,172,172,0,1.0,0.7532986111111111,0.4469791666666667,24,0.3227083333333333,0.14505208333333333,7261.621750651192,137.71028488372093,201.367,"{'family': 'd_capacity', 'alpha': 0.4, 'beta': 0.2, 'gamma': 0.4}"
tune,bimodal,homog,med,d_capacity_a0.4_b0.4_g0.2,4,172,172,0,1.0,0.7532986111111111,0.4469791666666667,24,0.3227083333333333,0.14505208333333333,7261.376191213988,137.71494186046513,197.499,"{'family': 'd_capacity', 'alpha': 0.4, 'beta': 0.4, 'gamma': 0.2}"
tune,bimodal,homog,med,d_capacity_a0.4_b0.6_g0.0,4,172,172,0,1.0,0.7532986111111111,0.4469791666666667,26,0.3122916666666667,0.105078125,11966.600938487636,83.56591860465116,110.477,"{'family': 'd_capacity', 'alpha': 0.4, 'beta': 0.6, 'gamma': 0.0}"
tune,bimodal,homog,med,d_capacity_a0.6_b0.0_g0.4,4,172,172,0,1.0,0.7532986111111111,0.4469791666666667,24,0.3227083333333333,0.14505208333333333,8068.389167680923,123.94047674418604,178.765,"{'family': 'd_capacity', 'alpha': 0.6, 'beta': 0.0, 'gamma': 0.4}"
tune,bimodal,homog,med,d_capacity_a0.6_b0.2_g0.2,4,172,172,0,1.0,0.7532986111111111,0.4469791666666667,24,0.3227083333333333,0.14505208333333333,7221.52710358781,138.47486627906977,201.127,"{'family': 'd_capacity', 'alpha': 0.6, 'beta': 0.2, 'gamma': 0.2}"
tune,bimodal,homog,med,d_capacity_a0.6_b0.4_g0.0,4,172,172,0,1.0,0.7532986111111111,0.4469791666666667,24,0.3227083333333333,0.14505208333333333,13073.667990856946,76.48962790697675,108.994,"{'family': 'd_capacity', 'alpha': 0.6, 'beta': 0.4, 'gamma': 0.0}"
tune,bimodal,homog,med,d_capacity_a0.8_b0.0_g0.2,4,172,172,0,1.0,0.7532986111111111,0.4469791666666667,24,0.3227083333333333,0.14505208333333333,8008.593406972039,124.86587209302326,180.778,"{'family': 'd_capacity', 'alpha': 0.8, 'beta': 0.0, 'gamma': 0.2}"
tune,bimodal,homog,med,d_capacity_a0.8_b0.2_g0.0,4,172,172,0,1.0,0.7532986111111111,0.4469791666666667,24,0.3227083333333333,0.14505208333333333,12828.365126298238,77.95225581395349,113.072,"{'family': 'd_capacity', 'alpha': 0.8, 'beta': 0.2, 'gamma': 0.0}"
tune,bimodal,homog,med,binpack,5,172,172,0,1.0,0.7532986111111111,0.4469791666666667,23,0.306875,0.18958333333333333,17282.378183851146,57.86240697674418,82.635,{}
tune,bimodal,homog,med,hybrid_a0.1,5,172,172,0,1.0,0.7532986111111111,0.4469791666666667,30,0.3092361111111111,0.0171875,10712.864524679233,93.34571511627907,118.762,"{'family': 'hybrid', 'alpha': 0.1}"
tune,bimodal,homog,med,hybrid_a0.2,5,172,172,0,1.0,0.7532986111111111,0.4469791666666667,30,0.30993055555555554,0.028385416666666666,11007.96477451272,90.84331395348836,115.797,"{'family': 'hybrid', 'alpha': 0.2}"
tune,bimodal,homog,med,hybrid_a0.3,5,172,172,0,1.0,0.7532986111111111,0.4469791666666667,30,0.3065972222222222,0.05455729166666667,11326.170803396903,88.29109302325581,114.475,"{'family': 'hybrid', 'alpha': 0.3}"
tune,bimodal,homog,med,hybrid_a0.4,5,172,172,0,1.0,0.7532986111111111,0.4469791666666667,25,0.3065972222222222,0.12408854166666666,12547.390106382902,79.69784883720929,109.215,"{'family': 'hybrid', 'alpha': 0.4}"
tune,bimodal,homog,med,hybrid_a0.5,5,172,172,0,1.0,0.7532986111111111,0.4469791666666667,23,0.30687499999999995,0.18580729166666668,13045.026121147943,76.65756976744186,108.904,"{'family': 'hybrid', 'alpha': 0.5}"
tune,bimodal,homog,med,hybrid_a0.6,5,172,172,0,1.0,0.7532986111111111,0.4469791666666667,23,0.306875,0.18958333333333333,13108.001703430547,76.28927906976743,108.483,"{'family': 'hybrid', 'alpha': 0.6}"
tune,bimodal,homog,med,hybrid_a0.7,5,172,172,0,1.0,0.7532986111111111,0.4469791666666667,23,0.306875,0.18958333333333333,12982.415619959407,77.02726744186046,113.803,"{'family': 'hybrid', 'alpha': 0.7}"
tune,bimodal,homog,med,hybrid_a0.8,5,172,172,0,1.0,0.7532986111111111,0.4469791666666667,23,0.306875,0.18958333333333333,13070.343830592537,76.50908139534884,108.312,"{'family': 'hybrid', 'alpha': 0.8}"
tune,bimodal,homog,med,hybrid_a0.9,5,172,172,0,1.0,0.7532986111111111,0.4469791666666667,23,0.306875,0.18958333333333333,13033.63351862563,76.72457558139534,108.964,"{'family': 'hybrid', 'alpha': 0.9}"
tune,bimodal,homog,med,balance_l0.05,5,172,172,0,1.0,0.7532986111111111,0.4469791666666667,23,0.306875,0.18958333333333333,15220.987050922255,65.69876162790698,99.376,"{'family': 'balance', 'lam': 0.05}"
tune,bimodal,homog,med,balance_l0.1,5,172,172,0,1.0,0.7532986111111111,0.4469791666666667,23,0.306875,0.18958333333333333,15308.534160682468,65.32304069767441,94.788,"{'family': 'balance', 'lam': 0.1}"
tune,bimodal,homog,med,balance_l0.2,5,172,172,0,1.0,0.7532986111111111,0.4469791666666667,23,0.306875,0.18958333333333333,15403.63294683051,64.91975,97.493,"{'family': 'balance', 'lam': 0.2}"
tune,bimodal,homog,med,balance_l0.4,5,172,172,0,1.0,0.7532986111111111,0.4469791666666667,23,0.306875,0.18958333333333333,15339.063305830332,65.19302906976745,97.843,"{'family': 'balance', 'lam': 0.4}"
tune,bimodal,homog,med,balance_l0.8,5,172,172,0,1.0,0.7532986111111111,0.4469791666666667,25,0.32465277777777773,0.158203125,15009.14117781443,66.62606395348837,93.435,"{'family': 'balance', 'lam': 0.8}"
tune,bimodal,homog,med,wmatch_l0.05,5,172,172,0,1.0,0.7532986111111111,0.4469791666666667,23,0.306875,0.18958333333333333,10684.811962218506,93.59079069767441,137.006,"{'family': 'wmatch', 'lam': 0.05}"
tune,bimodal,homog,med,wmatch_l0.1,5,172,172,0,1.0,0.7532986111111111,0.4469791666666667,23,0.306875,0.18958333333333333,10675.58450376842,93.67168604651164,135.503,"{'family': 'wmatch', 'lam': 0.1}"
tune,bimodal,homog,med,wmatch_l0.2,5,172,172,0,1.0,0.7532986111111111,0.4469791666666667,23,0.306875,0.18958333333333333,10618.670277014562,94.17375,136.665,"{'family': 'wmatch', 'lam': 0.2}"
tune,bimodal,homog,med,wmatch_l0.4,5,172,172,0,1.0,0.7532986111111111,0.4469791666666667,23,0.306875,0.18958333333333333,10628.74331053468,94.0845,135.303,"{'family': 'wmatch', 'lam': 0.4}"
tune,bimodal,homog,med,wmatch_l0.8,5,172,172,0,1.0,0.7532986111111111,0.4469791666666667,23,0.306875,0.18958333333333333,10583.520560119288,94.48651744186046,143.999,"{'family': 'wmatch', 'lam': 0.8}"
tune,bimodal,homog,med,d_cheap_a0.0_b0.4_g0.6,5,172,172,0,1.0,0.7532986111111111,0.4469791666666667,23,0.306875,0.18958333333333333,9902.44023762172,100.98520930232559,146.104,"{'family': 'd_cheap', 'alpha': 0.0, 'beta': 0.4, 'gamma': 0.6}"
tune,bimodal,homog,med,d_cheap_a0.0_b0.6_g0.4,5,172,172,0,1.0,0.7532986111111111,0.4469791666666667,26,0.3065972222222222,0.10572916666666667,9392.508393325706,106.46783139534884,148.258,"{'family': 'd_cheap', 'alpha': 0.0, 'beta': 0.6, 'gamma': 0.4}"
tune,bimodal,homog,med,d_cheap_a0.0_b0.8_g0.2,5,172,172,0,1.0,0.7532986111111111,0.4469791666666667,30,0.30993055555555554,0.028385416666666666,8282.046439745656,120.7431046511628,150.491,"{'family': 'd_cheap', 'alpha': 0.0, 'beta': 0.8, 'gamma': 0.2}"
tune,bimodal,homog,med,d_cheap_a0.0_b1.0_g0.0,5,172,172,0,1.0,0.7532986111111111,0.4469791666666667,30,0.3063194444444444,0.01484375,9340.834167989362,107.05681976744187,127.86,"{'family': 'd_cheap', 'alpha': 0.0, 'beta': 1.0, 'gamma': 0.0}"
tune,bimodal,homog,med,d_cheap_a0.2_b0.2_g0.6,5,172,172,0,1.0,0.7532986111111111,0.4469791666666667,23,0.306875,0.18958333333333333,9872.549971748434,101.2909534883721,141.465,"{'family': 'd_cheap', 'alpha': 0.2, 'beta': 0.2, 'gamma': 0.6}"
tune,bimodal,homog,med,d_cheap_a0.2_b0.4_g0.4,5,172,172,0,1.0,0.7532986111111111,0.4469791666666667,23,0.306875,0.18958333333333333,9876.183663483052,101.25368604651163,140.794,"{'family': 'd_cheap', 'alpha': 0.2, 'beta': 0.4, 'gamma': 0.4}"
tune,bimodal,homog,med,d_cheap_a0.2_b0.6_g0.2,5,172,172,0,1.0,0.7532986111111111,0.4469791666666667,25,0.3065972222222222,0.12408854166666666,9349.000809232117,106.9633023255814,148.518,"{'family': 'd_cheap', 'alpha': 0.2, 'beta': 0.6, 'gamma': 0.2}"
tune,bimodal,homog,med,d_cheap_a0.2_b0.8_g0.0,5,172,172,0,1.0,0.7532986111111111,0.4469791666666667,30,0.30993055555555554,0.028385416666666666,10830.501765812565,92.33182558139535,119.454,"{'family': 'd_cheap', 'alpha': 0.2, 'beta': 0.8, 'gamma': 0.0}"
tune,bimodal,homog,med,d_cheap_a0.4_b0.0_g0.6,5,172,172,0,1.0,0.7532986111111111,0.4469791666666667,23,0.306875,0.18958333333333333,11290.67366723444,88.56867441860466,125.645,"{'family': 'd_cheap', 'alpha': 0.4, 'beta': 0.0, 'gamma': 0.6}"
tune,bimodal,homog,med,d_cheap_a0.4_b0.2_g0.4,5,172,172,0,1.0,0.7532986111111111,0.4469791666666667,23,0.306875,0.18958333333333333,9867.386909419682,101.3439534883721,141.715,"{'family': 'd_cheap', 'alpha': 0.4, 'beta': 0.2, 'gamma': 0.4}"
tune,bimodal,homog,med,d_cheap_a0.4_b0.4_g0.2,5,172,172,0,1.0,0.7532986111111111,0.4469791666666667,23,0.306875,0.18958333333333333,9900.335851625738,101.00667441860466,143.418,"{'family': 'd_cheap', 'alpha': 0.4, 'beta': 0.4, 'gamma': 0.2}"
tune,bimodal,homog,med,d_cheap_a0.4_b0.6_g0.0,5,172,172,0,1.0,0.7532986111111111,0.4469791666666667,25,0.3065972222222222,0.12408854166666666,12329.52372555197,81.10613372093023,111.679,"{'family': 'd_cheap', 'alpha': 0.4, 'beta': 0.6, 'gamma': 0.0}"
tune,bimodal,homog,med,d_cheap_a0.6_b0.0_g0.4,5,172,172,0,1.0,0.7532986111111111,0.4469791666666667,23,0.306875,0.18958333333333333,11304.20860944301,88.46262790697675,127.829,"{'family': 'd_cheap', 'alpha': 0.6, 'beta': 0.0, 'gamma': 0.4}"
tune,bimodal,homog,med,d_cheap_a0.6_b0.2_g0.2,5,172,172,0,1.0,0.7532986111111111,0.4469791666666667,23,0.306875,0.18958333333333333,9878.302188635484,101.23197093023256,146.043,"{'family': 'd_cheap', 'alpha': 0.6, 'beta': 0.2, 'gamma': 0.2}"
tune,bimodal,homog,med,d_cheap_a0.6_b0.4_g0.0,5,172,172,0,1.0,0.7532986111111111,0.4469791666666667,23,0.306875,0.18958333333333333,12784.780046407264,78.21800581395348,113.142,"{'family': 'd_cheap', 'alpha': 0.6, 'beta': 0.4, 'gamma': 0.0}"
tune,bimodal,homog,med,d_cheap_a0.8_b0.0_g0.2,5,172,172,0,1.0,0.7532986111111111,0.4469791666666667,23,0.306875,0.18958333333333333,11323.776461015694,88.30976162790698,126.868,"{'family': 'd_cheap', 'alpha': 0.8, 'beta': 0.0, 'gamma': 0.2}"
tune,bimodal,homog,med,d_cheap_a0.8_b0.2_g0.0,5,172,172,0,1.0,0.7532986111111111,0.4469791666666667,23,0.306875,0.18958333333333333,12843.4474112725,77.86071511627907,111.749,"{'family': 'd_cheap', 'alpha': 0.8, 'beta': 0.2, 'gamma': 0.0}"
tune,bimodal,homog,med,d_capacity_a0.0_b0.4_g0.6,5,172,172,0,1.0,0.7532986111111111,0.4469791666666667,23,0.306875,0.18958333333333333,7257.788197486105,137.78302325581396,197.55,"{'family': 'd_capacity', 'alpha': 0.0, 'beta': 0.4, 'gamma': 0.6}"
tune,bimodal,homog,med,d_capacity_a0.0_b0.6_g0.4,5,172,172,0,1.0,0.7532986111111111,0.4469791666666667,25,0.3063194444444444,0.13528645833333333,6959.814597013382,143.68198837209303,197.309,"{'family': 'd_capacity', 'alpha': 0.0, 'beta': 0.6, 'gamma': 0.4}"
tune,bimodal,homog,med,d_capacity_a0.0_b0.8_g0.2,5,172,172,0,1.0,0.7532986111111111,0.4469791666666667,30,0.30993055555555554,0.03424479166666667,6022.287294826011,166.04986627906976,208.901,"{'family': 'd_capacity', 'alpha': 0.0, 'beta': 0.8, 'gamma': 0.2}"
tune,bimodal,homog,med,d_capacity_a0.0_b1.0_g0.0,5,172,172,0,1.0,0.7532986111111111,0.4469791666666667,30,0.3063194444444444,0.01484375,9296.00791587502,107.57305813953488,128.15,"{'family': 'd_capacity', 'alpha': 0.0, 'beta': 1.0, 'gamma': 0.0}"
tune,bimodal,homog,med,d_capacity_a0.2_b0.2_g0.6,5,172,172,0,1.0,0.7532986111111111,0.4469791666666667,23,0.306875,0.18958333333333333,7353.226918744406,135.99471511627908,198.291,"{'family': 'd_capacity', 'alpha': 0.2, 'beta': 0.2, 'gamma': 0.6}"
tune,bimodal,homog,med,d_capacity_a0.2_b0.4_g0.4,5,172,172,0,1.0,0.7532986111111111,0.4469791666666667,23,0.306875,0.18958333333333333,7339.878000985934,136.2420465116279,195.366,"{'family': 'd_capacity', 'alpha': 0.2, 'beta': 0.4, 'gamma': 0.4}"
tune,bimodal,homog,med,d_capacity_a0.2_b0.6_g0.2,5,172,172,0,1.0,0.7532986111111111,0.4469791666666667,26,0.3065972222222222,0.117578125,6926.293126846038,144.37737209302327,199.152,"{'family': 'd_capacity', 'alpha': 0.2, 'beta': 0.6, 'gamma': 0.2}"
tune,bimodal,homog,med,d_capacity_a0.2_b0.8_g0.0,5,172,172,0,1.0,0.7532986111111111,0.4469791666666667,30,0.30993055555555554,0.028385416666666666,10892.161772413094,91.80913953488373,113.993,"{'family': 'd_capacity', 'alpha': 0.2, 'beta': 0.8, 'gamma': 0.0}"
tune,bimodal,homog,med,d_capacity_a0.4_b0.0_g0.6,5,172,172,0,1.0,0.7532986111111111,0.4469791666666667,23,0.306875,0.18958333333333333,8081.990097964527,123.7319011627907,181.99,"{'family': 'd_capacity', 'alpha': 0.4, 'beta': 0.0, 'gamma': 0.6}"
tune,bimodal,homog,med,d_capacity_a0.4_b0.2_g0.4,5,172,172,0,1.0,0.7532986111111111,0.4469791666666667,23,0.306875,0.18958333333333333,7368.9684939323615,135.7042034883721,194.815,"{'family': 'd_capacity', 'alpha': 0.4, 'beta': 0.2, 'gamma': 0.4}"
tune,bimodal,homog,med,d_capacity_a0.4_b0.4_g0.2,5,172,172,0,1.0,0.7532986111111111,0.4469791666666667,23,0.306875,0.18958333333333333,7387.632922092729,135.36135465116277,198.191,"{'family': 'd_capacity', 'alpha': 0.4, 'beta': 0.4, 'gamma': 0.2}"
tune,bimodal,homog,med,d_capacity_a0.4_b0.6_g0.0,5,172,172,0,1.0,0.7532986111111111,0.4469791666666667,25,0.3065972222222222,0.12408854166666666,12412.01719959202,80.56708139534884,110.376,"{'family': 'd_capacity', 'alpha': 0.4, 'beta': 0.6, 'gamma': 0.0}"
tune,bimodal,homog,med,d_capacity_a0.6_b0.0_g0.4,5,172,172,0,1.0,0.7532986111111111,0.4469791666666667,23,0.306875,0.18958333333333333,8211.345912637868,121.78271511627906,175.359,"{'family': 'd_capacity', 'alpha': 0.6, 'beta': 0.0, 'gamma': 0.4}"
tune,bimodal,homog,med,d_capacity_a0.6_b0.2_g0.2,5,172,172,0,1.0,0.7532986111111111,0.4469791666666667,23,0.306875,0.18958333333333333,7385.740659678897,135.39603488372092,193.862,"{'family': 'd_capacity', 'alpha': 0.6, 'beta': 0.2, 'gamma': 0.2}"
tune,bimodal,homog,med,d_capacity_a0.6_b0.4_g0.0,5,172,172,0,1.0,0.7532986111111111,0.4469791666666667,23,0.306875,0.18958333333333333,12915.659914755142,77.42538953488372,111.719,"{'family': 'd_capacity', 'alpha': 0.6, 'beta': 0.4, 'gamma': 0.0}"
tune,bimodal,homog,med,d_capacity_a0.8_b0.0_g0.2,5,172,172,0,1.0,0.7532986111111111,0.4469791666666667,23,0.306875,0.18958333333333333,8135.714310040343,122.91483720930232,177.181,"{'family': 'd_capacity', 'alpha': 0.8, 'beta': 0.0, 'gamma': 0.2}"
tune,bimodal,homog,med,d_capacity_a0.8_b0.2_g0.0,5,172,172,0,1.0,0.7532986111111111,0.4469791666666667,23,0.306875,0.18958333333333333,12922.084488495064,77.3868953488372,110.326,"{'family': 'd_capacity', 'alpha': 0.8, 'beta': 0.2, 'gamma': 0.0}"
tune,bimodal,homog,med,binpack,6,172,172,0,1.0,0.7532986111111111,0.4469791666666667,23,0.3063194444444444,0.18971354166666668,17254.20581298206,57.95688372093023,82.855,{}
tune,bimodal,homog,med,hybrid_a0.1,6,172,172,0,1.0,0.7532986111111111,0.4469791666666667,30,0.31145833333333334,0.018489583333333334,10645.53272597681,93.93611627906976,119.163,"{'family': 'hybrid', 'alpha': 0.1}"
tune,bimodal,homog,med,hybrid_a0.2,6,172,172,0,1.0,0.7532986111111111,0.4469791666666667,30,0.3082638888888889,0.03424479166666667,10886.434237076157,91.85744186046512,115.176,"{'family': 'hybrid', 'alpha': 0.2}"
tune,bimodal,homog,med,hybrid_a0.3,6,172,172,0,1.0,0.7532986111111111,0.4469791666666667,30,0.3063194444444444,0.0625,11250.320012736409,88.88636046511627,112.351,"{'family': 'hybrid', 'alpha': 0.3}"
tune,bimodal,homog,med,hybrid_a0.4,6,172,172,0,1.0,0.7532986111111111,0.4469791666666667,25,0.3063194444444444,0.13723958333333333,12294.549676020746,81.3368546511628,115.135,"{'family': 'hybrid', 'alpha': 0.4}"
tune,bimodal,homog,med,hybrid_a0.5,6,172,172,0,1.0,0.7532986111111111,0.4469791666666667,23,0.3063194444444444,0.18971354166666668,12628.141681582436,79.18821511627907,111.969,"{'family': 'hybrid', 'alpha': 0.5}"
tune,bimodal,homog,med,hybrid_a0.6,6,172,172,0,1.0,0.7532986111111111,0.4469791666666667,23,0.3063194444444444,0.18971354166666668,12611.21422896906,79.29450581395348,113.122,"{'family': 'hybrid', 'alpha': 0.6}"
tune,bimodal,homog,med,hybrid_a0.7,6,172,172,0,1.0,0.7532986111111111,0.4469791666666667,23,0.3063194444444444,0.18971354166666668,12733.80600431528,78.53111627906978,111.258,"{'family': 'hybrid', 'alpha': 0.7}"
tune,bimodal,homog,med,hybrid_a0.8,6,172,172,0,1.0,0.7532986111111111,0.4469791666666667,23,0.3063194444444444,0.18971354166666668,12689.757056814478,78.80371511627907,110.708,"{'family': 'hybrid', 'alpha': 0.8}"
tune,bimodal,homog,med,hybrid_a0.9,6,172,172,0,1.0,0.7532986111111111,0.4469791666666667,23,0.3063194444444444,0.18971354166666668,12847.283740627085,77.83746511627906,111.098,"{'family': 'hybrid', 'alpha': 0.9}"
tune,bimodal,homog,med,balance_l0.05,6,172,172,0,1.0,0.7532986111111111,0.4469791666666667,23,0.3063194444444444,0.18971354166666668,15159.9979128561,65.96306976744187,97.162,"{'family': 'balance', 'lam': 0.05}"
tune,bimodal,homog,med,balance_l0.1,6,172,172,0,1.0,0.7532986111111111,0.4469791666666667,23,0.3063194444444444,0.18971354166666668,15151.66463939743,65.9993488372093,97.482,"{'family': 'balance', 'lam': 0.1}"
tune,bimodal,homog,med,balance_l0.2,6,172,172,0,1.0,0.7532986111111111,0.4469791666666667,23,0.3063194444444444,0.18971354166666668,15232.848255679462,65.6476046511628,95.539,"{'family': 'balance', 'lam': 0.2}"
tune,bimodal,homog,med,balance_l0.4,6,172,172,0,1.0,0.7532986111111111,0.4469791666666667,23,0.3063194444444444,0.18971354166666668,15104.908419028076,66.20364534883721,93.666,"{'family': 'balance', 'lam': 0.4}"
tune,bimodal,homog,med,balance_l0.8,6,172,172,0,1.0,0.7532986111111111,0.4469791666666667,26,0.3063194444444444,0.13723958333333333,14223.77706114934,70.30481395348836,94.587,"{'family': 'balance', 'lam': 0.8}"
tune,bimodal,homog,med,wmatch_l0.05,6,172,172,0,1.0,0.7532986111111111,0.4469791666666667,23,0.3063194444444444,0.18971354166666668,10332.574950366094,96.78129651162791,146.504,"{'family': 'wmatch', 'lam': 0.05}"
tune,bimodal,homog,med,wmatch_l0.1,6,172,172,0,1.0,0.7532986111111111,0.4469791666666667,23,0.3063194444444444,0.18971354166666668,10292.49598054096,97.15816279069767,142.176,"{'family': 'wmatch', 'lam': 0.1}"
tune,bimodal,homog,med,wmatch_l0.2,6,172,172,0,1.0,0.7532986111111111,0.4469791666666667,23,0.3063194444444444,0.18971354166666668,10249.815413934624,97.56273255813954,138.088,"{'family': 'wmatch', 'lam': 0.2}"
tune,bimodal,homog,med,wmatch_l0.4,6,172,172,0,1.0,0.7532986111111111,0.4469791666666667,23,0.3063194444444444,0.18971354166666668,10338.56081823698,96.72526162790697,141.655,"{'family': 'wmatch', 'lam': 0.4}"
tune,bimodal,homog,med,wmatch_l0.8,6,172,172,0,1.0,0.7532986111111111,0.4469791666666667,23,0.3063194444444444,0.18971354166666668,10341.081328396069,96.70168604651164,138.479,"{'family': 'wmatch', 'lam': 0.8}"
tune,bimodal,homog,med,d_cheap_a0.0_b0.4_g0.6,6,172,172,0,1.0,0.7532986111111111,0.4469791666666667,23,0.3063194444444444,0.18971354166666668,9795.861647122878,102.08392441860465,146.474,"{'family': 'd_cheap', 'alpha': 0.0, 'beta': 0.4, 'gamma': 0.6}"
tune,bimodal,homog,med,d_cheap_a0.0_b0.6_g0.4,6,172,172,0,1.0,0.7532986111111111,0.4469791666666667,26,0.3063194444444444,0.13333333333333333,9330.644010271737,107.17373837209303,145.152,"{'family': 'd_cheap', 'alpha': 0.0, 'beta': 0.6, 'gamma': 0.4}"
tune,bimodal,homog,med,d_cheap_a0.0_b0.8_g0.2,6,172,172,0,1.0,0.7532986111111111,0.4469791666666667,30,0.31256944444444446,0.013151041666666667,8185.782618642331,122.16302906976743,153.908,"{'family': 'd_cheap', 'alpha': 0.0, 'beta': 0.8, 'gamma': 0.2}"
tune,bimodal,homog,med,d_cheap_a0.0_b1.0_g0.0,6,172,172,0,1.0,0.7532986111111111,0.4469791666666667,30,0.3063194444444444,0.019010416666666665,9251.81238701493,108.08693023255813,131.556,"{'family': 'd_cheap', 'alpha': 0.0, 'beta': 1.0, 'gamma': 0.0}"
tune,bimodal,homog,med,d_cheap_a0.2_b0.2_g0.6,6,172,172,0,1.0,0.7532986111111111,0.4469791666666667,23,0.3063194444444444,0.18971354166666668,9777.855646902077,102.27191279069768,145.412,"{'family': 'd_cheap', 'alpha': 0.2, 'beta': 0.2, 'gamma': 0.6}"
tune,bimodal,homog,med,d_cheap_a0.2_b0.4_g0.4,6,172,172,0,1.0,0.7532986111111111,0.4469791666666667,23,0.3063194444444444,0.18971354166666668,9683.311791717817,103.2704534883721,146.464,"{'family': 'd_cheap', 'alpha': 0.2, 'beta': 0.4, 'gamma': 0.4}"
tune,bimodal,homog,med,d_cheap_a0.2_b0.6_g0.2,6,172,172,0,1.0,0.7532986111111111,0.4469791666666667,25,0.3063194444444444,0.13723958333333333,9498.637608198871,105.27825581395348,145.382,"{'family': 'd_cheap', 'alpha': 0.2, 'beta': 0.6, 'gamma': 0.2}"
tune,bimodal,homog,med,d_cheap_a0.2_b0.8_g0.0,6,172,172,0,1.0,0.7532986111111111,0.4469791666666667,30,0.3082638888888889,0.03424479166666667,10913.608635456285,91.62872093023256,114.815,"{'family': 'd_cheap', 'alpha': 0.2, 'beta': 0.8, 'gamma': 0.0}"
tune,bimodal,homog,med,d_cheap_a0.4_b0.0_g0.6,6,172,172,0,1.0,0.7532986111111111,0.4469791666666667,23,0.3063194444444444,0.18971354166666668,11351.266662768518,88.0958953488372,126.296,"{'family': 'd_cheap', 'alpha': 0.4, 'beta': 0.0, 'gamma': 0.6}"
tune,bimodal,homog,med,d_cheap_a0.4_b0.2_g0.4,6,172,172,0,1.0,0.7532986111111111,0.4469791666666667,23,0.3063194444444444,0.18971354166666668,9882.07070058538,101.19336627906976,143.268,"{'family': 'd_cheap', 'alpha': 0.4, 'beta': 0.2, 'gamma': 0.4}"
tune,bimodal,homog,med,d_cheap_a0.4_b0.4_g0.2,6,172,172,0,1.0,0.7532986111111111,0.4469791666666667,23,0.3063194444444444,0.18971354166666668,9787.273608127352,102.1735,150.241,"{'family': 'd_cheap', 'alpha': 0.4, 'beta': 0.4, 'gamma': 0.2}"
tune,bimodal,homog,med,d_cheap_a0.4_b0.6_g0.0,6,172,172,0,1.0,0.7532986111111111,0.4469791666666667,25,0.3063194444444444,0.13723958333333333,12245.963886937287,81.65955813953488,116.388,"{'family': 'd_cheap', 'alpha': 0.4, 'beta': 0.6, 'gamma': 0.0}"
tune,bimodal,homog,med,d_cheap_a0.6_b0.0_g0.4,6,172,172,0,1.0,0.7532986111111111,0.4469791666666667,23,0.3063194444444444,0.18971354166666668,11208.237585443263,89.22009302325581,127.779,"{'family': 'd_cheap', 'alpha': 0.6, 'beta': 0.0, 'gamma': 0.4}"
tune,bimodal,homog,med,d_cheap_a0.6_b0.2_g0.2,6,172,172,0,1.0,0.7532986111111111,0.4469791666666667,23,0.3063194444444444,0.18971354166666668,9804.90239419185,101.98979651162792,146.414,"{'family': 'd_cheap', 'alpha': 0.6, 'beta': 0.2, 'gamma': 0.2}"
tune,bimodal,homog,med,d_cheap_a0.6_b0.4_g0.0,6,172,172,0,1.0,0.7532986111111111,0.4469791666666667,23,0.3063194444444444,0.18971354166666668,12795.23612529601,78.15408720930232,113.563,"{'family': 'd_cheap', 'alpha': 0.6, 'beta': 0.4, 'gamma': 0.0}"
tune,bimodal,homog,med,d_cheap_a0.8_b0.0_g0.2,6,172,172,0,1.0,0.7532986111111111,0.4469791666666667,23,0.3063194444444444,0.18971354166666668,11366.37057051052,87.97883139534883,126.316,"{'family': 'd_cheap', 'alpha': 0.8, 'beta': 0.0, 'gamma': 0.2}"
tune,bimodal,homog,med,d_cheap_a0.8_b0.2_g0.0,6,172,172,0,1.0,0.7532986111111111,0.4469791666666667,23,0.3063194444444444,0.18971354166666668,12797.00395353021,78.14329069767442,112.45,"{'family': 'd_cheap', 'alpha': 0.8, 'beta': 0.2, 'gamma': 0.0}"
tune,bimodal,homog,med,d_capacity_a0.0_b0.4_g0.6,6,172,172,0,1.0,0.7532986111111111,0.4469791666666667,23,0.3063194444444444,0.18971354166666668,7313.205012096551,136.7389534883721,200.204,"{'family': 'd_capacity', 'alpha': 0.0, 'beta': 0.4, 'gamma': 0.6}"
tune,bimodal,homog,med,d_capacity_a0.0_b0.6_g0.4,6,172,172,0,1.0,0.7532986111111111,0.4469791666666667,26,0.3063194444444444,0.13333333333333333,6893.672910851383,145.0605523255814,205.405,"{'family': 'd_capacity', 'alpha': 0.0, 'beta': 0.6, 'gamma': 0.4}"
tune,bimodal,homog,med,d_capacity_a0.0_b0.8_g0.2,6,172,172,0,1.0,0.7532986111111111,0.4469791666666667,30,0.30854166666666666,0.018489583333333334,5944.751895261214,168.2155988372093,218.869,"{'family': 'd_capacity', 'alpha': 0.0, 'beta': 0.8, 'gamma': 0.2}"
tune,bimodal,homog,med,d_capacity_a0.0_b1.0_g0.0,6,172,172,0,1.0,0.7532986111111111,0.4469791666666667,30,0.3063194444444444,0.019010416666666665,9199.641363748417,108.69988953488372,132.548,"{'family': 'd_capacity', 'alpha': 0.0, 'beta': 1.0, 'gamma': 0.0}"
tune,bimodal,homog,med,d_capacity_a0.2_b0.2_g0.6,6,172,172,0,1.0,0.7532986111111111,0.4469791666666667,23,0.3063194444444444,0.18971354166666668,7170.69032027263,139.4565872093023,205.584,"{'family': 'd_capacity', 'alpha': 0.2, 'beta': 0.2, 'gamma': 0.6}"
tune,bimodal,homog,med,d_capacity_a0.2_b0.4_g0.4,6,172,172,0,1.0,0.7532986111111111,0.4469791666666667,23,0.3063194444444444,0.18971354166666668,7203.236598472537,138.82648255813953,204.903,"{'family': 'd_capacity', 'alpha': 0.2, 'beta': 0.4, 'gamma': 0.4}"
tune,bimodal,homog,med,d_capacity_a0.2_b0.6_g0.2,6,172,172,0,1.0,0.7532986111111111,0.4469791666666667,25,0.3063194444444444,0.13854166666666667,6941.597795187108,144.0590523255814,205.114,"{'family': 'd_capacity', 'alpha': 0.2, 'beta': 0.6, 'gamma': 0.2}"
tune,bimodal,homog,med,d_capacity_a0.2_b0.8_g0.0,6,172,172,0,1.0,0.7532986111111111,0.4469791666666667,30,0.3082638888888889,0.03424479166666667,10780.184516646612,92.76279069767442,116.138,"{'family': 'd_capacity', 'alpha': 0.2, 'beta': 0.8, 'gamma': 0.0}"
tune,bimodal,homog,med,d_capacity_a0.4_b0.0_g0.6,6,172,172,0,1.0,0.7532986111111111,0.4469791666666667,23,0.3063194444444444,0.18971354166666668,8129.654759085716,123.00645348837209,180.297,"{'family': 'd_capacity', 'alpha': 0.4, 'beta': 0.0, 'gamma': 0.6}"
tune,bimodal,homog,med,d_capacity_a0.4_b0.2_g0.4,6,172,172,0,1.0,0.7532986111111111,0.4469791666666667,23,0.3063194444444444,0.18971354166666668,7249.141661588404,137.94736627906977,203.902,"{'family': 'd_capacity', 'alpha': 0.4, 'beta': 0.2, 'gamma': 0.4}"
tune,bimodal,homog,med,d_capacity_a0.4_b0.4_g0.2,6,172,172,0,1.0,0.7532986111111111,0.4469791666666667,23,0.3063194444444444,0.18971354166666668,7239.129447545415,138.13815697674417,202.659,"{'family': 'd_capacity', 'alpha': 0.4, 'beta': 0.4, 'gamma': 0.2}"
tune,bimodal,homog,med,d_capacity_a0.4_b0.6_g0.0,6,172,172,0,1.0,0.7532986111111111,0.4469791666666667,25,0.3063194444444444,0.13723958333333333,12207.337944395009,81.91794186046512,116.207,"{'family': 'd_capacity', 'alpha': 0.4, 'beta': 0.6, 'gamma': 0.0}"
tune,bimodal,homog,med,d_capacity_a0.6_b0.0_g0.4,6,172,172,0,1.0,0.7532986111111111,0.4469791666666667,23,0.3063194444444444,0.18971354166666668,8105.840790824678,123.36783139534884,180.046,"{'family': 'd_capacity', 'alpha': 0.6, 'beta': 0.0, 'gamma': 0.4}"
tune,bimodal,homog,med,d_capacity_a0.6_b0.2_g0.2,6,172,172,0,1.0,0.7532986111111111,0.4469791666666667,23,0.3063194444444444,0.18971354166666668,7309.7582297465515,136.80343023255813,203.341,"{'family': 'd_capacity', 'alpha': 0.6, 'beta': 0.2, 'gamma': 0.2}"
tune,bimodal,homog,med,d_capacity_a0.6_b0.4_g0.0,6,172,172,0,1.0,0.7532986111111111,0.4469791666666667,23,0.3063194444444444,0.18971354166666668,12728.52418608303,78.5637034883721,115.426,"{'family': 'd_capacity', 'alpha': 0.6, 'beta': 0.4, 'gamma': 0.0}"
tune,bimodal,homog,med,d_capacity_a0.8_b0.0_g0.2,6,172,172,0,1.0,0.7532986111111111,0.4469791666666667,23,0.3063194444444444,0.18971354166666668,8219.740423464778,121.65834302325581,180.197,"{'family': 'd_capacity', 'alpha': 0.8, 'beta': 0.0, 'gamma': 0.2}"
tune,bimodal,homog,med,d_capacity_a0.8_b0.2_g0.0,6,172,172,0,1.0,0.7532986111111111,0.4469791666666667,23,0.3063194444444444,0.18971354166666668,12784.448402337888,78.22003488372093,109.265,"{'family': 'd_capacity', 'alpha': 0.8, 'beta': 0.2, 'gamma': 0.0}"
tune,bimodal,homog,med,binpack,7,172,172,0,1.0,0.7532986111111111,0.4469791666666667,24,0.3474305555555556,0.12395833333333334,17520.74884495482,57.075186046511625,83.005,{}
tune,bimodal,homog,med,hybrid_a0.1,7,172,172,0,1.0,0.7532986111111111,0.4469791666666667,30,0.3065972222222222,0.011588541666666667,10485.61440762436,95.36875581395348,125.254,"{'family': 'hybrid', 'alpha': 0.1}"
tune,bimodal,homog,med,hybrid_a0.2,7,172,172,0,1.0,0.7532986111111111,0.4469791666666667,30,0.3065972222222222,0.02109375,10757.062683968443,92.96218023255814,117.721,"{'family': 'hybrid', 'alpha': 0.2}"
tune,bimodal,homog,med,hybrid_a0.3,7,172,172,0,1.0,0.7532986111111111,0.4469791666666667,30,0.3065972222222222,0.04244791666666667,11265.807827850072,88.76416279069768,117.099,"{'family': 'hybrid', 'alpha': 0.3}"
tune,bimodal,homog,med,hybrid_a0.4,7,172,172,0,1.0,0.7532986111111111,0.4469791666666667,24,0.3063194444444444,0.057942708333333336,12338.511658422938,81.04705232558139,113.322,"{'family': 'hybrid', 'alpha': 0.4}"
tune,bimodal,homog,med,hybrid_a0.5,7,172,172,0,1.0,0.7532986111111111,0.4469791666666667,24,0.30895833333333333,0.109375,12797.714268707357,78.1389534883721,110.697,"{'family': 'hybrid', 'alpha': 0.5}"
tune,bimodal,homog,med,hybrid_a0.6,7,172,172,0,1.0,0.7532986111111111,0.4469791666666667,24,0.32895833333333335,0.16015625,12887.755665536066,77.59302906976744,112.771,"{'family': 'hybrid', 'alpha': 0.6}"
tune,bimodal,homog,med,hybrid_a0.7,7,172,172,0,1.0,0.7532986111111111,0.4469791666666667,24,0.3474305555555556,0.12395833333333334,13059.693276399144,76.57147674418604,113.643,"{'family': 'hybrid', 'alpha': 0.7}"
tune,bimodal,homog,med,hybrid_a0.8,7,172,172,0,1.0,0.7532986111111111,0.4469791666666667,24,0.3474305555555556,0.12395833333333334,13010.03497278936,76.86374418604652,112.14,"{'family': 'hybrid', 'alpha': 0.8}"
tune,bimodal,homog,med,hybrid_a0.9,7,172,172,0,1.0,0.7532986111111111,0.4469791666666667,24,0.3474305555555556,0.12395833333333334,13017.282789040628,76.8209476744186,114.474,"{'family': 'hybrid', 'alpha': 0.9}"
tune,bimodal,homog,med,balance_l0.05,7,172,172,0,1.0,0.7532986111111111,0.4469791666666667,24,0.33770833333333333,0.10026041666666667,15389.011851865373,64.98143023255814,95.96,"{'family': 'balance', 'lam': 0.05}"
tune,bimodal,homog,med,balance_l0.1,7,172,172,0,1.0,0.7532986111111111,0.4469791666666667,24,0.33770833333333333,0.10026041666666667,15415.230749872107,64.87090697674418,93.776,"{'family': 'balance', 'lam': 0.1}"
tune,bimodal,homog,med,balance_l0.2,7,172,172,0,1.0,0.7532986111111111,0.4469791666666667,24,0.33770833333333333,0.10026041666666667,15509.64700043427,64.476,94.506,"{'family': 'balance', 'lam': 0.2}"
tune,bimodal,homog,med,balance_l0.4,7,172,172,0,1.0,0.7532986111111111,0.4469791666666667,24,0.33743055555555557,0.11223958333333334,10414.799041911148,96.01721511627908,137.747,"{'family': 'balance', 'lam': 0.4}"
tune,bimodal,homog,med,balance_l0.8,7,172,172,0,1.0,0.7532986111111111,0.4469791666666667,26,0.3063194444444444,0.08723958333333333,8812.995561273301,113.46879651162791,157.796,"{'family': 'balance', 'lam': 0.8}"
tune,bimodal,homog,med,wmatch_l0.05,7,172,172,0,1.0,0.7532986111111111,0.4469791666666667,24,0.3474305555555556,0.12395833333333334,7512.069427943247,133.11911046511628,223.067,"{'family': 'wmatch', 'lam': 0.05}"
tune,bimodal,homog,med,wmatch_l0.1,7,172,172,0,1.0,0.7532986111111111,0.4469791666666667,24,0.3474305555555556,0.12395833333333334,10466.966679141831,95.53866279069769,154.119,"{'family': 'wmatch', 'lam': 0.1}"
tune,bimodal,homog,med,wmatch_l0.2,7,172,172,0,1.0,0.7532986111111111,0.4469791666666667,24,0.3474305555555556,0.12395833333333334,10510.700901812026,95.14113372093023,146.525,"{'family': 'wmatch', 'lam': 0.2}"
tune,bimodal,homog,med,wmatch_l0.4,7,172,172,0,1.0,0.7532986111111111,0.4469791666666667,24,0.3474305555555556,0.12395833333333334,10616.456915516828,94.19338372093023,142.075,"{'family': 'wmatch', 'lam': 0.4}"
tune,bimodal,homog,med,wmatch_l0.8,7,172,172,0,1.0,0.7532986111111111,0.4469791666666667,24,0.3474305555555556,0.12395833333333334,10614.71414142823,94.2088488372093,138.319,"{'family': 'wmatch', 'lam': 0.8}"
tune,bimodal,homog,med,d_cheap_a0.0_b0.4_g0.6,7,172,172,0,1.0,0.7532986111111111,0.4469791666666667,24,0.3474305555555556,0.13893229166666668,10030.03412077654,99.70055813953489,147.817,"{'family': 'd_cheap', 'alpha': 0.0, 'beta': 0.4, 'gamma': 0.6}"
tune,bimodal,homog,med,d_cheap_a0.0_b0.6_g0.4,7,172,172,0,1.0,0.7532986111111111,0.4469791666666667,26,0.3063194444444444,0.09973958333333334,9365.693692700808,106.77265697674419,149.009,"{'family': 'd_cheap', 'alpha': 0.0, 'beta': 0.6, 'gamma': 0.4}"
tune,bimodal,homog,med,d_cheap_a0.0_b0.8_g0.2,7,172,172,0,1.0,0.7532986111111111,0.4469791666666667,30,0.3065972222222222,0.015885416666666666,8135.566924852667,122.91706395348837,158.707,"{'family': 'd_cheap', 'alpha': 0.0, 'beta': 0.8, 'gamma': 0.2}"
tune,bimodal,homog,med,d_cheap_a0.0_b1.0_g0.0,7,172,172,0,1.0,0.7532986111111111,0.4469791666666667,30,0.3063194444444444,0.009635416666666667,9627.997140932663,103.86376162790698,131.256,"{'family': 'd_cheap', 'alpha': 0.0, 'beta': 1.0, 'gamma': 0.0}"
tune,bimodal,homog,med,d_cheap_a0.2_b0.2_g0.6,7,172,172,0,1.0,0.7532986111111111,0.4469791666666667,24,0.3474305555555556,0.12395833333333334,10093.616532827464,99.07251744186046,147.736,"{'family': 'd_cheap', 'alpha': 0.2, 'beta': 0.2, 'gamma': 0.6}"
tune,bimodal,homog,med,d_cheap_a0.2_b0.4_g0.4,7,172,172,0,1.0,0.7532986111111111,0.4469791666666667,24,0.3474305555555556,0.13893229166666668,10090.448551530775,99.10362209302325,146.845,"{'family': 'd_cheap', 'alpha': 0.2, 'beta': 0.4, 'gamma': 0.4}"
tune,bimodal,homog,med,d_cheap_a0.2_b0.6_g0.2,7,172,172,0,1.0,0.7532986111111111,0.4469791666666667,25,0.3063194444444444,0.10299479166666667,9576.097881527747,104.42666860465116,147.085,"{'family': 'd_cheap', 'alpha': 0.2, 'beta': 0.6, 'gamma': 0.2}"
tune,bimodal,homog,med,d_cheap_a0.2_b0.8_g0.0,7,172,172,0,1.0,0.7532986111111111,0.4469791666666667,30,0.3065972222222222,0.02109375,10759.58881105355,92.94035465116279,118.451,"{'family': 'd_cheap', 'alpha': 0.2, 'beta': 0.8, 'gamma': 0.0}"
tune,bimodal,homog,med,d_cheap_a0.4_b0.0_g0.6,7,172,172,0,1.0,0.7532986111111111,0.4469791666666667,24,0.3474305555555556,0.12395833333333334,11667.5729386112,85.70762790697675,127.188,"{'family': 'd_cheap', 'alpha': 0.4, 'beta': 0.0, 'gamma': 0.6}"
tune,bimodal,homog,med,d_cheap_a0.4_b0.2_g0.4,7,172,172,0,1.0,0.7532986111111111,0.4469791666666667,24,0.3474305555555556,0.12395833333333334,10208.039852187581,97.962,144.14,"{'family': 'd_cheap', 'alpha': 0.4, 'beta': 0.2, 'gamma': 0.4}"
tune,bimodal,homog,med,d_cheap_a0.4_b0.4_g0.2,7,172,172,0,1.0,0.7532986111111111,0.4469791666666667,24,0.32895833333333335,0.16015625,10193.794101123978,98.0989011627907,147.937,"{'family': 'd_cheap', 'alpha': 0.4, 'beta': 0.4, 'gamma': 0.2}"
tune,bimodal,homog,med,d_cheap_a0.4_b0.6_g0.0,7,172,172,0,1.0,0.7532986111111111,0.4469791666666667,24,0.3063194444444444,0.057942708333333336,12363.972046784407,80.88015697674419,116.117,"{'family': 'd_cheap', 'alpha': 0.4, 'beta': 0.6, 'gamma': 0.0}"
tune,bimodal,homog,med,d_cheap_a0.6_b0.0_g0.4,7,172,172,0,1.0,0.7532986111111111,0.4469791666666667,24,0.3474305555555556,0.12395833333333334,11711.567249419273,85.38566860465116,122.529,"{'family': 'd_cheap', 'alpha': 0.6, 'beta': 0.0, 'gamma': 0.4}"
tune,bimodal,homog,med,d_cheap_a0.6_b0.2_g0.2,7,172,172,0,1.0,0.7532986111111111,0.4469791666666667,24,0.3474305555555556,0.12395833333333334,10142.53983467778,98.59463372093023,144.3,"{'family': 'd_cheap', 'alpha': 0.6, 'beta': 0.2, 'gamma': 0.2}"
tune,bimodal,homog,med,d_cheap_a0.6_b0.4_g0.0,7,172,172,0,1.0,0.7532986111111111,0.4469791666666667,24,0.32895833333333335,0.16015625,13076.997819334585,76.4701511627907,111.188,"{'family': 'd_cheap', 'alpha': 0.6, 'beta': 0.4, 'gamma': 0.0}"
tune,bimodal,homog,med,d_cheap_a0.8_b0.0_g0.2,7,172,172,0,1.0,0.7532986111111111,0.4469791666666667,24,0.3474305555555556,0.12395833333333334,11753.714310393181,85.07948837209302,126.777,"{'family': 'd_cheap', 'alpha': 0.8, 'beta': 0.0, 'gamma': 0.2}"
tune,bimodal,homog,med,d_cheap_a0.8_b0.2_g0.0,7,172,172,0,1.0,0.7532986111111111,0.4469791666666667,24,0.3474305555555556,0.12395833333333334,13035.826467987534,76.71166860465117,115.096,"{'family': 'd_cheap', 'alpha': 0.8, 'beta': 0.2, 'gamma': 0.0}"
tune,bimodal,homog,med,d_capacity_a0.0_b0.4_g0.6,7,172,172,0,1.0,0.7532986111111111,0.4469791666666667,24,0.3474305555555556,0.12643229166666667,7671.895509496826,130.34588372093023,199.994,"{'family': 'd_capacity', 'alpha': 0.0, 'beta': 0.4, 'gamma': 0.6}"
tune,bimodal,homog,med,d_capacity_a0.0_b0.6_g0.4,7,172,172,0,1.0,0.7532986111111111,0.4469791666666667,27,0.3063194444444444,0.09973958333333334,7129.153063247857,140.26911627906978,200.876,"{'family': 'd_capacity', 'alpha': 0.0, 'beta': 0.6, 'gamma': 0.4}"
tune,bimodal,homog,med,d_capacity_a0.0_b0.8_g0.2,7,172,172,0,1.0,0.7532986111111111,0.4469791666666667,30,0.3065972222222222,0.01171875,6091.240406739037,164.17017441860463,212.668,"{'family': 'd_capacity', 'alpha': 0.0, 'beta': 0.8, 'gamma': 0.2}"
tune,bimodal,homog,med,d_capacity_a0.0_b1.0_g0.0,7,172,172,0,1.0,0.7532986111111111,0.4469791666666667,30,0.3063194444444444,0.009635416666666667,9784.214273837517,102.20544767441861,127.91,"{'family': 'd_capacity', 'alpha': 0.0, 'beta': 1.0, 'gamma': 0.0}"
tune,bimodal,homog,med,d_capacity_a0.2_b0.2_g0.6,7,172,172,0,1.0,0.7532986111111111,0.4469791666666667,24,0.3474305555555556,0.12395833333333334,7707.762859920596,129.73933139534884,197.209,"{'family': 'd_capacity', 'alpha': 0.2, 'beta': 0.2, 'gamma': 0.6}"
tune,bimodal,homog,med,d_capacity_a0.2_b0.4_g0.4,7,172,172,0,1.0,0.7532986111111111,0.4469791666666667,24,0.3474305555555556,0.13893229166666668,7725.930693909855,129.43424418604653,196.187,"{'family': 'd_capacity', 'alpha': 0.2, 'beta': 0.4, 'gamma': 0.4}"
tune,bimodal,homog,med,d_capacity_a0.2_b0.6_g0.2,7,172,172,0,1.0,0.7532986111111111,0.4469791666666667,25,0.3063194444444444,0.057942708333333336,7197.232111907251,138.9423023255814,205.324,"{'family': 'd_capacity', 'alpha': 0.2, 'beta': 0.6, 'gamma': 0.2}"
tune,bimodal,homog,med,d_capacity_a0.2_b0.8_g0.0,7,172,172,0,1.0,0.7532986111111111,0.4469791666666667,30,0.3065972222222222,0.02109375,10663.54728976336,93.77742441860465,125.685,"{'family': 'd_capacity', 'alpha': 0.2, 'beta': 0.8, 'gamma': 0.0}"
tune,bimodal,homog,med,d_capacity_a0.4_b0.0_g0.6,7,172,172,0,1.0,0.7532986111111111,0.4469791666666667,24,0.3474305555555556,0.12395833333333334,8417.548788259595,118.79943023255814,183.023,"{'family': 'd_capacity', 'alpha': 0.4, 'beta': 0.0, 'gamma': 0.6}"
tune,bimodal,homog,med,d_capacity_a0.4_b0.2_g0.4,7,172,172,0,1.0,0.7532986111111111,0.4469791666666667,24,0.3474305555555556,0.12395833333333334,7534.478562393455,132.72318604651164,208.22,"{'family': 'd_capacity', 'alpha': 0.4, 'beta': 0.2, 'gamma': 0.4}"
tune,bimodal,homog,med,d_capacity_a0.4_b0.4_g0.2,7,172,172,0,1.0,0.7532986111111111,0.4469791666666667,24,0.32895833333333335,0.16015625,7611.928316523806,131.3727558139535,199.293,"{'family': 'd_capacity', 'alpha': 0.4, 'beta': 0.4, 'gamma': 0.2}"
tune,bimodal,homog,med,d_capacity_a0.4_b0.6_g0.0,7,172,172,0,1.0,0.7532986111111111,0.4469791666666667,24,0.3063194444444444,0.057942708333333336,12524.038690833111,79.84644767441861,109.014,"{'family': 'd_capacity', 'alpha': 0.4, 'beta': 0.6, 'gamma': 0.0}"
tune,bimodal,homog,med,d_capacity_a0.6_b0.0_g0.4,7,172,172,0,1.0,0.7532986111111111,0.4469791666666667,24,0.3474305555555556,0.12395833333333334,8540.70954030028,117.08629069767441,178.915,"{'family': 'd_capacity', 'alpha': 0.6, 'beta': 0.0, 'gamma': 0.4}"
tune,bimodal,homog,med,d_capacity_a0.6_b0.2_g0.2,7,172,172,0,1.0,0.7532986111111111,0.4469791666666667,24,0.3474305555555556,0.12395833333333334,7657.76964431619,130.58632558139536,196.297,"{'family': 'd_capacity', 'alpha': 0.6, 'beta': 0.2, 'gamma': 0.2}"
tune,bimodal,homog,med,d_capacity_a0.6_b0.4_g0.0,7,172,172,0,1.0,0.7532986111111111,0.4469791666666667,24,0.32895833333333335,0.16015625,13024.454852733928,76.7786453488372,113.252,"{'family': 'd_capacity', 'alpha': 0.6, 'beta': 0.4, 'gamma': 0.0}"
tune,bimodal,homog,med,d_capacity_a0.8_b0.0_g0.2,7,172,172,0,1.0,0.7532986111111111,0.4469791666666667,24,0.3474305555555556,0.12395833333333334,8474.13243975249,118.00618023255814,180.398,"{'family': 'd_capacity', 'alpha': 0.8, 'beta': 0.0, 'gamma': 0.2}"
tune,bimodal,homog,med,d_capacity_a0.8_b0.2_g0.0,7,172,172,0,1.0,0.7532986111111111,0.4469791666666667,24,0.3474305555555556,0.12395833333333334,12928.933336690847,77.3459011627907,113.712,"{'family': 'd_capacity', 'alpha': 0.8, 'beta': 0.2, 'gamma': 0.0}"
tune,bimodal,homog,med,binpack,8,172,172,0,1.0,0.7532986111111111,0.4469791666666667,23,0.3082638888888889,0.19036458333333334,17113.4964096979,58.43341279069767,86.662,{}
tune,bimodal,homog,med,hybrid_a0.1,8,172,172,0,1.0,0.7532986111111111,0.4469791666666667,30,0.3065972222222222,0.026432291666666666,10589.596730917609,94.43230232558139,124.233,"{'family': 'hybrid', 'alpha': 0.1}"
tune,bimodal,homog,med,hybrid_a0.2,8,172,172,0,1.0,0.7532986111111111,0.4469791666666667,30,0.3088194444444444,0.0421875,10926.215962375703,91.52299418604652,124.793,"{'family': 'hybrid', 'alpha': 0.2}"
tune,bimodal,homog,med,hybrid_a0.3,8,172,172,0,1.0,0.7532986111111111,0.4469791666666667,30,0.3139583333333333,0.06901041666666667,11263.792989297366,88.78004069767441,115.446,"{'family': 'hybrid', 'alpha': 0.3}"
tune,bimodal,homog,med,hybrid_a0.4,8,172,172,0,1.0,0.7532986111111111,0.4469791666666667,25,0.3063194444444444,0.11692708333333333,11830.429501679611,84.52778488372093,120.055,"{'family': 'hybrid', 'alpha': 0.4}"
tune,bimodal,homog,med,hybrid_a0.5,8,172,172,0,1.0,0.7532986111111111,0.4469791666666667,23,0.3139583333333333,0.19036458333333334,13011.531924058345,76.8549011627907,113.823,"{'family': 'hybrid', 'alpha': 0.5}"
tune,bimodal,homog,med,hybrid_a0.6,8,172,172,0,1.0,0.7532986111111111,0.4469791666666667,23,0.3082638888888889,0.187109375,12941.742295600228,77.2693488372093,112.5,"{'family': 'hybrid', 'alpha': 0.6}"
tune,bimodal,homog,med,hybrid_a0.7,8,172,172,0,1.0,0.7532986111111111,0.4469791666666667,23,0.3139583333333333,0.20481770833333332,13011.881360691772,76.85283720930232,111.749,"{'family': 'hybrid', 'alpha': 0.7}"
tune,bimodal,homog,med,hybrid_a0.8,8,172,172,0,1.0,0.7532986111111111,0.4469791666666667,23,0.3082638888888889,0.187109375,13007.108990044873,76.88103488372093,115.366,"{'family': 'hybrid', 'alpha': 0.8}"
tune,bimodal,homog,med,hybrid_a0.9,8,172,172,0,1.0,0.7532986111111111,0.4469791666666667,23,0.3082638888888889,0.19036458333333334,12811.313044881157,78.05601162790698,113.472,"{'family': 'hybrid', 'alpha': 0.9}"
tune,bimodal,homog,med,balance_l0.05,8,172,172,0,1.0,0.7532986111111111,0.4469791666666667,23,0.3082638888888889,0.19036458333333334,15186.404283272353,65.84837209302326,97.322,"{'family': 'balance', 'lam': 0.05}"
tune,bimodal,homog,med,balance_l0.1,8,172,172,0,1.0,0.7532986111111111,0.4469791666666667,23,0.3082638888888889,0.19036458333333334,15304.639743907108,65.33966279069767,94.146,"{'family': 'balance', 'lam': 0.1}"
tune,bimodal,homog,med,balance_l0.2,8,172,172,0,1.0,0.7532986111111111,0.4469791666666667,23,0.3139583333333333,0.20481770833333332,15510.46938648158,64.47258139534884,96.14,"{'family': 'balance', 'lam': 0.2}"
tune,bimodal,homog,med,balance_l0.4,8,172,172,0,1.0,0.7532986111111111,0.4469791666666667,23,0.3082638888888889,0.187109375,15400.256700790473,64.93398255813953,93.866,"{'family': 'balance', 'lam': 0.4}"
tune,bimodal,homog,med,balance_l0.8,8,172,172,0,1.0,0.7532986111111111,0.4469791666666667,25,0.3063194444444444,0.11888020833333333,14330.148457838579,69.78294767441861,93.235,"{'family': 'balance', 'lam': 0.8}"
tune,bimodal,homog,med,wmatch_l0.05,8,172,172,0,1.0,0.7532986111111111,0.4469791666666667,23,0.3082638888888889,0.19036458333333334,10453.433478846748,95.6623488372093,142.056,"{'family': 'wmatch', 'lam': 0.05}"
tune,bimodal,homog,med,wmatch_l0.1,8,172,172,0,1.0,0.7532986111111111,0.4469791666666667,23,0.3082638888888889,0.19036458333333334,10557.662484420542,94.71793604651164,140.523,"{'family': 'wmatch', 'lam': 0.1}"
tune,bimodal,homog,med,wmatch_l0.2,8,172,172,0,1.0,0.7532986111111111,0.4469791666666667,23,0.3082638888888889,0.19036458333333334,10546.007263255933,94.82261627906978,137.567,"{'family': 'wmatch', 'lam': 0.2}"
tune,bimodal,homog,med,wmatch_l0.4,8,172,172,0,1.0,0.7532986111111111,0.4469791666666667,23,0.3082638888888889,0.19036458333333334,10568.330400416833,94.62232558139534,134.371,"{'family': 'wmatch', 'lam': 0.4}"
tune,bimodal,homog,med,wmatch_l0.8,8,172,172,0,1.0,0.7532986111111111,0.4469791666666667,23,0.3082638888888889,0.19036458333333334,10490.453077789149,95.32476744186046,144.871,"{'family': 'wmatch', 'lam': 0.8}"
tune,bimodal,homog,med,d_cheap_a0.0_b0.4_g0.6,8,172,172,0,1.0,0.7532986111111111,0.4469791666666667,23,0.3139583333333333,0.19036458333333334,9582.77542916209,104.3539011627907,160.771,"{'family': 'd_cheap', 'alpha': 0.0, 'beta': 0.4, 'gamma': 0.6}"
tune,bimodal,homog,med,d_cheap_a0.0_b0.6_g0.4,8,172,172,0,1.0,0.7532986111111111,0.4469791666666667,26,0.3063194444444444,0.101171875,8673.941447566856,115.28784302325582,154.749,"{'family': 'd_cheap', 'alpha': 0.0, 'beta': 0.6, 'gamma': 0.4}"
tune,bimodal,homog,med,d_cheap_a0.0_b0.8_g0.2,8,172,172,0,1.0,0.7532986111111111,0.4469791666666667,30,0.3082638888888889,0.04283854166666667,7981.9722516016045,125.28231976744186,173.856,"{'family': 'd_cheap', 'alpha': 0.0, 'beta': 0.8, 'gamma': 0.2}"
tune,bimodal,homog,med,d_cheap_a0.0_b1.0_g0.0,8,172,172,0,1.0,0.7532986111111111,0.4469791666666667,30,0.3063194444444444,0.014322916666666666,9453.082045497464,105.7856046511628,139.761,"{'family': 'd_cheap', 'alpha': 0.0, 'beta': 1.0, 'gamma': 0.0}"
tune,bimodal,homog,med,d_cheap_a0.2_b0.2_g0.6,8,172,172,0,1.0,0.7532986111111111,0.4469791666666667,23,0.3139583333333333,0.19036458333333334,9792.527094840738,102.11868604651163,150.992,"{'family': 'd_cheap', 'alpha': 0.2, 'beta': 0.2, 'gamma': 0.6}"
tune,bimodal,homog,med,d_cheap_a0.2_b0.4_g0.4,8,172,172,0,1.0,0.7532986111111111,0.4469791666666667,23,0.3139583333333333,0.19036458333333334,9742.723559112077,102.6407034883721,149.079,"{'family': 'd_cheap', 'alpha': 0.2, 'beta': 0.4, 'gamma': 0.4}"
tune,bimodal,homog,med,d_cheap_a0.2_b0.6_g0.2,8,172,172,0,1.0,0.7532986111111111,0.4469791666666667,26,0.3063194444444444,0.11302083333333333,8727.942915193826,114.57453488372093,151.774,"{'family': 'd_cheap', 'alpha': 0.2, 'beta': 0.6, 'gamma': 0.2}"
tune,bimodal,homog,med,d_cheap_a0.2_b0.8_g0.0,8,172,172,0,1.0,0.7532986111111111,0.4469791666666667,30,0.3088194444444444,0.0421875,10792.245570771436,92.65912209302326,119.414,"{'family': 'd_cheap', 'alpha': 0.2, 'beta': 0.8, 'gamma': 0.0}"
tune,bimodal,homog,med,d_cheap_a0.4_b0.0_g0.6,8,172,172,0,1.0,0.7532986111111111,0.4469791666666667,23,0.3082638888888889,0.19036458333333334,11182.997994017227,89.42145930232559,130.925,"{'family': 'd_cheap', 'alpha': 0.4, 'beta': 0.0, 'gamma': 0.6}"
tune,bimodal,homog,med,d_cheap_a0.4_b0.2_g0.4,8,172,172,0,1.0,0.7532986111111111,0.4469791666666667,23,0.3139583333333333,0.19036458333333334,9829.882454037013,101.73061627906976,148.699,"{'family': 'd_cheap', 'alpha': 0.4, 'beta': 0.2, 'gamma': 0.4}"
tune,bimodal,homog,med,d_cheap_a0.4_b0.4_g0.2,8,172,172,0,1.0,0.7532986111111111,0.4469791666666667,23,0.3139583333333333,0.19036458333333334,9802.162721828072,102.01830232558139,151.784,"{'family': 'd_cheap', 'alpha': 0.4, 'beta': 0.4, 'gamma': 0.2}"
tune,bimodal,homog,med,d_cheap_a0.4_b0.6_g0.0,8,172,172,0,1.0,0.7532986111111111,0.4469791666666667,25,0.3063194444444444,0.11692708333333333,11869.553332836009,84.24916860465116,118.792,"{'family': 'd_cheap', 'alpha': 0.4, 'beta': 0.6, 'gamma': 0.0}"
tune,bimodal,homog,med,d_cheap_a0.6_b0.0_g0.4,8,172,172,0,1.0,0.7532986111111111,0.4469791666666667,23,0.3082638888888889,0.19036458333333334,11193.161030671474,89.34026744186046,127.489,"{'family': 'd_cheap', 'alpha': 0.6, 'beta': 0.0, 'gamma': 0.4}"
tune,bimodal,homog,med,d_cheap_a0.6_b0.2_g0.2,8,172,172,0,1.0,0.7532986111111111,0.4469791666666667,23,0.3139583333333333,0.20481770833333332,9851.902422405243,101.50323837209302,150.522,"{'family': 'd_cheap', 'alpha': 0.6, 'beta': 0.2, 'gamma': 0.2}"
tune,bimodal,homog,med,d_cheap_a0.6_b0.4_g0.0,8,172,172,0,1.0,0.7532986111111111,0.4469791666666667,23,0.3082638888888889,0.187109375,12798.748460987703,78.13263953488372,113.332,"{'family': 'd_cheap', 'alpha': 0.6, 'beta': 0.4, 'gamma': 0.0}"
tune,bimodal,homog,med,d_cheap_a0.8_b0.0_g0.2,8,172,172,0,1.0,0.7532986111111111,0.4469791666666667,23,0.3082638888888889,0.19036458333333334,11397.483939155989,87.73866279069767,124.804,"{'family': 'd_cheap', 'alpha': 0.8, 'beta': 0.0, 'gamma': 0.2}"
tune,bimodal,homog,med,d_cheap_a0.8_b0.2_g0.0,8,172,172,0,1.0,0.7532986111111111,0.4469791666666667,23,0.3082638888888889,0.187109375,13164.382263658392,75.9625465116279,112.29,"{'family': 'd_cheap', 'alpha': 0.8, 'beta': 0.2, 'gamma': 0.0}"
tune,bimodal,homog,med,d_capacity_a0.0_b0.4_g0.6,8,172,172,0,1.0,0.7532986111111111,0.4469791666666667,23,0.3139583333333333,0.19036458333333334,7238.781214824048,138.1448023255814,209.161,"{'family': 'd_capacity', 'alpha': 0.0, 'beta': 0.4, 'gamma': 0.6}"
tune,bimodal,homog,med,d_capacity_a0.0_b0.6_g0.4,8,172,172,0,1.0,0.7532986111111111,0.4469791666666667,27,0.3063194444444444,0.10052083333333334,6399.631381232441,156.259,214.532,"{'family': 'd_capacity', 'alpha': 0.0, 'beta': 0.6, 'gamma': 0.4}"
tune,bimodal,homog,med,d_capacity_a0.0_b0.8_g0.2,8,172,172,0,1.0,0.7532986111111111,0.4469791666666667,30,0.3082638888888889,0.03359375,5870.3458353838305,170.3477151162791,224.581,"{'family': 'd_capacity', 'alpha': 0.0, 'beta': 0.8, 'gamma': 0.2}"
tune,bimodal,homog,med,d_capacity_a0.0_b1.0_g0.0,8,172,172,0,1.0,0.7532986111111111,0.4469791666666667,30,0.3063194444444444,0.014322916666666666,9658.89879681007,103.53147093023256,130.655,"{'family': 'd_capacity', 'alpha': 0.0, 'beta': 1.0, 'gamma': 0.0}"
tune,bimodal,homog,med,d_capacity_a0.2_b0.2_g0.6,8,172,172,0,1.0,0.7532986111111111,0.4469791666666667,23,0.3082638888888889,0.187109375,7323.60199782753,136.54483139534884,201.827,"{'family': 'd_capacity', 'alpha': 0.2, 'beta': 0.2, 'gamma': 0.6}"
tune,bimodal,homog,med,d_capacity_a0.2_b0.4_g0.4,8,172,172,0,1.0,0.7532986111111111,0.4469791666666667,23,0.3139583333333333,0.19036458333333334,7261.984755320724,137.7034011627907,207.368,"{'family': 'd_capacity', 'alpha': 0.2, 'beta': 0.4, 'gamma': 0.4}"
tune,bimodal,homog,med,d_capacity_a0.2_b0.6_g0.2,8,172,172,0,1.0,0.7532986111111111,0.4469791666666667,26,0.3063194444444444,0.08671875,6349.780149937506,157.48576744186045,210.264,"{'family': 'd_capacity', 'alpha': 0.2, 'beta': 0.6, 'gamma': 0.2}"
tune,bimodal,homog,med,d_capacity_a0.2_b0.8_g0.0,8,172,172,0,1.0,0.7532986111111111,0.4469791666666667,30,0.3088194444444444,0.0421875,10987.279221962652,91.01434302325582,116.909,"{'family': 'd_capacity', 'alpha': 0.2, 'beta': 0.8, 'gamma': 0.0}"
tune,bimodal,homog,med,d_capacity_a0.4_b0.0_g0.6,8,172,172,0,1.0,0.7532986111111111,0.4469791666666667,23,0.3082638888888889,0.19036458333333334,8076.804399191174,123.81134302325582,181.64,"{'family': 'd_capacity', 'alpha': 0.4, 'beta': 0.0, 'gamma': 0.6}"
tune,bimodal,homog,med,d_capacity_a0.4_b0.2_g0.4,8,172,172,0,1.0,0.7532986111111111,0.4469791666666667,23,0.3139583333333333,0.20481770833333332,7275.7197008680905,137.4434476744186,207.077,"{'family': 'd_capacity', 'alpha': 0.4, 'beta': 0.2, 'gamma': 0.4}"
tune,bimodal,homog,med,d_capacity_a0.4_b0.4_g0.2,8,172,172,0,1.0,0.7532986111111111,0.4469791666666667,23,0.3139583333333333,0.19036458333333334,7276.872782536961,137.4216686046512,201.057,"{'family': 'd_capacity', 'alpha': 0.4, 'beta': 0.4, 'gamma': 0.2}"
tune,bimodal,homog,med,d_capacity_a0.4_b0.6_g0.0,8,172,172,0,1.0,0.7532986111111111,0.4469791666666667,25,0.3063194444444444,0.11692708333333333,11875.332483418548,84.20816860465116,113.412,"{'family': 'd_capacity', 'alpha': 0.4, 'beta': 0.6, 'gamma': 0.0}"
tune,bimodal,homog,med,d_capacity_a0.6_b0.0_g0.4,8,172,172,0,1.0,0.7532986111111111,0.4469791666666667,23,0.3082638888888889,0.19036458333333334,8086.92960346587,123.65632558139535,183.624,"{'family': 'd_capacity', 'alpha': 0.6, 'beta': 0.0, 'gamma': 0.4}"
tune,bimodal,homog,med,d_capacity_a0.6_b0.2_g0.2,8,172,172,0,1.0,0.7532986111111111,0.4469791666666667,23,0.3139583333333333,0.20481770833333332,7357.937162959956,135.9076569767442,201.156,"{'family': 'd_capacity', 'alpha': 0.6, 'beta': 0.2, 'gamma': 0.2}"
tune,bimodal,homog,med,d_capacity_a0.6_b0.4_g0.0,8,172,172,0,1.0,0.7532986111111111,0.4469791666666667,23,0.3082638888888889,0.187109375,13114.460110463402,76.2517093023256,109.766,"{'family': 'd_capacity', 'alpha': 0.6, 'beta': 0.4, 'gamma': 0.0}"
tune,bimodal,homog,med,d_capacity_a0.8_b0.0_g0.2,8,172,172,0,1.0,0.7532986111111111,0.4469791666666667,23,0.3082638888888889,0.19036458333333334,8108.269916762952,123.33087209302325,181.209,"{'family': 'd_capacity', 'alpha': 0.8, 'beta': 0.0, 'gamma': 0.2}"
tune,bimodal,homog,med,d_capacity_a0.8_b0.2_g0.0,8,172,172,0,1.0,0.7532986111111111,0.4469791666666667,23,0.3082638888888889,0.187109375,13136.624098403701,76.12305813953489,110.387,"{'family': 'd_capacity', 'alpha': 0.8, 'beta': 0.2, 'gamma': 0.0}"
tune,bimodal,homog,med,binpack,9,172,172,0,1.0,0.7532986111111111,0.4469791666666667,24,0.32437499999999997,0.178515625,17441.441879944065,57.33470930232558,87.794,{}
tune,bimodal,homog,med,hybrid_a0.1,9,172,172,0,1.0,0.7532986111111111,0.4469791666666667,30,0.3082638888888889,0.011848958333333333,10569.373372577662,94.61298837209303,130.414,"{'family': 'hybrid', 'alpha': 0.1}"
tune,bimodal,homog,med,hybrid_a0.2,9,172,172,0,1.0,0.7532986111111111,0.4469791666666667,30,0.30895833333333333,0.027083333333333334,10589.965109143444,94.42901744186045,126.397,"{'family': 'hybrid', 'alpha': 0.2}"
tune,bimodal,homog,med,hybrid_a0.3,9,172,172,0,1.0,0.7532986111111111,0.4469791666666667,30,0.3082638888888889,0.07955729166666667,11607.934455123219,86.14797093023256,112.02,"{'family': 'hybrid', 'alpha': 0.3}"
tune,bimodal,homog,med,hybrid_a0.4,9,172,172,0,1.0,0.7532986111111111,0.4469791666666667,25,0.3063194444444444,0.11028645833333334,11884.587389927647,84.14259302325581,114.464,"{'family': 'hybrid', 'alpha': 0.4}"
tune,bimodal,homog,med,hybrid_a0.5,9,172,172,0,1.0,0.7532986111111111,0.4469791666666667,24,0.3082638888888889,0.12213541666666666,12852.846120794336,77.80377906976743,111.188,"{'family': 'hybrid', 'alpha': 0.5}"
tune,bimodal,homog,med,hybrid_a0.6,9,172,172,0,1.0,0.7532986111111111,0.4469791666666667,23,0.3082638888888889,0.15559895833333334,12870.312372208837,77.69819186046512,113.712,"{'family': 'hybrid', 'alpha': 0.6}"
tune,bimodal,homog,med,hybrid_a0.7,9,172,172,0,1.0,0.7532986111111111,0.4469791666666667,23,0.3082638888888889,0.15559895833333334,12879.851725948805,77.64064534883721,109.715,"{'family': 'hybrid', 'alpha': 0.7}"
tune,bimodal,homog,med,hybrid_a0.8,9,172,172,0,1.0,0.7532986111111111,0.4469791666666667,23,0.3082638888888889,0.15559895833333334,12847.801950236579,77.83432558139535,113.933,"{'family': 'hybrid', 'alpha': 0.8}"
tune,bimodal,homog,med,hybrid_a0.9,9,172,172,0,1.0,0.7532986111111111,0.4469791666666667,23,0.3082638888888889,0.15559895833333334,12847.140760519362,77.83833139534885,116.879,"{'family': 'hybrid', 'alpha': 0.9}"
tune,bimodal,homog,med,balance_l0.05,9,172,172,0,1.0,0.7532986111111111,0.4469791666666667,24,0.32437499999999997,0.178515625,15367.393732015347,65.07284302325581,95.769,"{'family': 'balance', 'lam': 0.05}"
tune,bimodal,homog,med,balance_l0.1,9,172,172,0,1.0,0.7532986111111111,0.4469791666666667,24,0.32437499999999997,0.178515625,15425.768243616645,64.82659302325581,100.569,"{'family': 'balance', 'lam': 0.1}"
tune,bimodal,homog,med,balance_l0.2,9,172,172,0,1.0,0.7532986111111111,0.4469791666666667,24,0.32437499999999997,0.178515625,15385.131433299417,64.99781976744187,94.357,"{'family': 'balance', 'lam': 0.2}"
tune,bimodal,homog,med,balance_l0.4,9,172,172,0,1.0,0.7532986111111111,0.4469791666666667,24,0.32437499999999997,0.178515625,15335.064471909862,65.21002906976744,94.126,"{'family': 'balance', 'lam': 0.4}"
tune,bimodal,homog,med,balance_l0.8,9,172,172,0,1.0,0.7532986111111111,0.4469791666666667,27,0.3270138888888889,0.0984375,14195.819611739382,70.44327325581395,95.509,"{'family': 'balance', 'lam': 0.8}"
tune,bimodal,homog,med,wmatch_l0.05,9,172,172,0,1.0,0.7532986111111111,0.4469791666666667,24,0.32437499999999997,0.178515625,10638.064292873332,94.00206395348836,139.761,"{'family': 'wmatch', 'lam': 0.05}"
tune,bimodal,homog,med,wmatch_l0.1,9,172,172,0,1.0,0.7532986111111111,0.4469791666666667,24,0.32437499999999997,0.178515625,10664.47491039671,93.76926744186046,137.808,"{'family': 'wmatch', 'lam': 0.1}"
tune,bimodal,homog,med,wmatch_l0.2,9,172,172,0,1.0,0.7532986111111111,0.4469791666666667,24,0.32437499999999997,0.178515625,10691.831092938866,93.5293488372093,136.816,"{'family': 'wmatch', 'lam': 0.2}"
tune,bimodal,homog,med,wmatch_l0.4,9,172,172,0,1.0,0.7532986111111111,0.4469791666666667,24,0.32437499999999997,0.178515625,10554.747721892707,94.74409302325581,137.187,"{'family': 'wmatch', 'lam': 0.4}"
tune,bimodal,homog,med,wmatch_l0.8,9,172,172,0,1.0,0.7532986111111111,0.4469791666666667,24,0.32437499999999997,0.178515625,10330.9415001428,96.7965988372093,137.928,"{'family': 'wmatch', 'lam': 0.8}"
tune,bimodal,homog,med,d_cheap_a0.0_b0.4_g0.6,9,172,172,0,1.0,0.7532986111111111,0.4469791666666667,23,0.3082638888888889,0.15559895833333334,9868.428601919064,101.33325581395349,143.969,"{'family': 'd_cheap', 'alpha': 0.0, 'beta': 0.4, 'gamma': 0.6}"
tune,bimodal,homog,med,d_cheap_a0.0_b0.6_g0.4,9,172,172,0,1.0,0.7532986111111111,0.4469791666666667,26,0.3065972222222222,0.0609375,8939.635526901598,111.86138372093023,152.145,"{'family': 'd_cheap', 'alpha': 0.0, 'beta': 0.6, 'gamma': 0.4}"
tune,bimodal,homog,med,d_cheap_a0.0_b0.8_g0.2,9,172,172,0,1.0,0.7532986111111111,0.4469791666666667,30,0.31048611111111113,0.013932291666666667,8065.583699492858,123.98358720930231,156.132,"{'family': 'd_cheap', 'alpha': 0.0, 'beta': 0.8, 'gamma': 0.2}"
tune,bimodal,homog,med,d_cheap_a0.0_b1.0_g0.0,9,172,172,0,1.0,0.7532986111111111,0.4469791666666667,30,0.3063194444444444,0.00013020833333333333,9539.28894805713,104.82961627906977,133.4,"{'family': 'd_cheap', 'alpha': 0.0, 'beta': 1.0, 'gamma': 0.0}"
tune,bimodal,homog,med,d_cheap_a0.2_b0.2_g0.6,9,172,172,0,1.0,0.7532986111111111,0.4469791666666667,23,0.3082638888888889,0.15559895833333334,9908.80272109549,100.92036627906977,142.637,"{'family': 'd_cheap', 'alpha': 0.2, 'beta': 0.2, 'gamma': 0.6}"
tune,bimodal,homog,med,d_cheap_a0.2_b0.4_g0.4,9,172,172,0,1.0,0.7532986111111111,0.4469791666666667,23,0.3082638888888889,0.15559895833333334,9902.436246877636,100.98525,148.308,"{'family': 'd_cheap', 'alpha': 0.2, 'beta': 0.4, 'gamma': 0.4}"
tune,bimodal,homog,med,d_cheap_a0.2_b0.6_g0.2,9,172,172,0,1.0,0.7532986111111111,0.4469791666666667,25,0.3063194444444444,0.10833333333333334,9012.253363574682,110.96004069767442,164.217,"{'family': 'd_cheap', 'alpha': 0.2, 'beta': 0.6, 'gamma': 0.2}"
tune,bimodal,homog,med,d_cheap_a0.2_b0.8_g0.0,9,172,172,0,1.0,0.7532986111111111,0.4469791666666667,30,0.30895833333333333,0.027083333333333334,10720.83330294725,93.27633139534883,125.715,"{'family': 'd_cheap', 'alpha': 0.2, 'beta': 0.8, 'gamma': 0.0}"
tune,bimodal,homog,med,d_cheap_a0.4_b0.0_g0.6,9,172,172,0,1.0,0.7532986111111111,0.4469791666666667,24,0.32437499999999997,0.178515625,11440.324937154703,87.4101046511628,128.01,"{'family': 'd_cheap', 'alpha': 0.4, 'beta': 0.0, 'gamma': 0.6}"
tune,bimodal,homog,med,d_cheap_a0.4_b0.2_g0.4,9,172,172,0,1.0,0.7532986111111111,0.4469791666666667,23,0.3082638888888889,0.15559895833333334,9965.050482250506,100.35072093023257,143.809,"{'family': 'd_cheap', 'alpha': 0.4, 'beta': 0.2, 'gamma': 0.4}"
tune,bimodal,homog,med,d_cheap_a0.4_b0.4_g0.2,9,172,172,0,1.0,0.7532986111111111,0.4469791666666667,23,0.3082638888888889,0.15559895833333334,9993.443836032222,100.0656046511628,143.358,"{'family': 'd_cheap', 'alpha': 0.4, 'beta': 0.4, 'gamma': 0.2}"
tune,bimodal,homog,med,d_cheap_a0.4_b0.6_g0.0,9,172,172,0,1.0,0.7532986111111111,0.4469791666666667,25,0.3063194444444444,0.11028645833333334,12132.142163877592,82.42567441860466,111.098,"{'family': 'd_cheap', 'alpha': 0.4, 'beta': 0.6, 'gamma': 0.0}"
tune,bimodal,homog,med,d_cheap_a0.6_b0.0_g0.4,9,172,172,0,1.0,0.7532986111111111,0.4469791666666667,24,0.32437499999999997,0.178515625,11225.939124864946,89.07940697674418,130.995,"{'family': 'd_cheap', 'alpha': 0.6, 'beta': 0.0, 'gamma': 0.4}"
tune,bimodal,homog,med,d_cheap_a0.6_b0.2_g0.2,9,172,172,0,1.0,0.7532986111111111,0.4469791666666667,23,0.3082638888888889,0.15559895833333334,9964.416027577796,100.35711046511628,142.958,"{'family': 'd_cheap', 'alpha': 0.6, 'beta': 0.2, 'gamma': 0.2}"
tune,bimodal,homog,med,d_cheap_a0.6_b0.4_g0.0,9,172,172,0,1.0,0.7532986111111111,0.4469791666666667,23,0.3082638888888889,0.15559895833333334,12983.706278973197,77.01961046511627,108.763,"{'family': 'd_cheap', 'alpha': 0.6, 'beta': 0.4, 'gamma': 0.0}"
tune,bimodal,homog,med,d_cheap_a0.8_b0.0_g0.2,9,172,172,0,1.0,0.7532986111111111,0.4469791666666667,24,0.32437499999999997,0.178515625,11506.760054282471,86.90543604651164,121.207,"{'family': 'd_cheap', 'alpha': 0.8, 'beta': 0.0, 'gamma': 0.2}"
tune,bimodal,homog,med,d_cheap_a0.8_b0.2_g0.0,9,172,172,0,1.0,0.7532986111111111,0.4469791666666667,23,0.3082638888888889,0.15559895833333334,12947.218181025746,77.23666860465116,110.456,"{'family': 'd_cheap', 'alpha': 0.8, 'beta': 0.2, 'gamma': 0.0}"
tune,bimodal,homog,med,d_capacity_a0.0_b0.4_g0.6,9,172,172,0,1.0,0.7532986111111111,0.4469791666666667,23,0.3082638888888889,0.15559895833333334,7284.19749678553,137.28348255813955,202.759,"{'family': 'd_capacity', 'alpha': 0.0, 'beta': 0.4, 'gamma': 0.6}"
tune,bimodal,homog,med,d_capacity_a0.0_b0.6_g0.4,9,172,172,0,1.0,0.7532986111111111,0.4469791666666667,27,0.3063194444444444,0.08151041666666667,6444.797276278792,155.16391860465117,210.754,"{'family': 'd_capacity', 'alpha': 0.0, 'beta': 0.6, 'gamma': 0.4}"
tune,bimodal,homog,med,d_capacity_a0.0_b0.8_g0.2,9,172,172,0,1.0,0.7532986111111111,0.4469791666666667,30,0.30895833333333333,0.017838541666666666,5921.553870819925,168.8745930232558,211.897,"{'family': 'd_capacity', 'alpha': 0.0, 'beta': 0.8, 'gamma': 0.2}"
tune,bimodal,homog,med,d_capacity_a0.0_b1.0_g0.0,9,172,172,0,1.0,0.7532986111111111,0.4469791666666667,30,0.3063194444444444,0.00013020833333333333,9551.949694545865,104.69066860465117,128.771,"{'family': 'd_capacity', 'alpha': 0.0, 'beta': 1.0, 'gamma': 0.0}"
tune,bimodal,homog,med,d_capacity_a0.2_b0.2_g0.6,9,172,172,0,1.0,0.7532986111111111,0.4469791666666667,23,0.3082638888888889,0.15559895833333334,7325.686877910231,136.50597093023254,199.313,"{'family': 'd_capacity', 'alpha': 0.2, 'beta': 0.2, 'gamma': 0.6}"
tune,bimodal,homog,med,d_capacity_a0.2_b0.4_g0.4,9,172,172,0,1.0,0.7532986111111111,0.4469791666666667,23,0.3082638888888889,0.15559895833333334,7388.14287259414,135.35201162790696,196.838,"{'family': 'd_capacity', 'alpha': 0.2, 'beta': 0.4, 'gamma': 0.4}"
tune,bimodal,homog,med,d_capacity_a0.2_b0.6_g0.2,9,172,172,0,1.0,0.7532986111111111,0.4469791666666667,25,0.3063194444444444,0.10833333333333334,6773.270861723478,147.63915697674418,209.762,"{'family': 'd_capacity', 'alpha': 0.2, 'beta': 0.6, 'gamma': 0.2}"
tune,bimodal,homog,med,d_capacity_a0.2_b0.8_g0.0,9,172,172,0,1.0,0.7532986111111111,0.4469791666666667,30,0.30895833333333333,0.027083333333333334,10809.189772042986,92.51387209302325,120.766,"{'family': 'd_capacity', 'alpha': 0.2, 'beta': 0.8, 'gamma': 0.0}"
tune,bimodal,homog,med,d_capacity_a0.4_b0.0_g0.6,9,172,172,0,1.0,0.7532986111111111,0.4469791666666667,24,0.32437499999999997,0.178515625,8279.989182097856,120.7731046511628,175.979,"{'family': 'd_capacity', 'alpha': 0.4, 'beta': 0.0, 'gamma': 0.6}"
tune,bimodal,homog,med,d_capacity_a0.4_b0.2_g0.4,9,172,172,0,1.0,0.7532986111111111,0.4469791666666667,23,0.3082638888888889,0.15559895833333334,7377.084476709943,135.55490697674418,194.875,"{'family': 'd_capacity', 'alpha': 0.4, 'beta': 0.2, 'gamma': 0.4}"
tune,bimodal,homog,med,d_capacity_a0.4_b0.4_g0.2,9,172,172,0,1.0,0.7532986111111111,0.4469791666666667,23,0.3082638888888889,0.15559895833333334,7365.679973880957,135.7647906976744,199.493,"{'family': 'd_capacity', 'alpha': 0.4, 'beta': 0.4, 'gamma': 0.2}"
tune,bimodal,homog,med,d_capacity_a0.4_b0.6_g0.0,9,172,172,0,1.0,0.7532986111111111,0.4469791666666667,25,0.3063194444444444,0.11028645833333334,12046.724481605632,83.01011627906978,114.895,"{'family': 'd_capacity', 'alpha': 0.4, 'beta': 0.6, 'gamma': 0.0}"
tune,bimodal,homog,med,d_capacity_a0.6_b0.0_g0.4,9,172,172,0,1.0,0.7532986111111111,0.4469791666666667,24,0.32437499999999997,0.178515625,8175.823557361674,122.31183720930233,176.44,"{'family': 'd_capacity', 'alpha': 0.6, 'beta': 0.0, 'gamma': 0.4}"
tune,bimodal,homog,med,d_capacity_a0.6_b0.2_g0.2,9,172,172,0,1.0,0.7532986111111111,0.4469791666666667,23,0.3082638888888889,0.15559895833333334,7375.36364401967,135.58653488372093,195.365,"{'family': 'd_capacity', 'alpha': 0.6, 'beta': 0.2, 'gamma': 0.2}"
tune,bimodal,homog,med,d_capacity_a0.6_b0.4_g0.0,9,172,172,0,1.0,0.7532986111111111,0.4469791666666667,23,0.3082638888888889,0.15559895833333334,12993.40176927828,76.96213953488372,112.571,"{'family': 'd_capacity', 'alpha': 0.6, 'beta': 0.4, 'gamma': 0.0}"
tune,bimodal,homog,med,d_capacity_a0.8_b0.0_g0.2,9,172,172,0,1.0,0.7532986111111111,0.4469791666666667,24,0.32437499999999997,0.178515625,8180.0808658063925,122.24818023255814,182.421,"{'family': 'd_capacity', 'alpha': 0.8, 'beta': 0.0, 'gamma': 0.2}"
tune,bimodal,homog,med,d_capacity_a0.8_b0.2_g0.0,9,172,172,0,1.0,0.7532986111111111,0.4469791666666667,23,0.3082638888888889,0.15559895833333334,12860.268842424772,77.75887209302326,115.476,"{'family': 'd_capacity', 'alpha': 0.8, 'beta': 0.2, 'gamma': 0.0}"
