split,family,cluster_config,load,policy,seed,submitted,placed,rejected,admission_rate,mean_cpu_util,mean_ram_util,active_nodes,free_imbalance,stranded_frac,decisions_per_sec,mean_latency_us,p95_latency_us,params
tune,bimodal,hetero,med,binpack,0,173,173,0,1.0,0.7832216514901452,0.5657503325781085,27,0.37860658516814877,0.22584999114341303,18390.1790066008,54.376849710982654,104.666,{}
tune,bimodal,hetero,med,hybrid_a0.1,0,173,173,0,1.0,0.7713387772398546,0.5629954047185178,30,0.21856177297737495,0.03218935276358215,10847.009761556392,92.19130635838151,139.351,"{'family': 'hybrid', 'alpha': 0.1}"
tune,bimodal,hetero,med,hybrid_a0.2,0,173,173,0,1.0,0.7679567005899567,0.5570931375909269,30,0.21286946361152081,0.045953979196811864,11395.920563451202,87.75069942196531,124.884,"{'family': 'hybrid', 'alpha': 0.2}"
tune,bimodal,hetero,med,hybrid_a0.3,0,173,173,0,1.0,0.7616385435714615,0.5701134906441729,29,0.19321522065865093,0.05424558785864166,11875.899187482555,84.20415028901735,125.535,"{'family': 'hybrid', 'alpha': 0.3}"
tune,bimodal,hetero,med,hybrid_a0.4,0,173,173,0,1.0,0.7769136929239839,0.568084283784413,26,0.230835985677039,0.11109979215399904,12837.36864515005,77.89758381502891,121.257,"{'family': 'hybrid', 'alpha': 0.4}"
tune,bimodal,hetero,med,hybrid_a0.5,0,173,173,0,1.0,0.7804081931299168,0.5615819364927274,25,0.26302773477100433,0.15059209321585185,13387.220636563114,74.69810404624278,115.907,"{'family': 'hybrid', 'alpha': 0.5}"
tune,bimodal,hetero,med,hybrid_a0.6,0,173,173,0,1.0,0.7861786348580083,0.5646227827884237,25,0.2565558628568969,0.1664906812204394,13585.069113842801,73.61022543352601,120.826,"{'family': 'hybrid', 'alpha': 0.6}"
tune,bimodal,hetero,med,hybrid_a0.7,0,173,173,0,1.0,0.7857791545446985,0.5621420998132863,25,0.2778589549787327,0.16125811382566557,13737.171228995627,72.79519075144509,116.418,"{'family': 'hybrid', 'alpha': 0.7}"
tune,bimodal,hetero,med,hybrid_a0.8,0,173,173,0,1.0,0.7820336831190982,0.5664951292642512,27,0.3734762892830333,0.21729623370449572,14535.392967709668,68.79758959537573,114.084,"{'family': 'hybrid', 'alpha': 0.8}"
tune,bimodal,hetero,med,hybrid_a0.9,0,173,173,0,1.0,0.7806057435563477,0.5620818639243649,26,0.3712086398133187,0.2361881895922416,14324.364045846245,69.81112716763005,113.542,"{'family': 'hybrid', 'alpha': 0.9}"
tune,bimodal,hetero,med,balance_l0.05,0,173,173,0,1.0,0.7832594214221146,0.5581066611466897,27,0.3933187466765834,0.231219929406069,17336.168448233548,57.68287283236994,98.885,"{'family': 'balance', 'lam': 0.05}"
tune,bimodal,hetero,med,balance_l0.1,0,173,173,0,1.0,0.7845200848258844,0.5504753775229462,27,0.3963797818417131,0.23457614082022898,17540.858794363037,57.0097514450867,98.113,"{'family': 'balance', 'lam': 0.1}"
tune,bimodal,hetero,med,balance_l0.2,0,173,173,0,1.0,0.7820751412037911,0.5593684146804333,27,0.3985447526079866,0.23937200876850295,17777.684607638796,56.250294797687864,99.456,"{'family': 'balance', 'lam': 0.2}"
tune,bimodal,hetero,med,balance_l0.4,0,173,173,0,1.0,0.7872745634425055,0.5676163656444916,25,0.2704522769839623,0.16175526807271629,15946.794855545546,62.70852601156069,102.041,"{'family': 'balance', 'lam': 0.4}"
tune,bimodal,hetero,med,balance_l0.8,0,173,173,0,1.0,0.7607240686589879,0.5713233849509629,25,0.20700294800753274,0.12874818963549156,14504.599592982491,68.94364739884392,109.836,"{'family': 'balance', 'lam': 0.8}"
tune,bimodal,hetero,med,wmatch_l0.05,0,173,173,0,1.0,0.7832216514901452,0.5657503325781085,27,0.37860658516814877,0.22584999114341303,12041.342313158562,83.04721965317918,143.769,"{'family': 'wmatch', 'lam': 0.05}"
tune,bimodal,hetero,med,wmatch_l0.1,0,173,173,0,1.0,0.7832216514901452,0.5657503325781085,27,0.37860658516814877,0.22584999114341303,11819.23269268082,84.6078612716763,151.123,"{'family': 'wmatch', 'lam': 0.1}"
tune,bimodal,hetero,med,wmatch_l0.2,0,173,173,0,1.0,0.7832216514901452,0.5657503325781085,27,0.37860658516814877,0.22584999114341303,12335.59345648819,81.06622543352601,138.309,"{'family': 'wmatch', 'lam': 0.2}"
tune,bimodal,hetero,med,wmatch_l0.4,0,173,173,0,1.0,0.7832216514901452,0.5657503325781085,27,0.37860658516814877,0.22584999114341303,12478.029111891065,80.1408612716763,138.348,"{'family': 'wmatch', 'lam': 0.4}"
tune,bimodal,hetero,med,wmatch_l0.8,0,173,173,0,1.0,0.7832216514901452,0.5657503325781085,27,0.37860658516814877,0.22584999114341303,12442.620102210729,80.36892485549133,138.89,"{'family': 'wmatch', 'lam': 0.8}"
tune,bimodal,hetero,med,d_cheap_a0.0_b0.4_g0.6,0,173,173,0,1.0,0.7853271173228755,0.5734926012752737,25,0.24337720246904684,0.15059209321585185,10223.238899364918,97.81635838150288,150.542,"{'family': 'd_cheap', 'alpha': 0.0, 'beta': 0.4, 'gamma': 0.6}"
tune,bimodal,hetero,med,d_cheap_a0.0_b0.6_g0.4,0,173,173,0,1.0,0.7820380503566441,0.5523473797371846,26,0.23608284599496412,0.13561046939989505,9944.369587036772,100.5594161849711,156.192,"{'family': 'd_cheap', 'alpha': 0.0, 'beta': 0.6, 'gamma': 0.4}"
tune,bimodal,hetero,med,d_cheap_a0.0_b0.8_g0.2,0,173,173,0,1.0,0.7516626493288494,0.54358846149142,30,0.21183140242408066,0.028170040372733095,8606.934343319765,116.18538728323699,158.306,"{'family': 'd_cheap', 'alpha': 0.0, 'beta': 0.8, 'gamma': 0.2}"
tune,bimodal,hetero,med,d_cheap_a0.0_b1.0_g0.0,0,173,173,0,1.0,0.7695789465577658,0.5285223857987291,30,0.24105656075903664,0.02250717072404599,9908.367645113198,100.92479768786127,144.982,"{'family': 'd_cheap', 'alpha': 0.0, 'beta': 1.0, 'gamma': 0.0}"
tune,bimodal,hetero,med,d_cheap_a0.2_b0.2_g0.6,0,173,173,0,1.0,0.7823557651771403,0.5575355425146511,27,0.3994986313142592,0.2337675276695149,11464.666857656088,87.22451445086705,147.135,"{'family': 'd_cheap', 'alpha': 0.2, 'beta': 0.2, 'gamma': 0.6}"
tune,bimodal,hetero,med,d_cheap_a0.2_b0.4_g0.4,0,173,173,0,1.0,0.7894270239222246,0.5661142028417799,26,0.2859037869005125,0.17266923263380948,9984.000783022675,100.1602485549133,165.85,"{'family': 'd_cheap', 'alpha': 0.2, 'beta': 0.4, 'gamma': 0.4}"
tune,bimodal,hetero,med,d_cheap_a0.2_b0.6_g0.2,0,173,173,0,1.0,0.7772118369484347,0.5691243906660993,26,0.2186014915920517,0.11156217342565551,10293.74357570736,97.14638728323699,147.897,"{'family': 'd_cheap', 'alpha': 0.2, 'beta': 0.6, 'gamma': 0.2}"
tune,bimodal,hetero,med,d_cheap_a0.2_b0.8_g0.0,0,173,173,0,1.0,0.7679567005899567,0.5570931375909269,30,0.21286946361152081,0.045953979196811864,11943.314681281601,83.72884971098266,116.457,"{'family': 'd_cheap', 'alpha': 0.2, 'beta': 0.8, 'gamma': 0.0}"
tune,bimodal,hetero,med,d_cheap_a0.4_b0.0_g0.6,0,173,173,0,1.0,0.7832216514901452,0.5657503325781085,27,0.37860658516814877,0.22584999114341303,13667.872283609138,73.1642774566474,120.806,"{'family': 'd_cheap', 'alpha': 0.4, 'beta': 0.0, 'gamma': 0.6}"
tune,bimodal,hetero,med,d_cheap_a0.4_b0.2_g0.4,0,173,173,0,1.0,0.7821598974230954,0.568330626033127,27,0.39051851191766845,0.22287503297832723,11862.113151120306,84.30201156069364,141.696,"{'family': 'd_cheap', 'alpha': 0.4, 'beta': 0.2, 'gamma': 0.4}"
tune,bimodal,hetero,med,d_cheap_a0.4_b0.4_g0.2,0,173,173,0,1.0,0.7861786348580083,0.5646227827884237,25,0.2565558628568969,0.1664906812204394,10403.110301472516,96.12509826589596,156.443,"{'family': 'd_cheap', 'alpha': 0.4, 'beta': 0.4, 'gamma': 0.2}"
tune,bimodal,hetero,med,d_cheap_a0.4_b0.6_g0.0,0,173,173,0,1.0,0.7769136929239839,0.568084283784413,26,0.230835985677039,0.11109979215399904,13405.084370283765,74.59856069364162,112.441,"{'family': 'd_cheap', 'alpha': 0.4, 'beta': 0.6, 'gamma': 0.0}"
tune,bimodal,hetero,med,d_cheap_a0.6_b0.0_g0.4,0,173,173,0,1.0,0.7832216514901452,0.5657503325781085,27,0.37860658516814877,0.22584999114341303,13783.87097468142,72.54856069364162,123.311,"{'family': 'd_cheap', 'alpha': 0.6, 'beta': 0.0, 'gamma': 0.4}"
tune,bimodal,hetero,med,d_cheap_a0.6_b0.2_g0.2,0,173,173,0,1.0,0.7821598974230954,0.568330626033127,27,0.39051851191766845,0.22287503297832723,11873.938037535921,84.21805780346821,140.383,"{'family': 'd_cheap', 'alpha': 0.6, 'beta': 0.2, 'gamma': 0.2}"
tune,bimodal,hetero,med,d_cheap_a0.6_b0.4_g0.0,0,173,173,0,1.0,0.7861786348580083,0.5646227827884237,25,0.2565558628568969,0.1664906812204394,14213.776846989926,70.3542774566474,110.788,"{'family': 'd_cheap', 'alpha': 0.6, 'beta': 0.4, 'gamma': 0.0}"
tune,bimodal,hetero,med,d_cheap_a0.8_b0.0_g0.2,0,173,173,0,1.0,0.7832216514901452,0.5657503325781085,27,0.37860658516814877,0.22584999114341303,13579.308775506634,73.64145086705203,122.029,"{'family': 'd_cheap', 'alpha': 0.8, 'beta': 0.0, 'gamma': 0.2}"
tune,bimodal,hetero,med,d_cheap_a0.8_b0.2_g0.0,0,173,173,0,1.0,0.7820336831190982,0.5664951292642512,27,0.3734762892830333,0.21729623370449572,15519.173310681917,64.43642196531792,108.172,"{'family': 'd_cheap', 'alpha': 0.8, 'beta': 0.2, 'gamma': 0.0}"
tune,bimodal,hetero,med,d_capacity_a0.0_b0.4_g0.6,0,173,173,0,1.0,0.7837233085779831,0.5666947844664821,25,0.2548071946053589,0.14857836636735583,7791.61492523923,128.34309826589595,211.636,"{'family': 'd_capacity', 'alpha': 0.0, 'beta': 0.4, 'gamma': 0.6}"
tune,bimodal,hetero,med,d_capacity_a0.0_b0.6_g0.4,0,173,173,0,1.0,0.7838172727477859,0.5527184955125684,26,0.23687323779598218,0.11970951562310261,7436.601681084647,134.4700231213873,212.298,"{'family': 'd_capacity', 'alpha': 0.0, 'beta': 0.6, 'gamma': 0.4}"
tune,bimodal,hetero,med,d_capacity_a0.0_b0.8_g0.2,0,173,173,0,1.0,0.7534702580210563,0.5438563643364382,30,0.2133711082712693,0.028170040372733095,6110.475201766654,163.65339306358382,226.604,"{'family': 'd_capacity', 'alpha': 0.0, 'beta': 0.8, 'gamma': 0.2}"
tune,bimodal,hetero,med,d_capacity_a0.0_b1.0_g0.0,0,173,173,0,1.0,0.7695789465577658,0.5285223857987291,30,0.24105656075903664,0.02250717072404599,9941.80538358531,100.58535260115607,143.809,"{'family': 'd_capacity', 'alpha': 0.0, 'beta': 1.0, 'gamma': 0.0}"
tune,bimodal,hetero,med,d_capacity_a0.2_b0.2_g0.6,0,173,173,0,1.0,0.7819585558283714,0.5663053000050838,27,0.37359099125147377,0.21729623370449572,8234.806413267235,121.43576300578034,234.348,"{'family': 'd_capacity', 'alpha': 0.2, 'beta': 0.2, 'gamma': 0.6}"
tune,bimodal,hetero,med,d_capacity_a0.2_b0.4_g0.4,0,173,173,0,1.0,0.7840637573334646,0.5665687121385671,25,0.25576099933508745,0.14857836636735589,7925.913508491746,126.16842196531792,220.803,"{'family': 'd_capacity', 'alpha': 0.2, 'beta': 0.4, 'gamma': 0.4}"
tune,bimodal,hetero,med,d_capacity_a0.2_b0.6_g0.2,0,173,173,0,1.0,0.7820380503566441,0.5523473797371846,26,0.23608284599496412,0.13561046939989505,7713.306818581062,129.64608092485548,200.575,"{'family': 'd_capacity', 'alpha': 0.2, 'beta': 0.6, 'gamma': 0.2}"
tune,bimodal,hetero,med,d_capacity_a0.2_b0.8_g0.0,0,173,173,0,1.0,0.7679567005899567,0.5570931375909269,30,0.21286946361152081,0.045953979196811864,12135.864439728528,82.40039306358382,114.805,"{'family': 'd_capacity', 'alpha': 0.2, 'beta': 0.8, 'gamma': 0.0}"
tune,bimodal,hetero,med,d_capacity_a0.4_b0.0_g0.6,0,173,173,0,1.0,0.7823176402650069,0.5694323872884102,27,0.3970399921142051,0.2483259968806433,9892.13173551962,101.0904450867052,187.601,"{'family': 'd_capacity', 'alpha': 0.4, 'beta': 0.0, 'gamma': 0.6}"
tune,bimodal,hetero,med,d_capacity_a0.4_b0.2_g0.4,0,173,173,0,1.0,0.7819585558283714,0.5663053000050838,27,0.37359099125147377,0.21729623370449572,8968.124021379386,111.50604046242775,196.358,"{'family': 'd_capacity', 'alpha': 0.4, 'beta': 0.2, 'gamma': 0.4}"
tune,bimodal,hetero,med,d_capacity_a0.4_b0.4_g0.2,0,173,173,0,1.0,0.7861786348580083,0.5646227827884237,25,0.2565558628568969,0.1664906812204394,7995.072816858716,125.07703468208092,206.226,"{'family': 'd_capacity', 'alpha': 0.4, 'beta': 0.4, 'gamma': 0.2}"
tune,bimodal,hetero,med,d_capacity_a0.4_b0.6_g0.0,0,173,173,0,1.0,0.7769136929239839,0.568084283784413,26,0.230835985677039,0.11109979215399904,13732.677477591325,72.81901156069364,111.058,"{'family': 'd_capacity', 'alpha': 0.4, 'beta': 0.6, 'gamma': 0.0}"
tune,bimodal,hetero,med,d_capacity_a0.6_b0.0_g0.4,0,173,173,0,1.0,0.7823176402650069,0.5694323872884102,27,0.3970399921142051,0.2483259968806433,9848.831256842945,101.5348901734104,179.957,"{'family': 'd_capacity', 'alpha': 0.6, 'beta': 0.0, 'gamma': 0.4}"
tune,bimodal,hetero,med,d_capacity_a0.6_b0.2_g0.2,0,173,173,0,1.0,0.7821598974230954,0.568330626033127,27,0.39051851191766845,0.22287503297832723,8806.363590318802,113.5542485549133,201.066,"{'family': 'd_capacity', 'alpha': 0.6, 'beta': 0.2, 'gamma': 0.2}"
tune,bimodal,hetero,med,d_capacity_a0.6_b0.4_g0.0,0,173,173,0,1.0,0.7861786348580083,0.5646227827884237,25,0.2565558628568969,0.1664906812204394,14441.76645676853,69.24360693641619,109.185,"{'family': 'd_capacity', 'alpha': 0.6, 'beta': 0.4, 'gamma': 0.0}"
tune,bimodal,hetero,med,d_capacity_a0.8_b0.0_g0.2,0,173,173,0,1.0,0.7832216514901452,0.5657503325781085,27,0.37860658516814877,0.22584999114341303,9806.851508622545,101.96952601156069,185.136,"{'family': 'd_capacity', 'alpha': 0.8, 'beta': 0.0, 'gamma': 0.2}"
tune,bimodal,hetero,med,d_capacity_a0.8_b0.2_g0.0,0,173,173,0,1.0,0.7820336831190982,0.5664951292642512,27,0.3734762892830333,0.21729623370449572,15911.83994491744,62.84628323699422,105.878,"{'family': 'd_capacity', 'alpha': 0.8, 'beta': 0.2, 'gamma': 0.0}"
tune,bimodal,hetero,med,binpack,1,170,170,0,1.0,0.7970085685286568,0.5369418237064423,26,0.3143302496627551,0.23563948586024075,19011.060299392888,52.60095882352942,82.505,{}
tune,bimodal,hetero,med,hybrid_a0.1,1,170,170,0,1.0,0.7680980389609158,0.5157989240887083,30,0.2535140722170731,0.022651970468336863,11747.379107894356,85.1253705882353,117.139,"{'family': 'hybrid', 'alpha': 0.1}"
tune,bimodal,hetero,med,hybrid_a0.2,1,170,170,0,1.0,0.7609421817949007,0.5295280453709699,30,0.23696746109478226,0.030741766019212913,12105.840940074093,82.60475294117647,114.023,"{'family': 'hybrid', 'alpha': 0.2}"
tune,bimodal,hetero,med,hybrid_a0.3,1,170,170,0,1.0,0.7577250864605959,0.5474791937099543,29,0.22177254337867847,0.06882736320075035,12794.948012620936,78.15584705882354,111.298,"{'family': 'hybrid', 'alpha': 0.3}"
tune,bimodal,hetero,med,hybrid_a0.4,1,170,170,0,1.0,0.7735579612680865,0.5433190849090727,26,0.24924308975450968,0.12192656010472683,13116.66455256897,76.23889411764705,110.757,"{'family': 'hybrid', 'alpha': 0.4}"
tune,bimodal,hetero,med,hybrid_a0.5,1,170,170,0,1.0,0.7881075814339631,0.5367785442052144,25,0.2535216771972064,0.14479160541082836,13167.580858241232,75.94409411764707,112.37,"{'family': 'hybrid', 'alpha': 0.5}"
tune,bimodal,hetero,med,hybrid_a0.6,1,170,170,0,1.0,0.7940800835438314,0.5307807575485746,25,0.30396704629278415,0.17973933751842067,13841.590004613321,72.24603529411765,111.819,"{'family': 'hybrid', 'alpha': 0.6}"
tune,bimodal,hetero,med,hybrid_a0.7,1,170,170,0,1.0,0.7951593191136774,0.539347701396302,25,0.29757612175452763,0.21630722806463462,13939.277555122873,71.73972941176471,109.966,"{'family': 'hybrid', 'alpha': 0.7}"
tune,bimodal,hetero,med,hybrid_a0.8,1,170,170,0,1.0,0.7954284637051056,0.5407307148022398,26,0.3256461560597917,0.23837216729633695,14211.596629410547,70.3650705882353,112.11,"{'family': 'hybrid', 'alpha': 0.8}"
tune,bimodal,hetero,med,hybrid_a0.9,1,170,170,0,1.0,0.7958428792124015,0.5371193550989469,26,0.3296719312703805,0.23837216729633695,14242.539045920796,70.2122,108.343,"{'family': 'hybrid', 'alpha': 0.9}"
tune,bimodal,hetero,med,balance_l0.05,1,170,170,0,1.0,0.7971763523345335,0.5298601259059531,26,0.33105823176738675,0.2435274360418319,16800.338062332023,59.522611764705886,93.465,"{'family': 'balance', 'lam': 0.05}"
tune,bimodal,hetero,med,balance_l0.1,1,170,170,0,1.0,0.7963433485858843,0.5368441412665821,26,0.3304476144762282,0.23837216729633695,16684.99726267898,59.93408235294118,93.936,"{'family': 'balance', 'lam': 0.1}"
tune,bimodal,hetero,med,balance_l0.2,1,170,170,0,1.0,0.7957980677274316,0.5405036099730093,26,0.32624286491134835,0.23837216729633695,16725.361206311758,59.78944117647059,94.076,"{'family': 'balance', 'lam': 0.2}"
tune,bimodal,hetero,med,balance_l0.4,1,170,170,0,1.0,0.7925474114232888,0.5454142806359831,25,0.28387987031939926,0.1752490170178226,16005.141227953976,62.47992352941177,95.599,"{'family': 'balance', 'lam': 0.4}"
tune,bimodal,hetero,med,balance_l0.8,1,170,170,0,1.0,0.7410000520790955,0.5467543276988661,27,0.2719214157412633,0.12466084118299912,15766.695933982433,63.42482941176471,93.856,"{'family': 'balance', 'lam': 0.8}"
tune,bimodal,hetero,med,wmatch_l0.05,1,170,170,0,1.0,0.7975664648292508,0.5360854977810681,26,0.3166328611131337,0.23837216729633695,11401.05636823105,87.7111705882353,138.67,"{'family': 'wmatch', 'lam': 0.05}"
tune,bimodal,hetero,med,wmatch_l0.1,1,170,170,0,1.0,0.7975664648292508,0.5360854977810681,26,0.3166328611131337,0.23837216729633695,11505.633259564176,86.91394705882352,135.594,"{'family': 'wmatch', 'lam': 0.1}"
tune,bimodal,hetero,med,wmatch_l0.2,1,170,170,0,1.0,0.7975664648292508,0.5360854977810681,26,0.3166328611131337,0.23837216729633695,11559.804546824722,86.50665294117647,135.414,"{'family': 'wmatch', 'lam': 0.2}"
tune,bimodal,hetero,med,wmatch_l0.4,1,170,170,0,1.0,0.7975664648292508,0.5360854977810681,26,0.3166328611131337,0.23837216729633695,11500.283718764214,86.95437647058823,138.74,"{'family': 'wmatch', 'lam': 0.4}"
tune,bimodal,hetero,med,wmatch_l0.8,1,170,170,0,1.0,0.796319453594815,0.5441718742432651,26,0.30433391667114174,0.23837216729633695,11547.442941027753,86.59925882352941,134.381,"{'family': 'wmatch', 'lam': 0.8}"
tune,bimodal,hetero,med,d_cheap_a0.0_b0.4_g0.6,1,170,170,0,1.0,0.7908088584148021,0.5384504398525773,25,0.26509927290537816,0.19160785743707254,10583.631890325682,94.48552352941176,140.904,"{'family': 'd_cheap', 'alpha': 0.0, 'beta': 0.4, 'gamma': 0.6}"
tune,bimodal,hetero,med,d_cheap_a0.0_b0.6_g0.4,1,170,170,0,1.0,0.7680511116260386,0.538301098729565,27,0.2487542262919696,0.10266560130768852,10174.696547156876,98.2830294117647,141.014,"{'family': 'd_cheap', 'alpha': 0.0, 'beta': 0.6, 'gamma': 0.4}"
tune,bimodal,hetero,med,d_cheap_a0.0_b0.8_g0.2,1,170,170,0,1.0,0.7646576902096084,0.5294642410382095,30,0.2383615361011263,0.04228536976837607,9337.257398142467,107.0978294117647,145.953,"{'family': 'd_cheap', 'alpha': 0.0, 'beta': 0.8, 'gamma': 0.2}"
tune,bimodal,hetero,med,d_cheap_a0.0_b1.0_g0.0,1,170,170,0,1.0,0.7652335948886384,0.45859433073221967,30,0.3087077672828241,0.013274580465045349,10143.007455408802,98.59008823529412,121.908,"{'family': 'd_cheap', 'alpha': 0.0, 'beta': 1.0, 'gamma': 0.0}"
tune,bimodal,hetero,med,d_cheap_a0.2_b0.2_g0.6,1,170,170,0,1.0,0.7954284637051056,0.5407307148022398,26,0.3256461560597917,0.23837216729633695,11184.48204433384,89.40959411764706,136.415,"{'family': 'd_cheap', 'alpha': 0.2, 'beta': 0.2, 'gamma': 0.6}"
tune,bimodal,hetero,med,d_cheap_a0.2_b0.4_g0.4,1,170,170,0,1.0,0.7908088584148021,0.5384504398525773,25,0.26509927290537816,0.19160785743707254,10600.758715008455,94.3328705882353,135.915,"{'family': 'd_cheap', 'alpha': 0.2, 'beta': 0.4, 'gamma': 0.4}"
tune,bimodal,hetero,med,d_cheap_a0.2_b0.6_g0.2,1,170,170,0,1.0,0.7696718824801104,0.54472633149517,27,0.27048530564531664,0.10501688961851945,10331.044966359383,96.79562941176471,139.581,"{'family': 'd_cheap', 'alpha': 0.2, 'beta': 0.6, 'gamma': 0.2}"
tune,bimodal,hetero,med,d_cheap_a0.2_b0.8_g0.0,1,170,170,0,1.0,0.7609421817949007,0.5295280453709699,30,0.23696746109478226,0.030741766019212913,12203.839729987892,81.94142352941176,113.403,"{'family': 'd_cheap', 'alpha': 0.2, 'beta': 0.8, 'gamma': 0.0}"
tune,bimodal,hetero,med,d_cheap_a0.4_b0.0_g0.6,1,170,170,0,1.0,0.7970085685286568,0.5369418237064423,26,0.3143302496627551,0.23563948586024075,12599.432684603367,79.36865294117646,119.904,"{'family': 'd_cheap', 'alpha': 0.4, 'beta': 0.0, 'gamma': 0.6}"
tune,bimodal,hetero,med,d_cheap_a0.4_b0.2_g0.4,1,170,170,0,1.0,0.7954284637051056,0.5407307148022398,26,0.3256461560597917,0.23837216729633695,11071.636025045604,90.32088823529412,140.944,"{'family': 'd_cheap', 'alpha': 0.4, 'beta': 0.2, 'gamma': 0.4}"
tune,bimodal,hetero,med,d_cheap_a0.4_b0.4_g0.2,1,170,170,0,1.0,0.7908088584148021,0.5384504398525773,25,0.26509927290537816,0.19160785743707254,10551.07455556857,94.77707647058823,140.933,"{'family': 'd_cheap', 'alpha': 0.4, 'beta': 0.4, 'gamma': 0.2}"
tune,bimodal,hetero,med,d_cheap_a0.4_b0.6_g0.0,1,170,170,0,1.0,0.7735579612680865,0.5433190849090727,26,0.24924308975450968,0.12192656010472683,13084.369089424888,76.4270705882353,112.42,"{'family': 'd_cheap', 'alpha': 0.4, 'beta': 0.6, 'gamma': 0.0}"
tune,bimodal,hetero,med,d_cheap_a0.6_b0.0_g0.4,1,170,170,0,1.0,0.7970085685286568,0.5369418237064423,26,0.3143302496627551,0.23563948586024075,12583.919009897252,79.4665,119.584,"{'family': 'd_cheap', 'alpha': 0.6, 'beta': 0.0, 'gamma': 0.4}"
tune,bimodal,hetero,med,d_cheap_a0.6_b0.2_g0.2,1,170,170,0,1.0,0.7954284637051056,0.5407307148022398,26,0.3256461560597917,0.23837216729633695,11012.554506476581,90.80545294117647,138.869,"{'family': 'd_cheap', 'alpha': 0.6, 'beta': 0.2, 'gamma': 0.2}"
tune,bimodal,hetero,med,d_cheap_a0.6_b0.4_g0.0,1,170,170,0,1.0,0.7940800835438314,0.5307807575485746,25,0.30396704629278415,0.17973933751842067,13824.803470253375,72.33375882352941,110.457,"{'family': 'd_cheap', 'alpha': 0.6, 'beta': 0.4, 'gamma': 0.0}"
tune,bimodal,hetero,med,d_cheap_a0.8_b0.0_g0.2,1,170,170,0,1.0,0.7970085685286568,0.5369418237064423,26,0.3143302496627551,0.23563948586024075,12568.502961915588,79.5639705882353,122.299,"{'family': 'd_cheap', 'alpha': 0.8, 'beta': 0.0, 'gamma': 0.2}"
tune,bimodal,hetero,med,d_cheap_a0.8_b0.2_g0.0,1,170,170,0,1.0,0.7954284637051056,0.5407307148022398,26,0.3256461560597917,0.23837216729633695,14151.319560603191,70.66478823529413,109.475,"{'family': 'd_cheap', 'alpha': 0.8, 'beta': 0.2, 'gamma': 0.0}"
tune,bimodal,hetero,med,d_capacity_a0.0_b0.4_g0.6,1,170,170,0,1.0,0.7906667483281691,0.5426078476361559,25,0.257280478097454,0.19160785743707254,7604.336869618366,131.50390588235294,199.483,"{'family': 'd_capacity', 'alpha': 0.0, 'beta': 0.4, 'gamma': 0.6}"
tune,bimodal,hetero,med,d_capacity_a0.0_b0.6_g0.4,1,170,170,0,1.0,0.7668938132037947,0.5357307855000896,25,0.2469346504345662,0.13150083904734527,7402.119488060707,135.0964411764706,197.74,"{'family': 'd_capacity', 'alpha': 0.0, 'beta': 0.6, 'gamma': 0.4}"
tune,bimodal,hetero,med,d_capacity_a0.0_b0.8_g0.2,1,170,170,0,1.0,0.7665685753405486,0.5275847534896921,30,0.24277377556438406,0.043650800921148564,6782.269790314161,147.44326470588234,212.508,"{'family': 'd_capacity', 'alpha': 0.0, 'beta': 0.8, 'gamma': 0.2}"
tune,bimodal,hetero,med,d_capacity_a0.0_b1.0_g0.0,1,170,170,0,1.0,0.7652335948886384,0.45859433073221967,30,0.3087077672828241,0.013274580465045349,10041.388832758837,99.58781764705883,125.805,"{'family': 'd_capacity', 'alpha': 0.0, 'beta': 1.0, 'gamma': 0.0}"
tune,bimodal,hetero,med,d_capacity_a0.2_b0.2_g0.6,1,170,170,0,1.0,0.7954284637051056,0.5407307148022398,26,0.3256461560597917,0.23837216729633695,8040.13864225895,124.37596470588235,203.761,"{'family': 'd_capacity', 'alpha': 0.2, 'beta': 0.2, 'gamma': 0.6}"
tune,bimodal,hetero,med,d_capacity_a0.2_b0.4_g0.4,1,170,170,0,1.0,0.7906667483281691,0.5426078476361559,25,0.257280478097454,0.19160785743707254,7575.532065266506,132.0039294117647,199.764,"{'family': 'd_capacity', 'alpha': 0.2, 'beta': 0.4, 'gamma': 0.4}"
tune,bimodal,hetero,med,d_capacity_a0.2_b0.6_g0.2,1,170,170,0,1.0,0.7697125630228018,0.5439479221953756,26,0.244768854222922,0.11201353418839045,7342.624978927745,136.19107647058826,206.546,"{'family': 'd_capacity', 'alpha': 0.2, 'beta': 0.6, 'gamma': 0.2}"
tune,bimodal,hetero,med,d_capacity_a0.2_b0.8_g0.0,1,170,170,0,1.0,0.7609421817949007,0.5295280453709699,30,0.23696746109478226,0.030741766019212913,12002.166885329674,83.31828823529412,115.175,"{'family': 'd_capacity', 'alpha': 0.2, 'beta': 0.8, 'gamma': 0.0}"
tune,bimodal,hetero,med,d_capacity_a0.4_b0.0_g0.6,1,170,170,0,1.0,0.7962223897388346,0.5450099373425307,26,0.32587404247484153,0.24868270478732693,8869.416056950835,112.74699411764706,181.51,"{'family': 'd_capacity', 'alpha': 0.4, 'beta': 0.0, 'gamma': 0.6}"
tune,bimodal,hetero,med,d_capacity_a0.4_b0.2_g0.4,1,170,170,0,1.0,0.7954284637051056,0.5407307148022398,26,0.3256461560597917,0.23837216729633695,7993.70923296457,125.0983705882353,204.573,"{'family': 'd_capacity', 'alpha': 0.4, 'beta': 0.2, 'gamma': 0.4}"
tune,bimodal,hetero,med,d_capacity_a0.4_b0.4_g0.2,1,170,170,0,1.0,0.7908088584148021,0.5384504398525773,25,0.26509927290537816,0.19160785743707254,7596.852722229392,131.63345882352942,199.293,"{'family': 'd_capacity', 'alpha': 0.4, 'beta': 0.4, 'gamma': 0.2}"
tune,bimodal,hetero,med,d_capacity_a0.4_b0.6_g0.0,1,170,170,0,1.0,0.7735579612680865,0.5433190849090727,26,0.24924308975450968,0.12192656010472683,13171.7842405955,75.91985882352941,110.216,"{'family': 'd_capacity', 'alpha': 0.4, 'beta': 0.6, 'gamma': 0.0}"
tune,bimodal,hetero,med,d_capacity_a0.6_b0.0_g0.4,1,170,170,0,1.0,0.7946241425006645,0.5456478343669655,26,0.30116264545329086,0.23378287404707893,8805.587798107348,113.56425294117648,178.725,"{'family': 'd_capacity', 'alpha': 0.6, 'beta': 0.0, 'gamma': 0.4}"
tune,bimodal,hetero,med,d_capacity_a0.6_b0.2_g0.2,1,170,170,0,1.0,0.7954284637051056,0.5407307148022398,26,0.3256461560597917,0.23837216729633695,8089.591175379052,123.61564117647059,197.37,"{'family': 'd_capacity', 'alpha': 0.6, 'beta': 0.2, 'gamma': 0.2}"
tune,bimodal,hetero,med,d_capacity_a0.6_b0.4_g0.0,1,170,170,0,1.0,0.7940800835438314,0.5307807575485746,25,0.30396704629278415,0.17973933751842067,13694.857154181293,73.02011176470589,111.939,"{'family': 'd_capacity', 'alpha': 0.6, 'beta': 0.4, 'gamma': 0.0}"
tune,bimodal,hetero,med,d_capacity_a0.8_b0.0_g0.2,1,170,170,0,1.0,0.7946241425006645,0.5456478343669655,26,0.30116264545329086,0.23378287404707893,8906.706493266713,112.27494705882353,179.306,"{'family': 'd_capacity', 'alpha': 0.8, 'beta': 0.0, 'gamma': 0.2}"
tune,bimodal,hetero,med,d_capacity_a0.8_b0.2_g0.0,1,170,170,0,1.0,0.7954284637051056,0.5407307148022398,26,0.3256461560597917,0.23837216729633695,14199.819695701204,70.4234294117647,111.048,"{'family': 'd_capacity', 'alpha': 0.8, 'beta': 0.2, 'gamma': 0.0}"
tune,bimodal,hetero,med,binpack,2,177,177,0,1.0,0.7914627613820392,0.4973658956931121,26,0.368638426491383,0.23641154427809863,18637.49978677437,53.655265536723164,84.007,{}
tune,bimodal,hetero,med,hybrid_a0.1,2,177,177,0,1.0,0.7545948830780308,0.5085100487753702,30,0.24874750889519698,0.04958170152781788,11385.384523994762,87.83190395480226,118.652,"{'family': 'hybrid', 'alpha': 0.1}"
tune,bimodal,hetero,med,hybrid_a0.2,2,177,177,0,1.0,0.7360953924436276,0.5266665830220235,30,0.21306765357623003,0.04994130712445358,11955.256540555372,83.64521468926554,112.19,"{'family': 'hybrid', 'alpha': 0.2}"
tune,bimodal,hetero,med,hybrid_a0.3,2,177,177,0,1.0,0.7383962129322064,0.5159456528348964,29,0.24073084943853845,0.08650805016388147,12542.988968760092,79.72581355932203,113.853,"{'family': 'hybrid', 'alpha': 0.3}"
tune,bimodal,hetero,med,hybrid_a0.4,2,177,177,0,1.0,0.7468442591549812,0.5264146316747144,25,0.23776295073103373,0.09020119877907187,12709.839814370276,78.679197740113,113.162,"{'family': 'hybrid', 'alpha': 0.4}"
tune,bimodal,hetero,med,hybrid_a0.5,2,177,177,0,1.0,0.7572401701298589,0.5177094452423644,24,0.2629540573517435,0.17016857956138504,12946.725103941357,77.23961016949153,114.564,"{'family': 'hybrid', 'alpha': 0.5}"
tune,bimodal,hetero,med,hybrid_a0.6,2,177,177,0,1.0,0.7760185842032279,0.5084667931223303,25,0.3139146857876183,0.21550358534559141,13421.786699145874,74.50572881355933,115.045,"{'family': 'hybrid', 'alpha': 0.6}"
tune,bimodal,hetero,med,hybrid_a0.7,2,177,177,0,1.0,0.7804559007351837,0.5050350537463028,25,0.33750691211491163,0.24147217114355224,13704.065733061057,72.97104519774011,113.362,"{'family': 'hybrid', 'alpha': 0.7}"
tune,bimodal,hetero,med,hybrid_a0.8,2,177,177,0,1.0,0.7832781061971995,0.5055779965573035,25,0.3404452573305992,0.24454979498954424,13853.434575589858,72.18426553672316,111.489,"{'family': 'hybrid', 'alpha': 0.8}"
tune,bimodal,hetero,med,hybrid_a0.9,2,177,177,0,1.0,0.7913248665483289,0.499403006923307,25,0.34452259353674525,0.24594821805314943,13663.16575704977,73.1894802259887,116.538,"{'family': 'hybrid', 'alpha': 0.9}"
tune,bimodal,hetero,med,balance_l0.05,2,177,177,0,1.0,0.7914333060547301,0.49785607621119626,25,0.34268868989242446,0.2534621700219649,16303.200474837622,61.337649717514125,95.108,"{'family': 'balance', 'lam': 0.05}"
tune,bimodal,hetero,med,balance_l0.1,2,177,177,0,1.0,0.7822513953515116,0.5170726944628676,26,0.3525939061294404,0.24039893370691962,16408.50616959832,60.944,95.438,"{'family': 'balance', 'lam': 0.1}"
tune,bimodal,hetero,med,balance_l0.2,2,177,177,0,1.0,0.7780702166520935,0.5190765628811357,25,0.30997797743184896,0.23916788416852283,16113.668915813181,62.05911299435028,95.067,"{'family': 'balance', 'lam': 0.2}"
tune,bimodal,hetero,med,balance_l0.4,2,177,177,0,1.0,0.7785152755518776,0.5083672471294266,24,0.2730735823505465,0.2068862385768138,15483.379292143636,64.58538418079097,94.517,"{'family': 'balance', 'lam': 0.4}"
tune,bimodal,hetero,med,balance_l0.8,2,177,177,0,1.0,0.7418227836644534,0.5104959091907948,24,0.23137709806217488,0.13419758004305457,15301.55474170111,65.35283615819209,96.32,"{'family': 'balance', 'lam': 0.8}"
tune,bimodal,hetero,med,wmatch_l0.05,2,177,177,0,1.0,0.7914627613820392,0.4973658956931121,26,0.368638426491383,0.23641154427809863,11311.109708050672,88.40865536723163,136.806,"{'family': 'wmatch', 'lam': 0.05}"
tune,bimodal,hetero,med,wmatch_l0.1,2,177,177,0,1.0,0.7914627613820392,0.4973658956931121,26,0.368638426491383,0.23641154427809863,11391.212664093797,87.78696610169492,138.789,"{'family': 'wmatch', 'lam': 0.1}"
tune,bimodal,hetero,med,wmatch_l0.2,2,177,177,0,1.0,0.7914627613820392,0.4973658956931121,26,0.368638426491383,0.23641154427809863,11377.517139072535,87.89263841807909,138.269,"{'family': 'wmatch', 'lam': 0.2}"
tune,bimodal,hetero,med,wmatch_l0.4,2,177,177,0,1.0,0.7914627613820392,0.4973658956931121,26,0.368638426491383,0.23641154427809863,11378.742272258973,87.88317514124294,136.575,"{'family': 'wmatch', 'lam': 0.4}"
tune,bimodal,hetero,med,wmatch_l0.8,2,177,177,0,1.0,0.7914627613820392,0.4973658956931121,26,0.368638426491383,0.23641154427809863,11343.320197512197,88.15761016949153,135.794,"{'family': 'wmatch', 'lam': 0.8}"
tune,bimodal,hetero,med,d_cheap_a0.0_b0.4_g0.6,2,177,177,0,1.0,0.7697080102191447,0.5298775201528317,25,0.29423538871699156,0.22413995479063162,10353.031350031779,96.59006779661017,143.839,"{'family': 'd_cheap', 'alpha': 0.0, 'beta': 0.4, 'gamma': 0.6}"
tune,bimodal,hetero,med,d_cheap_a0.0_b0.6_g0.4,2,177,177,0,1.0,0.7400927493340785,0.5197124022032384,26,0.23860930100478223,0.10217052698723368,9736.094629119152,102.71058757062147,145.061,"{'family': 'd_cheap', 'alpha': 0.0, 'beta': 0.6, 'gamma': 0.4}"
tune,bimodal,hetero,med,d_cheap_a0.0_b0.8_g0.2,2,177,177,0,1.0,0.7397730666020574,0.5319571397419869,30,0.2114547710146965,0.03305251111002333,9090.03556977139,110.01057062146893,147.657,"{'family': 'd_cheap', 'alpha': 0.0, 'beta': 0.8, 'gamma': 0.2}"
tune,bimodal,hetero,med,d_cheap_a0.0_b1.0_g0.0,2,177,177,0,1.0,0.7597596979890544,0.42356369531091187,30,0.33969344053072886,0.03655474000529405,9801.893759101018,102.02110169491526,129.001,"{'family': 'd_cheap', 'alpha': 0.0, 'beta': 1.0, 'gamma': 0.0}"
tune,bimodal,hetero,med,d_cheap_a0.2_b0.2_g0.6,2,177,177,0,1.0,0.7835243992922893,0.5112247006396983,25,0.3293944691714474,0.24331874545114743,10536.604879698165,94.90723163841807,146.915,"{'family': 'd_cheap', 'alpha': 0.2, 'beta': 0.2, 'gamma': 0.6}"
tune,bimodal,hetero,med,d_cheap_a0.2_b0.4_g0.4,2,177,177,0,1.0,0.7671022237020194,0.5087822219274777,25,0.30468289648126246,0.17628076881124027,10294.786859524665,97.13654237288137,148.487,"{'family': 'd_cheap', 'alpha': 0.2, 'beta': 0.4, 'gamma': 0.4}"
tune,bimodal,hetero,med,d_cheap_a0.2_b0.6_g0.2,2,177,177,0,1.0,0.7404524021397229,0.5268575977412624,26,0.2309281276492273,0.10401710129482888,9684.620603619967,103.25649717514123,146.224,"{'family': 'd_cheap', 'alpha': 0.2, 'beta': 0.6, 'gamma': 0.2}"
tune,bimodal,hetero,med,d_cheap_a0.2_b0.8_g0.0,2,177,177,0,1.0,0.7360953924436276,0.5266665830220235,30,0.21306765357623003,0.04994130712445358,11942.821011726974,83.73231073446327,114.194,"{'family': 'd_cheap', 'alpha': 0.2, 'beta': 0.8, 'gamma': 0.0}"
tune,bimodal,hetero,med,d_cheap_a0.4_b0.0_g0.6,2,177,177,0,1.0,0.7922242906290601,0.4992953500877538,26,0.3674705013437622,0.23518049473970182,12184.639836502785,82.07054237288136,128.099,"{'family': 'd_cheap', 'alpha': 0.4, 'beta': 0.0, 'gamma': 0.6}"
tune,bimodal,hetero,med,d_cheap_a0.4_b0.2_g0.4,2,177,177,0,1.0,0.7835243992922893,0.5112247006396983,25,0.3293944691714474,0.24331874545114743,10486.718837204178,95.35871186440679,146.314,"{'family': 'd_cheap', 'alpha': 0.4, 'beta': 0.2, 'gamma': 0.4}"
tune,bimodal,hetero,med,d_cheap_a0.4_b0.4_g0.2,2,177,177,0,1.0,0.7668772213527716,0.5131396270920615,25,0.30010048896743086,0.19135716550907664,10323.327792953005,96.86798870056496,146.544,"{'family': 'd_cheap', 'alpha': 0.4, 'beta': 0.4, 'gamma': 0.2}"
tune,bimodal,hetero,med,d_cheap_a0.4_b0.6_g0.0,2,177,177,0,1.0,0.7468442591549812,0.5264146316747144,25,0.23776295073103373,0.09020119877907187,12567.25968985423,79.5718418079096,117.88,"{'family': 'd_cheap', 'alpha': 0.4, 'beta': 0.6, 'gamma': 0.0}"
tune,bimodal,hetero,med,d_cheap_a0.6_b0.0_g0.4,2,177,177,0,1.0,0.7914627613820392,0.4973658956931121,26,0.368638426491383,0.23641154427809863,12270.903275748828,81.49359322033898,130.545,"{'family': 'd_cheap', 'alpha': 0.6, 'beta': 0.0, 'gamma': 0.4}"
tune,bimodal,hetero,med,d_cheap_a0.6_b0.2_g0.2,2,177,177,0,1.0,0.7832781061971995,0.5055779965573035,25,0.3404452573305992,0.24454979498954424,10624.891274947335,94.11861016949153,146.033,"{'family': 'd_cheap', 'alpha': 0.6, 'beta': 0.2, 'gamma': 0.2}"
tune,bimodal,hetero,med,d_cheap_a0.6_b0.4_g0.0,2,177,177,0,1.0,0.7760185842032279,0.5084667931223303,25,0.3139146857876183,0.21550358534559141,13256.197740529775,75.43641242937852,114.705,"{'family': 'd_cheap', 'alpha': 0.6, 'beta': 0.4, 'gamma': 0.0}"
tune,bimodal,hetero,med,d_cheap_a0.8_b0.0_g0.2,2,177,177,0,1.0,0.7914627613820392,0.4973658956931121,26,0.368638426491383,0.23641154427809863,12347.209387673984,80.9899604519774,126.036,"{'family': 'd_cheap', 'alpha': 0.8, 'beta': 0.0, 'gamma': 0.2}"
tune,bimodal,hetero,med,d_cheap_a0.8_b0.2_g0.0,2,177,177,0,1.0,0.7832781061971995,0.5055779965573035,25,0.3404452573305992,0.24454979498954424,13737.399137803575,72.79398305084746,114.204,"{'family': 'd_cheap', 'alpha': 0.8, 'beta': 0.2, 'gamma': 0.0}"
tune,bimodal,hetero,med,d_capacity_a0.0_b0.4_g0.6,2,177,177,0,1.0,0.7746037322955257,0.5122395198146699,25,0.3087271071875766,0.21091013240039042,7563.113541562514,132.2206779661017,209.953,"{'family': 'd_capacity', 'alpha': 0.0, 'beta': 0.4, 'gamma': 0.6}"
tune,bimodal,hetero,med,d_capacity_a0.0_b0.6_g0.4,2,177,177,0,1.0,0.7385445738556253,0.5169737030445272,26,0.23890419406186503,0.08527700062548467,7075.622171050328,141.33032768361582,211.696,"{'family': 'd_capacity', 'alpha': 0.0, 'beta': 0.6, 'gamma': 0.4}"
tune,bimodal,hetero,med,d_capacity_a0.0_b0.8_g0.2,2,177,177,0,1.0,0.7386848956360386,0.5333153710100438,30,0.2072640542928586,0.024435164341245718,6587.061715707031,151.81275706214691,213.911,"{'family': 'd_capacity', 'alpha': 0.0, 'beta': 0.8, 'gamma': 0.2}"
tune,bimodal,hetero,med,d_capacity_a0.0_b1.0_g0.0,2,177,177,0,1.0,0.7597596979890544,0.42356369531091187,30,0.33969344053072886,0.03655474000529405,9767.922440709126,102.37591525423728,125.875,"{'family': 'd_capacity', 'alpha': 0.0, 'beta': 1.0, 'gamma': 0.0}"
tune,bimodal,hetero,med,d_capacity_a0.2_b0.2_g0.6,2,177,177,0,1.0,0.7820953277480824,0.5126530080397588,25,0.32653709022717997,0.24331874545114743,7763.1231649753145,128.81413559322036,209.582,"{'family': 'd_capacity', 'alpha': 0.2, 'beta': 0.2, 'gamma': 0.6}"
tune,bimodal,hetero,med,d_capacity_a0.2_b0.4_g0.4,2,177,177,0,1.0,0.7683745817078234,0.5118943475772281,24,0.3028431288373161,0.2161381327910524,7618.192709028036,131.26472881355932,213.119,"{'family': 'd_capacity', 'alpha': 0.2, 'beta': 0.4, 'gamma': 0.4}"
tune,bimodal,hetero,med,d_capacity_a0.2_b0.6_g0.2,2,177,177,0,1.0,0.7328009791388036,0.5269799986723144,25,0.22315430371725614,0.10401710129482888,7089.250337410266,141.05863841807908,212.518,"{'family': 'd_capacity', 'alpha': 0.2, 'beta': 0.6, 'gamma': 0.2}"
tune,bimodal,hetero,med,d_capacity_a0.2_b0.8_g0.0,2,177,177,0,1.0,0.7360953924436276,0.5266665830220235,30,0.21306765357623003,0.04994130712445358,11892.32008078715,84.0878813559322,115.276,"{'family': 'd_capacity', 'alpha': 0.2, 'beta': 0.8, 'gamma': 0.0}"
tune,bimodal,hetero,med,d_capacity_a0.4_b0.0_g0.6,2,177,177,0,1.0,0.7914627613820392,0.49745153097216294,26,0.3685527912123322,0.23641154427809863,8701.042502872082,114.92875706214689,189.415,"{'family': 'd_capacity', 'alpha': 0.4, 'beta': 0.0, 'gamma': 0.6}"
tune,bimodal,hetero,med,d_capacity_a0.4_b0.2_g0.4,2,177,177,0,1.0,0.7835243992922893,0.5112247006396983,25,0.3293944691714474,0.24331874545114743,7777.488257970059,128.57621468926556,207.529,"{'family': 'd_capacity', 'alpha': 0.4, 'beta': 0.2, 'gamma': 0.4}"
tune,bimodal,hetero,med,d_capacity_a0.4_b0.4_g0.2,2,177,177,0,1.0,0.7687568061704827,0.5127847499509187,24,0.3023349509262847,0.2161381327910524,7695.404248063138,129.94768926553672,206.767,"{'family': 'd_capacity', 'alpha': 0.4, 'beta': 0.4, 'gamma': 0.2}"
tune,bimodal,hetero,med,d_capacity_a0.4_b0.6_g0.0,2,177,177,0,1.0,0.7468442591549812,0.5264146316747144,25,0.23776295073103373,0.09020119877907187,12671.609023731991,78.91657627118644,116.087,"{'family': 'd_capacity', 'alpha': 0.4, 'beta': 0.6, 'gamma': 0.0}"
tune,bimodal,hetero,med,d_capacity_a0.6_b0.0_g0.4,2,177,177,0,1.0,0.7914627613820392,0.4973658956931121,26,0.368638426491383,0.23641154427809863,8785.146293035554,113.82849717514124,188.152,"{'family': 'd_capacity', 'alpha': 0.6, 'beta': 0.0, 'gamma': 0.4}"
tune,bimodal,hetero,med,d_capacity_a0.6_b0.2_g0.2,2,177,177,0,1.0,0.7835243992922893,0.5112247006396983,25,0.3293944691714474,0.24331874545114743,7784.986929798638,128.45236723163842,207.939,"{'family': 'd_capacity', 'alpha': 0.6, 'beta': 0.2, 'gamma': 0.2}"
tune,bimodal,hetero,med,d_capacity_a0.6_b0.4_g0.0,2,177,177,0,1.0,0.7760185842032279,0.5084667931223303,25,0.3139146857876183,0.21550358534559141,13401.821436251244,74.6167231638418,115.917,"{'family': 'd_capacity', 'alpha': 0.6, 'beta': 0.4, 'gamma': 0.0}"
tune,bimodal,hetero,med,d_capacity_a0.8_b0.0_g0.2,2,177,177,0,1.0,0.7914627613820392,0.4973658956931121,26,0.368638426491383,0.23641154427809863,8734.815731906496,114.48438418079097,185.447,"{'family': 'd_capacity', 'alpha': 0.8, 'beta': 0.0, 'gamma': 0.2}"
tune,bimodal,hetero,med,d_capacity_a0.8_b0.2_g0.0,2,177,177,0,1.0,0.7832781061971995,0.5055779965573035,25,0.3404452573305992,0.24454979498954424,13717.321194718226,72.90053107344633,112.711,"{'family': 'd_capacity', 'alpha': 0.8, 'beta': 0.2, 'gamma': 0.0}"
tune,bimodal,hetero,med,binpack,3,181,181,0,1.0,0.7833443909282416,0.6045214230900713,26,0.30955879181446444,0.20258935966862152,19413.025196068877,51.511806629834254,81.041,{}
tune,bimodal,hetero,med,hybrid_a0.1,3,181,181,0,1.0,0.7589289309334623,0.5940038405163325,30,0.17771934162878777,0.02270279258577243,11854.52830209687,84.35595027624309,116.778,"{'family': 'hybrid', 'alpha': 0.1}"
tune,bimodal,hetero,med,hybrid_a0.2,3,181,181,0,1.0,0.7547850783682931,0.6150180131100099,30,0.16474822272681774,0.05475725601303129,12588.414485718062,79.43812154696133,111.398,"{'family': 'hybrid', 'alpha': 0.2}"
tune,bimodal,hetero,med,hybrid_a0.3,3,181,181,0,1.0,0.7586615584809435,0.5943402168657949,25,0.17384145005827295,0.07709586102135717,12826.027339988223,77.96646408839779,114.644,"{'family': 'hybrid', 'alpha': 0.3}"
tune,bimodal,hetero,med,hybrid_a0.4,3,181,181,0,1.0,0.7672665721812463,0.5981344688978135,24,0.18635990429150798,0.1072675708672256,13585.240214442641,73.60929834254144,110.737,"{'family': 'hybrid', 'alpha': 0.4}"
tune,bimodal,hetero,med,hybrid_a0.5,3,181,181,0,1.0,0.7712568921814754,0.6026980249249626,24,0.19119650986165876,0.1072675708672256,13604.916531206296,73.50283977900553,108.994,"{'family': 'hybrid', 'alpha': 0.5}"
tune,bimodal,hetero,med,hybrid_a0.6,3,181,181,0,1.0,0.7703258147162898,0.5984400990038877,24,0.1796873326372035,0.09873074332621522,13782.668636852191,72.55488950276242,110.596,"{'family': 'hybrid', 'alpha': 0.6}"
tune,bimodal,hetero,med,hybrid_a0.7,3,181,181,0,1.0,0.7782916224180998,0.5919111245595972,25,0.25228987120553753,0.1645336186587146,14128.762358666516,70.77760773480664,109.705,"{'family': 'hybrid', 'alpha': 0.7}"
tune,bimodal,hetero,med,hybrid_a0.8,3,181,181,0,1.0,0.7842467632397486,0.5960813914683644,26,0.2650356488746447,0.1851926065071873,14234.126530689604,70.25369613259669,112.049,"{'family': 'hybrid', 'alpha': 0.8}"
tune,bimodal,hetero,med,hybrid_a0.9,3,181,181,0,1.0,0.7783103776083874,0.603737007759887,26,0.28914932821418904,0.19142581596114647,14412.207282894431,69.38562430939227,107.922,"{'family': 'hybrid', 'alpha': 0.9}"
tune,bimodal,hetero,med,balance_l0.05,3,181,181,0,1.0,0.7884565442756879,0.5953243655851072,26,0.310888930450572,0.21853276892441445,17282.56079809147,57.861795580110496,94.627,"{'family': 'balance', 'lam': 0.05}"
tune,bimodal,hetero,med,balance_l0.1,3,181,181,0,1.0,0.7781039403282582,0.6053393760981322,25,0.23248397370886503,0.16322026057548225,16696.301833715166,59.893502762430934,92.172,"{'family': 'balance', 'lam': 0.1}"
tune,bimodal,hetero,med,balance_l0.2,3,181,181,0,1.0,0.7817988018381125,0.5933284152514595,26,0.3046462672604368,0.20157793914376027,17174.8704507113,58.22460220994475,92.944,"{'family': 'balance', 'lam': 0.2}"
tune,bimodal,hetero,med,balance_l0.4,3,181,181,0,1.0,0.7742487119358767,0.5991303210348794,25,0.21487756457152649,0.14065306952048415,16419.540486912854,60.903044198895024,95.088,"{'family': 'balance', 'lam': 0.4}"
tune,bimodal,hetero,med,balance_l0.8,3,181,181,0,1.0,0.7751208908314331,0.6048850094179327,24,0.19369307011247647,0.14373287738650395,16345.97991395151,61.177121546961324,94.166,"{'family': 'balance', 'lam': 0.8}"
tune,bimodal,hetero,med,wmatch_l0.05,3,181,181,0,1.0,0.7833443909282416,0.6045214230900713,26,0.30955879181446444,0.20258935966862152,11691.045079313406,85.53555248618785,136.345,"{'family': 'wmatch', 'lam': 0.05}"
tune,bimodal,hetero,med,wmatch_l0.1,3,181,181,0,1.0,0.7833443909282416,0.6045214230900713,26,0.30955879181446444,0.20258935966862152,11770.259363842843,84.95989502762431,136.315,"{'family': 'wmatch', 'lam': 0.1}"
tune,bimodal,hetero,med,wmatch_l0.2,3,181,181,0,1.0,0.7833443909282416,0.6045214230900713,26,0.30955879181446444,0.20258935966862152,11722.410723479989,85.30668508287292,137.297,"{'family': 'wmatch', 'lam': 0.2}"
tune,bimodal,hetero,med,wmatch_l0.4,3,181,181,0,1.0,0.7833443909282416,0.6045214230900713,26,0.30955879181446444,0.20258935966862152,11930.332395538899,83.81996132596686,134.362,"{'family': 'wmatch', 'lam': 0.4}"
tune,bimodal,hetero,med,wmatch_l0.8,3,181,181,0,1.0,0.7884565442756879,0.5953243655851072,26,0.310888930450572,0.21853276892441445,11942.387809843933,83.73534806629834,132.728,"{'family': 'wmatch', 'lam': 0.8}"
tune,bimodal,hetero,med,d_cheap_a0.0_b0.4_g0.6,3,181,181,0,1.0,0.7703258147162898,0.5984400990038877,24,0.1796873326372035,0.09873074332621522,10540.435498183493,94.87274033149171,140.663,"{'family': 'd_cheap', 'alpha': 0.0, 'beta': 0.4, 'gamma': 0.6}"
tune,bimodal,hetero,med,d_cheap_a0.0_b0.6_g0.4,3,181,181,0,1.0,0.7699514675227349,0.6077615743963928,25,0.1889221430376887,0.1072675708672256,10238.001288743764,97.67531491712708,143.268,"{'family': 'd_cheap', 'alpha': 0.0, 'beta': 0.6, 'gamma': 0.4}"
tune,bimodal,hetero,med,d_cheap_a0.0_b0.8_g0.2,3,181,181,0,1.0,0.7544241841326762,0.6062594036765055,30,0.1697994394766947,0.04239681275075601,9544.37324131081,104.77377348066298,146.153,"{'family': 'd_cheap', 'alpha': 0.0, 'beta': 0.8, 'gamma': 0.2}"
tune,bimodal,hetero,med,d_cheap_a0.0_b1.0_g0.0,3,181,181,0,1.0,0.7521752414458664,0.49672466536694065,30,0.2558799945271781,0.03231720451660478,9697.386361499382,103.12056906077349,124.934,"{'family': 'd_cheap', 'alpha': 0.0, 'beta': 1.0, 'gamma': 0.0}"
tune,bimodal,hetero,med,d_cheap_a0.2_b0.2_g0.6,3,181,181,0,1.0,0.7786392064365292,0.6023446237990222,25,0.23460678081835948,0.16256358153386608,10706.826216912135,93.39835911602209,144.411,"{'family': 'd_cheap', 'alpha': 0.2, 'beta': 0.2, 'gamma': 0.6}"
tune,bimodal,hetero,med,d_cheap_a0.2_b0.4_g0.4,3,181,181,0,1.0,0.7703258147162898,0.5984400990038877,24,0.1796873326372035,0.09873074332621522,10316.845721889076,96.92885082872928,145.121,"{'family': 'd_cheap', 'alpha': 0.2, 'beta': 0.4, 'gamma': 0.4}"
tune,bimodal,hetero,med,d_cheap_a0.2_b0.6_g0.2,3,181,181,0,1.0,0.7672665721812463,0.5981344688978135,24,0.18635990429150798,0.1072675708672256,10435.6503494415,95.82536464088399,145.903,"{'family': 'd_cheap', 'alpha': 0.2, 'beta': 0.6, 'gamma': 0.2}"
tune,bimodal,hetero,med,d_cheap_a0.2_b0.8_g0.0,3,181,181,0,1.0,0.7547850783682931,0.6150180131100099,30,0.16474822272681774,0.05475725601303129,12611.395726855006,79.29336464088398,113.022,"{'family': 'd_cheap', 'alpha': 0.2, 'beta': 0.8, 'gamma': 0.0}"
tune,bimodal,hetero,med,d_cheap_a0.4_b0.0_g0.6,3,181,181,0,1.0,0.7833443909282416,0.6045214230900713,26,0.30955879181446444,0.20258935966862152,12709.274709076979,78.68269613259669,123.03,"{'family': 'd_cheap', 'alpha': 0.4, 'beta': 0.0, 'gamma': 0.6}"
tune,bimodal,hetero,med,d_cheap_a0.4_b0.2_g0.4,3,181,181,0,1.0,0.7768002811973884,0.6075805866333966,26,0.26117768825595983,0.17635384140780586,10727.67032458493,93.21688397790055,145.593,"{'family': 'd_cheap', 'alpha': 0.4, 'beta': 0.2, 'gamma': 0.4}"
tune,bimodal,hetero,med,d_cheap_a0.4_b0.4_g0.2,3,181,181,0,1.0,0.7703258147162898,0.5984400990038877,24,0.1796873326372035,0.09873074332621522,10469.262419061322,95.51771270718233,146.354,"{'family': 'd_cheap', 'alpha': 0.4, 'beta': 0.4, 'gamma': 0.2}"
tune,bimodal,hetero,med,d_cheap_a0.4_b0.6_g0.0,3,181,181,0,1.0,0.7672665721812463,0.5981344688978135,24,0.18635990429150798,0.1072675708672256,13483.762458419169,74.16327624309392,111.028,"{'family': 'd_cheap', 'alpha': 0.4, 'beta': 0.6, 'gamma': 0.0}"
tune,bimodal,hetero,med,d_cheap_a0.6_b0.0_g0.4,3,181,181,0,1.0,0.7833443909282416,0.6045214230900713,26,0.30955879181446444,0.20258935966862152,12672.063518823406,78.91374585635359,125.986,"{'family': 'd_cheap', 'alpha': 0.6, 'beta': 0.0, 'gamma': 0.4}"
tune,bimodal,hetero,med,d_cheap_a0.6_b0.2_g0.2,3,181,181,0,1.0,0.7842467632397486,0.5960813914683644,26,0.2650356488746447,0.1851926065071873,11004.419581616832,90.87258011049724,140.302,"{'family': 'd_cheap', 'alpha': 0.6, 'beta': 0.2, 'gamma': 0.2}"
tune,bimodal,hetero,med,d_cheap_a0.6_b0.4_g0.0,3,181,181,0,1.0,0.7703258147162898,0.5984400990038877,24,0.1796873326372035,0.09873074332621522,13838.638871238041,72.26144198895028,110.467,"{'family': 'd_cheap', 'alpha': 0.6, 'beta': 0.4, 'gamma': 0.0}"
tune,bimodal,hetero,med,d_cheap_a0.8_b0.0_g0.2,3,181,181,0,1.0,0.7833443909282416,0.6045214230900713,26,0.30955879181446444,0.20258935966862152,12813.267579325277,78.04410497237569,121.948,"{'family': 'd_cheap', 'alpha': 0.8, 'beta': 0.0, 'gamma': 0.2}"
tune,bimodal,hetero,med,d_cheap_a0.8_b0.2_g0.0,3,181,181,0,1.0,0.7842467632397486,0.5960813914683644,26,0.2650356488746447,0.1851926065071873,14334.904391335604,69.75979558011049,109.605,"{'family': 'd_cheap', 'alpha': 0.8, 'beta': 0.2, 'gamma': 0.0}"
tune,bimodal,hetero,med,d_capacity_a0.0_b0.4_g0.6,3,181,181,0,1.0,0.7734586739464133,0.5980505439550531,24,0.20073615963765976,0.12098434167583023,7507.476679433939,133.20054696132598,201.567,"{'family': 'd_capacity', 'alpha': 0.0, 'beta': 0.4, 'gamma': 0.6}"
tune,bimodal,hetero,med,d_capacity_a0.0_b0.6_g0.4,3,181,181,0,1.0,0.769995372912632,0.5950211741254052,24,0.1922019997953019,0.11055096607530647,7438.0328646811,134.4441491712707,200.976,"{'family': 'd_capacity', 'alpha': 0.0, 'beta': 0.6, 'gamma': 0.4}"
tune,bimodal,hetero,med,d_capacity_a0.0_b0.8_g0.2,3,181,181,0,1.0,0.7506836662776925,0.6164328209422488,30,0.1588470402437639,0.045705870433715726,6800.396526988651,147.05024861878454,217.016,"{'family': 'd_capacity', 'alpha': 0.0, 'beta': 0.8, 'gamma': 0.2}"
tune,bimodal,hetero,med,d_capacity_a0.0_b1.0_g0.0,3,181,181,0,1.0,0.7521752414458664,0.49672466536694065,30,0.2558799945271781,0.03231720451660478,9773.4825331938,102.31767403314917,122.67,"{'family': 'd_capacity', 'alpha': 0.0, 'beta': 1.0, 'gamma': 0.0}"
tune,bimodal,hetero,med,d_capacity_a0.2_b0.2_g0.6,3,181,181,0,1.0,0.7793645861752169,0.6072449543339512,25,0.23511152374019628,0.1645336186587146,7801.948443948799,128.1731104972376,199.884,"{'family': 'd_capacity', 'alpha': 0.2, 'beta': 0.2, 'gamma': 0.6}"
tune,bimodal,hetero,med,d_capacity_a0.2_b0.4_g0.4,3,181,181,0,1.0,0.7734586739464133,0.5980505439550531,24,0.20073615963765976,0.12098434167583023,7477.63937947987,133.732044198895,208.87,"{'family': 'd_capacity', 'alpha': 0.2, 'beta': 0.4, 'gamma': 0.4}"
tune,bimodal,hetero,med,d_capacity_a0.2_b0.6_g0.2,3,181,181,0,1.0,0.7672665721812463,0.5981344688978135,24,0.18635990429150798,0.1072675708672256,7520.501468699922,132.96985635359115,199.793,"{'family': 'd_capacity', 'alpha': 0.2, 'beta': 0.6, 'gamma': 0.2}"
tune,bimodal,hetero,med,d_capacity_a0.2_b0.8_g0.0,3,181,181,0,1.0,0.7547850783682931,0.6150180131100099,30,0.16474822272681774,0.05475725601303129,12600.390653879522,79.3626187845304,115.677,"{'family': 'd_capacity', 'alpha': 0.2, 'beta': 0.8, 'gamma': 0.0}"
tune,bimodal,hetero,med,d_capacity_a0.4_b0.0_g0.6,3,181,181,0,1.0,0.7833443909282416,0.6045214230900713,26,0.30955879181446444,0.20258935966862152,8959.05661628806,111.61889502762432,180.738,"{'family': 'd_capacity', 'alpha': 0.4, 'beta': 0.0, 'gamma': 0.6}"
tune,bimodal,hetero,med,d_capacity_a0.4_b0.2_g0.4,3,181,181,0,1.0,0.7792054369715763,0.607961976149748,25,0.2351619100711731,0.16913037195002786,7854.579703826799,127.31425966850829,204.192,"{'family': 'd_capacity', 'alpha': 0.4, 'beta': 0.2, 'gamma': 0.4}"
tune,bimodal,hetero,med,d_capacity_a0.4_b0.4_g0.2,3,181,181,0,1.0,0.7734586739464133,0.5980505439550531,24,0.20073615963765976,0.12098434167583023,7492.367822937714,133.46915469613262,209.251,"{'family': 'd_capacity', 'alpha': 0.4, 'beta': 0.4, 'gamma': 0.2}"
tune,bimodal,hetero,med,d_capacity_a0.4_b0.6_g0.0,3,181,181,0,1.0,0.7672665721812463,0.5981344688978135,24,0.18635990429150798,0.1072675708672256,13584.366420647037,73.61403314917128,110.357,"{'family': 'd_capacity', 'alpha': 0.4, 'beta': 0.6, 'gamma': 0.0}"
tune,bimodal,hetero,med,d_capacity_a0.6_b0.0_g0.4,3,181,181,0,1.0,0.7833443909282416,0.6045214230900713,26,0.30955879181446444,0.20258935966862152,8925.194542120262,112.04237569060773,180.748,"{'family': 'd_capacity', 'alpha': 0.6, 'beta': 0.0, 'gamma': 0.4}"
tune,bimodal,hetero,med,d_capacity_a0.6_b0.2_g0.2,3,181,181,0,1.0,0.7842467632397486,0.5960813914683644,26,0.2650356488746447,0.1851926065071873,7950.364774595519,125.78039226519337,200.134,"{'family': 'd_capacity', 'alpha': 0.6, 'beta': 0.2, 'gamma': 0.2}"
tune,bimodal,hetero,med,d_capacity_a0.6_b0.4_g0.0,3,181,181,0,1.0,0.7703258147162898,0.5984400990038877,24,0.1796873326372035,0.09873074332621522,13678.970434530254,73.10491712707181,112.591,"{'family': 'd_capacity', 'alpha': 0.6, 'beta': 0.4, 'gamma': 0.0}"
tune,bimodal,hetero,med,d_capacity_a0.8_b0.0_g0.2,3,181,181,0,1.0,0.7833443909282416,0.6045214230900713,26,0.30955879181446444,0.20258935966862152,8913.3454892981,112.19132044198895,185.176,"{'family': 'd_capacity', 'alpha': 0.8, 'beta': 0.0, 'gamma': 0.2}"
tune,bimodal,hetero,med,d_capacity_a0.8_b0.2_g0.0,3,181,181,0,1.0,0.7842467632397486,0.5960813914683644,26,0.2650356488746447,0.1851926065071873,14285.423390747055,70.00142541436463,111.809,"{'family': 'd_capacity', 'alpha': 0.8, 'beta': 0.2, 'gamma': 0.0}"
tune,bimodal,hetero,med,binpack,4,168,168,0,1.0,0.7931317516095068,0.5580993196321525,26,0.30315791665636677,0.19474315550192198,19113.349901270445,52.319452380952384,83.676,{}
tune,bimodal,hetero,med,hybrid_a0.1,4,168,168,0,1.0,0.7867818813640999,0.562219584002494,30,0.23171703396089438,0.016313332244712066,11334.39188457541,88.22705357142857,117.68,"{'family': 'hybrid', 'alpha': 0.1}"
tune,bimodal,hetero,med,hybrid_a0.2,4,168,168,0,1.0,0.7784489198328025,0.5703078433288379,30,0.20945335501213205,0.03332089056899785,12291.052114060964,81.36,113.663,"{'family': 'hybrid', 'alpha': 0.2}"
tune,bimodal,hetero,med,hybrid_a0.3,4,168,168,0,1.0,0.7744872076141162,0.5641448776736877,30,0.2367548503824408,0.049744278935817614,12748.765987749346,78.43896428571429,111.849,"{'family': 'hybrid', 'alpha': 0.3}"
tune,bimodal,hetero,med,hybrid_a0.4,4,168,168,0,1.0,0.7777188888696959,0.5713268960887005,26,0.22483415732019604,0.09603979890187817,13334.496397741359,74.99345833333332,112.681,"{'family': 'hybrid', 'alpha': 0.4}"
tune,bimodal,hetero,med,hybrid_a0.5,4,168,168,0,1.0,0.7886419770144624,0.5580541224819004,25,0.24505096929903777,0.13429795846969045,13725.649431553864,72.85629761904762,111.428,"{'family': 'hybrid', 'alpha': 0.5}"
tune,bimodal,hetero,med,hybrid_a0.6,4,168,168,0,1.0,0.7912392798809467,0.5623108253095849,25,0.23509072842061912,0.08678101622714345,13756.111029502437,72.69496428571429,112.17,"{'family': 'hybrid', 'alpha': 0.6}"
tune,bimodal,hetero,med,hybrid_a0.7,4,168,168,0,1.0,0.7908408136987345,0.5434901508153424,25,0.28933295685556637,0.11290989083913106,13914.105905229368,71.86951190476191,112.069,"{'family': 'hybrid', 'alpha': 0.7}"
tune,bimodal,hetero,med,hybrid_a0.8,4,168,168,0,1.0,0.789274084110176,0.5547310892391686,26,0.3411253869780097,0.17985732895933312,14299.577336838205,69.9321369047619,108.372,"{'family': 'hybrid', 'alpha': 0.8}"
tune,bimodal,hetero,med,hybrid_a0.9,4,168,168,0,1.0,0.7891659739107166,0.549838931165264,26,0.3302483917942126,0.16059338288225383,14266.609645518907,70.0937380952381,110.607,"{'family': 'hybrid', 'alpha': 0.9}"
tune,bimodal,hetero,med,balance_l0.05,4,168,168,0,1.0,0.789113807904461,0.5484864669643296,26,0.33154868998889153,0.18728433044473045,17034.073724079437,58.705863095238094,94.427,"{'family': 'balance', 'lam': 0.05}"
tune,bimodal,hetero,med,balance_l0.1,4,168,168,0,1.0,0.789113807904461,0.5484864669643296,26,0.33154868998889153,0.18728433044473045,17027.155881179642,58.72971428571428,94.607,"{'family': 'balance', 'lam': 0.1}"
tune,bimodal,hetero,med,balance_l0.2,4,168,168,0,1.0,0.7909636611071671,0.5592553159261182,26,0.30099148475858745,0.17276797243391753,17088.819853221277,58.51779166666667,94.577,"{'family': 'balance', 'lam': 0.2}"
tune,bimodal,hetero,med,balance_l0.4,4,168,168,0,1.0,0.7914328585153801,0.5637221466490424,25,0.25281130800140134,0.11177294657525345,16476.279012839434,60.69331547619047,93.715,"{'family': 'balance', 'lam': 0.4}"
tune,bimodal,hetero,med,balance_l0.8,4,168,168,0,1.0,0.7708034885093125,0.5678673992933949,26,0.22473954907917373,0.08760039201509338,16145.884990554658,61.93528571428572,94.958,"{'family': 'balance', 'lam': 0.8}"
tune,bimodal,hetero,med,wmatch_l0.05,4,168,168,0,1.0,0.7931317516095068,0.5580993196321525,26,0.30315791665636677,0.19474315550192198,11723.141271528188,85.30136904761905,137.427,"{'family': 'wmatch', 'lam': 0.05}"
tune,bimodal,hetero,med,wmatch_l0.1,4,168,168,0,1.0,0.7931317516095068,0.5580993196321525,26,0.30315791665636677,0.19474315550192198,11783.323202948524,84.86570238095238,135.644,"{'family': 'wmatch', 'lam': 0.1}"
tune,bimodal,hetero,med,wmatch_l0.2,4,168,168,0,1.0,0.7931317516095068,0.5580993196321525,26,0.30315791665636677,0.19474315550192198,11732.54818375964,85.23297619047618,135.984,"{'family': 'wmatch', 'lam': 0.2}"
tune,bimodal,hetero,med,wmatch_l0.4,4,168,168,0,1.0,0.7931317516095068,0.5580993196321525,26,0.30315791665636677,0.19474315550192198,11903.194718269095,84.01105952380952,132.758,"{'family': 'wmatch', 'lam': 0.4}"
tune,bimodal,hetero,med,wmatch_l0.8,4,168,168,0,1.0,0.7931317516095068,0.5580993196321525,26,0.30315791665636677,0.19474315550192198,11823.23836387494,84.57919642857144,135.283,"{'family': 'wmatch', 'lam': 0.8}"
tune,bimodal,hetero,med,d_cheap_a0.0_b0.4_g0.6,4,168,168,0,1.0,0.7907920366475154,0.5623924006747144,25,0.2345619098220584,0.08678101622714345,10847.22439866184,92.18948214285714,130.925,"{'family': 'd_cheap', 'alpha': 0.0, 'beta': 0.4, 'gamma': 0.6}"
tune,bimodal,hetero,med,d_cheap_a0.0_b0.6_g0.4,4,168,168,0,1.0,0.7778328853742617,0.5796475832274827,26,0.21662746668597951,0.05815714623216527,10484.412300012955,95.37969047619048,130.554,"{'family': 'd_cheap', 'alpha': 0.0, 'beta': 0.6, 'gamma': 0.4}"
tune,bimodal,hetero,med,d_cheap_a0.0_b0.8_g0.2,4,168,168,0,1.0,0.778736177733181,0.5712670335421575,30,0.21563477297296557,0.03432824634196552,9665.875426542712,103.45674404761905,142.646,"{'family': 'd_cheap', 'alpha': 0.0, 'beta': 0.8, 'gamma': 0.2}"
tune,bimodal,hetero,med,d_cheap_a0.0_b1.0_g0.0,4,168,168,0,1.0,0.7763127228780031,0.4865431884674256,30,0.290612188704422,0.008081933062108308,10035.089961893538,99.65032738095238,132.167,"{'family': 'd_cheap', 'alpha': 0.0, 'beta': 1.0, 'gamma': 0.0}"
tune,bimodal,hetero,med,d_cheap_a0.2_b0.2_g0.6,4,168,168,0,1.0,0.7864614490661813,0.5597606411892084,26,0.32470503467128675,0.17613637564425483,11035.399657180054,90.61747023809524,143.579,"{'family': 'd_cheap', 'alpha': 0.2, 'beta': 0.2, 'gamma': 0.6}"
tune,bimodal,hetero,med,d_cheap_a0.2_b0.4_g0.4,4,168,168,0,1.0,0.7912392798809467,0.5623108253095849,25,0.23509072842061912,0.08678101622714345,10629.573168224006,94.07715476190477,147.887,"{'family': 'd_cheap', 'alpha': 0.2, 'beta': 0.4, 'gamma': 0.4}"
tune,bimodal,hetero,med,d_cheap_a0.2_b0.6_g0.2,4,168,168,0,1.0,0.7777145250900336,0.5798963335443809,27,0.21626035608485347,0.09461665871509568,9814.601018358328,101.88901190476192,169.457,"{'family': 'd_cheap', 'alpha': 0.2, 'beta': 0.6, 'gamma': 0.2}"
tune,bimodal,hetero,med,d_cheap_a0.2_b0.8_g0.0,4,168,168,0,1.0,0.7784489198328025,0.5703078433288379,30,0.20945335501213205,0.03332089056899785,12363.980574714615,80.88010119047618,115.496,"{'family': 'd_cheap', 'alpha': 0.2, 'beta': 0.8, 'gamma': 0.0}"
tune,bimodal,hetero,med,d_cheap_a0.4_b0.0_g0.6,4,168,168,0,1.0,0.7928129113844928,0.5666052981913167,26,0.301005363698588,0.19339579421778705,13033.220670967268,76.72700595238095,114.695,"{'family': 'd_cheap', 'alpha': 0.4, 'beta': 0.0, 'gamma': 0.6}"
tune,bimodal,hetero,med,d_cheap_a0.4_b0.2_g0.4,4,168,168,0,1.0,0.7864614490661813,0.5597606411892084,26,0.32470503467128675,0.17613637564425483,11324.792417566128,88.3018392857143,126.216,"{'family': 'd_cheap', 'alpha': 0.4, 'beta': 0.2, 'gamma': 0.4}"
tune,bimodal,hetero,med,d_cheap_a0.4_b0.4_g0.2,4,168,168,0,1.0,0.7912392798809467,0.5623108253095849,25,0.23509072842061912,0.08678101622714345,10913.537112457374,91.62932142857143,131.646,"{'family': 'd_cheap', 'alpha': 0.4, 'beta': 0.4, 'gamma': 0.2}"
tune,bimodal,hetero,med,d_cheap_a0.4_b0.6_g0.0,4,168,168,0,1.0,0.7777188888696959,0.5713268960887005,26,0.22483415732019604,0.09603979890187817,13379.294395126877,74.74235714285714,111.368,"{'family': 'd_cheap', 'alpha': 0.4, 'beta': 0.6, 'gamma': 0.0}"
tune,bimodal,hetero,med,d_cheap_a0.6_b0.0_g0.4,4,168,168,0,1.0,0.7931317516095068,0.5580993196321525,26,0.30315791665636677,0.19474315550192198,13065.470450260998,76.53761904761906,117.21,"{'family': 'd_cheap', 'alpha': 0.6, 'beta': 0.0, 'gamma': 0.4}"
tune,bimodal,hetero,med,d_cheap_a0.6_b0.2_g0.2,4,168,168,0,1.0,0.7864614490661813,0.5597606411892084,26,0.32470503467128675,0.17613637564425483,11417.034010868609,87.58842261904762,133.42,"{'family': 'd_cheap', 'alpha': 0.6, 'beta': 0.2, 'gamma': 0.2}"
tune,bimodal,hetero,med,d_cheap_a0.6_b0.4_g0.0,4,168,168,0,1.0,0.7912392798809467,0.5623108253095849,25,0.23509072842061912,0.08678101622714345,13681.276424000998,73.09259523809524,114.114,"{'family': 'd_cheap', 'alpha': 0.6, 'beta': 0.4, 'gamma': 0.0}"
tune,bimodal,hetero,med,d_cheap_a0.8_b0.0_g0.2,4,168,168,0,1.0,0.7931317516095068,0.5580993196321525,26,0.30315791665636677,0.19474315550192198,12878.765055218855,77.64719642857143,118.502,"{'family': 'd_cheap', 'alpha': 0.8, 'beta': 0.0, 'gamma': 0.2}"
tune,bimodal,hetero,med,d_cheap_a0.8_b0.2_g0.0,4,168,168,0,1.0,0.789274084110176,0.5547310892391686,26,0.3411253869780097,0.17985732895933312,14495.989960491524,68.98459523809524,111.468,"{'family': 'd_cheap', 'alpha': 0.8, 'beta': 0.2, 'gamma': 0.0}"
tune,bimodal,hetero,med,d_capacity_a0.0_b0.4_g0.6,4,168,168,0,1.0,0.7913250090276989,0.5645915182329088,25,0.23289576464404757,0.09321839653160391,8040.84865988488,124.36498214285714,196.348,"{'family': 'd_capacity', 'alpha': 0.0, 'beta': 0.4, 'gamma': 0.6}"
tune,bimodal,hetero,med,d_capacity_a0.0_b0.6_g0.4,4,168,168,0,1.0,0.7757016809402539,0.5719670332451797,26,0.22163677457105305,0.0959640199992306,7798.419761641299,128.23110714285716,199.283,"{'family': 'd_capacity', 'alpha': 0.0, 'beta': 0.6, 'gamma': 0.4}"
tune,bimodal,hetero,med,d_capacity_a0.0_b0.8_g0.2,4,168,168,0,1.0,0.775771174321477,0.5740919803144396,30,0.2098947812155421,0.030581999657899407,7189.355030122114,139.0945357142857,200.134,"{'family': 'd_capacity', 'alpha': 0.0, 'beta': 0.8, 'gamma': 0.2}"
tune,bimodal,hetero,med,d_capacity_a0.0_b1.0_g0.0,4,168,168,0,1.0,0.7763127228780031,0.4865431884674256,30,0.290612188704422,0.008081933062108308,10452.589666420532,95.67007142857143,118.902,"{'family': 'd_capacity', 'alpha': 0.0, 'beta': 1.0, 'gamma': 0.0}"
tune,bimodal,hetero,med,d_capacity_a0.2_b0.2_g0.6,4,168,168,0,1.0,0.7864614490661813,0.5597606411892084,26,0.32470503467128675,0.17613637564425483,8517.80766840986,117.40110119047618,182.071,"{'family': 'd_capacity', 'alpha': 0.2, 'beta': 0.2, 'gamma': 0.6}"
tune,bimodal,hetero,med,d_capacity_a0.2_b0.4_g0.4,4,168,168,0,1.0,0.7912392798809467,0.5623108253095849,25,0.23509072842061912,0.08678101622714345,8139.489532882932,122.85782738095239,187.37,"{'family': 'd_capacity', 'alpha': 0.2, 'beta': 0.4, 'gamma': 0.4}"
tune,bimodal,hetero,med,d_capacity_a0.2_b0.6_g0.2,4,168,168,0,1.0,0.7777145250900336,0.5798963335443809,27,0.21626035608485347,0.09461665871509568,7784.154297506486,128.46610714285714,192.42,"{'family': 'd_capacity', 'alpha': 0.2, 'beta': 0.6, 'gamma': 0.2}"
tune,bimodal,hetero,med,d_capacity_a0.2_b0.8_g0.0,4,168,168,0,1.0,0.7784489198328025,0.5703078433288379,30,0.20945335501213205,0.03332089056899785,12552.001147611534,79.66857142857144,110.867,"{'family': 'd_capacity', 'alpha': 0.2, 'beta': 0.8, 'gamma': 0.0}"
tune,bimodal,hetero,med,d_capacity_a0.4_b0.0_g0.6,4,168,168,0,1.0,0.7931317516095068,0.5580993196321525,26,0.30315791665636677,0.19474315550192198,9524.231203206898,104.99535119047619,170.228,"{'family': 'd_capacity', 'alpha': 0.4, 'beta': 0.0, 'gamma': 0.6}"
tune,bimodal,hetero,med,d_capacity_a0.4_b0.2_g0.4,4,168,168,0,1.0,0.7864614490661813,0.5597606411892084,26,0.32470503467128675,0.17613637564425483,8502.393044070788,117.61394642857144,180.999,"{'family': 'd_capacity', 'alpha': 0.4, 'beta': 0.2, 'gamma': 0.4}"
tune,bimodal,hetero,med,d_capacity_a0.4_b0.4_g0.2,4,168,168,0,1.0,0.7912392798809467,0.5623108253095849,25,0.23509072842061912,0.08678101622714345,8080.158636600204,123.75994642857144,192.31,"{'family': 'd_capacity', 'alpha': 0.4, 'beta': 0.4, 'gamma': 0.2}"
tune,bimodal,hetero,med,d_capacity_a0.4_b0.6_g0.0,4,168,168,0,1.0,0.7777188888696959,0.5713268960887005,26,0.22483415732019604,0.09603979890187817,13383.76036823186,74.71741666666667,110.928,"{'family': 'd_capacity', 'alpha': 0.4, 'beta': 0.6, 'gamma': 0.0}"
tune,bimodal,hetero,med,d_capacity_a0.6_b0.0_g0.4,4,168,168,0,1.0,0.7931317516095068,0.5580993196321525,26,0.30315791665636677,0.19474315550192198,9460.024078013665,105.70797619047619,165.79,"{'family': 'd_capacity', 'alpha': 0.6, 'beta': 0.0, 'gamma': 0.4}"
tune,bimodal,hetero,med,d_capacity_a0.6_b0.2_g0.2,4,168,168,0,1.0,0.7864614490661813,0.5597606411892084,26,0.32470503467128675,0.17613637564425483,8530.358377619265,117.22836904761905,180.828,"{'family': 'd_capacity', 'alpha': 0.6, 'beta': 0.2, 'gamma': 0.2}"
tune,bimodal,hetero,med,d_capacity_a0.6_b0.4_g0.0,4,168,168,0,1.0,0.7912392798809467,0.5623108253095849,25,0.23509072842061912,0.08678101622714345,13796.372440957686,72.48282142857144,109.845,"{'family': 'd_capacity', 'alpha': 0.6, 'beta': 0.4, 'gamma': 0.0}"
tune,bimodal,hetero,med,d_capacity_a0.8_b0.0_g0.2,4,168,168,0,1.0,0.7931317516095068,0.5580993196321525,26,0.30315791665636677,0.19474315550192198,9438.803573216406,105.94563095238095,167.122,"{'family': 'd_capacity', 'alpha': 0.8, 'beta': 0.0, 'gamma': 0.2}"
tune,bimodal,hetero,med,d_capacity_a0.8_b0.2_g0.0,4,168,168,0,1.0,0.789274084110176,0.5547310892391686,26,0.3411253869780097,0.17985732895933312,14287.338620045492,69.99204166666667,113.142,"{'family': 'd_capacity', 'alpha': 0.8, 'beta': 0.2, 'gamma': 0.0}"
tune,bimodal,hetero,med,binpack,5,166,166,0,1.0,0.7953208036061483,0.4763789699183526,25,0.3720268354040998,0.25078888153468876,18853.2413719163,53.04127710843374,81.893,{}
tune,bimodal,hetero,med,hybrid_a0.1,5,166,166,0,1.0,0.7629028370148803,0.48731729698706133,30,0.28288973099468556,0.0163263199259095,10956.336359526238,91.27138554216867,114.384,"{'family': 'hybrid', 'alpha': 0.1}"
tune,bimodal,hetero,med,hybrid_a0.2,5,166,166,0,1.0,0.7603368447129745,0.47708045250411496,30,0.29037388177829954,0.034850805140512225,11377.707397442648,87.8911686746988,112.771,"{'family': 'hybrid', 'alpha': 0.2}"
tune,bimodal,hetero,med,hybrid_a0.3,5,166,166,0,1.0,0.756169332994892,0.4920416676565847,30,0.2815996868827303,0.07050924193169583,11997.53371180493,83.35046385542168,114.053,"{'family': 'hybrid', 'alpha': 0.3}"
tune,bimodal,hetero,med,hybrid_a0.4,5,166,166,0,1.0,0.7799677688347386,0.4702990545504784,25,0.31050802131105265,0.1277483147881475,12900.848199682747,77.51428313253012,113.172,"{'family': 'hybrid', 'alpha': 0.4}"
tune,bimodal,hetero,med,hybrid_a0.5,5,166,166,0,1.0,0.7836236210988111,0.48275538408708496,25,0.3290646529795776,0.15600297251312958,13336.920911496594,74.97982530120483,110.166,"{'family': 'hybrid', 'alpha': 0.5}"
tune,bimodal,hetero,med,hybrid_a0.6,5,166,166,0,1.0,0.7782277159892919,0.49086291128283865,25,0.3378791456270352,0.1935350800336617,13491.983892196773,74.1180843373494,112.27,"{'family': 'hybrid', 'alpha': 0.6}"
tune,bimodal,hetero,med,hybrid_a0.7,5,166,166,0,1.0,0.7789719715028061,0.488117259379,25,0.3265452439423753,0.13775321748637165,13340.852430643039,74.95772891566266,109.385,"{'family': 'hybrid', 'alpha': 0.7}"
tune,bimodal,hetero,med,hybrid_a0.8,5,166,166,0,1.0,0.7935453380290259,0.4805004455458751,25,0.36382207224250723,0.16392624842085016,13755.599295415002,72.6976686746988,115.135,"{'family': 'hybrid', 'alpha': 0.8}"
tune,bimodal,hetero,med,hybrid_a0.9,5,166,166,0,1.0,0.7937928450662336,0.4788555500909668,25,0.3657144747346233,0.1964550487804775,13775.758697835621,72.59128313253012,110.025,"{'family': 'hybrid', 'alpha': 0.9}"
tune,bimodal,hetero,med,balance_l0.05,5,166,166,0,1.0,0.7954842817230529,0.478029205104755,25,0.3684504297386887,0.20922346819913784,16473.598081917447,60.70319277108434,93.104,"{'family': 'balance', 'lam': 0.05}"
tune,bimodal,hetero,med,balance_l0.1,5,166,166,0,1.0,0.7939812069730773,0.4787432555607554,25,0.3695147141893759,0.23414405344284198,16482.848156726068,60.6691265060241,91.712,"{'family': 'balance', 'lam': 0.1}"
tune,bimodal,hetero,med,balance_l0.2,5,166,166,0,1.0,0.7934242073310522,0.4737069929429084,25,0.3706843529549306,0.2060316635314598,16114.783858034578,62.054819277108436,95.269,"{'family': 'balance', 'lam': 0.2}"
tune,bimodal,hetero,med,balance_l0.4,5,166,166,0,1.0,0.777817952100679,0.4857640465758298,25,0.3478880039011652,0.1574405590996513,16291.153932856303,61.38300602409639,91.551,"{'family': 'balance', 'lam': 0.4}"
tune,bimodal,hetero,med,balance_l0.8,5,166,166,0,1.0,0.7518915644678033,0.4787678202175636,25,0.3013201602180912,0.10574727095032048,15311.131884648146,65.3119578313253,94.146,"{'family': 'balance', 'lam': 0.8}"
tune,bimodal,hetero,med,wmatch_l0.05,5,166,166,0,1.0,0.7953208036061483,0.4763789699183526,25,0.3720268354040998,0.25078888153468876,11595.458212692836,86.2406626506024,132.648,"{'family': 'wmatch', 'lam': 0.05}"
tune,bimodal,hetero,med,wmatch_l0.1,5,166,166,0,1.0,0.7953208036061483,0.4763789699183526,25,0.3720268354040998,0.25078888153468876,11645.542517770502,85.86976506024097,133.349,"{'family': 'wmatch', 'lam': 0.1}"
tune,bimodal,hetero,med,wmatch_l0.2,5,166,166,0,1.0,0.7953208036061483,0.4763789699183526,25,0.3720268354040998,0.25078888153468876,11475.590140864251,87.14148795180722,135.273,"{'family': 'wmatch', 'lam': 0.2}"
tune,bimodal,hetero,med,wmatch_l0.4,5,166,166,0,1.0,0.7954842817230529,0.478029205104755,25,0.3684504297386887,0.20922346819913784,11362.84140033467,88.00615662650603,134.852,"{'family': 'wmatch', 'lam': 0.4}"
tune,bimodal,hetero,med,wmatch_l0.8,5,166,166,0,1.0,0.7954842817230529,0.478029205104755,25,0.3684504297386887,0.20922346819913784,11351.076205108204,88.09737349397591,133.99,"{'family': 'wmatch', 'lam': 0.8}"
tune,bimodal,hetero,med,d_cheap_a0.0_b0.4_g0.6,5,166,166,0,1.0,0.7782277159892919,0.4908495471420011,25,0.3378925097678728,0.1935350800336617,10469.108781797473,95.51911445783132,149.46,"{'family': 'd_cheap', 'alpha': 0.0, 'beta': 0.4, 'gamma': 0.6}"
tune,bimodal,hetero,med,d_cheap_a0.0_b0.6_g0.4,5,166,166,0,1.0,0.7708262215289977,0.4844807564918946,27,0.28718477206389553,0.11056519903067723,9483.359702976602,105.44786144578313,148.307,"{'family': 'd_cheap', 'alpha': 0.0, 'beta': 0.6, 'gamma': 0.4}"
tune,bimodal,hetero,med,d_cheap_a0.0_b0.8_g0.2,5,166,166,0,1.0,0.7610111297117039,0.4793802844167823,30,0.28506953325613943,0.02579586178083838,8465.001502282797,118.13346987951807,158.076,"{'family': 'd_cheap', 'alpha': 0.0, 'beta': 0.8, 'gamma': 0.2}"
tune,bimodal,hetero,med,d_cheap_a0.0_b1.0_g0.0,5,166,166,0,1.0,0.7532120942938901,0.40780007979782457,30,0.3454120144960655,0.008762583950062817,9871.781613354784,101.2988373493976,128.931,"{'family': 'd_cheap', 'alpha': 0.0, 'beta': 1.0, 'gamma': 0.0}"
tune,bimodal,hetero,med,d_cheap_a0.2_b0.2_g0.6,5,166,166,0,1.0,0.7930368113435866,0.48083902395940126,25,0.36297496714354177,0.21490727337129423,10571.367108299326,94.59514457831325,142.697,"{'family': 'd_cheap', 'alpha': 0.2, 'beta': 0.2, 'gamma': 0.6}"
tune,bimodal,hetero,med,d_cheap_a0.2_b0.4_g0.4,5,166,166,0,1.0,0.7782277159892919,0.4908495471420011,25,0.3378925097678728,0.1935350800336617,10544.107717588144,94.83969879518072,142.296,"{'family': 'd_cheap', 'alpha': 0.2, 'beta': 0.4, 'gamma': 0.4}"
tune,bimodal,hetero,med,d_cheap_a0.2_b0.6_g0.2,5,166,166,0,1.0,0.7761922381577729,0.4839415355200425,26,0.2930900096645229,0.1272811569480846,9588.564516223129,104.29089759036145,150.512,"{'family': 'd_cheap', 'alpha': 0.2, 'beta': 0.6, 'gamma': 0.2}"
tune,bimodal,hetero,med,d_cheap_a0.2_b0.8_g0.0,5,166,166,0,1.0,0.7603368447129745,0.47708045250411496,30,0.29037388177829954,0.034850805140512225,11424.574990325244,87.53060843373494,114.915,"{'family': 'd_cheap', 'alpha': 0.2, 'beta': 0.8, 'gamma': 0.0}"
tune,bimodal,hetero,med,d_cheap_a0.4_b0.0_g0.6,5,166,166,0,1.0,0.7955183621882027,0.4788459692463049,25,0.36766774606228864,0.20922346819913784,12371.876548347804,80.82848192771085,123.561,"{'family': 'd_cheap', 'alpha': 0.4, 'beta': 0.0, 'gamma': 0.6}"
tune,bimodal,hetero,med,d_cheap_a0.4_b0.2_g0.4,5,166,166,0,1.0,0.7930368113435866,0.48083902395940126,25,0.36297496714354177,0.21490727337129423,10646.59940880588,93.9267048192771,142.386,"{'family': 'd_cheap', 'alpha': 0.4, 'beta': 0.2, 'gamma': 0.4}"
tune,bimodal,hetero,med,d_cheap_a0.4_b0.4_g0.2,5,166,166,0,1.0,0.7782277159892919,0.4908495471420011,25,0.3378925097678728,0.1935350800336617,10417.191579118851,95.99516265060241,143.799,"{'family': 'd_cheap', 'alpha': 0.4, 'beta': 0.4, 'gamma': 0.2}"
tune,bimodal,hetero,med,d_cheap_a0.4_b0.6_g0.0,5,166,166,0,1.0,0.7799677688347386,0.4702990545504784,25,0.31050802131105265,0.1277483147881475,12798.80486918966,78.13229518072289,116.177,"{'family': 'd_cheap', 'alpha': 0.4, 'beta': 0.6, 'gamma': 0.0}"
tune,bimodal,hetero,med,d_cheap_a0.6_b0.0_g0.4,5,166,166,0,1.0,0.7955183621882027,0.4788459692463049,25,0.36766774606228864,0.20922346819913784,12281.935529456852,81.42039156626505,124.984,"{'family': 'd_cheap', 'alpha': 0.6, 'beta': 0.0, 'gamma': 0.4}"
tune,bimodal,hetero,med,d_cheap_a0.6_b0.2_g0.2,5,166,166,0,1.0,0.7930368113435866,0.48083902395940126,25,0.36297496714354177,0.21490727337129423,10603.525186661967,94.30825903614458,143.589,"{'family': 'd_cheap', 'alpha': 0.6, 'beta': 0.2, 'gamma': 0.2}"
tune,bimodal,hetero,med,d_cheap_a0.6_b0.4_g0.0,5,166,166,0,1.0,0.7782277159892919,0.49086291128283865,25,0.3378791456270352,0.1935350800336617,13532.836694531266,73.8943373493976,110.606,"{'family': 'd_cheap', 'alpha': 0.6, 'beta': 0.4, 'gamma': 0.0}"
tune,bimodal,hetero,med,d_cheap_a0.8_b0.0_g0.2,5,166,166,0,1.0,0.7953208036061483,0.4763789699183526,25,0.3720268354040998,0.25078888153468876,12380.687648750047,80.7709578313253,125.375,"{'family': 'd_cheap', 'alpha': 0.8, 'beta': 0.0, 'gamma': 0.2}"
tune,bimodal,hetero,med,d_cheap_a0.8_b0.2_g0.0,5,166,166,0,1.0,0.7935453380290259,0.4805004455458751,25,0.36382207224250723,0.16392624842085016,13712.923579611659,72.92390963855422,108.342,"{'family': 'd_cheap', 'alpha': 0.8, 'beta': 0.2, 'gamma': 0.0}"
tune,bimodal,hetero,med,d_capacity_a0.0_b0.4_g0.6,5,166,166,0,1.0,0.7766563096859481,0.4918631016755159,25,0.33530754893101405,0.15724131744961423,7452.693578552692,134.1796746987952,202.959,"{'family': 'd_capacity', 'alpha': 0.0, 'beta': 0.4, 'gamma': 0.6}"
tune,bimodal,hetero,med,d_capacity_a0.0_b0.6_g0.4,5,166,166,0,1.0,0.7737880630404598,0.4830501817418418,26,0.29157718832541046,0.0706173921449385,6759.018474881227,147.95047590361446,214.791,"{'family': 'd_capacity', 'alpha': 0.0, 'beta': 0.6, 'gamma': 0.4}"
tune,bimodal,hetero,med,d_capacity_a0.0_b0.8_g0.2,5,166,166,0,1.0,0.7579567370308439,0.48364095240873656,30,0.27861411533847197,0.028395563691378647,6310.126045528015,158.47543975903614,218.108,"{'family': 'd_capacity', 'alpha': 0.0, 'beta': 0.8, 'gamma': 0.2}"
tune,bimodal,hetero,med,d_capacity_a0.0_b1.0_g0.0,5,166,166,0,1.0,0.7532120942938901,0.40780007979782457,30,0.3454120144960655,0.008762583950062817,10058.356036840485,99.41982530120482,122.339,"{'family': 'd_capacity', 'alpha': 0.0, 'beta': 1.0, 'gamma': 0.0}"
tune,bimodal,hetero,med,d_capacity_a0.2_b0.2_g0.6,5,166,166,0,1.0,0.7960628515519971,0.4725641064294888,26,0.40387258396684195,0.23981116528442845,7794.103084901306,128.3021265060241,208.239,"{'family': 'd_capacity', 'alpha': 0.2, 'beta': 0.2, 'gamma': 0.6}"
tune,bimodal,hetero,med,d_capacity_a0.2_b0.4_g0.4,5,166,166,0,1.0,0.7780760939581395,0.49182586184254656,25,0.33676457303617496,0.17113815790324047,7443.735560666422,134.34115060240964,210.173,"{'family': 'd_capacity', 'alpha': 0.2, 'beta': 0.4, 'gamma': 0.4}"
tune,bimodal,hetero,med,d_capacity_a0.2_b0.6_g0.2,5,166,166,0,1.0,0.7693844312644573,0.48178470781894156,27,0.28843903047230834,0.061174819112838355,6665.5720673018795,150.0246325301205,215.614,"{'family': 'd_capacity', 'alpha': 0.2, 'beta': 0.6, 'gamma': 0.2}"
tune,bimodal,hetero,med,d_capacity_a0.2_b0.8_g0.0,5,166,166,0,1.0,0.7603368447129745,0.47708045250411496,30,0.29037388177829954,0.034850805140512225,11387.019195976292,87.81929518072289,115.406,"{'family': 'd_capacity', 'alpha': 0.2, 'beta': 0.8, 'gamma': 0.0}"
tune,bimodal,hetero,med,d_capacity_a0.4_b0.0_g0.6,5,166,166,0,1.0,0.7955360279446616,0.47805961119407064,25,0.3684717698709816,0.19894505739742827,8610.331412174748,116.13954819277107,184.926,"{'family': 'd_capacity', 'alpha': 0.4, 'beta': 0.0, 'gamma': 0.6}"
tune,bimodal,hetero,med,d_capacity_a0.4_b0.2_g0.4,5,166,166,0,1.0,0.7894152049532513,0.4789318189960735,26,0.3908572248015116,0.21070627187011426,7832.0447260709325,127.68057831325301,206.296,"{'family': 'd_capacity', 'alpha': 0.4, 'beta': 0.2, 'gamma': 0.4}"
tune,bimodal,hetero,med,d_capacity_a0.4_b0.4_g0.2,5,166,166,0,1.0,0.7782277159892919,0.4908495471420011,25,0.3378925097678728,0.1935350800336617,7436.524003822731,134.47142771084336,211.205,"{'family': 'd_capacity', 'alpha': 0.4, 'beta': 0.4, 'gamma': 0.2}"
tune,bimodal,hetero,med,d_capacity_a0.4_b0.6_g0.0,5,166,166,0,1.0,0.7799677688347386,0.4702990545504784,25,0.31050802131105265,0.1277483147881475,12796.240680328325,78.14795180722892,118.662,"{'family': 'd_capacity', 'alpha': 0.4, 'beta': 0.6, 'gamma': 0.0}"
tune,bimodal,hetero,med,d_capacity_a0.6_b0.0_g0.4,5,166,166,0,1.0,0.7955183621882027,0.4788459692463049,25,0.36766774606228864,0.20922346819913784,8399.372131753564,119.05651807228915,217.597,"{'family': 'd_capacity', 'alpha': 0.6, 'beta': 0.0, 'gamma': 0.4}"
tune,bimodal,hetero,med,d_capacity_a0.6_b0.2_g0.2,5,166,166,0,1.0,0.7936122663586962,0.47947597158866917,25,0.36491347452938344,0.1596587317957399,7592.982126806186,131.70056024096385,217.076,"{'family': 'd_capacity', 'alpha': 0.6, 'beta': 0.2, 'gamma': 0.2}"
tune,bimodal,hetero,med,d_capacity_a0.6_b0.4_g0.0,5,166,166,0,1.0,0.7782277159892919,0.49086291128283865,25,0.3378791456270352,0.1935350800336617,13564.507404096481,73.72180722891567,115.236,"{'family': 'd_capacity', 'alpha': 0.6, 'beta': 0.4, 'gamma': 0.0}"
tune,bimodal,hetero,med,d_capacity_a0.8_b0.0_g0.2,5,166,166,0,1.0,0.7953208036061483,0.4763789699183526,25,0.3720268354040998,0.25078888153468876,8562.250163469345,116.79172891566265,185.026,"{'family': 'd_capacity', 'alpha': 0.8, 'beta': 0.0, 'gamma': 0.2}"
tune,bimodal,hetero,med,d_capacity_a0.8_b0.2_g0.0,5,166,166,0,1.0,0.7935453380290259,0.4805004455458751,25,0.36382207224250723,0.16392624842085016,13551.04585094323,73.7950421686747,116.538,"{'family': 'd_capacity', 'alpha': 0.8, 'beta': 0.2, 'gamma': 0.0}"
tune,bimodal,hetero,med,binpack,6,181,181,0,1.0,0.7825876271339781,0.5404762711024925,25,0.3139827418969572,0.1976964460729433,18723.705348876425,53.40823204419889,84.568,{}
tune,bimodal,hetero,med,hybrid_a0.1,6,181,181,0,1.0,0.7606718883843591,0.5533013720981275,30,0.2105343158110134,0.012096475243839605,10623.255856539326,94.13309944751381,140.443,"{'family': 'hybrid', 'alpha': 0.1}"
tune,bimodal,hetero,med,hybrid_a0.2,6,181,181,0,1.0,0.7534725278295756,0.5635086534176589,30,0.19374891584726447,0.02131241267220873,11293.490232566033,88.54658563535912,120.646,"{'family': 'hybrid', 'alpha': 0.2}"
tune,bimodal,hetero,med,hybrid_a0.3,6,181,181,0,1.0,0.7553412933802277,0.5578791910809677,27,0.19928843924041087,0.04136467649009031,12294.225402328526,81.339,117.269,"{'family': 'hybrid', 'alpha': 0.3}"
tune,bimodal,hetero,med,hybrid_a0.4,6,181,181,0,1.0,0.7695899472606728,0.5410136420222857,24,0.22867073017450165,0.0717487911363148,12954.469263267165,77.1934364640884,112.27,"{'family': 'hybrid', 'alpha': 0.4}"
tune,bimodal,hetero,med,hybrid_a0.5,6,181,181,0,1.0,0.76781288060063,0.5254420734697669,24,0.27652190393994475,0.1366026051348768,13346.391659227835,74.92661878453039,112.461,"{'family': 'hybrid', 'alpha': 0.5}"
tune,bimodal,hetero,med,hybrid_a0.6,6,181,181,0,1.0,0.7801253050945679,0.5346450121883531,24,0.2503049561850395,0.11247502343583617,13180.283780976308,75.87090055248619,112.3,"{'family': 'hybrid', 'alpha': 0.6}"
tune,bimodal,hetero,med,hybrid_a0.7,6,181,181,0,1.0,0.7842796659350791,0.5478067617550331,25,0.2960983575411061,0.13193344072995553,13550.410408991063,73.79850276243094,111.729,"{'family': 'hybrid', 'alpha': 0.7}"
tune,bimodal,hetero,med,hybrid_a0.8,6,181,181,0,1.0,0.7832085588174598,0.5455213780283877,25,0.30550653863820226,0.1216376218270775,13839.228232881946,72.25836464088398,111.048,"{'family': 'hybrid', 'alpha': 0.8}"
tune,bimodal,hetero,med,hybrid_a0.9,6,181,181,0,1.0,0.7828516565724658,0.5448143386528442,25,0.29537864410107517,0.16480567859261003,13883.853967629602,72.02611049723758,111.589,"{'family': 'hybrid', 'alpha': 0.9}"
tune,bimodal,hetero,med,balance_l0.05,6,181,181,0,1.0,0.7827554957957817,0.5494388021690788,25,0.30588959926869336,0.1995961876538681,16468.076224810895,60.72354696132597,94.607,"{'family': 'balance', 'lam': 0.05}"
tune,bimodal,hetero,med,balance_l0.1,6,181,181,0,1.0,0.7832440492157043,0.5496677476349703,25,0.3120904917738682,0.2002294348475097,16540.75285099523,60.45674033149171,95.138,"{'family': 'balance', 'lam': 0.1}"
tune,bimodal,hetero,med,balance_l0.2,6,181,181,0,1.0,0.7825040296696909,0.5472171012778815,25,0.30001013009085803,0.1951634572983769,16523.071136842067,60.5214364640884,93.916,"{'family': 'balance', 'lam': 0.2}"
tune,bimodal,hetero,med,balance_l0.4,6,181,181,0,1.0,0.7755297205312585,0.5514853883429243,24,0.24604486612767804,0.1064629213011048,15798.872152558799,63.29565745856354,97.703,"{'family': 'balance', 'lam': 0.4}"
tune,bimodal,hetero,med,balance_l0.8,6,181,181,0,1.0,0.7587634110214513,0.53411620640313,25,0.2589861420389825,0.10169171488862433,15748.18495642886,63.49938121546961,96.3,"{'family': 'balance', 'lam': 0.8}"
tune,bimodal,hetero,med,wmatch_l0.05,6,181,181,0,1.0,0.7825876271339781,0.5404762711024925,25,0.3139827418969572,0.1976964460729433,11188.404510645458,89.37824861878454,141.405,"{'family': 'wmatch', 'lam': 0.05}"
tune,bimodal,hetero,med,wmatch_l0.1,6,181,181,0,1.0,0.7825876271339781,0.5404762711024925,25,0.3139827418969572,0.1976964460729433,11345.009123643802,88.1444861878453,139.802,"{'family': 'wmatch', 'lam': 0.1}"
tune,bimodal,hetero,med,wmatch_l0.2,6,181,181,0,1.0,0.7825876271339781,0.5404762711024925,25,0.3139827418969572,0.1976964460729433,11366.46442105102,87.97810497237569,145.231,"{'family': 'wmatch', 'lam': 0.2}"
tune,bimodal,hetero,med,wmatch_l0.4,6,181,181,0,1.0,0.7825876271339781,0.5404762711024925,25,0.3139827418969572,0.1976964460729433,11486.247439788423,87.06063535911602,138.499,"{'family': 'wmatch', 'lam': 0.4}"
tune,bimodal,hetero,med,wmatch_l0.8,6,181,181,0,1.0,0.7825876271339781,0.5404762711024925,25,0.3139827418969572,0.1976964460729433,11283.671629445718,88.62363535911601,142.476,"{'family': 'wmatch', 'lam': 0.8}"
tune,bimodal,hetero,med,d_cheap_a0.0_b0.4_g0.6,6,181,181,0,1.0,0.7803016166300311,0.5317356712232771,24,0.2533906086855787,0.1350872280608699,9926.385159867723,100.74160773480664,153.828,"{'family': 'd_cheap', 'alpha': 0.0, 'beta': 0.4, 'gamma': 0.6}"
tune,bimodal,hetero,med,d_cheap_a0.0_b0.6_g0.4,6,181,181,0,1.0,0.7647125770277429,0.545503107898696,25,0.2195258670368356,0.07345420809883543,9376.931401789077,106.64469613259668,149.871,"{'family': 'd_cheap', 'alpha': 0.0, 'beta': 0.6, 'gamma': 0.4}"
tune,bimodal,hetero,med,d_cheap_a0.0_b0.8_g0.2,6,181,181,0,1.0,0.7489150407838244,0.5636514410320365,30,0.1892606774940597,0.019763787179948828,8434.880439530902,118.55532596685083,162.554,"{'family': 'd_cheap', 'alpha': 0.0, 'beta': 0.8, 'gamma': 0.2}"
tune,bimodal,hetero,med,d_cheap_a0.0_b1.0_g0.0,6,181,181,0,1.0,0.7607387194588054,0.4786042201355249,30,0.2831025210330126,0.009566420714023752,9622.93358798841,103.91841436464088,132.067,"{'family': 'd_cheap', 'alpha': 0.0, 'beta': 1.0, 'gamma': 0.0}"
tune,bimodal,hetero,med,d_cheap_a0.2_b0.2_g0.6,6,181,181,0,1.0,0.7831023647687142,0.5410258902321359,25,0.29793116039214096,0.13340527115487855,10192.826885366063,98.10820994475138,152.365,"{'family': 'd_cheap', 'alpha': 0.2, 'beta': 0.2, 'gamma': 0.6}"
tune,bimodal,hetero,med,d_cheap_a0.2_b0.4_g0.4,6,181,181,0,1.0,0.7803016166300311,0.5317356712232771,24,0.2533906086855787,0.1350872280608699,9985.016957979076,100.15005524861878,145.402,"{'family': 'd_cheap', 'alpha': 0.2, 'beta': 0.4, 'gamma': 0.4}"
tune,bimodal,hetero,med,d_cheap_a0.2_b0.6_g0.2,6,181,181,0,1.0,0.7682371107637331,0.5386945694017962,24,0.229542541361937,0.10875619697766513,9540.257117835616,104.8189779005525,154.419,"{'family': 'd_cheap', 'alpha': 0.2, 'beta': 0.6, 'gamma': 0.2}"
tune,bimodal,hetero,med,d_cheap_a0.2_b0.8_g0.0,6,181,181,0,1.0,0.7534725278295756,0.5635086534176589,30,0.19374891584726447,0.02131241267220873,11260.35750701906,88.8071270718232,120.455,"{'family': 'd_cheap', 'alpha': 0.2, 'beta': 0.8, 'gamma': 0.0}"
tune,bimodal,hetero,med,d_cheap_a0.4_b0.0_g0.6,6,181,181,0,1.0,0.7825876271339781,0.5404762711024925,25,0.3139827418969572,0.1976964460729433,11949.066345507452,83.68854696132597,130.805,"{'family': 'd_cheap', 'alpha': 0.4, 'beta': 0.0, 'gamma': 0.6}"
tune,bimodal,hetero,med,d_cheap_a0.4_b0.2_g0.4,6,181,181,0,1.0,0.7831023647687142,0.5410258902321359,25,0.29793116039214096,0.13340527115487855,10321.888962707186,96.88149171270719,142.957,"{'family': 'd_cheap', 'alpha': 0.4, 'beta': 0.2, 'gamma': 0.4}"
tune,bimodal,hetero,med,d_cheap_a0.4_b0.4_g0.2,6,181,181,0,1.0,0.7801769223382637,0.5309707236499972,24,0.2540308619670913,0.14008171849504175,9852.516000540418,101.49691712707182,156.794,"{'family': 'd_cheap', 'alpha': 0.4, 'beta': 0.4, 'gamma': 0.2}"
tune,bimodal,hetero,med,d_cheap_a0.4_b0.6_g0.0,6,181,181,0,1.0,0.7695899472606728,0.5410136420222857,24,0.22867073017450165,0.0717487911363148,12611.548625010235,79.29240331491712,119.573,"{'family': 'd_cheap', 'alpha': 0.4, 'beta': 0.6, 'gamma': 0.0}"
tune,bimodal,hetero,med,d_cheap_a0.6_b0.0_g0.4,6,181,181,0,1.0,0.7825876271339781,0.5404762711024925,25,0.3139827418969572,0.1976964460729433,12040.5707363574,83.05254143646408,127.389,"{'family': 'd_cheap', 'alpha': 0.6, 'beta': 0.0, 'gamma': 0.4}"
tune,bimodal,hetero,med,d_cheap_a0.6_b0.2_g0.2,6,181,181,0,1.0,0.7825359131147734,0.5451913219059116,25,0.29058568483013075,0.1643905262709633,10221.137991009917,97.83646408839779,153.136,"{'family': 'd_cheap', 'alpha': 0.6, 'beta': 0.2, 'gamma': 0.2}"
tune,bimodal,hetero,med,d_cheap_a0.6_b0.4_g0.0,6,181,181,0,1.0,0.7801253050945679,0.5346450121883531,24,0.2503049561850395,0.11247502343583617,12728.024134584017,78.56679005524862,125.736,"{'family': 'd_cheap', 'alpha': 0.6, 'beta': 0.4, 'gamma': 0.0}"
tune,bimodal,hetero,med,d_cheap_a0.8_b0.0_g0.2,6,181,181,0,1.0,0.7825876271339781,0.5404762711024925,25,0.3139827418969572,0.1976964460729433,11976.351403883129,83.49788397790056,128.811,"{'family': 'd_cheap', 'alpha': 0.8, 'beta': 0.0, 'gamma': 0.2}"
tune,bimodal,hetero,med,d_cheap_a0.8_b0.2_g0.0,6,181,181,0,1.0,0.7832085588174598,0.5455213780283877,25,0.30550653863820226,0.1216376218270775,13548.838209580166,73.80706629834255,111.829,"{'family': 'd_cheap', 'alpha': 0.8, 'beta': 0.2, 'gamma': 0.0}"
tune,bimodal,hetero,med,d_capacity_a0.0_b0.4_g0.6,6,181,181,0,1.0,0.7803016166300311,0.5317356712232771,24,0.2533906086855787,0.1350872280608699,7005.18670215858,142.75137016574584,215.663,"{'family': 'd_capacity', 'alpha': 0.0, 'beta': 0.4, 'gamma': 0.6}"
tune,bimodal,hetero,med,d_capacity_a0.0_b0.6_g0.4,6,181,181,0,1.0,0.7643001751523603,0.5404949788260224,24,0.2244200370411198,0.08603380752875465,6699.924450023191,149.2554143646409,229.099,"{'family': 'd_capacity', 'alpha': 0.0, 'beta': 0.6, 'gamma': 0.4}"
tune,bimodal,hetero,med,d_capacity_a0.0_b0.8_g0.2,6,181,181,0,1.0,0.756748046505503,0.56061870612411,30,0.20024143026026053,0.027960885629354608,5928.958174934337,168.6636961325967,242.724,"{'family': 'd_capacity', 'alpha': 0.0, 'beta': 0.8, 'gamma': 0.2}"
tune,bimodal,hetero,med,d_capacity_a0.0_b1.0_g0.0,6,181,181,0,1.0,0.7607387194588054,0.4786042201355249,30,0.2831025210330126,0.009566420714023752,9417.4799562467,106.18551933701659,140.973,"{'family': 'd_capacity', 'alpha': 0.0, 'beta': 1.0, 'gamma': 0.0}"
tune,bimodal,hetero,med,d_capacity_a0.2_b0.2_g0.6,6,181,181,0,1.0,0.7831023647687142,0.5410258902321359,25,0.29793116039214096,0.13340527115487855,7411.079432727318,134.93311049723755,208.941,"{'family': 'd_capacity', 'alpha': 0.2, 'beta': 0.2, 'gamma': 0.6}"
tune,bimodal,hetero,med,d_capacity_a0.2_b0.4_g0.4,6,181,181,0,1.0,0.7803016166300311,0.5317356712232771,24,0.2533906086855787,0.1350872280608699,7088.150273171829,141.08053038674035,222.707,"{'family': 'd_capacity', 'alpha': 0.2, 'beta': 0.4, 'gamma': 0.4}"
tune,bimodal,hetero,med,d_capacity_a0.2_b0.6_g0.2,6,181,181,0,1.0,0.7682371107637331,0.5386945694017962,24,0.229542541361937,0.10875619697766513,6876.039668594642,145.43255248618783,228.217,"{'family': 'd_capacity', 'alpha': 0.2, 'beta': 0.6, 'gamma': 0.2}"
tune,bimodal,hetero,med,d_capacity_a0.2_b0.8_g0.0,6,181,181,0,1.0,0.7534725278295756,0.5635086534176589,30,0.19374891584726447,0.02131241267220873,11183.960643333548,89.41376243093923,120.545,"{'family': 'd_capacity', 'alpha': 0.2, 'beta': 0.8, 'gamma': 0.0}"
tune,bimodal,hetero,med,d_capacity_a0.4_b0.0_g0.6,6,181,181,0,1.0,0.7825876271339781,0.5404762711024925,25,0.3139827418969572,0.1976964460729433,7599.8881430828005,131.58088397790056,256.76,"{'family': 'd_capacity', 'alpha': 0.4, 'beta': 0.0, 'gamma': 0.6}"
tune,bimodal,hetero,med,d_capacity_a0.4_b0.2_g0.4,6,181,181,0,1.0,0.7841810503128541,0.5456912792454827,25,0.3088777008916938,0.14799188503170807,7441.8959582651905,134.3743591160221,209.812,"{'family': 'd_capacity', 'alpha': 0.4, 'beta': 0.2, 'gamma': 0.4}"
tune,bimodal,hetero,med,d_capacity_a0.4_b0.4_g0.2,6,181,181,0,1.0,0.7801769223382637,0.5309707236499972,24,0.2540308619670913,0.14008171849504175,7108.11964434111,140.684182320442,220.553,"{'family': 'd_capacity', 'alpha': 0.4, 'beta': 0.4, 'gamma': 0.2}"
tune,bimodal,hetero,med,d_capacity_a0.4_b0.6_g0.0,6,181,181,0,1.0,0.7695899472606728,0.5410136420222857,24,0.22867073017450165,0.0717487911363148,12621.07867966503,79.23253038674032,119.173,"{'family': 'd_capacity', 'alpha': 0.4, 'beta': 0.6, 'gamma': 0.0}"
tune,bimodal,hetero,med,d_capacity_a0.6_b0.0_g0.4,6,181,181,0,1.0,0.7825876271339781,0.5404762711024925,25,0.3139827418969572,0.1976964460729433,8494.948157584198,117.7170220994475,194.514,"{'family': 'd_capacity', 'alpha': 0.6, 'beta': 0.0, 'gamma': 0.4}"
tune,bimodal,hetero,med,d_capacity_a0.6_b0.2_g0.2,6,181,181,0,1.0,0.7825359131147734,0.5451913219059116,25,0.29058568483013075,0.1643905262709633,7450.231527264123,134.22401657458565,208.97,"{'family': 'd_capacity', 'alpha': 0.6, 'beta': 0.2, 'gamma': 0.2}"
tune,bimodal,hetero,med,d_capacity_a0.6_b0.4_g0.0,6,181,181,0,1.0,0.7801253050945679,0.5346450121883531,24,0.2503049561850395,0.11247502343583617,12653.788977864679,79.02771270718232,119.294,"{'family': 'd_capacity', 'alpha': 0.6, 'beta': 0.4, 'gamma': 0.0}"
tune,bimodal,hetero,med,d_capacity_a0.8_b0.0_g0.2,6,181,181,0,1.0,0.7825876271339781,0.5404762711024925,25,0.3139827418969572,0.1976964460729433,8509.7856187538,117.511773480663,185.397,"{'family': 'd_capacity', 'alpha': 0.8, 'beta': 0.0, 'gamma': 0.2}"
tune,bimodal,hetero,med,d_capacity_a0.8_b0.2_g0.0,6,181,181,0,1.0,0.7832085588174598,0.5455213780283877,25,0.30550653863820226,0.1216376218270775,13578.411915454055,73.64631491712707,114.664,"{'family': 'd_capacity', 'alpha': 0.8, 'beta': 0.2, 'gamma': 0.0}"
tune,bimodal,hetero,med,binpack,7,178,178,0,1.0,0.7788494216129931,0.6072573079137984,26,0.29793058080529716,0.15829891242233657,18760.150110711234,53.30447752808989,84.629,{}
tune,bimodal,hetero,med,hybrid_a0.1,7,178,178,0,1.0,0.7641145084896616,0.5905610079121174,30,0.19685962759282374,0.022638938087428884,11453.84563510673,87.3069213483146,127.398,"{'family': 'hybrid', 'alpha': 0.1}"
tune,bimodal,hetero,med,hybrid_a0.2,7,178,178,0,1.0,0.7583292168808152,0.5931714991655125,30,0.1733862732067557,0.02845080032049893,11739.185374399553,85.18478651685393,128.581,"{'family': 'hybrid', 'alpha': 0.2}"
tune,bimodal,hetero,med,hybrid_a0.3,7,178,178,0,1.0,0.7661496535286033,0.5896886072792694,28,0.19256829386080807,0.04943840726434877,12196.758937432065,81.98899438202247,118.452,"{'family': 'hybrid', 'alpha': 0.3}"
tune,bimodal,hetero,med,hybrid_a0.4,7,178,178,0,1.0,0.7755069854477629,0.5939795497701518,25,0.20224580494659225,0.07129552707019259,12761.122680558416,78.36301123595506,118.672,"{'family': 'hybrid', 'alpha': 0.4}"
tune,bimodal,hetero,med,hybrid_a0.5,7,178,178,0,1.0,0.7745211192397884,0.5871097651161593,24,0.19365742476102485,0.06665050953512752,12778.809574917925,78.25455056179774,117.7,"{'family': 'hybrid', 'alpha': 0.5}"
tune,bimodal,hetero,med,hybrid_a0.6,7,178,178,0,1.0,0.7777326866583447,0.5963394046672007,25,0.20449344359821378,0.09648957528858089,12789.758995673395,78.18755617977527,118.301,"{'family': 'hybrid', 'alpha': 0.6}"
tune,bimodal,hetero,med,hybrid_a0.7,7,178,178,0,1.0,0.7777715300312533,0.60139358404816,25,0.2519372184408677,0.07795832534647675,11871.252135658267,84.23711235955057,144.56,"{'family': 'hybrid', 'alpha': 0.7}"
tune,bimodal,hetero,med,hybrid_a0.8,7,178,178,0,1.0,0.7771535203213181,0.6096699737991025,26,0.2980961486710661,0.13510217651027942,13303.541372817845,75.16795505617978,119.122,"{'family': 'hybrid', 'alpha': 0.8}"
tune,bimodal,hetero,med,hybrid_a0.9,7,178,178,0,1.0,0.7778946359936117,0.5984401388493278,27,0.3408353520563281,0.16421455259985085,13666.714141862796,73.17047752808989,122.038,"{'family': 'hybrid', 'alpha': 0.9}"
tune,bimodal,hetero,med,balance_l0.05,7,178,178,0,1.0,0.7778589264945229,0.6020497001769666,26,0.3237932873649397,0.1868708032044037,16694.248128110536,59.900870786516855,105.156,"{'family': 'balance', 'lam': 0.05}"
tune,bimodal,hetero,med,balance_l0.1,7,178,178,0,1.0,0.7806966755039493,0.6118129992947174,26,0.2719408922670761,0.14226071662171877,16241.464220921142,61.57080337078652,102.231,"{'family': 'balance', 'lam': 0.1}"
tune,bimodal,hetero,med,balance_l0.2,7,178,178,0,1.0,0.779872895666895,0.6067084786115516,26,0.30412139599592874,0.16421802422894652,16046.331709408505,62.3195393258427,102.372,"{'family': 'balance', 'lam': 0.2}"
tune,bimodal,hetero,med,balance_l0.4,7,178,178,0,1.0,0.7739249976100446,0.603413421600111,25,0.2244192639914888,0.10210443027642141,15822.09845825206,63.202741573033705,95.649,"{'family': 'balance', 'lam': 0.4}"
tune,bimodal,hetero,med,balance_l0.8,7,178,178,0,1.0,0.7637379773534682,0.600776470902614,26,0.1967414606824202,0.07958707450048401,15237.710422722337,65.62665730337078,100.047,"{'family': 'balance', 'lam': 0.8}"
tune,bimodal,hetero,med,wmatch_l0.05,7,178,178,0,1.0,0.7788494216129931,0.6072573079137984,26,0.29793058080529716,0.15829891242233657,11362.675207823648,88.00744382022472,144.941,"{'family': 'wmatch', 'lam': 0.05}"
tune,bimodal,hetero,med,wmatch_l0.1,7,178,178,0,1.0,0.7788494216129931,0.6072573079137984,26,0.29793058080529716,0.15829891242233657,11280.791967366316,88.64625842696628,144.149,"{'family': 'wmatch', 'lam': 0.1}"
tune,bimodal,hetero,med,wmatch_l0.2,7,178,178,0,1.0,0.7788494216129931,0.6072573079137984,26,0.29793058080529716,0.15829891242233657,11403.526136849874,87.69217415730337,141.184,"{'family': 'wmatch', 'lam': 0.2}"
tune,bimodal,hetero,med,wmatch_l0.4,7,178,178,0,1.0,0.7788138364264611,0.6072414219152326,26,0.2979108816173308,0.17305954232231388,11349.368503283538,88.11062921348315,141.555,"{'family': 'wmatch', 'lam': 0.4}"
tune,bimodal,hetero,med,wmatch_l0.8,7,178,178,0,1.0,0.7788138364264611,0.6072414219152326,26,0.2979108816173308,0.17305954232231388,11496.059757810313,86.98632584269663,143.548,"{'family': 'wmatch', 'lam': 0.8}"
tune,bimodal,hetero,med,d_cheap_a0.0_b0.4_g0.6,7,178,178,0,1.0,0.7764663161279941,0.5894986461703642,25,0.21006783156469974,0.09648957528858089,9497.881172115374,105.2866404494382,169.617,"{'family': 'd_cheap', 'alpha': 0.0, 'beta': 0.4, 'gamma': 0.6}"
tune,bimodal,hetero,med,d_cheap_a0.0_b0.6_g0.4,7,178,178,0,1.0,0.7690929222857971,0.5982466143939906,26,0.17626281521929163,0.04138711970945805,9820.23237097263,101.83058426966292,176.931,"{'family': 'd_cheap', 'alpha': 0.0, 'beta': 0.6, 'gamma': 0.4}"
tune,bimodal,hetero,med,d_cheap_a0.0_b0.8_g0.2,7,178,178,0,1.0,0.759484316259157,0.5922762486323676,30,0.1729462954573413,0.03564815513168294,9873.897569628867,101.27712921348315,144.721,"{'family': 'd_cheap', 'alpha': 0.0, 'beta': 0.8, 'gamma': 0.2}"
tune,bimodal,hetero,med,d_cheap_a0.0_b1.0_g0.0,7,178,178,0,1.0,0.7536833062142209,0.46980720989293107,30,0.2838760963212898,0.014318293516978083,9692.715330886158,103.17026404494382,145.723,"{'family': 'd_cheap', 'alpha': 0.0, 'beta': 1.0, 'gamma': 0.0}"
tune,bimodal,hetero,med,d_cheap_a0.2_b0.2_g0.6,7,178,178,0,1.0,0.7771535203213181,0.6096699737991025,26,0.2980961486710661,0.13510217651027942,10912.888237494366,91.63476966292134,152.375,"{'family': 'd_cheap', 'alpha': 0.2, 'beta': 0.2, 'gamma': 0.6}"
tune,bimodal,hetero,med,d_cheap_a0.2_b0.4_g0.4,7,178,178,0,1.0,0.7773205833936757,0.5893536076887617,25,0.21106713731198376,0.09648957528858089,10439.823304231055,95.7870617977528,147.105,"{'family': 'd_cheap', 'alpha': 0.2, 'beta': 0.4, 'gamma': 0.4}"
tune,bimodal,hetero,med,d_cheap_a0.2_b0.6_g0.2,7,178,178,0,1.0,0.7704811366513907,0.5962933280286374,26,0.20520175471196922,0.06184088369319169,10278.35399436469,97.29184269662922,149.74,"{'family': 'd_cheap', 'alpha': 0.2, 'beta': 0.6, 'gamma': 0.2}"
tune,bimodal,hetero,med,d_cheap_a0.2_b0.8_g0.0,7,178,178,0,1.0,0.7583292168808152,0.5931714991655125,30,0.1733862732067557,0.02845080032049893,12157.615424434991,82.25297191011236,120.806,"{'family': 'd_cheap', 'alpha': 0.2, 'beta': 0.8, 'gamma': 0.0}"
tune,bimodal,hetero,med,d_cheap_a0.4_b0.0_g0.6,7,178,178,0,1.0,0.7788138364264611,0.6072414219152326,26,0.2979108816173308,0.17305954232231388,12863.531159266488,77.73915168539325,129.753,"{'family': 'd_cheap', 'alpha': 0.4, 'beta': 0.0, 'gamma': 0.6}"
tune,bimodal,hetero,med,d_cheap_a0.4_b0.2_g0.4,7,178,178,0,1.0,0.7771535203213181,0.6096699737991025,26,0.2980961486710661,0.13510217651027942,11101.012792794669,90.08187078651686,143.097,"{'family': 'd_cheap', 'alpha': 0.4, 'beta': 0.2, 'gamma': 0.4}"
tune,bimodal,hetero,med,d_cheap_a0.4_b0.4_g0.2,7,178,178,0,1.0,0.7777326866583447,0.5963394046672007,25,0.20449344359821378,0.09648957528858089,10568.982352471405,94.61648876404495,148.358,"{'family': 'd_cheap', 'alpha': 0.4, 'beta': 0.4, 'gamma': 0.2}"
tune,bimodal,hetero,med,d_cheap_a0.4_b0.6_g0.0,7,178,178,0,1.0,0.7755069854477629,0.5939795497701518,25,0.20224580494659225,0.07129552707019259,13293.484743635147,75.22482022471911,111.338,"{'family': 'd_cheap', 'alpha': 0.4, 'beta': 0.6, 'gamma': 0.0}"
tune,bimodal,hetero,med,d_cheap_a0.6_b0.0_g0.4,7,178,178,0,1.0,0.7788138364264611,0.6072414219152326,26,0.2979108816173308,0.17305954232231388,13012.01930457336,76.8520224719101,128.531,"{'family': 'd_cheap', 'alpha': 0.6, 'beta': 0.0, 'gamma': 0.4}"
tune,bimodal,hetero,med,d_cheap_a0.6_b0.2_g0.2,7,178,178,0,1.0,0.7771535203213181,0.6096699737991025,26,0.2980961486710661,0.13510217651027942,10558.13442272718,94.71370224719102,150.412,"{'family': 'd_cheap', 'alpha': 0.6, 'beta': 0.2, 'gamma': 0.2}"
tune,bimodal,hetero,med,d_cheap_a0.6_b0.4_g0.0,7,178,178,0,1.0,0.7777326866583447,0.5963394046672007,25,0.20449344359821378,0.09648957528858089,12806.964225688065,78.08251685393259,113.482,"{'family': 'd_cheap', 'alpha': 0.6, 'beta': 0.4, 'gamma': 0.0}"
tune,bimodal,hetero,med,d_cheap_a0.8_b0.0_g0.2,7,178,178,0,1.0,0.7788138364264611,0.6072414219152326,26,0.2979108816173308,0.17305954232231388,12512.695465174216,79.91883146067416,131.355,"{'family': 'd_cheap', 'alpha': 0.8, 'beta': 0.0, 'gamma': 0.2}"
tune,bimodal,hetero,med,d_cheap_a0.8_b0.2_g0.0,7,178,178,0,1.0,0.7771535203213181,0.6096699737991025,26,0.2980961486710661,0.13510217651027942,13352.856509828865,74.89034269662922,119.284,"{'family': 'd_cheap', 'alpha': 0.8, 'beta': 0.2, 'gamma': 0.0}"
tune,bimodal,hetero,med,d_capacity_a0.0_b0.4_g0.6,7,178,178,0,1.0,0.7739899487704981,0.598165400267825,24,0.1989247101097428,0.09648957528858089,7358.985101693319,135.8883033707865,229.779,"{'family': 'd_capacity', 'alpha': 0.0, 'beta': 0.4, 'gamma': 0.6}"
tune,bimodal,hetero,med,d_capacity_a0.0_b0.6_g0.4,7,178,178,0,1.0,0.7693555998987313,0.5987326438868545,25,0.17603946333936182,0.04868730190072521,7075.34382593573,141.33588764044944,233.607,"{'family': 'd_capacity', 'alpha': 0.0, 'beta': 0.6, 'gamma': 0.4}"
tune,bimodal,hetero,med,d_capacity_a0.0_b0.8_g0.2,7,178,178,0,1.0,0.7581232667902778,0.5893783334637491,30,0.1752403408342599,0.038936550579799556,6761.669644650328,147.89246629213483,225.382,"{'family': 'd_capacity', 'alpha': 0.0, 'beta': 0.8, 'gamma': 0.2}"
tune,bimodal,hetero,med,d_capacity_a0.0_b1.0_g0.0,7,178,178,0,1.0,0.7536833062142209,0.46980720989293107,30,0.2838760963212898,0.014318293516978083,9463.914439833296,105.6645224719101,141.555,"{'family': 'd_capacity', 'alpha': 0.0, 'beta': 1.0, 'gamma': 0.0}"
tune,bimodal,hetero,med,d_capacity_a0.2_b0.2_g0.6,7,178,178,0,1.0,0.7771535203213181,0.6096699737991025,26,0.2980961486710661,0.13510217651027942,7765.606425803732,128.77294382022473,225.713,"{'family': 'd_capacity', 'alpha': 0.2, 'beta': 0.2, 'gamma': 0.6}"
tune,bimodal,hetero,med,d_capacity_a0.2_b0.4_g0.4,7,178,178,0,1.0,0.7739899487704981,0.598165400267825,24,0.1989247101097428,0.09648957528858089,7399.12457548562,135.1511235955056,227.736,"{'family': 'd_capacity', 'alpha': 0.2, 'beta': 0.4, 'gamma': 0.4}"
tune,bimodal,hetero,med,d_capacity_a0.2_b0.6_g0.2,7,178,178,0,1.0,0.7706750675839525,0.5955738787565282,26,0.20611513491664013,0.06184088369319169,7384.355189807798,135.4214382022472,221.394,"{'family': 'd_capacity', 'alpha': 0.2, 'beta': 0.6, 'gamma': 0.2}"
tune,bimodal,hetero,med,d_capacity_a0.2_b0.8_g0.0,7,178,178,0,1.0,0.7583292168808152,0.5931714991655125,30,0.1733862732067557,0.02845080032049893,12234.527086383803,81.73589325842697,117.87,"{'family': 'd_capacity', 'alpha': 0.2, 'beta': 0.8, 'gamma': 0.0}"
tune,bimodal,hetero,med,d_capacity_a0.4_b0.0_g0.6,7,178,178,0,1.0,0.7777257434035826,0.6021809816970074,26,0.3205784343175138,0.15077268290854737,9400.766120188162,106.37430898876404,187.15,"{'family': 'd_capacity', 'alpha': 0.4, 'beta': 0.0, 'gamma': 0.6}"
tune,bimodal,hetero,med,d_capacity_a0.4_b0.2_g0.4,7,178,178,0,1.0,0.7771535203213181,0.6096699737991025,26,0.2980961486710661,0.13510217651027942,8049.511186649895,124.23114606741572,218.538,"{'family': 'd_capacity', 'alpha': 0.4, 'beta': 0.2, 'gamma': 0.4}"
tune,bimodal,hetero,med,d_capacity_a0.4_b0.4_g0.2,7,178,178,0,1.0,0.7777326866583447,0.5963394046672007,25,0.20449344359821378,0.09648957528858089,7589.271039004888,131.7649606741573,212.317,"{'family': 'd_capacity', 'alpha': 0.4, 'beta': 0.4, 'gamma': 0.2}"
tune,bimodal,hetero,med,d_capacity_a0.4_b0.6_g0.0,7,178,178,0,1.0,0.7755069854477629,0.5939795497701518,25,0.20224580494659225,0.07129552707019259,13161.313487255633,75.98025842696629,111.488,"{'family': 'd_capacity', 'alpha': 0.4, 'beta': 0.6, 'gamma': 0.0}"
tune,bimodal,hetero,med,d_capacity_a0.6_b0.0_g0.4,7,178,178,0,1.0,0.7778589264945229,0.6020497001769666,26,0.3237932873649397,0.1868708032044037,9337.448735176999,107.09563483146067,192.129,"{'family': 'd_capacity', 'alpha': 0.6, 'beta': 0.0, 'gamma': 0.4}"
tune,bimodal,hetero,med,d_capacity_a0.6_b0.2_g0.2,7,178,178,0,1.0,0.7771535203213181,0.6096699737991025,26,0.2980961486710661,0.13510217651027942,8080.061608200082,123.76143258426966,214.171,"{'family': 'd_capacity', 'alpha': 0.6, 'beta': 0.2, 'gamma': 0.2}"
tune,bimodal,hetero,med,d_capacity_a0.6_b0.4_g0.0,7,178,178,0,1.0,0.7777326866583447,0.5963394046672007,25,0.20449344359821378,0.09648957528858089,13253.601256620099,75.45119101123596,112.66,"{'family': 'd_capacity', 'alpha': 0.6, 'beta': 0.4, 'gamma': 0.0}"
tune,bimodal,hetero,med,d_capacity_a0.8_b0.0_g0.2,7,178,178,0,1.0,0.7778589264945229,0.6020497001769666,26,0.3237932873649397,0.1868708032044037,9243.477454379545,108.18439325842697,196.167,"{'family': 'd_capacity', 'alpha': 0.8, 'beta': 0.0, 'gamma': 0.2}"
tune,bimodal,hetero,med,d_capacity_a0.8_b0.2_g0.0,7,178,178,0,1.0,0.7771535203213181,0.6096699737991025,26,0.2980961486710661,0.13510217651027942,13870.25884552381,72.09670786516854,113.382,"{'family': 'd_capacity', 'alpha': 0.8, 'beta': 0.2, 'gamma': 0.0}"
tune,bimodal,hetero,med,binpack,8,169,169,0,1.0,0.7784957621164729,0.49955157659725813,25,0.3224030243410382,0.15389488604671772,18209.705773177102,54.915769230769236,83.947,{}
tune,bimodal,hetero,med,hybrid_a0.1,8,169,169,0,1.0,0.7500631024850669,0.5093534502872693,30,0.25511652393691564,0.013139484105407618,11147.189602218146,89.7087100591716,123.03,"{'family': 'hybrid', 'alpha': 0.1}"
tune,bimodal,hetero,med,hybrid_a0.2,8,169,169,0,1.0,0.7482353734429529,0.5219050033372994,30,0.22801111639416108,0.01460557841322032,11569.247215781932,86.43604733727811,116.007,"{'family': 'hybrid', 'alpha': 0.2}"
tune,bimodal,hetero,med,hybrid_a0.3,8,169,169,0,1.0,0.7478894221224976,0.5090527750216586,30,0.24322981112185374,0.026938013655365616,12146.558506234922,82.32784615384615,113.693,"{'family': 'hybrid', 'alpha': 0.3}"
tune,bimodal,hetero,med,hybrid_a0.4,8,169,169,0,1.0,0.7680706995896893,0.4930960467782003,25,0.27640294156556744,0.06278111268082653,12818.114893693835,78.01459171597634,114.514,"{'family': 'hybrid', 'alpha': 0.4}"
tune,bimodal,hetero,med,hybrid_a0.5,8,169,169,0,1.0,0.7742106745811632,0.5018789129660289,24,0.2954148572357335,0.1732865071286287,13155.07813260163,76.01627218934911,111.258,"{'family': 'hybrid', 'alpha': 0.5}"
tune,bimodal,hetero,med,hybrid_a0.6,8,169,169,0,1.0,0.7780143558883356,0.49442549846283457,25,0.31112443742283014,0.13733905777247576,13277.950399862726,75.31282840236686,111.568,"{'family': 'hybrid', 'alpha': 0.6}"
tune,bimodal,hetero,med,hybrid_a0.7,8,169,169,0,1.0,0.7768185614153807,0.499540439420284,25,0.30427260349375207,0.12636287710881802,13384.436007585886,74.7136449704142,112.04,"{'family': 'hybrid', 'alpha': 0.7}"
tune,bimodal,hetero,med,hybrid_a0.8,8,169,169,0,1.0,0.7794115530891049,0.5028368363665595,25,0.3543738147662509,0.18599497914719326,13775.3677676772,72.59334319526627,110.817,"{'family': 'hybrid', 'alpha': 0.8}"
tune,bimodal,hetero,med,hybrid_a0.9,8,169,169,0,1.0,0.7820292867045262,0.5066990659638774,26,0.36122817647698174,0.16321498941152388,13665.684947579564,73.17598816568048,114.424,"{'family': 'hybrid', 'alpha': 0.9}"
tune,bimodal,hetero,med,balance_l0.05,8,169,169,0,1.0,0.7767631416293275,0.5021452307575778,25,0.31918977445938235,0.10761227099002299,16129.273935484622,61.99907100591716,95.318,"{'family': 'balance', 'lam': 0.05}"
tune,bimodal,hetero,med,balance_l0.1,8,169,169,0,1.0,0.7767631416293275,0.5021452307575778,25,0.31918977445938235,0.10761227099002299,16246.713164952012,61.55091124260355,94.807,"{'family': 'balance', 'lam': 0.1}"
tune,bimodal,hetero,med,balance_l0.2,8,169,169,0,1.0,0.7793260674636434,0.5135628835703885,25,0.3032056617151835,0.22714022575157206,15396.686050092252,64.94904142011835,104.616,"{'family': 'balance', 'lam': 0.2}"
tune,bimodal,hetero,med,balance_l0.4,8,169,169,0,1.0,0.7757329912373362,0.5027071761546658,25,0.30228891036728167,0.07794432406292826,16379.687752752394,61.05122485207101,89.067,"{'family': 'balance', 'lam': 0.4}"
tune,bimodal,hetero,med,balance_l0.8,8,169,169,0,1.0,0.7500522454320476,0.49990570737819706,24,0.2556448907746305,0.11190995729015264,15890.84251178367,62.929325443786986,90.74,"{'family': 'balance', 'lam': 0.8}"
tune,bimodal,hetero,med,wmatch_l0.05,8,169,169,0,1.0,0.7784957621164729,0.49955157659725813,25,0.3224030243410382,0.15389488604671772,10924.16637621743,91.54016568047338,144.941,"{'family': 'wmatch', 'lam': 0.05}"
tune,bimodal,hetero,med,wmatch_l0.1,8,169,169,0,1.0,0.7784957621164729,0.49955157659725813,25,0.3224030243410382,0.15389488604671772,11042.469927401315,90.55944970414201,141.184,"{'family': 'wmatch', 'lam': 0.1}"
tune,bimodal,hetero,med,wmatch_l0.2,8,169,169,0,1.0,0.7784957621164729,0.49955157659725813,25,0.3224030243410382,0.15389488604671772,10498.876154325031,95.2482899408284,168.385,"{'family': 'wmatch', 'lam': 0.2}"
tune,bimodal,hetero,med,wmatch_l0.4,8,169,169,0,1.0,0.7784957621164729,0.49955157659725813,25,0.3224030243410382,0.15389488604671772,10912.77131312667,91.63575147928995,157.485,"{'family': 'wmatch', 'lam': 0.4}"
tune,bimodal,hetero,med,wmatch_l0.8,8,169,169,0,1.0,0.7784957621164729,0.49955157659725813,25,0.3224030243410382,0.15389488604671772,11237.587535986046,88.98707100591716,142.286,"{'family': 'wmatch', 'lam': 0.8}"
tune,bimodal,hetero,med,d_cheap_a0.0_b0.4_g0.6,8,169,169,0,1.0,0.7725822002135024,0.5007807081047203,24,0.29359606689639517,0.11859624875358069,9564.851333345936,104.54945562130177,182.832,"{'family': 'd_cheap', 'alpha': 0.0, 'beta': 0.4, 'gamma': 0.6}"
tune,bimodal,hetero,med,d_cheap_a0.0_b0.6_g0.4,8,169,169,0,1.0,0.7655543171293968,0.5002943986661756,26,0.2666882072172996,0.10449526026368815,9425.954885483572,106.09004733727811,153.498,"{'family': 'd_cheap', 'alpha': 0.0, 'beta': 0.6, 'gamma': 0.4}"
tune,bimodal,hetero,med,d_cheap_a0.0_b0.8_g0.2,8,169,169,0,1.0,0.7491807569929722,0.5195281597636882,30,0.2313333435177916,0.013701285541631858,8992.599516283282,111.20255029585799,153.688,"{'family': 'd_cheap', 'alpha': 0.0, 'beta': 0.8, 'gamma': 0.2}"
tune,bimodal,hetero,med,d_cheap_a0.0_b1.0_g0.0,8,169,169,0,1.0,0.7511144764561642,0.40940730721240187,30,0.3417071692437624,0.0027925914662238027,9832.415495770461,101.70440828402367,126.177,"{'family': 'd_cheap', 'alpha': 0.0, 'beta': 1.0, 'gamma': 0.0}"
tune,bimodal,hetero,med,d_cheap_a0.2_b0.2_g0.6,8,169,169,0,1.0,0.7815806450361561,0.5043458813696923,25,0.3380887592738977,0.127993225627409,10705.789634020997,93.40740236686389,141.074,"{'family': 'd_cheap', 'alpha': 0.2, 'beta': 0.2, 'gamma': 0.6}"
tune,bimodal,hetero,med,d_cheap_a0.2_b0.4_g0.4,8,169,169,0,1.0,0.7780143558883356,0.49442549846283457,25,0.31112443742283014,0.13733905777247576,10512.820353317851,95.12195266272188,140.984,"{'family': 'd_cheap', 'alpha': 0.2, 'beta': 0.4, 'gamma': 0.4}"
tune,bimodal,hetero,med,d_cheap_a0.2_b0.6_g0.2,8,169,169,0,1.0,0.7623696028756586,0.49686299725263816,26,0.26693489437709883,0.07012185029044822,9819.921238421064,101.83381065088759,145.542,"{'family': 'd_cheap', 'alpha': 0.2, 'beta': 0.6, 'gamma': 0.2}"
tune,bimodal,hetero,med,d_cheap_a0.2_b0.8_g0.0,8,169,169,0,1.0,0.7482353734429529,0.5219050033372994,30,0.22801111639416108,0.01460557841322032,11918.624147880082,83.90230177514793,114.404,"{'family': 'd_cheap', 'alpha': 0.2, 'beta': 0.8, 'gamma': 0.0}"
tune,bimodal,hetero,med,d_cheap_a0.4_b0.0_g0.6,8,169,169,0,1.0,0.7784957621164729,0.49955157659725813,25,0.3224030243410382,0.15389488604671772,12314.16360524901,81.20730177514794,122.208,"{'family': 'd_cheap', 'alpha': 0.4, 'beta': 0.0, 'gamma': 0.6}"
tune,bimodal,hetero,med,d_cheap_a0.4_b0.2_g0.4,8,169,169,0,1.0,0.7794115530891049,0.5028368363665595,25,0.3543738147662509,0.18599497914719326,10855.678634399308,92.11768639053254,139.811,"{'family': 'd_cheap', 'alpha': 0.4, 'beta': 0.2, 'gamma': 0.4}"
tune,bimodal,hetero,med,d_cheap_a0.4_b0.4_g0.2,8,169,169,0,1.0,0.7780143558883356,0.49442549846283457,25,0.31112443742283014,0.13733905777247576,10478.465977382013,95.43381656804733,144.36,"{'family': 'd_cheap', 'alpha': 0.4, 'beta': 0.4, 'gamma': 0.2}"
tune,bimodal,hetero,med,d_cheap_a0.4_b0.6_g0.0,8,169,169,0,1.0,0.7680706995896893,0.4930960467782003,25,0.27640294156556744,0.06278111268082653,13092.144527359638,76.38168047337278,111.699,"{'family': 'd_cheap', 'alpha': 0.4, 'beta': 0.6, 'gamma': 0.0}"
tune,bimodal,hetero,med,d_cheap_a0.6_b0.0_g0.4,8,169,169,0,1.0,0.7784957621164729,0.49955157659725813,25,0.3224030243410382,0.15389488604671772,12303.524005922582,81.27752662721893,126.346,"{'family': 'd_cheap', 'alpha': 0.6, 'beta': 0.0, 'gamma': 0.4}"
tune,bimodal,hetero,med,d_cheap_a0.6_b0.2_g0.2,8,169,169,0,1.0,0.7794115530891049,0.5028368363665595,25,0.3543738147662509,0.18599497914719326,10876.435391817793,91.94188757396451,141.996,"{'family': 'd_cheap', 'alpha': 0.6, 'beta': 0.2, 'gamma': 0.2}"
tune,bimodal,hetero,med,d_cheap_a0.6_b0.4_g0.0,8,169,169,0,1.0,0.7780143558883356,0.49442549846283457,25,0.31112443742283014,0.13733905777247576,13594.364436113003,73.55989349112426,110.577,"{'family': 'd_cheap', 'alpha': 0.6, 'beta': 0.4, 'gamma': 0.0}"
tune,bimodal,hetero,med,d_cheap_a0.8_b0.0_g0.2,8,169,169,0,1.0,0.7784957621164729,0.49955157659725813,25,0.3224030243410382,0.15389488604671772,12336.385944053249,81.06101775147928,124.854,"{'family': 'd_cheap', 'alpha': 0.8, 'beta': 0.0, 'gamma': 0.2}"
tune,bimodal,hetero,med,d_cheap_a0.8_b0.2_g0.0,8,169,169,0,1.0,0.7794115530891049,0.5028368363665595,25,0.3543738147662509,0.18599497914719326,13984.148429902842,71.50953846153847,112.21,"{'family': 'd_cheap', 'alpha': 0.8, 'beta': 0.2, 'gamma': 0.0}"
tune,bimodal,hetero,med,d_capacity_a0.0_b0.4_g0.6,8,169,169,0,1.0,0.7727015944175463,0.4981576173635062,24,0.2963385518416531,0.11784508025509557,7559.175709908357,132.28955621301776,201.196,"{'family': 'd_capacity', 'alpha': 0.0, 'beta': 0.4, 'gamma': 0.6}"
tune,bimodal,hetero,med,d_capacity_a0.0_b0.6_g0.4,8,169,169,0,1.0,0.7586036933653575,0.5037510048180722,27,0.25628097730136373,0.08945647450262241,7017.647306749462,142.497899408284,205.545,"{'family': 'd_capacity', 'alpha': 0.0, 'beta': 0.6, 'gamma': 0.4}"
tune,bimodal,hetero,med,d_capacity_a0.0_b0.8_g0.2,8,169,169,0,1.0,0.7506632371522592,0.5208414107432504,30,0.23150257269751637,0.01460557841322032,6572.6438938427,152.14577514792902,211.666,"{'family': 'd_capacity', 'alpha': 0.0, 'beta': 0.8, 'gamma': 0.2}"
tune,bimodal,hetero,med,d_capacity_a0.0_b1.0_g0.0,8,169,169,0,1.0,0.7511144764561642,0.40940730721240187,30,0.3417071692437624,0.0027925914662238027,9134.554473726426,109.47441420118344,166.432,"{'family': 'd_capacity', 'alpha': 0.0, 'beta': 1.0, 'gamma': 0.0}"
tune,bimodal,hetero,med,d_capacity_a0.2_b0.2_g0.6,8,169,169,0,1.0,0.774338484769195,0.5116736640101042,24,0.2887168665184007,0.16390773780395257,7231.469850590131,138.28447337278106,217.116,"{'family': 'd_capacity', 'alpha': 0.2, 'beta': 0.2, 'gamma': 0.6}"
tune,bimodal,hetero,med,d_capacity_a0.2_b0.4_g0.4,8,169,169,0,1.0,0.7780716835378835,0.49199118232716693,25,0.3136160812080458,0.14170235788702945,7312.414606465965,136.75373372781064,216.404,"{'family': 'd_capacity', 'alpha': 0.2, 'beta': 0.4, 'gamma': 0.4}"
tune,bimodal,hetero,med,d_capacity_a0.2_b0.6_g0.2,8,169,169,0,1.0,0.760870271154732,0.49782471476382345,26,0.264473845144987,0.07012185029044822,7003.559424393613,142.78453846153846,201.347,"{'family': 'd_capacity', 'alpha': 0.2, 'beta': 0.6, 'gamma': 0.2}"
tune,bimodal,hetero,med,d_capacity_a0.2_b0.8_g0.0,8,169,169,0,1.0,0.7482353734429529,0.5219050033372994,30,0.22801111639416108,0.01460557841322032,11617.531611372258,86.07680473372781,116.969,"{'family': 'd_capacity', 'alpha': 0.2, 'beta': 0.8, 'gamma': 0.0}"
tune,bimodal,hetero,med,d_capacity_a0.4_b0.0_g0.6,8,169,169,0,1.0,0.7784957621164729,0.49955157659725813,25,0.3224030243410382,0.15389488604671772,8377.276029064093,119.37054437869823,192.119,"{'family': 'd_capacity', 'alpha': 0.4, 'beta': 0.0, 'gamma': 0.6}"
tune,bimodal,hetero,med,d_capacity_a0.4_b0.2_g0.4,8,169,169,0,1.0,0.774338484769195,0.5116736640101042,24,0.2887168665184007,0.16390773780395257,7589.85705873997,131.7547869822485,201.467,"{'family': 'd_capacity', 'alpha': 0.4, 'beta': 0.2, 'gamma': 0.4}"
tune,bimodal,hetero,med,d_capacity_a0.4_b0.4_g0.2,8,169,169,0,1.0,0.7780143558883356,0.49442549846283457,25,0.31112443742283014,0.13733905777247576,7571.174415487416,132.07990532544378,204.102,"{'family': 'd_capacity', 'alpha': 0.4, 'beta': 0.4, 'gamma': 0.2}"
tune,bimodal,hetero,med,d_capacity_a0.4_b0.6_g0.0,8,169,169,0,1.0,0.7680706995896893,0.4930960467782003,25,0.27640294156556744,0.06278111268082653,12913.257674887725,77.43979289940829,110.597,"{'family': 'd_capacity', 'alpha': 0.4, 'beta': 0.6, 'gamma': 0.0}"
tune,bimodal,hetero,med,d_capacity_a0.6_b0.0_g0.4,8,169,169,0,1.0,0.7784957621164729,0.49955157659725813,25,0.3224030243410382,0.15389488604671772,8610.420748974137,116.13834319526626,182.852,"{'family': 'd_capacity', 'alpha': 0.6, 'beta': 0.0, 'gamma': 0.4}"
tune,bimodal,hetero,med,d_capacity_a0.6_b0.2_g0.2,8,169,169,0,1.0,0.774338484769195,0.5116736640101042,24,0.2887168665184007,0.16390773780395257,7594.335919586678,131.6770828402367,204.653,"{'family': 'd_capacity', 'alpha': 0.6, 'beta': 0.2, 'gamma': 0.2}"
tune,bimodal,hetero,med,d_capacity_a0.6_b0.4_g0.0,8,169,169,0,1.0,0.7780143558883356,0.49442549846283457,25,0.31112443742283014,0.13733905777247576,13241.031590750896,75.52281656804733,112.109,"{'family': 'd_capacity', 'alpha': 0.6, 'beta': 0.4, 'gamma': 0.0}"
tune,bimodal,hetero,med,d_capacity_a0.8_b0.0_g0.2,8,169,169,0,1.0,0.7784957621164729,0.49955157659725813,25,0.3224030243410382,0.15389488604671772,8433.973342156567,118.56807692307692,190.286,"{'family': 'd_capacity', 'alpha': 0.8, 'beta': 0.0, 'gamma': 0.2}"
tune,bimodal,hetero,med,d_capacity_a0.8_b0.2_g0.0,8,169,169,0,1.0,0.7794115530891049,0.5028368363665595,25,0.3543738147662509,0.18599497914719326,13729.37182193476,72.83654437869822,117.29,"{'family': 'd_capacity', 'alpha': 0.8, 'beta': 0.2, 'gamma': 0.0}"
tune,bimodal,hetero,med,binpack,9,172,172,0,1.0,0.786929054075143,0.5287536750861012,26,0.3948956159956129,0.20926038228997185,19316.286560704855,51.76978488372093,83.376,{}
tune,bimodal,hetero,med,hybrid_a0.1,9,172,172,0,1.0,0.7528818790340234,0.5241114945754588,30,0.22877038445856462,0.017159499586651594,11137.768366795204,89.78459302325582,131.065,"{'family': 'hybrid', 'alpha': 0.1}"
tune,bimodal,hetero,med,hybrid_a0.2,9,172,172,0,1.0,0.7510048302552017,0.527786167186981,30,0.22715678915810375,0.01859556852580004,11691.382839089187,85.53308139534884,117.77,"{'family': 'hybrid', 'alpha': 0.2}"
tune,bimodal,hetero,med,hybrid_a0.3,9,172,172,0,1.0,0.749462205953314,0.5317198640951136,30,0.23120373044960138,0.030510684931830376,11923.356663367871,83.869,118.171,"{'family': 'hybrid', 'alpha': 0.3}"
tune,bimodal,hetero,med,hybrid_a0.4,9,172,172,0,1.0,0.7694430514889931,0.5247008343412569,25,0.25143163344164615,0.09148615348929154,12868.645545129291,77.70825581395349,115.656,"{'family': 'hybrid', 'alpha': 0.4}"
tune,bimodal,hetero,med,hybrid_a0.5,9,172,172,0,1.0,0.7775461908982398,0.5102409127638203,25,0.2991895182833647,0.14031248924464437,13455.80936184807,74.31734302325582,114.704,"{'family': 'hybrid', 'alpha': 0.5}"
tune,bimodal,hetero,med,hybrid_a0.6,9,172,172,0,1.0,0.7754107131845399,0.5220483397835235,24,0.26701804867989326,0.1481069753627069,13515.494964928077,73.9891511627907,111.679,"{'family': 'hybrid', 'alpha': 0.6}"
tune,bimodal,hetero,med,hybrid_a0.7,9,172,172,0,1.0,0.7788812899218781,0.5127336520563006,25,0.3178220605046716,0.15582708144864643,13722.99621516573,72.87038372093023,112.45,"{'family': 'hybrid', 'alpha': 0.7}"
tune,bimodal,hetero,med,hybrid_a0.8,9,172,172,0,1.0,0.7772301442473005,0.5240167422048811,25,0.2876695838202318,0.14224592654042303,13547.004245410597,73.81705813953488,113.582,"{'family': 'hybrid', 'alpha': 0.8}"
tune,bimodal,hetero,med,hybrid_a0.9,9,172,172,0,1.0,0.787657435761061,0.5101874405380228,26,0.37918425540659517,0.2275223294010913,14150.776523861747,70.6675,111.188,"{'family': 'hybrid', 'alpha': 0.9}"
tune,bimodal,hetero,med,balance_l0.05,9,172,172,0,1.0,0.786929054075143,0.5287536750861012,26,0.3948956159956129,0.20926038228997185,17145.88074202587,58.32304651162791,95.509,"{'family': 'balance', 'lam': 0.05}"
tune,bimodal,hetero,med,balance_l0.1,9,172,172,0,1.0,0.7837712750128846,0.5282020114812777,26,0.3585499007000633,0.19554434836968707,16904.15862941082,59.15704069767442,93.375,"{'family': 'balance', 'lam': 0.1}"
tune,bimodal,hetero,med,balance_l0.2,9,172,172,0,1.0,0.788941197818247,0.5208181384131472,27,0.41412534253786154,0.2515471278976225,17349.694902589028,57.6379011627907,95.409,"{'family': 'balance', 'lam': 0.2}"
tune,bimodal,hetero,med,balance_l0.4,9,172,172,0,1.0,0.7748929424035291,0.5210553887379997,24,0.26367494446352685,0.16146713681723943,15897.716311537566,62.90211627906977,93.685,"{'family': 'balance', 'lam': 0.4}"
tune,bimodal,hetero,med,balance_l0.8,9,172,172,0,1.0,0.7569081974502201,0.5190446725711798,27,0.27490108288876697,0.10107797224449211,15475.83421494602,64.61687209302326,94.166,"{'family': 'balance', 'lam': 0.8}"
tune,bimodal,hetero,med,wmatch_l0.05,9,172,172,0,1.0,0.786929054075143,0.5287536750861012,26,0.3948956159956129,0.20926038228997185,11880.805405324383,84.16937790697675,136.685,"{'family': 'wmatch', 'lam': 0.05}"
tune,bimodal,hetero,med,wmatch_l0.1,9,172,172,0,1.0,0.786929054075143,0.5287536750861012,26,0.3948956159956129,0.20926038228997185,11917.88246390302,83.90752325581396,135.955,"{'family': 'wmatch', 'lam': 0.1}"
tune,bimodal,hetero,med,wmatch_l0.2,9,172,172,0,1.0,0.786929054075143,0.5287536750861012,26,0.3948956159956129,0.20926038228997185,11918.017069233492,83.90657558139534,131.967,"{'family': 'wmatch', 'lam': 0.2}"
tune,bimodal,hetero,med,wmatch_l0.4,9,172,172,0,1.0,0.786929054075143,0.5287536750861012,26,0.3948956159956129,0.20926038228997185,11911.375488245205,83.95336046511628,137.507,"{'family': 'wmatch', 'lam': 0.4}"
tune,bimodal,hetero,med,wmatch_l0.8,9,172,172,0,1.0,0.7867935243424179,0.5264703437987925,27,0.405839758858167,0.21079288083139863,11955.143467629676,83.64600581395348,138.038,"{'family': 'wmatch', 'lam': 0.8}"
tune,bimodal,hetero,med,d_cheap_a0.0_b0.4_g0.6,9,172,172,0,1.0,0.7761976968912677,0.51379165375796,24,0.2753468474115372,0.1268058881450112,10286.396605297747,97.21577325581396,146.164,"{'family': 'd_cheap', 'alpha': 0.0, 'beta': 0.4, 'gamma': 0.6}"
tune,bimodal,hetero,med,d_cheap_a0.0_b0.6_g0.4,9,172,172,0,1.0,0.7646882445007644,0.5297967496867513,26,0.24112154639598873,0.0696677630401912,9615.034694343358,104.00378488372093,147.206,"{'family': 'd_cheap', 'alpha': 0.0, 'beta': 0.6, 'gamma': 0.4}"
tune,bimodal,hetero,med,d_cheap_a0.0_b0.8_g0.2,9,172,172,0,1.0,0.751077565969989,0.5269002959904417,30,0.22728242319307757,0.024603603975603083,9108.589479314365,109.78648255813954,148.598,"{'family': 'd_cheap', 'alpha': 0.0, 'beta': 0.8, 'gamma': 0.2}"
tune,bimodal,hetero,med,d_cheap_a0.0_b1.0_g0.0,9,172,172,0,1.0,0.7629900698983646,0.451991073183761,30,0.31160288566999494,0.004593634618317609,10070.085452871648,99.30402325581396,129.062,"{'family': 'd_cheap', 'alpha': 0.0, 'beta': 1.0, 'gamma': 0.0}"
tune,bimodal,hetero,med,d_cheap_a0.2_b0.2_g0.6,9,172,172,0,1.0,0.7802927098302596,0.5192213804852559,25,0.3345322807407344,0.14284414500769083,10502.926530563394,95.21155813953489,143.328,"{'family': 'd_cheap', 'alpha': 0.2, 'beta': 0.2, 'gamma': 0.6}"
tune,bimodal,hetero,med,d_cheap_a0.2_b0.4_g0.4,9,172,172,0,1.0,0.7762014587239494,0.5138389953166361,24,0.27530326768554275,0.14037824418124734,10164.82019555932,98.37852325581396,148.989,"{'family': 'd_cheap', 'alpha': 0.2, 'beta': 0.4, 'gamma': 0.4}"
tune,bimodal,hetero,med,d_cheap_a0.2_b0.6_g0.2,9,172,172,0,1.0,0.7630341253716396,0.5324196564102768,26,0.23770679377929455,0.07664899416137425,9486.860147134581,105.40895348837209,150.612,"{'family': 'd_cheap', 'alpha': 0.2, 'beta': 0.6, 'gamma': 0.2}"
tune,bimodal,hetero,med,d_cheap_a0.2_b0.8_g0.0,9,172,172,0,1.0,0.7510048302552017,0.527786167186981,30,0.22715678915810375,0.01859556852580004,11753.039664048927,85.08437209302325,116.488,"{'family': 'd_cheap', 'alpha': 0.2, 'beta': 0.8, 'gamma': 0.0}"
tune,bimodal,hetero,med,d_cheap_a0.4_b0.0_g0.6,9,172,172,0,1.0,0.7867935243424179,0.5264703437987925,27,0.405839758858167,0.21079288083139863,12666.275239486495,78.94980813953488,121.597,"{'family': 'd_cheap', 'alpha': 0.4, 'beta': 0.0, 'gamma': 0.6}"
tune,bimodal,hetero,med,d_cheap_a0.4_b0.2_g0.4,9,172,172,0,1.0,0.7802927098302596,0.5192213804852559,25,0.3345322807407344,0.14284414500769083,10483.783963345766,95.38540697674418,145.061,"{'family': 'd_cheap', 'alpha': 0.4, 'beta': 0.2, 'gamma': 0.4}"
tune,bimodal,hetero,med,d_cheap_a0.4_b0.4_g0.2,9,172,172,0,1.0,0.7765864416532295,0.5125364000296367,25,0.3151503805458927,0.165699743680542,10437.65892776964,95.80692441860465,143.96,"{'family': 'd_cheap', 'alpha': 0.4, 'beta': 0.4, 'gamma': 0.2}"
tune,bimodal,hetero,med,d_cheap_a0.4_b0.6_g0.0,9,172,172,0,1.0,0.7694430514889931,0.5247008343412569,25,0.25143163344164615,0.09148615348929154,12898.99323357812,77.52543023255814,110.637,"{'family': 'd_cheap', 'alpha': 0.4, 'beta': 0.6, 'gamma': 0.0}"
tune,bimodal,hetero,med,d_cheap_a0.6_b0.0_g0.4,9,172,172,0,1.0,0.786929054075143,0.5287536750861012,26,0.3948956159956129,0.20926038228997185,12622.857279150452,79.22136627906977,122.219,"{'family': 'd_cheap', 'alpha': 0.6, 'beta': 0.0, 'gamma': 0.4}"
tune,bimodal,hetero,med,d_cheap_a0.6_b0.2_g0.2,9,172,172,0,1.0,0.7802927098302596,0.5192213804852559,25,0.3345322807407344,0.14284414500769083,10549.854749354465,94.78803488372093,144.06,"{'family': 'd_cheap', 'alpha': 0.6, 'beta': 0.2, 'gamma': 0.2}"
tune,bimodal,hetero,med,d_cheap_a0.6_b0.4_g0.0,9,172,172,0,1.0,0.7754107131845399,0.5220483397835235,24,0.26701804867989326,0.1481069753627069,13332.786585728383,75.00307558139535,112.881,"{'family': 'd_cheap', 'alpha': 0.6, 'beta': 0.4, 'gamma': 0.0}"
tune,bimodal,hetero,med,d_cheap_a0.8_b0.0_g0.2,9,172,172,0,1.0,0.786929054075143,0.5287536750861012,26,0.3948956159956129,0.20926038228997185,12798.898937512799,78.13172093023256,124.914,"{'family': 'd_cheap', 'alpha': 0.8, 'beta': 0.0, 'gamma': 0.2}"
tune,bimodal,hetero,med,d_cheap_a0.8_b0.2_g0.0,9,172,172,0,1.0,0.7772301442473005,0.5240167422048811,25,0.2876695838202318,0.14224592654042303,13678.451262127397,73.10769186046511,110.657,"{'family': 'd_cheap', 'alpha': 0.8, 'beta': 0.2, 'gamma': 0.0}"
tune,bimodal,hetero,med,d_capacity_a0.0_b0.4_g0.6,9,172,172,0,1.0,0.7765902628813933,0.5068282730759381,24,0.2733332481317759,0.15603255720164882,7248.396566181695,137.96154651162792,211.776,"{'family': 'd_capacity', 'alpha': 0.0, 'beta': 0.4, 'gamma': 0.6}"
tune,bimodal,hetero,med,d_capacity_a0.0_b0.6_g0.4,9,172,172,0,1.0,0.7612187449503589,0.5313829564022533,26,0.23709827590774543,0.07475854109043036,6787.812277842205,147.32287209302328,216.876,"{'family': 'd_capacity', 'alpha': 0.0, 'beta': 0.6, 'gamma': 0.4}"
tune,bimodal,hetero,med,d_capacity_a0.0_b0.8_g0.2,9,172,172,0,1.0,0.7530509987222197,0.5258128520702559,30,0.22997361877463576,0.02022181268137927,6223.8512308498075,160.67222093023256,230.792,"{'family': 'd_capacity', 'alpha': 0.0, 'beta': 0.8, 'gamma': 0.2}"
tune,bimodal,hetero,med,d_capacity_a0.0_b1.0_g0.0,9,172,172,0,1.0,0.7629900698983646,0.451991073183761,30,0.31160288566999494,0.004593634618317609,9983.399116387918,100.16628488372093,126.396,"{'family': 'd_capacity', 'alpha': 0.0, 'beta': 1.0, 'gamma': 0.0}"
tune,bimodal,hetero,med,d_capacity_a0.2_b0.2_g0.6,9,172,172,0,1.0,0.7803213654941286,0.527308407490004,25,0.3331448256487409,0.1878232862711295,7451.744969054029,134.1967558139535,209.582,"{'family': 'd_capacity', 'alpha': 0.2, 'beta': 0.2, 'gamma': 0.6}"
tune,bimodal,hetero,med,d_capacity_a0.2_b0.4_g0.4,9,172,172,0,1.0,0.7765902628813933,0.5068282730759381,24,0.2733332481317759,0.15603255720164882,7234.766924832875,138.2214534883721,215.323,"{'family': 'd_capacity', 'alpha': 0.2, 'beta': 0.4, 'gamma': 0.4}"
tune,bimodal,hetero,med,d_capacity_a0.2_b0.6_g0.2,9,172,172,0,1.0,0.7692515508288074,0.5266197169853803,25,0.24932125013733705,0.07730104658888717,6909.801975922152,144.7219476744186,207.148,"{'family': 'd_capacity', 'alpha': 0.2, 'beta': 0.6, 'gamma': 0.2}"
tune,bimodal,hetero,med,d_capacity_a0.2_b0.8_g0.0,9,172,172,0,1.0,0.7510048302552017,0.527786167186981,30,0.22715678915810375,0.01859556852580004,11744.892201009186,85.1433953488372,126.517,"{'family': 'd_capacity', 'alpha': 0.2, 'beta': 0.8, 'gamma': 0.0}"
tune,bimodal,hetero,med,d_capacity_a0.4_b0.0_g0.6,9,172,172,0,1.0,0.7867935243424179,0.5239252888626434,27,0.40838481379431607,0.21079288083139863,8831.13010328931,113.23579069767442,187.241,"{'family': 'd_capacity', 'alpha': 0.4, 'beta': 0.0, 'gamma': 0.6}"
tune,bimodal,hetero,med,d_capacity_a0.4_b0.2_g0.4,9,172,172,0,1.0,0.7834294081554604,0.524233299320669,26,0.34387499096298124,0.2095290584732194,7295.076735088408,137.07875,219.48,"{'family': 'd_capacity', 'alpha': 0.4, 'beta': 0.2, 'gamma': 0.4}"
tune,bimodal,hetero,med,d_capacity_a0.4_b0.4_g0.2,9,172,172,0,1.0,0.7765864416532295,0.5125364000296367,25,0.3151503805458927,0.165699743680542,7280.758888737771,137.34831976744186,212.217,"{'family': 'd_capacity', 'alpha': 0.4, 'beta': 0.4, 'gamma': 0.2}"
tune,bimodal,hetero,med,d_capacity_a0.4_b0.6_g0.0,9,172,172,0,1.0,0.7694430514889931,0.5247008343412569,25,0.25143163344164615,0.09148615348929154,12616.686007361688,79.26011627906978,125.886,"{'family': 'd_capacity', 'alpha': 0.4, 'beta': 0.6, 'gamma': 0.0}"
tune,bimodal,hetero,med,d_capacity_a0.6_b0.0_g0.4,9,172,172,0,1.0,0.786929054075143,0.5262086201499521,26,0.397440670931762,0.20926038228997185,8842.33934163437,113.09224418604651,185.176,"{'family': 'd_capacity', 'alpha': 0.6, 'beta': 0.0, 'gamma': 0.4}"
tune,bimodal,hetero,med,d_capacity_a0.6_b0.2_g0.2,9,172,172,0,1.0,0.7806663645337875,0.5229489812511526,25,0.32691180970112604,0.16330721964391998,7580.779708756139,131.9125523255814,207.258,"{'family': 'd_capacity', 'alpha': 0.6, 'beta': 0.2, 'gamma': 0.2}"
tune,bimodal,hetero,med,d_capacity_a0.6_b0.4_g0.0,9,172,172,0,1.0,0.7754107131845399,0.5220483397835235,24,0.26701804867989326,0.1481069753627069,13138.217562466496,76.11382558139535,118.292,"{'family': 'd_capacity', 'alpha': 0.6, 'beta': 0.4, 'gamma': 0.0}"
tune,bimodal,hetero,med,d_capacity_a0.8_b0.0_g0.2,9,172,172,0,1.0,0.786929054075143,0.5262086201499521,26,0.397440670931762,0.20926038228997185,8779.29112226342,113.90441279069768,182.372,"{'family': 'd_capacity', 'alpha': 0.8, 'beta': 0.0, 'gamma': 0.2}"
tune,bimodal,hetero,med,d_capacity_a0.8_b0.2_g0.0,9,172,172,0,1.0,0.7772301442473005,0.5240167422048811,25,0.2876695838202318,0.14224592654042303,13410.274000745518,74.56969186046511,113.523,"{'family': 'd_capacity', 'alpha': 0.8, 'beta': 0.2, 'gamma': 0.0}"
