split,family,cluster_config,load,policy,seed,submitted,placed,rejected,admission_rate,mean_cpu_util,mean_ram_util,active_nodes,free_imbalance,stranded_frac,decisions_per_sec,mean_latency_us,p95_latency_us,params
tune,bimodal,homog,high,binpack,0,253,229,24,0.9051383399209486,0.9871527777777778,0.6004166666666666,30,0.3927083333333333,0.21783854166666666,9801.578472541381,102.02438339920948,216.244,{}
tune,bimodal,homog,high,hybrid_a0.1,0,253,235,18,0.9288537549407114,0.9777777777777777,0.6310416666666666,30,0.35743055555555553,0.09518229166666667,5723.761367293925,174.71028853754942,275.355,"{'family': 'hybrid', 'alpha': 0.1}"
tune,bimodal,homog,high,hybrid_a0.2,0,253,233,20,0.9209486166007905,0.9815972222222222,0.6277083333333333,30,0.3538888888888889,0.08151041666666667,5997.891918793664,166.72524505928854,277.219,"{'family': 'hybrid', 'alpha': 0.2}"
tune,bimodal,homog,high,hybrid_a0.3,0,253,236,17,0.932806324110672,0.9862847222222223,0.6342708333333333,30,0.3542361111111111,0.16223958333333333,6319.209550308814,158.24764031620555,252.903,"{'family': 'hybrid', 'alpha': 0.3}"
tune,bimodal,homog,high,hybrid_a0.4,0,253,231,22,0.9130434782608695,0.9864583333333333,0.614375,30,0.37805555555555553,0.202734375,7265.559770601294,137.63564426877468,249.848,"{'family': 'hybrid', 'alpha': 0.4}"
tune,bimodal,homog,high,hybrid_a0.5,0,253,229,24,0.9051383399209486,0.9871527777777778,0.6004166666666666,30,0.3927083333333333,0.20598958333333334,7646.214895449194,130.78366403162056,247.953,"{'family': 'hybrid', 'alpha': 0.5}"
tune,bimodal,homog,high,hybrid_a0.6,0,253,229,24,0.9051383399209486,0.9871527777777778,0.6004166666666666,30,0.3927083333333333,0.1921875,7673.477691971986,130.31900790513833,249.076,"{'family': 'hybrid', 'alpha': 0.6}"
tune,bimodal,homog,high,hybrid_a0.7,0,253,230,23,0.9090909090909091,0.9888888888888889,0.6045833333333334,30,0.3902777777777778,0.23294270833333333,7667.262622079565,130.4246442687747,250.048,"{'family': 'hybrid', 'alpha': 0.7}"
tune,bimodal,homog,high,hybrid_a0.8,0,253,229,24,0.9051383399209486,0.9871527777777778,0.6004166666666666,30,0.3927083333333333,0.21783854166666666,7822.163212125256,127.84187351778657,242.053,"{'family': 'hybrid', 'alpha': 0.8}"
tune,bimodal,homog,high,hybrid_a0.9,0,253,229,24,0.9051383399209486,0.9871527777777778,0.6004166666666666,30,0.3927083333333333,0.21783854166666666,7459.027239070256,134.0657391304348,263.754,"{'family': 'hybrid', 'alpha': 0.9}"
tune,bimodal,homog,high,balance_l0.05,0,253,229,24,0.9051383399209486,0.9871527777777778,0.6004166666666666,30,0.3927083333333333,0.21783854166666666,9116.995228640368,109.68526086956521,220.993,"{'family': 'balance', 'lam': 0.05}"
tune,bimodal,homog,high,balance_l0.1,0,253,229,24,0.9051383399209486,0.9871527777777778,0.6004166666666666,30,0.3927083333333333,0.21783854166666666,9126.441874106542,109.57172727272727,207.398,"{'family': 'balance', 'lam': 0.1}"
tune,bimodal,homog,high,balance_l0.2,0,253,228,25,0.9011857707509882,0.9791666666666666,0.603125,30,0.4000694444444444,0.20403645833333334,9255.837268771442,108.03992885375494,210.504,"{'family': 'balance', 'lam': 0.2}"
tune,bimodal,homog,high,balance_l0.4,0,253,231,22,0.9130434782608695,0.9864583333333333,0.614375,30,0.37805555555555553,0.19752604166666668,9100.816652609563,109.88024901185771,210.785,"{'family': 'balance', 'lam': 0.4}"
tune,bimodal,homog,high,balance_l0.8,0,253,233,20,0.9209486166007905,0.9857638888888889,0.6220833333333334,30,0.36993055555555554,0.17135416666666667,8284.93550177712,120.701,209.993,"{'family': 'balance', 'lam': 0.8}"
tune,bimodal,homog,high,wmatch_l0.05,0,253,229,24,0.9051383399209486,0.9871527777777778,0.6004166666666666,30,0.3927083333333333,0.21783854166666666,6218.221630887642,160.8176837944664,317.654,"{'family': 'wmatch', 'lam': 0.05}"
tune,bimodal,homog,high,wmatch_l0.1,0,253,229,24,0.9051383399209486,0.9871527777777778,0.6004166666666666,30,0.3927083333333333,0.21783854166666666,6295.269958095897,158.84942292490118,300.622,"{'family': 'wmatch', 'lam': 0.1}"
tune,bimodal,homog,high,wmatch_l0.2,0,253,229,24,0.9051383399209486,0.9871527777777778,0.6004166666666666,30,0.3927083333333333,0.21783854166666666,6332.229664914174,157.92225691699602,304.459,"{'family': 'wmatch', 'lam': 0.2}"
tune,bimodal,homog,high,wmatch_l0.4,0,253,229,24,0.9051383399209486,0.9871527777777778,0.6004166666666666,30,0.3927083333333333,0.21783854166666666,6129.184952371266,163.1538300395257,309.169,"{'family': 'wmatch', 'lam': 0.4}"
tune,bimodal,homog,high,wmatch_l0.8,0,253,229,24,0.9051383399209486,0.986111111111111,0.6041666666666666,30,0.38791666666666663,0.202734375,6348.412946948345,157.5196837944664,297.867,"{'family': 'wmatch', 'lam': 0.8}"
tune,bimodal,homog,high,d_cheap_a0.0_b0.4_g0.6,0,253,229,24,0.9051383399209486,0.986111111111111,0.6041666666666666,30,0.38791666666666663,0.19153645833333333,5840.112133846321,171.22958893280634,335.327,"{'family': 'd_cheap', 'alpha': 0.0, 'beta': 0.4, 'gamma': 0.6}"
tune,bimodal,homog,high,d_cheap_a0.0_b0.6_g0.4,0,253,230,23,0.9090909090909091,0.9847222222222223,0.6102083333333332,30,0.3804861111111111,0.159375,5412.710511918115,184.75032015810277,325.85,"{'family': 'd_cheap', 'alpha': 0.0, 'beta': 0.6, 'gamma': 0.4}"
tune,bimodal,homog,high,d_cheap_a0.0_b0.8_g0.2,0,253,232,21,0.9169960474308301,0.9798611111111111,0.6235416666666667,30,0.35631944444444447,0.05911458333333333,4634.45701941363,215.77500790513832,340.647,"{'family': 'd_cheap', 'alpha': 0.0, 'beta': 0.8, 'gamma': 0.2}"
tune,bimodal,homog,high,d_cheap_a0.0_b1.0_g0.0,0,253,238,15,0.9407114624505929,0.9741319444444444,0.6426041666666666,30,0.33152777777777775,0.049088541666666666,5111.892765986782,195.62225691699604,275.325,"{'family': 'd_cheap', 'alpha': 0.0, 'beta': 1.0, 'gamma': 0.0}"
tune,bimodal,homog,high,d_cheap_a0.2_b0.2_g0.6,0,253,229,24,0.9051383399209486,0.986111111111111,0.6041666666666666,30,0.38791666666666663,0.202734375,5907.091168760949,169.28805928853754,313.807,"{'family': 'd_cheap', 'alpha': 0.2, 'beta': 0.2, 'gamma': 0.6}"
tune,bimodal,homog,high,d_cheap_a0.2_b0.4_g0.4,0,253,229,24,0.9051383399209486,0.986111111111111,0.6041666666666666,30,0.38791666666666663,0.19153645833333333,5954.9313845973375,167.92804743083005,324.998,"{'family': 'd_cheap', 'alpha': 0.2, 'beta': 0.4, 'gamma': 0.4}"
tune,bimodal,homog,high,d_cheap_a0.2_b0.6_g0.2,0,253,231,22,0.9130434782608695,0.9864583333333333,0.614375,30,0.37805555555555553,0.18046875,5486.737244035304,182.25767984189724,322.163,"{'family': 'd_cheap', 'alpha': 0.2, 'beta': 0.6, 'gamma': 0.2}"
tune,bimodal,homog,high,d_cheap_a0.2_b0.8_g0.0,0,253,233,20,0.9209486166007905,0.9815972222222222,0.6277083333333333,30,0.3538888888888889,0.08151041666666667,6075.505274919375,164.59536363636366,255.458,"{'family': 'd_cheap', 'alpha': 0.2, 'beta': 0.8, 'gamma': 0.0}"
tune,bimodal,homog,high,d_cheap_a0.4_b0.0_g0.6,0,253,229,24,0.9051383399209486,0.986111111111111,0.6041666666666666,30,0.38791666666666663,0.202734375,6779.151274911841,147.5110909090909,278.572,"{'family': 'd_cheap', 'alpha': 0.4, 'beta': 0.0, 'gamma': 0.6}"
tune,bimodal,homog,high,d_cheap_a0.4_b0.2_g0.4,0,253,229,24,0.9051383399209486,0.986111111111111,0.6041666666666666,30,0.38791666666666663,0.202734375,5947.694610095707,168.13237154150198,320.91,"{'family': 'd_cheap', 'alpha': 0.4, 'beta': 0.2, 'gamma': 0.4}"
tune,bimodal,homog,high,d_cheap_a0.4_b0.4_g0.2,0,253,229,24,0.9051383399209486,0.986111111111111,0.6041666666666666,30,0.38791666666666663,0.19153645833333333,5951.308417502398,168.03027667984188,328.014,"{'family': 'd_cheap', 'alpha': 0.4, 'beta': 0.4, 'gamma': 0.2}"
tune,bimodal,homog,high,d_cheap_a0.4_b0.6_g0.0,0,253,231,22,0.9130434782608695,0.9864583333333333,0.614375,30,0.37805555555555553,0.202734375,7455.42686120164,134.1304822134387,241.191,"{'family': 'd_cheap', 'alpha': 0.4, 'beta': 0.6, 'gamma': 0.0}"
tune,bimodal,homog,high,d_cheap_a0.6_b0.0_g0.4,0,253,229,24,0.9051383399209486,0.9871527777777778,0.6004166666666666,30,0.3927083333333333,0.21783854166666666,6820.907423867552,146.60805928853753,276.788,"{'family': 'd_cheap', 'alpha': 0.6, 'beta': 0.0, 'gamma': 0.4}"
tune,bimodal,homog,high,d_cheap_a0.6_b0.2_g0.2,0,253,229,24,0.9051383399209486,0.9871527777777778,0.6004166666666666,30,0.3927083333333333,0.21783854166666666,6018.941203532732,166.14217786561264,318.987,"{'family': 'd_cheap', 'alpha': 0.6, 'beta': 0.2, 'gamma': 0.2}"
tune,bimodal,homog,high,d_cheap_a0.6_b0.4_g0.0,0,253,229,24,0.9051383399209486,0.9871527777777778,0.6004166666666666,30,0.3927083333333333,0.1921875,7639.314909862274,130.901790513834,257.432,"{'family': 'd_cheap', 'alpha': 0.6, 'beta': 0.4, 'gamma': 0.0}"
tune,bimodal,homog,high,d_cheap_a0.8_b0.0_g0.2,0,253,229,24,0.9051383399209486,0.9871527777777778,0.6004166666666666,30,0.3927083333333333,0.21783854166666666,6771.016687157245,147.68830830039525,282.318,"{'family': 'd_cheap', 'alpha': 0.8, 'beta': 0.0, 'gamma': 0.2}"
tune,bimodal,homog,high,d_cheap_a0.8_b0.2_g0.0,0,253,229,24,0.9051383399209486,0.9871527777777778,0.6004166666666666,30,0.3927083333333333,0.21783854166666666,7747.175312514316,129.07930434782608,249.046,"{'family': 'd_cheap', 'alpha': 0.8, 'beta': 0.2, 'gamma': 0.0}"
tune,bimodal,homog,high,d_capacity_a0.0_b0.4_g0.6,0,253,229,24,0.9051383399209486,0.986111111111111,0.6041666666666666,30,0.38791666666666663,0.19153645833333333,4392.7878826561,227.64586561264824,459.84,"{'family': 'd_capacity', 'alpha': 0.0, 'beta': 0.4, 'gamma': 0.6}"
tune,bimodal,homog,high,d_capacity_a0.0_b0.6_g0.4,0,253,233,20,0.9209486166007905,0.9857638888888889,0.6283333333333334,30,0.3634027777777778,0.174609375,3910.6617515161506,255.7111976284585,447.527,"{'family': 'd_capacity', 'alpha': 0.0, 'beta': 0.6, 'gamma': 0.4}"
tune,bimodal,homog,high,d_capacity_a0.0_b0.8_g0.2,0,253,234,19,0.924901185770751,0.9791666666666666,0.63125,30,0.34791666666666665,0.052473958333333334,3409.943670695728,293.259976284585,463.647,"{'family': 'd_capacity', 'alpha': 0.0, 'beta': 0.8, 'gamma': 0.2}"
tune,bimodal,homog,high,d_capacity_a0.0_b1.0_g0.0,0,253,238,15,0.9407114624505929,0.9741319444444444,0.6426041666666666,30,0.33152777777777775,0.049088541666666666,5138.314385511318,194.61635177865614,274.554,"{'family': 'd_capacity', 'alpha': 0.0, 'beta': 1.0, 'gamma': 0.0}"
tune,bimodal,homog,high,d_capacity_a0.2_b0.2_g0.6,0,253,229,24,0.9051383399209486,0.986111111111111,0.6041666666666666,30,0.38791666666666663,0.202734375,4423.802751552856,226.04986166007905,448.399,"{'family': 'd_capacity', 'alpha': 0.2, 'beta': 0.2, 'gamma': 0.6}"
tune,bimodal,homog,high,d_capacity_a0.2_b0.4_g0.4,0,253,229,24,0.9051383399209486,0.986111111111111,0.6041666666666666,30,0.38791666666666663,0.19153645833333333,4489.339256564,222.74992885375494,431.066,"{'family': 'd_capacity', 'alpha': 0.2, 'beta': 0.4, 'gamma': 0.4}"
tune,bimodal,homog,high,d_capacity_a0.2_b0.6_g0.2,0,253,231,22,0.9130434782608695,0.9864583333333333,0.614375,30,0.37805555555555553,0.18111979166666667,4019.9845667549025,248.7571739130435,433.852,"{'family': 'd_capacity', 'alpha': 0.2, 'beta': 0.6, 'gamma': 0.2}"
tune,bimodal,homog,high,d_capacity_a0.2_b0.8_g0.0,0,253,233,20,0.9209486166007905,0.9815972222222222,0.6277083333333333,30,0.3538888888888889,0.08151041666666667,6076.026315293987,164.5812490118577,258.444,"{'family': 'd_capacity', 'alpha': 0.2, 'beta': 0.8, 'gamma': 0.0}"
tune,bimodal,homog,high,d_capacity_a0.4_b0.0_g0.6,0,253,229,24,0.9051383399209486,0.9871527777777778,0.6004166666666666,30,0.3927083333333333,0.21783854166666666,4929.024578766144,202.87989723320158,388.888,"{'family': 'd_capacity', 'alpha': 0.4, 'beta': 0.0, 'gamma': 0.6}"
tune,bimodal,homog,high,d_capacity_a0.4_b0.2_g0.4,0,253,229,24,0.9051383399209486,0.9871527777777778,0.6004166666666666,30,0.3927083333333333,0.21783854166666666,4434.330431966706,225.51318972332015,428.843,"{'family': 'd_capacity', 'alpha': 0.4, 'beta': 0.2, 'gamma': 0.4}"
tune,bimodal,homog,high,d_capacity_a0.4_b0.4_g0.2,0,253,229,24,0.9051383399209486,0.9871527777777778,0.6004166666666666,30,0.3927083333333333,0.1921875,4408.87986743387,226.81498023715415,440.084,"{'family': 'd_capacity', 'alpha': 0.4, 'beta': 0.4, 'gamma': 0.2}"
tune,bimodal,homog,high,d_capacity_a0.4_b0.6_g0.0,0,253,231,22,0.9130434782608695,0.9864583333333333,0.614375,30,0.37805555555555553,0.202734375,7231.9532965601375,138.27522924901186,257.282,"{'family': 'd_capacity', 'alpha': 0.4, 'beta': 0.6, 'gamma': 0.0}"
tune,bimodal,homog,high,d_capacity_a0.6_b0.0_g0.4,0,253,229,24,0.9051383399209486,0.9871527777777778,0.6004166666666666,30,0.3927083333333333,0.21783854166666666,4920.104025389915,203.2477351778656,396.422,"{'family': 'd_capacity', 'alpha': 0.6, 'beta': 0.0, 'gamma': 0.4}"
tune,bimodal,homog,high,d_capacity_a0.6_b0.2_g0.2,0,253,229,24,0.9051383399209486,0.9871527777777778,0.6004166666666666,30,0.3927083333333333,0.21783854166666666,4391.069404861181,227.73495652173912,439.482,"{'family': 'd_capacity', 'alpha': 0.6, 'beta': 0.2, 'gamma': 0.2}"
tune,bimodal,homog,high,d_capacity_a0.6_b0.4_g0.0,0,253,229,24,0.9051383399209486,0.9871527777777778,0.6004166666666666,30,0.3927083333333333,0.1921875,7660.678337624322,130.53674308300396,245.51,"{'family': 'd_capacity', 'alpha': 0.6, 'beta': 0.4, 'gamma': 0.0}"
tune,bimodal,homog,high,d_capacity_a0.8_b0.0_g0.2,0,253,229,24,0.9051383399209486,0.9871527777777778,0.6004166666666666,30,0.3927083333333333,0.21783854166666666,5003.292680756308,199.86837944664032,389.358,"{'family': 'd_capacity', 'alpha': 0.8, 'beta': 0.0, 'gamma': 0.2}"
tune,bimodal,homog,high,d_capacity_a0.8_b0.2_g0.0,0,253,229,24,0.9051383399209486,0.9871527777777778,0.6004166666666666,30,0.3927083333333333,0.21783854166666666,7820.817588270678,127.86386956521739,246.271,"{'family': 'd_capacity', 'alpha': 0.8, 'beta': 0.2, 'gamma': 0.0}"
tune,bimodal,homog,high,binpack,1,253,235,18,0.9288537549407114,0.9934027777777777,0.6091666666666666,30,0.3842361111111111,0.2296875,10286.920928179523,97.21081818181818,178.224,{}
tune,bimodal,homog,high,hybrid_a0.1,1,253,238,15,0.9407114624505929,0.9725694444444444,0.6404166666666666,30,0.3329861111111111,0.04205729166666667,5923.179915091567,168.828233201581,250.378,"{'family': 'hybrid', 'alpha': 0.1}"
tune,bimodal,homog,high,hybrid_a0.2,1,253,238,15,0.9407114624505929,0.9819444444444444,0.6316666666666666,30,0.35874999999999996,0.11822916666666666,6035.83880684111,165.6770553359684,249.106,"{'family': 'hybrid', 'alpha': 0.2}"
tune,bimodal,homog,high,hybrid_a0.3,1,253,238,15,0.9407114624505929,0.9902777777777777,0.6266666666666667,30,0.3636111111111111,0.15364583333333334,6458.912305892453,154.8248300395257,247.373,"{'family': 'hybrid', 'alpha': 0.3}"
tune,bimodal,homog,high,hybrid_a0.4,1,253,234,19,0.924901185770751,0.9916666666666667,0.605,30,0.38666666666666666,0.231640625,7056.917357751792,141.7049328063241,251.651,"{'family': 'hybrid', 'alpha': 0.4}"
tune,bimodal,homog,high,hybrid_a0.5,1,253,233,20,0.9209486166007905,0.9878472222222222,0.6020833333333333,30,0.38576388888888885,0.16002604166666667,7185.60765389342,139.16707509881425,253.274,"{'family': 'hybrid', 'alpha': 0.5}"
tune,bimodal,homog,high,hybrid_a0.6,1,253,235,18,0.9288537549407114,0.9934027777777777,0.6091666666666666,30,0.3842361111111111,0.2296875,7598.915427525345,131.59772727272727,248.064,"{'family': 'hybrid', 'alpha': 0.6}"
tune,bimodal,homog,high,hybrid_a0.7,1,253,235,18,0.9288537549407114,0.9934027777777777,0.6091666666666666,30,0.3842361111111111,0.2296875,7629.355649650942,131.07266798418974,252.483,"{'family': 'hybrid', 'alpha': 0.7}"
tune,bimodal,homog,high,hybrid_a0.8,1,253,235,18,0.9288537549407114,0.9934027777777777,0.6091666666666666,30,0.3842361111111111,0.2296875,7554.6711845790105,132.36843478260872,252.603,"{'family': 'hybrid', 'alpha': 0.8}"
tune,bimodal,homog,high,hybrid_a0.9,1,253,235,18,0.9288537549407114,0.9934027777777777,0.6091666666666666,30,0.3842361111111111,0.2296875,7727.788792507037,129.40312252964426,236.442,"{'family': 'hybrid', 'alpha': 0.9}"
tune,bimodal,homog,high,balance_l0.05,1,253,235,18,0.9288537549407114,0.9934027777777777,0.6091666666666666,30,0.3842361111111111,0.2296875,9075.121379748454,110.19136363636363,217.827,"{'family': 'balance', 'lam': 0.05}"
tune,bimodal,homog,high,balance_l0.1,1,253,235,18,0.9288537549407114,0.9934027777777777,0.6091666666666666,30,0.3842361111111111,0.2296875,9152.270741677232,109.2625019762846,206.697,"{'family': 'balance', 'lam': 0.1}"
tune,bimodal,homog,high,balance_l0.2,1,253,235,18,0.9288537549407114,0.9934027777777777,0.6091666666666666,30,0.3842361111111111,0.2296875,9143.540796780433,109.36682213438735,204.834,"{'family': 'balance', 'lam': 0.2}"
tune,bimodal,homog,high,balance_l0.4,1,253,235,18,0.9288537549407114,0.9934027777777777,0.6091666666666666,30,0.3842361111111111,0.2296875,9136.134433632067,109.45548221343874,198.621,"{'family': 'balance', 'lam': 0.4}"
tune,bimodal,homog,high,balance_l0.8,1,253,238,15,0.9407114624505929,0.9902777777777777,0.6266666666666667,30,0.3636111111111111,0.17721354166666667,8590.066250461547,116.41353754940712,208.971,"{'family': 'balance', 'lam': 0.8}"
tune,bimodal,homog,high,wmatch_l0.05,1,253,235,18,0.9288537549407114,0.9934027777777777,0.6091666666666666,30,0.3842361111111111,0.2296875,6306.213946309293,158.5737509881423,296.705,"{'family': 'wmatch', 'lam': 0.05}"
tune,bimodal,homog,high,wmatch_l0.1,1,253,235,18,0.9288537549407114,0.9934027777777777,0.6091666666666666,30,0.3842361111111111,0.2296875,6304.68472962995,158.61221343873518,302.596,"{'family': 'wmatch', 'lam': 0.1}"
tune,bimodal,homog,high,wmatch_l0.2,1,253,235,18,0.9288537549407114,0.9934027777777777,0.6091666666666666,30,0.3842361111111111,0.2296875,6335.866327545056,157.83161264822135,295.032,"{'family': 'wmatch', 'lam': 0.2}"
tune,bimodal,homog,high,wmatch_l0.4,1,253,235,18,0.9288537549407114,0.9934027777777777,0.6091666666666666,30,0.3842361111111111,0.2296875,6285.754733179526,159.08988537549408,295.303,"{'family': 'wmatch', 'lam': 0.4}"
tune,bimodal,homog,high,wmatch_l0.8,1,253,235,18,0.9288537549407114,0.9934027777777777,0.6091666666666666,30,0.3842361111111111,0.2296875,6289.972558067945,158.98320553359684,301.795,"{'family': 'wmatch', 'lam': 0.8}"
tune,bimodal,homog,high,d_cheap_a0.0_b0.4_g0.6,1,253,235,18,0.9288537549407114,0.9934027777777777,0.6091666666666666,30,0.3842361111111111,0.24674479166666666,5919.788688346103,168.9249486166008,308.467,"{'family': 'd_cheap', 'alpha': 0.0, 'beta': 0.4, 'gamma': 0.6}"
tune,bimodal,homog,high,d_cheap_a0.0_b0.6_g0.4,1,253,236,17,0.932806324110672,0.9868055555555556,0.6183333333333334,30,0.36847222222222226,0.15091145833333333,5294.281042284481,188.88305928853754,310.341,"{'family': 'd_cheap', 'alpha': 0.0, 'beta': 0.6, 'gamma': 0.4}"
tune,bimodal,homog,high,d_cheap_a0.0_b0.8_g0.2,1,253,239,14,0.9446640316205533,0.9836805555555556,0.6358333333333334,30,0.34868055555555555,0.096484375,4652.539179345051,214.936395256917,320.931,"{'family': 'd_cheap', 'alpha': 0.0, 'beta': 0.8, 'gamma': 0.2}"
tune,bimodal,homog,high,d_cheap_a0.0_b1.0_g0.0,1,253,238,15,0.9407114624505929,0.9725694444444444,0.6404166666666666,30,0.3321527777777778,0.03359375,5204.927457506499,192.12563636363635,273.242,"{'family': 'd_cheap', 'alpha': 0.0, 'beta': 1.0, 'gamma': 0.0}"
tune,bimodal,homog,high,d_cheap_a0.2_b0.2_g0.6,1,253,235,18,0.9288537549407114,0.9934027777777777,0.6091666666666666,30,0.3842361111111111,0.2296875,5858.35873286896,170.69627272727274,314.409,"{'family': 'd_cheap', 'alpha': 0.2, 'beta': 0.2, 'gamma': 0.6}"
tune,bimodal,homog,high,d_cheap_a0.2_b0.4_g0.4,1,253,235,18,0.9288537549407114,0.9934027777777777,0.6091666666666666,30,0.3842361111111111,0.2296875,5842.8496533862235,171.14936363636366,316.692,"{'family': 'd_cheap', 'alpha': 0.2, 'beta': 0.4, 'gamma': 0.4}"
tune,bimodal,homog,high,d_cheap_a0.2_b0.6_g0.2,1,253,234,19,0.924901185770751,0.9916666666666667,0.605,30,0.38666666666666666,0.231640625,5468.715499673401,182.85829644268773,314.579,"{'family': 'd_cheap', 'alpha': 0.2, 'beta': 0.6, 'gamma': 0.2}"
tune,bimodal,homog,high,d_cheap_a0.2_b0.8_g0.0,1,253,238,15,0.9407114624505929,0.9819444444444444,0.6316666666666666,30,0.35874999999999996,0.11822916666666666,5984.502173627959,167.0982766798419,255.849,"{'family': 'd_cheap', 'alpha': 0.2, 'beta': 0.8, 'gamma': 0.0}"
tune,bimodal,homog,high,d_cheap_a0.4_b0.0_g0.6,1,253,235,18,0.9288537549407114,0.9934027777777777,0.6091666666666666,30,0.3842361111111111,0.2296875,6835.91583696076,146.28617786561264,273.191,"{'family': 'd_cheap', 'alpha': 0.4, 'beta': 0.0, 'gamma': 0.6}"
tune,bimodal,homog,high,d_cheap_a0.4_b0.2_g0.4,1,253,235,18,0.9288537549407114,0.9934027777777777,0.6091666666666666,30,0.3842361111111111,0.2296875,5962.347235178282,167.71918181818182,306.874,"{'family': 'd_cheap', 'alpha': 0.4, 'beta': 0.2, 'gamma': 0.4}"
tune,bimodal,homog,high,d_cheap_a0.4_b0.4_g0.2,1,253,235,18,0.9288537549407114,0.9934027777777777,0.6091666666666666,30,0.3842361111111111,0.2296875,5917.236294213128,168.99781422924903,307.946,"{'family': 'd_cheap', 'alpha': 0.4, 'beta': 0.4, 'gamma': 0.2}"
tune,bimodal,homog,high,d_cheap_a0.4_b0.6_g0.0,1,253,234,19,0.924901185770751,0.9916666666666667,0.605,30,0.38666666666666666,0.231640625,7005.413384736639,142.7467509881423,240.48,"{'family': 'd_cheap', 'alpha': 0.4, 'beta': 0.6, 'gamma': 0.0}"
tune,bimodal,homog,high,d_cheap_a0.6_b0.0_g0.4,1,253,235,18,0.9288537549407114,0.9934027777777777,0.6091666666666666,30,0.3842361111111111,0.2296875,5926.411629671608,168.7361699604743,274.834,"{'family': 'd_cheap', 'alpha': 0.6, 'beta': 0.0, 'gamma': 0.4}"
tune,bimodal,homog,high,d_cheap_a0.6_b0.2_g0.2,1,253,235,18,0.9288537549407114,0.9934027777777777,0.6091666666666666,30,0.3842361111111111,0.2296875,3951.4777894383683,253.06987747035575,498.062,"{'family': 'd_cheap', 'alpha': 0.6, 'beta': 0.2, 'gamma': 0.2}"
tune,bimodal,homog,high,d_cheap_a0.6_b0.4_g0.0,1,253,235,18,0.9288537549407114,0.9934027777777777,0.6091666666666666,30,0.3842361111111111,0.2296875,7052.984163597341,141.78395652173913,265.697,"{'family': 'd_cheap', 'alpha': 0.6, 'beta': 0.4, 'gamma': 0.0}"
tune,bimodal,homog,high,d_cheap_a0.8_b0.0_g0.2,1,253,235,18,0.9288537549407114,0.9934027777777777,0.6091666666666666,30,0.3842361111111111,0.2296875,6700.515836430821,149.24224110671935,272.219,"{'family': 'd_cheap', 'alpha': 0.8, 'beta': 0.0, 'gamma': 0.2}"
tune,bimodal,homog,high,d_cheap_a0.8_b0.2_g0.0,1,253,235,18,0.9288537549407114,0.9934027777777777,0.6091666666666666,30,0.3842361111111111,0.2296875,7504.802628733617,133.24800790513834,254.376,"{'family': 'd_cheap', 'alpha': 0.8, 'beta': 0.2, 'gamma': 0.0}"
tune,bimodal,homog,high,d_capacity_a0.0_b0.4_g0.6,1,253,235,18,0.9288537549407114,0.9934027777777777,0.6091666666666666,30,0.3842361111111111,0.24674479166666666,4432.386639784563,225.61208695652172,422.771,"{'family': 'd_capacity', 'alpha': 0.0, 'beta': 0.4, 'gamma': 0.6}"
tune,bimodal,homog,high,d_capacity_a0.0_b0.6_g0.4,1,253,237,16,0.9367588932806324,0.9885416666666667,0.6225,30,0.36604166666666665,0.15026041666666667,3966.4440712886326,252.11498814229248,429.243,"{'family': 'd_capacity', 'alpha': 0.0, 'beta': 0.6, 'gamma': 0.4}"
tune,bimodal,homog,high,d_capacity_a0.0_b0.8_g0.2,1,253,240,13,0.9486166007905138,0.9864583333333333,0.6425,30,0.34479166666666666,0.11627604166666666,3423.8082559113977,292.07243083003954,447.166,"{'family': 'd_capacity', 'alpha': 0.0, 'beta': 0.8, 'gamma': 0.2}"
tune,bimodal,homog,high,d_capacity_a0.0_b1.0_g0.0,1,253,238,15,0.9407114624505929,0.9725694444444444,0.6404166666666666,30,0.3321527777777778,0.03359375,5130.810833392737,194.90096837944665,275.896,"{'family': 'd_capacity', 'alpha': 0.0, 'beta': 1.0, 'gamma': 0.0}"
tune,bimodal,homog,high,d_capacity_a0.2_b0.2_g0.6,1,253,235,18,0.9288537549407114,0.9934027777777777,0.6091666666666666,30,0.3842361111111111,0.2296875,4508.801215615579,221.78844268774705,420.556,"{'family': 'd_capacity', 'alpha': 0.2, 'beta': 0.2, 'gamma': 0.6}"
tune,bimodal,homog,high,d_capacity_a0.2_b0.4_g0.4,1,253,235,18,0.9288537549407114,0.9934027777777777,0.6091666666666666,30,0.3842361111111111,0.2296875,4534.869950415589,220.5134901185771,421.489,"{'family': 'd_capacity', 'alpha': 0.2, 'beta': 0.4, 'gamma': 0.4}"
tune,bimodal,homog,high,d_capacity_a0.2_b0.6_g0.2,1,253,237,16,0.9367588932806324,0.9885416666666667,0.6225,30,0.36604166666666665,0.15872395833333333,4032.796100601781,247.96691304347826,423.192,"{'family': 'd_capacity', 'alpha': 0.2, 'beta': 0.6, 'gamma': 0.2}"
tune,bimodal,homog,high,d_capacity_a0.2_b0.8_g0.0,1,253,238,15,0.9407114624505929,0.9819444444444444,0.6316666666666666,30,0.35874999999999996,0.11822916666666666,5940.39938596463,168.33884980237156,255.748,"{'family': 'd_capacity', 'alpha': 0.2, 'beta': 0.8, 'gamma': 0.0}"
tune,bimodal,homog,high,d_capacity_a0.4_b0.0_g0.6,1,253,235,18,0.9288537549407114,0.9934027777777777,0.6091666666666666,30,0.3842361111111111,0.2296875,5017.855035556362,199.2883399209486,384.149,"{'family': 'd_capacity', 'alpha': 0.4, 'beta': 0.0, 'gamma': 0.6}"
tune,bimodal,homog,high,d_capacity_a0.4_b0.2_g0.4,1,253,235,18,0.9288537549407114,0.9934027777777777,0.6091666666666666,30,0.3842361111111111,0.2296875,4544.20917415123,220.0602924901186,422.591,"{'family': 'd_capacity', 'alpha': 0.4, 'beta': 0.2, 'gamma': 0.4}"
tune,bimodal,homog,high,d_capacity_a0.4_b0.4_g0.2,1,253,235,18,0.9288537549407114,0.9934027777777777,0.6091666666666666,30,0.3842361111111111,0.2296875,4586.400821230416,218.03589328063242,408.745,"{'family': 'd_capacity', 'alpha': 0.4, 'beta': 0.4, 'gamma': 0.2}"
tune,bimodal,homog,high,d_capacity_a0.4_b0.6_g0.0,1,253,234,19,0.924901185770751,0.9916666666666667,0.605,30,0.38666666666666666,0.231640625,6954.360401838886,143.79467588932806,249.176,"{'family': 'd_capacity', 'alpha': 0.4, 'beta': 0.6, 'gamma': 0.0}"
tune,bimodal,homog,high,d_capacity_a0.6_b0.0_g0.4,1,253,235,18,0.9288537549407114,0.9934027777777777,0.6091666666666666,30,0.3842361111111111,0.2296875,5145.921345792267,194.3286600790514,369.601,"{'family': 'd_capacity', 'alpha': 0.6, 'beta': 0.0, 'gamma': 0.4}"
tune,bimodal,homog,high,d_capacity_a0.6_b0.2_g0.2,1,253,235,18,0.9288537549407114,0.9934027777777777,0.6091666666666666,30,0.3842361111111111,0.2296875,4565.63998957807,219.0273438735178,411.51,"{'family': 'd_capacity', 'alpha': 0.6, 'beta': 0.2, 'gamma': 0.2}"
tune,bimodal,homog,high,d_capacity_a0.6_b0.4_g0.0,1,253,235,18,0.9288537549407114,0.9934027777777777,0.6091666666666666,30,0.3842361111111111,0.2296875,7563.029782015546,132.2221422924901,253.725,"{'family': 'd_capacity', 'alpha': 0.6, 'beta': 0.4, 'gamma': 0.0}"
tune,bimodal,homog,high,d_capacity_a0.8_b0.0_g0.2,1,253,235,18,0.9288537549407114,0.9934027777777777,0.6091666666666666,30,0.3842361111111111,0.2296875,5043.09081906911,198.29109486166007,369.622,"{'family': 'd_capacity', 'alpha': 0.8, 'beta': 0.0, 'gamma': 0.2}"
tune,bimodal,homog,high,d_capacity_a0.8_b0.2_g0.0,1,253,235,18,0.9288537549407114,0.9934027777777777,0.6091666666666666,30,0.3842361111111111,0.2296875,7450.586780827326,134.21761660079054,248.645,"{'family': 'd_capacity', 'alpha': 0.8, 'beta': 0.2, 'gamma': 0.0}"
tune,bimodal,homog,high,binpack,2,253,231,22,0.9130434782608695,0.9802083333333333,0.6181249999999999,30,0.37124999999999997,0.24609375,10120.991047443365,98.8045533596838,192.019,{}
tune,bimodal,homog,high,hybrid_a0.1,2,253,238,15,0.9407114624505929,0.9793402777777778,0.6363541666666667,30,0.3429861111111111,0.17799479166666668,5750.9360955526445,173.8847351778656,252.924,"{'family': 'hybrid', 'alpha': 0.1}"
tune,bimodal,homog,high,hybrid_a0.2,2,253,238,15,0.9407114624505929,0.9793402777777778,0.6363541666666667,30,0.3452083333333333,0.20026041666666666,5892.909620864403,169.69545849802373,271.187,"{'family': 'hybrid', 'alpha': 0.2}"
tune,bimodal,homog,high,hybrid_a0.3,2,253,238,15,0.9407114624505929,0.9887152777777778,0.6338541666666667,30,0.3584722222222222,0.23307291666666666,6238.928675827584,160.28392885375496,261.048,"{'family': 'hybrid', 'alpha': 0.3}"
tune,bimodal,homog,high,hybrid_a0.4,2,253,235,18,0.9288537549407114,0.9850694444444444,0.6235416666666667,30,0.3670833333333333,0.24088541666666666,6665.348525937097,150.02966403162054,245.309,"{'family': 'hybrid', 'alpha': 0.4}"
tune,bimodal,homog,high,hybrid_a0.5,2,253,232,21,0.9169960474308301,0.9829861111111112,0.6185416666666667,30,0.37527777777777777,0.24479166666666666,7470.718768778301,133.85592885375493,257.011,"{'family': 'hybrid', 'alpha': 0.5}"
tune,bimodal,homog,high,hybrid_a0.6,2,253,232,21,0.9169960474308301,0.9788194444444444,0.6179166666666667,30,0.378125,0.24674479166666666,7586.526053854679,131.81263636363636,244.057,"{'family': 'hybrid', 'alpha': 0.6}"
tune,bimodal,homog,high,hybrid_a0.7,2,253,232,21,0.9169960474308301,0.9788194444444444,0.6179166666666667,30,0.378125,0.24674479166666666,7470.650604196988,133.85715019762844,261.459,"{'family': 'hybrid', 'alpha': 0.7}"
tune,bimodal,homog,high,hybrid_a0.8,2,253,231,22,0.9130434782608695,0.9802083333333333,0.6181249999999999,30,0.37930555555555556,0.24609375,7552.902785035879,132.39942687747038,255.038,"{'family': 'hybrid', 'alpha': 0.8}"
tune,bimodal,homog,high,hybrid_a0.9,2,253,232,21,0.9169960474308301,0.9829861111111111,0.6185416666666667,30,0.37361111111111106,0.24479166666666666,7618.81680317097,131.25397628458498,240.811,"{'family': 'hybrid', 'alpha': 0.9}"
tune,bimodal,homog,high,balance_l0.05,2,253,231,22,0.9130434782608695,0.9802083333333333,0.6181249999999999,30,0.37124999999999997,0.24609375,8914.467027800065,112.17720553359683,207.949,"{'family': 'balance', 'lam': 0.05}"
tune,bimodal,homog,high,balance_l0.1,2,253,231,22,0.9130434782608695,0.9802083333333333,0.6181249999999999,30,0.37124999999999997,0.24609375,9004.838944184414,111.05140316205532,212.076,"{'family': 'balance', 'lam': 0.1}"
tune,bimodal,homog,high,balance_l0.2,2,253,231,22,0.9130434782608695,0.9802083333333333,0.6181249999999999,30,0.37124999999999997,0.24609375,9114.2130496654,109.71874308300396,211.766,"{'family': 'balance', 'lam': 0.2}"
tune,bimodal,homog,high,balance_l0.4,2,253,232,21,0.9169960474308301,0.9788194444444444,0.6179166666666667,30,0.37604166666666666,0.24674479166666666,9192.529648996519,108.78398418972333,204.222,"{'family': 'balance', 'lam': 0.4}"
tune,bimodal,homog,high,balance_l0.8,2,253,234,19,0.924901185770751,0.9875,0.62,30,0.3711111111111111,0.2421875,8691.24844871521,115.05826877470355,208.189,"{'family': 'balance', 'lam': 0.8}"
tune,bimodal,homog,high,wmatch_l0.05,2,253,231,22,0.9130434782608695,0.9802083333333333,0.6181249999999999,30,0.37124999999999997,0.24609375,6175.95596352993,161.91825296442687,296.665,"{'family': 'wmatch', 'lam': 0.05}"
tune,bimodal,homog,high,wmatch_l0.1,2,253,231,22,0.9130434782608695,0.9802083333333333,0.6181249999999999,30,0.37124999999999997,0.24609375,6182.573597673788,161.74494071146248,303.237,"{'family': 'wmatch', 'lam': 0.1}"
tune,bimodal,homog,high,wmatch_l0.2,2,253,231,22,0.9130434782608695,0.9802083333333333,0.6181249999999999,30,0.37124999999999997,0.24609375,6114.536285289665,163.54469960474307,305.482,"{'family': 'wmatch', 'lam': 0.2}"
tune,bimodal,homog,high,wmatch_l0.4,2,253,231,22,0.9130434782608695,0.9802083333333333,0.6181249999999999,30,0.37124999999999997,0.24609375,6181.188016029946,161.7811976284585,304.249,"{'family': 'wmatch', 'lam': 0.4}"
tune,bimodal,homog,high,wmatch_l0.8,2,253,231,22,0.9130434782608695,0.9802083333333333,0.6181249999999999,30,0.37124999999999997,0.24609375,6256.743774397746,159.82754545454543,298.148,"{'family': 'wmatch', 'lam': 0.8}"
tune,bimodal,homog,high,d_cheap_a0.0_b0.4_g0.6,2,253,232,21,0.9169960474308301,0.9788194444444444,0.6179166666666667,30,0.378125,0.24674479166666666,5975.087945382878,167.3615533596838,301.153,"{'family': 'd_cheap', 'alpha': 0.0, 'beta': 0.4, 'gamma': 0.6}"
tune,bimodal,homog,high,d_cheap_a0.0_b0.6_g0.4,2,253,236,17,0.932806324110672,0.9868055555555556,0.6277083333333333,30,0.3627083333333333,0.23763020833333334,5273.154619939986,189.6398023715415,307.886,"{'family': 'd_cheap', 'alpha': 0.0, 'beta': 0.6, 'gamma': 0.4}"
tune,bimodal,homog,high,d_cheap_a0.0_b0.8_g0.2,2,253,237,16,0.9367588932806324,0.9817708333333334,0.6328125,30,0.35118055555555555,0.236328125,4582.175088967095,218.23696837944667,327.723,"{'family': 'd_cheap', 'alpha': 0.0, 'beta': 0.8, 'gamma': 0.2}"
tune,bimodal,homog,high,d_cheap_a0.0_b1.0_g0.0,2,253,237,16,0.9367588932806324,0.9671875,0.6353125,30,0.33187500000000003,0.14557291666666666,5103.7040384218135,195.93612648221344,273.772,"{'family': 'd_cheap', 'alpha': 0.0, 'beta': 1.0, 'gamma': 0.0}"
tune,bimodal,homog,high,d_cheap_a0.2_b0.2_g0.6,2,253,231,22,0.9130434782608695,0.9802083333333333,0.6181249999999999,30,0.37124999999999997,0.24609375,5971.4712841387,167.46291699604743,294.381,"{'family': 'd_cheap', 'alpha': 0.2, 'beta': 0.2, 'gamma': 0.6}"
tune,bimodal,homog,high,d_cheap_a0.2_b0.4_g0.4,2,253,232,21,0.9169960474308301,0.9788194444444444,0.6179166666666667,30,0.378125,0.24674479166666666,5880.0489080621355,170.06661264822134,302.987,"{'family': 'd_cheap', 'alpha': 0.2, 'beta': 0.4, 'gamma': 0.4}"
tune,bimodal,homog,high,d_cheap_a0.2_b0.6_g0.2,2,253,235,18,0.9288537549407114,0.9850694444444444,0.6235416666666667,30,0.3670833333333333,0.24088541666666666,5119.621266202539,195.3269486166008,317.474,"{'family': 'd_cheap', 'alpha': 0.2, 'beta': 0.6, 'gamma': 0.2}"
tune,bimodal,homog,high,d_cheap_a0.2_b0.8_g0.0,2,253,238,15,0.9407114624505929,0.9793402777777778,0.6363541666666667,30,0.3452083333333333,0.20026041666666666,5929.755414229979,168.64101976284584,255.688,"{'family': 'd_cheap', 'alpha': 0.2, 'beta': 0.8, 'gamma': 0.0}"
tune,bimodal,homog,high,d_cheap_a0.4_b0.0_g0.6,2,253,231,22,0.9130434782608695,0.9802083333333333,0.6181249999999999,30,0.37124999999999997,0.24609375,6632.410919643282,150.7747351778656,268.423,"{'family': 'd_cheap', 'alpha': 0.4, 'beta': 0.0, 'gamma': 0.6}"
tune,bimodal,homog,high,d_cheap_a0.4_b0.2_g0.4,2,253,231,22,0.9130434782608695,0.9802083333333333,0.6181249999999999,30,0.37124999999999997,0.24609375,5805.4953901498275,172.25058893280632,310.18,"{'family': 'd_cheap', 'alpha': 0.4, 'beta': 0.2, 'gamma': 0.4}"
tune,bimodal,homog,high,d_cheap_a0.4_b0.4_g0.2,2,253,232,21,0.9169960474308301,0.9788194444444444,0.6179166666666667,30,0.378125,0.24674479166666666,5835.772594012452,171.35691699604743,306.554,"{'family': 'd_cheap', 'alpha': 0.4, 'beta': 0.4, 'gamma': 0.2}"
tune,bimodal,homog,high,d_cheap_a0.4_b0.6_g0.0,2,253,235,18,0.9288537549407114,0.9850694444444444,0.6235416666666667,30,0.3670833333333333,0.24088541666666666,6607.987045211168,151.3320158102767,250.519,"{'family': 'd_cheap', 'alpha': 0.4, 'beta': 0.6, 'gamma': 0.0}"
tune,bimodal,homog,high,d_cheap_a0.6_b0.0_g0.4,2,253,231,22,0.9130434782608695,0.9802083333333333,0.6181249999999999,30,0.37124999999999997,0.24609375,6677.127147306689,149.76500790513833,267.23,"{'family': 'd_cheap', 'alpha': 0.6, 'beta': 0.0, 'gamma': 0.4}"
tune,bimodal,homog,high,d_cheap_a0.6_b0.2_g0.2,2,253,232,21,0.9169960474308301,0.9788194444444444,0.6179166666666667,30,0.378125,0.24674479166666666,5873.677760844457,170.25108300395257,309.78,"{'family': 'd_cheap', 'alpha': 0.6, 'beta': 0.2, 'gamma': 0.2}"
tune,bimodal,homog,high,d_cheap_a0.6_b0.4_g0.0,2,253,232,21,0.9169960474308301,0.9788194444444444,0.6179166666666667,30,0.378125,0.24674479166666666,7629.035409187838,131.0781699604743,242.875,"{'family': 'd_cheap', 'alpha': 0.6, 'beta': 0.4, 'gamma': 0.0}"
tune,bimodal,homog,high,d_cheap_a0.8_b0.0_g0.2,2,253,231,22,0.9130434782608695,0.9802083333333333,0.6181249999999999,30,0.37124999999999997,0.24609375,6595.2124492585735,151.62513833992097,268.963,"{'family': 'd_cheap', 'alpha': 0.8, 'beta': 0.0, 'gamma': 0.2}"
tune,bimodal,homog,high,d_cheap_a0.8_b0.2_g0.0,2,253,231,22,0.9130434782608695,0.9802083333333333,0.6181249999999999,30,0.37930555555555556,0.24609375,7508.62913622333,133.18010276679843,257.242,"{'family': 'd_cheap', 'alpha': 0.8, 'beta': 0.2, 'gamma': 0.0}"
tune,bimodal,homog,high,d_capacity_a0.0_b0.4_g0.6,2,253,232,21,0.9169960474308301,0.9788194444444444,0.6179166666666667,30,0.378125,0.24674479166666666,4455.065226028879,224.463604743083,419.505,"{'family': 'd_capacity', 'alpha': 0.0, 'beta': 0.4, 'gamma': 0.6}"
tune,bimodal,homog,high,d_capacity_a0.0_b0.6_g0.4,2,253,237,16,0.9367588932806324,0.9859375,0.6334375,30,0.3561111111111111,0.234375,3847.7883665297345,259.8895533596838,434.272,"{'family': 'd_capacity', 'alpha': 0.0, 'beta': 0.6, 'gamma': 0.4}"
tune,bimodal,homog,high,d_capacity_a0.0_b0.8_g0.2,2,253,238,15,0.9407114624505929,0.9835069444444444,0.6369791666666667,30,0.3470833333333333,0.23307291666666666,3432.6396900171685,291.32099209486165,438.781,"{'family': 'd_capacity', 'alpha': 0.0, 'beta': 0.8, 'gamma': 0.2}"
tune,bimodal,homog,high,d_capacity_a0.0_b1.0_g0.0,2,253,237,16,0.9367588932806324,0.9671875,0.6353125,30,0.33187500000000003,0.14557291666666666,5102.551400743133,195.98038735177866,274.664,"{'family': 'd_capacity', 'alpha': 0.0, 'beta': 1.0, 'gamma': 0.0}"
tune,bimodal,homog,high,d_capacity_a0.2_b0.2_g0.6,2,253,231,22,0.9130434782608695,0.9802083333333333,0.6181249999999999,30,0.37124999999999997,0.24609375,4484.328221134171,222.9988418972332,417.972,"{'family': 'd_capacity', 'alpha': 0.2, 'beta': 0.2, 'gamma': 0.6}"
tune,bimodal,homog,high,d_capacity_a0.2_b0.4_g0.4,2,253,232,21,0.9169960474308301,0.9788194444444444,0.6179166666666667,30,0.378125,0.24674479166666666,4385.814749599014,228.00780632411065,419.455,"{'family': 'd_capacity', 'alpha': 0.2, 'beta': 0.4, 'gamma': 0.4}"
tune,bimodal,homog,high,d_capacity_a0.2_b0.6_g0.2,2,253,235,18,0.9288537549407114,0.9850694444444444,0.6235416666666667,30,0.3670833333333333,0.24088541666666666,3848.9768582776596,259.80930434782607,431.377,"{'family': 'd_capacity', 'alpha': 0.2, 'beta': 0.6, 'gamma': 0.2}"
tune,bimodal,homog,high,d_capacity_a0.2_b0.8_g0.0,2,253,238,15,0.9407114624505929,0.9793402777777778,0.6363541666666667,30,0.3452083333333333,0.20026041666666666,5980.958660677545,167.19727667984188,261.6,"{'family': 'd_capacity', 'alpha': 0.2, 'beta': 0.8, 'gamma': 0.0}"
tune,bimodal,homog,high,d_capacity_a0.4_b0.0_g0.6,2,253,231,22,0.9130434782608695,0.9802083333333333,0.6181249999999999,30,0.37124999999999997,0.24609375,5031.818395349534,198.7353122529644,368.049,"{'family': 'd_capacity', 'alpha': 0.4, 'beta': 0.0, 'gamma': 0.6}"
tune,bimodal,homog,high,d_capacity_a0.4_b0.2_g0.4,2,253,232,21,0.9169960474308301,0.9788194444444444,0.6179166666666667,30,0.378125,0.24674479166666666,4504.5498980743205,221.9977628458498,418.513,"{'family': 'd_capacity', 'alpha': 0.4, 'beta': 0.2, 'gamma': 0.4}"
tune,bimodal,homog,high,d_capacity_a0.4_b0.4_g0.2,2,253,232,21,0.9169960474308301,0.9788194444444444,0.6179166666666667,30,0.378125,0.24674479166666666,4605.573749088851,217.12821343873517,411.52,"{'family': 'd_capacity', 'alpha': 0.4, 'beta': 0.4, 'gamma': 0.2}"
tune,bimodal,homog,high,d_capacity_a0.4_b0.6_g0.0,2,253,235,18,0.9288537549407114,0.9850694444444444,0.6235416666666667,30,0.3670833333333333,0.24088541666666666,7021.360059645483,142.42254940711462,242.884,"{'family': 'd_capacity', 'alpha': 0.4, 'beta': 0.6, 'gamma': 0.0}"
tune,bimodal,homog,high,d_capacity_a0.6_b0.0_g0.4,2,253,231,22,0.9130434782608695,0.9802083333333333,0.6181249999999999,30,0.37124999999999997,0.24609375,5440.0654975285015,183.8213162055336,346.238,"{'family': 'd_capacity', 'alpha': 0.6, 'beta': 0.0, 'gamma': 0.4}"
tune,bimodal,homog,high,d_capacity_a0.6_b0.2_g0.2,2,253,232,21,0.9169960474308301,0.9788194444444444,0.6179166666666667,30,0.378125,0.24674479166666666,5025.1831192618565,198.99772332015812,376.324,"{'family': 'd_capacity', 'alpha': 0.6, 'beta': 0.2, 'gamma': 0.2}"
tune,bimodal,homog,high,d_capacity_a0.6_b0.4_g0.0,2,253,232,21,0.9169960474308301,0.9788194444444444,0.6179166666666667,30,0.378125,0.24674479166666666,8767.462801959822,114.05808300395258,212.407,"{'family': 'd_capacity', 'alpha': 0.6, 'beta': 0.4, 'gamma': 0.0}"
tune,bimodal,homog,high,d_capacity_a0.8_b0.0_g0.2,2,253,231,22,0.9130434782608695,0.9802083333333333,0.6181249999999999,30,0.37124999999999997,0.24609375,5825.144094033758,171.66957312252964,326.52,"{'family': 'd_capacity', 'alpha': 0.8, 'beta': 0.0, 'gamma': 0.2}"
tune,bimodal,homog,high,d_capacity_a0.8_b0.2_g0.0,2,253,231,22,0.9130434782608695,0.9802083333333333,0.6181249999999999,30,0.37930555555555556,0.24609375,9047.545243626791,110.52721739130435,208.19,"{'family': 'd_capacity', 'alpha': 0.8, 'beta': 0.2, 'gamma': 0.0}"
tune,bimodal,homog,high,binpack,3,253,230,23,0.9090909090909091,0.9883680555555556,0.6048958333333334,30,0.3913888888888889,0.202734375,12335.821431134716,81.06472727272728,150.602,{}
tune,bimodal,homog,high,hybrid_a0.1,3,253,238,15,0.9407114624505929,0.978298611111111,0.6369791666666667,30,0.3415972222222222,0.07747395833333333,7206.147544532283,138.77040316205532,206.336,"{'family': 'hybrid', 'alpha': 0.1}"
tune,bimodal,homog,high,hybrid_a0.2,3,253,239,14,0.9446640316205533,0.9852430555555556,0.6380208333333334,30,0.3494444444444445,0.1359375,7407.54143933859,134.99755731225295,205.354,"{'family': 'hybrid', 'alpha': 0.2}"
tune,bimodal,homog,high,hybrid_a0.3,3,253,239,14,0.9446640316205533,0.9894097222222222,0.6323958333333334,30,0.3589583333333334,0.16614583333333333,8056.043827171049,124.13040711462452,200.485,"{'family': 'hybrid', 'alpha': 0.3}"
tune,bimodal,homog,high,hybrid_a0.4,3,253,230,23,0.9090909090909091,0.9894097222222222,0.6011458333333334,30,0.3882638888888889,0.17578125,9538.735049870807,104.83570355731226,192.38,"{'family': 'hybrid', 'alpha': 0.4}"
tune,bimodal,homog,high,hybrid_a0.5,3,253,230,23,0.9090909090909091,0.9894097222222222,0.6011458333333334,30,0.3902083333333333,0.18372395833333333,9915.891293612285,100.84822134387352,187.641,"{'family': 'hybrid', 'alpha': 0.5}"
tune,bimodal,homog,high,hybrid_a0.6,3,253,229,24,0.9051383399209486,0.9866319444444444,0.6007291666666668,30,0.3895138888888889,0.17578125,9925.833621921389,100.74720553359683,186.378,"{'family': 'hybrid', 'alpha': 0.6}"
tune,bimodal,homog,high,hybrid_a0.7,3,253,230,23,0.9090909090909091,0.9883680555555556,0.6048958333333334,30,0.3894444444444444,0.20143229166666668,10045.744668221017,99.54463636363637,180.998,"{'family': 'hybrid', 'alpha': 0.7}"
tune,bimodal,homog,high,hybrid_a0.8,3,253,230,23,0.9090909090909091,0.9883680555555556,0.6048958333333334,30,0.3894444444444444,0.20143229166666668,10263.031768545512,97.43709486166009,182.381,"{'family': 'hybrid', 'alpha': 0.8}"
tune,bimodal,homog,high,hybrid_a0.9,3,253,230,23,0.9090909090909091,0.9883680555555556,0.6048958333333334,30,0.3894444444444444,0.20143229166666668,10492.550600117906,95.30571146245059,176.891,"{'family': 'hybrid', 'alpha': 0.9}"
tune,bimodal,homog,high,balance_l0.05,3,253,230,23,0.9090909090909091,0.9883680555555556,0.6048958333333334,30,0.3913888888888889,0.202734375,12634.879839296314,79.14598418972332,150.382,"{'family': 'balance', 'lam': 0.05}"
tune,bimodal,homog,high,balance_l0.1,3,253,230,23,0.9090909090909091,0.9883680555555556,0.6048958333333334,30,0.3913888888888889,0.202734375,12716.551436113328,78.63767193675889,147.887,"{'family': 'balance', 'lam': 0.1}"
tune,bimodal,homog,high,balance_l0.2,3,253,230,23,0.9090909090909091,0.9883680555555556,0.6048958333333334,30,0.3913888888888889,0.202734375,12879.890591183925,77.64041106719368,146.013,"{'family': 'balance', 'lam': 0.2}"
tune,bimodal,homog,high,balance_l0.4,3,253,229,24,0.9051383399209486,0.9866319444444444,0.6007291666666668,30,0.39145833333333335,0.171875,12917.316106432967,77.41546245059288,144.68,"{'family': 'balance', 'lam': 0.4}"
tune,bimodal,homog,high,balance_l0.8,3,253,230,23,0.9090909090909091,0.9852430555555556,0.6005208333333333,30,0.3902777777777778,0.17643229166666666,12882.7664686947,77.6230790513834,138.789,"{'family': 'balance', 'lam': 0.8}"
tune,bimodal,homog,high,wmatch_l0.05,3,253,230,23,0.9090909090909091,0.9883680555555556,0.6048958333333334,30,0.3913888888888889,0.202734375,9273.884872160414,107.82967588932806,201.307,"{'family': 'wmatch', 'lam': 0.05}"
tune,bimodal,homog,high,wmatch_l0.1,3,253,230,23,0.9090909090909091,0.9883680555555556,0.6048958333333334,30,0.3913888888888889,0.202734375,9468.426446699776,105.6141699604743,197.379,"{'family': 'wmatch', 'lam': 0.1}"
tune,bimodal,homog,high,wmatch_l0.2,3,253,230,23,0.9090909090909091,0.9883680555555556,0.6048958333333334,30,0.3913888888888889,0.202734375,9607.407531455621,104.08635177865612,193.583,"{'family': 'wmatch', 'lam': 0.2}"
tune,bimodal,homog,high,wmatch_l0.4,3,253,230,23,0.9090909090909091,0.9883680555555556,0.6048958333333334,30,0.3913888888888889,0.202734375,9727.53594747469,102.80095652173914,194.934,"{'family': 'wmatch', 'lam': 0.4}"
tune,bimodal,homog,high,wmatch_l0.8,3,253,230,23,0.9090909090909091,0.9883680555555556,0.6048958333333334,30,0.3913888888888889,0.202734375,9878.315165497896,101.23183794466404,186.238,"{'family': 'wmatch', 'lam': 0.8}"
tune,bimodal,homog,high,d_cheap_a0.0_b0.4_g0.6,3,253,230,23,0.9090909090909091,0.9852430555555556,0.6005208333333333,30,0.3902777777777777,0.14427083333333332,9157.148540676271,109.20430039525691,203.531,"{'family': 'd_cheap', 'alpha': 0.0, 'beta': 0.4, 'gamma': 0.6}"
tune,bimodal,homog,high,d_cheap_a0.0_b0.6_g0.4,3,253,231,22,0.9130434782608695,0.9932291666666667,0.6040625,30,0.3891666666666667,0.25,8802.367913511065,113.60579446640317,201.136,"{'family': 'd_cheap', 'alpha': 0.0, 'beta': 0.6, 'gamma': 0.4}"
tune,bimodal,homog,high,d_cheap_a0.0_b0.8_g0.2,3,253,238,15,0.9407114624505929,0.978298611111111,0.6369791666666667,30,0.34381944444444446,0.09596354166666667,7280.881650880343,137.3460039525692,209.182,"{'family': 'd_cheap', 'alpha': 0.0, 'beta': 0.8, 'gamma': 0.2}"
tune,bimodal,homog,high,d_cheap_a0.0_b1.0_g0.0,3,253,237,16,0.9367588932806324,0.9713541666666666,0.6296875,30,0.3416666666666667,0.01796875,8505.759592740196,117.567395256917,164.077,"{'family': 'd_cheap', 'alpha': 0.0, 'beta': 1.0, 'gamma': 0.0}"
tune,bimodal,homog,high,d_cheap_a0.2_b0.2_g0.6,3,253,229,24,0.9051383399209486,0.9866319444444444,0.6007291666666668,30,0.3895138888888889,0.17578125,9575.68439270934,104.43117786561265,191.318,"{'family': 'd_cheap', 'alpha': 0.2, 'beta': 0.2, 'gamma': 0.6}"
tune,bimodal,homog,high,d_cheap_a0.2_b0.4_g0.4,3,253,229,24,0.9051383399209486,0.9866319444444444,0.6007291666666668,30,0.39145833333333335,0.171875,9685.854433629042,103.24334387351779,190.366,"{'family': 'd_cheap', 'alpha': 0.2, 'beta': 0.4, 'gamma': 0.4}"
tune,bimodal,homog,high,d_cheap_a0.2_b0.6_g0.2,3,253,232,21,0.9169960474308301,0.9897569444444444,0.6051041666666667,30,0.3846527777777778,0.17434895833333333,9327.365687224452,107.2114071146245,192.48,"{'family': 'd_cheap', 'alpha': 0.2, 'beta': 0.6, 'gamma': 0.2}"
tune,bimodal,homog,high,d_cheap_a0.2_b0.8_g0.0,3,253,239,14,0.9446640316205533,0.9852430555555556,0.6380208333333334,30,0.3494444444444445,0.1359375,10333.608079329435,96.77162055335968,146.174,"{'family': 'd_cheap', 'alpha': 0.2, 'beta': 0.8, 'gamma': 0.0}"
tune,bimodal,homog,high,d_cheap_a0.4_b0.0_g0.6,3,253,230,23,0.9090909090909091,0.9883680555555556,0.6048958333333334,30,0.3913888888888889,0.202734375,11760.642021350353,85.02937154150199,158.546,"{'family': 'd_cheap', 'alpha': 0.4, 'beta': 0.0, 'gamma': 0.6}"
tune,bimodal,homog,high,d_cheap_a0.4_b0.2_g0.4,3,253,230,23,0.9090909090909091,0.9883680555555556,0.6048958333333334,30,0.3894444444444444,0.20143229166666668,10362.373851921677,96.50298418972332,178.694,"{'family': 'd_cheap', 'alpha': 0.4, 'beta': 0.2, 'gamma': 0.4}"
tune,bimodal,homog,high,d_cheap_a0.4_b0.4_g0.2,3,253,229,24,0.9051383399209486,0.9866319444444444,0.6007291666666668,30,0.3895138888888889,0.17578125,10313.65664296102,96.95882213438735,177.593,"{'family': 'd_cheap', 'alpha': 0.4, 'beta': 0.4, 'gamma': 0.2}"
tune,bimodal,homog,high,d_cheap_a0.4_b0.6_g0.0,3,253,230,23,0.9090909090909091,0.9894097222222222,0.6011458333333334,30,0.3882638888888889,0.17578125,13438.294379807841,74.41420553359683,132.178,"{'family': 'd_cheap', 'alpha': 0.4, 'beta': 0.6, 'gamma': 0.0}"
tune,bimodal,homog,high,d_cheap_a0.6_b0.0_g0.4,3,253,230,23,0.9090909090909091,0.9883680555555556,0.6048958333333334,30,0.3913888888888889,0.202734375,12190.498657888736,82.03109881422925,150.772,"{'family': 'd_cheap', 'alpha': 0.6, 'beta': 0.0, 'gamma': 0.4}"
tune,bimodal,homog,high,d_cheap_a0.6_b0.2_g0.2,3,253,230,23,0.9090909090909091,0.9883680555555556,0.6048958333333334,30,0.3894444444444444,0.20143229166666668,10813.249538770031,92.47913833992095,171.732,"{'family': 'd_cheap', 'alpha': 0.6, 'beta': 0.2, 'gamma': 0.2}"
tune,bimodal,homog,high,d_cheap_a0.6_b0.4_g0.0,3,253,229,24,0.9051383399209486,0.9866319444444444,0.6007291666666668,30,0.3895138888888889,0.17578125,14234.468591279345,70.25200790513834,125.545,"{'family': 'd_cheap', 'alpha': 0.6, 'beta': 0.4, 'gamma': 0.0}"
tune,bimodal,homog,high,d_cheap_a0.8_b0.0_g0.2,3,253,230,23,0.9090909090909091,0.9883680555555556,0.6048958333333334,30,0.3913888888888889,0.202734375,12765.54928417813,78.33583794466404,143.679,"{'family': 'd_cheap', 'alpha': 0.8, 'beta': 0.0, 'gamma': 0.2}"
tune,bimodal,homog,high,d_cheap_a0.8_b0.2_g0.0,3,253,230,23,0.9090909090909091,0.9883680555555556,0.6048958333333334,30,0.3894444444444444,0.20143229166666668,14728.076341499265,67.89752964426877,123.882,"{'family': 'd_cheap', 'alpha': 0.8, 'beta': 0.2, 'gamma': 0.0}"
tune,bimodal,homog,high,d_capacity_a0.0_b0.4_g0.6,3,253,230,23,0.9090909090909091,0.9852430555555556,0.6005208333333333,30,0.3902777777777777,0.14817708333333332,8373.635730363238,119.42243873517788,225.152,"{'family': 'd_capacity', 'alpha': 0.0, 'beta': 0.4, 'gamma': 0.6}"
tune,bimodal,homog,high,d_capacity_a0.0_b0.6_g0.4,3,253,234,19,0.924901185770751,0.9848958333333333,0.6153125,30,0.3695833333333333,0.13841145833333332,7733.682541196379,129.30450592885376,228.277,"{'family': 'd_capacity', 'alpha': 0.0, 'beta': 0.6, 'gamma': 0.4}"
tune,bimodal,homog,high,d_capacity_a0.0_b0.8_g0.2,3,253,238,15,0.9407114624505929,0.978298611111111,0.6369791666666667,30,0.34381944444444446,0.078125,6680.014550286239,149.70027272727273,223.769,"{'family': 'd_capacity', 'alpha': 0.0, 'beta': 0.8, 'gamma': 0.2}"
tune,bimodal,homog,high,d_capacity_a0.0_b1.0_g0.0,3,253,237,16,0.9367588932806324,0.9713541666666666,0.6296875,30,0.3416666666666667,0.01796875,10527.787971515385,94.98671541501976,132.908,"{'family': 'd_capacity', 'alpha': 0.0, 'beta': 1.0, 'gamma': 0.0}"
tune,bimodal,homog,high,d_capacity_a0.2_b0.2_g0.6,3,253,230,23,0.9090909090909091,0.9883680555555556,0.6048958333333334,30,0.3894444444444444,0.20143229166666668,9011.271533510764,110.97213043478261,208.01,"{'family': 'd_capacity', 'alpha': 0.2, 'beta': 0.2, 'gamma': 0.6}"
tune,bimodal,homog,high,d_capacity_a0.2_b0.4_g0.4,3,253,229,24,0.9051383399209486,0.9866319444444444,0.6007291666666668,30,0.39145833333333335,0.171875,8987.901219199919,111.26067984189723,210.564,"{'family': 'd_capacity', 'alpha': 0.2, 'beta': 0.4, 'gamma': 0.4}"
tune,bimodal,homog,high,d_capacity_a0.2_b0.6_g0.2,3,253,232,21,0.9169960474308301,0.9897569444444444,0.6051041666666667,30,0.3846527777777778,0.17174479166666667,8603.411303590241,116.23296442687747,210.353,"{'family': 'd_capacity', 'alpha': 0.2, 'beta': 0.6, 'gamma': 0.2}"
tune,bimodal,homog,high,d_capacity_a0.2_b0.8_g0.0,3,253,239,14,0.9446640316205533,0.9852430555555556,0.6380208333333334,30,0.3494444444444445,0.1359375,12717.847171088322,78.62966007905138,116.398,"{'family': 'd_capacity', 'alpha': 0.2, 'beta': 0.8, 'gamma': 0.0}"
tune,bimodal,homog,high,d_capacity_a0.4_b0.0_g0.6,3,253,230,23,0.9090909090909091,0.9883680555555556,0.6048958333333334,30,0.3913888888888889,0.202734375,10242.300856373753,97.63431225296443,182.492,"{'family': 'd_capacity', 'alpha': 0.4, 'beta': 0.0, 'gamma': 0.6}"
tune,bimodal,homog,high,d_capacity_a0.4_b0.2_g0.4,3,253,230,23,0.9090909090909091,0.9883680555555556,0.6048958333333334,30,0.3894444444444444,0.20143229166666668,9230.893955891577,108.33186956521739,205.685,"{'family': 'd_capacity', 'alpha': 0.4, 'beta': 0.2, 'gamma': 0.4}"
tune,bimodal,homog,high,d_capacity_a0.4_b0.4_g0.2,3,253,229,24,0.9051383399209486,0.9866319444444444,0.6007291666666668,30,0.3895138888888889,0.17578125,9018.186795520991,110.88703557312253,204.683,"{'family': 'd_capacity', 'alpha': 0.4, 'beta': 0.4, 'gamma': 0.2}"
tune,bimodal,homog,high,d_capacity_a0.4_b0.6_g0.0,3,253,230,23,0.9090909090909091,0.9894097222222222,0.6011458333333334,30,0.3882638888888889,0.17578125,15759.75799988364,63.4527509881423,111.909,"{'family': 'd_capacity', 'alpha': 0.4, 'beta': 0.6, 'gamma': 0.0}"
tune,bimodal,homog,high,d_capacity_a0.6_b0.0_g0.4,3,253,230,23,0.9090909090909091,0.9883680555555556,0.6048958333333334,30,0.3913888888888889,0.202734375,10354.878465650945,96.57283794466403,183.042,"{'family': 'd_capacity', 'alpha': 0.6, 'beta': 0.0, 'gamma': 0.4}"
tune,bimodal,homog,high,d_capacity_a0.6_b0.2_g0.2,3,253,230,23,0.9090909090909091,0.9883680555555556,0.6048958333333334,30,0.3894444444444444,0.20143229166666668,9220.218430254532,108.45730039525691,205.495,"{'family': 'd_capacity', 'alpha': 0.6, 'beta': 0.2, 'gamma': 0.2}"
tune,bimodal,homog,high,d_capacity_a0.6_b0.4_g0.0,3,253,229,24,0.9051383399209486,0.9866319444444444,0.6007291666666668,30,0.3895138888888889,0.17578125,15960.59335808424,62.654312252964424,111.699,"{'family': 'd_capacity', 'alpha': 0.6, 'beta': 0.4, 'gamma': 0.0}"
tune,bimodal,homog,high,d_capacity_a0.8_b0.0_g0.2,3,253,230,23,0.9090909090909091,0.9883680555555556,0.6048958333333334,30,0.3913888888888889,0.202734375,10254.425676368543,97.51886956521739,183.133,"{'family': 'd_capacity', 'alpha': 0.8, 'beta': 0.0, 'gamma': 0.2}"
tune,bimodal,homog,high,d_capacity_a0.8_b0.2_g0.0,3,253,230,23,0.9090909090909091,0.9883680555555556,0.6048958333333334,30,0.3894444444444444,0.20143229166666668,16163.730798621827,61.866905138339924,111.929,"{'family': 'd_capacity', 'alpha': 0.8, 'beta': 0.2, 'gamma': 0.0}"
tune,bimodal,homog,high,binpack,4,253,231,22,0.9130434782608695,0.9916666666666667,0.6018749999999999,30,0.38979166666666665,0.225,21960.680833186492,45.535928853754946,84.728,{}
tune,bimodal,homog,high,hybrid_a0.1,4,253,239,14,0.9446640316205533,0.9873263888888889,0.6367708333333333,30,0.3505555555555555,0.12330729166666667,12489.803901686386,80.06530830039526,118.912,"{'family': 'hybrid', 'alpha': 0.1}"
tune,bimodal,homog,high,hybrid_a0.2,4,253,237,16,0.9367588932806324,0.9859375,0.6303125,30,0.35618055555555556,0.10572916666666667,12930.857580096825,77.33439130434782,117.66,"{'family': 'hybrid', 'alpha': 0.2}"
tune,bimodal,homog,high,hybrid_a0.3,4,253,232,21,0.9169960474308301,0.9850694444444444,0.6079166666666667,30,0.3771527777777778,0.13450520833333332,13901.80621277764,71.93309881422925,115.776,"{'family': 'hybrid', 'alpha': 0.3}"
tune,bimodal,homog,high,hybrid_a0.4,4,253,229,24,0.9051383399209486,0.9881944444444444,0.5966666666666666,30,0.3915277777777778,0.1921875,14978.388198735147,66.76285770750988,113.593,"{'family': 'hybrid', 'alpha': 0.4}"
tune,bimodal,homog,high,hybrid_a0.5,4,253,230,23,0.9090909090909091,0.9946180555555556,0.6011458333333334,30,0.3934722222222222,0.2513020833333333,16497.922696342233,60.61369169960474,111.489,"{'family': 'hybrid', 'alpha': 0.5}"
tune,bimodal,homog,high,hybrid_a0.6,4,253,231,22,0.9130434782608695,0.9916666666666667,0.6018749999999999,30,0.38979166666666665,0.225,16500.665407268054,60.60361660079051,112.57,"{'family': 'hybrid', 'alpha': 0.6}"
tune,bimodal,homog,high,hybrid_a0.7,4,253,231,22,0.9130434782608695,0.9916666666666667,0.6018749999999999,30,0.38979166666666665,0.225,16466.97583793476,60.727604743083,113.653,"{'family': 'hybrid', 'alpha': 0.7}"
tune,bimodal,homog,high,hybrid_a0.8,4,253,231,22,0.9130434782608695,0.9916666666666667,0.6018749999999999,30,0.38979166666666665,0.225,16579.031522440015,60.31715415019763,113.162,"{'family': 'hybrid', 'alpha': 0.8}"
tune,bimodal,homog,high,hybrid_a0.9,4,253,231,22,0.9130434782608695,0.9916666666666667,0.6018749999999999,30,0.38979166666666665,0.225,16649.96186303202,60.060197628458496,111.529,"{'family': 'hybrid', 'alpha': 0.9}"
tune,bimodal,homog,high,balance_l0.05,4,253,231,22,0.9130434782608695,0.9916666666666667,0.6018749999999999,30,0.38979166666666665,0.21653645833333332,19798.253449728283,50.509505928853756,94.356,"{'family': 'balance', 'lam': 0.05}"
tune,bimodal,homog,high,balance_l0.1,4,253,231,22,0.9130434782608695,0.9916666666666667,0.6018749999999999,30,0.38979166666666665,0.21653645833333332,19733.856574330417,50.67433201581028,95.038,"{'family': 'balance', 'lam': 0.1}"
tune,bimodal,homog,high,balance_l0.2,4,253,230,23,0.9090909090909091,0.9899305555555556,0.5977083333333333,30,0.3925,0.20403645833333334,19631.319170332346,50.93901185770751,94.597,"{'family': 'balance', 'lam': 0.2}"
tune,bimodal,homog,high,balance_l0.4,4,253,229,24,0.9051383399209486,0.9881944444444444,0.5966666666666666,30,0.3951388888888889,0.18958333333333333,19707.074972334147,50.743197628458496,95.479,"{'family': 'balance', 'lam': 0.4}"
tune,bimodal,homog,high,balance_l0.8,4,253,230,23,0.9090909090909091,0.9857638888888889,0.6033333333333334,30,0.38631944444444444,0.14622395833333332,18520.935648386843,53.99295256916996,93.886,"{'family': 'balance', 'lam': 0.8}"
tune,bimodal,homog,high,wmatch_l0.05,4,253,231,22,0.9130434782608695,0.9916666666666667,0.6018749999999999,30,0.38979166666666665,0.225,13723.023816768882,72.87023715415019,136.285,"{'family': 'wmatch', 'lam': 0.05}"
tune,bimodal,homog,high,wmatch_l0.1,4,253,231,22,0.9130434782608695,0.9916666666666667,0.6018749999999999,30,0.38979166666666665,0.225,13673.671928400112,73.13324505928854,138.289,"{'family': 'wmatch', 'lam': 0.1}"
tune,bimodal,homog,high,wmatch_l0.2,4,253,231,22,0.9130434782608695,0.9916666666666667,0.6018749999999999,30,0.38979166666666665,0.225,13786.270629069708,72.53593280632411,136.215,"{'family': 'wmatch', 'lam': 0.2}"
tune,bimodal,homog,high,wmatch_l0.4,4,253,231,22,0.9130434782608695,0.9916666666666667,0.6018749999999999,30,0.38979166666666665,0.225,13671.592672999011,73.1443675889328,138.039,"{'family': 'wmatch', 'lam': 0.4}"
tune,bimodal,homog,high,wmatch_l0.8,4,253,231,22,0.9130434782608695,0.9916666666666667,0.6018749999999999,30,0.38979166666666665,0.21653645833333332,13558.941253555739,73.75207114624506,138.62,"{'family': 'wmatch', 'lam': 0.8}"
tune,bimodal,homog,high,d_cheap_a0.0_b0.4_g0.6,4,253,230,23,0.9090909090909091,0.9899305555555556,0.5977083333333333,30,0.3925,0.20403645833333334,12920.278663344572,77.39771146245059,141.274,"{'family': 'd_cheap', 'alpha': 0.0, 'beta': 0.4, 'gamma': 0.6}"
tune,bimodal,homog,high,d_cheap_a0.0_b0.6_g0.4,4,253,232,21,0.9169960474308301,0.9876736111111111,0.6094791666666667,30,0.37819444444444444,0.16471354166666666,11221.693334008114,89.11311067193675,141.545,"{'family': 'd_cheap', 'alpha': 0.0, 'beta': 0.6, 'gamma': 0.4}"
tune,bimodal,homog,high,d_cheap_a0.0_b0.8_g0.2,4,253,236,17,0.932806324110672,0.984201388888889,0.6261458333333334,30,0.3586111111111111,0.105078125,10157.508836028981,98.44933596837944,148.268,"{'family': 'd_cheap', 'alpha': 0.0, 'beta': 0.8, 'gamma': 0.2}"
tune,bimodal,homog,high,d_cheap_a0.0_b1.0_g0.0,4,253,238,15,0.9407114624505929,0.9751736111111111,0.6357291666666666,30,0.33944444444444444,0.06471354166666667,10951.119914330211,91.31486166007906,130.745,"{'family': 'd_cheap', 'alpha': 0.0, 'beta': 1.0, 'gamma': 0.0}"
tune,bimodal,homog,high,d_cheap_a0.2_b0.2_g0.6,4,253,230,23,0.9090909090909091,0.9899305555555556,0.5977083333333333,30,0.3925,0.20403645833333334,12918.835145910583,77.40635968379446,141.365,"{'family': 'd_cheap', 'alpha': 0.2, 'beta': 0.2, 'gamma': 0.6}"
tune,bimodal,homog,high,d_cheap_a0.2_b0.4_g0.4,4,253,230,23,0.9090909090909091,0.9899305555555556,0.5977083333333333,30,0.3925,0.20403645833333334,12750.079196638173,78.43088537549407,142.967,"{'family': 'd_cheap', 'alpha': 0.2, 'beta': 0.4, 'gamma': 0.4}"
tune,bimodal,homog,high,d_cheap_a0.2_b0.6_g0.2,4,253,233,20,0.9209486166007905,0.9894097222222222,0.6105208333333334,30,0.3788888888888889,0.17981770833333333,11286.278414823013,88.60316600790513,144.34,"{'family': 'd_cheap', 'alpha': 0.2, 'beta': 0.6, 'gamma': 0.2}"
tune,bimodal,homog,high,d_cheap_a0.2_b0.8_g0.0,4,253,237,16,0.9367588932806324,0.9859375,0.6303125,30,0.35618055555555556,0.10572916666666667,13130.04971721869,76.16117391304347,112.681,"{'family': 'd_cheap', 'alpha': 0.2, 'beta': 0.8, 'gamma': 0.0}"
tune,bimodal,homog,high,d_cheap_a0.4_b0.0_g0.6,4,253,231,22,0.9130434782608695,0.9916666666666667,0.6018749999999999,30,0.38979166666666665,0.21653645833333332,14660.17114851663,68.21202766798419,126.115,"{'family': 'd_cheap', 'alpha': 0.4, 'beta': 0.0, 'gamma': 0.6}"
tune,bimodal,homog,high,d_cheap_a0.4_b0.2_g0.4,4,253,231,22,0.9130434782608695,0.9916666666666667,0.6018749999999999,30,0.38979166666666665,0.21653645833333332,12650.466802225003,79.04846640316205,145.232,"{'family': 'd_cheap', 'alpha': 0.4, 'beta': 0.2, 'gamma': 0.4}"
tune,bimodal,homog,high,d_cheap_a0.4_b0.4_g0.2,4,253,230,23,0.9090909090909091,0.9946180555555556,0.6011458333333334,30,0.3934722222222222,0.2513020833333333,12996.978382326206,76.9409604743083,140.743,"{'family': 'd_cheap', 'alpha': 0.4, 'beta': 0.4, 'gamma': 0.2}"
tune,bimodal,homog,high,d_cheap_a0.4_b0.6_g0.0,4,253,229,24,0.9051383399209486,0.9881944444444444,0.5966666666666666,30,0.3915277777777778,0.1921875,15297.158797628808,65.37161660079052,113.432,"{'family': 'd_cheap', 'alpha': 0.4, 'beta': 0.6, 'gamma': 0.0}"
tune,bimodal,homog,high,d_cheap_a0.6_b0.0_g0.4,4,253,231,22,0.9130434782608695,0.9916666666666667,0.6018749999999999,30,0.38979166666666665,0.21653645833333332,14881.622866266443,67.1969723320158,122.049,"{'family': 'd_cheap', 'alpha': 0.6, 'beta': 0.0, 'gamma': 0.4}"
tune,bimodal,homog,high,d_cheap_a0.6_b0.2_g0.2,4,253,231,22,0.9130434782608695,0.9916666666666667,0.6018749999999999,30,0.38979166666666665,0.225,12808.35870451501,78.07401581027668,142.396,"{'family': 'd_cheap', 'alpha': 0.6, 'beta': 0.2, 'gamma': 0.2}"
tune,bimodal,homog,high,d_cheap_a0.6_b0.4_g0.0,4,253,231,22,0.9130434782608695,0.9916666666666667,0.6018749999999999,30,0.38979166666666665,0.225,16685.764062240934,59.931328063241104,110.967,"{'family': 'd_cheap', 'alpha': 0.6, 'beta': 0.4, 'gamma': 0.0}"
tune,bimodal,homog,high,d_cheap_a0.8_b0.0_g0.2,4,253,231,22,0.9130434782608695,0.9916666666666667,0.6018749999999999,30,0.38979166666666665,0.21653645833333332,14658.498696262697,68.21981027667984,123.912,"{'family': 'd_cheap', 'alpha': 0.8, 'beta': 0.0, 'gamma': 0.2}"
tune,bimodal,homog,high,d_cheap_a0.8_b0.2_g0.0,4,253,231,22,0.9130434782608695,0.9916666666666667,0.6018749999999999,30,0.38979166666666665,0.225,14953.240095251549,66.87513833992094,119.453,"{'family': 'd_cheap', 'alpha': 0.8, 'beta': 0.2, 'gamma': 0.0}"
tune,bimodal,homog,high,d_capacity_a0.0_b0.4_g0.6,4,253,230,23,0.9090909090909091,0.9899305555555556,0.5977083333333333,30,0.3925,0.20403645833333334,9333.440022299912,107.1416324110672,198.431,"{'family': 'd_capacity', 'alpha': 0.0, 'beta': 0.4, 'gamma': 0.6}"
tune,bimodal,homog,high,d_capacity_a0.0_b0.6_g0.4,4,253,233,20,0.9209486166007905,0.9894097222222222,0.6105208333333334,30,0.3788888888888889,0.178515625,7375.849439846508,135.57760474308301,243.786,"{'family': 'd_capacity', 'alpha': 0.0, 'beta': 0.6, 'gamma': 0.4}"
tune,bimodal,homog,high,d_capacity_a0.0_b0.8_g0.2,4,253,236,17,0.932806324110672,0.984201388888889,0.6261458333333334,30,0.36166666666666664,0.112890625,7436.84472726533,134.465628458498,200.776,"{'family': 'd_capacity', 'alpha': 0.0, 'beta': 0.8, 'gamma': 0.2}"
tune,bimodal,homog,high,d_capacity_a0.0_b1.0_g0.0,4,253,238,15,0.9407114624505929,0.9751736111111111,0.6357291666666666,30,0.33944444444444444,0.06471354166666667,10876.119111817423,91.94456126482213,130.714,"{'family': 'd_capacity', 'alpha': 0.0, 'beta': 1.0, 'gamma': 0.0}"
tune,bimodal,homog,high,d_capacity_a0.2_b0.2_g0.6,4,253,231,22,0.9130434782608695,0.9916666666666667,0.6018749999999999,30,0.38979166666666665,0.21653645833333332,9893.396501953084,101.07752173913043,193.141,"{'family': 'd_capacity', 'alpha': 0.2, 'beta': 0.2, 'gamma': 0.6}"
tune,bimodal,homog,high,d_capacity_a0.2_b0.4_g0.4,4,253,230,23,0.9090909090909091,0.9946180555555556,0.6011458333333334,30,0.3934722222222222,0.2513020833333333,9950.716813454817,100.49527272727272,191.068,"{'family': 'd_capacity', 'alpha': 0.2, 'beta': 0.4, 'gamma': 0.4}"
tune,bimodal,homog,high,d_capacity_a0.2_b0.6_g0.2,4,253,235,18,0.9288537549407114,0.9902777777777777,0.6204166666666667,30,0.3698611111111111,0.17330729166666667,8484.795313871024,117.85788142292489,198.111,"{'family': 'd_capacity', 'alpha': 0.2, 'beta': 0.6, 'gamma': 0.2}"
tune,bimodal,homog,high,d_capacity_a0.2_b0.8_g0.0,4,253,237,16,0.9367588932806324,0.9859375,0.6303125,30,0.35618055555555556,0.10572916666666667,12997.604690439954,76.93725296442688,118.262,"{'family': 'd_capacity', 'alpha': 0.2, 'beta': 0.8, 'gamma': 0.0}"
tune,bimodal,homog,high,d_capacity_a0.4_b0.0_g0.6,4,253,231,22,0.9130434782608695,0.9916666666666667,0.6018749999999999,30,0.38979166666666665,0.21653645833333332,10992.750997635603,90.9690395256917,173.545,"{'family': 'd_capacity', 'alpha': 0.4, 'beta': 0.0, 'gamma': 0.6}"
tune,bimodal,homog,high,d_capacity_a0.4_b0.2_g0.4,4,253,231,22,0.9130434782608695,0.9916666666666667,0.6018749999999999,30,0.38979166666666665,0.21653645833333332,9891.524769550932,101.09664822134387,189.565,"{'family': 'd_capacity', 'alpha': 0.4, 'beta': 0.2, 'gamma': 0.4}"
tune,bimodal,homog,high,d_capacity_a0.4_b0.4_g0.2,4,253,230,23,0.9090909090909091,0.9946180555555556,0.6011458333333334,30,0.3934722222222222,0.2513020833333333,9990.246676169905,100.09762845849802,191.267,"{'family': 'd_capacity', 'alpha': 0.4, 'beta': 0.4, 'gamma': 0.2}"
tune,bimodal,homog,high,d_capacity_a0.4_b0.6_g0.0,4,253,229,24,0.9051383399209486,0.9881944444444444,0.5966666666666666,30,0.3915277777777778,0.1921875,15292.836049796375,65.39009486166007,113.533,"{'family': 'd_capacity', 'alpha': 0.4, 'beta': 0.6, 'gamma': 0.0}"
tune,bimodal,homog,high,d_capacity_a0.6_b0.0_g0.4,4,253,231,22,0.9130434782608695,0.9916666666666667,0.6018749999999999,30,0.38979166666666665,0.21653645833333332,11013.77679819496,90.79537549407115,172.683,"{'family': 'd_capacity', 'alpha': 0.6, 'beta': 0.0, 'gamma': 0.4}"
tune,bimodal,homog,high,d_capacity_a0.6_b0.2_g0.2,4,253,231,22,0.9130434782608695,0.9916666666666667,0.6018749999999999,30,0.38979166666666665,0.225,9816.250651636086,101.87188932806325,191.228,"{'family': 'd_capacity', 'alpha': 0.6, 'beta': 0.2, 'gamma': 0.2}"
tune,bimodal,homog,high,d_capacity_a0.6_b0.4_g0.0,4,253,231,22,0.9130434782608695,0.9916666666666667,0.6018749999999999,30,0.38979166666666665,0.225,16647.555974281433,60.06887747035573,116.208,"{'family': 'd_capacity', 'alpha': 0.6, 'beta': 0.4, 'gamma': 0.0}"
tune,bimodal,homog,high,d_capacity_a0.8_b0.0_g0.2,4,253,231,22,0.9130434782608695,0.9916666666666667,0.6018749999999999,30,0.38979166666666665,0.225,11079.252300236702,90.25879841897233,173.385,"{'family': 'd_capacity', 'alpha': 0.8, 'beta': 0.0, 'gamma': 0.2}"
tune,bimodal,homog,high,d_capacity_a0.8_b0.2_g0.0,4,253,231,22,0.9130434782608695,0.9916666666666667,0.6018749999999999,30,0.38979166666666665,0.225,16762.95204728981,59.65536363636364,110.476,"{'family': 'd_capacity', 'alpha': 0.8, 'beta': 0.2, 'gamma': 0.0}"
tune,bimodal,homog,high,binpack,5,253,229,24,0.9051383399209486,0.9892361111111111,0.5929166666666668,30,0.40020833333333333,0.2584635416666667,22101.248703080382,45.24631225296442,82.094,{}
tune,bimodal,homog,high,hybrid_a0.1,5,253,239,14,0.9446640316205533,0.9821180555555556,0.6367708333333333,30,0.3459027777777778,0.23372395833333334,12207.113118588823,81.91945059288538,119.043,"{'family': 'hybrid', 'alpha': 0.1}"
tune,bimodal,homog,high,hybrid_a0.2,5,253,238,15,0.9407114624505929,0.9819444444444444,0.6347916666666666,30,0.3490972222222222,0.23502604166666666,12431.255281133821,80.44239920948615,120.606,"{'family': 'hybrid', 'alpha': 0.2}"
tune,bimodal,homog,high,hybrid_a0.3,5,253,239,14,0.9446640316205533,0.9888888888888889,0.6358333333333334,30,0.35500000000000004,0.23177083333333334,13033.180726635372,76.72724110671936,118.211,"{'family': 'hybrid', 'alpha': 0.3}"
tune,bimodal,homog,high,hybrid_a0.4,5,253,228,25,0.9011857707509882,0.9875,0.58875,30,0.40069444444444446,0.26171875,15054.072980598752,66.42720553359683,116.017,"{'family': 'hybrid', 'alpha': 0.4}"
tune,bimodal,homog,high,hybrid_a0.5,5,253,228,25,0.9011857707509882,0.9875,0.58875,30,0.40069444444444446,0.26171875,16242.749105188235,61.56593280632411,112.31,"{'family': 'hybrid', 'alpha': 0.5}"
tune,bimodal,homog,high,hybrid_a0.6,5,253,229,24,0.9051383399209486,0.9892361111111111,0.5929166666666668,30,0.40020833333333333,0.2584635416666667,16323.082974876066,61.26293675889328,112.15,"{'family': 'hybrid', 'alpha': 0.6}"
tune,bimodal,homog,high,hybrid_a0.7,5,253,229,24,0.9051383399209486,0.9892361111111111,0.5929166666666668,30,0.40020833333333333,0.2584635416666667,16359.26339086535,61.12744664031621,112.942,"{'family': 'hybrid', 'alpha': 0.7}"
tune,bimodal,homog,high,hybrid_a0.8,5,253,229,24,0.9051383399209486,0.9892361111111111,0.5929166666666668,30,0.40020833333333333,0.2584635416666667,16597.20876933534,60.25109486166008,110.246,"{'family': 'hybrid', 'alpha': 0.8}"
tune,bimodal,homog,high,hybrid_a0.9,5,253,229,24,0.9051383399209486,0.9892361111111111,0.5929166666666668,30,0.40020833333333333,0.2584635416666667,16549.14700921264,60.42607509881423,110.877,"{'family': 'hybrid', 'alpha': 0.9}"
tune,bimodal,homog,high,balance_l0.05,5,253,229,24,0.9051383399209486,0.9892361111111111,0.5929166666666668,30,0.40020833333333333,0.2584635416666667,19661.132226320926,50.86177075098814,94.367,"{'family': 'balance', 'lam': 0.05}"
tune,bimodal,homog,high,balance_l0.1,5,253,228,25,0.9011857707509882,0.9875,0.58875,30,0.40069444444444446,0.26171875,19742.64024804872,50.65178656126482,95.288,"{'family': 'balance', 'lam': 0.1}"
tune,bimodal,homog,high,balance_l0.2,5,253,228,25,0.9011857707509882,0.9875,0.58875,30,0.40069444444444446,0.26171875,19683.252127600066,50.804612648221344,94.968,"{'family': 'balance', 'lam': 0.2}"
tune,bimodal,homog,high,balance_l0.4,5,253,228,25,0.9011857707509882,0.9875,0.58875,30,0.40069444444444446,0.26171875,19446.474922886657,51.42320158102766,94.296,"{'family': 'balance', 'lam': 0.4}"
tune,bimodal,homog,high,balance_l0.8,5,253,230,23,0.9090909090909091,0.9909722222222223,0.5939583333333334,30,0.39895833333333336,0.2571614583333333,18466.343191805965,54.152573122529645,94.657,"{'family': 'balance', 'lam': 0.8}"
tune,bimodal,homog,high,wmatch_l0.05,5,253,229,24,0.9051383399209486,0.9892361111111111,0.5929166666666668,30,0.40020833333333333,0.2584635416666667,13556.910544055967,73.7631185770751,139.381,"{'family': 'wmatch', 'lam': 0.05}"
tune,bimodal,homog,high,wmatch_l0.1,5,253,229,24,0.9051383399209486,0.9892361111111111,0.5929166666666668,30,0.40020833333333333,0.2584635416666667,13549.729838202838,73.802209486166,137.056,"{'family': 'wmatch', 'lam': 0.1}"
tune,bimodal,homog,high,wmatch_l0.2,5,253,229,24,0.9051383399209486,0.9892361111111111,0.5929166666666668,30,0.40020833333333333,0.2584635416666667,13647.783295210347,73.2719723320158,138.469,"{'family': 'wmatch', 'lam': 0.2}"
tune,bimodal,homog,high,wmatch_l0.4,5,253,229,24,0.9051383399209486,0.9892361111111111,0.5929166666666668,30,0.40020833333333333,0.2584635416666667,13603.968057022674,73.50796442687748,135.994,"{'family': 'wmatch', 'lam': 0.4}"
tune,bimodal,homog,high,wmatch_l0.8,5,253,229,24,0.9051383399209486,0.9892361111111111,0.5929166666666668,30,0.40020833333333333,0.2584635416666667,13603.812250614697,73.50880632411067,139.361,"{'family': 'wmatch', 'lam': 0.8}"
tune,bimodal,homog,high,d_cheap_a0.0_b0.4_g0.6,5,253,228,25,0.9011857707509882,0.9875,0.58875,30,0.40069444444444446,0.26171875,12523.930979774843,79.84713438735177,147.436,"{'family': 'd_cheap', 'alpha': 0.0, 'beta': 0.4, 'gamma': 0.6}"
tune,bimodal,homog,high,d_cheap_a0.0_b0.6_g0.4,5,253,232,21,0.9169960474308301,0.9871527777777778,0.6129166666666667,30,0.3761805555555556,0.24674479166666666,10822.126586371905,92.40328063241107,152.646,"{'family': 'd_cheap', 'alpha': 0.0, 'beta': 0.6, 'gamma': 0.4}"
tune,bimodal,homog,high,d_cheap_a0.0_b0.8_g0.2,5,253,239,14,0.9446640316205533,0.9836805555555556,0.6389583333333333,30,0.3466666666666667,0.23177083333333334,9407.114909619006,106.30251778656127,161.202,"{'family': 'd_cheap', 'alpha': 0.0, 'beta': 0.8, 'gamma': 0.2}"
tune,bimodal,homog,high,d_cheap_a0.0_b1.0_g0.0,5,253,238,15,0.9407114624505929,0.9751736111111111,0.6357291666666666,30,0.33944444444444444,0.221875,10817.739896209558,92.44075098814228,129.332,"{'family': 'd_cheap', 'alpha': 0.0, 'beta': 1.0, 'gamma': 0.0}"
tune,bimodal,homog,high,d_cheap_a0.2_b0.2_g0.6,5,253,228,25,0.9011857707509882,0.9875,0.58875,30,0.40069444444444446,0.26171875,12448.769377641243,80.32922529644269,147.045,"{'family': 'd_cheap', 'alpha': 0.2, 'beta': 0.2, 'gamma': 0.6}"
tune,bimodal,homog,high,d_cheap_a0.2_b0.4_g0.4,5,253,228,25,0.9011857707509882,0.9875,0.58875,30,0.40069444444444446,0.26171875,12412.717255668907,80.56253754940712,148.819,"{'family': 'd_cheap', 'alpha': 0.2, 'beta': 0.4, 'gamma': 0.4}"
tune,bimodal,homog,high,d_cheap_a0.2_b0.6_g0.2,5,253,230,23,0.9090909090909091,0.9883680555555556,0.5986458333333334,30,0.39166666666666666,0.2552083333333333,11148.51616995327,89.69803557312252,154.87,"{'family': 'd_cheap', 'alpha': 0.2, 'beta': 0.6, 'gamma': 0.2}"
tune,bimodal,homog,high,d_cheap_a0.2_b0.8_g0.0,5,253,238,15,0.9407114624505929,0.9819444444444444,0.6347916666666666,30,0.3490972222222222,0.23502604166666666,12418.13296757596,80.52740316205532,119.153,"{'family': 'd_cheap', 'alpha': 0.2, 'beta': 0.8, 'gamma': 0.0}"
tune,bimodal,homog,high,d_cheap_a0.4_b0.0_g0.6,5,253,229,24,0.9051383399209486,0.9892361111111111,0.5929166666666668,30,0.40020833333333333,0.2584635416666667,14159.30075216668,70.62495652173914,130.354,"{'family': 'd_cheap', 'alpha': 0.4, 'beta': 0.0, 'gamma': 0.6}"
tune,bimodal,homog,high,d_cheap_a0.4_b0.2_g0.4,5,253,229,24,0.9051383399209486,0.9892361111111111,0.5929166666666668,30,0.40020833333333333,0.2584635416666667,12361.918470069424,80.89359288537548,149.981,"{'family': 'd_cheap', 'alpha': 0.4, 'beta': 0.2, 'gamma': 0.4}"
tune,bimodal,homog,high,d_cheap_a0.4_b0.4_g0.2,5,253,229,24,0.9051383399209486,0.9892361111111111,0.5929166666666668,30,0.40020833333333333,0.2584635416666667,12387.424384688968,80.72703162055336,150.592,"{'family': 'd_cheap', 'alpha': 0.4, 'beta': 0.4, 'gamma': 0.2}"
tune,bimodal,homog,high,d_cheap_a0.4_b0.6_g0.0,5,253,228,25,0.9011857707509882,0.9875,0.58875,30,0.40069444444444446,0.26171875,14990.825673939826,66.70746640316204,116.789,"{'family': 'd_cheap', 'alpha': 0.4, 'beta': 0.6, 'gamma': 0.0}"
tune,bimodal,homog,high,d_cheap_a0.6_b0.0_g0.4,5,253,229,24,0.9051383399209486,0.9892361111111111,0.5929166666666668,30,0.40020833333333333,0.2584635416666667,14240.630748493744,70.22160869565218,130.865,"{'family': 'd_cheap', 'alpha': 0.6, 'beta': 0.0, 'gamma': 0.4}"
tune,bimodal,homog,high,d_cheap_a0.6_b0.2_g0.2,5,253,229,24,0.9051383399209486,0.9892361111111111,0.5929166666666668,30,0.40020833333333333,0.2584635416666667,12391.076681222998,80.70323715415019,149.97,"{'family': 'd_cheap', 'alpha': 0.6, 'beta': 0.2, 'gamma': 0.2}"
tune,bimodal,homog,high,d_cheap_a0.6_b0.4_g0.0,5,253,229,24,0.9051383399209486,0.9892361111111111,0.5929166666666668,30,0.40020833333333333,0.2584635416666667,16198.797793096279,61.732976284584986,116.477,"{'family': 'd_cheap', 'alpha': 0.6, 'beta': 0.4, 'gamma': 0.0}"
tune,bimodal,homog,high,d_cheap_a0.8_b0.0_g0.2,5,253,229,24,0.9051383399209486,0.9892361111111111,0.5929166666666668,30,0.40020833333333333,0.2584635416666667,14055.461852476537,71.14671936758893,130.885,"{'family': 'd_cheap', 'alpha': 0.8, 'beta': 0.0, 'gamma': 0.2}"
tune,bimodal,homog,high,d_cheap_a0.8_b0.2_g0.0,5,253,229,24,0.9051383399209486,0.9892361111111111,0.5929166666666668,30,0.40020833333333333,0.2584635416666667,16293.666220447765,61.37354150197629,114.054,"{'family': 'd_cheap', 'alpha': 0.8, 'beta': 0.2, 'gamma': 0.0}"
tune,bimodal,homog,high,d_capacity_a0.0_b0.4_g0.6,5,253,228,25,0.9011857707509882,0.9875,0.58875,30,0.40069444444444446,0.26171875,9268.662249947613,107.8904347826087,204.202,"{'family': 'd_capacity', 'alpha': 0.0, 'beta': 0.4, 'gamma': 0.6}"
tune,bimodal,homog,high,d_capacity_a0.0_b0.6_g0.4,5,253,232,21,0.9169960474308301,0.9871527777777778,0.6129166666666667,30,0.3761805555555556,0.24674479166666666,7934.4034951517815,126.03341897233202,210.283,"{'family': 'd_capacity', 'alpha': 0.0, 'beta': 0.6, 'gamma': 0.4}"
tune,bimodal,homog,high,d_capacity_a0.0_b0.8_g0.2,5,253,238,15,0.9407114624505929,0.9809027777777778,0.6385416666666667,30,0.34458333333333335,0.23307291666666666,6876.141663738191,145.430395256917,217.747,"{'family': 'd_capacity', 'alpha': 0.0, 'beta': 0.8, 'gamma': 0.2}"
tune,bimodal,homog,high,d_capacity_a0.0_b1.0_g0.0,5,253,238,15,0.9407114624505929,0.9751736111111111,0.6357291666666666,30,0.33944444444444444,0.221875,10614.527436623508,94.21050592885376,132.067,"{'family': 'd_capacity', 'alpha': 0.0, 'beta': 1.0, 'gamma': 0.0}"
tune,bimodal,homog,high,d_capacity_a0.2_b0.2_g0.6,5,253,228,25,0.9011857707509882,0.9875,0.58875,30,0.40069444444444446,0.26171875,9267.983863304491,107.89833201581027,204.342,"{'family': 'd_capacity', 'alpha': 0.2, 'beta': 0.2, 'gamma': 0.6}"
tune,bimodal,homog,high,d_capacity_a0.2_b0.4_g0.4,5,253,228,25,0.9011857707509882,0.9875,0.58875,30,0.40069444444444446,0.26171875,9338.763842964072,107.08055335968379,205.364,"{'family': 'd_capacity', 'alpha': 0.2, 'beta': 0.4, 'gamma': 0.4}"
tune,bimodal,homog,high,d_capacity_a0.2_b0.6_g0.2,5,253,233,20,0.9209486166007905,0.9888888888888889,0.6170833333333333,30,0.37375,0.24348958333333334,8351.560421393991,119.73810276679842,204.623,"{'family': 'd_capacity', 'alpha': 0.2, 'beta': 0.6, 'gamma': 0.2}"
tune,bimodal,homog,high,d_capacity_a0.2_b0.8_g0.0,5,253,238,15,0.9407114624505929,0.9819444444444444,0.6347916666666666,30,0.3490972222222222,0.23502604166666666,12505.531720627214,79.96461264822135,122.67,"{'family': 'd_capacity', 'alpha': 0.2, 'beta': 0.8, 'gamma': 0.0}"
tune,bimodal,homog,high,d_capacity_a0.4_b0.0_g0.6,5,253,229,24,0.9051383399209486,0.9892361111111111,0.5929166666666668,30,0.40020833333333333,0.2584635416666667,10426.712594755842,95.90750592885377,182.542,"{'family': 'd_capacity', 'alpha': 0.4, 'beta': 0.0, 'gamma': 0.6}"
tune,bimodal,homog,high,d_capacity_a0.4_b0.2_g0.4,5,253,229,24,0.9051383399209486,0.9892361111111111,0.5929166666666668,30,0.40020833333333333,0.2584635416666667,9384.875912651361,106.55441897233202,205.785,"{'family': 'd_capacity', 'alpha': 0.4, 'beta': 0.2, 'gamma': 0.4}"
tune,bimodal,homog,high,d_capacity_a0.4_b0.4_g0.2,5,253,229,24,0.9051383399209486,0.9892361111111111,0.5929166666666668,30,0.40020833333333333,0.2584635416666667,9395.475428696418,106.434209486166,201.688,"{'family': 'd_capacity', 'alpha': 0.4, 'beta': 0.4, 'gamma': 0.2}"
tune,bimodal,homog,high,d_capacity_a0.4_b0.6_g0.0,5,253,228,25,0.9011857707509882,0.9875,0.58875,30,0.40069444444444446,0.26171875,14911.14724363023,67.06392094861661,115.245,"{'family': 'd_capacity', 'alpha': 0.4, 'beta': 0.6, 'gamma': 0.0}"
tune,bimodal,homog,high,d_capacity_a0.6_b0.0_g0.4,5,253,229,24,0.9051383399209486,0.9892361111111111,0.5929166666666668,30,0.40020833333333333,0.2584635416666667,10350.643386583233,96.61235177865613,182.631,"{'family': 'd_capacity', 'alpha': 0.6, 'beta': 0.0, 'gamma': 0.4}"
tune,bimodal,homog,high,d_capacity_a0.6_b0.2_g0.2,5,253,229,24,0.9051383399209486,0.9892361111111111,0.5929166666666668,30,0.40020833333333333,0.2584635416666667,9291.675386028714,107.62321739130435,204.824,"{'family': 'd_capacity', 'alpha': 0.6, 'beta': 0.2, 'gamma': 0.2}"
tune,bimodal,homog,high,d_capacity_a0.6_b0.4_g0.0,5,253,229,24,0.9051383399209486,0.9892361111111111,0.5929166666666668,30,0.40020833333333333,0.2584635416666667,16440.531381367888,60.82528458498024,111.208,"{'family': 'd_capacity', 'alpha': 0.6, 'beta': 0.4, 'gamma': 0.0}"
tune,bimodal,homog,high,d_capacity_a0.8_b0.0_g0.2,5,253,229,24,0.9051383399209486,0.9892361111111111,0.5929166666666668,30,0.40020833333333333,0.2584635416666667,10478.09041647759,95.4372371541502,181.619,"{'family': 'd_capacity', 'alpha': 0.8, 'beta': 0.0, 'gamma': 0.2}"
tune,bimodal,homog,high,d_capacity_a0.8_b0.2_g0.0,5,253,229,24,0.9051383399209486,0.9892361111111111,0.5929166666666668,30,0.40020833333333333,0.2584635416666667,16350.530558559974,61.16009486166008,112.28,"{'family': 'd_capacity', 'alpha': 0.8, 'beta': 0.2, 'gamma': 0.0}"
tune,bimodal,homog,high,binpack,6,253,227,26,0.8972332015810277,0.990451388888889,0.5880208333333333,30,0.404375,0.2610677083333333,21571.648953046024,46.35714229249012,85.621,{}
tune,bimodal,homog,high,hybrid_a0.1,6,253,232,21,0.9169960474308301,0.984548611111111,0.6113541666666666,30,0.37375,0.24869791666666666,12796.44442951807,78.14670750988142,118.942,"{'family': 'hybrid', 'alpha': 0.1}"
tune,bimodal,homog,high,hybrid_a0.2,6,253,230,23,0.9090909090909091,0.984201388888889,0.6073958333333334,30,0.37680555555555556,0.2513020833333333,13118.356142421377,76.22906324110672,115.927,"{'family': 'hybrid', 'alpha': 0.2}"
tune,bimodal,homog,high,hybrid_a0.3,6,253,230,23,0.9090909090909091,0.9873263888888889,0.6055208333333333,30,0.3818055555555555,0.2513020833333333,13643.581546931926,73.29453754940712,114.805,"{'family': 'hybrid', 'alpha': 0.3}"
tune,bimodal,homog,high,hybrid_a0.4,6,253,230,23,0.9090909090909091,0.9925347222222223,0.6023958333333332,30,0.39013888888888887,0.2513020833333333,15192.445043281654,65.82218972332016,112.781,"{'family': 'hybrid', 'alpha': 0.4}"
tune,bimodal,homog,high,hybrid_a0.5,6,253,226,27,0.8932806324110671,0.9876736111111111,0.5813541666666667,30,0.40826388888888887,0.2662760416666667,16157.906558634775,61.88920553359684,115.215,"{'family': 'hybrid', 'alpha': 0.5}"
tune,bimodal,homog,high,hybrid_a0.6,6,253,226,27,0.8932806324110671,0.9876736111111111,0.5813541666666667,30,0.41020833333333334,0.2662760416666667,16141.608223517764,61.95169565217391,116.378,"{'family': 'hybrid', 'alpha': 0.6}"
tune,bimodal,homog,high,hybrid_a0.7,6,253,226,27,0.8932806324110671,0.9876736111111111,0.5813541666666667,30,0.41020833333333334,0.2662760416666667,15944.802999438023,62.716359683794465,113.432,"{'family': 'hybrid', 'alpha': 0.7}"
tune,bimodal,homog,high,hybrid_a0.8,6,253,226,27,0.8932806324110671,0.9876736111111111,0.5813541666666667,30,0.41020833333333334,0.2662760416666667,16124.077645400303,62.01905138339921,114.935,"{'family': 'hybrid', 'alpha': 0.8}"
tune,bimodal,homog,high,hybrid_a0.9,6,253,226,27,0.8932806324110671,0.9876736111111111,0.5813541666666667,30,0.41020833333333334,0.2662760416666667,16107.430064626447,62.083150197628456,116.247,"{'family': 'hybrid', 'alpha': 0.9}"
tune,bimodal,homog,high,balance_l0.05,6,253,226,27,0.8932806324110671,0.9876736111111111,0.5813541666666667,30,0.41020833333333334,0.2662760416666667,19081.177210588317,52.40766798418972,98.665,"{'family': 'balance', 'lam': 0.05}"
tune,bimodal,homog,high,balance_l0.1,6,253,226,27,0.8932806324110671,0.9876736111111111,0.5813541666666667,30,0.41020833333333334,0.2662760416666667,19196.737192039378,52.092185770750994,95.348,"{'family': 'balance', 'lam': 0.1}"
tune,bimodal,homog,high,balance_l0.2,6,253,226,27,0.8932806324110671,0.9876736111111111,0.5813541666666667,30,0.41020833333333334,0.2662760416666667,19232.817359160854,51.994462450592884,98.464,"{'family': 'balance', 'lam': 0.2}"
tune,bimodal,homog,high,balance_l0.4,6,253,225,28,0.8893280632411067,0.9796875,0.5840625,30,0.41604166666666664,0.267578125,19494.08458552648,51.297612648221346,97.603,"{'family': 'balance', 'lam': 0.4}"
tune,bimodal,homog,high,balance_l0.8,6,253,230,23,0.9090909090909091,0.9883680555555556,0.6080208333333333,30,0.380625,0.24934895833333334,17864.897594593927,55.975691699604745,96.761,"{'family': 'balance', 'lam': 0.8}"
tune,bimodal,homog,high,wmatch_l0.05,6,253,227,26,0.8972332015810277,0.990451388888889,0.5880208333333333,30,0.404375,0.2610677083333333,13167.364172653393,75.94534387351779,141.915,"{'family': 'wmatch', 'lam': 0.05}"
tune,bimodal,homog,high,wmatch_l0.1,6,253,226,27,0.8932806324110671,0.9876736111111111,0.5813541666666667,30,0.41020833333333334,0.2662760416666667,13077.663123946679,76.46626086956522,142.356,"{'family': 'wmatch', 'lam': 0.1}"
tune,bimodal,homog,high,wmatch_l0.2,6,253,226,27,0.8932806324110671,0.9876736111111111,0.5813541666666667,30,0.41020833333333334,0.2662760416666667,13257.872805225972,75.4268814229249,138.69,"{'family': 'wmatch', 'lam': 0.2}"
tune,bimodal,homog,high,wmatch_l0.4,6,253,226,27,0.8932806324110671,0.9876736111111111,0.5813541666666667,30,0.41020833333333334,0.2662760416666667,13283.318750559489,75.28239130434783,138.64,"{'family': 'wmatch', 'lam': 0.4}"
tune,bimodal,homog,high,wmatch_l0.8,6,253,226,27,0.8932806324110671,0.9876736111111111,0.5813541666666667,30,0.41020833333333334,0.2662760416666667,13215.966496427955,75.66605138339922,143.839,"{'family': 'wmatch', 'lam': 0.8}"
tune,bimodal,homog,high,d_cheap_a0.0_b0.4_g0.6,6,253,226,27,0.8932806324110671,0.9876736111111111,0.5813541666666667,30,0.40826388888888887,0.2662760416666667,12388.531980015976,80.71981422924901,149.54,"{'family': 'd_cheap', 'alpha': 0.0, 'beta': 0.4, 'gamma': 0.6}"
tune,bimodal,homog,high,d_cheap_a0.0_b0.6_g0.4,6,253,231,22,0.9130434782608695,0.9901041666666667,0.6121875,30,0.3779166666666667,0.24609375,11246.578295232992,88.91593280632411,151.072,"{'family': 'd_cheap', 'alpha': 0.0, 'beta': 0.6, 'gamma': 0.4}"
tune,bimodal,homog,high,d_cheap_a0.0_b0.8_g0.2,6,253,233,20,0.9209486166007905,0.9821180555555556,0.6148958333333333,30,0.36916666666666664,0.24739583333333334,10079.491330701218,99.2113557312253,150.001,"{'family': 'd_cheap', 'alpha': 0.0, 'beta': 0.8, 'gamma': 0.2}"
tune,bimodal,homog,high,d_cheap_a0.0_b1.0_g0.0,6,253,236,17,0.932806324110672,0.9789930555555556,0.6261458333333334,30,0.353125,0.24153645833333334,11187.274983219088,89.38727272727272,126.186,"{'family': 'd_cheap', 'alpha': 0.0, 'beta': 1.0, 'gamma': 0.0}"
tune,bimodal,homog,high,d_cheap_a0.2_b0.2_g0.6,6,253,226,27,0.8932806324110671,0.9876736111111111,0.5813541666666667,30,0.41020833333333334,0.2662760416666667,12581.671458642406,79.48069565217392,145.251,"{'family': 'd_cheap', 'alpha': 0.2, 'beta': 0.2, 'gamma': 0.6}"
tune,bimodal,homog,high,d_cheap_a0.2_b0.4_g0.4,6,253,226,27,0.8932806324110671,0.9876736111111111,0.5813541666666667,30,0.41020833333333334,0.2662760416666667,12627.259568243551,79.19374703557313,142.456,"{'family': 'd_cheap', 'alpha': 0.2, 'beta': 0.4, 'gamma': 0.4}"
tune,bimodal,homog,high,d_cheap_a0.2_b0.6_g0.2,6,253,228,25,0.9011857707509882,0.9880208333333333,0.5978125,30,0.3902083333333334,0.255859375,11887.619054152428,84.12113438735177,142.396,"{'family': 'd_cheap', 'alpha': 0.2, 'beta': 0.6, 'gamma': 0.2}"
tune,bimodal,homog,high,d_cheap_a0.2_b0.8_g0.0,6,253,230,23,0.9090909090909091,0.984201388888889,0.6073958333333334,30,0.37680555555555556,0.2513020833333333,13088.527176490148,76.402790513834,117.961,"{'family': 'd_cheap', 'alpha': 0.2, 'beta': 0.8, 'gamma': 0.0}"
tune,bimodal,homog,high,d_cheap_a0.4_b0.0_g0.6,6,253,226,27,0.8932806324110671,0.9876736111111111,0.5813541666666667,30,0.41020833333333334,0.2662760416666667,14336.012562200163,69.75440316205533,126.056,"{'family': 'd_cheap', 'alpha': 0.4, 'beta': 0.0, 'gamma': 0.6}"
tune,bimodal,homog,high,d_cheap_a0.4_b0.2_g0.4,6,253,226,27,0.8932806324110671,0.9876736111111111,0.5813541666666667,30,0.41020833333333334,0.2662760416666667,12405.060225096438,80.61226482213438,148.388,"{'family': 'd_cheap', 'alpha': 0.4, 'beta': 0.2, 'gamma': 0.4}"
tune,bimodal,homog,high,d_cheap_a0.4_b0.4_g0.2,6,253,226,27,0.8932806324110671,0.9876736111111111,0.5813541666666667,30,0.41020833333333334,0.2662760416666667,12540.44976595704,79.74195652173914,147.806,"{'family': 'd_cheap', 'alpha': 0.4, 'beta': 0.4, 'gamma': 0.2}"
tune,bimodal,homog,high,d_cheap_a0.4_b0.6_g0.0,6,253,230,23,0.9090909090909091,0.9925347222222223,0.6023958333333332,30,0.39013888888888887,0.2513020833333333,15265.659277966899,65.50650592885376,116.969,"{'family': 'd_cheap', 'alpha': 0.4, 'beta': 0.6, 'gamma': 0.0}"
tune,bimodal,homog,high,d_cheap_a0.6_b0.0_g0.4,6,253,226,27,0.8932806324110671,0.9876736111111111,0.5813541666666667,30,0.41020833333333334,0.2662760416666667,14348.290982433722,69.6947114624506,129.802,"{'family': 'd_cheap', 'alpha': 0.6, 'beta': 0.0, 'gamma': 0.4}"
tune,bimodal,homog,high,d_cheap_a0.6_b0.2_g0.2,6,253,226,27,0.8932806324110671,0.9876736111111111,0.5813541666666667,30,0.41020833333333334,0.2662760416666667,12506.68032218197,79.95726877470355,143.539,"{'family': 'd_cheap', 'alpha': 0.6, 'beta': 0.2, 'gamma': 0.2}"
tune,bimodal,homog,high,d_cheap_a0.6_b0.4_g0.0,6,253,226,27,0.8932806324110671,0.9876736111111111,0.5813541666666667,30,0.41020833333333334,0.2662760416666667,16256.109936023533,61.51533201581028,113.893,"{'family': 'd_cheap', 'alpha': 0.6, 'beta': 0.4, 'gamma': 0.0}"
tune,bimodal,homog,high,d_cheap_a0.8_b0.0_g0.2,6,253,226,27,0.8932806324110671,0.9876736111111111,0.5813541666666667,30,0.41020833333333334,0.2662760416666667,14427.730897156796,69.31096837944663,124.603,"{'family': 'd_cheap', 'alpha': 0.8, 'beta': 0.0, 'gamma': 0.2}"
tune,bimodal,homog,high,d_cheap_a0.8_b0.2_g0.0,6,253,226,27,0.8932806324110671,0.9876736111111111,0.5813541666666667,30,0.41020833333333334,0.2662760416666667,16141.77815020837,61.95104347826087,112.541,"{'family': 'd_cheap', 'alpha': 0.8, 'beta': 0.2, 'gamma': 0.0}"
tune,bimodal,homog,high,d_capacity_a0.0_b0.4_g0.6,6,253,226,27,0.8932806324110671,0.9876736111111111,0.5813541666666667,30,0.40826388888888887,0.2662760416666667,9579.97272244763,104.38443083003952,194.153,"{'family': 'd_capacity', 'alpha': 0.0, 'beta': 0.4, 'gamma': 0.6}"
tune,bimodal,homog,high,d_capacity_a0.0_b0.6_g0.4,6,253,227,26,0.8972332015810277,0.9862847222222223,0.5936458333333333,30,0.39263888888888887,0.2591145833333333,8669.849426647093,115.34225691699605,200.906,"{'family': 'd_capacity', 'alpha': 0.0, 'beta': 0.6, 'gamma': 0.4}"
tune,bimodal,homog,high,d_capacity_a0.0_b0.8_g0.2,6,253,233,20,0.9209486166007905,0.9821180555555556,0.6148958333333333,30,0.36916666666666664,0.24739583333333334,7428.910901694778,134.60923320158102,207.298,"{'family': 'd_capacity', 'alpha': 0.0, 'beta': 0.8, 'gamma': 0.2}"
tune,bimodal,homog,high,d_capacity_a0.0_b1.0_g0.0,6,253,236,17,0.932806324110672,0.9789930555555556,0.6261458333333334,30,0.353125,0.24153645833333334,11042.347402287774,90.56045454545455,126.537,"{'family': 'd_capacity', 'alpha': 0.0, 'beta': 1.0, 'gamma': 0.0}"
tune,bimodal,homog,high,d_capacity_a0.2_b0.2_g0.6,6,253,226,27,0.8932806324110671,0.9876736111111111,0.5813541666666667,30,0.41020833333333334,0.2662760416666667,9642.804600189502,103.70426877470355,202.528,"{'family': 'd_capacity', 'alpha': 0.2, 'beta': 0.2, 'gamma': 0.6}"
tune,bimodal,homog,high,d_capacity_a0.2_b0.4_g0.4,6,253,226,27,0.8932806324110671,0.9876736111111111,0.5813541666666667,30,0.41020833333333334,0.2662760416666667,9664.287851233836,103.47373913043478,193.502,"{'family': 'd_capacity', 'alpha': 0.2, 'beta': 0.4, 'gamma': 0.4}"
tune,bimodal,homog,high,d_capacity_a0.2_b0.6_g0.2,6,253,229,24,0.9051383399209486,0.9866319444444444,0.6038541666666667,30,0.38277777777777783,0.2526041666666667,8687.122700320328,115.11291304347826,198.742,"{'family': 'd_capacity', 'alpha': 0.2, 'beta': 0.6, 'gamma': 0.2}"
tune,bimodal,homog,high,d_capacity_a0.2_b0.8_g0.0,6,253,230,23,0.9090909090909091,0.984201388888889,0.6073958333333334,30,0.37680555555555556,0.2513020833333333,13215.30171056149,75.66985770750989,117.851,"{'family': 'd_capacity', 'alpha': 0.2, 'beta': 0.8, 'gamma': 0.0}"
tune,bimodal,homog,high,d_capacity_a0.4_b0.0_g0.6,6,253,226,27,0.8932806324110671,0.9876736111111111,0.5813541666666667,30,0.41020833333333334,0.2662760416666667,10827.5672258185,92.35684980237154,175.769,"{'family': 'd_capacity', 'alpha': 0.4, 'beta': 0.0, 'gamma': 0.6}"
tune,bimodal,homog,high,d_capacity_a0.4_b0.2_g0.4,6,253,226,27,0.8932806324110671,0.9876736111111111,0.5813541666666667,30,0.41020833333333334,0.2662760416666667,9709.769240617754,102.98905928853755,191.358,"{'family': 'd_capacity', 'alpha': 0.4, 'beta': 0.2, 'gamma': 0.4}"
tune,bimodal,homog,high,d_capacity_a0.4_b0.4_g0.2,6,253,226,27,0.8932806324110671,0.9876736111111111,0.5813541666666667,30,0.41020833333333334,0.2662760416666667,9653.27865024424,103.59174703557312,195.857,"{'family': 'd_capacity', 'alpha': 0.4, 'beta': 0.4, 'gamma': 0.2}"
tune,bimodal,homog,high,d_capacity_a0.4_b0.6_g0.0,6,253,230,23,0.9090909090909091,0.9925347222222223,0.6023958333333332,30,0.39013888888888887,0.2513020833333333,15552.358613538581,64.29892885375494,109.615,"{'family': 'd_capacity', 'alpha': 0.4, 'beta': 0.6, 'gamma': 0.0}"
tune,bimodal,homog,high,d_capacity_a0.6_b0.0_g0.4,6,253,226,27,0.8932806324110671,0.9876736111111111,0.5813541666666667,30,0.41020833333333334,0.2662760416666667,10855.586248211992,92.11847035573123,175.399,"{'family': 'd_capacity', 'alpha': 0.6, 'beta': 0.0, 'gamma': 0.4}"
tune,bimodal,homog,high,d_capacity_a0.6_b0.2_g0.2,6,253,226,27,0.8932806324110671,0.9876736111111111,0.5813541666666667,30,0.41020833333333334,0.2662760416666667,9768.329962294247,102.3716442687747,190.135,"{'family': 'd_capacity', 'alpha': 0.6, 'beta': 0.2, 'gamma': 0.2}"
tune,bimodal,homog,high,d_capacity_a0.6_b0.4_g0.0,6,253,226,27,0.8932806324110671,0.9876736111111111,0.5813541666666667,30,0.41020833333333334,0.2662760416666667,16364.09688683729,61.109391304347824,110.036,"{'family': 'd_capacity', 'alpha': 0.6, 'beta': 0.4, 'gamma': 0.0}"
tune,bimodal,homog,high,d_capacity_a0.8_b0.0_g0.2,6,253,226,27,0.8932806324110671,0.9876736111111111,0.5813541666666667,30,0.41020833333333334,0.2662760416666667,10711.221736345775,93.36003162055336,175.909,"{'family': 'd_capacity', 'alpha': 0.8, 'beta': 0.0, 'gamma': 0.2}"
tune,bimodal,homog,high,d_capacity_a0.8_b0.2_g0.0,6,253,226,27,0.8932806324110671,0.9876736111111111,0.5813541666666667,30,0.41020833333333334,0.2662760416666667,16357.410320659552,61.13437154150198,111.799,"{'family': 'd_capacity', 'alpha': 0.8, 'beta': 0.2, 'gamma': 0.0}"
tune,bimodal,homog,high,binpack,7,253,231,22,0.9130434782608695,0.9869791666666666,0.6140625,30,0.38055555555555554,0.24609375,22590.128810164522,44.26712252964427,82.645,{}
tune,bimodal,homog,high,hybrid_a0.1,7,253,238,15,0.9407114624505929,0.9793402777777778,0.6363541666666667,30,0.3432638888888889,0.19700520833333332,12586.202427823726,79.45208300395258,115.937,"{'family': 'hybrid', 'alpha': 0.1}"
tune,bimodal,homog,high,hybrid_a0.2,7,253,239,14,0.9446640316205533,0.9836805555555556,0.6389583333333333,30,0.3447222222222222,0.19375,13109.101716680912,76.28287747035573,117.239,"{'family': 'hybrid', 'alpha': 0.2}"
tune,bimodal,homog,high,hybrid_a0.3,7,253,236,17,0.932806324110672,0.9883680555555556,0.6298958333333334,30,0.35874999999999996,0.23567708333333334,13809.44968087617,72.41418181818182,116.228,"{'family': 'hybrid', 'alpha': 0.3}"
tune,bimodal,homog,high,hybrid_a0.4,7,253,234,19,0.924901185770751,0.9932291666666667,0.6228125,30,0.3704166666666666,0.23828125,15462.216058250875,64.67378260869566,110.547,"{'family': 'hybrid', 'alpha': 0.4}"
tune,bimodal,homog,high,hybrid_a0.5,7,253,234,19,0.924901185770751,0.9932291666666667,0.6228125,30,0.37069444444444444,0.23828125,16717.252323334655,59.81844268774703,111.869,"{'family': 'hybrid', 'alpha': 0.5}"
tune,bimodal,homog,high,hybrid_a0.6,7,253,232,21,0.9169960474308301,0.993923611111111,0.6151041666666667,30,0.3788194444444445,0.24283854166666666,16912.56059108664,59.12765217391304,109.876,"{'family': 'hybrid', 'alpha': 0.6}"
tune,bimodal,homog,high,hybrid_a0.7,7,253,231,22,0.9130434782608695,0.9869791666666666,0.6140625,30,0.38055555555555554,0.24609375,16929.809211756783,59.067411067193675,110.025,"{'family': 'hybrid', 'alpha': 0.7}"
tune,bimodal,homog,high,hybrid_a0.8,7,253,231,22,0.9130434782608695,0.9869791666666666,0.6140625,30,0.38055555555555554,0.24609375,17056.981645069696,58.62701976284585,109.785,"{'family': 'hybrid', 'alpha': 0.8}"
tune,bimodal,homog,high,hybrid_a0.9,7,253,231,22,0.9130434782608695,0.9869791666666666,0.6140625,30,0.38055555555555554,0.24609375,17156.220201239074,58.28789723320158,108.162,"{'family': 'hybrid', 'alpha': 0.9}"
tune,bimodal,homog,high,balance_l0.05,7,253,231,22,0.9130434782608695,0.9869791666666666,0.6140625,30,0.38055555555555554,0.24609375,19832.062409070386,50.42339920948617,95.208,"{'family': 'balance', 'lam': 0.05}"
tune,bimodal,homog,high,balance_l0.1,7,253,231,22,0.9130434782608695,0.9869791666666666,0.6140625,30,0.38055555555555554,0.24609375,20037.110629639672,49.907395256917,93.685,"{'family': 'balance', 'lam': 0.1}"
tune,bimodal,homog,high,balance_l0.2,7,253,231,22,0.9130434782608695,0.9869791666666666,0.6140625,30,0.38083333333333336,0.24609375,20301.987652860727,49.25626086956522,92.173,"{'family': 'balance', 'lam': 0.2}"
tune,bimodal,homog,high,balance_l0.4,7,253,231,22,0.9130434782608695,0.9869791666666666,0.6140625,30,0.38083333333333336,0.24609375,20070.284072262224,49.82490513833992,92.933,"{'family': 'balance', 'lam': 0.4}"
tune,bimodal,homog,high,balance_l0.8,7,253,232,21,0.9169960474308301,0.984548611111111,0.6176041666666666,30,0.3729166666666667,0.24479166666666666,19474.366076670347,51.34955335968379,92.664,"{'family': 'balance', 'lam': 0.8}"
tune,bimodal,homog,high,wmatch_l0.05,7,253,231,22,0.9130434782608695,0.9869791666666666,0.6140625,30,0.38055555555555554,0.24609375,13842.890307952332,72.23924901185771,135.213,"{'family': 'wmatch', 'lam': 0.05}"
tune,bimodal,homog,high,wmatch_l0.1,7,253,231,22,0.9130434782608695,0.9869791666666666,0.6140625,30,0.38055555555555554,0.24609375,13848.146480329364,72.2118300395257,133.159,"{'family': 'wmatch', 'lam': 0.1}"
tune,bimodal,homog,high,wmatch_l0.2,7,253,231,22,0.9130434782608695,0.9869791666666666,0.6140625,30,0.38055555555555554,0.24609375,13564.82393448308,73.72008695652174,139.381,"{'family': 'wmatch', 'lam': 0.2}"
tune,bimodal,homog,high,wmatch_l0.4,7,253,231,22,0.9130434782608695,0.9869791666666666,0.6140625,30,0.38055555555555554,0.24609375,13574.61013505074,73.66694071146244,138.91,"{'family': 'wmatch', 'lam': 0.4}"
tune,bimodal,homog,high,wmatch_l0.8,7,253,231,22,0.9130434782608695,0.9869791666666666,0.6140625,30,0.38055555555555554,0.24609375,13558.039528919755,73.75697628458498,140.954,"{'family': 'wmatch', 'lam': 0.8}"
tune,bimodal,homog,high,d_cheap_a0.0_b0.4_g0.6,7,253,231,22,0.9130434782608695,0.9869791666666666,0.6140625,30,0.38083333333333336,0.24609375,12664.434922925151,78.96128063241107,147.265,"{'family': 'd_cheap', 'alpha': 0.0, 'beta': 0.4, 'gamma': 0.6}"
tune,bimodal,homog,high,d_cheap_a0.0_b0.6_g0.4,7,253,235,18,0.9288537549407114,0.9907986111111111,0.6263541666666668,30,0.36444444444444446,0.23697916666666666,11630.597868814764,85.98010276679841,145.372,"{'family': 'd_cheap', 'alpha': 0.0, 'beta': 0.6, 'gamma': 0.4}"
tune,bimodal,homog,high,d_cheap_a0.0_b0.8_g0.2,7,253,237,16,0.9367588932806324,0.9859375,0.6334375,30,0.3525,0.234375,10081.06973139687,99.19582213438734,153.497,"{'family': 'd_cheap', 'alpha': 0.0, 'beta': 0.8, 'gamma': 0.2}"
tune,bimodal,homog,high,d_cheap_a0.0_b1.0_g0.0,7,253,237,16,0.9367588932806324,0.9697916666666667,0.636875,30,0.33319444444444446,0.223828125,11264.194833349799,88.77687351778656,123.01,"{'family': 'd_cheap', 'alpha': 0.0, 'beta': 1.0, 'gamma': 0.0}"
tune,bimodal,homog,high,d_cheap_a0.2_b0.2_g0.6,7,253,231,22,0.9130434782608695,0.9869791666666666,0.6140625,30,0.38055555555555554,0.24609375,13152.336390393784,76.03211857707511,145.362,"{'family': 'd_cheap', 'alpha': 0.2, 'beta': 0.2, 'gamma': 0.6}"
tune,bimodal,homog,high,d_cheap_a0.2_b0.4_g0.4,7,253,232,21,0.9169960474308301,0.993923611111111,0.6151041666666667,30,0.37909722222222225,0.24283854166666666,13081.76090222578,76.44230830039527,141.325,"{'family': 'd_cheap', 'alpha': 0.2, 'beta': 0.4, 'gamma': 0.4}"
tune,bimodal,homog,high,d_cheap_a0.2_b0.6_g0.2,7,253,235,18,0.9288537549407114,0.9907986111111111,0.6263541666666668,30,0.36444444444444446,0.23697916666666666,11795.784662123036,84.77604743083003,142.707,"{'family': 'd_cheap', 'alpha': 0.2, 'beta': 0.6, 'gamma': 0.2}"
tune,bimodal,homog,high,d_cheap_a0.2_b0.8_g0.0,7,253,239,14,0.9446640316205533,0.9836805555555556,0.6389583333333333,30,0.3447222222222222,0.19375,13003.175344581578,76.90429249011858,114.634,"{'family': 'd_cheap', 'alpha': 0.2, 'beta': 0.8, 'gamma': 0.0}"
tune,bimodal,homog,high,d_cheap_a0.4_b0.0_g0.6,7,253,231,22,0.9130434782608695,0.9869791666666666,0.6140625,30,0.38055555555555554,0.24609375,14798.676869603709,67.57360869565217,126.105,"{'family': 'd_cheap', 'alpha': 0.4, 'beta': 0.0, 'gamma': 0.6}"
tune,bimodal,homog,high,d_cheap_a0.4_b0.2_g0.4,7,253,231,22,0.9130434782608695,0.9869791666666666,0.6140625,30,0.38055555555555554,0.24609375,12979.82980621422,77.04261264822135,144.2,"{'family': 'd_cheap', 'alpha': 0.4, 'beta': 0.2, 'gamma': 0.4}"
tune,bimodal,homog,high,d_cheap_a0.4_b0.4_g0.2,7,253,232,21,0.9169960474308301,0.993923611111111,0.6151041666666667,30,0.3788194444444445,0.24283854166666666,12803.185635007898,78.10556126482213,147.335,"{'family': 'd_cheap', 'alpha': 0.4, 'beta': 0.4, 'gamma': 0.2}"
tune,bimodal,homog,high,d_cheap_a0.4_b0.6_g0.0,7,253,234,19,0.924901185770751,0.9932291666666667,0.6228125,30,0.3704166666666666,0.23828125,15317.022097256307,65.2868418972332,110.998,"{'family': 'd_cheap', 'alpha': 0.4, 'beta': 0.6, 'gamma': 0.0}"
tune,bimodal,homog,high,d_cheap_a0.6_b0.0_g0.4,7,253,231,22,0.9130434782608695,0.9869791666666666,0.6140625,30,0.38055555555555554,0.24609375,14788.380611532857,67.6206561264822,125.455,"{'family': 'd_cheap', 'alpha': 0.6, 'beta': 0.0, 'gamma': 0.4}"
tune,bimodal,homog,high,d_cheap_a0.6_b0.2_g0.2,7,253,231,22,0.9130434782608695,0.9869791666666666,0.6140625,30,0.38055555555555554,0.24609375,12678.632154995626,78.87286166007905,147.646,"{'family': 'd_cheap', 'alpha': 0.6, 'beta': 0.2, 'gamma': 0.2}"
tune,bimodal,homog,high,d_cheap_a0.6_b0.4_g0.0,7,253,232,21,0.9169960474308301,0.993923611111111,0.6151041666666667,30,0.3788194444444445,0.24283854166666666,17085.333881864844,58.52973122529644,109.034,"{'family': 'd_cheap', 'alpha': 0.6, 'beta': 0.4, 'gamma': 0.0}"
tune,bimodal,homog,high,d_cheap_a0.8_b0.0_g0.2,7,253,231,22,0.9130434782608695,0.9869791666666666,0.6140625,30,0.38055555555555554,0.24609375,14915.42658355846,67.04467984189723,126.016,"{'family': 'd_cheap', 'alpha': 0.8, 'beta': 0.0, 'gamma': 0.2}"
tune,bimodal,homog,high,d_cheap_a0.8_b0.2_g0.0,7,253,231,22,0.9130434782608695,0.9869791666666666,0.6140625,30,0.38055555555555554,0.24609375,17061.029324942276,58.61311067193676,110.036,"{'family': 'd_cheap', 'alpha': 0.8, 'beta': 0.2, 'gamma': 0.0}"
tune,bimodal,homog,high,d_capacity_a0.0_b0.4_g0.6,7,253,234,19,0.924901185770751,0.9932291666666667,0.6228125,30,0.37069444444444444,0.23828125,9734.048481948206,102.73217786561266,198.852,"{'family': 'd_capacity', 'alpha': 0.0, 'beta': 0.4, 'gamma': 0.6}"
tune,bimodal,homog,high,d_capacity_a0.0_b0.6_g0.4,7,253,234,19,0.924901185770751,0.9890625,0.6221875,30,0.366875,0.240234375,8714.919049252623,114.74575889328064,199.954,"{'family': 'd_capacity', 'alpha': 0.0, 'beta': 0.6, 'gamma': 0.4}"
tune,bimodal,homog,high,d_capacity_a0.0_b0.8_g0.2,7,253,238,15,0.9407114624505929,0.9793402777777778,0.6363541666666667,30,0.3429861111111111,0.158984375,7319.535266793878,136.6206956521739,211.365,"{'family': 'd_capacity', 'alpha': 0.0, 'beta': 0.8, 'gamma': 0.2}"
tune,bimodal,homog,high,d_capacity_a0.0_b1.0_g0.0,7,253,237,16,0.9367588932806324,0.9697916666666667,0.636875,30,0.33319444444444446,0.223828125,11094.378916715901,90.13573517786561,124.433,"{'family': 'd_capacity', 'alpha': 0.0, 'beta': 1.0, 'gamma': 0.0}"
tune,bimodal,homog,high,d_capacity_a0.2_b0.2_g0.6,7,253,231,22,0.9130434782608695,0.9869791666666666,0.6140625,30,0.38055555555555554,0.24609375,9804.500963495673,101.99397233201582,197.89,"{'family': 'd_capacity', 'alpha': 0.2, 'beta': 0.2, 'gamma': 0.6}"
tune,bimodal,homog,high,d_capacity_a0.2_b0.4_g0.4,7,253,232,21,0.9169960474308301,0.993923611111111,0.6151041666666667,30,0.37909722222222225,0.24283854166666666,9734.879221893028,102.72341106719368,195.876,"{'family': 'd_capacity', 'alpha': 0.2, 'beta': 0.4, 'gamma': 0.4}"
tune,bimodal,homog,high,d_capacity_a0.2_b0.6_g0.2,7,253,235,18,0.9288537549407114,0.9907986111111111,0.6263541666666668,30,0.36444444444444446,0.23697916666666666,8755.298642717615,114.21654940711463,199.253,"{'family': 'd_capacity', 'alpha': 0.2, 'beta': 0.6, 'gamma': 0.2}"
tune,bimodal,homog,high,d_capacity_a0.2_b0.8_g0.0,7,253,239,14,0.9446640316205533,0.9836805555555556,0.6389583333333333,30,0.3447222222222222,0.19375,12844.09808362503,77.85677075098815,116.488,"{'family': 'd_capacity', 'alpha': 0.2, 'beta': 0.8, 'gamma': 0.0}"
tune,bimodal,homog,high,d_capacity_a0.4_b0.0_g0.6,7,253,231,22,0.9130434782608695,0.9869791666666666,0.6140625,30,0.38055555555555554,0.24609375,10704.001773564247,93.42300395256918,182.051,"{'family': 'd_capacity', 'alpha': 0.4, 'beta': 0.0, 'gamma': 0.6}"
tune,bimodal,homog,high,d_capacity_a0.4_b0.2_g0.4,7,253,231,22,0.9130434782608695,0.9869791666666666,0.6140625,30,0.38055555555555554,0.24609375,9661.821727703284,103.50015019762846,200.425,"{'family': 'd_capacity', 'alpha': 0.4, 'beta': 0.2, 'gamma': 0.4}"
tune,bimodal,homog,high,d_capacity_a0.4_b0.4_g0.2,7,253,232,21,0.9169960474308301,0.993923611111111,0.6151041666666667,30,0.3788194444444445,0.24283854166666666,9602.59964006572,104.13846640316204,197.76,"{'family': 'd_capacity', 'alpha': 0.4, 'beta': 0.4, 'gamma': 0.2}"
tune,bimodal,homog,high,d_capacity_a0.4_b0.6_g0.0,7,253,234,19,0.924901185770751,0.9932291666666667,0.6228125,30,0.3704166666666666,0.23828125,15187.857590002763,65.84207114624506,111.749,"{'family': 'd_capacity', 'alpha': 0.4, 'beta': 0.6, 'gamma': 0.0}"
tune,bimodal,homog,high,d_capacity_a0.6_b0.0_g0.4,7,253,231,22,0.9130434782608695,0.9869791666666666,0.6140625,30,0.38055555555555554,0.24609375,10641.64447308949,93.97043873517786,180.587,"{'family': 'd_capacity', 'alpha': 0.6, 'beta': 0.0, 'gamma': 0.4}"
tune,bimodal,homog,high,d_capacity_a0.6_b0.2_g0.2,7,253,231,22,0.9130434782608695,0.9869791666666666,0.6140625,30,0.38055555555555554,0.24609375,9616.254434689668,103.99059288537549,199.313,"{'family': 'd_capacity', 'alpha': 0.6, 'beta': 0.2, 'gamma': 0.2}"
tune,bimodal,homog,high,d_capacity_a0.6_b0.4_g0.0,7,253,232,21,0.9169960474308301,0.993923611111111,0.6151041666666667,30,0.3788194444444445,0.24283854166666666,16669.706307447894,59.989059288537554,111.068,"{'family': 'd_capacity', 'alpha': 0.6, 'beta': 0.4, 'gamma': 0.0}"
tune,bimodal,homog,high,d_capacity_a0.8_b0.0_g0.2,7,253,231,22,0.9130434782608695,0.9869791666666666,0.6140625,30,0.38055555555555554,0.24609375,10661.952594598806,93.79145059288538,180.698,"{'family': 'd_capacity', 'alpha': 0.8, 'beta': 0.0, 'gamma': 0.2}"
tune,bimodal,homog,high,d_capacity_a0.8_b0.2_g0.0,7,253,231,22,0.9130434782608695,0.9869791666666666,0.6140625,30,0.38055555555555554,0.24609375,16778.06172270904,59.60164031620553,108.192,"{'family': 'd_capacity', 'alpha': 0.8, 'beta': 0.2, 'gamma': 0.0}"
tune,bimodal,homog,high,binpack,8,253,231,22,0.9130434782608695,0.9869791666666666,0.6015625,30,0.38999999999999996,0.25390625,22209.12888247175,45.02652964426878,82.304,{}
tune,bimodal,homog,high,hybrid_a0.1,8,253,240,13,0.9486166007905138,0.9838541666666667,0.6440625,30,0.3400694444444445,0.20950520833333333,12508.086378965847,79.94828063241107,114.645,"{'family': 'hybrid', 'alpha': 0.1}"
tune,bimodal,homog,high,hybrid_a0.2,8,253,239,14,0.9446640316205533,0.990451388888889,0.6348958333333333,30,0.3555555555555555,0.23177083333333334,12920.62771575763,77.39562055335968,114.905,"{'family': 'hybrid', 'alpha': 0.2}"
tune,bimodal,homog,high,hybrid_a0.3,8,253,236,17,0.932806324110672,0.9894097222222222,0.6261458333333334,30,0.3632638888888889,0.23763020833333334,13565.950600743727,73.71396442687747,113.051,"{'family': 'hybrid', 'alpha': 0.3}"
tune,bimodal,homog,high,hybrid_a0.4,8,253,235,18,0.9288537549407114,0.9918402777777777,0.6163541666666668,30,0.3754861111111111,0.24283854166666666,14260.74549991748,70.12256126482212,114.985,"{'family': 'hybrid', 'alpha': 0.4}"
tune,bimodal,homog,high,hybrid_a0.5,8,253,230,23,0.9090909090909091,0.9852430555555556,0.5973958333333333,30,0.38979166666666665,0.2571614583333333,16362.931634572145,61.11374308300395,112.971,"{'family': 'hybrid', 'alpha': 0.5}"
tune,bimodal,homog,high,hybrid_a0.6,8,253,231,22,0.9130434782608695,0.9869791666666666,0.6015625,30,0.3873611111111111,0.25390625,16480.8435273539,60.67650592885375,111.108,"{'family': 'hybrid', 'alpha': 0.6}"
tune,bimodal,homog,high,hybrid_a0.7,8,253,231,22,0.9130434782608695,0.9869791666666666,0.6015625,30,0.38999999999999996,0.25390625,16500.81930154967,60.603051383399205,111.268,"{'family': 'hybrid', 'alpha': 0.7}"
tune,bimodal,homog,high,hybrid_a0.8,8,253,231,22,0.9130434782608695,0.9869791666666666,0.6015625,30,0.38999999999999996,0.25390625,16550.166793627595,60.42235177865613,112.22,"{'family': 'hybrid', 'alpha': 0.8}"
tune,bimodal,homog,high,hybrid_a0.9,8,253,231,22,0.9130434782608695,0.9869791666666666,0.6015625,30,0.38999999999999996,0.25390625,16530.87716297217,60.49285770750988,111.368,"{'family': 'hybrid', 'alpha': 0.9}"
tune,bimodal,homog,high,balance_l0.05,8,253,226,27,0.8932806324110671,0.9746527777777777,0.5860416666666667,30,0.4170833333333333,0.2682291666666667,19814.764066857362,50.46741897233201,94.447,"{'family': 'balance', 'lam': 0.05}"
tune,bimodal,homog,high,balance_l0.1,8,253,226,27,0.8932806324110671,0.9746527777777777,0.5860416666666667,30,0.4170833333333333,0.2682291666666667,19885.686385119407,50.28742687747035,94.096,"{'family': 'balance', 'lam': 0.1}"
tune,bimodal,homog,high,balance_l0.2,8,253,226,27,0.8932806324110671,0.9746527777777777,0.5860416666666667,30,0.4170833333333333,0.2682291666666667,19701.390770233273,50.75783794466403,95.038,"{'family': 'balance', 'lam': 0.2}"
tune,bimodal,homog,high,balance_l0.4,8,253,226,27,0.8932806324110671,0.9746527777777777,0.5860416666666667,30,0.4173611111111111,0.2682291666666667,19963.106915930384,50.092403162055334,93.865,"{'family': 'balance', 'lam': 0.4}"
tune,bimodal,homog,high,balance_l0.8,8,253,234,19,0.924901185770751,0.9890625,0.6096874999999999,30,0.37937499999999996,0.248046875,17512.07052339218,57.103470355731226,93.976,"{'family': 'balance', 'lam': 0.8}"
tune,bimodal,homog,high,wmatch_l0.05,8,253,231,22,0.9130434782608695,0.9869791666666666,0.6015625,30,0.38999999999999996,0.25390625,13653.970291227313,73.23877075098814,140.934,"{'family': 'wmatch', 'lam': 0.05}"
tune,bimodal,homog,high,wmatch_l0.1,8,253,231,22,0.9130434782608695,0.9869791666666666,0.6015625,30,0.38999999999999996,0.25390625,13723.796498988995,72.86613438735178,136.545,"{'family': 'wmatch', 'lam': 0.1}"
tune,bimodal,homog,high,wmatch_l0.2,8,253,231,22,0.9130434782608695,0.9869791666666666,0.6015625,30,0.38999999999999996,0.25390625,13645.931969689418,73.28191304347826,138.589,"{'family': 'wmatch', 'lam': 0.2}"
tune,bimodal,homog,high,wmatch_l0.4,8,253,226,27,0.8932806324110671,0.9746527777777777,0.5860416666666667,30,0.4170833333333333,0.2682291666666667,13740.880983821007,72.77553754940712,137.227,"{'family': 'wmatch', 'lam': 0.4}"
tune,bimodal,homog,high,wmatch_l0.8,8,253,226,27,0.8932806324110671,0.9746527777777777,0.5860416666666667,30,0.4170833333333333,0.2682291666666667,13696.933316182392,73.00904347826086,136.956,"{'family': 'wmatch', 'lam': 0.8}"
tune,bimodal,homog,high,d_cheap_a0.0_b0.4_g0.6,8,253,231,22,0.9130434782608695,0.984375,0.603125,30,0.38416666666666666,0.25390625,12660.052081352593,78.98861660079051,144.77,"{'family': 'd_cheap', 'alpha': 0.0, 'beta': 0.4, 'gamma': 0.6}"
tune,bimodal,homog,high,d_cheap_a0.0_b0.6_g0.4,8,253,236,17,0.932806324110672,0.9894097222222222,0.6261458333333334,30,0.3632638888888889,0.23763020833333334,10663.479143414943,93.77802371541502,145.603,"{'family': 'd_cheap', 'alpha': 0.0, 'beta': 0.6, 'gamma': 0.4}"
tune,bimodal,homog,high,d_cheap_a0.0_b0.8_g0.2,8,253,239,14,0.9446640316205533,0.9821180555555556,0.6398958333333333,30,0.3458333333333333,0.23177083333333334,9926.657693962085,100.7388418972332,147.867,"{'family': 'd_cheap', 'alpha': 0.0, 'beta': 0.8, 'gamma': 0.2}"
tune,bimodal,homog,high,d_cheap_a0.0_b1.0_g0.0,8,253,238,15,0.9407114624505929,0.9657986111111111,0.6413541666666667,30,0.32472222222222225,0.20221354166666666,11313.267829363547,88.391790513834,123.401,"{'family': 'd_cheap', 'alpha': 0.0, 'beta': 1.0, 'gamma': 0.0}"
tune,bimodal,homog,high,d_cheap_a0.2_b0.2_g0.6,8,253,231,22,0.9130434782608695,0.9869791666666666,0.6015625,30,0.38930555555555557,0.25390625,12838.184678656686,77.8926324110672,142.166,"{'family': 'd_cheap', 'alpha': 0.2, 'beta': 0.2, 'gamma': 0.6}"
tune,bimodal,homog,high,d_cheap_a0.2_b0.4_g0.4,8,253,230,23,0.9090909090909091,0.9852430555555556,0.5973958333333333,30,0.3917361111111111,0.2571614583333333,12666.81836808823,78.94642292490119,144.48,"{'family': 'd_cheap', 'alpha': 0.2, 'beta': 0.4, 'gamma': 0.4}"
tune,bimodal,homog,high,d_cheap_a0.2_b0.6_g0.2,8,253,235,18,0.9288537549407114,0.9892361111111111,0.6179166666666667,30,0.3713194444444445,0.24283854166666666,10478.003192436356,95.43803162055336,146.454,"{'family': 'd_cheap', 'alpha': 0.2, 'beta': 0.6, 'gamma': 0.2}"
tune,bimodal,homog,high,d_cheap_a0.2_b0.8_g0.0,8,253,239,14,0.9446640316205533,0.990451388888889,0.6348958333333333,30,0.3555555555555555,0.23177083333333334,12895.939099360865,77.543790513834,116.908,"{'family': 'd_cheap', 'alpha': 0.2, 'beta': 0.8, 'gamma': 0.0}"
tune,bimodal,homog,high,d_cheap_a0.4_b0.0_g0.6,8,253,226,27,0.8932806324110671,0.9746527777777777,0.5860416666666667,30,0.4170833333333333,0.2682291666666667,14862.494026364184,67.2834584980237,124.263,"{'family': 'd_cheap', 'alpha': 0.4, 'beta': 0.0, 'gamma': 0.6}"
tune,bimodal,homog,high,d_cheap_a0.4_b0.2_g0.4,8,253,226,27,0.8932806324110671,0.9746527777777777,0.5860416666666667,30,0.4170833333333333,0.2682291666666667,12806.302198968631,78.08655335968379,146.083,"{'family': 'd_cheap', 'alpha': 0.4, 'beta': 0.2, 'gamma': 0.4}"
tune,bimodal,homog,high,d_cheap_a0.4_b0.4_g0.2,8,253,230,23,0.9090909090909091,0.9852430555555556,0.5973958333333333,30,0.3917361111111111,0.2571614583333333,12744.64941333306,78.46430039525691,143.178,"{'family': 'd_cheap', 'alpha': 0.4, 'beta': 0.4, 'gamma': 0.2}"
tune,bimodal,homog,high,d_cheap_a0.4_b0.6_g0.0,8,253,235,18,0.9288537549407114,0.9918402777777777,0.6163541666666668,30,0.3754861111111111,0.24283854166666666,14050.154832150909,71.17359288537548,117.139,"{'family': 'd_cheap', 'alpha': 0.4, 'beta': 0.6, 'gamma': 0.0}"
tune,bimodal,homog,high,d_cheap_a0.6_b0.0_g0.4,8,253,226,27,0.8932806324110671,0.9746527777777777,0.5860416666666667,30,0.4170833333333333,0.2682291666666667,14798.941752827608,67.57239920948616,122.519,"{'family': 'd_cheap', 'alpha': 0.6, 'beta': 0.0, 'gamma': 0.4}"
tune,bimodal,homog,high,d_cheap_a0.6_b0.2_g0.2,8,253,231,22,0.9130434782608695,0.9869791666666666,0.6015625,30,0.38999999999999996,0.25390625,12800.821195447947,78.1199881422925,143.048,"{'family': 'd_cheap', 'alpha': 0.6, 'beta': 0.2, 'gamma': 0.2}"
tune,bimodal,homog,high,d_cheap_a0.6_b0.4_g0.0,8,253,231,22,0.9130434782608695,0.9869791666666666,0.6015625,30,0.3873611111111111,0.25390625,16300.349072297526,61.34837944664032,113.973,"{'family': 'd_cheap', 'alpha': 0.6, 'beta': 0.4, 'gamma': 0.0}"
tune,bimodal,homog,high,d_cheap_a0.8_b0.0_g0.2,8,253,226,27,0.8932806324110671,0.9746527777777777,0.5860416666666667,30,0.4170833333333333,0.2682291666666667,14763.880615409895,67.73286956521738,125.776,"{'family': 'd_cheap', 'alpha': 0.8, 'beta': 0.0, 'gamma': 0.2}"
tune,bimodal,homog,high,d_cheap_a0.8_b0.2_g0.0,8,253,231,22,0.9130434782608695,0.9869791666666666,0.6015625,30,0.38999999999999996,0.25390625,16621.22655454456,60.16403162055336,111.679,"{'family': 'd_cheap', 'alpha': 0.8, 'beta': 0.2, 'gamma': 0.0}"
tune,bimodal,homog,high,d_capacity_a0.0_b0.4_g0.6,8,253,230,23,0.9090909090909091,0.9852430555555556,0.5973958333333333,30,0.3917361111111111,0.2571614583333333,9862.356969998593,101.39564031620553,192.369,"{'family': 'd_capacity', 'alpha': 0.0, 'beta': 0.4, 'gamma': 0.6}"
tune,bimodal,homog,high,d_capacity_a0.0_b0.6_g0.4,8,253,236,17,0.932806324110672,0.9894097222222222,0.6261458333333334,30,0.3632638888888889,0.23763020833333334,7999.680518687902,125.00499209486166,198.061,"{'family': 'd_capacity', 'alpha': 0.0, 'beta': 0.6, 'gamma': 0.4}"
tune,bimodal,homog,high,d_capacity_a0.0_b0.8_g0.2,8,253,237,16,0.9367588932806324,0.9869791666666666,0.6296875,30,0.36090277777777774,0.236328125,7404.042800518025,135.06134782608694,203.391,"{'family': 'd_capacity', 'alpha': 0.0, 'beta': 0.8, 'gamma': 0.2}"
tune,bimodal,homog,high,d_capacity_a0.0_b1.0_g0.0,8,253,238,15,0.9407114624505929,0.9657986111111111,0.6413541666666667,30,0.32472222222222225,0.20221354166666666,11368.958797050918,87.95880237154151,123.151,"{'family': 'd_capacity', 'alpha': 0.0, 'beta': 1.0, 'gamma': 0.0}"
tune,bimodal,homog,high,d_capacity_a0.2_b0.2_g0.6,8,253,231,22,0.9130434782608695,0.9869791666666666,0.6015625,30,0.38999999999999996,0.25390625,9795.55476950208,102.08712252964428,194.213,"{'family': 'd_capacity', 'alpha': 0.2, 'beta': 0.2, 'gamma': 0.6}"
tune,bimodal,homog,high,d_capacity_a0.2_b0.4_g0.4,8,253,230,23,0.9090909090909091,0.9852430555555556,0.5973958333333333,30,0.3917361111111111,0.2571614583333333,9767.035360026628,102.38521343873518,197.8,"{'family': 'd_capacity', 'alpha': 0.2, 'beta': 0.4, 'gamma': 0.4}"
tune,bimodal,homog,high,d_capacity_a0.2_b0.6_g0.2,8,253,236,17,0.932806324110672,0.9894097222222222,0.6261458333333334,30,0.3632638888888889,0.23763020833333334,7984.5950966065,125.24116600790514,201.257,"{'family': 'd_capacity', 'alpha': 0.2, 'beta': 0.6, 'gamma': 0.2}"
tune,bimodal,homog,high,d_capacity_a0.2_b0.8_g0.0,8,253,239,14,0.9446640316205533,0.990451388888889,0.6348958333333333,30,0.3555555555555555,0.23177083333333334,12920.578227028042,77.39591699604742,113.392,"{'family': 'd_capacity', 'alpha': 0.2, 'beta': 0.8, 'gamma': 0.0}"
tune,bimodal,homog,high,d_capacity_a0.4_b0.0_g0.6,8,253,226,27,0.8932806324110671,0.9746527777777777,0.5860416666666667,30,0.4170833333333333,0.2682291666666667,10923.01647950747,91.5498023715415,173.635,"{'family': 'd_capacity', 'alpha': 0.4, 'beta': 0.0, 'gamma': 0.6}"
tune,bimodal,homog,high,d_capacity_a0.4_b0.2_g0.4,8,253,231,22,0.9130434782608695,0.9869791666666666,0.6015625,30,0.38999999999999996,0.25390625,9857.009851516419,101.45064426877471,192.58,"{'family': 'd_capacity', 'alpha': 0.4, 'beta': 0.2, 'gamma': 0.4}"
tune,bimodal,homog,high,d_capacity_a0.4_b0.4_g0.2,8,253,230,23,0.9090909090909091,0.9852430555555556,0.5973958333333333,30,0.38979166666666665,0.2571614583333333,9758.032799100965,102.47967193675889,194.845,"{'family': 'd_capacity', 'alpha': 0.4, 'beta': 0.4, 'gamma': 0.2}"
tune,bimodal,homog,high,d_capacity_a0.4_b0.6_g0.0,8,253,235,18,0.9288537549407114,0.9918402777777777,0.6163541666666668,30,0.3754861111111111,0.24283854166666666,14121.13567866234,70.81583399209487,114.614,"{'family': 'd_capacity', 'alpha': 0.4, 'beta': 0.6, 'gamma': 0.0}"
tune,bimodal,homog,high,d_capacity_a0.6_b0.0_g0.4,8,253,226,27,0.8932806324110671,0.9746527777777777,0.5860416666666667,30,0.4170833333333333,0.2682291666666667,10877.872704295907,91.92973913043478,180.487,"{'family': 'd_capacity', 'alpha': 0.6, 'beta': 0.0, 'gamma': 0.4}"
tune,bimodal,homog,high,d_capacity_a0.6_b0.2_g0.2,8,253,231,22,0.9130434782608695,0.9869791666666666,0.6015625,30,0.38999999999999996,0.25390625,9744.476711201363,102.6222371541502,196.157,"{'family': 'd_capacity', 'alpha': 0.6, 'beta': 0.2, 'gamma': 0.2}"
tune,bimodal,homog,high,d_capacity_a0.6_b0.4_g0.0,8,253,231,22,0.9130434782608695,0.9869791666666666,0.6015625,30,0.3873611111111111,0.25390625,16283.402778077236,61.412225296442685,111.649,"{'family': 'd_capacity', 'alpha': 0.6, 'beta': 0.4, 'gamma': 0.0}"
tune,bimodal,homog,high,d_capacity_a0.8_b0.0_g0.2,8,253,231,22,0.9130434782608695,0.9869791666666666,0.6015625,30,0.38999999999999996,0.25390625,10851.928735169531,92.14951778656126,182.08,"{'family': 'd_capacity', 'alpha': 0.8, 'beta': 0.0, 'gamma': 0.2}"
tune,bimodal,homog,high,d_capacity_a0.8_b0.2_g0.0,8,253,231,22,0.9130434782608695,0.9869791666666666,0.6015625,30,0.38999999999999996,0.25390625,16574.448097083026,60.33383399209487,111.238,"{'family': 'd_capacity', 'alpha': 0.8, 'beta': 0.2, 'gamma': 0.0}"
tune,bimodal,homog,high,binpack,9,253,232,21,0.9169960474308301,0.9892361111111111,0.5991666666666667,30,0.3960416666666667,0.22239583333333332,22093.299041273076,45.2625928853755,83.466,{}
tune,bimodal,homog,high,hybrid_a0.1,9,253,238,15,0.9407114624505929,0.9699652777777777,0.6388541666666666,30,0.33111111111111113,0.049609375,12529.110993215314,79.81412252964427,117.72,"{'family': 'hybrid', 'alpha': 0.1}"
tune,bimodal,homog,high,hybrid_a0.2,9,253,238,15,0.9407114624505929,0.976736111111111,0.6379166666666667,30,0.34076388888888887,0.10755208333333334,13207.643895192072,75.71373122529644,112.53,"{'family': 'hybrid', 'alpha': 0.2}"
tune,bimodal,homog,high,hybrid_a0.3,9,253,239,14,0.9446640316205533,0.9888888888888889,0.6389583333333333,30,0.35020833333333334,0.17200520833333333,13830.48288721006,72.30405533596839,113.773,"{'family': 'hybrid', 'alpha': 0.3}"
tune,bimodal,homog,high,hybrid_a0.4,9,253,237,16,0.9367588932806324,0.9895833333333334,0.625,30,0.3645833333333333,0.196875,14527.321441562759,68.83581422924901,115.726,"{'family': 'hybrid', 'alpha': 0.4}"
tune,bimodal,homog,high,hybrid_a0.5,9,253,233,20,0.9209486166007905,0.9909722222222223,0.6033333333333334,30,0.38763888888888887,0.21653645833333332,16542.94548648291,60.448727272727275,113.412,"{'family': 'hybrid', 'alpha': 0.5}"
tune,bimodal,homog,high,hybrid_a0.6,9,253,233,20,0.9209486166007905,0.9909722222222223,0.6033333333333334,30,0.38763888888888887,0.219140625,16471.14613265952,60.712229249011855,110.407,"{'family': 'hybrid', 'alpha': 0.6}"
tune,bimodal,homog,high,hybrid_a0.7,9,253,233,20,0.9209486166007905,0.9909722222222223,0.6033333333333334,30,0.38763888888888887,0.219140625,16556.333645067938,60.39984584980237,112.611,"{'family': 'hybrid', 'alpha': 0.7}"
tune,bimodal,homog,high,hybrid_a0.8,9,253,232,21,0.9169960474308301,0.9892361111111111,0.5991666666666667,30,0.3960416666666667,0.22239583333333332,16578.263459010766,60.31994861660079,109.936,"{'family': 'hybrid', 'alpha': 0.8}"
tune,bimodal,homog,high,hybrid_a0.9,9,253,232,21,0.9169960474308301,0.9892361111111111,0.5991666666666667,30,0.3960416666666667,0.22239583333333332,16635.967935848552,60.110719367588935,112.821,"{'family': 'hybrid', 'alpha': 0.9}"
tune,bimodal,homog,high,balance_l0.05,9,253,232,21,0.9169960474308301,0.9892361111111111,0.5991666666666667,30,0.3960416666666667,0.22239583333333332,19721.773328850595,50.70537944664032,94.637,"{'family': 'balance', 'lam': 0.05}"
tune,bimodal,homog,high,balance_l0.1,9,253,232,21,0.9169960474308301,0.9892361111111111,0.5991666666666667,30,0.3960416666666667,0.22239583333333332,19561.1876656274,51.121640316205536,95.378,"{'family': 'balance', 'lam': 0.1}"
tune,bimodal,homog,high,balance_l0.2,9,253,232,21,0.9169960474308301,0.9892361111111111,0.5991666666666667,30,0.3960416666666667,0.22239583333333332,19649.035605139816,50.89308300395257,94.357,"{'family': 'balance', 'lam': 0.2}"
tune,bimodal,homog,high,balance_l0.4,9,253,232,21,0.9169960474308301,0.9881944444444444,0.5966666666666666,30,0.3975,0.20989583333333334,19452.60522667667,51.40699604743083,95.388,"{'family': 'balance', 'lam': 0.4}"
tune,bimodal,homog,high,balance_l0.8,9,253,234,19,0.924901185770751,0.9885416666666667,0.606875,30,0.38166666666666665,0.18958333333333333,17864.48131572964,55.97699604743083,95.959,"{'family': 'balance', 'lam': 0.8}"
tune,bimodal,homog,high,wmatch_l0.05,9,253,232,21,0.9169960474308301,0.9892361111111111,0.5991666666666667,30,0.3960416666666667,0.22239583333333332,13452.872116412753,74.33356916996048,138.099,"{'family': 'wmatch', 'lam': 0.05}"
tune,bimodal,homog,high,wmatch_l0.1,9,253,232,21,0.9169960474308301,0.9892361111111111,0.5991666666666667,30,0.3960416666666667,0.22239583333333332,13548.521700983163,73.808790513834,138.669,"{'family': 'wmatch', 'lam': 0.1}"
tune,bimodal,homog,high,wmatch_l0.2,9,253,232,21,0.9169960474308301,0.9892361111111111,0.5991666666666667,30,0.3960416666666667,0.22239583333333332,13521.95010678332,73.9538300395257,138.059,"{'family': 'wmatch', 'lam': 0.2}"
tune,bimodal,homog,high,wmatch_l0.4,9,253,232,21,0.9169960474308301,0.9892361111111111,0.5991666666666667,30,0.3960416666666667,0.22239583333333332,13638.3772940101,73.32250592885376,135.954,"{'family': 'wmatch', 'lam': 0.4}"
tune,bimodal,homog,high,wmatch_l0.8,9,253,232,21,0.9169960474308301,0.9892361111111111,0.5991666666666667,30,0.3960416666666667,0.22239583333333332,13542.03337431449,73.84415415019762,139.642,"{'family': 'wmatch', 'lam': 0.8}"
tune,bimodal,homog,high,d_cheap_a0.0_b0.4_g0.6,9,253,233,20,0.9209486166007905,0.9909722222222223,0.6033333333333334,30,0.38763888888888887,0.219140625,12790.930471939831,78.180395256917,144.33,"{'family': 'd_cheap', 'alpha': 0.0, 'beta': 0.4, 'gamma': 0.6}"
tune,bimodal,homog,high,d_cheap_a0.0_b0.6_g0.4,9,253,238,15,0.9407114624505929,0.9871527777777778,0.6347916666666666,30,0.35236111111111107,0.13645833333333332,11146.168920762722,89.71692490118578,145.732,"{'family': 'd_cheap', 'alpha': 0.0, 'beta': 0.6, 'gamma': 0.4}"
tune,bimodal,homog,high,d_cheap_a0.0_b0.8_g0.2,9,253,239,14,0.9446640316205533,0.9836805555555556,0.6389583333333333,30,0.3466666666666667,0.13333333333333333,10078.966110014266,99.2165256916996,149.76,"{'family': 'd_cheap', 'alpha': 0.0, 'beta': 0.8, 'gamma': 0.2}"
tune,bimodal,homog,high,d_cheap_a0.0_b1.0_g0.0,9,253,236,17,0.932806324110672,0.9586805555555556,0.6352083333333333,30,0.32347222222222227,0.03893229166666667,10746.303600746533,93.05525296442688,128.841,"{'family': 'd_cheap', 'alpha': 0.0, 'beta': 1.0, 'gamma': 0.0}"
tune,bimodal,homog,high,d_cheap_a0.2_b0.2_g0.6,9,253,233,20,0.9209486166007905,0.9909722222222223,0.6033333333333334,30,0.38763888888888887,0.219140625,12662.45795926322,78.97360869565217,146.293,"{'family': 'd_cheap', 'alpha': 0.2, 'beta': 0.2, 'gamma': 0.6}"
tune,bimodal,homog,high,d_cheap_a0.2_b0.4_g0.4,9,253,233,20,0.9209486166007905,0.9909722222222223,0.6033333333333334,30,0.38763888888888887,0.219140625,12662.157570591402,78.97548221343874,145.202,"{'family': 'd_cheap', 'alpha': 0.2, 'beta': 0.4, 'gamma': 0.4}"
tune,bimodal,homog,high,d_cheap_a0.2_b0.6_g0.2,9,253,239,14,0.9446640316205533,0.9836805555555556,0.6389583333333333,30,0.3447222222222222,0.12265625,10962.123480305223,91.22320158102767,143.86,"{'family': 'd_cheap', 'alpha': 0.2, 'beta': 0.6, 'gamma': 0.2}"
tune,bimodal,homog,high,d_cheap_a0.2_b0.8_g0.0,9,253,238,15,0.9407114624505929,0.976736111111111,0.6379166666666667,30,0.34076388888888887,0.10755208333333334,13274.777398248569,75.3308300395257,113.322,"{'family': 'd_cheap', 'alpha': 0.2, 'beta': 0.8, 'gamma': 0.0}"
tune,bimodal,homog,high,d_cheap_a0.4_b0.0_g0.6,9,253,232,21,0.9169960474308301,0.9892361111111111,0.5991666666666667,30,0.3960416666666667,0.22239583333333332,14933.706443823497,66.96261264822134,126.616,"{'family': 'd_cheap', 'alpha': 0.4, 'beta': 0.0, 'gamma': 0.6}"
tune,bimodal,homog,high,d_cheap_a0.4_b0.2_g0.4,9,253,233,20,0.9209486166007905,0.9909722222222223,0.6033333333333334,30,0.38763888888888887,0.219140625,13274.521780106026,75.33228063241107,140.232,"{'family': 'd_cheap', 'alpha': 0.4, 'beta': 0.2, 'gamma': 0.4}"
tune,bimodal,homog,high,d_cheap_a0.4_b0.4_g0.2,9,253,233,20,0.9209486166007905,0.9909722222222223,0.6033333333333334,30,0.38763888888888887,0.219140625,13065.076163197156,76.53992885375494,142.196,"{'family': 'd_cheap', 'alpha': 0.4, 'beta': 0.4, 'gamma': 0.2}"
tune,bimodal,homog,high,d_cheap_a0.4_b0.6_g0.0,9,253,237,16,0.9367588932806324,0.9895833333333334,0.625,30,0.3645833333333333,0.196875,14936.349602206046,66.95076284584981,109.245,"{'family': 'd_cheap', 'alpha': 0.4, 'beta': 0.6, 'gamma': 0.0}"
tune,bimodal,homog,high,d_cheap_a0.6_b0.0_g0.4,9,253,232,21,0.9169960474308301,0.9892361111111111,0.5991666666666667,30,0.3960416666666667,0.22239583333333332,15250.340058472093,65.57230830039526,121.487,"{'family': 'd_cheap', 'alpha': 0.6, 'beta': 0.0, 'gamma': 0.4}"
tune,bimodal,homog,high,d_cheap_a0.6_b0.2_g0.2,9,253,233,20,0.9209486166007905,0.9909722222222223,0.6033333333333334,30,0.38763888888888887,0.219140625,13246.003947623312,75.49446640316205,139.151,"{'family': 'd_cheap', 'alpha': 0.6, 'beta': 0.2, 'gamma': 0.2}"
tune,bimodal,homog,high,d_cheap_a0.6_b0.4_g0.0,9,253,233,20,0.9209486166007905,0.9909722222222223,0.6033333333333334,30,0.38763888888888887,0.219140625,16893.91655406838,59.19290513833992,108.843,"{'family': 'd_cheap', 'alpha': 0.6, 'beta': 0.4, 'gamma': 0.0}"
tune,bimodal,homog,high,d_cheap_a0.8_b0.0_g0.2,9,253,232,21,0.9169960474308301,0.9892361111111111,0.5991666666666667,30,0.3960416666666667,0.22239583333333332,14923.697728937635,67.00752173913044,125.494,"{'family': 'd_cheap', 'alpha': 0.8, 'beta': 0.0, 'gamma': 0.2}"
tune,bimodal,homog,high,d_cheap_a0.8_b0.2_g0.0,9,253,232,21,0.9169960474308301,0.9892361111111111,0.5991666666666667,30,0.3960416666666667,0.22239583333333332,16948.254433626516,59.00312648221344,109.355,"{'family': 'd_cheap', 'alpha': 0.8, 'beta': 0.2, 'gamma': 0.0}"
tune,bimodal,homog,high,d_capacity_a0.0_b0.4_g0.6,9,253,233,20,0.9209486166007905,0.9909722222222223,0.6033333333333334,30,0.38763888888888887,0.219140625,9989.946481132169,100.10063636363637,192.71,"{'family': 'd_capacity', 'alpha': 0.0, 'beta': 0.4, 'gamma': 0.6}"
tune,bimodal,homog,high,d_capacity_a0.0_b0.6_g0.4,9,253,239,14,0.9446640316205533,0.9888888888888889,0.6389583333333333,30,0.3499305555555556,0.17265625,8623.737700394104,115.959,195.566,"{'family': 'd_capacity', 'alpha': 0.0, 'beta': 0.6, 'gamma': 0.4}"
tune,bimodal,homog,high,d_capacity_a0.0_b0.8_g0.2,9,253,239,14,0.9446640316205533,0.9810763888888889,0.6405208333333333,30,0.3425,0.104296875,7758.506458680633,128.8907865612648,199.233,"{'family': 'd_capacity', 'alpha': 0.0, 'beta': 0.8, 'gamma': 0.2}"
tune,bimodal,homog,high,d_capacity_a0.0_b1.0_g0.0,9,253,236,17,0.932806324110672,0.9586805555555556,0.6352083333333333,30,0.32347222222222227,0.03893229166666667,10945.446467140839,91.36219367588933,128.671,"{'family': 'd_capacity', 'alpha': 0.0, 'beta': 1.0, 'gamma': 0.0}"
tune,bimodal,homog,high,d_capacity_a0.2_b0.2_g0.6,9,253,233,20,0.9209486166007905,0.9909722222222223,0.6033333333333334,30,0.38763888888888887,0.219140625,9756.161517302919,102.49932806324111,198.541,"{'family': 'd_capacity', 'alpha': 0.2, 'beta': 0.2, 'gamma': 0.6}"
tune,bimodal,homog,high,d_capacity_a0.2_b0.4_g0.4,9,253,233,20,0.9209486166007905,0.9909722222222223,0.6033333333333334,30,0.38763888888888887,0.219140625,9759.939060946499,102.4596561264822,195.747,"{'family': 'd_capacity', 'alpha': 0.2, 'beta': 0.4, 'gamma': 0.4}"
tune,bimodal,homog,high,d_capacity_a0.2_b0.6_g0.2,9,253,239,14,0.9446640316205533,0.9888888888888889,0.6389583333333333,30,0.3499305555555556,0.15950520833333334,8362.053793125102,119.58784584980236,200.084,"{'family': 'd_capacity', 'alpha': 0.2, 'beta': 0.6, 'gamma': 0.2}"
tune,bimodal,homog,high,d_capacity_a0.2_b0.8_g0.0,9,253,238,15,0.9407114624505929,0.976736111111111,0.6379166666666667,30,0.34076388888888887,0.10755208333333334,13272.579543146272,75.34330434782608,113.953,"{'family': 'd_capacity', 'alpha': 0.2, 'beta': 0.8, 'gamma': 0.0}"
tune,bimodal,homog,high,d_capacity_a0.4_b0.0_g0.6,9,253,232,21,0.9169960474308301,0.9892361111111111,0.5991666666666667,30,0.3960416666666667,0.22239583333333332,10792.59909248319,92.65608695652175,177.171,"{'family': 'd_capacity', 'alpha': 0.4, 'beta': 0.0, 'gamma': 0.6}"
tune,bimodal,homog,high,d_capacity_a0.4_b0.2_g0.4,9,253,233,20,0.9209486166007905,0.9909722222222223,0.6033333333333334,30,0.38763888888888887,0.219140625,9568.968644078277,104.50447035573123,201.076,"{'family': 'd_capacity', 'alpha': 0.4, 'beta': 0.2, 'gamma': 0.4}"
tune,bimodal,homog,high,d_capacity_a0.4_b0.4_g0.2,9,253,233,20,0.9209486166007905,0.9909722222222223,0.6033333333333334,30,0.38763888888888887,0.219140625,9718.117363283469,102.90058893280631,196.939,"{'family': 'd_capacity', 'alpha': 0.4, 'beta': 0.4, 'gamma': 0.2}"
tune,bimodal,homog,high,d_capacity_a0.4_b0.6_g0.0,9,253,237,16,0.9367588932806324,0.9895833333333334,0.625,30,0.3645833333333333,0.196875,14493.659425011898,68.99568774703557,113.001,"{'family': 'd_capacity', 'alpha': 0.4, 'beta': 0.6, 'gamma': 0.0}"
tune,bimodal,homog,high,d_capacity_a0.6_b0.0_g0.4,9,253,232,21,0.9169960474308301,0.9892361111111111,0.5991666666666667,30,0.3960416666666667,0.22239583333333332,10914.105044249147,91.62455335968379,176.199,"{'family': 'd_capacity', 'alpha': 0.6, 'beta': 0.0, 'gamma': 0.4}"
tune,bimodal,homog,high,d_capacity_a0.6_b0.2_g0.2,9,253,233,20,0.9209486166007905,0.9909722222222223,0.6033333333333334,30,0.38763888888888887,0.219140625,9736.860760658956,102.70250592885375,196.047,"{'family': 'd_capacity', 'alpha': 0.6, 'beta': 0.2, 'gamma': 0.2}"
tune,bimodal,homog,high,d_capacity_a0.6_b0.4_g0.0,9,253,233,20,0.9209486166007905,0.9909722222222223,0.6033333333333334,30,0.38763888888888887,0.219140625,16441.38823803881,60.82211462450593,113.713,"{'family': 'd_capacity', 'alpha': 0.6, 'beta': 0.4, 'gamma': 0.0}"
tune,bimodal,homog,high,d_capacity_a0.8_b0.0_g0.2,9,253,232,21,0.9169960474308301,0.9892361111111111,0.5991666666666667,30,0.3960416666666667,0.22239583333333332,10881.568790181162,91.8985138339921,176.601,"{'family': 'd_capacity', 'alpha': 0.8, 'beta': 0.0, 'gamma': 0.2}"
tune,bimodal,homog,high,d_capacity_a0.8_b0.2_g0.0,9,253,232,21,0.9169960474308301,0.9892361111111111,0.5991666666666667,30,0.3960416666666667,0.22239583333333332,16543.10233386557,60.44815415019763,110.807,"{'family': 'd_capacity', 'alpha': 0.8, 'beta': 0.2, 'gamma': 0.0}"
